TrainCategory,TrainId,FromStation,DepartureFromStation,ToStation,ArrivalToStation,Demand,Distance_KM,Electrified
L,6,Start,254,AR/86,254,0,0.0,true
L,6,AR/86,254,VJ/86,304,54,82.8,false
L,6,VJ/86,306,FA/86,321,58,25.7,false
L,6,FA/86,327,CPH/86,452,246,230.2,true
L,6,CPH/86,452,End,452,0,0.0,true
L,10,Start,320,AR/86,320,0,0.0,true
L,10,AR/86,320,VJ/86,364,153,82.8,false
L,10,VJ/86,366,FA/86,381,203,25.7,false
L,10,FA/86,387,CPH/86,512,614,230.2,true
L,10,CPH/86,512,End,512,0,0.0,true
L,11,Start,303,OD/86,303,0,0.0,true
L,11,OD/86,303,FA/86,334,10,60.3,true
L,11,FA/86,338,VJ/86,351,15,25.7,false
L,11,VJ/86,353,AR/86,398,69,82.8,false
L,11,AR/86,398,End,398,0,0.0,true
L,14,Start,380,AR/86,380,0,0.0,true
L,14,AR/86,380,VJ/86,424,413,82.8,false
L,14,VJ/86,426,FA/86,441,462,25.7,false
L,14,FA/86,447,CPH/86,572,663,230.2,true
L,14,CPH/86,572,End,572,0,0.0,true
L,15,Start,366,OD/86,366,0,0.0,true
L,15,OD/86,366,FA/86,394,92,60.3,true
L,15,FA/86,396,VJ/86,409,126,25.7,false
L,15,VJ/86,411,AR/86,455,182,82.8,false
L,15,AR/86,455,End,455,0,0.0,true
L,18,Start,440,AR/86,440,0,0.0,true
L,18,AR/86,440,VJ/86,484,485,82.8,false
L,18,VJ/86,486,FA/86,501,467,25.7,false
L,18,FA/86,507,CPH/86,632,492,230.2,true
L,18,CPH/86,632,End,632,0,0.0,true
L,19,Start,326,CPH/86,326,0,0.0,true
L,19,CPH/86,326,FA/86,454,332,230.2,true
L,19,FA/86,458,VJ/86,471,300,25.7,false
L,19,VJ/86,473,AR/86,518,232,82.8,false
L,19,AR/86,518,End,518,0,0.0,true
L,22,Start,500,AR/86,500,0,0.0,true
L,22,AR/86,500,VJ/86,544,280,82.8,false
L,22,VJ/86,546,FA/86,561,268,25.7,false
L,22,FA/86,567,CPH/86,692,337,230.2,true
L,22,CPH/86,692,End,692,0,0.0,true
L,23,Start,386,CPH/86,386,0,0.0,true
L,23,CPH/86,386,FA/86,514,414,230.2,true
L,23,FA/86,518,VJ/86,531,253,25.7,false
L,23,VJ/86,533,AR/86,578,226,82.8,false
L,23,AR/86,578,End,578,0,0.0,true
L,26,Start,560,AR/86,560,0,0.0,true
L,26,AR/86,560,VJ/86,604,226,82.8,false
L,26,VJ/86,606,FA/86,621,257,25.7,false
L,26,FA/86,627,CPH/86,752,373,230.2,true
L,26,CPH/86,752,End,752,0,0.0,true
L,27,Start,446,CPH/86,446,0,0.0,true
L,27,CPH/86,446,FA/86,574,482,230.2,true
L,27,FA/86,578,VJ/86,591,231,25.7,false
L,27,VJ/86,593,AR/86,638,195,82.8,false
L,27,AR/86,638,End,638,0,0.0,true
L,30,Start,620,AR/86,620,0,0.0,true
L,30,AR/86,620,VJ/86,664,253,82.8,false
L,30,VJ/86,666,FA/86,681,278,25.7,false
L,30,FA/86,687,CPH/86,812,333,230.2,true
L,30,CPH/86,812,End,812,0,0.0,true
L,31,Start,506,CPH/86,506,0,0.0,true
L,31,CPH/86,506,FA/86,634,350,230.2,true
L,31,FA/86,638,VJ/86,651,227,25.7,false
L,31,VJ/86,653,AR/86,698,218,82.8,false
L,31,AR/86,698,End,698,0,0.0,true
L,34,Start,680,AR/86,680,0,0.0,true
L,34,AR/86,680,VJ/86,724,226,82.8,false
L,34,VJ/86,726,FA/86,741,248,25.7,false
L,34,FA/86,747,CPH/86,872,348,230.2,true
L,34,CPH/86,872,End,872,0,0.0,true
L,35,Start,566,CPH/86,566,0,0.0,true
L,35,CPH/86,566,FA/86,694,237,230.2,true
L,35,FA/86,698,VJ/86,711,160,25.7,false
L,35,VJ/86,713,AR/86,758,146,82.8,false
L,35,AR/86,758,End,758,0,0.0,true
L,38,Start,740,AR/86,740,0,0.0,true
L,38,AR/86,740,VJ/86,784,221,82.8,false
L,38,VJ/86,786,FA/86,801,229,25.7,false
L,38,FA/86,807,CPH/86,932,388,230.2,true
L,38,CPH/86,932,End,932,0,0.0,true
L,39,Start,626,CPH/86,626,0,0.0,true
L,39,CPH/86,626,FA/86,754,322,230.2,true
L,39,FA/86,758,VJ/86,771,295,25.7,false
L,39,VJ/86,773,AR/86,818,263,82.8,false
L,39,AR/86,818,End,818,0,0.0,true
L,42,Start,800,AR/86,800,0,0.0,true
L,42,AR/86,800,VJ/86,844,267,82.8,false
L,42,VJ/86,846,FA/86,861,298,25.7,false
L,42,FA/86,867,CPH/86,992,419,230.2,true
L,42,CPH/86,992,End,992,0,0.0,true
L,43,Start,686,CPH/86,686,0,0.0,true
L,43,CPH/86,686,FA/86,814,324,230.2,true
L,43,FA/86,818,VJ/86,831,278,25.7,false
L,43,VJ/86,833,AR/86,878,261,82.8,false
L,43,AR/86,878,End,878,0,0.0,true
L,46,Start,860,AR/86,860,0,0.0,true
L,46,AR/86,860,VJ/86,904,247,82.8,false
L,46,VJ/86,906,FA/86,921,264,25.7,false
L,46,FA/86,927,CPH/86,1052,409,230.2,true
L,46,CPH/86,1052,End,1052,0,0.0,true
L,47,Start,746,CPH/86,746,0,0.0,true
L,47,CPH/86,746,FA/86,874,365,230.2,true
L,47,FA/86,878,VJ/86,891,383,25.7,false
L,47,VJ/86,893,AR/86,938,305,82.8,false
L,47,AR/86,938,End,938,0,0.0,true
L,50,Start,920,AR/86,920,0,0.0,true
L,50,AR/86,920,VJ/86,964,306,82.8,false
L,50,VJ/86,966,FA/86,981,360,25.7,false
L,50,FA/86,987,CPH/86,1112,494,230.2,true
L,50,CPH/86,1112,End,1112,0,0.0,true
L,51,Start,806,CPH/86,806,0,0.0,true
L,51,CPH/86,806,FA/86,934,386,230.2,true
L,51,FA/86,938,VJ/86,951,322,25.7,false
L,51,VJ/86,953,AR/86,998,298,82.8,false
L,51,AR/86,998,End,998,0,0.0,true
L,54,Start,980,AR/86,980,0,0.0,true
L,54,AR/86,980,VJ/86,1024,340,82.8,false
L,54,VJ/86,1026,FA/86,1041,385,25.7,false
L,54,FA/86,1047,CPH/86,1172,393,230.2,true
L,54,CPH/86,1172,End,1172,0,0.0,true
L,55,Start,866,CPH/86,866,0,0.0,true
L,55,CPH/86,866,FA/86,994,441,230.2,true
L,55,FA/86,998,VJ/86,1011,379,25.7,false
L,55,VJ/86,1013,AR/86,1058,330,82.8,false
L,55,AR/86,1058,End,1058,0,0.0,true
L,58,Start,1040,AR/86,1040,0,0.0,true
L,58,AR/86,1040,VJ/86,1084,251,82.8,false
L,58,VJ/86,1086,FA/86,1101,280,25.7,false
L,58,FA/86,1107,CPH/86,1232,309,230.2,true
L,58,CPH/86,1232,End,1232,0,0.0,true
L,59,Start,926,CPH/86,926,0,0.0,true
L,59,CPH/86,926,FA/86,1054,653,230.2,true
L,59,FA/86,1058,VJ/86,1071,407,25.7,false
L,59,VJ/86,1073,AR/86,1118,355,82.8,false
L,59,AR/86,1118,End,1118,0,0.0,true
L,62,Start,1100,AR/86,1100,0,0.0,true
L,62,AR/86,1100,VJ/86,1144,147,82.8,false
L,62,VJ/86,1146,FA/86,1161,139,25.7,false
L,62,FA/86,1167,CPH/86,1292,205,230.2,true
L,62,CPH/86,1292,End,1292,0,0.0,true
L,63,Start,986,CPH/86,986,0,0.0,true
L,63,CPH/86,986,FA/86,1114,589,230.2,true
L,63,FA/86,1118,VJ/86,1131,364,25.7,false
L,63,VJ/86,1133,AR/86,1178,337,82.8,false
L,63,AR/86,1178,End,1178,0,0.0,true
L,66,Start,1160,AR/86,1160,0,0.0,true
L,66,AR/86,1160,VJ/86,1204,106,82.8,false
L,66,VJ/86,1206,FA/86,1221,119,25.7,false
L,66,FA/86,1227,CPH/86,1352,182,230.2,true
L,66,CPH/86,1352,End,1352,0,0.0,true
L,67,Start,1047,CPH/86,1047,0,0.0,true
L,67,CPH/86,1047,FA/86,1174,380,230.2,true
L,67,FA/86,1178,VJ/86,1191,270,25.7,false
L,67,VJ/86,1193,AR/86,1238,233,82.8,false
L,67,AR/86,1238,End,1238,0,0.0,true
L,70,Start,1220,AR/86,1220,0,0.0,true
L,70,AR/86,1220,VJ/86,1264,183,82.8,false
L,70,VJ/86,1266,FA/86,1281,173,25.7,false
L,70,FA/86,1287,CPH/86,1412,170,230.2,true
L,70,CPH/86,1412,End,1412,0,0.0,true
L,71,Start,1106,CPH/86,1106,0,0.0,true
L,71,CPH/86,1106,FA/86,1234,232,230.2,true
L,71,FA/86,1238,VJ/86,1251,208,25.7,false
L,71,VJ/86,1253,AR/86,1298,205,82.8,false
L,71,AR/86,1298,End,1298,0,0.0,true
L,74,Start,1280,AR/86,1280,0,0.0,true
L,74,AR/86,1280,VJ/86,1324,38,82.8,false
L,74,VJ/86,1326,FA/86,1341,15,25.7,false
L,74,FA/86,1341,End,1341,0,0.0,true
L,75,Start,1166,CPH/86,1166,0,0.0,true
L,75,CPH/86,1166,FA/86,1294,248,230.2,true
L,75,FA/86,1298,VJ/86,1311,161,25.7,false
L,75,VJ/86,1313,AR/86,1358,131,82.8,false
L,75,AR/86,1358,End,1358,0,0.0,true
L,79,Start,1226,CPH/86,1226,0,0.0,true
L,79,CPH/86,1226,FA/86,1354,308,230.2,true
L,79,FA/86,1358,VJ/86,1371,116,25.7,false
L,79,VJ/86,1373,AR/86,1418,115,82.8,false
L,79,AR/86,1418,End,1418,0,0.0,true
IC,100,Start,249,OD/86,249,0,0.0,true
IC,100,OD/86,249,KK/86,361,141,163.4,true
IC,100,KK/86,361,End,361,0,0.0,true
IC,101,Start,35,KH/86,35,0,0.0,true
IC,101,KH/86,35,FA/86,177,115,220.6,true
IC,101,FA/86,183,AR/86,248,69,108.5,false
IC,101,AR/86,248,End,248,0,0.0,true
IC,104,Start,296,FA/86,296,0,0.0,true
IC,104,FA/86,296,KK/86,439,319,223.7,true
IC,104,KK/86,439,End,439,0,0.0,true
IC,107,Start,155,KH/86,155,0,0.0,true
IC,107,KH/86,155,FA/86,295,53,220.6,true
IC,107,FA/86,305,AR/86,365,96,108.5,false
IC,107,AR/86,365,End,365,0,0.0,true
IC,112,Start,416,FA/86,416,0,0.0,true
IC,112,FA/86,416,HGL/86,565,391,225.8,true
IC,112,HGL/86,565,End,565,0,0.0,true
IC,113,Start,230,KH/86,230,0,0.0,true
IC,113,KH/86,230,FA/86,362,49,220.6,true
IC,113,FA/86,362,End,362,0,0.0,true
IC,116,Start,476,FA/86,476,0,0.0,true
IC,116,FA/86,476,HGL/86,625,169,225.8,true
IC,116,HGL/86,625,End,625,0,0.0,true
IC,117,Start,290,KH/86,290,0,0.0,true
IC,117,KH/86,290,FA/86,422,107,220.6,true
IC,117,FA/86,422,End,422,0,0.0,true
IC,120,Start,470,AR/86,470,0,0.0,true
IC,120,AR/86,470,FA/86,531,254,108.5,false
IC,120,FA/86,536,KK/86,679,146,223.7,true
IC,120,KK/86,679,End,679,0,0.0,true
IC,121,Start,350,KH/86,350,0,0.0,true
IC,121,KH/86,350,FA/86,482,212,220.6,true
IC,121,FA/86,482,End,482,0,0.0,true
IC,124,Start,596,FA/86,596,0,0.0,true
IC,124,FA/86,596,KH/86,730,135,220.6,true
IC,124,KH/86,730,End,730,0,0.0,true
IC,125,Start,401,KK/86,401,0,0.0,true
IC,125,KK/86,401,FA/86,542,305,223.7,true
IC,125,FA/86,549,AR/86,608,115,108.5,false
IC,125,AR/86,608,End,608,0,0.0,true
IC,128,Start,656,FA/86,656,0,0.0,true
IC,128,FA/86,656,KK/86,799,125,223.7,true
IC,128,KK/86,799,End,799,0,0.0,true
IC,129,Start,461,KK/86,461,0,0.0,true
IC,129,KK/86,461,FA/86,602,252,223.7,true
IC,129,FA/86,602,End,602,0,0.0,true
IC,132,Start,716,FA/86,716,0,0.0,true
IC,132,FA/86,716,HGL/86,869,165,225.8,true
IC,132,HGL/86,869,End,869,0,0.0,true
IC,133,Start,515,HGL/86,515,0,0.0,true
IC,133,HGL/86,515,FA/86,662,151,225.8,true
IC,133,FA/86,662,End,662,0,0.0,true
IC,136,Start,710,AR/86,710,0,0.0,true
IC,136,AR/86,710,FA/86,771,103,108.5,false
IC,136,FA/86,776,HGL/86,929,250,225.8,true
IC,136,HGL/86,929,End,929,0,0.0,true
IC,137,Start,590,KH/86,590,0,0.0,true
IC,137,KH/86,590,FA/86,722,85,220.6,true
IC,137,FA/86,722,End,722,0,0.0,true
IC,140,Start,836,FA/86,836,0,0.0,true
IC,140,FA/86,836,KK/86,979,236,223.7,true
IC,140,KK/86,979,End,979,0,0.0,true
IC,141,Start,650,KH/86,650,0,0.0,true
IC,141,KH/86,650,FA/86,782,121,220.6,true
IC,141,FA/86,789,AR/86,848,111,108.5,false
IC,141,AR/86,848,End,848,0,0.0,true
IC,144,Start,896,FA/86,896,0,0.0,true
IC,144,FA/86,896,HGL/86,1049,262,225.8,true
IC,144,HGL/86,1049,End,1049,0,0.0,true
IC,145,Start,701,KK/86,701,0,0.0,true
IC,145,KK/86,701,FA/86,842,123,223.7,true
IC,145,FA/86,842,End,842,0,0.0,true
IC,148,Start,956,FA/86,956,0,0.0,true
IC,148,FA/86,956,KK/86,1099,187,223.7,true
IC,148,KK/86,1099,End,1099,0,0.0,true
IC,149,Start,761,KK/86,761,0,0.0,true
IC,149,KK/86,761,FA/86,902,141,223.7,true
IC,149,FA/86,902,End,902,0,0.0,true
IC,152,Start,950,AR/86,950,0,0.0,true
IC,152,AR/86,950,FA/86,1011,149,108.5,false
IC,152,FA/86,1016,KH/86,1150,145,220.6,true
IC,152,KH/86,1150,End,1150,0,0.0,true
IC,153,Start,821,KK/86,821,0,0.0,true
IC,153,KK/86,821,FA/86,962,241,223.7,true
IC,153,FA/86,962,End,962,0,0.0,true
IC,156,Start,1076,FA/86,1076,0,0.0,true
IC,156,FA/86,1076,KK/86,1219,85,223.7,true
IC,156,KK/86,1219,End,1219,0,0.0,true
IC,157,Start,874,HGL/86,874,0,0.0,true
IC,157,HGL/86,874,FA/86,1022,465,225.8,true
IC,157,FA/86,1029,AR/86,1088,151,108.5,false
IC,157,AR/86,1088,End,1088,0,0.0,true
IC,160,Start,1136,FA/86,1136,0,0.0,true
IC,160,FA/86,1136,KH/86,1270,80,220.6,true
IC,160,KH/86,1270,End,1270,0,0.0,true
IC,161,Start,934,HGL/86,934,0,0.0,true
IC,161,HGL/86,934,FA/86,1082,519,225.8,true
IC,161,FA/86,1082,End,1082,0,0.0,true
IC,164,Start,1196,FA/86,1196,0,0.0,true
IC,164,FA/86,1196,KH/86,1330,92,220.6,true
IC,164,KH/86,1330,End,1330,0,0.0,true
IC,165,Start,1001,KK/86,1001,0,0.0,true
IC,165,KK/86,1001,FA/86,1142,395,223.7,true
IC,165,FA/86,1142,End,1142,0,0.0,true
IC,168,Start,1256,FA/86,1256,0,0.0,true
IC,168,FA/86,1256,KH/86,1390,58,220.6,true
IC,168,KH/86,1390,End,1390,0,0.0,true
IC,172,Start,1316,FA/86,1316,0,0.0,true
IC,172,FA/86,1316,KH/86,1450,61,220.6,true
IC,172,KH/86,1450,End,1450,0,0.0,true
IC,173,Start,1121,KK/86,1121,0,0.0,true
IC,173,KK/86,1121,FA/86,1262,130,223.7,true
IC,173,FA/86,1262,End,1262,0,0.0,true
IC,176,Start,1310,AR/86,1310,0,0.0,true
IC,176,AR/86,1310,FA/86,1371,82,108.5,false
IC,176,FA/86,1376,KH/86,1510,68,220.6,true
IC,176,KH/86,1510,End,1510,0,0.0,true
IC,177,Start,1174,HGL/86,1174,0,0.0,true
IC,177,HGL/86,1174,FA/86,1322,125,225.8,true
IC,177,FA/86,1322,End,1322,0,0.0,true
IC,181,Start,1250,KH/86,1250,0,0.0,true
IC,181,KH/86,1250,FA/86,1382,166,220.6,true
IC,181,FA/86,1388,AR/86,1458,31,108.5,false
IC,181,AR/86,1458,End,1458,0,0.0,true
IC,182,Start,1370,AR/86,1370,0,0.0,true
IC,182,AR/86,1370,FA/86,1431,53,108.5,false
IC,182,FA/86,1436,KH/86,1585,84,220.6,true
IC,182,KH/86,1585,End,1585,0,0.0,true
IC,185,Start,1310,KH/86,1310,0,0.0,true
IC,185,KH/86,1310,OD/86,1408,163,160.3,true
IC,185,OD/86,1408,End,1408,0,0.0,true
IC,190,Start,40,AR/86,40,0,0.0,true
IC,190,AR/86,40,FA/86,111,35,108.5,false
IC,190,FA/86,116,KH/86,265,151,220.6,true
IC,190,KH/86,265,End,265,0,0.0,true
IC,191,Start,1370,KH/86,1370,0,0.0,true
IC,191,KH/86,1370,FA/86,1502,340,220.6,true
IC,191,FA/86,1508,AR/86,1578,170,108.5,false
IC,191,AR/86,1578,End,1578,0,0.0,true
IC,193,Start,1430,KH/86,1430,0,0.0,true
IC,193,KH/86,1430,OD/86,1528,213,160.3,true
IC,193,OD/86,1528,End,1528,0,0.0,true
RØ,200,Start,320,RO/86,320,0,0.0,true
RØ,200,RO/86,320,CPH/86,354,60,37.9,true
RØ,200,CPH/86,354,End,354,0,0.0,true
IC,202,Start,307,OD/86,307,0,0.0,true
IC,202,OD/86,307,CPH/86,414,162,166.9,true
IC,202,CPH/86,414,End,414,0,0.0,true
IC,206,Start,369,OD/86,369,0,0.0,true
IC,206,OD/86,369,CPH/86,474,249,166.9,true
IC,206,CPH/86,474,End,474,0,0.0,true
IC,208,Start,429,OD/86,429,0,0.0,true
IC,208,OD/86,429,CPH/86,534,238,166.9,true
IC,208,CPH/86,534,End,534,0,0.0,true
IC,214,Start,490,OD/86,490,0,0.0,true
IC,214,OD/86,490,CPH/86,594,143,166.9,true
IC,214,CPH/86,594,End,594,0,0.0,true
RØ,218,Start,584,SG/86,584,0,0.0,true
RØ,218,SG/86,584,CPH/86,654,70,99.5,true
RØ,218,CPH/86,654,End,654,0,0.0,true
RØ,222,Start,644,SG/86,644,0,0.0,true
RØ,222,SG/86,644,CPH/86,714,74,99.5,true
RØ,222,CPH/86,714,End,714,0,0.0,true
IC,223,Start,365,CPH/86,365,0,0.0,true
IC,223,CPH/86,365,OD/86,468,188,166.9,true
IC,223,OD/86,468,End,468,0,0.0,true
RØ,226,Start,704,SG/86,704,0,0.0,true
RØ,226,SG/86,704,CPH/86,774,87,99.5,true
RØ,226,CPH/86,774,End,774,0,0.0,true
IC,227,Start,425,CPH/86,425,0,0.0,true
IC,227,CPH/86,425,OD/86,530,208,166.9,true
IC,227,OD/86,530,End,530,0,0.0,true
RØ,230,Start,764,SG/86,764,0,0.0,true
RØ,230,SG/86,764,CPH/86,834,74,99.5,true
RØ,230,CPH/86,834,End,834,0,0.0,true
RØ,231,Start,485,CPH/86,485,0,0.0,true
RØ,231,CPH/86,485,SG/86,555,109,99.5,true
RØ,231,SG/86,555,End,555,0,0.0,true
RØ,234,Start,824,SG/86,824,0,0.0,true
RØ,234,SG/86,824,CPH/86,894,134,99.5,true
RØ,234,CPH/86,894,End,894,0,0.0,true
RØ,235,Start,545,CPH/86,545,0,0.0,true
RØ,235,CPH/86,545,SG/86,615,72,99.5,true
RØ,235,SG/86,615,End,615,0,0.0,true
IC,238,Start,849,OD/86,849,0,0.0,true
IC,238,OD/86,849,CPH/86,954,218,166.9,true
IC,238,CPH/86,954,End,954,0,0.0,true
RØ,239,Start,605,CPH/86,605,0,0.0,true
RØ,239,CPH/86,605,SG/86,675,46,99.5,true
RØ,239,SG/86,675,End,675,0,0.0,true
IC,242,Start,909,OD/86,909,0,0.0,true
IC,242,OD/86,909,CPH/86,1014,179,166.9,true
IC,242,CPH/86,1014,End,1014,0,0.0,true
RØ,243,Start,665,CPH/86,665,0,0.0,true
RØ,243,CPH/86,665,SG/86,735,42,99.5,true
RØ,243,SG/86,735,End,735,0,0.0,true
IC,246,Start,969,OD/86,969,0,0.0,true
IC,246,OD/86,969,CPH/86,1074,97,166.9,true
IC,246,CPH/86,1074,End,1074,0,0.0,true
RØ,247,Start,725,CPH/86,725,0,0.0,true
RØ,247,CPH/86,725,SG/86,795,42,99.5,true
RØ,247,SG/86,795,End,795,0,0.0,true
IC,250,Start,1029,OD/86,1029,0,0.0,true
IC,250,OD/86,1029,CPH/86,1134,70,166.9,true
IC,250,CPH/86,1134,End,1134,0,0.0,true
IC,251,Start,785,CPH/86,785,0,0.0,true
IC,251,CPH/86,785,OD/86,890,138,166.9,true
IC,251,OD/86,890,End,890,0,0.0,true
RØ,254,Start,1124,SG/86,1124,0,0.0,true
RØ,254,SG/86,1124,CPH/86,1194,44,99.5,true
RØ,254,CPH/86,1194,End,1194,0,0.0,true
IC,255,Start,845,CPH/86,845,0,0.0,true
IC,255,CPH/86,845,OD/86,950,217,166.9,true
IC,255,OD/86,950,End,950,0,0.0,true
RØ,258,Start,1184,SG/86,1184,0,0.0,true
RØ,258,SG/86,1184,CPH/86,1254,63,99.5,true
RØ,258,CPH/86,1254,End,1254,0,0.0,true
IC,259,Start,905,CPH/86,905,0,0.0,true
IC,259,CPH/86,905,OD/86,1010,347,166.9,true
IC,259,OD/86,1010,End,1010,0,0.0,true
RØ,262,Start,1244,SG/86,1244,0,0.0,true
RØ,262,SG/86,1244,CPH/86,1314,27,99.5,true
RØ,262,CPH/86,1314,End,1314,0,0.0,true
IC,263,Start,965,CPH/86,965,0,0.0,true
IC,263,CPH/86,965,OD/86,1070,248,166.9,true
IC,263,OD/86,1070,End,1070,0,0.0,true
RØ,266,Start,1340,RO/86,1340,0,0.0,true
RØ,266,RO/86,1340,CPH/86,1374,12,37.9,true
RØ,266,CPH/86,1374,End,1374,0,0.0,true
RØ,267,Start,1025,CPH/86,1025,0,0.0,true
RØ,267,CPH/86,1025,SG/86,1095,87,99.5,true
RØ,267,SG/86,1095,End,1095,0,0.0,true
RØ,270,Start,1400,RO/86,1400,0,0.0,true
RØ,270,RO/86,1400,CPH/86,1434,10,37.9,true
RØ,270,CPH/86,1434,End,1434,0,0.0,true
RØ,271,Start,1085,CPH/86,1085,0,0.0,true
RØ,271,CPH/86,1085,SG/86,1155,69,99.5,true
RØ,271,SG/86,1155,End,1155,0,0.0,true
RØ,274,Start,20,RO/86,20,0,0.0,true
RØ,274,RO/86,20,CPH/86,54,13,37.9,true
RØ,274,CPH/86,54,End,54,0,0.0,true
RØ,275,Start,1145,CPH/86,1145,0,0.0,true
RØ,275,CPH/86,1145,SG/86,1215,44,99.5,true
RØ,275,SG/86,1215,End,1215,0,0.0,true
RØ,279,Start,1205,CPH/86,1205,0,0.0,true
RØ,279,CPH/86,1205,SG/86,1275,64,99.5,true
RØ,279,SG/86,1275,End,1275,0,0.0,true
RØ,283,Start,1265,CPH/86,1265,0,0.0,true
RØ,283,CPH/86,1265,RO/86,1299,73,37.9,true
RØ,283,RO/86,1299,End,1299,0,0.0,true
RØ,287,Start,1325,CPH/86,1325,0,0.0,true
RØ,287,CPH/86,1325,RO/86,1359,24,37.9,true
RØ,287,RO/86,1359,End,1359,0,0.0,true
RØ,291,Start,1385,CPH/86,1385,0,0.0,true
RØ,291,CPH/86,1385,RO/86,1419,35,37.9,true
RØ,291,RO/86,1419,End,1419,0,0.0,true
RØ,295,Start,5,CPH/86,5,0,0.0,true
RØ,295,CPH/86,5,RO/86,39,9,37.9,true
RØ,295,RO/86,39,End,39,0,0.0,true
EX,392,Start,1130,HMB/80,1130,0,0.0,true
EX,392,HMB/80,1130,KH/86,1417,25,506.1,true
EX,392,KH/86,1417,End,1417,0,0.0,true
EX,393,Start,502,KH/86,502,0,0.0,true
EX,393,KH/86,502,HMB/80,786,229,506.1,true
EX,393,HMB/80,786,End,786,0,0.0,true
EX,394,Start,893,HMB/80,893,0,0.0,true
EX,394,HMB/80,893,KH/86,1178,232,506.1,true
EX,394,KH/86,1178,End,1178,0,0.0,true
EX,395,Start,742,KH/86,742,0,0.0,true
EX,395,KH/86,742,HMB/80,1024,282,506.1,true
EX,395,HMB/80,1024,End,1024,0,0.0,true
EX,396,Start,653,HMB/80,653,0,0.0,true
EX,396,HMB/80,653,KH/86,938,274,506.1,true
EX,396,KH/86,938,End,938,0,0.0,true
EX,397,Start,862,KH/86,862,0,0.0,true
EX,397,KH/86,862,HMB/80,1144,149,506.1,true
EX,397,HMB/80,1144,End,1144,0,0.0,true
EX,398,Start,535,HMB/80,535,0,0.0,true
EX,398,HMB/80,535,KH/86,818,243,506.1,true
EX,398,KH/86,818,End,818,0,0.0,true
EX,399,Start,982,KH/86,982,0,0.0,true
EX,399,KH/86,982,HMB/80,1264,201,506.1,true
EX,399,HMB/80,1264,End,1264,0,0.0,true
IC,412,Start,350,AR/86,350,0,0.0,true
IC,412,AR/86,350,FA/86,409,162,108.5,false
IC,412,FA/86,409,End,409,0,0.0,true
IC,413,Start,369,FA/86,369,0,0.0,true
IC,413,FA/86,369,AR/86,428,167,108.5,false
IC,413,AR/86,428,End,428,0,0.0,true
IC,416,Start,410,AR/86,410,0,0.0,true
IC,416,AR/86,410,FA/86,469,239,108.5,false
IC,416,FA/86,469,End,469,0,0.0,true
IC,417,Start,429,FA/86,429,0,0.0,true
IC,417,FA/86,429,AR/86,488,213,108.5,false
IC,417,AR/86,488,End,488,0,0.0,true
IC,421,Start,489,FA/86,489,0,0.0,true
IC,421,FA/86,489,AR/86,548,138,108.5,false
IC,421,AR/86,548,End,548,0,0.0,true
IC,424,Start,530,AR/86,530,0,0.0,true
IC,424,AR/86,530,FA/86,589,151,108.5,false
IC,424,FA/86,589,End,589,0,0.0,true
IC,428,Start,590,AR/86,590,0,0.0,true
IC,428,AR/86,590,FA/86,649,69,108.5,false
IC,428,FA/86,649,End,649,0,0.0,true
IC,429,Start,609,FA/86,609,0,0.0,true
IC,429,FA/86,609,AR/86,668,92,108.5,false
IC,429,AR/86,668,End,668,0,0.0,true
IC,432,Start,650,AR/86,650,0,0.0,true
IC,432,AR/86,650,FA/86,709,96,108.5,false
IC,432,FA/86,709,End,709,0,0.0,true
IC,433,Start,669,FA/86,669,0,0.0,true
IC,433,FA/86,669,AR/86,728,119,108.5,false
IC,433,AR/86,728,End,728,0,0.0,true
IC,437,Start,729,FA/86,729,0,0.0,true
IC,437,FA/86,729,AR/86,788,135,108.5,false
IC,437,AR/86,788,End,788,0,0.0,true
IC,440,Start,770,AR/86,770,0,0.0,true
IC,440,AR/86,770,FA/86,829,113,108.5,false
IC,440,FA/86,829,End,829,0,0.0,true
IC,444,Start,830,AR/86,830,0,0.0,true
IC,444,AR/86,830,FA/86,889,230,108.5,false
IC,444,FA/86,889,End,889,0,0.0,true
IC,445,Start,849,FA/86,849,0,0.0,true
IC,445,FA/86,849,AR/86,908,217,108.5,false
IC,445,AR/86,908,End,908,0,0.0,true
IC,448,Start,890,AR/86,890,0,0.0,true
IC,448,AR/86,890,FA/86,949,127,108.5,false
IC,448,FA/86,949,End,949,0,0.0,true
IC,449,Start,909,FA/86,909,0,0.0,true
IC,449,FA/86,909,AR/86,968,286,108.5,false
IC,449,AR/86,968,End,968,0,0.0,true
IC,453,Start,969,FA/86,969,0,0.0,true
IC,453,FA/86,969,AR/86,1028,231,108.5,false
IC,453,AR/86,1028,End,1028,0,0.0,true
IC,456,Start,1010,AR/86,1010,0,0.0,true
IC,456,AR/86,1010,FA/86,1069,151,108.5,false
IC,456,FA/86,1069,End,1069,0,0.0,true
IC,460,Start,1070,AR/86,1070,0,0.0,true
IC,460,AR/86,1070,FA/86,1129,87,108.5,false
IC,460,FA/86,1129,End,1129,0,0.0,true
IC,461,Start,1089,FA/86,1089,0,0.0,true
IC,461,FA/86,1089,AR/86,1148,128,108.5,false
IC,461,AR/86,1148,End,1148,0,0.0,true
IC,464,Start,1130,AR/86,1130,0,0.0,true
IC,464,AR/86,1130,FA/86,1189,100,108.5,false
IC,464,FA/86,1189,End,1189,0,0.0,true
IC,465,Start,1149,FA/86,1149,0,0.0,true
IC,465,FA/86,1149,AR/86,1208,106,108.5,false
IC,465,AR/86,1208,End,1208,0,0.0,true
IC,468,Start,1190,AR/86,1190,0,0.0,true
IC,468,AR/86,1190,FA/86,1249,52,108.5,false
IC,468,FA/86,1249,End,1249,0,0.0,true
IC,469,Start,1209,FA/86,1209,0,0.0,true
IC,469,FA/86,1209,AR/86,1268,94,108.5,false
IC,469,AR/86,1268,End,1268,0,0.0,true
IC,471,Start,1269,FA/86,1269,0,0.0,true
IC,471,FA/86,1269,AR/86,1328,49,108.5,false
IC,471,AR/86,1328,End,1328,0,0.0,true
IC,474,Start,1250,AR/86,1250,0,0.0,true
IC,474,AR/86,1250,FA/86,1309,95,108.5,false
IC,474,FA/86,1309,End,1309,0,0.0,true
IC,477,Start,1329,FA/86,1329,0,0.0,true
IC,477,FA/86,1329,AR/86,1400,48,108.5,false
IC,477,AR/86,1400,End,1400,0,0.0,true
IC,484,Start,1430,AR/86,1430,0,0.0,true
IC,484,AR/86,1430,KD/86,1513,27,128.4,false
IC,484,KD/86,1513,End,1513,0,0.0,true
IC,485,Start,9,FA/86,9,0,0.0,true
IC,485,FA/86,9,AR/86,80,7,108.5,false
IC,485,AR/86,80,End,80,0,0.0,true
L,608,Start,379,OD/86,379,0,0.0,true
L,608,OD/86,379,KH/86,458,368,158.1,true
L,608,KH/86,458,End,458,0,0.0,true
L,649,Start,802,KH/86,802,0,0.0,true
L,649,KH/86,802,FA/86,907,50,218.4,true
L,649,FA/86,907,End,907,0,0.0,true
L,659,Start,922,KH/86,922,0,0.0,true
L,659,KH/86,922,FA/86,1027,176,218.4,true
L,659,FA/86,1027,End,1027,0,0.0,true
L,722,Start,424,STR/86,424,0,0.0,true
L,722,STR/86,424,FA/86,554,75,155.4,false
L,722,FA/86,554,End,554,0,0.0,true
L,723,Start,523,FA/86,523,0,0.0,true
L,723,FA/86,523,STR/86,648,67,155.4,false
L,723,STR/86,648,End,648,0,0.0,true
L,731,Start,643,FA/86,643,0,0.0,true
L,731,FA/86,643,STR/86,768,72,155.4,false
L,731,STR/86,768,End,768,0,0.0,true
L,738,Start,664,STR/86,664,0,0.0,true
L,738,STR/86,664,FA/86,794,82,155.4,false
L,738,FA/86,794,End,794,0,0.0,true
L,746,Start,784,STR/86,784,0,0.0,true
L,746,STR/86,784,FA/86,914,124,155.4,false
L,746,FA/86,914,End,914,0,0.0,true
L,747,Start,899,VJ/86,899,0,0.0,true
L,747,VJ/86,899,STR/86,1008,76,129.7,false
L,747,STR/86,1008,End,1008,0,0.0,true
L,762,Start,1024,STR/86,1024,0,0.0,true
L,762,STR/86,1024,FA/86,1154,52,155.4,false
L,762,FA/86,1154,End,1154,0,0.0,true
L,763,Start,1123,FA/86,1123,0,0.0,true
L,763,FA/86,1123,STR/86,1248,97,155.4,false
L,763,STR/86,1248,End,1248,0,0.0,true
IC,802,Start,300,OD/86,300,0,0.0,true
IC,802,OD/86,300,HGL/86,403,246,163.3,true
IC,802,HGL/86,403,End,403,0,0.0,true
IC,806,Start,272,ES/86,272,0,0.0,true
IC,806,ES/86,272,OD/86,352,35,142.3,true
IC,806,OD/86,360,HGL/86,463,529,163.3,true
IC,806,HGL/86,463,End,463,0,0.0,true
IC,810,Start,332,ES/86,332,0,0.0,true
IC,810,ES/86,332,OD/86,412,141,142.3,true
IC,810,OD/86,420,HGL/86,523,558,163.3,true
IC,810,HGL/86,523,End,523,0,0.0,true
IC,814,Start,392,ES/86,392,0,0.0,true
IC,814,ES/86,392,OD/86,472,191,142.3,true
IC,814,OD/86,480,HGL/86,583,305,163.3,true
IC,814,HGL/86,583,End,583,0,0.0,true
IC,815,Start,369,OD/86,369,0,0.0,true
IC,815,OD/86,369,ES/86,456,88,142.3,true
IC,815,ES/86,456,End,456,0,0.0,true
IC,818,Start,451,ES/86,451,0,0.0,true
IC,818,ES/86,451,OD/86,532,112,142.3,true
IC,818,OD/86,540,HGL/86,643,143,163.3,true
IC,818,HGL/86,643,End,643,0,0.0,true
IC,819,Start,316,HGL/86,316,0,0.0,true
IC,819,HGL/86,316,OD/86,420,109,163.3,true
IC,819,OD/86,429,ES/86,506,145,142.3,true
IC,819,ES/86,506,End,506,0,0.0,true
IC,822,Start,511,ES/86,511,0,0.0,true
IC,822,ES/86,511,OD/86,592,74,142.3,true
IC,822,OD/86,600,KK/86,697,158,161.2,true
IC,822,KK/86,697,End,697,0,0.0,true
IC,823,Start,383,KK/86,383,0,0.0,true
IC,823,KK/86,383,OD/86,480,186,161.2,true
IC,823,OD/86,489,ES/86,566,137,142.3,true
IC,823,ES/86,566,End,566,0,0.0,true
IC,826,Start,572,ES/86,572,0,0.0,true
IC,826,ES/86,572,OD/86,652,54,142.3,true
IC,826,OD/86,660,HGL/86,763,140,163.3,true
IC,826,HGL/86,763,End,763,0,0.0,true
IC,827,Start,436,HGL/86,436,0,0.0,true
IC,827,HGL/86,436,OD/86,540,259,163.3,true
IC,827,OD/86,549,ES/86,626,107,142.3,true
IC,827,ES/86,626,End,626,0,0.0,true
IC,830,Start,632,ES/86,632,0,0.0,true
IC,830,ES/86,632,OD/86,712,98,142.3,true
IC,830,OD/86,720,HGL/86,823,155,163.3,true
IC,830,HGL/86,823,End,823,0,0.0,true
IC,831,Start,496,HGL/86,496,0,0.0,true
IC,831,HGL/86,496,OD/86,600,155,163.3,true
IC,831,OD/86,609,ES/86,686,84,142.3,true
IC,831,ES/86,686,End,686,0,0.0,true
IC,834,Start,692,ES/86,692,0,0.0,true
IC,834,ES/86,692,OD/86,772,102,142.3,true
IC,834,OD/86,780,HGL/86,883,205,163.3,true
IC,834,HGL/86,883,End,883,0,0.0,true
IC,835,Start,556,HGL/86,556,0,0.0,true
IC,835,HGL/86,556,OD/86,660,114,163.3,true
IC,835,OD/86,669,ES/86,746,74,142.3,true
IC,835,ES/86,746,End,746,0,0.0,true
IC,838,Start,752,ES/86,752,0,0.0,true
IC,838,ES/86,752,OD/86,832,106,142.3,true
IC,838,OD/86,840,HGL/86,943,175,163.3,true
IC,838,HGL/86,943,End,943,0,0.0,true
IC,839,Start,623,KK/86,623,0,0.0,true
IC,839,KK/86,623,OD/86,720,157,161.2,true
IC,839,OD/86,729,ES/86,806,104,142.3,true
IC,839,ES/86,806,End,806,0,0.0,true
IC,842,Start,812,ES/86,812,0,0.0,true
IC,842,ES/86,812,OD/86,892,152,142.3,true
IC,842,OD/86,900,HGL/86,1003,242,163.3,true
IC,842,HGL/86,1003,End,1003,0,0.0,true
IC,843,Start,676,HGL/86,676,0,0.0,true
IC,843,HGL/86,676,OD/86,780,157,163.3,true
IC,843,OD/86,789,ES/86,866,116,142.3,true
IC,843,ES/86,866,End,866,0,0.0,true
IC,846,Start,872,ES/86,872,0,0.0,true
IC,846,ES/86,872,OD/86,952,177,142.3,true
IC,846,OD/86,960,HGL/86,1063,232,163.3,true
IC,846,HGL/86,1063,End,1063,0,0.0,true
IC,847,Start,736,HGL/86,736,0,0.0,true
IC,847,HGL/86,736,OD/86,840,139,163.3,true
IC,847,OD/86,849,ES/86,926,91,142.3,true
IC,847,ES/86,926,End,926,0,0.0,true
IC,850,Start,932,ES/86,932,0,0.0,true
IC,850,ES/86,932,OD/86,1012,174,142.3,true
IC,850,OD/86,1020,HGL/86,1123,165,163.3,true
IC,850,HGL/86,1123,End,1123,0,0.0,true
IC,851,Start,796,HGL/86,796,0,0.0,true
IC,851,HGL/86,796,OD/86,900,189,163.3,true
IC,851,OD/86,909,ES/86,986,148,142.3,true
IC,851,ES/86,986,End,986,0,0.0,true
IC,854,Start,992,ES/86,992,0,0.0,true
IC,854,ES/86,992,OD/86,1072,105,142.3,true
IC,854,OD/86,1080,HGL/86,1183,119,163.3,true
IC,854,HGL/86,1183,End,1183,0,0.0,true
IC,855,Start,856,HGL/86,856,0,0.0,true
IC,855,HGL/86,856,OD/86,960,314,163.3,true
IC,855,OD/86,969,ES/86,1046,171,142.3,true
IC,855,ES/86,1046,End,1046,0,0.0,true
IC,858,Start,1052,ES/86,1052,0,0.0,true
IC,858,ES/86,1052,OD/86,1132,70,142.3,true
IC,858,OD/86,1140,HGL/86,1243,99,163.3,true
IC,858,HGL/86,1243,End,1243,0,0.0,true
IC,859,Start,916,HGL/86,916,0,0.0,true
IC,859,HGL/86,916,OD/86,1020,561,163.3,true
IC,859,OD/86,1029,ES/86,1106,205,142.3,true
IC,859,ES/86,1106,End,1106,0,0.0,true
IC,862,Start,1112,ES/86,1112,0,0.0,true
IC,862,ES/86,1112,OD/86,1192,32,142.3,true
IC,862,OD/86,1200,KK/86,1297,93,161.2,true
IC,862,KK/86,1297,End,1297,0,0.0,true
IC,863,Start,976,HGL/86,976,0,0.0,true
IC,863,HGL/86,976,OD/86,1080,583,163.3,true
IC,863,OD/86,1089,ES/86,1166,155,142.3,true
IC,863,ES/86,1166,End,1166,0,0.0,true
IC,866,Start,1172,ES/86,1172,0,0.0,true
IC,866,ES/86,1172,OD/86,1252,46,142.3,true
IC,866,OD/86,1260,KK/86,1360,61,161.2,true
IC,866,KK/86,1360,End,1360,0,0.0,true
IC,867,Start,1036,HGL/86,1036,0,0.0,true
IC,867,HGL/86,1036,OD/86,1140,372,163.3,true
IC,867,OD/86,1149,ES/86,1226,114,142.3,true
IC,867,ES/86,1226,End,1226,0,0.0,true
IC,871,Start,1096,HGL/86,1096,0,0.0,true
IC,871,HGL/86,1096,OD/86,1200,158,163.3,true
IC,871,OD/86,1209,ES/86,1286,75,142.3,true
IC,871,ES/86,1286,End,1286,0,0.0,true
IC,875,Start,1156,HGL/86,1156,0,0.0,true
IC,875,HGL/86,1156,OD/86,1260,174,163.3,true
IC,875,OD/86,1269,ES/86,1346,80,142.3,true
IC,875,ES/86,1346,End,1346,0,0.0,true
IC,879,Start,1216,HGL/86,1216,0,0.0,true
IC,879,HGL/86,1216,OD/86,1320,191,163.3,true
IC,879,OD/86,1320,End,1320,0,0.0,true
IC,883,Start,1276,HGL/86,1276,0,0.0,true
IC,883,HGL/86,1276,OD/86,1380,123,163.3,true
IC,883,OD/86,1380,End,1380,0,0.0,true
L,910,Start,284,SDB/86,284,0,0.0,true
L,910,SDB/86,284,FA/86,377,67,136.5,true
L,910,FA/86,377,End,377,0,0.0,true
L,911,Start,341,FA/86,341,0,0.0,true
L,911,FA/86,341,SDB/86,432,13,136.5,true
L,911,SDB/86,432,End,432,0,0.0,true
L,918,Start,404,SDB/86,404,0,0.0,true
L,918,SDB/86,404,FA/86,497,87,136.5,true
L,918,FA/86,497,End,497,0,0.0,true
L,919,Start,461,FA/86,461,0,0.0,true
L,919,FA/86,461,SDB/86,552,64,136.5,true
L,919,SDB/86,552,End,552,0,0.0,true
L,926,Start,524,SDB/86,524,0,0.0,true
L,926,SDB/86,524,FA/86,617,87,136.5,true
L,926,FA/86,617,End,617,0,0.0,true
L,927,Start,581,FA/86,581,0,0.0,true
L,927,FA/86,581,SDB/86,672,64,136.5,true
L,927,SDB/86,672,End,672,0,0.0,true
L,934,Start,644,SDB/86,644,0,0.0,true
L,934,SDB/86,644,FA/86,737,73,136.5,true
L,934,FA/86,737,End,737,0,0.0,true
L,935,Start,701,FA/86,701,0,0.0,true
L,935,FA/86,701,SDB/86,792,63,136.5,true
L,935,SDB/86,792,End,792,0,0.0,true
L,942,Start,764,SDB/86,764,0,0.0,true
L,942,SDB/86,764,FA/86,857,67,136.5,true
L,942,FA/86,857,End,857,0,0.0,true
L,943,Start,821,FA/86,821,0,0.0,true
L,943,FA/86,821,SDB/86,912,105,136.5,true
L,943,SDB/86,912,End,912,0,0.0,true
L,950,Start,884,SDB/86,884,0,0.0,true
L,950,SDB/86,884,FA/86,977,78,136.5,true
L,950,FA/86,977,End,977,0,0.0,true
L,951,Start,941,FA/86,941,0,0.0,true
L,951,FA/86,941,SDB/86,1032,111,136.5,true
L,951,SDB/86,1032,End,1032,0,0.0,true
L,958,Start,1004,SDB/86,1004,0,0.0,true
L,958,SDB/86,1004,FA/86,1097,55,136.5,true
L,958,FA/86,1097,End,1097,0,0.0,true
L,959,Start,1061,FA/86,1061,0,0.0,true
L,959,FA/86,1061,SDB/86,1152,109,136.5,true
L,959,SDB/86,1152,End,1152,0,0.0,true
L,966,Start,1124,SDB/86,1124,0,0.0,true
L,966,SDB/86,1124,FA/86,1217,32,136.5,true
L,966,FA/86,1217,End,1217,0,0.0,true
L,967,Start,1181,FA/86,1181,0,0.0,true
L,967,FA/86,1181,SDB/86,1272,65,136.5,true
L,967,SDB/86,1272,End,1272,0,0.0,true
RR,974,Start,1244,SDB/86,1244,0,0.0,true
RR,974,SDB/86,1244,FA/86,1337,17,136.5,true
RR,974,FA/86,1337,End,1337,0,0.0,true
L,975,Start,1301,FA/86,1301,0,0.0,true
L,975,FA/86,1301,SDB/86,1392,43,136.5,true
L,975,SDB/86,1392,End,1392,0,0.0,true
RR,982,Start,1364,SDB/86,1364,0,0.0,true
RR,982,SDB/86,1364,FA/86,1457,2,136.5,true
RR,982,FA/86,1457,End,1457,0,0.0,true
RR,983,Start,1436,FA/86,1436,0,0.0,true
RR,983,FA/86,1436,SDB/86,1527,8,136.5,true
RR,983,SDB/86,1527,End,1527,0,0.0,true
EX,1191,Start,322,KH/86,322,0,0.0,true
EX,1191,KH/86,322,PA/86,477,58,321.6,true
EX,1191,PA/86,482,HMB/80,604,0,184.5,true
EX,1191,HMB/80,604,End,604,0,0.0,true
EX,1196,Start,712,HMB/80,712,0,0.0,true
EX,1196,HMB/80,712,PA/86,833,0,184.5,true
EX,1196,PA/86,843,KH/86,998,149,321.6,true
EX,1196,KH/86,998,End,998,0,0.0,true
EX,1198,Start,410,HMB/80,410,0,0.0,true
EX,1198,HMB/80,410,PA/86,534,0,184.5,true
EX,1198,PA/86,543,KH/86,698,68,321.6,true
EX,1198,KH/86,698,End,698,0,0.0,true
EX,1199,Start,1102,KH/86,1102,0,0.0,true
EX,1199,KH/86,1102,PA/86,1257,158,321.6,true
EX,1199,PA/86,1262,HMB/80,1384,0,184.5,true
EX,1199,HMB/80,1384,End,1384,0,0.0,true
RØ,1204,Start,338,NF/86,338,0,0.0,true
RØ,1204,NF/86,338,KH/86,415,224,144.7,false
RØ,1204,KH/86,415,End,415,0,0.0,true
RØ,1208,Start,398,NF/86,398,0,0.0,true
RØ,1208,NF/86,398,KH/86,475,395,144.7,false
RØ,1208,KH/86,475,End,475,0,0.0,true
RØ,1212,Start,458,NF/86,458,0,0.0,true
RØ,1212,NF/86,458,KH/86,535,258,144.7,false
RØ,1212,KH/86,535,End,535,0,0.0,true
RØ,1216,Start,518,NF/86,518,0,0.0,true
RØ,1216,NF/86,518,KH/86,595,183,144.7,false
RØ,1216,KH/86,595,End,595,0,0.0,true
RØ,1220,Start,578,NF/86,578,0,0.0,true
RØ,1220,NF/86,578,KH/86,655,100,144.7,false
RØ,1220,KH/86,655,End,655,0,0.0,true
RØ,1221,Start,364,KH/86,364,0,0.0,true
RØ,1221,KH/86,364,NF/86,449,79,144.7,false
RØ,1221,NF/86,449,End,449,0,0.0,true
RØ,1224,Start,638,NF/86,638,0,0.0,true
RØ,1224,NF/86,638,KH/86,715,103,144.7,false
RØ,1224,KH/86,715,End,715,0,0.0,true
RØ,1225,Start,428,KH/86,428,0,0.0,true
RØ,1225,KH/86,428,NF/86,503,165,144.7,false
RØ,1225,NF/86,503,End,503,0,0.0,true
RØ,1228,Start,698,NF/86,698,0,0.0,true
RØ,1228,NF/86,698,KH/86,775,98,144.7,false
RØ,1228,KH/86,775,End,775,0,0.0,true
RØ,1229,Start,488,KH/86,488,0,0.0,true
RØ,1229,KH/86,488,NF/86,563,128,144.7,false
RØ,1229,NF/86,563,End,563,0,0.0,true
RØ,1232,Start,758,NF/86,758,0,0.0,true
RØ,1232,NF/86,758,KH/86,835,99,144.7,false
RØ,1232,KH/86,835,End,835,0,0.0,true
RØ,1233,Start,548,KH/86,548,0,0.0,true
RØ,1233,KH/86,548,NF/86,623,71,144.7,false
RØ,1233,NF/86,623,End,623,0,0.0,true
RØ,1236,Start,818,NF/86,818,0,0.0,true
RØ,1236,NF/86,818,KH/86,895,120,144.7,false
RØ,1236,KH/86,895,End,895,0,0.0,true
RØ,1237,Start,608,KH/86,608,0,0.0,true
RØ,1237,KH/86,608,NF/86,683,71,144.7,false
RØ,1237,NF/86,683,End,683,0,0.0,true
RØ,1240,Start,878,NF/86,878,0,0.0,true
RØ,1240,NF/86,878,KH/86,955,157,144.7,false
RØ,1240,KH/86,955,End,955,0,0.0,true
RØ,1241,Start,668,KH/86,668,0,0.0,true
RØ,1241,KH/86,668,NF/86,743,67,144.7,false
RØ,1241,NF/86,743,End,743,0,0.0,true
RØ,1244,Start,938,NF/86,938,0,0.0,true
RØ,1244,NF/86,938,KH/86,1015,179,144.7,false
RØ,1244,KH/86,1015,End,1015,0,0.0,true
RØ,1245,Start,728,KH/86,728,0,0.0,true
RØ,1245,KH/86,728,NF/86,803,76,144.7,false
RØ,1245,NF/86,803,End,803,0,0.0,true
RØ,1248,Start,998,NF/86,998,0,0.0,true
RØ,1248,NF/86,998,KH/86,1075,104,144.7,false
RØ,1248,KH/86,1075,End,1075,0,0.0,true
RØ,1249,Start,788,KH/86,788,0,0.0,true
RØ,1249,KH/86,788,NF/86,863,99,144.7,false
RØ,1249,NF/86,863,End,863,0,0.0,true
RØ,1252,Start,1058,NF/86,1058,0,0.0,true
RØ,1252,NF/86,1058,KH/86,1135,64,144.7,false
RØ,1252,KH/86,1135,End,1135,0,0.0,true
RØ,1253,Start,848,KH/86,848,0,0.0,true
RØ,1253,KH/86,848,NF/86,923,161,144.7,false
RØ,1253,NF/86,923,End,923,0,0.0,true
RØ,1256,Start,1118,NF/86,1118,0,0.0,true
RØ,1256,NF/86,1118,KH/86,1195,51,144.7,false
RØ,1256,KH/86,1195,End,1195,0,0.0,true
RØ,1257,Start,908,KH/86,908,0,0.0,true
RØ,1257,KH/86,908,NF/86,983,320,144.7,false
RØ,1257,NF/86,983,End,983,0,0.0,true
RØ,1260,Start,1178,NF/86,1178,0,0.0,true
RØ,1260,NF/86,1178,KH/86,1255,69,144.7,false
RØ,1260,KH/86,1255,End,1255,0,0.0,true
RØ,1261,Start,968,KH/86,968,0,0.0,true
RØ,1261,KH/86,968,NF/86,1043,417,144.7,false
RØ,1261,NF/86,1043,End,1043,0,0.0,true
RØ,1264,Start,1229,NF/86,1229,0,0.0,true
RØ,1264,NF/86,1229,KH/86,1315,77,144.7,false
RØ,1264,KH/86,1315,End,1315,0,0.0,true
RØ,1265,Start,1028,KH/86,1028,0,0.0,true
RØ,1265,KH/86,1028,NF/86,1103,240,144.7,false
RØ,1265,NF/86,1103,End,1103,0,0.0,true
RØ,1268,Start,1286,NF/86,1286,0,0.0,true
RØ,1268,NF/86,1286,KH/86,1374,44,144.7,false
RØ,1268,KH/86,1374,End,1374,0,0.0,true
RØ,1269,Start,1088,KH/86,1088,0,0.0,true
RØ,1269,KH/86,1088,NF/86,1163,138,144.7,false
RØ,1269,NF/86,1163,End,1163,0,0.0,true
RØ,1272,Start,1346,NF/86,1346,0,0.0,true
RØ,1272,NF/86,1346,KH/86,1434,21,144.7,false
RØ,1272,KH/86,1434,End,1434,0,0.0,true
RØ,1273,Start,1148,KH/86,1148,0,0.0,true
RØ,1273,KH/86,1148,NF/86,1223,88,144.7,false
RØ,1273,NF/86,1223,End,1223,0,0.0,true
RØ,1276,Start,1406,NF/86,1406,0,0.0,true
RØ,1276,NF/86,1406,KH/86,1494,10,144.7,false
RØ,1276,KH/86,1494,End,1494,0,0.0,true
RØ,1277,Start,1207,KH/86,1207,0,0.0,true
RØ,1277,KH/86,1207,NF/86,1291,94,144.7,false
RØ,1277,NF/86,1291,End,1291,0,0.0,true
RØ,1281,Start,1267,KH/86,1267,0,0.0,true
RØ,1281,KH/86,1267,NF/86,1351,99,144.7,false
RØ,1281,NF/86,1351,End,1351,0,0.0,true
RØ,1285,Start,1327,KH/86,1327,0,0.0,true
RØ,1285,KH/86,1327,NF/86,1415,87,144.7,false
RØ,1285,NF/86,1415,End,1415,0,0.0,true
RØ,1289,Start,1387,KH/86,1387,0,0.0,true
RØ,1289,KH/86,1387,NF/86,1475,117,144.7,false
RØ,1289,NF/86,1475,End,1475,0,0.0,true
IC,1401,Start,12,CPH/86,12,0,0.0,true
IC,1401,CPH/86,12,KH/86,25,74,11.8,true
IC,1401,KH/86,25,End,25,0,0.0,true
IC,1407,Start,132,CPH/86,132,0,0.0,true
IC,1407,CPH/86,132,KH/86,145,15,11.8,true
IC,1407,KH/86,145,End,145,0,0.0,true
IC,1413,Start,206,CPH/86,206,0,0.0,true
IC,1413,CPH/86,206,KH/86,219,4,11.8,true
IC,1413,KH/86,219,End,219,0,0.0,true
IC,1417,Start,266,CPH/86,266,0,0.0,true
IC,1417,CPH/86,266,KH/86,279,263,11.8,true
IC,1417,KH/86,279,End,279,0,0.0,true
IC,1472,Start,19,KH/86,19,0,0.0,true
IC,1472,KH/86,19,CPH/86,32,3,11.8,true
IC,1472,CPH/86,32,End,32,0,0.0,true
IC,1476,Start,79,KH/86,79,0,0.0,true
IC,1476,KH/86,79,CPH/86,92,22,11.8,true
IC,1476,CPH/86,92,End,92,0,0.0,true
IC,1482,Start,163,KH/86,163,0,0.0,true
IC,1482,KH/86,163,CPH/86,177,38,11.8,true
IC,1482,CPH/86,177,End,177,0,0.0,true
IC,1485,Start,1286,CPH/86,1286,0,0.0,true
IC,1485,CPH/86,1286,KH/86,1300,46,11.8,true
IC,1485,KH/86,1300,End,1300,0,0.0,true
IC,1489,Start,1346,CPH/86,1346,0,0.0,true
IC,1489,CPH/86,1346,KH/86,1360,53,11.8,true
IC,1489,KH/86,1360,End,1360,0,0.0,true
IC,1490,Start,279,KH/86,279,0,0.0,true
IC,1490,KH/86,279,CPH/86,292,132,11.8,true
IC,1490,CPH/86,292,End,292,0,0.0,true
IC,1493,Start,1406,CPH/86,1406,0,0.0,true
IC,1493,CPH/86,1406,KH/86,1420,59,11.8,true
IC,1493,KH/86,1420,End,1420,0,0.0,true
RØ,1500,Start,270,KB/86,270,0,0.0,true
RØ,1500,KB/86,270,KK/86,376,115,113.7,false
RØ,1500,KK/86,376,End,376,0,0.0,true
RØ,1504,Start,337,KB/86,337,0,0.0,true
RØ,1504,KB/86,337,KK/86,427,182,113.7,false
RØ,1504,KK/86,427,End,427,0,0.0,true
RØ,1508,Start,397,KB/86,397,0,0.0,true
RØ,1508,KB/86,397,HGL/86,493,402,115.8,false
RØ,1508,HGL/86,493,End,493,0,0.0,true
RØ,1512,Start,457,KB/86,457,0,0.0,true
RØ,1512,KB/86,457,KK/86,547,242,113.7,false
RØ,1512,KK/86,547,End,547,0,0.0,true
RØ,1516,Start,517,KB/86,517,0,0.0,true
RØ,1516,KB/86,517,KK/86,607,183,113.7,false
RØ,1516,KK/86,607,End,607,0,0.0,true
RØ,1517,Start,293,KK/86,293,0,0.0,true
RØ,1517,KK/86,293,KB/86,385,51,113.7,false
RØ,1517,KB/86,385,End,385,0,0.0,true
RØ,1520,Start,577,KB/86,577,0,0.0,true
RØ,1520,KB/86,577,KK/86,667,99,113.7,false
RØ,1520,KK/86,667,End,667,0,0.0,true
RØ,1521,Start,347,HGL/86,347,0,0.0,true
RØ,1521,HGL/86,347,KB/86,445,151,115.8,false
RØ,1521,KB/86,445,End,445,0,0.0,true
RØ,1524,Start,637,KB/86,637,0,0.0,true
RØ,1524,KB/86,637,KK/86,727,129,113.7,false
RØ,1524,KK/86,727,End,727,0,0.0,true
RØ,1525,Start,413,KK/86,413,0,0.0,true
RØ,1525,KK/86,413,KB/86,505,219,113.7,false
RØ,1525,KB/86,505,End,505,0,0.0,true
RØ,1528,Start,697,KB/86,697,0,0.0,true
RØ,1528,KB/86,697,KK/86,787,102,113.7,false
RØ,1528,KK/86,787,End,787,0,0.0,true
RØ,1529,Start,473,KK/86,473,0,0.0,true
RØ,1529,KK/86,473,KB/86,565,166,113.7,false
RØ,1529,KB/86,565,End,565,0,0.0,true
RØ,1532,Start,757,KB/86,757,0,0.0,true
RØ,1532,KB/86,757,KK/86,847,142,113.7,false
RØ,1532,KK/86,847,End,847,0,0.0,true
RØ,1533,Start,533,KK/86,533,0,0.0,true
RØ,1533,KK/86,533,KB/86,625,95,113.7,false
RØ,1533,KB/86,625,End,625,0,0.0,true
RØ,1536,Start,817,KB/86,817,0,0.0,true
RØ,1536,KB/86,817,KK/86,907,181,113.7,false
RØ,1536,KK/86,907,End,907,0,0.0,true
RØ,1537,Start,593,KK/86,593,0,0.0,true
RØ,1537,KK/86,593,KB/86,685,71,113.7,false
RØ,1537,KB/86,685,End,685,0,0.0,true
RØ,1540,Start,877,KB/86,877,0,0.0,true
RØ,1540,KB/86,877,KK/86,967,282,113.7,false
RØ,1540,KK/86,967,End,967,0,0.0,true
RØ,1541,Start,662,KH/86,662,0,0.0,true
RØ,1541,KH/86,662,KB/86,745,44,110.6,false
RØ,1541,KB/86,745,End,745,0,0.0,true
RØ,1544,Start,937,KB/86,937,0,0.0,true
RØ,1544,KB/86,937,KK/86,1027,220,113.7,false
RØ,1544,KK/86,1027,End,1027,0,0.0,true
RØ,1545,Start,713,KK/86,713,0,0.0,true
RØ,1545,KK/86,713,KB/86,805,80,113.7,false
RØ,1545,KB/86,805,End,805,0,0.0,true
RØ,1548,Start,997,KB/86,997,0,0.0,true
RØ,1548,KB/86,997,KK/86,1087,144,113.7,false
RØ,1548,KK/86,1087,End,1087,0,0.0,true
RØ,1549,Start,773,KK/86,773,0,0.0,true
RØ,1549,KK/86,773,KB/86,865,89,113.7,false
RØ,1549,KB/86,865,End,865,0,0.0,true
RØ,1552,Start,1057,KB/86,1057,0,0.0,true
RØ,1552,KB/86,1057,KK/86,1147,80,113.7,false
RØ,1552,KK/86,1147,End,1147,0,0.0,true
RØ,1553,Start,833,KK/86,833,0,0.0,true
RØ,1553,KK/86,833,KB/86,925,126,113.7,false
RØ,1553,KB/86,925,End,925,0,0.0,true
RØ,1556,Start,1117,KB/86,1117,0,0.0,true
RØ,1556,KB/86,1117,HGL/86,1214,49,115.8,false
RØ,1556,HGL/86,1214,End,1214,0,0.0,true
RØ,1557,Start,893,KK/86,893,0,0.0,true
RØ,1557,KK/86,893,KB/86,985,198,113.7,false
RØ,1557,KB/86,985,End,985,0,0.0,true
RØ,1560,Start,1177,KB/86,1177,0,0.0,true
RØ,1560,KB/86,1177,KK/86,1266,100,113.7,false
RØ,1560,KK/86,1266,End,1266,0,0.0,true
RØ,1561,Start,953,KK/86,953,0,0.0,true
RØ,1561,KK/86,953,KB/86,1045,280,113.7,false
RØ,1561,KB/86,1045,End,1045,0,0.0,true
RØ,1564,Start,1237,KB/86,1237,0,0.0,true
RØ,1564,KB/86,1237,KK/86,1326,56,113.7,false
RØ,1564,KK/86,1326,End,1326,0,0.0,true
RØ,1565,Start,1013,KK/86,1013,0,0.0,true
RØ,1565,KK/86,1013,KB/86,1105,212,113.7,false
RØ,1565,KB/86,1105,End,1105,0,0.0,true
RØ,1569,Start,1073,KK/86,1073,0,0.0,true
RØ,1569,KK/86,1073,KB/86,1165,132,113.7,false
RØ,1569,KB/86,1165,End,1165,0,0.0,true
RØ,1570,Start,1310,KB/86,1310,0,0.0,true
RØ,1570,KB/86,1310,KH/86,1410,36,110.6,false
RØ,1570,KH/86,1410,End,1410,0,0.0,true
RØ,1573,Start,1133,KK/86,1133,0,0.0,true
RØ,1573,KK/86,1133,KB/86,1225,78,113.7,false
RØ,1573,KB/86,1225,End,1225,0,0.0,true
RØ,1574,Start,1370,KB/86,1370,0,0.0,true
RØ,1574,KB/86,1370,KH/86,1470,21,110.6,false
RØ,1574,KH/86,1470,End,1470,0,0.0,true
RØ,1577,Start,1202,KH/86,1202,0,0.0,true
RØ,1577,KH/86,1202,KB/86,1285,75,110.6,false
RØ,1577,KB/86,1285,End,1285,0,0.0,true
RØ,1581,Start,1253,KK/86,1253,0,0.0,true
RØ,1581,KK/86,1253,KB/86,1346,123,113.7,false
RØ,1581,KB/86,1346,End,1346,0,0.0,true
RØ,1583,Start,1274,KK/86,1274,0,0.0,true
RØ,1583,KK/86,1274,KB/86,1393,176,113.7,false
RØ,1583,KB/86,1393,End,1393,0,0.0,true
RØ,1587,Start,1343,KK/86,1343,0,0.0,true
RØ,1587,KK/86,1343,KB/86,1453,171,113.7,false
RØ,1587,KB/86,1453,End,1453,0,0.0,true
RØ,1591,Start,1410,KH/86,1410,0,0.0,true
RØ,1591,KH/86,1410,KB/86,1510,102,110.6,false
RØ,1591,KB/86,1510,End,1510,0,0.0,true
RØ,2085,Start,1258,HG/86,1258,0,0.0,true
RØ,2085,HG/86,1258,KH/86,1313,48,46.2,true
RØ,2085,KH/86,1313,End,1313,0,0.0,true
RØ,2089,Start,1318,HG/86,1318,0,0.0,true
RØ,2089,HG/86,1318,KH/86,1373,36,46.2,true
RØ,2089,KH/86,1373,End,1373,0,0.0,true
RØ,2093,Start,1378,HG/86,1378,0,0.0,true
RØ,2093,HG/86,1378,KH/86,1433,20,46.2,true
RØ,2093,KH/86,1433,End,1433,0,0.0,true
RØ,2200,Start,307,KH/86,307,0,0.0,true
RØ,2200,KH/86,307,HG/86,362,29,46.2,true
RØ,2200,HG/86,362,End,362,0,0.0,true
RØ,2202,Start,367,KH/86,367,0,0.0,true
RØ,2202,KH/86,367,HG/86,422,19,46.2,true
RØ,2202,HG/86,422,End,422,0,0.0,true
RØ,2204,Start,358,NÆ/86,358,0,0.0,true
RØ,2204,NÆ/86,358,HG/86,482,229,136.9,true
RØ,2204,HG/86,482,End,482,0,0.0,true
RØ,2208,Start,418,NÆ/86,418,0,0.0,true
RØ,2208,NÆ/86,418,HG/86,542,481,136.9,true
RØ,2208,HG/86,542,End,542,0,0.0,true
RØ,2212,Start,478,NÆ/86,478,0,0.0,true
RØ,2212,NÆ/86,478,HG/86,602,203,136.9,true
RØ,2212,HG/86,602,End,602,0,0.0,true
RØ,2216,Start,538,NÆ/86,538,0,0.0,true
RØ,2216,NÆ/86,538,HG/86,662,199,136.9,true
RØ,2216,HG/86,662,End,662,0,0.0,true
RØ,2217,Start,296,KH/86,296,0,0.0,true
RØ,2217,KH/86,296,NÆ/86,362,36,90.7,true
RØ,2217,NÆ/86,362,End,362,0,0.0,true
RØ,2219,Start,298,HG/86,298,0,0.0,true
RØ,2219,HG/86,298,KH/86,353,57,46.2,true
RØ,2219,KH/86,353,End,353,0,0.0,true
RØ,2220,Start,598,NÆ/86,598,0,0.0,true
RØ,2220,NÆ/86,598,HG/86,722,82,136.9,true
RØ,2220,HG/86,722,End,722,0,0.0,true
RØ,2221,Start,356,KH/86,356,0,0.0,true
RØ,2221,KH/86,356,NÆ/86,422,55,90.7,true
RØ,2221,NÆ/86,422,End,422,0,0.0,true
RØ,2224,Start,658,NÆ/86,658,0,0.0,true
RØ,2224,NÆ/86,658,HG/86,782,106,136.9,true
RØ,2224,HG/86,782,End,782,0,0.0,true
RØ,2225,Start,358,HG/86,358,0,0.0,true
RØ,2225,HG/86,358,NÆ/86,482,192,136.9,true
RØ,2225,NÆ/86,482,End,482,0,0.0,true
RØ,2228,Start,718,NÆ/86,718,0,0.0,true
RØ,2228,NÆ/86,718,HG/86,842,113,136.9,true
RØ,2228,HG/86,842,End,842,0,0.0,true
RØ,2229,Start,418,HG/86,418,0,0.0,true
RØ,2229,HG/86,418,NÆ/86,542,398,136.9,true
RØ,2229,NÆ/86,542,End,542,0,0.0,true
RØ,2232,Start,778,NÆ/86,778,0,0.0,true
RØ,2232,NÆ/86,778,HG/86,902,143,136.9,true
RØ,2232,HG/86,902,End,902,0,0.0,true
RØ,2233,Start,478,HG/86,478,0,0.0,true
RØ,2233,HG/86,478,NÆ/86,602,377,136.9,true
RØ,2233,NÆ/86,602,End,602,0,0.0,true
RØ,2236,Start,838,NÆ/86,838,0,0.0,true
RØ,2236,NÆ/86,838,HG/86,962,323,136.9,true
RØ,2236,HG/86,962,End,962,0,0.0,true
RØ,2237,Start,538,HG/86,538,0,0.0,true
RØ,2237,HG/86,538,NÆ/86,662,99,136.9,true
RØ,2237,NÆ/86,662,End,662,0,0.0,true
RØ,2240,Start,898,NÆ/86,898,0,0.0,true
RØ,2240,NÆ/86,898,HG/86,1022,415,136.9,true
RØ,2240,HG/86,1022,End,1022,0,0.0,true
RØ,2241,Start,598,HG/86,598,0,0.0,true
RØ,2241,HG/86,598,NÆ/86,722,106,136.9,true
RØ,2241,NÆ/86,722,End,722,0,0.0,true
RØ,2244,Start,958,NÆ/86,958,0,0.0,true
RØ,2244,NÆ/86,958,HG/86,1082,319,136.9,true
RØ,2244,HG/86,1082,End,1082,0,0.0,true
RØ,2245,Start,658,HG/86,658,0,0.0,true
RØ,2245,HG/86,658,NÆ/86,782,110,136.9,true
RØ,2245,NÆ/86,782,End,782,0,0.0,true
RØ,2248,Start,1018,NÆ/86,1018,0,0.0,true
RØ,2248,NÆ/86,1018,HG/86,1142,109,136.9,true
RØ,2248,HG/86,1142,End,1142,0,0.0,true
RØ,2249,Start,718,HG/86,718,0,0.0,true
RØ,2249,HG/86,718,NÆ/86,842,109,136.9,true
RØ,2249,NÆ/86,842,End,842,0,0.0,true
RØ,2252,Start,1078,NÆ/86,1078,0,0.0,true
RØ,2252,NÆ/86,1078,HG/86,1202,89,136.9,true
RØ,2252,HG/86,1202,End,1202,0,0.0,true
RØ,2253,Start,778,HG/86,778,0,0.0,true
RØ,2253,HG/86,778,NÆ/86,902,197,136.9,true
RØ,2253,NÆ/86,902,End,902,0,0.0,true
RØ,2256,Start,1138,NÆ/86,1138,0,0.0,true
RØ,2256,NÆ/86,1138,HG/86,1262,104,136.9,true
RØ,2256,HG/86,1262,End,1262,0,0.0,true
RØ,2257,Start,838,HG/86,838,0,0.0,true
RØ,2257,HG/86,838,NÆ/86,962,305,136.9,true
RØ,2257,NÆ/86,962,End,962,0,0.0,true
RØ,2260,Start,1198,NÆ/86,1198,0,0.0,true
RØ,2260,NÆ/86,1198,HG/86,1322,88,136.9,true
RØ,2260,HG/86,1322,End,1322,0,0.0,true
RØ,2261,Start,898,HG/86,898,0,0.0,true
RØ,2261,HG/86,898,NÆ/86,1022,437,136.9,true
RØ,2261,NÆ/86,1022,End,1022,0,0.0,true
RØ,2264,Start,1258,NÆ/86,1258,0,0.0,true
RØ,2264,NÆ/86,1258,HG/86,1382,125,136.9,true
RØ,2264,HG/86,1382,End,1382,0,0.0,true
RØ,2265,Start,958,HG/86,958,0,0.0,true
RØ,2265,HG/86,958,NÆ/86,1082,340,136.9,true
RØ,2265,NÆ/86,1082,End,1082,0,0.0,true
RØ,2268,Start,1318,NÆ/86,1318,0,0.0,true
RØ,2268,NÆ/86,1318,HG/86,1442,94,136.9,true
RØ,2268,HG/86,1442,End,1442,0,0.0,true
RØ,2269,Start,1018,HG/86,1018,0,0.0,true
RØ,2269,HG/86,1018,NÆ/86,1142,155,136.9,true
RØ,2269,NÆ/86,1142,End,1142,0,0.0,true
RØ,2270,Start,1365,NÆ/86,1365,0,0.0,true
RØ,2270,NÆ/86,1365,KH/86,1430,20,90.7,true
RØ,2270,KH/86,1430,End,1430,0,0.0,true
RØ,2272,Start,7,KH/86,7,0,0.0,true
RØ,2272,KH/86,7,HG/86,62,29,46.2,true
RØ,2272,HG/86,62,End,62,0,0.0,true
RØ,2273,Start,1078,HG/86,1078,0,0.0,true
RØ,2273,HG/86,1078,NÆ/86,1202,98,136.9,true
RØ,2273,NÆ/86,1202,End,1202,0,0.0,true
RØ,2277,Start,1138,HG/86,1138,0,0.0,true
RØ,2277,HG/86,1138,NÆ/86,1262,95,136.9,true
RØ,2277,NÆ/86,1262,End,1262,0,0.0,true
RØ,2281,Start,1198,HG/86,1198,0,0.0,true
RØ,2281,HG/86,1198,NÆ/86,1322,87,136.9,true
RØ,2281,NÆ/86,1322,End,1322,0,0.0,true
RØ,2287,Start,1273,HG/86,1273,0,0.0,true
RØ,2287,HG/86,1273,NÆ/86,1396,184,136.9,true
RØ,2287,NÆ/86,1396,End,1396,0,0.0,true
RØ,2291,Start,1390,KH/86,1390,0,0.0,true
RØ,2291,KH/86,1390,NÆ/86,1454,102,90.7,true
RØ,2291,NÆ/86,1454,End,1454,0,0.0,true
RØ,2297,Start,1438,HG/86,1438,0,0.0,true
RØ,2297,HG/86,1438,KH/86,1493,2,46.2,true
RØ,2297,KH/86,1493,End,1493,0,0.0,true
RØ,2299,Start,70,KH/86,70,0,0.0,true
RØ,2299,KH/86,70,NÆ/86,134,28,90.7,true
RØ,2299,NÆ/86,134,End,134,0,0.0,true
IC,2304,Start,307,FA/86,307,0,0.0,true
IC,2304,FA/86,307,ES/86,370,19,88.5,true
IC,2304,ES/86,370,End,370,0,0.0,true
IC,2308,Start,367,FA/86,367,0,0.0,true
IC,2308,FA/86,367,ES/86,430,44,88.5,true
IC,2308,ES/86,430,End,430,0,0.0,true
IC,2312,Start,411,FA/86,411,0,0.0,true
IC,2312,FA/86,411,ES/86,474,81,88.5,true
IC,2312,ES/86,474,End,474,0,0.0,true
IC,2313,Start,303,ES/86,303,0,0.0,true
IC,2313,ES/86,303,FA/86,367,49,88.5,true
IC,2313,FA/86,367,End,367,0,0.0,true
IC,2316,Start,471,FA/86,471,0,0.0,true
IC,2316,FA/86,471,ES/86,534,132,88.5,true
IC,2316,ES/86,534,End,534,0,0.0,true
IC,2317,Start,362,ES/86,362,0,0.0,true
IC,2317,ES/86,362,FA/86,427,86,88.5,true
IC,2317,FA/86,427,End,427,0,0.0,true
RV,2320,Start,531,FA/86,531,0,0.0,true
RV,2320,FA/86,531,ES/86,594,37,88.5,true
RV,2320,ES/86,594,End,594,0,0.0,true
IC,2321,Start,422,ES/86,422,0,0.0,true
IC,2321,ES/86,422,FA/86,487,67,88.5,true
IC,2321,FA/86,487,End,487,0,0.0,true
IC,2324,Start,591,FA/86,591,0,0.0,true
IC,2324,FA/86,591,ES/86,654,100,88.5,true
IC,2324,ES/86,654,End,654,0,0.0,true
RV,2325,Start,484,ES/86,484,0,0.0,true
RV,2325,ES/86,484,FA/86,549,54,88.5,true
RV,2325,FA/86,549,End,549,0,0.0,true
IC,2328,Start,651,FA/86,651,0,0.0,true
IC,2328,FA/86,651,ES/86,714,37,88.5,true
IC,2328,ES/86,714,End,714,0,0.0,true
IC,2329,Start,543,ES/86,543,0,0.0,true
IC,2329,ES/86,543,FA/86,607,30,88.5,true
IC,2329,FA/86,607,End,607,0,0.0,true
IC,2332,Start,711,FA/86,711,0,0.0,true
IC,2332,FA/86,711,ES/86,774,82,88.5,true
IC,2332,ES/86,774,End,774,0,0.0,true
IC,2333,Start,603,ES/86,603,0,0.0,true
IC,2333,ES/86,603,FA/86,667,59,88.5,true
IC,2333,FA/86,667,End,667,0,0.0,true
RV,2336,Start,771,FA/86,771,0,0.0,true
RV,2336,FA/86,771,ES/86,834,43,88.5,true
RV,2336,ES/86,834,End,834,0,0.0,true
IC,2337,Start,663,ES/86,663,0,0.0,true
IC,2337,ES/86,663,FA/86,727,69,88.5,true
IC,2337,FA/86,727,End,727,0,0.0,true
IC,2340,Start,831,FA/86,831,0,0.0,true
IC,2340,FA/86,831,ES/86,894,108,88.5,true
IC,2340,ES/86,894,End,894,0,0.0,true
RV,2341,Start,724,ES/86,724,0,0.0,true
RV,2341,ES/86,724,FA/86,789,26,88.5,true
RV,2341,FA/86,789,End,789,0,0.0,true
IC,2344,Start,891,FA/86,891,0,0.0,true
IC,2344,FA/86,891,ES/86,954,124,88.5,true
IC,2344,ES/86,954,End,954,0,0.0,true
IC,2345,Start,783,ES/86,783,0,0.0,true
IC,2345,ES/86,783,FA/86,847,82,88.5,true
IC,2345,FA/86,847,End,847,0,0.0,true
IC,2348,Start,951,FA/86,951,0,0.0,true
IC,2348,FA/86,951,ES/86,1014,109,88.5,true
IC,2348,ES/86,1014,End,1014,0,0.0,true
IC,2349,Start,843,ES/86,843,0,0.0,true
IC,2349,ES/86,843,FA/86,907,88,88.5,true
IC,2349,FA/86,907,End,907,0,0.0,true
RV,2352,Start,1011,FA/86,1011,0,0.0,true
RV,2352,FA/86,1011,ES/86,1074,55,88.5,true
RV,2352,ES/86,1074,End,1074,0,0.0,true
IC,2353,Start,903,ES/86,903,0,0.0,true
IC,2353,ES/86,903,FA/86,967,147,88.5,true
IC,2353,FA/86,967,End,967,0,0.0,true
IC,2356,Start,1071,FA/86,1071,0,0.0,true
IC,2356,FA/86,1071,ES/86,1134,82,88.5,true
IC,2356,ES/86,1134,End,1134,0,0.0,true
RV,2357,Start,964,ES/86,964,0,0.0,true
RV,2357,ES/86,964,FA/86,1029,146,88.5,true
RV,2357,FA/86,1029,End,1029,0,0.0,true
IC,2360,Start,1131,FA/86,1131,0,0.0,true
IC,2360,FA/86,1131,ES/86,1194,44,88.5,true
IC,2360,ES/86,1194,End,1194,0,0.0,true
IC,2361,Start,1023,ES/86,1023,0,0.0,true
IC,2361,ES/86,1023,FA/86,1087,72,88.5,true
IC,2361,FA/86,1087,End,1087,0,0.0,true
IC,2364,Start,1191,FA/86,1191,0,0.0,true
IC,2364,FA/86,1191,ES/86,1254,73,88.5,true
IC,2364,ES/86,1254,End,1254,0,0.0,true
IC,2365,Start,1083,ES/86,1083,0,0.0,true
IC,2365,ES/86,1083,FA/86,1147,46,88.5,true
IC,2365,FA/86,1147,End,1147,0,0.0,true
IC,2368,Start,1251,FA/86,1251,0,0.0,true
IC,2368,FA/86,1251,ES/86,1314,55,88.5,true
IC,2368,ES/86,1314,End,1314,0,0.0,true
IC,2369,Start,1143,ES/86,1143,0,0.0,true
IC,2369,ES/86,1143,FA/86,1207,55,88.5,true
IC,2369,FA/86,1207,End,1207,0,0.0,true
IC,2371,Start,1203,ES/86,1203,0,0.0,true
IC,2371,ES/86,1203,FA/86,1267,78,88.5,true
IC,2371,FA/86,1267,End,1267,0,0.0,true
IC,2374,Start,1311,FA/86,1311,0,0.0,true
IC,2374,FA/86,1311,ES/86,1374,35,88.5,true
IC,2374,ES/86,1374,End,1374,0,0.0,true
IC,2376,Start,1392,FA/86,1392,0,0.0,true
IC,2376,FA/86,1392,ES/86,1455,55,88.5,true
IC,2376,ES/86,1455,End,1455,0,0.0,true
IC,2377,Start,1263,ES/86,1263,0,0.0,true
IC,2377,ES/86,1263,FA/86,1327,48,88.5,true
IC,2377,FA/86,1327,End,1327,0,0.0,true
IC,2383,Start,1361,ES/86,1361,0,0.0,true
IC,2383,ES/86,1361,FA/86,1425,26,88.5,true
IC,2383,FA/86,1425,End,1425,0,0.0,true
IC,2387,Start,1421,ES/86,1421,0,0.0,true
IC,2387,ES/86,1421,FA/86,1485,3,88.5,true
IC,2387,FA/86,1485,End,1485,0,0.0,true
RØ,2400,Start,276,NÆ/86,276,0,0.0,true
RØ,2400,NÆ/86,276,KH/86,343,55,79.2,true
RØ,2400,KH/86,343,End,343,0,0.0,true
RØ,2404,Start,336,NÆ/86,336,0,0.0,true
RØ,2404,NÆ/86,336,KH/86,403,122,79.2,true
RØ,2404,KH/86,403,End,403,0,0.0,true
RØ,2408,Start,396,NÆ/86,396,0,0.0,true
RØ,2408,NÆ/86,396,KH/86,463,300,79.2,true
RØ,2408,KH/86,463,End,463,0,0.0,true
RØ,2412,Start,456,NÆ/86,456,0,0.0,true
RØ,2412,NÆ/86,456,KK/86,532,231,82.3,true
RØ,2412,KK/86,532,End,532,0,0.0,true
RØ,2416,Start,516,NÆ/86,516,0,0.0,true
RØ,2416,NÆ/86,516,KK/86,592,123,82.3,true
RØ,2416,KK/86,592,End,592,0,0.0,true
RØ,2419,Start,317,KH/86,317,0,0.0,true
RØ,2419,KH/86,317,NÆ/86,382,19,79.2,true
RØ,2419,NÆ/86,382,End,382,0,0.0,true
RØ,2420,Start,576,NÆ/86,576,0,0.0,true
RØ,2420,NÆ/86,576,KK/86,652,64,82.3,true
RØ,2420,KK/86,652,End,652,0,0.0,true
RØ,2423,Start,377,KH/86,377,0,0.0,true
RØ,2423,KH/86,377,NÆ/86,442,43,79.2,true
RØ,2423,NÆ/86,442,End,442,0,0.0,true
RØ,2424,Start,636,NÆ/86,636,0,0.0,true
RØ,2424,NÆ/86,636,KH/86,703,51,79.2,true
RØ,2424,KH/86,703,End,703,0,0.0,true
RØ,2427,Start,437,KH/86,437,0,0.0,true
RØ,2427,KH/86,437,NÆ/86,502,85,79.2,true
RØ,2427,NÆ/86,502,End,502,0,0.0,true
RØ,2428,Start,696,NÆ/86,696,0,0.0,true
RØ,2428,NÆ/86,696,KK/86,772,64,82.3,true
RØ,2428,KK/86,772,End,772,0,0.0,true
RØ,2431,Start,497,KH/86,497,0,0.0,true
RØ,2431,KH/86,497,NÆ/86,562,63,79.2,true
RØ,2431,NÆ/86,562,End,562,0,0.0,true
RØ,2432,Start,756,NÆ/86,756,0,0.0,true
RØ,2432,NÆ/86,756,KK/86,832,47,82.3,true
RØ,2432,KK/86,832,End,832,0,0.0,true
RØ,2435,Start,557,KH/86,557,0,0.0,true
RØ,2435,KH/86,557,NÆ/86,622,45,79.2,true
RØ,2435,NÆ/86,622,End,622,0,0.0,true
RØ,2436,Start,816,NÆ/86,816,0,0.0,true
RØ,2436,NÆ/86,816,KH/86,883,84,79.2,true
RØ,2436,KH/86,883,End,883,0,0.0,true
RØ,2439,Start,608,KK/86,608,0,0.0,true
RØ,2439,KK/86,608,NÆ/86,682,33,82.3,true
RØ,2439,NÆ/86,682,End,682,0,0.0,true
RØ,2440,Start,876,NÆ/86,876,0,0.0,true
RØ,2440,NÆ/86,876,KH/86,943,90,79.2,true
RØ,2440,KH/86,943,End,943,0,0.0,true
RØ,2443,Start,668,KK/86,668,0,0.0,true
RØ,2443,KK/86,668,NÆ/86,742,42,82.3,true
RØ,2443,NÆ/86,742,End,742,0,0.0,true
RØ,2444,Start,936,NÆ/86,936,0,0.0,true
RØ,2444,NÆ/86,936,KH/86,1003,107,79.2,true
RØ,2444,KH/86,1003,End,1003,0,0.0,true
RØ,2447,Start,728,KK/86,728,0,0.0,true
RØ,2447,KK/86,728,NÆ/86,802,55,82.3,true
RØ,2447,NÆ/86,802,End,802,0,0.0,true
RØ,2448,Start,996,NÆ/86,996,0,0.0,true
RØ,2448,NÆ/86,996,KH/86,1063,56,79.2,true
RØ,2448,KH/86,1063,End,1063,0,0.0,true
RØ,2451,Start,788,KK/86,788,0,0.0,true
RØ,2451,KK/86,788,NÆ/86,862,78,82.3,true
RØ,2451,NÆ/86,862,End,862,0,0.0,true
RØ,2452,Start,1056,NÆ/86,1056,0,0.0,true
RØ,2452,NÆ/86,1056,KH/86,1123,44,79.2,true
RØ,2452,KH/86,1123,End,1123,0,0.0,true
RØ,2455,Start,848,KK/86,848,0,0.0,true
RØ,2455,KK/86,848,NÆ/86,922,132,82.3,true
RØ,2455,NÆ/86,922,End,922,0,0.0,true
RØ,2456,Start,1116,NÆ/86,1116,0,0.0,true
RØ,2456,NÆ/86,1116,KK/86,1192,33,82.3,true
RØ,2456,KK/86,1192,End,1192,0,0.0,true
RØ,2459,Start,908,KK/86,908,0,0.0,true
RØ,2459,KK/86,908,NÆ/86,982,235,82.3,true
RØ,2459,NÆ/86,982,End,982,0,0.0,true
RØ,2460,Start,1176,NÆ/86,1176,0,0.0,true
RØ,2460,NÆ/86,1176,KH/86,1243,52,79.2,true
RØ,2460,KH/86,1243,End,1243,0,0.0,true
RØ,2463,Start,977,KH/86,977,0,0.0,true
RØ,2463,KH/86,977,NÆ/86,1042,386,79.2,true
RØ,2463,NÆ/86,1042,End,1042,0,0.0,true
RØ,2464,Start,1236,NÆ/86,1236,0,0.0,true
RØ,2464,NÆ/86,1236,KH/86,1303,46,79.2,true
RØ,2464,KH/86,1303,End,1303,0,0.0,true
RØ,2467,Start,1037,KH/86,1037,0,0.0,true
RØ,2467,KH/86,1037,NÆ/86,1102,176,79.2,true
RØ,2467,NÆ/86,1102,End,1102,0,0.0,true
RØ,2468,Start,1296,NÆ/86,1296,0,0.0,true
RØ,2468,NÆ/86,1296,KH/86,1363,24,79.2,true
RØ,2468,KH/86,1363,End,1363,0,0.0,true
RØ,2471,Start,1097,KH/86,1097,0,0.0,true
RØ,2471,KH/86,1097,NÆ/86,1162,88,79.2,true
RØ,2471,NÆ/86,1162,End,1162,0,0.0,true
RØ,2474,Start,1356,NÆ/86,1356,0,0.0,true
RØ,2474,NÆ/86,1356,KK/86,1440,25,82.3,true
RØ,2474,KK/86,1440,End,1440,0,0.0,true
RØ,2475,Start,1157,KH/86,1157,0,0.0,true
RØ,2475,KH/86,1157,NÆ/86,1222,71,79.2,true
RØ,2475,NÆ/86,1222,End,1222,0,0.0,true
RØ,2476,Start,1416,NÆ/86,1416,0,0.0,true
RØ,2476,NÆ/86,1416,HGL/86,1506,1,84.4,true
RØ,2476,HGL/86,1506,End,1506,0,0.0,true
RØ,2479,Start,1208,KK/86,1208,0,0.0,true
RØ,2479,KK/86,1208,NÆ/86,1282,75,82.3,true
RØ,2479,NÆ/86,1282,End,1282,0,0.0,true
RØ,2483,Start,1268,KK/86,1268,0,0.0,true
RØ,2483,KK/86,1268,NÆ/86,1342,71,82.3,true
RØ,2483,NÆ/86,1342,End,1342,0,0.0,true
RØ,2487,Start,1328,KK/86,1328,0,0.0,true
RØ,2487,KK/86,1328,NÆ/86,1402,66,82.3,true
RØ,2487,NÆ/86,1402,End,1402,0,0.0,true
RØ,2491,Start,1397,KH/86,1397,0,0.0,true
RØ,2491,KH/86,1397,NÆ/86,1462,49,79.2,true
RØ,2491,NÆ/86,1462,End,1462,0,0.0,true
RØ,2495,Start,17,KH/86,17,0,0.0,true
RØ,2495,KH/86,17,NÆ/86,77,22,79.2,true
RØ,2495,NÆ/86,77,End,77,0,0.0,true
RØ,2500,Start,352,KH/86,352,0,0.0,true
RØ,2500,KH/86,352,HG/86,407,13,46.2,true
RØ,2500,HG/86,407,End,407,0,0.0,true
RØ,2502,Start,353,HK/86,353,0,0.0,true
RØ,2502,HK/86,353,HG/86,467,206,113.3,true
RØ,2502,HG/86,467,End,467,0,0.0,true
RØ,2506,Start,413,HK/86,413,0,0.0,true
RØ,2506,HK/86,413,HG/86,527,523,113.3,true
RØ,2506,HG/86,527,End,527,0,0.0,true
RØ,2510,Start,473,HK/86,473,0,0.0,true
RØ,2510,HK/86,473,HG/86,587,424,113.3,true
RØ,2510,HG/86,587,End,587,0,0.0,true
RØ,2514,Start,533,HK/86,533,0,0.0,true
RØ,2514,HK/86,533,HG/86,647,279,113.3,true
RØ,2514,HG/86,647,End,647,0,0.0,true
RØ,2518,Start,593,HK/86,593,0,0.0,true
RØ,2518,HK/86,593,HG/86,707,131,113.3,true
RØ,2518,HG/86,707,End,707,0,0.0,true
RØ,2519,Start,312,KH/86,312,0,0.0,true
RØ,2519,KH/86,312,HK/86,367,18,67.1,true
RØ,2519,HK/86,367,End,367,0,0.0,true
RØ,2522,Start,653,HK/86,653,0,0.0,true
RØ,2522,HK/86,653,HG/86,767,148,113.3,true
RØ,2522,HG/86,767,End,767,0,0.0,true
RØ,2523,Start,356,HGL/86,356,0,0.0,true
RØ,2523,HGL/86,356,HK/86,427,55,72.3,true
RØ,2523,HK/86,427,End,427,0,0.0,true
RØ,2526,Start,713,HK/86,713,0,0.0,true
RØ,2526,HK/86,713,HG/86,827,163,113.3,true
RØ,2526,HG/86,827,End,827,0,0.0,true
RØ,2527,Start,373,HG/86,373,0,0.0,true
RØ,2527,HG/86,373,HK/86,487,360,113.3,true
RØ,2527,HK/86,487,End,487,0,0.0,true
RØ,2530,Start,773,HK/86,773,0,0.0,true
RØ,2530,HK/86,773,HG/86,887,161,113.3,true
RØ,2530,HG/86,887,End,887,0,0.0,true
RØ,2531,Start,433,HG/86,433,0,0.0,true
RØ,2531,HG/86,433,HK/86,547,421,113.3,true
RØ,2531,HK/86,547,End,547,0,0.0,true
RØ,2534,Start,833,HK/86,833,0,0.0,true
RØ,2534,HK/86,833,HG/86,947,211,113.3,true
RØ,2534,HG/86,947,End,947,0,0.0,true
RØ,2535,Start,493,HG/86,493,0,0.0,true
RØ,2535,HG/86,493,HK/86,607,259,113.3,true
RØ,2535,HK/86,607,End,607,0,0.0,true
RØ,2538,Start,893,HK/86,893,0,0.0,true
RØ,2538,HK/86,893,HG/86,1007,354,113.3,true
RØ,2538,HG/86,1007,End,1007,0,0.0,true
RØ,2539,Start,553,HG/86,553,0,0.0,true
RØ,2539,HG/86,553,HK/86,667,198,113.3,true
RØ,2539,HK/86,667,End,667,0,0.0,true
RØ,2542,Start,953,HK/86,953,0,0.0,true
RØ,2542,HK/86,953,HG/86,1067,315,113.3,true
RØ,2542,HG/86,1067,End,1067,0,0.0,true
RØ,2543,Start,613,HG/86,613,0,0.0,true
RØ,2543,HG/86,613,HK/86,727,104,113.3,true
RØ,2543,HK/86,727,End,727,0,0.0,true
RØ,2546,Start,1013,HK/86,1013,0,0.0,true
RØ,2546,HK/86,1013,HG/86,1127,170,113.3,true
RØ,2546,HG/86,1127,End,1127,0,0.0,true
RØ,2547,Start,673,HG/86,673,0,0.0,true
RØ,2547,HG/86,673,HK/86,787,122,113.3,true
RØ,2547,HK/86,787,End,787,0,0.0,true
RØ,2550,Start,1073,HK/86,1073,0,0.0,true
RØ,2550,HK/86,1073,HG/86,1187,107,113.3,true
RØ,2550,HG/86,1187,End,1187,0,0.0,true
RØ,2551,Start,733,HG/86,733,0,0.0,true
RØ,2551,HG/86,733,HK/86,847,144,113.3,true
RØ,2551,HK/86,847,End,847,0,0.0,true
RØ,2554,Start,1133,HK/86,1133,0,0.0,true
RØ,2554,HK/86,1133,HG/86,1247,80,113.3,true
RØ,2554,HG/86,1247,End,1247,0,0.0,true
RØ,2555,Start,793,HG/86,793,0,0.0,true
RØ,2555,HG/86,793,HK/86,907,233,113.3,true
RØ,2555,HK/86,907,End,907,0,0.0,true
RØ,2558,Start,1193,HK/86,1193,0,0.0,true
RØ,2558,HK/86,1193,HG/86,1307,135,113.3,true
RØ,2558,HG/86,1307,End,1307,0,0.0,true
RØ,2559,Start,853,HG/86,853,0,0.0,true
RØ,2559,HG/86,853,HK/86,967,354,113.3,true
RØ,2559,HK/86,967,End,967,0,0.0,true
RØ,2562,Start,1253,HK/86,1253,0,0.0,true
RØ,2562,HK/86,1253,HGL/86,1324,52,72.3,true
RØ,2562,HGL/86,1324,End,1324,0,0.0,true
RØ,2563,Start,913,HG/86,913,0,0.0,true
RØ,2563,HG/86,913,HK/86,1027,431,113.3,true
RØ,2563,HK/86,1027,End,1027,0,0.0,true
RØ,2566,Start,1313,HK/86,1313,0,0.0,true
RØ,2566,HK/86,1313,HGL/86,1384,40,72.3,true
RØ,2566,HGL/86,1384,End,1384,0,0.0,true
RØ,2567,Start,973,HG/86,973,0,0.0,true
RØ,2567,HG/86,973,HK/86,1087,354,113.3,true
RØ,2567,HK/86,1087,End,1087,0,0.0,true
RØ,2571,Start,1033,HG/86,1033,0,0.0,true
RØ,2571,HG/86,1033,HK/86,1147,161,113.3,true
RØ,2571,HK/86,1147,End,1147,0,0.0,true
RØ,2575,Start,1093,HG/86,1093,0,0.0,true
RØ,2575,HG/86,1093,HK/86,1207,106,113.3,true
RØ,2575,HK/86,1207,End,1207,0,0.0,true
RØ,2579,Start,1153,HG/86,1153,0,0.0,true
RØ,2579,HG/86,1153,KH/86,1208,52,46.2,true
RØ,2579,KH/86,1208,End,1208,0,0.0,true
RØ,2583,Start,1213,HG/86,1213,0,0.0,true
RØ,2583,HG/86,1213,RO/86,1298,86,77.5,true
RØ,2583,RO/86,1298,End,1298,0,0.0,true
RØ,2595,Start,1408,HG/86,1408,0,0.0,true
RØ,2595,HG/86,1408,HK/86,1525,33,113.3,true
RØ,2595,HK/86,1525,End,1525,0,0.0,true
RØ,2599,Start,28,HG/86,28,0,0.0,true
RØ,2599,HG/86,28,KH/86,83,16,46.2,true
RØ,2599,KH/86,83,End,83,0,0.0,true
RV,2710,Start,371,FA/86,371,0,0.0,true
RV,2710,FA/86,371,OD/86,436,29,60.3,true
RV,2710,OD/86,436,End,436,0,0.0,true
RV,2715,Start,400,OD/86,400,0,0.0,true
RV,2715,OD/86,400,FA/86,450,29,60.3,true
RV,2715,FA/86,450,End,450,0,0.0,true
RV,2720,Start,510,FA/86,510,0,0.0,true
RV,2720,FA/86,510,OD/86,564,27,60.3,true
RV,2720,OD/86,564,End,564,0,0.0,true
RV,2727,Start,526,OD/86,526,0,0.0,true
RV,2727,OD/86,526,FA/86,588,10,60.3,true
RV,2727,FA/86,588,End,588,0,0.0,true
RV,2728,Start,635,FA/86,635,0,0.0,true
RV,2728,FA/86,635,OD/86,694,11,60.3,true
RV,2728,OD/86,694,End,694,0,0.0,true
RV,2733,Start,639,OD/86,639,0,0.0,true
RV,2733,OD/86,639,FA/86,689,8,60.3,true
RV,2733,FA/86,689,End,689,0,0.0,true
RV,2736,Start,750,FA/86,750,0,0.0,true
RV,2736,FA/86,750,OD/86,801,15,60.3,true
RV,2736,OD/86,801,End,801,0,0.0,true
RV,2741,Start,758,OD/86,758,0,0.0,true
RV,2741,OD/86,758,FA/86,811,19,60.3,true
RV,2741,FA/86,811,End,811,0,0.0,true
RV,2742,Start,873,FA/86,873,0,0.0,true
RV,2742,FA/86,873,OD/86,934,30,60.3,true
RV,2742,OD/86,934,End,934,0,0.0,true
RV,2751,Start,885,OD/86,885,0,0.0,true
RV,2751,OD/86,885,FA/86,948,52,60.3,true
RV,2751,FA/86,948,End,948,0,0.0,true
RV,2754,Start,1000,FA/86,1000,0,0.0,true
RV,2754,FA/86,1000,OD/86,1067,12,60.3,true
RV,2754,OD/86,1067,End,1067,0,0.0,true
RV,2759,Start,1005,OD/86,1005,0,0.0,true
RV,2759,OD/86,1005,FA/86,1068,45,60.3,true
RV,2759,FA/86,1068,End,1068,0,0.0,true
RV,2760,Start,1110,FA/86,1110,0,0.0,true
RV,2760,FA/86,1110,OD/86,1164,16,60.3,true
RV,2760,OD/86,1164,End,1164,0,0.0,true
RV,2765,Start,1116,OD/86,1116,0,0.0,true
RV,2765,OD/86,1116,FA/86,1170,19,60.3,true
RV,2765,FA/86,1170,End,1170,0,0.0,true
RV,2768,Start,1230,FA/86,1230,0,0.0,true
RV,2768,FA/86,1230,OD/86,1284,58,60.3,true
RV,2768,OD/86,1284,End,1284,0,0.0,true
RR,2776,Start,1347,FA/86,1347,0,0.0,true
RR,2776,FA/86,1347,OD/86,1401,15,60.3,true
RR,2776,OD/86,1401,End,1401,0,0.0,true
RV,2777,Start,1296,OD/86,1296,0,0.0,true
RV,2777,OD/86,1296,FA/86,1350,37,60.3,true
RV,2777,FA/86,1350,End,1350,0,0.0,true
RV,2785,Start,1416,OD/86,1416,0,0.0,true
RV,2785,OD/86,1416,FA/86,1470,14,60.3,true
RV,2785,FA/86,1470,End,1470,0,0.0,true
RV,2909,Start,314,FA/86,314,0,0.0,true
RV,2909,FA/86,314,AR/86,383,41,108.5,false
RV,2909,AR/86,383,End,383,0,0.0,true
RV,2912,Start,338,AR/86,338,0,0.0,true
RV,2912,AR/86,338,FA/86,406,85,108.5,false
RV,2912,FA/86,406,End,406,0,0.0,true
RV,2913,Start,376,FA/86,376,0,0.0,true
RV,2913,FA/86,376,AR/86,446,54,108.5,false
RV,2913,AR/86,446,End,446,0,0.0,true
RV,2916,Start,398,AR/86,398,0,0.0,true
RV,2916,AR/86,398,FA/86,466,117,108.5,false
RV,2916,FA/86,466,End,466,0,0.0,true
RV,2917,Start,432,FA/86,432,0,0.0,true
RV,2917,FA/86,432,AR/86,500,104,108.5,false
RV,2917,AR/86,500,End,500,0,0.0,true
RV,2920,Start,458,AR/86,458,0,0.0,true
RV,2920,AR/86,458,FA/86,526,138,108.5,false
RV,2920,FA/86,526,End,526,0,0.0,true
RV,2921,Start,494,FA/86,494,0,0.0,true
RV,2921,FA/86,494,AR/86,563,33,108.5,false
RV,2921,AR/86,563,End,563,0,0.0,true
RV,2924,Start,518,AR/86,518,0,0.0,true
RV,2924,AR/86,518,FA/86,586,139,108.5,false
RV,2924,FA/86,586,End,586,0,0.0,true
RV,2925,Start,554,FA/86,554,0,0.0,true
RV,2925,FA/86,554,AR/86,623,98,108.5,false
RV,2925,AR/86,623,End,623,0,0.0,true
RV,2928,Start,578,AR/86,578,0,0.0,true
RV,2928,AR/86,578,FA/86,646,101,108.5,false
RV,2928,FA/86,646,End,646,0,0.0,true
RV,2929,Start,614,FA/86,614,0,0.0,true
RV,2929,FA/86,614,AR/86,683,34,108.5,false
RV,2929,AR/86,683,End,683,0,0.0,true
RV,2932,Start,638,AR/86,638,0,0.0,true
RV,2932,AR/86,638,FA/86,706,99,108.5,false
RV,2932,FA/86,706,End,706,0,0.0,true
RV,2933,Start,674,FA/86,674,0,0.0,true
RV,2933,FA/86,674,AR/86,743,30,108.5,false
RV,2933,AR/86,743,End,743,0,0.0,true
RV,2936,Start,698,AR/86,698,0,0.0,true
RV,2936,AR/86,698,FA/86,766,142,108.5,false
RV,2936,FA/86,766,End,766,0,0.0,true
RV,2937,Start,734,FA/86,734,0,0.0,true
RV,2937,FA/86,734,AR/86,803,35,108.5,false
RV,2937,AR/86,803,End,803,0,0.0,true
RV,2940,Start,758,AR/86,758,0,0.0,true
RV,2940,AR/86,758,FA/86,826,164,108.5,false
RV,2940,FA/86,826,End,826,0,0.0,true
RV,2941,Start,794,FA/86,794,0,0.0,true
RV,2941,FA/86,794,AR/86,863,43,108.5,false
RV,2941,AR/86,863,End,863,0,0.0,true
RV,2944,Start,818,AR/86,818,0,0.0,true
RV,2944,AR/86,818,FA/86,886,110,108.5,false
RV,2944,FA/86,886,End,886,0,0.0,true
RV,2945,Start,854,FA/86,854,0,0.0,true
RV,2945,FA/86,854,AR/86,923,51,108.5,false
RV,2945,AR/86,923,End,923,0,0.0,true
RV,2948,Start,878,AR/86,878,0,0.0,true
RV,2948,AR/86,878,FA/86,946,230,108.5,false
RV,2948,FA/86,946,End,946,0,0.0,true
RV,2949,Start,914,FA/86,914,0,0.0,true
RV,2949,FA/86,914,AR/86,983,100,108.5,false
RV,2949,AR/86,983,End,983,0,0.0,true
RV,2952,Start,938,AR/86,938,0,0.0,true
RV,2952,AR/86,938,FA/86,1006,157,108.5,false
RV,2952,FA/86,1006,End,1006,0,0.0,true
RV,2953,Start,974,FA/86,974,0,0.0,true
RV,2953,FA/86,974,AR/86,1043,102,108.5,false
RV,2953,AR/86,1043,End,1043,0,0.0,true
RV,2956,Start,998,AR/86,998,0,0.0,true
RV,2956,AR/86,998,FA/86,1066,193,108.5,false
RV,2956,FA/86,1066,End,1066,0,0.0,true
RV,2957,Start,1034,FA/86,1034,0,0.0,true
RV,2957,FA/86,1034,AR/86,1103,243,108.5,false
RV,2957,AR/86,1103,End,1103,0,0.0,true
RV,2960,Start,1058,AR/86,1058,0,0.0,true
RV,2960,AR/86,1058,FA/86,1126,94,108.5,false
RV,2960,FA/86,1126,End,1126,0,0.0,true
RV,2961,Start,1094,FA/86,1094,0,0.0,true
RV,2961,FA/86,1094,AR/86,1163,30,108.5,false
RV,2961,AR/86,1163,End,1163,0,0.0,true
RV,2964,Start,1118,AR/86,1118,0,0.0,true
RV,2964,AR/86,1118,FA/86,1186,112,108.5,false
RV,2964,FA/86,1186,End,1186,0,0.0,true
RV,2965,Start,1154,FA/86,1154,0,0.0,true
RV,2965,FA/86,1154,AR/86,1223,19,108.5,false
RV,2965,AR/86,1223,End,1223,0,0.0,true
RV,2968,Start,1178,AR/86,1178,0,0.0,true
RV,2968,AR/86,1178,FA/86,1246,38,108.5,false
RV,2968,FA/86,1246,End,1246,0,0.0,true
RV,2969,Start,1214,FA/86,1214,0,0.0,true
RV,2969,FA/86,1214,AR/86,1283,55,108.5,false
RV,2969,AR/86,1283,End,1283,0,0.0,true
RV,2972,Start,1238,AR/86,1238,0,0.0,true
RV,2972,AR/86,1238,FA/86,1306,61,108.5,false
RV,2972,FA/86,1306,End,1306,0,0.0,true
RV,2973,Start,1274,FA/86,1274,0,0.0,true
RV,2973,FA/86,1274,AR/86,1343,14,108.5,false
RV,2973,AR/86,1343,End,1343,0,0.0,true
RV,2974,Start,1348,FA/86,1348,0,0.0,true
RV,2974,FA/86,1348,KD/86,1359,3,19.9,true
RV,2974,KD/86,1359,End,1359,0,0.0,true
RV,2976,Start,1298,AR/86,1298,0,0.0,true
RV,2976,AR/86,1298,FA/86,1366,45,108.5,false
RV,2976,FA/86,1366,End,1366,0,0.0,true
RV,2980,Start,1358,AR/86,1358,0,0.0,true
RV,2980,AR/86,1358,FA/86,1426,54,108.5,false
RV,2980,FA/86,1426,End,1426,0,0.0,true
RV,2981,Start,1369,KD/86,1369,0,0.0,true
RV,2981,KD/86,1369,FA/86,1381,2,19.9,true
RV,2981,FA/86,1381,End,1381,0,0.0,true
RØ,3206,Start,363,NF/86,363,0,0.0,true
RØ,3206,NF/86,363,KH/86,437,173,144.7,false
RØ,3206,KH/86,437,End,437,0,0.0,true
RØ,3306,Start,437,RO/86,437,0,0.0,true
RØ,3306,RO/86,437,KK/86,469,193,34.4,true
RØ,3306,KK/86,469,End,469,0,0.0,true
RØ,3310,Start,497,RO/86,497,0,0.0,true
RØ,3310,RO/86,497,KK/86,529,164,34.4,true
RØ,3310,KK/86,529,End,529,0,0.0,true
RØ,3327,Start,446,KK/86,446,0,0.0,true
RØ,3327,KK/86,446,RO/86,478,187,34.4,true
RØ,3327,RO/86,478,End,478,0,0.0,true
RØ,3359,Start,905,HGL/86,905,0,0.0,true
RØ,3359,HGL/86,905,RO/86,943,144,36.5,true
RØ,3359,RO/86,943,End,943,0,0.0,true
RØ,3363,Start,965,HGL/86,965,0,0.0,true
RØ,3363,HGL/86,965,RO/86,1003,177,36.5,true
RØ,3363,RO/86,1003,End,1003,0,0.0,true
RØ,3400,Start,346,KH/86,346,0,0.0,true
RØ,3400,KH/86,346,HG/86,396,24,46.2,true
RØ,3400,HG/86,396,End,396,0,0.0,true
RØ,3402,Start,376,KH/86,376,0,0.0,true
RØ,3402,KH/86,376,HG/86,426,38,46.2,true
RØ,3402,HG/86,426,End,426,0,0.0,true
RØ,3404,Start,406,KH/86,406,0,0.0,true
RØ,3404,KH/86,406,HG/86,456,50,46.2,true
RØ,3404,HG/86,456,End,456,0,0.0,true
RØ,3406,Start,436,KH/86,436,0,0.0,true
RØ,3406,KH/86,436,HG/86,486,134,46.2,true
RØ,3406,HG/86,486,End,486,0,0.0,true
RR,3408,Start,466,KH/86,466,0,0.0,true
RR,3408,KH/86,466,HG/86,516,109,46.2,true
RR,3408,HG/86,516,End,516,0,0.0,true
RØ,3427,Start,384,HG/86,384,0,0.0,true
RØ,3427,HG/86,384,KH/86,434,140,46.2,true
RØ,3427,KH/86,434,End,434,0,0.0,true
RØ,3429,Start,414,HG/86,414,0,0.0,true
RØ,3429,HG/86,414,KH/86,464,292,46.2,true
RØ,3429,KH/86,464,End,464,0,0.0,true
RØ,3431,Start,444,HG/86,444,0,0.0,true
RØ,3431,HG/86,444,KH/86,494,302,46.2,true
RØ,3431,KH/86,494,End,494,0,0.0,true
RØ,3433,Start,474,HG/86,474,0,0.0,true
RØ,3433,HG/86,474,KH/86,524,332,46.2,true
RØ,3433,KH/86,524,End,524,0,0.0,true
RØ,3434,Start,856,KH/86,856,0,0.0,true
RØ,3434,KH/86,856,HG/86,906,194,46.2,true
RØ,3434,HG/86,906,End,906,0,0.0,true
RØ,3435,Start,504,HG/86,504,0,0.0,true
RØ,3435,HG/86,504,KH/86,554,198,46.2,true
RØ,3435,KH/86,554,End,554,0,0.0,true
RØ,3436,Start,886,KH/86,886,0,0.0,true
RØ,3436,KH/86,886,HG/86,936,159,46.2,true
RØ,3436,HG/86,936,End,936,0,0.0,true
RØ,3437,Start,534,HG/86,534,0,0.0,true
RØ,3437,HG/86,534,KH/86,584,212,46.2,true
RØ,3437,KH/86,584,End,584,0,0.0,true
RØ,3438,Start,916,KH/86,916,0,0.0,true
RØ,3438,KH/86,916,HG/86,966,187,46.2,true
RØ,3438,HG/86,966,End,966,0,0.0,true
RØ,3440,Start,946,KH/86,946,0,0.0,true
RØ,3440,KH/86,946,HG/86,996,177,46.2,true
RØ,3440,HG/86,996,End,996,0,0.0,true
RØ,3442,Start,976,KH/86,976,0,0.0,true
RØ,3442,KH/86,976,HG/86,1026,214,46.2,true
RØ,3442,HG/86,1026,End,1026,0,0.0,true
RØ,3444,Start,1006,KH/86,1006,0,0.0,true
RØ,3444,KH/86,1006,HG/86,1056,177,46.2,true
RØ,3444,HG/86,1056,End,1056,0,0.0,true
RØ,3446,Start,1036,KH/86,1036,0,0.0,true
RØ,3446,KH/86,1036,HG/86,1086,153,46.2,true
RØ,3446,HG/86,1086,End,1086,0,0.0,true
RØ,3448,Start,1066,KH/86,1066,0,0.0,true
RØ,3448,KH/86,1066,HG/86,1116,100,46.2,true
RØ,3448,HG/86,1116,End,1116,0,0.0,true
RØ,3450,Start,1096,KH/86,1096,0,0.0,true
RØ,3450,KH/86,1096,HG/86,1146,139,46.2,true
RØ,3450,HG/86,1146,End,1146,0,0.0,true
RØ,3463,Start,924,HG/86,924,0,0.0,true
RØ,3463,HG/86,924,KH/86,974,191,46.2,true
RØ,3463,KH/86,974,End,974,0,0.0,true
RØ,3465,Start,954,HG/86,954,0,0.0,true
RØ,3465,HG/86,954,KH/86,1004,180,46.2,true
RØ,3465,KH/86,1004,End,1004,0,0.0,true
RØ,3467,Start,984,HG/86,984,0,0.0,true
RØ,3467,HG/86,984,KH/86,1034,86,46.2,true
RØ,3467,KH/86,1034,End,1034,0,0.0,true
RØ,3469,Start,1014,HG/86,1014,0,0.0,true
RØ,3469,HG/86,1014,KH/86,1064,78,46.2,true
RØ,3469,KH/86,1064,End,1064,0,0.0,true
RØ,3471,Start,1044,HG/86,1044,0,0.0,true
RØ,3471,HG/86,1044,KH/86,1094,62,46.2,true
RØ,3471,KH/86,1094,End,1094,0,0.0,true
RØ,3473,Start,1074,HG/86,1074,0,0.0,true
RØ,3473,HG/86,1074,KH/86,1124,60,46.2,true
RØ,3473,KH/86,1124,End,1124,0,0.0,true
RØ,3475,Start,1104,HG/86,1104,0,0.0,true
RØ,3475,HG/86,1104,KH/86,1154,41,46.2,true
RØ,3475,KH/86,1154,End,1154,0,0.0,true
RØ,3502,Start,303,KB/86,303,0,0.0,true
RØ,3502,KB/86,303,KK/86,391,133,113.7,false
RØ,3502,KK/86,391,End,391,0,0.0,true
RØ,3506,Start,359,KB/86,359,0,0.0,true
RØ,3506,KB/86,359,KK/86,451,241,113.7,false
RØ,3506,KK/86,451,End,451,0,0.0,true
RØ,3510,Start,419,KB/86,419,0,0.0,true
RØ,3510,KB/86,419,KK/86,511,370,113.7,false
RØ,3510,KK/86,511,End,511,0,0.0,true
RØ,3523,Start,386,KK/86,386,0,0.0,true
RØ,3523,KK/86,386,KB/86,474,108,113.7,false
RØ,3523,KB/86,474,End,474,0,0.0,true
RØ,3542,Start,907,KB/86,907,0,0.0,true
RØ,3542,KB/86,907,KK/86,994,212,113.7,false
RØ,3542,KK/86,994,End,994,0,0.0,true
RØ,3546,Start,967,KB/86,967,0,0.0,true
RØ,3546,KB/86,967,KK/86,1054,142,113.7,false
RØ,3546,KK/86,1054,End,1054,0,0.0,true
RØ,3555,Start,866,KK/86,866,0,0.0,true
RØ,3555,KK/86,866,KB/86,960,206,113.7,false
RØ,3555,KB/86,960,End,960,0,0.0,true
RØ,3559,Start,926,KK/86,926,0,0.0,true
RØ,3559,KK/86,926,KB/86,1020,343,113.7,false
RØ,3559,KB/86,1020,End,1020,0,0.0,true
RØ,3563,Start,986,KK/86,986,0,0.0,true
RØ,3563,KK/86,986,KB/86,1080,361,113.7,false
RØ,3563,KB/86,1080,End,1080,0,0.0,true
RØ,3802,Start,283,NF/86,283,0,0.0,true
RØ,3802,NF/86,283,VO/86,304,8,28.8,false
RØ,3802,VO/86,304,End,304,0,0.0,true
RØ,3810,Start,403,NF/86,403,0,0.0,true
RØ,3810,NF/86,403,NÆ/86,442,47,56.2,false
RØ,3810,NÆ/86,442,End,442,0,0.0,true
RØ,3859,Start,998,NÆ/86,998,0,0.0,true
RØ,3859,NÆ/86,998,NF/86,1037,50,56.2,false
RØ,3859,NF/86,1037,End,1037,0,0.0,true
RØ,3863,Start,1058,NÆ/86,1058,0,0.0,true
RØ,3863,NÆ/86,1058,NF/86,1097,49,56.2,false
RØ,3863,NF/86,1097,End,1097,0,0.0,true
RV,3915,Start,401,FA/86,401,0,0.0,true
RV,3915,FA/86,401,AR/86,469,85,108.5,false
RV,3915,AR/86,469,End,469,0,0.0,true
RV,3918,Start,424,AR/86,424,0,0.0,true
RV,3918,AR/86,424,FA/86,492,153,108.5,false
RV,3918,FA/86,492,End,492,0,0.0,true
RV,3919,Start,461,FA/86,461,0,0.0,true
RV,3919,FA/86,461,AR/86,529,30,108.5,false
RV,3919,AR/86,529,End,529,0,0.0,true
RV,3922,Start,489,AR/86,489,0,0.0,true
RV,3922,AR/86,489,FA/86,567,64,108.5,false
RV,3922,FA/86,567,End,567,0,0.0,true
RV,3947,Start,881,FA/86,881,0,0.0,true
RV,3947,FA/86,881,AR/86,949,165,108.5,false
RV,3947,AR/86,949,End,949,0,0.0,true
RV,3950,Start,909,AR/86,909,0,0.0,true
RV,3950,AR/86,909,FA/86,977,118,108.5,false
RV,3950,FA/86,977,End,977,0,0.0,true
RV,3951,Start,941,FA/86,941,0,0.0,true
RV,3951,FA/86,941,AR/86,1009,98,108.5,false
RV,3951,AR/86,1009,End,1009,0,0.0,true
RV,3954,Start,969,AR/86,969,0,0.0,true
RV,3954,AR/86,969,FA/86,1037,161,108.5,false
RV,3954,FA/86,1037,End,1037,0,0.0,true
RV,3958,Start,1029,AR/86,1029,0,0.0,true
RV,3958,AR/86,1029,FA/86,1097,75,108.5,false
RV,3958,FA/86,1097,End,1097,0,0.0,true
RV,4003,Start,358,AB/86,358,0,0.0,true
RV,4003,AB/86,358,ABL/86,368,3,5.5,false
RV,4003,ABL/86,368,End,368,0,0.0,true
L,4007,Start,345,AR/86,345,0,0.0,true
L,4007,AR/86,345,ABL/86,428,48,145.3,false
L,4007,ABL/86,428,End,428,0,0.0,true
L,4011,Start,405,AR/86,405,0,0.0,true
L,4011,AR/86,405,ABL/86,488,125,145.3,false
L,4011,ABL/86,488,End,488,0,0.0,true
L,4014,Start,303,AB/86,303,0,0.0,true
L,4014,AB/86,303,AR/86,372,74,139.8,false
L,4014,AR/86,372,End,372,0,0.0,true
L,4015,Start,465,AR/86,465,0,0.0,true
L,4015,AR/86,465,ABL/86,548,81,145.3,false
L,4015,ABL/86,548,End,548,0,0.0,true
L,4018,Start,363,AB/86,363,0,0.0,true
L,4018,AB/86,363,AR/86,433,197,139.8,false
L,4018,AR/86,433,End,433,0,0.0,true
L,4019,Start,525,AR/86,525,0,0.0,true
L,4019,AR/86,525,ABL/86,608,63,145.3,false
L,4019,ABL/86,608,End,608,0,0.0,true
L,4022,Start,406,ABL/86,406,0,0.0,true
L,4022,ABL/86,406,AR/86,493,234,145.3,false
L,4022,AR/86,493,End,493,0,0.0,true
L,4023,Start,585,AR/86,585,0,0.0,true
L,4023,AR/86,585,ABL/86,668,49,145.3,false
L,4023,ABL/86,668,End,668,0,0.0,true
L,4026,Start,466,ABL/86,466,0,0.0,true
L,4026,ABL/86,466,AR/86,553,141,145.3,false
L,4026,AR/86,553,End,553,0,0.0,true
L,4027,Start,645,AR/86,645,0,0.0,true
L,4027,AR/86,645,ABL/86,728,65,145.3,false
L,4027,ABL/86,728,End,728,0,0.0,true
L,4030,Start,526,ABL/86,526,0,0.0,true
L,4030,ABL/86,526,AR/86,613,119,145.3,false
L,4030,AR/86,613,End,613,0,0.0,true
L,4031,Start,705,AR/86,705,0,0.0,true
L,4031,AR/86,705,ABL/86,788,80,145.3,false
L,4031,ABL/86,788,End,788,0,0.0,true
L,4034,Start,586,ABL/86,586,0,0.0,true
L,4034,ABL/86,586,AR/86,673,125,145.3,false
L,4034,AR/86,673,End,673,0,0.0,true
L,4035,Start,765,AR/86,765,0,0.0,true
L,4035,AR/86,765,ABL/86,848,72,145.3,false
L,4035,ABL/86,848,End,848,0,0.0,true
L,4038,Start,646,ABL/86,646,0,0.0,true
L,4038,ABL/86,646,AR/86,733,106,145.3,false
L,4038,AR/86,733,End,733,0,0.0,true
L,4039,Start,825,AR/86,825,0,0.0,true
L,4039,AR/86,825,ABL/86,908,141,145.3,false
L,4039,ABL/86,908,End,908,0,0.0,true
L,4042,Start,706,ABL/86,706,0,0.0,true
L,4042,ABL/86,706,AR/86,793,109,145.3,false
L,4042,AR/86,793,End,793,0,0.0,true
L,4043,Start,885,AR/86,885,0,0.0,true
L,4043,AR/86,885,ABL/86,968,169,145.3,false
L,4043,ABL/86,968,End,968,0,0.0,true
L,4046,Start,766,ABL/86,766,0,0.0,true
L,4046,ABL/86,766,AR/86,853,111,145.3,false
L,4046,AR/86,853,End,853,0,0.0,true
L,4047,Start,945,AR/86,945,0,0.0,true
L,4047,AR/86,945,ABL/86,1028,249,145.3,false
L,4047,ABL/86,1028,End,1028,0,0.0,true
L,4050,Start,826,ABL/86,826,0,0.0,true
L,4050,ABL/86,826,AR/86,913,123,145.3,false
L,4050,AR/86,913,End,913,0,0.0,true
L,4051,Start,1005,AR/86,1005,0,0.0,true
L,4051,AR/86,1005,ABL/86,1088,156,145.3,false
L,4051,ABL/86,1088,End,1088,0,0.0,true
L,4054,Start,886,ABL/86,886,0,0.0,true
L,4054,ABL/86,886,AR/86,973,169,145.3,false
L,4054,AR/86,973,End,973,0,0.0,true
L,4055,Start,1065,AR/86,1065,0,0.0,true
L,4055,AR/86,1065,AB/86,1133,111,139.8,false
L,4055,AB/86,1133,End,1133,0,0.0,true
L,4058,Start,946,ABL/86,946,0,0.0,true
L,4058,ABL/86,946,AR/86,1033,160,145.3,false
L,4058,AR/86,1033,End,1033,0,0.0,true
L,4059,Start,1125,AR/86,1125,0,0.0,true
L,4059,AR/86,1125,AB/86,1193,90,139.8,false
L,4059,AB/86,1193,End,1193,0,0.0,true
L,4062,Start,1006,ABL/86,1006,0,0.0,true
L,4062,ABL/86,1006,AR/86,1093,90,145.3,false
L,4062,AR/86,1093,End,1093,0,0.0,true
L,4063,Start,1185,AR/86,1185,0,0.0,true
L,4063,AR/86,1185,AB/86,1253,78,139.8,false
L,4063,AB/86,1253,End,1253,0,0.0,true
L,4066,Start,1066,ABL/86,1066,0,0.0,true
L,4066,ABL/86,1066,AR/86,1153,56,145.3,false
L,4066,AR/86,1153,End,1153,0,0.0,true
L,4067,Start,1245,AR/86,1245,0,0.0,true
L,4067,AR/86,1245,AB/86,1313,87,139.8,false
L,4067,AB/86,1313,End,1313,0,0.0,true
L,4070,Start,1126,ABL/86,1126,0,0.0,true
L,4070,ABL/86,1126,AR/86,1213,37,145.3,false
L,4070,AR/86,1213,End,1213,0,0.0,true
L,4074,Start,1203,AB/86,1203,0,0.0,true
L,4074,AB/86,1203,AR/86,1273,28,139.8,false
L,4074,AR/86,1273,End,1273,0,0.0,true
IC,4101,Start,255,AR/86,255,0,0.0,true
IC,4101,AR/86,255,ABL/86,344,69,145.3,false
IC,4101,ABL/86,344,End,344,0,0.0,true
IC,4105,Start,312,AR/86,312,0,0.0,true
IC,4105,AR/86,312,ABL/86,404,21,145.3,false
IC,4105,ABL/86,404,End,404,0,0.0,true
IC,4107,Start,372,AR/86,372,0,0.0,true
IC,4107,AR/86,372,ABL/86,464,143,145.3,false
IC,4107,ABL/86,464,End,464,0,0.0,true
IC,4113,Start,435,AR/86,435,0,0.0,true
IC,4113,AR/86,435,ABL/86,524,178,145.3,false
IC,4113,ABL/86,524,End,524,0,0.0,true
IC,4116,Start,325,AB/86,325,0,0.0,true
IC,4116,AB/86,325,AR/86,403,137,139.8,false
IC,4116,AR/86,403,End,403,0,0.0,true
IC,4117,Start,495,AR/86,495,0,0.0,true
IC,4117,AR/86,495,ABL/86,584,88,145.3,false
IC,4117,ABL/86,584,End,584,0,0.0,true
IC,4120,Start,368,ABL/86,368,0,0.0,true
IC,4120,ABL/86,368,AR/86,463,377,145.3,false
IC,4120,AR/86,463,End,463,0,0.0,true
IC,4121,Start,555,AR/86,555,0,0.0,true
IC,4121,AR/86,555,ABL/86,644,47,145.3,false
IC,4121,ABL/86,644,End,644,0,0.0,true
IC,4124,Start,428,ABL/86,428,0,0.0,true
IC,4124,ABL/86,428,AR/86,523,233,145.3,false
IC,4124,AR/86,523,End,523,0,0.0,true
IC,4125,Start,615,AR/86,615,0,0.0,true
IC,4125,AR/86,615,ABL/86,704,77,145.3,false
IC,4125,ABL/86,704,End,704,0,0.0,true
IC,4128,Start,488,ABL/86,488,0,0.0,true
IC,4128,ABL/86,488,AR/86,583,110,145.3,false
IC,4128,AR/86,583,End,583,0,0.0,true
IC,4129,Start,675,AR/86,675,0,0.0,true
IC,4129,AR/86,675,ABL/86,764,70,145.3,false
IC,4129,ABL/86,764,End,764,0,0.0,true
IC,4132,Start,548,ABL/86,548,0,0.0,true
IC,4132,ABL/86,548,AR/86,643,92,145.3,false
IC,4132,AR/86,643,End,643,0,0.0,true
IC,4133,Start,735,AR/86,735,0,0.0,true
IC,4133,AR/86,735,ABL/86,824,106,145.3,false
IC,4133,ABL/86,824,End,824,0,0.0,true
IC,4136,Start,608,ABL/86,608,0,0.0,true
IC,4136,ABL/86,608,AR/86,703,105,145.3,false
IC,4136,AR/86,703,End,703,0,0.0,true
IC,4137,Start,795,AR/86,795,0,0.0,true
IC,4137,AR/86,795,ABL/86,884,127,145.3,false
IC,4137,ABL/86,884,End,884,0,0.0,true
IC,4140,Start,668,ABL/86,668,0,0.0,true
IC,4140,ABL/86,668,AR/86,763,103,145.3,false
IC,4140,AR/86,763,End,763,0,0.0,true
IC,4141,Start,855,AR/86,855,0,0.0,true
IC,4141,AR/86,855,ABL/86,944,150,145.3,false
IC,4141,ABL/86,944,End,944,0,0.0,true
IC,4144,Start,728,ABL/86,728,0,0.0,true
IC,4144,ABL/86,728,AR/86,823,99,145.3,false
IC,4144,AR/86,823,End,823,0,0.0,true
IC,4145,Start,915,AR/86,915,0,0.0,true
IC,4145,AR/86,915,ABL/86,1004,279,145.3,false
IC,4145,ABL/86,1004,End,1004,0,0.0,true
IC,4148,Start,788,ABL/86,788,0,0.0,true
IC,4148,ABL/86,788,AR/86,883,112,145.3,false
IC,4148,AR/86,883,End,883,0,0.0,true
IC,4149,Start,975,AR/86,975,0,0.0,true
IC,4149,AR/86,975,ABL/86,1064,302,145.3,false
IC,4149,ABL/86,1064,End,1064,0,0.0,true
IC,4152,Start,848,ABL/86,848,0,0.0,true
IC,4152,ABL/86,848,AR/86,943,108,145.3,false
IC,4152,AR/86,943,End,943,0,0.0,true
IC,4153,Start,1035,AR/86,1035,0,0.0,true
IC,4153,AR/86,1035,ABL/86,1124,161,145.3,false
IC,4153,ABL/86,1124,End,1124,0,0.0,true
IC,4156,Start,908,ABL/86,908,0,0.0,true
IC,4156,ABL/86,908,AR/86,1003,142,145.3,false
IC,4156,AR/86,1003,End,1003,0,0.0,true
IC,4157,Start,1095,AR/86,1095,0,0.0,true
IC,4157,AR/86,1095,ABL/86,1184,61,145.3,false
IC,4157,ABL/86,1184,End,1184,0,0.0,true
IC,4160,Start,968,ABL/86,968,0,0.0,true
IC,4160,ABL/86,968,AR/86,1063,113,145.3,false
IC,4160,AR/86,1063,End,1063,0,0.0,true
IC,4161,Start,1155,AR/86,1155,0,0.0,true
IC,4161,AR/86,1155,ABL/86,1244,55,145.3,false
IC,4161,ABL/86,1244,End,1244,0,0.0,true
IC,4164,Start,1028,ABL/86,1028,0,0.0,true
IC,4164,ABL/86,1028,AR/86,1123,94,145.3,false
IC,4164,AR/86,1123,End,1123,0,0.0,true
IC,4165,Start,1215,AR/86,1215,0,0.0,true
IC,4165,AR/86,1215,ABL/86,1304,55,145.3,false
IC,4165,ABL/86,1304,End,1304,0,0.0,true
IC,4168,Start,1088,ABL/86,1088,0,0.0,true
IC,4168,ABL/86,1088,AR/86,1183,26,145.3,false
IC,4168,AR/86,1183,End,1183,0,0.0,true
RV,4169,Start,1354,AB/86,1354,0,0.0,true
RV,4169,AB/86,1354,ABL/86,1364,1,5.5,false
RV,4169,ABL/86,1364,End,1364,0,0.0,true
IC,4171,Start,1305,AR/86,1305,0,0.0,true
IC,4171,AR/86,1305,AB/86,1379,49,139.8,false
IC,4171,AB/86,1379,End,1379,0,0.0,true
IC,4172,Start,1148,ABL/86,1148,0,0.0,true
IC,4172,ABL/86,1148,AR/86,1243,31,145.3,false
IC,4172,AR/86,1243,End,1243,0,0.0,true
IC,4175,Start,1365,AR/86,1365,0,0.0,true
IC,4175,AR/86,1365,AB/86,1439,25,139.8,false
IC,4175,AB/86,1439,End,1439,0,0.0,true
IC,4176,Start,1208,ABL/86,1208,0,0.0,true
IC,4176,ABL/86,1208,AR/86,1303,63,145.3,false
IC,4176,AR/86,1303,End,1303,0,0.0,true
IC,4178,Start,1268,ABL/86,1268,0,0.0,true
IC,4178,ABL/86,1268,AB/86,1280,10,5.5,false
IC,4178,AB/86,1280,End,1280,0,0.0,true
IC,4179,Start,1425,AR/86,1425,0,0.0,true
IC,4179,AR/86,1425,AB/86,1499,11,139.8,false
IC,4179,AB/86,1499,End,1499,0,0.0,true
IC,4180,Start,1285,AB/86,1285,0,0.0,true
IC,4180,AB/86,1285,AR/86,1363,30,139.8,false
IC,4180,AR/86,1363,End,1363,0,0.0,true
IC,4184,Start,1328,ABL/86,1328,0,0.0,true
IC,4184,ABL/86,1328,AR/86,1423,16,145.3,false
IC,4184,AR/86,1423,End,1423,0,0.0,true
IC,4190,Start,1378,ABL/86,1378,0,0.0,true
IC,4190,ABL/86,1378,AR/86,1473,20,145.3,false
IC,4190,AR/86,1473,End,1473,0,0.0,true
IC,4192,Start,25,AB/86,25,0,0.0,true
IC,4192,AB/86,25,AR/86,103,4,139.8,false
IC,4192,AR/86,103,End,103,0,0.0,true
RØ,4202,Start,265,NÆ/86,265,0,0.0,true
RØ,4202,NÆ/86,265,HG/86,392,106,136.9,true
RØ,4202,HG/86,392,End,392,0,0.0,true
RØ,4204,Start,310,VO/86,310,0,0.0,true
RØ,4204,VO/86,310,HG/86,452,222,164.3,true
RØ,4204,HG/86,452,End,452,0,0.0,true
RØ,4206,Start,370,VO/86,370,0,0.0,true
RØ,4206,VO/86,370,HG/86,512,463,164.3,true
RØ,4206,HG/86,512,End,512,0,0.0,true
RØ,4210,Start,448,NÆ/86,448,0,0.0,true
RØ,4210,NÆ/86,448,HG/86,572,520,136.9,true
RØ,4210,HG/86,572,End,572,0,0.0,true
RØ,4214,Start,508,NÆ/86,508,0,0.0,true
RØ,4214,NÆ/86,508,HG/86,632,265,136.9,true
RØ,4214,HG/86,632,End,632,0,0.0,true
RØ,4218,Start,568,NÆ/86,568,0,0.0,true
RØ,4218,NÆ/86,568,HG/86,692,128,136.9,true
RØ,4218,HG/86,692,End,692,0,0.0,true
RØ,4219,Start,268,HG/86,268,0,0.0,true
RØ,4219,HG/86,268,KH/86,323,60,46.2,true
RØ,4219,KH/86,323,End,323,0,0.0,true
RØ,4222,Start,628,NÆ/86,628,0,0.0,true
RØ,4222,NÆ/86,628,HG/86,752,133,136.9,true
RØ,4222,HG/86,752,End,752,0,0.0,true
RØ,4223,Start,328,HG/86,328,0,0.0,true
RØ,4223,HG/86,328,NÆ/86,452,106,136.9,true
RØ,4223,NÆ/86,452,End,452,0,0.0,true
RØ,4226,Start,688,NÆ/86,688,0,0.0,true
RØ,4226,NÆ/86,688,HG/86,812,154,136.9,true
RØ,4226,HG/86,812,End,812,0,0.0,true
RØ,4227,Start,388,HG/86,388,0,0.0,true
RØ,4227,HG/86,388,NÆ/86,512,473,136.9,true
RØ,4227,NÆ/86,512,End,512,0,0.0,true
RØ,4230,Start,748,NÆ/86,748,0,0.0,true
RØ,4230,NÆ/86,748,HG/86,872,137,136.9,true
RØ,4230,HG/86,872,End,872,0,0.0,true
RØ,4231,Start,448,HG/86,448,0,0.0,true
RØ,4231,HG/86,448,NÆ/86,572,413,136.9,true
RØ,4231,NÆ/86,572,End,572,0,0.0,true
RØ,4234,Start,808,NÆ/86,808,0,0.0,true
RØ,4234,NÆ/86,808,HG/86,932,192,136.9,true
RØ,4234,HG/86,932,End,932,0,0.0,true
RØ,4235,Start,508,HG/86,508,0,0.0,true
RØ,4235,HG/86,508,NÆ/86,632,296,136.9,true
RØ,4235,NÆ/86,632,End,632,0,0.0,true
RØ,4238,Start,868,NÆ/86,868,0,0.0,true
RØ,4238,NÆ/86,868,HG/86,992,352,136.9,true
RØ,4238,HG/86,992,End,992,0,0.0,true
RØ,4239,Start,568,HG/86,568,0,0.0,true
RØ,4239,HG/86,568,NÆ/86,692,139,136.9,true
RØ,4239,NÆ/86,692,End,692,0,0.0,true
RØ,4242,Start,928,NÆ/86,928,0,0.0,true
RØ,4242,NÆ/86,928,HG/86,1052,411,136.9,true
RØ,4242,HG/86,1052,End,1052,0,0.0,true
RØ,4243,Start,628,HG/86,628,0,0.0,true
RØ,4243,HG/86,628,NÆ/86,752,165,136.9,true
RØ,4243,NÆ/86,752,End,752,0,0.0,true
RØ,4246,Start,988,NÆ/86,988,0,0.0,true
RØ,4246,NÆ/86,988,HG/86,1112,208,136.9,true
RØ,4246,HG/86,1112,End,1112,0,0.0,true
RØ,4247,Start,688,HG/86,688,0,0.0,true
RØ,4247,HG/86,688,NÆ/86,812,150,136.9,true
RØ,4247,NÆ/86,812,End,812,0,0.0,true
RØ,4250,Start,1048,NÆ/86,1048,0,0.0,true
RØ,4250,NÆ/86,1048,HG/86,1172,110,136.9,true
RØ,4250,HG/86,1172,End,1172,0,0.0,true
RØ,4251,Start,748,HG/86,748,0,0.0,true
RØ,4251,HG/86,748,NÆ/86,872,181,136.9,true
RØ,4251,NÆ/86,872,End,872,0,0.0,true
RØ,4254,Start,1147,RO/86,1147,0,0.0,true
RØ,4254,RO/86,1147,HG/86,1232,83,77.5,true
RØ,4254,HG/86,1232,End,1232,0,0.0,true
RØ,4255,Start,808,HG/86,808,0,0.0,true
RØ,4255,HG/86,808,NÆ/86,932,306,136.9,true
RØ,4255,NÆ/86,932,End,932,0,0.0,true
RØ,4258,Start,1207,RO/86,1207,0,0.0,true
RØ,4258,RO/86,1207,HG/86,1292,133,77.5,true
RØ,4258,HG/86,1292,End,1292,0,0.0,true
RØ,4259,Start,868,HG/86,868,0,0.0,true
RØ,4259,HG/86,868,NÆ/86,992,435,136.9,true
RØ,4259,NÆ/86,992,End,992,0,0.0,true
RØ,4262,Start,1267,RO/86,1267,0,0.0,true
RØ,4262,RO/86,1267,HG/86,1352,92,77.5,true
RØ,4262,HG/86,1352,End,1352,0,0.0,true
RØ,4263,Start,928,HG/86,928,0,0.0,true
RØ,4263,HG/86,928,NÆ/86,1052,484,136.9,true
RØ,4263,NÆ/86,1052,End,1052,0,0.0,true
RØ,4266,Start,1327,RO/86,1327,0,0.0,true
RØ,4266,RO/86,1327,HG/86,1412,137,77.5,true
RØ,4266,HG/86,1412,End,1412,0,0.0,true
RØ,4267,Start,988,HG/86,988,0,0.0,true
RØ,4267,HG/86,988,NÆ/86,1112,349,136.9,true
RØ,4267,NÆ/86,1112,End,1112,0,0.0,true
RØ,4270,Start,1417,KH/86,1417,0,0.0,true
RØ,4270,KH/86,1417,HG/86,1472,137,46.2,true
RØ,4270,HG/86,1472,End,1472,0,0.0,true
RØ,4271,Start,1048,HG/86,1048,0,0.0,true
RØ,4271,HG/86,1048,RO/86,1133,135,77.5,true
RØ,4271,RO/86,1133,End,1133,0,0.0,true
RØ,4274,Start,37,KH/86,37,0,0.0,true
RØ,4274,KH/86,37,HG/86,92,32,46.2,true
RØ,4274,HG/86,92,End,92,0,0.0,true
RØ,4275,Start,1108,HG/86,1108,0,0.0,true
RØ,4275,HG/86,1108,RO/86,1193,84,77.5,true
RØ,4275,RO/86,1193,End,1193,0,0.0,true
RØ,4279,Start,1168,HG/86,1168,0,0.0,true
RØ,4279,HG/86,1168,RO/86,1253,163,77.5,true
RØ,4279,RO/86,1253,End,1253,0,0.0,true
RØ,4283,Start,1228,HG/86,1228,0,0.0,true
RØ,4283,HG/86,1228,KH/86,1283,78,46.2,true
RØ,4283,KH/86,1283,End,1283,0,0.0,true
RØ,4287,Start,1288,HG/86,1288,0,0.0,true
RØ,4287,HG/86,1288,KH/86,1343,26,46.2,true
RØ,4287,KH/86,1343,End,1343,0,0.0,true
RØ,4291,Start,1348,HG/86,1348,0,0.0,true
RØ,4291,HG/86,1348,KH/86,1403,36,46.2,true
RØ,4291,KH/86,1403,End,1403,0,0.0,true
RØ,4402,Start,306,NÆ/86,306,0,0.0,true
RØ,4402,NÆ/86,306,KH/86,373,81,79.2,true
RØ,4402,KH/86,373,End,373,0,0.0,true
RØ,4406,Start,366,NÆ/86,366,0,0.0,true
RØ,4406,NÆ/86,366,KH/86,433,253,79.2,true
RØ,4406,KH/86,433,End,433,0,0.0,true
RØ,4410,Start,426,NÆ/86,426,0,0.0,true
RØ,4410,NÆ/86,426,KH/86,493,307,79.2,true
RØ,4410,KH/86,493,End,493,0,0.0,true
RØ,4414,Start,486,NÆ/86,486,0,0.0,true
RØ,4414,NÆ/86,486,KK/86,562,124,82.3,true
RØ,4414,KK/86,562,End,562,0,0.0,true
RØ,4418,Start,546,NÆ/86,546,0,0.0,true
RØ,4418,NÆ/86,546,KK/86,622,85,82.3,true
RØ,4418,KK/86,622,End,622,0,0.0,true
RØ,4421,Start,347,KH/86,347,0,0.0,true
RØ,4421,KH/86,347,NÆ/86,412,28,79.2,true
RØ,4421,NÆ/86,412,End,412,0,0.0,true
RØ,4422,Start,606,NÆ/86,606,0,0.0,true
RØ,4422,NÆ/86,606,KK/86,682,61,82.3,true
RØ,4422,KK/86,682,End,682,0,0.0,true
RØ,4425,Start,398,KK/86,398,0,0.0,true
RØ,4425,KK/86,398,NÆ/86,472,74,82.3,true
RØ,4425,NÆ/86,472,End,472,0,0.0,true
RØ,4426,Start,666,NÆ/86,666,0,0.0,true
RØ,4426,NÆ/86,666,KK/86,742,54,82.3,true
RØ,4426,KK/86,742,End,742,0,0.0,true
RØ,4429,Start,467,KH/86,467,0,0.0,true
RØ,4429,KH/86,467,NÆ/86,532,66,79.2,true
RØ,4429,NÆ/86,532,End,532,0,0.0,true
RØ,4430,Start,726,NÆ/86,726,0,0.0,true
RØ,4430,NÆ/86,726,KK/86,802,44,82.3,true
RØ,4430,KK/86,802,End,802,0,0.0,true
RØ,4433,Start,527,KH/86,527,0,0.0,true
RØ,4433,KH/86,527,NÆ/86,592,39,79.2,true
RØ,4433,NÆ/86,592,End,592,0,0.0,true
RØ,4434,Start,786,NÆ/86,786,0,0.0,true
RØ,4434,NÆ/86,786,KH/86,853,58,79.2,true
RØ,4434,KH/86,853,End,853,0,0.0,true
RØ,4437,Start,587,KH/86,587,0,0.0,true
RØ,4437,KH/86,587,NÆ/86,652,32,79.2,true
RØ,4437,NÆ/86,652,End,652,0,0.0,true
RØ,4438,Start,846,NÆ/86,846,0,0.0,true
RØ,4438,NÆ/86,846,KH/86,913,63,79.2,true
RØ,4438,KH/86,913,End,913,0,0.0,true
RØ,4441,Start,638,KK/86,638,0,0.0,true
RØ,4441,KK/86,638,NÆ/86,712,35,82.3,true
RØ,4441,NÆ/86,712,End,712,0,0.0,true
RØ,4442,Start,906,NÆ/86,906,0,0.0,true
RØ,4442,NÆ/86,906,KH/86,973,90,79.2,true
RØ,4442,KH/86,973,End,973,0,0.0,true
RØ,4445,Start,698,KK/86,698,0,0.0,true
RØ,4445,KK/86,698,NÆ/86,772,46,82.3,true
RØ,4445,NÆ/86,772,End,772,0,0.0,true
RØ,4446,Start,966,NÆ/86,966,0,0.0,true
RØ,4446,NÆ/86,966,KH/86,1033,79,79.2,true
RØ,4446,KH/86,1033,End,1033,0,0.0,true
RØ,4449,Start,758,KK/86,758,0,0.0,true
RØ,4449,KK/86,758,NÆ/86,832,59,82.3,true
RØ,4449,NÆ/86,832,End,832,0,0.0,true
RØ,4450,Start,1026,NÆ/86,1026,0,0.0,true
RØ,4450,NÆ/86,1026,KH/86,1093,54,79.2,true
RØ,4450,KH/86,1093,End,1093,0,0.0,true
RØ,4453,Start,818,KK/86,818,0,0.0,true
RØ,4453,KK/86,818,NÆ/86,892,93,82.3,true
RØ,4453,NÆ/86,892,End,892,0,0.0,true
RØ,4454,Start,1086,NÆ/86,1086,0,0.0,true
RØ,4454,NÆ/86,1086,KK/86,1162,34,82.3,true
RØ,4454,KK/86,1162,End,1162,0,0.0,true
RØ,4457,Start,878,KK/86,878,0,0.0,true
RØ,4457,KK/86,878,NÆ/86,952,169,82.3,true
RØ,4457,NÆ/86,952,End,952,0,0.0,true
RØ,4461,Start,947,KH/86,947,0,0.0,true
RØ,4461,KH/86,947,NÆ/86,1012,209,79.2,true
RØ,4461,NÆ/86,1012,End,1012,0,0.0,true
RØ,4465,Start,1007,KH/86,1007,0,0.0,true
RØ,4465,KH/86,1007,NÆ/86,1072,237,79.2,true
RØ,4465,NÆ/86,1072,End,1072,0,0.0,true
RØ,4469,Start,1067,KH/86,1067,0,0.0,true
RØ,4469,KH/86,1067,NÆ/86,1132,93,79.2,true
RØ,4469,NÆ/86,1132,End,1132,0,0.0,true
RØ,4473,Start,1127,KH/86,1127,0,0.0,true
RØ,4473,KH/86,1127,NÆ/86,1192,59,79.2,true
RØ,4473,NÆ/86,1192,End,1192,0,0.0,true
RØ,4500,Start,382,KH/86,382,0,0.0,true
RØ,4500,KH/86,382,HG/86,437,26,46.2,true
RØ,4500,HG/86,437,End,437,0,0.0,true
RØ,4504,Start,383,HK/86,383,0,0.0,true
RØ,4504,HK/86,383,HG/86,497,314,113.3,true
RØ,4504,HG/86,497,End,497,0,0.0,true
RØ,4508,Start,443,HK/86,443,0,0.0,true
RØ,4508,HK/86,443,HG/86,557,507,113.3,true
RØ,4508,HG/86,557,End,557,0,0.0,true
RØ,4512,Start,503,HK/86,503,0,0.0,true
RØ,4512,HK/86,503,HG/86,617,259,113.3,true
RØ,4512,HG/86,617,End,617,0,0.0,true
RØ,4516,Start,563,HK/86,563,0,0.0,true
RØ,4516,HK/86,563,HG/86,677,144,113.3,true
RØ,4516,HG/86,677,End,677,0,0.0,true
RØ,4520,Start,623,HK/86,623,0,0.0,true
RØ,4520,HK/86,623,HG/86,737,126,113.3,true
RØ,4520,HG/86,737,End,737,0,0.0,true
RØ,4521,Start,332,KK/86,332,0,0.0,true
RØ,4521,KK/86,332,HK/86,397,50,70.2,true
RØ,4521,HK/86,397,End,397,0,0.0,true
RØ,4524,Start,683,HK/86,683,0,0.0,true
RØ,4524,HK/86,683,HG/86,797,135,113.3,true
RØ,4524,HG/86,797,End,797,0,0.0,true
RØ,4525,Start,343,HG/86,343,0,0.0,true
RØ,4525,HG/86,343,HK/86,457,108,113.3,true
RØ,4525,HK/86,457,End,457,0,0.0,true
RØ,4528,Start,743,HK/86,743,0,0.0,true
RØ,4528,HK/86,743,HG/86,857,147,113.3,true
RØ,4528,HG/86,857,End,857,0,0.0,true
RØ,4529,Start,403,HG/86,403,0,0.0,true
RØ,4529,HG/86,403,HK/86,517,324,113.3,true
RØ,4529,HK/86,517,End,517,0,0.0,true
RØ,4532,Start,803,HK/86,803,0,0.0,true
RØ,4532,HK/86,803,HG/86,917,169,113.3,true
RØ,4532,HG/86,917,End,917,0,0.0,true
RØ,4533,Start,463,HG/86,463,0,0.0,true
RØ,4533,HG/86,463,HK/86,577,475,113.3,true
RØ,4533,HK/86,577,End,577,0,0.0,true
RØ,4536,Start,863,HK/86,863,0,0.0,true
RØ,4536,HK/86,863,HG/86,977,267,113.3,true
RØ,4536,HG/86,977,End,977,0,0.0,true
RØ,4537,Start,523,HG/86,523,0,0.0,true
RØ,4537,HG/86,523,HK/86,637,148,113.3,true
RØ,4537,HK/86,637,End,637,0,0.0,true
RØ,4540,Start,923,HK/86,923,0,0.0,true
RØ,4540,HK/86,923,HG/86,1037,316,113.3,true
RØ,4540,HG/86,1037,End,1037,0,0.0,true
RØ,4541,Start,583,HG/86,583,0,0.0,true
RØ,4541,HG/86,583,HK/86,697,119,113.3,true
RØ,4541,HK/86,697,End,697,0,0.0,true
RØ,4544,Start,983,HK/86,983,0,0.0,true
RØ,4544,HK/86,983,HG/86,1097,194,113.3,true
RØ,4544,HG/86,1097,End,1097,0,0.0,true
RØ,4545,Start,643,HG/86,643,0,0.0,true
RØ,4545,HG/86,643,HK/86,757,137,113.3,true
RØ,4545,HK/86,757,End,757,0,0.0,true
RØ,4548,Start,1043,HK/86,1043,0,0.0,true
RØ,4548,HK/86,1043,HG/86,1157,121,113.3,true
RØ,4548,HG/86,1157,End,1157,0,0.0,true
RØ,4549,Start,703,HG/86,703,0,0.0,true
RØ,4549,HG/86,703,HK/86,817,138,113.3,true
RØ,4549,HK/86,817,End,817,0,0.0,true
RØ,4552,Start,1103,HK/86,1103,0,0.0,true
RØ,4552,HK/86,1103,HG/86,1217,100,113.3,true
RØ,4552,HG/86,1217,End,1217,0,0.0,true
RØ,4553,Start,763,HG/86,763,0,0.0,true
RØ,4553,HG/86,763,HK/86,877,182,113.3,true
RØ,4553,HK/86,877,End,877,0,0.0,true
RØ,4556,Start,1163,HK/86,1163,0,0.0,true
RØ,4556,HK/86,1163,HG/86,1277,118,113.3,true
RØ,4556,HG/86,1277,End,1277,0,0.0,true
RØ,4557,Start,823,HG/86,823,0,0.0,true
RØ,4557,HG/86,823,HK/86,937,216,113.3,true
RØ,4557,HK/86,937,End,937,0,0.0,true
RØ,4560,Start,1223,HK/86,1223,0,0.0,true
RØ,4560,HK/86,1223,HG/86,1337,95,113.3,true
RØ,4560,HG/86,1337,End,1337,0,0.0,true
RØ,4561,Start,883,HG/86,883,0,0.0,true
RØ,4561,HG/86,883,HK/86,997,340,113.3,true
RØ,4561,HK/86,997,End,997,0,0.0,true
RØ,4565,Start,943,HG/86,943,0,0.0,true
RØ,4565,HG/86,943,HK/86,1057,352,113.3,true
RØ,4565,HK/86,1057,End,1057,0,0.0,true
RØ,4569,Start,1003,HG/86,1003,0,0.0,true
RØ,4569,HG/86,1003,HK/86,1117,287,113.3,true
RØ,4569,HK/86,1117,End,1117,0,0.0,true
RØ,4573,Start,1063,HG/86,1063,0,0.0,true
RØ,4573,HG/86,1063,HK/86,1177,156,113.3,true
RØ,4573,HK/86,1177,End,1177,0,0.0,true
RØ,4577,Start,1123,HG/86,1123,0,0.0,true
RØ,4577,HG/86,1123,HK/86,1237,122,113.3,true
RØ,4577,HK/86,1237,End,1237,0,0.0,true
RØ,4581,Start,1183,HG/86,1183,0,0.0,true
RØ,4581,HG/86,1183,HK/86,1297,184,113.3,true
RØ,4581,HK/86,1297,End,1297,0,0.0,true
RØ,4585,Start,1243,HG/86,1243,0,0.0,true
RØ,4585,HG/86,1243,KH/86,1298,87,46.2,true
RØ,4585,KH/86,1298,End,1298,0,0.0,true
RØ,4589,Start,1303,HG/86,1303,0,0.0,true
RØ,4589,HG/86,1303,KH/86,1358,65,46.2,true
RØ,4589,KH/86,1358,End,1358,0,0.0,true
RR,4708,Start,334,FA/86,334,0,0.0,true
RR,4708,FA/86,334,OD/86,376,57,60.3,true
RR,4708,OD/86,376,End,376,0,0.0,true
RV,4713,Start,340,OD/86,340,0,0.0,true
RV,4713,OD/86,340,FA/86,386,17,60.3,true
RV,4713,FA/86,386,End,386,0,0.0,true
RR,4714,Start,422,FA/86,422,0,0.0,true
RR,4714,FA/86,422,OD/86,468,70,60.3,true
RR,4714,OD/86,468,End,468,0,0.0,true
RV,4716,Start,450,FA/86,450,0,0.0,true
RV,4716,FA/86,450,OD/86,496,45,60.3,true
RV,4716,OD/86,496,End,496,0,0.0,true
RV,4719,Start,432,OD/86,432,0,0.0,true
RV,4719,OD/86,432,FA/86,477,29,60.3,true
RV,4719,FA/86,477,End,477,0,0.0,true
RV,4721,Start,460,OD/86,460,0,0.0,true
RV,4721,OD/86,460,FA/86,506,30,60.3,true
RV,4721,FA/86,506,End,506,0,0.0,true
RV,4724,Start,570,FA/86,570,0,0.0,true
RV,4724,FA/86,570,OD/86,616,16,60.3,true
RV,4724,OD/86,616,End,616,0,0.0,true
RV,4729,Start,580,OD/86,580,0,0.0,true
RV,4729,OD/86,580,FA/86,626,10,60.3,true
RV,4729,FA/86,626,End,626,0,0.0,true
RV,4732,Start,690,FA/86,690,0,0.0,true
RV,4732,FA/86,690,OD/86,736,8,60.3,true
RV,4732,OD/86,736,End,736,0,0.0,true
RV,4737,Start,704,OD/86,704,0,0.0,true
RV,4737,OD/86,704,FA/86,750,15,60.3,true
RV,4737,FA/86,750,End,750,0,0.0,true
RV,4740,Start,810,FA/86,810,0,0.0,true
RV,4740,FA/86,810,OD/86,856,37,60.3,true
RV,4740,OD/86,856,End,856,0,0.0,true
RV,4745,Start,820,OD/86,820,0,0.0,true
RV,4745,OD/86,820,FA/86,866,28,60.3,true
RV,4745,FA/86,866,End,866,0,0.0,true
RV,4748,Start,930,FA/86,930,0,0.0,true
RV,4748,FA/86,930,OD/86,976,31,60.3,true
RV,4748,OD/86,976,End,976,0,0.0,true
RV,4753,Start,943,OD/86,943,0,0.0,true
RV,4753,OD/86,943,FA/86,989,72,60.3,true
RV,4753,FA/86,989,End,989,0,0.0,true
RV,4756,Start,1050,FA/86,1050,0,0.0,true
RV,4756,FA/86,1050,OD/86,1096,31,60.3,true
RV,4756,OD/86,1096,End,1096,0,0.0,true
RV,4761,Start,1063,OD/86,1063,0,0.0,true
RV,4761,OD/86,1063,FA/86,1109,24,60.3,true
RV,4761,FA/86,1109,End,1109,0,0.0,true
RV,4764,Start,1170,FA/86,1170,0,0.0,true
RV,4764,FA/86,1170,OD/86,1216,14,60.3,true
RV,4764,OD/86,1216,End,1216,0,0.0,true
RV,4769,Start,1180,OD/86,1180,0,0.0,true
RV,4769,OD/86,1180,FA/86,1226,40,60.3,true
RV,4769,FA/86,1226,End,1226,0,0.0,true
RV,4772,Start,1290,FA/86,1290,0,0.0,true
RV,4772,FA/86,1290,OD/86,1336,9,60.3,true
RV,4772,OD/86,1336,End,1336,0,0.0,true
RØ,4804,Start,307,NF/86,307,0,0.0,true
RØ,4804,NF/86,307,NÆ/86,346,18,56.2,false
RØ,4804,NÆ/86,346,End,346,0,0.0,true
RØ,4808,Start,366,NF/86,366,0,0.0,true
RØ,4808,NF/86,366,NÆ/86,405,16,56.2,false
RØ,4808,NÆ/86,405,End,405,0,0.0,true
RØ,4812,Start,427,NF/86,427,0,0.0,true
RØ,4812,NF/86,427,NÆ/86,466,29,56.2,false
RØ,4812,NÆ/86,466,End,466,0,0.0,true
RØ,4816,Start,487,NF/86,487,0,0.0,true
RØ,4816,NF/86,487,NÆ/86,526,25,56.2,false
RØ,4816,NÆ/86,526,End,526,0,0.0,true
RØ,4817,Start,373,NÆ/86,373,0,0.0,true
RØ,4817,NÆ/86,373,NF/86,412,41,56.2,false
RØ,4817,NF/86,412,End,412,0,0.0,true
RØ,4820,Start,547,NF/86,547,0,0.0,true
RØ,4820,NF/86,547,NÆ/86,586,19,56.2,false
RØ,4820,NÆ/86,586,End,586,0,0.0,true
RØ,4821,Start,433,NÆ/86,433,0,0.0,true
RØ,4821,NÆ/86,433,NF/86,472,32,56.2,false
RØ,4821,NF/86,472,End,472,0,0.0,true
RØ,4824,Start,607,NF/86,607,0,0.0,true
RØ,4824,NF/86,607,NÆ/86,646,15,56.2,false
RØ,4824,NÆ/86,646,End,646,0,0.0,true
RØ,4825,Start,493,NÆ/86,493,0,0.0,true
RØ,4825,NÆ/86,493,NF/86,532,36,56.2,false
RØ,4825,NF/86,532,End,532,0,0.0,true
RØ,4828,Start,667,NF/86,667,0,0.0,true
RØ,4828,NF/86,667,NÆ/86,706,14,56.2,false
RØ,4828,NÆ/86,706,End,706,0,0.0,true
RØ,4829,Start,553,NÆ/86,553,0,0.0,true
RØ,4829,NÆ/86,553,NF/86,592,33,56.2,false
RØ,4829,NF/86,592,End,592,0,0.0,true
RØ,4832,Start,727,NF/86,727,0,0.0,true
RØ,4832,NF/86,727,NÆ/86,766,23,56.2,false
RØ,4832,NÆ/86,766,End,766,0,0.0,true
RØ,4833,Start,613,NÆ/86,613,0,0.0,true
RØ,4833,NÆ/86,613,NF/86,652,15,56.2,false
RØ,4833,NF/86,652,End,652,0,0.0,true
RØ,4836,Start,787,NF/86,787,0,0.0,true
RØ,4836,NF/86,787,NÆ/86,826,29,56.2,false
RØ,4836,NÆ/86,826,End,826,0,0.0,true
RØ,4837,Start,673,NÆ/86,673,0,0.0,true
RØ,4837,NÆ/86,673,NF/86,712,15,56.2,false
RØ,4837,NF/86,712,End,712,0,0.0,true
RØ,4840,Start,847,NF/86,847,0,0.0,true
RØ,4840,NF/86,847,NÆ/86,886,42,56.2,false
RØ,4840,NÆ/86,886,End,886,0,0.0,true
RØ,4841,Start,733,NÆ/86,733,0,0.0,true
RØ,4841,NÆ/86,733,NF/86,772,18,56.2,false
RØ,4841,NF/86,772,End,772,0,0.0,true
RØ,4844,Start,907,NF/86,907,0,0.0,true
RØ,4844,NF/86,907,NÆ/86,946,53,56.2,false
RØ,4844,NÆ/86,946,End,946,0,0.0,true
RØ,4845,Start,793,NÆ/86,793,0,0.0,true
RØ,4845,NÆ/86,793,NF/86,832,22,56.2,false
RØ,4845,NF/86,832,End,832,0,0.0,true
RØ,4848,Start,967,NF/86,967,0,0.0,true
RØ,4848,NF/86,967,NÆ/86,1006,34,56.2,false
RØ,4848,NÆ/86,1006,End,1006,0,0.0,true
RØ,4849,Start,853,NÆ/86,853,0,0.0,true
RØ,4849,NÆ/86,853,NF/86,892,38,56.2,false
RØ,4849,NF/86,892,End,892,0,0.0,true
RØ,4852,Start,1027,NF/86,1027,0,0.0,true
RØ,4852,NF/86,1027,NÆ/86,1066,21,56.2,false
RØ,4852,NÆ/86,1066,End,1066,0,0.0,true
RØ,4853,Start,913,NÆ/86,913,0,0.0,true
RØ,4853,NÆ/86,913,NF/86,952,53,56.2,false
RØ,4853,NF/86,952,End,952,0,0.0,true
RØ,4856,Start,1087,NF/86,1087,0,0.0,true
RØ,4856,NF/86,1087,NÆ/86,1126,13,56.2,false
RØ,4856,NÆ/86,1126,End,1126,0,0.0,true
RØ,4857,Start,973,NÆ/86,973,0,0.0,true
RØ,4857,NÆ/86,973,NF/86,1012,48,56.2,false
RØ,4857,NF/86,1012,End,1012,0,0.0,true
RØ,4860,Start,1147,NF/86,1147,0,0.0,true
RØ,4860,NF/86,1147,NÆ/86,1186,9,56.2,false
RØ,4860,NÆ/86,1186,End,1186,0,0.0,true
RØ,4861,Start,1033,NÆ/86,1033,0,0.0,true
RØ,4861,NÆ/86,1033,NF/86,1072,25,56.2,false
RØ,4861,NF/86,1072,End,1072,0,0.0,true
RØ,4865,Start,1093,NÆ/86,1093,0,0.0,true
RØ,4865,NÆ/86,1093,NF/86,1132,20,56.2,false
RØ,4865,NF/86,1132,End,1132,0,0.0,true
RØ,4869,Start,1153,NÆ/86,1153,0,0.0,true
RØ,4869,NÆ/86,1153,NF/86,1192,24,56.2,false
RØ,4869,NF/86,1192,End,1192,0,0.0,true
RØ,4873,Start,1213,NÆ/86,1213,0,0.0,true
RØ,4873,NÆ/86,1213,NF/86,1252,29,56.2,false
RØ,4873,NF/86,1252,End,1252,0,0.0,true
RØ,4895,Start,10,KH/86,10,0,0.0,true
RØ,4895,KH/86,10,NF/86,114,52,146.9,false
RØ,4895,NF/86,114,End,114,0,0.0,true
IC,5750,Start,365,FLB/80,365,0,0.0,true
IC,5750,FLB/80,365,FA/86,450,31,121.6,true
IC,5750,FA/86,450,End,450,0,0.0,true
IC,5751,Start,270,FA/86,270,0,0.0,true
IC,5751,FA/86,270,FLB/80,353,9,121.6,true
IC,5751,FLB/80,353,End,353,0,0.0,true
IC,5752,Start,485,FLB/80,485,0,0.0,true
IC,5752,FLB/80,485,FA/86,570,30,121.6,true
IC,5752,FA/86,570,End,570,0,0.0,true
IC,5753,Start,390,FA/86,390,0,0.0,true
IC,5753,FA/86,390,FLB/80,473,17,121.6,true
IC,5753,FLB/80,473,End,473,0,0.0,true
IC,5754,Start,605,FLB/80,605,0,0.0,true
IC,5754,FLB/80,605,FA/86,690,16,121.6,true
IC,5754,FA/86,690,End,690,0,0.0,true
IC,5755,Start,510,FA/86,510,0,0.0,true
IC,5755,FA/86,510,FLB/80,593,65,121.6,true
IC,5755,FLB/80,593,End,593,0,0.0,true
IC,5756,Start,723,FLB/80,723,0,0.0,true
IC,5756,FLB/80,723,FA/86,810,38,121.6,true
IC,5756,FA/86,810,End,810,0,0.0,true
IC,5757,Start,630,FA/86,630,0,0.0,true
IC,5757,FA/86,630,FLB/80,713,17,121.6,true
IC,5757,FLB/80,713,End,713,0,0.0,true
IC,5758,Start,845,FLB/80,845,0,0.0,true
IC,5758,FLB/80,845,FA/86,930,37,121.6,true
IC,5758,FA/86,930,End,930,0,0.0,true
IC,5759,Start,750,FA/86,750,0,0.0,true
IC,5759,FA/86,750,FLB/80,833,30,121.6,true
IC,5759,FLB/80,833,End,833,0,0.0,true
IC,5760,Start,965,FLB/80,965,0,0.0,true
IC,5760,FLB/80,965,FA/86,1050,21,121.6,true
IC,5760,FA/86,1050,End,1050,0,0.0,true
IC,5761,Start,870,FA/86,870,0,0.0,true
IC,5761,FA/86,870,FLB/80,953,49,121.6,true
IC,5761,FLB/80,953,End,953,0,0.0,true
IC,5762,Start,1085,FLB/80,1085,0,0.0,true
IC,5762,FLB/80,1085,FA/86,1170,15,121.6,true
IC,5762,FA/86,1170,End,1170,0,0.0,true
IC,5763,Start,990,FA/86,990,0,0.0,true
IC,5763,FA/86,990,FLB/80,1073,74,121.6,true
IC,5763,FLB/80,1073,End,1073,0,0.0,true
IC,5764,Start,1205,FLB/80,1205,0,0.0,true
IC,5764,FLB/80,1205,FA/86,1290,34,121.6,true
IC,5764,FA/86,1290,End,1290,0,0.0,true
IC,5765,Start,1110,FA/86,1110,0,0.0,true
IC,5765,FA/86,1110,FLB/80,1193,38,121.6,true
IC,5765,FLB/80,1193,End,1193,0,0.0,true
IC,5766,Start,1325,FLB/80,1325,0,0.0,true
IC,5766,FLB/80,1325,FA/86,1410,5,121.6,true
IC,5766,FA/86,1410,End,1410,0,0.0,true
IC,5767,Start,1230,FA/86,1230,0,0.0,true
IC,5767,FA/86,1230,FLB/80,1313,46,121.6,true
IC,5767,FLB/80,1313,End,1313,0,0.0,true
IC,80108,Start,356,FA/86,356,0,0.0,true
IC,80108,FA/86,356,HGL/86,505,445,225.8,true
IC,80108,HGL/86,505,End,505,0,0.0,true
IC,80169,Start,1055,HGL/86,1055,0,0.0,true
IC,80169,HGL/86,1055,FA/86,1202,194,225.8,true
IC,80169,FA/86,1202,End,1202,0,0.0,true
