TrainId,FromStation,ConnectionStation,ToStation,ArrivalAtConnection,DepartureFromConnection
10,AR/86,KGV/86,SD/86,05:23:00,05:23:00
10,KGV/86,SD/86,HÅ/86,05:32:00,05:34:00
10,SD/86,HÅ/86,HS/86,05:41:00,05:41:00
10,HÅ/86,HS/86,HED/86,05:47:00,05:49:00
10,HS/86,HED/86,VJ/86,05:57:00,05:57:00
10,HED/86,VJ/86,BET/86,06:04:00,06:06:00
10,VJ/86,BET/86,FA/86,06:11:00,06:11:00
10,BET/86,FA/86,SNO/86,06:21:00,06:27:00
10,FA/86,SNO/86,OD/86,06:29:00,06:29:00
10,SNO/86,OD/86,MV/86,06:54:00,06:57:00
10,OD/86,MV/86,KH/86,07:02:00,07:02:00
10,MV/86,KH/86,BAN/86,08:06:00,08:18:00
10,KH/86,BAN/86,CPH/86,08:21:00,08:21:00
100,OD/86,MV/86,LV/86,04:14:00,04:14:00
100,MV/86,LV/86,UV/86,04:16:00,04:17:00
100,LV/86,UV/86,NG/86,04:20:00,04:20:00
100,UV/86,NG/86,SPR/86,04:25:00,04:27:00
100,NG/86,SPR/86,KØ/86,04:33:00,04:33:00
100,SPR/86,KØ/86,FO/86,04:39:00,04:40:00
100,KØ/86,FO/86,SG/86,04:44:00,04:44:00
100,FO/86,SG/86,SO/86,04:48:00,04:50:00
100,SG/86,SO/86,FJ/86,04:58:00,04:59:00
100,SO/86,FJ/86,RG/86,05:03:00,05:03:00
100,FJ/86,RG/86,KY/86,05:07:00,05:09:00
100,RG/86,KY/86,RO/86,05:14:00,05:14:00
100,KY/86,RO/86,TRK/86,05:24:00,05:26:00
100,RO/86,TRK/86,HTÅ/86,05:28:00,05:28:00
100,TRK/86,HTÅ/86,GL/86,05:33:00,05:34:00
100,HTÅ/86,GL/86,VAL/86,05:39:00,05:39:00
100,GL/86,VAL/86,KH/86,05:43:00,05:44:00
100,VAL/86,KH/86,KN/86,05:50:00,05:55:00
100,KH/86,KN/86,KK/86,05:57:00,05:58:00
101,KH/86,VAL/86,HIF/86,00:39:00,00:41:00
101,VAL/86,HIF/86,HTÅ/86,00:44:00,00:44:00
101,HIF/86,HTÅ/86,HH/86,00:51:00,00:52:00
101,HTÅ/86,HH/86,RO/86,00:56:00,00:56:00
101,HH/86,RO/86,VY/86,01:00:00,01:02:00
101,RO/86,VY/86,RG/86,01:08:00,01:08:00
101,VY/86,RG/86,FJ/86,01:19:00,01:21:00
101,RG/86,FJ/86,SO/86,01:26:00,01:26:00
101,FJ/86,SO/86,SG/86,01:29:00,01:31:00
101,SO/86,SG/86,FO/86,01:39:00,01:41:00
101,SG/86,FO/86,KØ/86,01:46:00,01:46:00
101,FO/86,KØ/86,SPR/86,01:50:00,01:51:00
101,KØ/86,SPR/86,NG/86,01:58:00,01:58:00
101,SPR/86,NG/86,JU/86,02:04:00,02:06:00
101,NG/86,JU/86,OD/86,02:09:00,02:09:00
101,JU/86,OD/86,HP/86,02:20:00,02:22:00
101,OD/86,HP/86,MD/86,02:28:00,02:28:00
101,HP/86,MD/86,SNO/86,02:47:00,02:48:00
101,MD/86,SNO/86,FA/86,02:53:00,02:53:00
101,SNO/86,FA/86,BK/86,02:57:00,03:03:00
101,FA/86,BK/86,VJ/86,03:09:00,03:09:00
101,BK/86,VJ/86,HED/86,03:17:00,03:19:00
101,VJ/86,HED/86,HS/86,03:28:00,03:28:00
101,HED/86,HS/86,HÅ/86,03:35:00,03:37:00
101,HS/86,HÅ/86,SD/86,03:45:00,03:45:00
101,HÅ/86,SD/86,HX/86,03:53:00,03:54:00
101,SD/86,HX/86,AR/86,03:59:00,03:59:00
104,FA/86,SNO/86,MD/86,04:59:00,04:59:00
104,SNO/86,MD/86,KA/86,05:03:00,05:05:00
104,MD/86,KA/86,OD/86,05:09:00,05:09:00
104,KA/86,OD/86,MV/86,05:27:00,05:29:00
104,OD/86,MV/86,LV/86,05:34:00,05:34:00
104,MV/86,LV/86,UV/86,05:37:00,05:38:00
104,LV/86,UV/86,NG/86,05:41:00,05:41:00
104,UV/86,NG/86,SPR/86,05:45:00,05:47:00
104,NG/86,SPR/86,KØ/86,05:53:00,05:53:00
104,SPR/86,KØ/86,FO/86,05:59:00,06:00:00
104,KØ/86,FO/86,SG/86,06:04:00,06:04:00
104,FO/86,SG/86,SO/86,06:08:00,06:10:00
104,SG/86,SO/86,FJ/86,06:18:00,06:19:00
104,SO/86,FJ/86,RG/86,06:23:00,06:23:00
104,FJ/86,RG/86,KY/86,06:27:00,06:29:00
104,RG/86,KY/86,RO/86,06:34:00,06:34:00
104,KY/86,RO/86,TRK/86,06:44:00,06:46:00
104,RO/86,TRK/86,HTÅ/86,06:48:00,06:48:00
104,TRK/86,HTÅ/86,GL/86,06:53:00,06:54:00
104,HTÅ/86,GL/86,VAL/86,06:59:00,06:59:00
104,GL/86,VAL/86,KH/86,07:03:00,07:04:00
104,VAL/86,KH/86,KN/86,07:10:00,07:13:00
104,KH/86,KN/86,KK/86,07:15:00,07:16:00
107,KH/86,VAL/86,HIF/86,02:39:00,02:40:00
107,VAL/86,HIF/86,HTÅ/86,02:43:00,02:43:00
107,HIF/86,HTÅ/86,HH/86,02:49:00,02:51:00
107,HTÅ/86,HH/86,RO/86,02:54:00,02:54:00
107,HH/86,RO/86,VY/86,02:58:00,03:00:00
107,RO/86,VY/86,RG/86,03:06:00,03:06:00
107,VY/86,RG/86,FJ/86,03:17:00,03:19:00
107,RG/86,FJ/86,SO/86,03:24:00,03:24:00
107,FJ/86,SO/86,SG/86,03:27:00,03:29:00
107,SO/86,SG/86,FO/86,03:37:00,03:39:00
107,SG/86,FO/86,KØ/86,03:44:00,03:44:00
107,FO/86,KØ/86,SPR/86,03:48:00,03:49:00
107,KØ/86,SPR/86,NG/86,03:56:00,03:56:00
107,SPR/86,NG/86,JU/86,04:02:00,04:04:00
107,NG/86,JU/86,OD/86,04:07:00,04:07:00
107,JU/86,OD/86,HP/86,04:18:00,04:21:00
107,OD/86,HP/86,MD/86,04:26:00,04:26:00
107,HP/86,MD/86,SNO/86,04:45:00,04:46:00
107,MD/86,SNO/86,FA/86,04:51:00,04:51:00
107,SNO/86,FA/86,BK/86,04:55:00,05:05:00
107,FA/86,BK/86,VJ/86,05:11:00,05:11:00
107,BK/86,VJ/86,HED/86,05:18:00,05:20:00
107,VJ/86,HED/86,HS/86,05:28:00,05:28:00
107,HED/86,HS/86,HÅ/86,05:35:00,05:37:00
107,HS/86,HÅ/86,SD/86,05:44:00,05:44:00
107,HÅ/86,SD/86,HX/86,05:51:00,05:52:00
107,SD/86,HX/86,AR/86,05:57:00,05:57:00
11,OD/86,HP/86,MD/86,05:07:00,05:07:00
11,HP/86,MD/86,SNO/86,05:24:00,05:26:00
11,MD/86,SNO/86,FA/86,05:31:00,05:31:00
11,SNO/86,FA/86,BK/86,05:34:00,05:38:00
11,FA/86,BK/86,VJ/86,05:44:00,05:44:00
11,BK/86,VJ/86,HED/86,05:51:00,05:53:00
11,VJ/86,HED/86,HS/86,06:01:00,06:01:00
11,HED/86,HS/86,HÅ/86,06:08:00,06:10:00
11,HS/86,HÅ/86,SD/86,06:17:00,06:17:00
11,HÅ/86,SD/86,HX/86,06:24:00,06:25:00
11,SD/86,HX/86,AR/86,06:30:00,06:30:00
112,FA/86,SNO/86,MD/86,06:59:00,06:59:00
112,SNO/86,MD/86,KA/86,07:03:00,07:05:00
112,MD/86,KA/86,OD/86,07:09:00,07:09:00
112,KA/86,OD/86,MV/86,07:27:00,07:29:00
112,OD/86,MV/86,LV/86,07:34:00,07:34:00
112,MV/86,LV/86,UV/86,07:37:00,07:38:00
112,LV/86,UV/86,NG/86,07:41:00,07:41:00
112,UV/86,NG/86,SPR/86,07:45:00,07:47:00
112,NG/86,SPR/86,KØ/86,07:53:00,07:53:00
112,SPR/86,KØ/86,FO/86,07:59:00,08:00:00
112,KØ/86,FO/86,SG/86,08:04:00,08:04:00
112,FO/86,SG/86,SO/86,08:08:00,08:10:00
112,SG/86,SO/86,FJ/86,08:18:00,08:19:00
112,SO/86,FJ/86,RG/86,08:23:00,08:23:00
112,FJ/86,RG/86,KY/86,08:27:00,08:29:00
112,RG/86,KY/86,RO/86,08:34:00,08:34:00
112,KY/86,RO/86,TRK/86,08:44:00,08:46:00
112,RO/86,TRK/86,HTÅ/86,08:48:00,08:48:00
112,TRK/86,HTÅ/86,GL/86,08:53:00,08:54:00
112,HTÅ/86,GL/86,VAL/86,08:59:00,08:59:00
112,GL/86,VAL/86,KH/86,09:03:00,09:04:00
112,VAL/86,KH/86,KN/86,09:10:00,09:13:00
112,KH/86,KN/86,KK/86,09:15:00,09:16:00
112,KN/86,KK/86,HGL/86,09:19:00,09:22:00
113,KH/86,VAL/86,HIF/86,03:53:00,03:55:00
113,VAL/86,HIF/86,HTÅ/86,03:58:00,03:58:00
113,HIF/86,HTÅ/86,HH/86,04:04:00,04:05:00
113,HTÅ/86,HH/86,RO/86,04:08:00,04:08:00
113,HH/86,RO/86,VY/86,04:12:00,04:14:00
113,RO/86,VY/86,RG/86,04:19:00,04:19:00
113,VY/86,RG/86,FJ/86,04:29:00,04:31:00
113,RG/86,FJ/86,SO/86,04:36:00,04:36:00
113,FJ/86,SO/86,SG/86,04:39:00,04:40:00
113,SO/86,SG/86,FO/86,04:48:00,04:50:00
113,SG/86,FO/86,KØ/86,04:54:00,04:54:00
113,FO/86,KØ/86,SPR/86,04:58:00,04:59:00
113,KØ/86,SPR/86,NG/86,05:05:00,05:05:00
113,SPR/86,NG/86,JU/86,05:10:00,05:12:00
113,NG/86,JU/86,LV/86,05:15:00,05:15:00
113,JU/86,LV/86,MV/86,05:20:00,05:21:00
113,LV/86,MV/86,OD/86,05:24:00,05:24:00
113,MV/86,OD/86,HP/86,05:28:00,05:31:00
113,OD/86,HP/86,MD/86,05:35:00,05:35:00
113,HP/86,MD/86,SNO/86,05:53:00,05:54:00
113,MD/86,SNO/86,FA/86,05:58:00,05:58:00
116,FA/86,SNO/86,MD/86,07:59:00,07:59:00
116,SNO/86,MD/86,KA/86,08:03:00,08:05:00
116,MD/86,KA/86,OD/86,08:09:00,08:09:00
116,KA/86,OD/86,MV/86,08:27:00,08:29:00
116,OD/86,MV/86,LV/86,08:34:00,08:34:00
116,MV/86,LV/86,UV/86,08:37:00,08:38:00
116,LV/86,UV/86,NG/86,08:41:00,08:41:00
116,UV/86,NG/86,SPR/86,08:45:00,08:47:00
116,NG/86,SPR/86,KØ/86,08:53:00,08:53:00
116,SPR/86,KØ/86,FO/86,08:59:00,09:00:00
116,KØ/86,FO/86,SG/86,09:04:00,09:04:00
116,FO/86,SG/86,SO/86,09:08:00,09:10:00
116,SG/86,SO/86,FJ/86,09:18:00,09:19:00
116,SO/86,FJ/86,RG/86,09:23:00,09:23:00
116,FJ/86,RG/86,KY/86,09:27:00,09:29:00
116,RG/86,KY/86,RO/86,09:34:00,09:34:00
116,KY/86,RO/86,TRK/86,09:44:00,09:46:00
116,RO/86,TRK/86,HTÅ/86,09:48:00,09:48:00
116,TRK/86,HTÅ/86,GL/86,09:53:00,09:54:00
116,HTÅ/86,GL/86,VAL/86,09:59:00,09:59:00
116,GL/86,VAL/86,KH/86,10:03:00,10:04:00
116,VAL/86,KH/86,KN/86,10:10:00,10:13:00
116,KH/86,KN/86,KK/86,10:15:00,10:16:00
116,KN/86,KK/86,HGL/86,10:19:00,10:22:00
117,KH/86,VAL/86,HIF/86,04:53:00,04:55:00
117,VAL/86,HIF/86,HTÅ/86,04:58:00,04:58:00
117,HIF/86,HTÅ/86,HH/86,05:04:00,05:05:00
117,HTÅ/86,HH/86,RO/86,05:08:00,05:08:00
117,HH/86,RO/86,VY/86,05:12:00,05:14:00
117,RO/86,VY/86,RG/86,05:19:00,05:19:00
117,VY/86,RG/86,FJ/86,05:29:00,05:31:00
117,RG/86,FJ/86,SO/86,05:36:00,05:36:00
117,FJ/86,SO/86,SG/86,05:39:00,05:40:00
117,SO/86,SG/86,FO/86,05:48:00,05:50:00
117,SG/86,FO/86,KØ/86,05:54:00,05:54:00
117,FO/86,KØ/86,SPR/86,05:58:00,05:59:00
117,KØ/86,SPR/86,NG/86,06:05:00,06:05:00
117,SPR/86,NG/86,JU/86,06:10:00,06:12:00
117,NG/86,JU/86,LV/86,06:15:00,06:15:00
117,JU/86,LV/86,MV/86,06:20:00,06:21:00
117,LV/86,MV/86,OD/86,06:24:00,06:24:00
117,MV/86,OD/86,HP/86,06:28:00,06:31:00
117,OD/86,HP/86,MD/86,06:35:00,06:35:00
117,HP/86,MD/86,SNO/86,06:53:00,06:54:00
117,MD/86,SNO/86,FA/86,06:58:00,06:58:00
1191,KH/86,GB/86,RG/86,05:25:00,05:25:00
1191,GB/86,RG/86,FJ/86,05:50:00,05:52:00
1191,RG/86,FJ/86,OD/86,05:56:00,05:56:00
1191,FJ/86,OD/86,HP/86,06:33:00,06:36:00
1191,OD/86,HP/86,KD/86,06:41:00,06:41:00
1191,HP/86,KD/86,LK/86,07:12:00,07:15:00
1191,KD/86,LK/86,PA/86,07:22:00,07:22:00
1191,LK/86,PA/86,PAGR/86,07:57:00,08:02:00
1191,PA/86,PAGR/86,ASW/80,08:03:00,08:03:00
1191,PAGR/86,ASW/80,AR/80,08:28:00,08:30:00
1191,ASW/80,AR/80,HMB/80,09:00:00,09:00:00
1196,HMB/80,ADF/80,ASW/80,11:57:00,11:57:00
1196,ADF/80,ASW/80,AFW/80,13:25:00,13:27:00
1196,ASW/80,AFW/80,PA/86,13:40:00,13:40:00
1196,AFW/80,PA/86,VK/86,13:53:00,14:03:00
1196,PA/86,VK/86,KD/86,14:07:00,14:07:00
1196,VK/86,KD/86,TL/86,14:44:00,14:46:00
1196,KD/86,TL/86,OD/86,14:52:00,14:52:00
1196,TL/86,OD/86,MV/86,15:24:00,15:27:00
1196,OD/86,MV/86,RG/86,15:31:00,15:31:00
1196,MV/86,RG/86,ADA/86,16:07:00,16:09:00
1196,RG/86,ADA/86,KH/86,16:13:00,16:13:00
1198,HMB/80,ADF/80,ASW/80,06:57:00,06:57:00
1198,ADF/80,ASW/80,AFW/80,08:24:00,08:26:00
1198,ASW/80,AFW/80,PA/86,08:40:00,08:40:00
1198,AFW/80,PA/86,VK/86,08:54:00,09:03:00
1198,PA/86,VK/86,KD/86,09:07:00,09:07:00
1198,VK/86,KD/86,TL/86,09:44:00,09:46:00
1198,KD/86,TL/86,OD/86,09:52:00,09:52:00
1198,TL/86,OD/86,MV/86,10:24:00,10:27:00
1198,OD/86,MV/86,RG/86,10:31:00,10:31:00
1198,MV/86,RG/86,ADA/86,11:07:00,11:09:00
1198,RG/86,ADA/86,KH/86,11:13:00,11:13:00
1199,KH/86,GB/86,RG/86,18:25:00,18:25:00
1199,GB/86,RG/86,FJ/86,18:50:00,18:52:00
1199,RG/86,FJ/86,OD/86,18:56:00,18:56:00
1199,FJ/86,OD/86,HP/86,19:33:00,19:36:00
1199,OD/86,HP/86,KD/86,19:41:00,19:41:00
1199,HP/86,KD/86,LK/86,20:12:00,20:15:00
1199,KD/86,LK/86,PA/86,20:22:00,20:22:00
1199,LK/86,PA/86,PAGR/86,20:57:00,21:02:00
1199,PA/86,PAGR/86,ASW/80,21:03:00,21:03:00
1199,PAGR/86,ASW/80,AR/80,21:28:00,21:30:00
1199,ASW/80,AR/80,HMB/80,22:00:00,22:00:00
120,AR/86,KGV/86,SD/86,07:52:00,07:52:00
120,KGV/86,SD/86,HÅ/86,08:02:00,08:03:00
120,SD/86,HÅ/86,HS/86,08:10:00,08:10:00
120,HÅ/86,HS/86,HED/86,08:17:00,08:19:00
120,HS/86,HED/86,VJ/86,08:27:00,08:27:00
120,HED/86,VJ/86,BET/86,08:34:00,08:36:00
120,VJ/86,BET/86,FA/86,08:41:00,08:41:00
120,BET/86,FA/86,SNO/86,08:51:00,08:56:00
120,FA/86,SNO/86,MD/86,08:59:00,08:59:00
120,SNO/86,MD/86,KA/86,09:03:00,09:05:00
120,MD/86,KA/86,OD/86,09:09:00,09:09:00
120,KA/86,OD/86,MV/86,09:27:00,09:29:00
120,OD/86,MV/86,LV/86,09:34:00,09:34:00
120,MV/86,LV/86,UV/86,09:37:00,09:38:00
120,LV/86,UV/86,NG/86,09:41:00,09:41:00
120,UV/86,NG/86,SPR/86,09:45:00,09:47:00
120,NG/86,SPR/86,KØ/86,09:53:00,09:53:00
120,SPR/86,KØ/86,FO/86,09:59:00,10:00:00
120,KØ/86,FO/86,SG/86,10:04:00,10:04:00
120,FO/86,SG/86,SO/86,10:08:00,10:10:00
120,SG/86,SO/86,FJ/86,10:18:00,10:19:00
120,SO/86,FJ/86,RG/86,10:23:00,10:23:00
120,FJ/86,RG/86,KY/86,10:27:00,10:29:00
120,RG/86,KY/86,RO/86,10:34:00,10:34:00
120,KY/86,RO/86,TRK/86,10:44:00,10:46:00
120,RO/86,TRK/86,HTÅ/86,10:48:00,10:48:00
120,TRK/86,HTÅ/86,GL/86,10:53:00,10:54:00
120,HTÅ/86,GL/86,VAL/86,10:59:00,10:59:00
120,GL/86,VAL/86,KH/86,11:03:00,11:04:00
120,VAL/86,KH/86,KN/86,11:10:00,11:13:00
120,KH/86,KN/86,KK/86,11:15:00,11:16:00
1204,NF/86,TN/86,VO/86,05:41:00,05:41:00
1204,TN/86,VO/86,LU/86,05:53:00,05:55:00
1204,VO/86,LU/86,NÆ/86,06:00:00,06:00:00
1204,LU/86,NÆ/86,GZ/86,06:07:00,06:10:00
1204,NÆ/86,GZ/86,RG/86,06:16:00,06:16:00
1204,GZ/86,RG/86,ADA/86,06:22:00,06:23:00
1204,RG/86,ADA/86,NEL/86,06:27:00,06:27:00
1204,ADA/86,NEL/86,GB/86,06:47:00,06:49:00
1204,NEL/86,GB/86,KH/86,06:50:00,06:50:00
1208,NF/86,TN/86,VO/86,06:41:00,06:41:00
1208,TN/86,VO/86,LU/86,06:53:00,06:55:00
1208,VO/86,LU/86,NÆ/86,07:00:00,07:00:00
1208,LU/86,NÆ/86,GZ/86,07:07:00,07:10:00
1208,NÆ/86,GZ/86,RG/86,07:16:00,07:16:00
1208,GZ/86,RG/86,ADA/86,07:22:00,07:23:00
1208,RG/86,ADA/86,NEL/86,07:27:00,07:27:00
1208,ADA/86,NEL/86,GB/86,07:47:00,07:49:00
1208,NEL/86,GB/86,KH/86,07:50:00,07:50:00
121,KH/86,VAL/86,HIF/86,05:53:00,05:55:00
121,VAL/86,HIF/86,HTÅ/86,05:58:00,05:58:00
121,HIF/86,HTÅ/86,HH/86,06:04:00,06:05:00
121,HTÅ/86,HH/86,RO/86,06:08:00,06:08:00
121,HH/86,RO/86,VY/86,06:12:00,06:14:00
121,RO/86,VY/86,RG/86,06:19:00,06:19:00
121,VY/86,RG/86,FJ/86,06:29:00,06:31:00
121,RG/86,FJ/86,SO/86,06:36:00,06:36:00
121,FJ/86,SO/86,SG/86,06:39:00,06:40:00
121,SO/86,SG/86,FO/86,06:48:00,06:50:00
121,SG/86,FO/86,KØ/86,06:54:00,06:54:00
121,FO/86,KØ/86,SPR/86,06:58:00,06:59:00
121,KØ/86,SPR/86,NG/86,07:05:00,07:05:00
121,SPR/86,NG/86,JU/86,07:10:00,07:12:00
121,NG/86,JU/86,LV/86,07:15:00,07:15:00
121,JU/86,LV/86,MV/86,07:20:00,07:21:00
121,LV/86,MV/86,OD/86,07:24:00,07:24:00
121,MV/86,OD/86,HP/86,07:28:00,07:31:00
121,OD/86,HP/86,MD/86,07:35:00,07:35:00
121,HP/86,MD/86,SNO/86,07:53:00,07:54:00
121,MD/86,SNO/86,FA/86,07:58:00,07:58:00
1212,NF/86,TN/86,VO/86,07:41:00,07:41:00
1212,TN/86,VO/86,LU/86,07:53:00,07:55:00
1212,VO/86,LU/86,NÆ/86,08:00:00,08:00:00
1212,LU/86,NÆ/86,GZ/86,08:07:00,08:10:00
1212,NÆ/86,GZ/86,RG/86,08:16:00,08:16:00
1212,GZ/86,RG/86,ADA/86,08:22:00,08:23:00
1212,RG/86,ADA/86,NEL/86,08:27:00,08:27:00
1212,ADA/86,NEL/86,GB/86,08:47:00,08:49:00
1212,NEL/86,GB/86,KH/86,08:50:00,08:50:00
1216,NF/86,TN/86,VO/86,08:41:00,08:41:00
1216,TN/86,VO/86,LU/86,08:53:00,08:55:00
1216,VO/86,LU/86,NÆ/86,09:00:00,09:00:00
1216,LU/86,NÆ/86,GZ/86,09:07:00,09:10:00
1216,NÆ/86,GZ/86,RG/86,09:16:00,09:16:00
1216,GZ/86,RG/86,ADA/86,09:22:00,09:23:00
1216,RG/86,ADA/86,NEL/86,09:27:00,09:27:00
1216,ADA/86,NEL/86,GB/86,09:47:00,09:49:00
1216,NEL/86,GB/86,KH/86,09:50:00,09:50:00
1220,NF/86,TN/86,VO/86,09:41:00,09:41:00
1220,TN/86,VO/86,LU/86,09:53:00,09:55:00
1220,VO/86,LU/86,NÆ/86,10:00:00,10:00:00
1220,LU/86,NÆ/86,GZ/86,10:07:00,10:10:00
1220,NÆ/86,GZ/86,RG/86,10:16:00,10:16:00
1220,GZ/86,RG/86,ADA/86,10:22:00,10:23:00
1220,RG/86,ADA/86,NEL/86,10:27:00,10:27:00
1220,ADA/86,NEL/86,GB/86,10:47:00,10:49:00
1220,NEL/86,GB/86,KH/86,10:50:00,10:50:00
1221,KH/86,GB/86,NEL/86,06:07:00,06:07:00
1221,GB/86,NEL/86,IG/86,06:08:00,06:10:00
1221,NEL/86,IG/86,RG/86,06:10:20,06:10:20
1221,IG/86,RG/86,GZ/86,06:34:00,06:36:00
1221,RG/86,GZ/86,NÆ/86,06:41:00,06:41:00
1221,GZ/86,NÆ/86,MOG/86,06:48:00,06:50:00
1221,NÆ/86,MOG/86,LU/86,06:53:00,06:53:00
1221,MOG/86,LU/86,VO/86,06:58:00,06:59:00
1221,LU/86,VO/86,MN/86,07:05:00,07:07:00
1221,VO/86,MN/86,NV/86,07:10:00,07:10:00
1221,MN/86,NV/86,EK/86,07:17:00,07:18:00
1221,NV/86,EK/86,TN/86,07:22:00,07:23:00
1221,EK/86,TN/86,NF/86,07:26:00,07:26:00
1224,NF/86,TN/86,VO/86,10:41:00,10:41:00
1224,TN/86,VO/86,LU/86,10:53:00,10:55:00
1224,VO/86,LU/86,NÆ/86,11:00:00,11:00:00
1224,LU/86,NÆ/86,GZ/86,11:07:00,11:10:00
1224,NÆ/86,GZ/86,RG/86,11:16:00,11:16:00
1224,GZ/86,RG/86,ADA/86,11:22:00,11:23:00
1224,RG/86,ADA/86,NEL/86,11:27:00,11:27:00
1224,ADA/86,NEL/86,GB/86,11:47:00,11:49:00
1224,NEL/86,GB/86,KH/86,11:50:00,11:50:00
1225,KH/86,GB/86,NEL/86,07:11:00,07:11:00
1225,GB/86,NEL/86,IG/86,07:12:00,07:13:00
1225,NEL/86,IG/86,RG/86,07:14:00,07:14:00
1225,IG/86,RG/86,GZ/86,07:37:00,07:39:00
1225,RG/86,GZ/86,NÆ/86,07:44:00,07:44:00
1225,GZ/86,NÆ/86,MOG/86,07:51:00,07:53:00
1225,NÆ/86,MOG/86,VO/86,07:56:00,07:56:00
1225,MOG/86,VO/86,MN/86,08:05:00,08:07:00
1225,VO/86,MN/86,NF/86,08:10:00,08:10:00
1228,NF/86,TN/86,VO/86,11:41:00,11:41:00
1228,TN/86,VO/86,LU/86,11:53:00,11:55:00
1228,VO/86,LU/86,NÆ/86,12:00:00,12:00:00
1228,LU/86,NÆ/86,GZ/86,12:07:00,12:10:00
1228,NÆ/86,GZ/86,RG/86,12:16:00,12:16:00
1228,GZ/86,RG/86,ADA/86,12:22:00,12:23:00
1228,RG/86,ADA/86,NEL/86,12:27:00,12:27:00
1228,ADA/86,NEL/86,GB/86,12:47:00,12:49:00
1228,NEL/86,GB/86,KH/86,12:50:00,12:50:00
1229,KH/86,GB/86,NEL/86,08:11:00,08:11:00
1229,GB/86,NEL/86,IG/86,08:12:00,08:13:00
1229,NEL/86,IG/86,RG/86,08:14:00,08:14:00
1229,IG/86,RG/86,GZ/86,08:37:00,08:39:00
1229,RG/86,GZ/86,NÆ/86,08:44:00,08:44:00
1229,GZ/86,NÆ/86,MOG/86,08:51:00,08:53:00
1229,NÆ/86,MOG/86,VO/86,08:56:00,08:56:00
1229,MOG/86,VO/86,MN/86,09:05:00,09:07:00
1229,VO/86,MN/86,NF/86,09:10:00,09:10:00
1232,NF/86,TN/86,VO/86,12:41:00,12:41:00
1232,TN/86,VO/86,LU/86,12:53:00,12:55:00
1232,VO/86,LU/86,NÆ/86,13:00:00,13:00:00
1232,LU/86,NÆ/86,GZ/86,13:07:00,13:10:00
1232,NÆ/86,GZ/86,RG/86,13:16:00,13:16:00
1232,GZ/86,RG/86,ADA/86,13:22:00,13:23:00
1232,RG/86,ADA/86,NEL/86,13:27:00,13:27:00
1232,ADA/86,NEL/86,GB/86,13:47:00,13:49:00
1232,NEL/86,GB/86,KH/86,13:50:00,13:50:00
1233,KH/86,GB/86,NEL/86,09:11:00,09:11:00
1233,GB/86,NEL/86,IG/86,09:12:00,09:13:00
1233,NEL/86,IG/86,RG/86,09:14:00,09:14:00
1233,IG/86,RG/86,GZ/86,09:37:00,09:39:00
1233,RG/86,GZ/86,NÆ/86,09:44:00,09:44:00
1233,GZ/86,NÆ/86,MOG/86,09:51:00,09:53:00
1233,NÆ/86,MOG/86,VO/86,09:56:00,09:56:00
1233,MOG/86,VO/86,MN/86,10:05:00,10:07:00
1233,VO/86,MN/86,NF/86,10:10:00,10:10:00
1236,NF/86,TN/86,VO/86,13:41:00,13:41:00
1236,TN/86,VO/86,LU/86,13:53:00,13:55:00
1236,VO/86,LU/86,NÆ/86,14:00:00,14:00:00
1236,LU/86,NÆ/86,GZ/86,14:07:00,14:10:00
1236,NÆ/86,GZ/86,RG/86,14:16:00,14:16:00
1236,GZ/86,RG/86,ADA/86,14:22:00,14:23:00
1236,RG/86,ADA/86,NEL/86,14:27:00,14:27:00
1236,ADA/86,NEL/86,GB/86,14:47:00,14:49:00
1236,NEL/86,GB/86,KH/86,14:50:00,14:50:00
1237,KH/86,GB/86,NEL/86,10:11:00,10:11:00
1237,GB/86,NEL/86,IG/86,10:12:00,10:13:00
1237,NEL/86,IG/86,RG/86,10:14:00,10:14:00
1237,IG/86,RG/86,GZ/86,10:37:00,10:39:00
1237,RG/86,GZ/86,NÆ/86,10:44:00,10:44:00
1237,GZ/86,NÆ/86,MOG/86,10:51:00,10:53:00
1237,NÆ/86,MOG/86,VO/86,10:56:00,10:56:00
1237,MOG/86,VO/86,MN/86,11:05:00,11:07:00
1237,VO/86,MN/86,NF/86,11:10:00,11:10:00
124,FA/86,SNO/86,MD/86,09:59:00,09:59:00
124,SNO/86,MD/86,KA/86,10:03:00,10:05:00
124,MD/86,KA/86,OD/86,10:09:00,10:09:00
124,KA/86,OD/86,MV/86,10:27:00,10:29:00
124,OD/86,MV/86,LV/86,10:34:00,10:34:00
124,MV/86,LV/86,UV/86,10:37:00,10:38:00
124,LV/86,UV/86,NG/86,10:41:00,10:41:00
124,UV/86,NG/86,SPR/86,10:45:00,10:47:00
124,NG/86,SPR/86,KØ/86,10:53:00,10:53:00
124,SPR/86,KØ/86,FO/86,10:59:00,11:00:00
124,KØ/86,FO/86,SG/86,11:04:00,11:04:00
124,FO/86,SG/86,SO/86,11:08:00,11:10:00
124,SG/86,SO/86,FJ/86,11:18:00,11:19:00
124,SO/86,FJ/86,RG/86,11:23:00,11:23:00
124,FJ/86,RG/86,KY/86,11:27:00,11:29:00
124,RG/86,KY/86,RO/86,11:34:00,11:34:00
124,KY/86,RO/86,TRK/86,11:44:00,11:46:00
124,RO/86,TRK/86,HTÅ/86,11:48:00,11:48:00
124,TRK/86,HTÅ/86,GL/86,11:53:00,11:54:00
124,HTÅ/86,GL/86,VAL/86,11:59:00,11:59:00
124,GL/86,VAL/86,KH/86,12:03:00,12:04:00
1240,NF/86,TN/86,VO/86,14:41:00,14:41:00
1240,TN/86,VO/86,LU/86,14:53:00,14:55:00
1240,VO/86,LU/86,NÆ/86,15:00:00,15:00:00
1240,LU/86,NÆ/86,GZ/86,15:07:00,15:10:00
1240,NÆ/86,GZ/86,RG/86,15:16:00,15:16:00
1240,GZ/86,RG/86,ADA/86,15:22:00,15:23:00
1240,RG/86,ADA/86,NEL/86,15:27:00,15:27:00
1240,ADA/86,NEL/86,GB/86,15:47:00,15:49:00
1240,NEL/86,GB/86,KH/86,15:50:00,15:50:00
1241,KH/86,GB/86,NEL/86,11:11:00,11:11:00
1241,GB/86,NEL/86,IG/86,11:12:00,11:13:00
1241,NEL/86,IG/86,RG/86,11:14:00,11:14:00
1241,IG/86,RG/86,GZ/86,11:37:00,11:39:00
1241,RG/86,GZ/86,NÆ/86,11:44:00,11:44:00
1241,GZ/86,NÆ/86,MOG/86,11:51:00,11:53:00
1241,NÆ/86,MOG/86,VO/86,11:56:00,11:56:00
1241,MOG/86,VO/86,MN/86,12:05:00,12:07:00
1241,VO/86,MN/86,NF/86,12:10:00,12:10:00
1244,NF/86,TN/86,VO/86,15:41:00,15:41:00
1244,TN/86,VO/86,LU/86,15:53:00,15:55:00
1244,VO/86,LU/86,NÆ/86,16:00:00,16:00:00
1244,LU/86,NÆ/86,GZ/86,16:07:00,16:10:00
1244,NÆ/86,GZ/86,RG/86,16:16:00,16:16:00
1244,GZ/86,RG/86,ADA/86,16:22:00,16:23:00
1244,RG/86,ADA/86,NEL/86,16:27:00,16:27:00
1244,ADA/86,NEL/86,GB/86,16:47:00,16:49:00
1244,NEL/86,GB/86,KH/86,16:50:00,16:50:00
1245,KH/86,GB/86,NEL/86,12:11:00,12:11:00
1245,GB/86,NEL/86,IG/86,12:12:00,12:13:00
1245,NEL/86,IG/86,RG/86,12:14:00,12:14:00
1245,IG/86,RG/86,GZ/86,12:37:00,12:39:00
1245,RG/86,GZ/86,NÆ/86,12:44:00,12:44:00
1245,GZ/86,NÆ/86,MOG/86,12:51:00,12:53:00
1245,NÆ/86,MOG/86,VO/86,12:56:00,12:56:00
1245,MOG/86,VO/86,MN/86,13:05:00,13:07:00
1245,VO/86,MN/86,NF/86,13:10:00,13:10:00
1248,NF/86,TN/86,VO/86,16:41:00,16:41:00
1248,TN/86,VO/86,LU/86,16:53:00,16:55:00
1248,VO/86,LU/86,NÆ/86,17:00:00,17:00:00
1248,LU/86,NÆ/86,GZ/86,17:07:00,17:10:00
1248,NÆ/86,GZ/86,RG/86,17:16:00,17:16:00
1248,GZ/86,RG/86,ADA/86,17:22:00,17:23:00
1248,RG/86,ADA/86,NEL/86,17:27:00,17:27:00
1248,ADA/86,NEL/86,GB/86,17:47:00,17:49:00
1248,NEL/86,GB/86,KH/86,17:50:00,17:50:00
1249,KH/86,GB/86,NEL/86,13:11:00,13:11:00
1249,GB/86,NEL/86,IG/86,13:12:00,13:13:00
1249,NEL/86,IG/86,RG/86,13:14:00,13:14:00
1249,IG/86,RG/86,GZ/86,13:37:00,13:39:00
1249,RG/86,GZ/86,NÆ/86,13:44:00,13:44:00
1249,GZ/86,NÆ/86,MOG/86,13:51:00,13:53:00
1249,NÆ/86,MOG/86,VO/86,13:56:00,13:56:00
1249,MOG/86,VO/86,MN/86,14:05:00,14:07:00
1249,VO/86,MN/86,NF/86,14:10:00,14:10:00
125,KK/86,KN/86,KH/86,06:43:00,06:44:00
125,KN/86,KH/86,VAL/86,06:47:00,06:50:00
125,KH/86,VAL/86,HIF/86,06:53:00,06:55:00
125,VAL/86,HIF/86,HTÅ/86,06:58:00,06:58:00
125,HIF/86,HTÅ/86,HH/86,07:04:00,07:05:00
125,HTÅ/86,HH/86,RO/86,07:08:00,07:08:00
125,HH/86,RO/86,VY/86,07:12:00,07:14:00
125,RO/86,VY/86,RG/86,07:19:00,07:19:00
125,VY/86,RG/86,FJ/86,07:29:00,07:31:00
125,RG/86,FJ/86,SO/86,07:36:00,07:36:00
125,FJ/86,SO/86,SG/86,07:39:00,07:40:00
125,SO/86,SG/86,FO/86,07:48:00,07:50:00
125,SG/86,FO/86,KØ/86,07:54:00,07:54:00
125,FO/86,KØ/86,SPR/86,07:58:00,07:59:00
125,KØ/86,SPR/86,NG/86,08:05:00,08:05:00
125,SPR/86,NG/86,JU/86,08:10:00,08:12:00
125,NG/86,JU/86,LV/86,08:15:00,08:15:00
125,JU/86,LV/86,MV/86,08:20:00,08:21:00
125,LV/86,MV/86,OD/86,08:24:00,08:24:00
125,MV/86,OD/86,HP/86,08:28:00,08:31:00
125,OD/86,HP/86,MD/86,08:35:00,08:35:00
125,HP/86,MD/86,SNO/86,08:53:00,08:54:00
125,MD/86,SNO/86,FA/86,08:58:00,08:58:00
125,SNO/86,FA/86,BK/86,09:02:00,09:09:00
125,FA/86,BK/86,VJ/86,09:15:00,09:15:00
125,BK/86,VJ/86,HED/86,09:22:00,09:24:00
125,VJ/86,HED/86,HS/86,09:31:00,09:31:00
125,HED/86,HS/86,HÅ/86,09:38:00,09:40:00
125,HS/86,HÅ/86,SD/86,09:47:00,09:47:00
125,HÅ/86,SD/86,HX/86,09:54:00,09:55:00
125,SD/86,HX/86,AR/86,10:00:00,10:00:00
1252,NF/86,TN/86,VO/86,17:41:00,17:41:00
1252,TN/86,VO/86,LU/86,17:53:00,17:55:00
1252,VO/86,LU/86,NÆ/86,18:00:00,18:00:00
1252,LU/86,NÆ/86,GZ/86,18:07:00,18:10:00
1252,NÆ/86,GZ/86,RG/86,18:16:00,18:16:00
1252,GZ/86,RG/86,ADA/86,18:22:00,18:23:00
1252,RG/86,ADA/86,NEL/86,18:27:00,18:27:00
1252,ADA/86,NEL/86,GB/86,18:47:00,18:49:00
1252,NEL/86,GB/86,KH/86,18:50:00,18:50:00
1253,KH/86,GB/86,NEL/86,14:11:00,14:11:00
1253,GB/86,NEL/86,IG/86,14:12:00,14:13:00
1253,NEL/86,IG/86,RG/86,14:14:00,14:14:00
1253,IG/86,RG/86,GZ/86,14:37:00,14:39:00
1253,RG/86,GZ/86,NÆ/86,14:44:00,14:44:00
1253,GZ/86,NÆ/86,MOG/86,14:51:00,14:53:00
1253,NÆ/86,MOG/86,VO/86,14:56:00,14:56:00
1253,MOG/86,VO/86,MN/86,15:05:00,15:07:00
1253,VO/86,MN/86,NF/86,15:10:00,15:10:00
1256,NF/86,TN/86,VO/86,18:41:00,18:41:00
1256,TN/86,VO/86,LU/86,18:53:00,18:55:00
1256,VO/86,LU/86,NÆ/86,19:00:00,19:00:00
1256,LU/86,NÆ/86,GZ/86,19:07:00,19:10:00
1256,NÆ/86,GZ/86,RG/86,19:16:00,19:16:00
1256,GZ/86,RG/86,ADA/86,19:22:00,19:23:00
1256,RG/86,ADA/86,NEL/86,19:27:00,19:27:00
1256,ADA/86,NEL/86,GB/86,19:47:00,19:49:00
1256,NEL/86,GB/86,KH/86,19:50:00,19:50:00
1257,KH/86,GB/86,NEL/86,15:11:00,15:11:00
1257,GB/86,NEL/86,IG/86,15:12:00,15:13:00
1257,NEL/86,IG/86,RG/86,15:14:00,15:14:00
1257,IG/86,RG/86,GZ/86,15:37:00,15:39:00
1257,RG/86,GZ/86,NÆ/86,15:44:00,15:44:00
1257,GZ/86,NÆ/86,MOG/86,15:51:00,15:53:00
1257,NÆ/86,MOG/86,VO/86,15:56:00,15:56:00
1257,MOG/86,VO/86,MN/86,16:05:00,16:07:00
1257,VO/86,MN/86,NF/86,16:10:00,16:10:00
1260,NF/86,TN/86,VO/86,19:41:00,19:41:00
1260,TN/86,VO/86,LU/86,19:53:00,19:55:00
1260,VO/86,LU/86,NÆ/86,20:00:00,20:00:00
1260,LU/86,NÆ/86,GZ/86,20:07:00,20:10:00
1260,NÆ/86,GZ/86,RG/86,20:16:00,20:16:00
1260,GZ/86,RG/86,ADA/86,20:22:00,20:23:00
1260,RG/86,ADA/86,NEL/86,20:27:00,20:27:00
1260,ADA/86,NEL/86,GB/86,20:47:00,20:49:00
1260,NEL/86,GB/86,KH/86,20:50:00,20:50:00
1261,KH/86,GB/86,NEL/86,16:11:00,16:11:00
1261,GB/86,NEL/86,IG/86,16:12:00,16:13:00
1261,NEL/86,IG/86,RG/86,16:14:00,16:14:00
1261,IG/86,RG/86,GZ/86,16:37:00,16:39:00
1261,RG/86,GZ/86,NÆ/86,16:44:00,16:44:00
1261,GZ/86,NÆ/86,MOG/86,16:51:00,16:53:00
1261,NÆ/86,MOG/86,VO/86,16:56:00,16:56:00
1261,MOG/86,VO/86,MN/86,17:05:00,17:07:00
1261,VO/86,MN/86,NF/86,17:10:00,17:10:00
1264,NF/86,TN/86,EK/86,20:32:00,20:32:00
1264,TN/86,EK/86,NV/86,20:34:00,20:35:00
1264,EK/86,NV/86,OH/86,20:39:00,20:40:00
1264,NV/86,OH/86,VO/86,20:43:00,20:43:00
1264,OH/86,VO/86,LU/86,20:51:00,20:52:00
1264,VO/86,LU/86,MOG/86,20:58:00,20:59:00
1264,LU/86,MOG/86,NÆ/86,21:04:00,21:04:00
1264,MOG/86,NÆ/86,GZ/86,21:07:00,21:10:00
1264,NÆ/86,GZ/86,RG/86,21:16:00,21:16:00
1264,GZ/86,RG/86,ADA/86,21:22:00,21:24:00
1264,RG/86,ADA/86,NEL/86,21:28:00,21:28:00
1264,ADA/86,NEL/86,GB/86,21:47:20,21:49:20
1264,NEL/86,GB/86,KH/86,21:50:00,21:50:00
1265,KH/86,GB/86,NEL/86,17:11:00,17:11:00
1265,GB/86,NEL/86,IG/86,17:12:00,17:13:00
1265,NEL/86,IG/86,RG/86,17:14:00,17:14:00
1265,IG/86,RG/86,GZ/86,17:37:00,17:39:00
1265,RG/86,GZ/86,NÆ/86,17:44:00,17:44:00
1265,GZ/86,NÆ/86,MOG/86,17:51:00,17:53:00
1265,NÆ/86,MOG/86,VO/86,17:56:00,17:56:00
1265,MOG/86,VO/86,MN/86,18:05:00,18:07:00
1265,VO/86,MN/86,NF/86,18:10:00,18:10:00
1268,NF/86,TN/86,EK/86,21:29:00,21:29:00
1268,TN/86,EK/86,NV/86,21:31:00,21:32:00
1268,EK/86,NV/86,OH/86,21:36:00,21:37:00
1268,NV/86,OH/86,VO/86,21:40:00,21:40:00
1268,OH/86,VO/86,LU/86,21:48:00,21:49:00
1268,VO/86,LU/86,MOG/86,21:55:00,21:56:00
1268,LU/86,MOG/86,NÆ/86,22:01:00,22:01:00
1268,MOG/86,NÆ/86,GZ/86,22:04:00,22:07:00
1268,NÆ/86,GZ/86,RG/86,22:13:00,22:13:00
1268,GZ/86,RG/86,ADA/86,22:19:00,22:21:00
1268,RG/86,ADA/86,KJN/86,22:25:00,22:25:00
1268,ADA/86,KJN/86,JSF/86,22:33:00,22:34:00
1268,KJN/86,JSF/86,NEL/86,22:35:00,22:35:00
1268,JSF/86,NEL/86,GB/86,22:47:00,22:49:00
1268,NEL/86,GB/86,KH/86,22:50:00,22:50:00
1269,KH/86,GB/86,NEL/86,18:11:00,18:11:00
1269,GB/86,NEL/86,IG/86,18:12:00,18:13:00
1269,NEL/86,IG/86,RG/86,18:14:00,18:14:00
1269,IG/86,RG/86,GZ/86,18:37:00,18:39:00
1269,RG/86,GZ/86,NÆ/86,18:44:00,18:44:00
1269,GZ/86,NÆ/86,MOG/86,18:51:00,18:53:00
1269,NÆ/86,MOG/86,VO/86,18:56:00,18:56:00
1269,MOG/86,VO/86,MN/86,19:05:00,19:07:00
1269,VO/86,MN/86,NF/86,19:10:00,19:10:00
1272,NF/86,TN/86,EK/86,22:29:00,22:29:00
1272,TN/86,EK/86,NV/86,22:31:00,22:32:00
1272,EK/86,NV/86,OH/86,22:36:00,22:37:00
1272,NV/86,OH/86,VO/86,22:40:00,22:40:00
1272,OH/86,VO/86,LU/86,22:48:00,22:49:00
1272,VO/86,LU/86,MOG/86,22:55:00,22:56:00
1272,LU/86,MOG/86,NÆ/86,23:01:00,23:01:00
1272,MOG/86,NÆ/86,GZ/86,23:04:00,23:07:00
1272,NÆ/86,GZ/86,RG/86,23:13:00,23:13:00
1272,GZ/86,RG/86,ADA/86,23:19:00,23:21:00
1272,RG/86,ADA/86,KJN/86,23:25:00,23:25:00
1272,ADA/86,KJN/86,JSF/86,23:33:00,23:34:00
1272,KJN/86,JSF/86,NEL/86,23:35:00,23:35:00
1272,JSF/86,NEL/86,GB/86,23:47:00,23:49:00
1272,NEL/86,GB/86,KH/86,23:50:00,23:50:00
1273,KH/86,GB/86,NEL/86,19:11:00,19:11:00
1273,GB/86,NEL/86,IG/86,19:12:00,19:13:00
1273,NEL/86,IG/86,RG/86,19:14:00,19:14:00
1273,IG/86,RG/86,GZ/86,19:37:00,19:39:00
1273,RG/86,GZ/86,NÆ/86,19:44:00,19:44:00
1273,GZ/86,NÆ/86,MOG/86,19:51:00,19:53:00
1273,NÆ/86,MOG/86,VO/86,19:56:00,19:56:00
1273,MOG/86,VO/86,MN/86,20:05:00,20:07:00
1273,VO/86,MN/86,NF/86,20:10:00,20:10:00
1276,NF/86,TN/86,EK/86,23:29:00,23:29:00
1276,TN/86,EK/86,NV/86,23:31:00,23:32:00
1276,EK/86,NV/86,OH/86,23:36:00,23:37:00
1276,NV/86,OH/86,VO/86,23:40:00,23:40:00
1276,OH/86,VO/86,LU/86,23:48:00,23:49:00
1276,VO/86,LU/86,MOG/86,23:55:00,23:56:00
1276,LU/86,MOG/86,NÆ/86,24:01:00,24:01:00
1276,MOG/86,NÆ/86,GZ/86,24:04:00,24:07:00
1276,NÆ/86,GZ/86,RG/86,24:13:00,24:13:00
1276,GZ/86,RG/86,ADA/86,24:19:00,24:21:00
1276,RG/86,ADA/86,KJN/86,24:25:00,24:25:00
1276,ADA/86,KJN/86,JSF/86,24:33:00,24:34:00
1276,KJN/86,JSF/86,NEL/86,24:35:00,24:35:00
1276,JSF/86,NEL/86,GB/86,24:47:00,24:49:00
1276,NEL/86,GB/86,KH/86,24:50:00,24:50:00
1277,KH/86,GB/86,NEL/86,20:10:00,20:10:00
1277,GB/86,NEL/86,IG/86,20:11:00,20:13:00
1277,NEL/86,IG/86,RG/86,20:13:20,20:13:20
1277,IG/86,RG/86,GZ/86,20:37:00,20:38:00
1277,RG/86,GZ/86,NÆ/86,20:44:00,20:44:00
1277,GZ/86,NÆ/86,MOG/86,20:50:00,20:52:00
1277,NÆ/86,MOG/86,LU/86,20:56:00,20:56:00
1277,MOG/86,LU/86,VO/86,21:00:00,21:01:00
1277,LU/86,VO/86,MN/86,21:08:00,21:09:00
1277,VO/86,MN/86,NV/86,21:12:00,21:12:00
1277,MN/86,NV/86,EK/86,21:20:00,21:21:00
1277,NV/86,EK/86,TN/86,21:24:00,21:25:00
1277,EK/86,TN/86,NF/86,21:28:00,21:28:00
128,FA/86,SNO/86,MD/86,10:59:00,10:59:00
128,SNO/86,MD/86,KA/86,11:03:00,11:05:00
128,MD/86,KA/86,OD/86,11:09:00,11:09:00
128,KA/86,OD/86,MV/86,11:27:00,11:29:00
128,OD/86,MV/86,LV/86,11:34:00,11:34:00
128,MV/86,LV/86,UV/86,11:37:00,11:38:00
128,LV/86,UV/86,NG/86,11:41:00,11:41:00
128,UV/86,NG/86,SPR/86,11:45:00,11:47:00
128,NG/86,SPR/86,KØ/86,11:53:00,11:53:00
128,SPR/86,KØ/86,FO/86,11:59:00,12:00:00
128,KØ/86,FO/86,SG/86,12:04:00,12:04:00
128,FO/86,SG/86,SO/86,12:08:00,12:10:00
128,SG/86,SO/86,FJ/86,12:18:00,12:19:00
128,SO/86,FJ/86,RG/86,12:23:00,12:23:00
128,FJ/86,RG/86,KY/86,12:27:00,12:29:00
128,RG/86,KY/86,RO/86,12:34:00,12:34:00
128,KY/86,RO/86,TRK/86,12:44:00,12:46:00
128,RO/86,TRK/86,HTÅ/86,12:48:00,12:48:00
128,TRK/86,HTÅ/86,GL/86,12:53:00,12:54:00
128,HTÅ/86,GL/86,VAL/86,12:59:00,12:59:00
128,GL/86,VAL/86,KH/86,13:03:00,13:04:00
128,VAL/86,KH/86,KN/86,13:10:00,13:13:00
128,KH/86,KN/86,KK/86,13:15:00,13:16:00
1281,KH/86,GB/86,NEL/86,21:10:00,21:10:00
1281,GB/86,NEL/86,IG/86,21:11:00,21:13:00
1281,NEL/86,IG/86,RG/86,21:13:20,21:13:20
1281,IG/86,RG/86,GZ/86,21:37:00,21:38:00
1281,RG/86,GZ/86,NÆ/86,21:44:00,21:44:00
1281,GZ/86,NÆ/86,MOG/86,21:50:00,21:52:00
1281,NÆ/86,MOG/86,LU/86,21:56:00,21:56:00
1281,MOG/86,LU/86,VO/86,22:00:00,22:01:00
1281,LU/86,VO/86,MN/86,22:08:00,22:09:00
1281,VO/86,MN/86,NV/86,22:12:00,22:12:00
1281,MN/86,NV/86,EK/86,22:20:00,22:21:00
1281,NV/86,EK/86,TN/86,22:24:00,22:25:00
1281,EK/86,TN/86,NF/86,22:28:00,22:28:00
1285,KH/86,GB/86,NEL/86,22:10:00,22:10:00
1285,GB/86,NEL/86,IG/86,22:11:00,22:13:00
1285,NEL/86,IG/86,KJN/86,22:13:20,22:13:20
1285,IG/86,KJN/86,LEL/86,22:26:00,22:28:00
1285,KJN/86,LEL/86,RG/86,22:30:00,22:30:00
1285,LEL/86,RG/86,GZ/86,22:41:00,22:42:00
1285,RG/86,GZ/86,NÆ/86,22:48:00,22:48:00
1285,GZ/86,NÆ/86,MOG/86,22:54:00,22:56:00
1285,NÆ/86,MOG/86,LU/86,23:00:00,23:00:00
1285,MOG/86,LU/86,VO/86,23:04:00,23:05:00
1285,LU/86,VO/86,MN/86,23:12:00,23:13:00
1285,VO/86,MN/86,NV/86,23:16:00,23:16:00
1285,MN/86,NV/86,EK/86,23:24:00,23:25:00
1285,NV/86,EK/86,TN/86,23:28:00,23:29:00
1285,EK/86,TN/86,NF/86,23:32:00,23:32:00
1289,KH/86,GB/86,NEL/86,23:10:00,23:10:00
1289,GB/86,NEL/86,IG/86,23:11:00,23:13:00
1289,NEL/86,IG/86,KJN/86,23:13:20,23:13:20
1289,IG/86,KJN/86,LEL/86,23:26:00,23:28:00
1289,KJN/86,LEL/86,RG/86,23:30:00,23:30:00
1289,LEL/86,RG/86,GZ/86,23:41:00,23:42:00
1289,RG/86,GZ/86,NÆ/86,23:48:00,23:48:00
1289,GZ/86,NÆ/86,MOG/86,23:54:00,23:56:00
1289,NÆ/86,MOG/86,LU/86,24:00:00,24:00:00
1289,MOG/86,LU/86,VO/86,24:04:00,24:05:00
1289,LU/86,VO/86,MN/86,24:12:00,24:13:00
1289,VO/86,MN/86,NV/86,24:16:00,24:16:00
1289,MN/86,NV/86,EK/86,24:24:00,24:25:00
1289,NV/86,EK/86,TN/86,24:28:00,24:29:00
1289,EK/86,TN/86,NF/86,24:32:00,24:32:00
129,KK/86,KN/86,KH/86,07:43:00,07:44:00
129,KN/86,KH/86,VAL/86,07:47:00,07:50:00
129,KH/86,VAL/86,HIF/86,07:53:00,07:55:00
129,VAL/86,HIF/86,HTÅ/86,07:58:00,07:58:00
129,HIF/86,HTÅ/86,HH/86,08:04:00,08:05:00
129,HTÅ/86,HH/86,RO/86,08:08:00,08:08:00
129,HH/86,RO/86,VY/86,08:12:00,08:14:00
129,RO/86,VY/86,RG/86,08:19:00,08:19:00
129,VY/86,RG/86,FJ/86,08:29:00,08:31:00
129,RG/86,FJ/86,SO/86,08:36:00,08:36:00
129,FJ/86,SO/86,SG/86,08:39:00,08:40:00
129,SO/86,SG/86,FO/86,08:48:00,08:50:00
129,SG/86,FO/86,KØ/86,08:54:00,08:54:00
129,FO/86,KØ/86,SPR/86,08:58:00,08:59:00
129,KØ/86,SPR/86,NG/86,09:05:00,09:05:00
129,SPR/86,NG/86,JU/86,09:10:00,09:12:00
129,NG/86,JU/86,LV/86,09:15:00,09:15:00
129,JU/86,LV/86,MV/86,09:20:00,09:21:00
129,LV/86,MV/86,OD/86,09:24:00,09:24:00
129,MV/86,OD/86,HP/86,09:28:00,09:31:00
129,OD/86,HP/86,MD/86,09:35:00,09:35:00
129,HP/86,MD/86,SNO/86,09:53:00,09:54:00
129,MD/86,SNO/86,FA/86,09:58:00,09:58:00
132,FA/86,SNO/86,MD/86,11:59:00,11:59:00
132,SNO/86,MD/86,KA/86,12:03:00,12:05:00
132,MD/86,KA/86,OD/86,12:09:00,12:09:00
132,KA/86,OD/86,MV/86,12:27:00,12:29:00
132,OD/86,MV/86,LV/86,12:34:00,12:34:00
132,MV/86,LV/86,UV/86,12:37:00,12:38:00
132,LV/86,UV/86,NG/86,12:41:00,12:41:00
132,UV/86,NG/86,SPR/86,12:45:00,12:47:00
132,NG/86,SPR/86,KØ/86,12:53:00,12:53:00
132,SPR/86,KØ/86,FO/86,12:59:00,13:00:00
132,KØ/86,FO/86,SG/86,13:04:00,13:04:00
132,FO/86,SG/86,SO/86,13:08:00,13:10:00
132,SG/86,SO/86,FJ/86,13:18:00,13:19:00
132,SO/86,FJ/86,RG/86,13:23:00,13:23:00
132,FJ/86,RG/86,KY/86,13:27:00,13:29:00
132,RG/86,KY/86,RO/86,13:34:00,13:34:00
132,KY/86,RO/86,TRK/86,13:44:00,13:46:00
132,RO/86,TRK/86,HTÅ/86,13:48:00,13:48:00
132,TRK/86,HTÅ/86,GL/86,13:53:00,13:54:00
132,HTÅ/86,GL/86,VAL/86,13:59:00,13:59:00
132,GL/86,VAL/86,KH/86,14:03:00,14:04:00
132,VAL/86,KH/86,KN/86,14:10:00,14:13:00
132,KH/86,KN/86,KK/86,14:15:00,14:16:00
132,KN/86,KK/86,HGL/86,14:19:00,14:26:00
133,HGL/86,KK/86,KN/86,08:38:00,08:41:00
133,KK/86,KN/86,KH/86,08:43:00,08:44:00
133,KN/86,KH/86,VAL/86,08:47:00,08:50:00
133,KH/86,VAL/86,HIF/86,08:53:00,08:55:00
133,VAL/86,HIF/86,HTÅ/86,08:58:00,08:58:00
133,HIF/86,HTÅ/86,HH/86,09:04:00,09:05:00
133,HTÅ/86,HH/86,RO/86,09:08:00,09:08:00
133,HH/86,RO/86,VY/86,09:12:00,09:14:00
133,RO/86,VY/86,RG/86,09:19:00,09:19:00
133,VY/86,RG/86,FJ/86,09:29:00,09:31:00
133,RG/86,FJ/86,SO/86,09:36:00,09:36:00
133,FJ/86,SO/86,SG/86,09:39:00,09:40:00
133,SO/86,SG/86,FO/86,09:48:00,09:50:00
133,SG/86,FO/86,KØ/86,09:54:00,09:54:00
133,FO/86,KØ/86,SPR/86,09:58:00,09:59:00
133,KØ/86,SPR/86,NG/86,10:05:00,10:05:00
133,SPR/86,NG/86,JU/86,10:10:00,10:12:00
133,NG/86,JU/86,LV/86,10:15:00,10:15:00
133,JU/86,LV/86,MV/86,10:20:00,10:21:00
133,LV/86,MV/86,OD/86,10:24:00,10:24:00
133,MV/86,OD/86,HP/86,10:28:00,10:31:00
133,OD/86,HP/86,MD/86,10:35:00,10:35:00
133,HP/86,MD/86,SNO/86,10:53:00,10:54:00
133,MD/86,SNO/86,FA/86,10:58:00,10:58:00
136,AR/86,KGV/86,SD/86,11:52:00,11:52:00
136,KGV/86,SD/86,HÅ/86,12:02:00,12:03:00
136,SD/86,HÅ/86,HS/86,12:10:00,12:10:00
136,HÅ/86,HS/86,HED/86,12:17:00,12:19:00
136,HS/86,HED/86,VJ/86,12:27:00,12:27:00
136,HED/86,VJ/86,BET/86,12:34:00,12:36:00
136,VJ/86,BET/86,FA/86,12:41:00,12:41:00
136,BET/86,FA/86,SNO/86,12:51:00,12:56:00
136,FA/86,SNO/86,MD/86,12:59:00,12:59:00
136,SNO/86,MD/86,KA/86,13:03:00,13:05:00
136,MD/86,KA/86,OD/86,13:09:00,13:09:00
136,KA/86,OD/86,MV/86,13:27:00,13:29:00
136,OD/86,MV/86,LV/86,13:34:00,13:34:00
136,MV/86,LV/86,UV/86,13:37:00,13:38:00
136,LV/86,UV/86,NG/86,13:41:00,13:41:00
136,UV/86,NG/86,SPR/86,13:45:00,13:47:00
136,NG/86,SPR/86,KØ/86,13:53:00,13:53:00
136,SPR/86,KØ/86,FO/86,13:59:00,14:00:00
136,KØ/86,FO/86,SG/86,14:04:00,14:04:00
136,FO/86,SG/86,SO/86,14:08:00,14:10:00
136,SG/86,SO/86,FJ/86,14:18:00,14:19:00
136,SO/86,FJ/86,RG/86,14:23:00,14:23:00
136,FJ/86,RG/86,KY/86,14:27:00,14:29:00
136,RG/86,KY/86,RO/86,14:34:00,14:34:00
136,KY/86,RO/86,TRK/86,14:44:00,14:46:00
136,RO/86,TRK/86,HTÅ/86,14:48:00,14:48:00
136,TRK/86,HTÅ/86,GL/86,14:53:00,14:54:00
136,HTÅ/86,GL/86,VAL/86,14:59:00,14:59:00
136,GL/86,VAL/86,KH/86,15:03:00,15:04:00
136,VAL/86,KH/86,KN/86,15:10:00,15:13:00
136,KH/86,KN/86,KK/86,15:15:00,15:16:00
136,KN/86,KK/86,HGL/86,15:19:00,15:26:00
137,KH/86,VAL/86,HIF/86,09:53:00,09:55:00
137,VAL/86,HIF/86,HTÅ/86,09:58:00,09:58:00
137,HIF/86,HTÅ/86,HH/86,10:04:00,10:05:00
137,HTÅ/86,HH/86,RO/86,10:08:00,10:08:00
137,HH/86,RO/86,VY/86,10:12:00,10:14:00
137,RO/86,VY/86,RG/86,10:19:00,10:19:00
137,VY/86,RG/86,FJ/86,10:29:00,10:31:00
137,RG/86,FJ/86,SO/86,10:36:00,10:36:00
137,FJ/86,SO/86,SG/86,10:39:00,10:40:00
137,SO/86,SG/86,FO/86,10:48:00,10:50:00
137,SG/86,FO/86,KØ/86,10:54:00,10:54:00
137,FO/86,KØ/86,SPR/86,10:58:00,10:59:00
137,KØ/86,SPR/86,NG/86,11:05:00,11:05:00
137,SPR/86,NG/86,JU/86,11:10:00,11:12:00
137,NG/86,JU/86,LV/86,11:15:00,11:15:00
137,JU/86,LV/86,MV/86,11:20:00,11:21:00
137,LV/86,MV/86,OD/86,11:24:00,11:24:00
137,MV/86,OD/86,HP/86,11:28:00,11:31:00
137,OD/86,HP/86,MD/86,11:35:00,11:35:00
137,HP/86,MD/86,SNO/86,11:53:00,11:54:00
137,MD/86,SNO/86,FA/86,11:58:00,11:58:00
14,AR/86,KGV/86,SD/86,06:23:00,06:23:00
14,KGV/86,SD/86,HÅ/86,06:32:00,06:34:00
14,SD/86,HÅ/86,HS/86,06:41:00,06:41:00
14,HÅ/86,HS/86,HED/86,06:47:00,06:49:00
14,HS/86,HED/86,VJ/86,06:57:00,06:57:00
14,HED/86,VJ/86,BET/86,07:04:00,07:06:00
14,VJ/86,BET/86,FA/86,07:11:00,07:11:00
14,BET/86,FA/86,SNO/86,07:21:00,07:27:00
14,FA/86,SNO/86,OD/86,07:29:00,07:29:00
14,SNO/86,OD/86,MV/86,07:54:00,07:57:00
14,OD/86,MV/86,KH/86,08:02:00,08:02:00
14,MV/86,KH/86,BAN/86,09:06:00,09:18:00
14,KH/86,BAN/86,CPH/86,09:21:00,09:21:00
140,FA/86,SNO/86,MD/86,13:59:00,13:59:00
140,SNO/86,MD/86,KA/86,14:03:00,14:05:00
140,MD/86,KA/86,OD/86,14:09:00,14:09:00
140,KA/86,OD/86,MV/86,14:27:00,14:29:00
140,OD/86,MV/86,LV/86,14:34:00,14:34:00
140,MV/86,LV/86,UV/86,14:37:00,14:38:00
140,LV/86,UV/86,NG/86,14:41:00,14:41:00
140,UV/86,NG/86,SPR/86,14:45:00,14:47:00
140,NG/86,SPR/86,KØ/86,14:53:00,14:53:00
140,SPR/86,KØ/86,FO/86,14:59:00,15:00:00
140,KØ/86,FO/86,SG/86,15:04:00,15:04:00
140,FO/86,SG/86,SO/86,15:08:00,15:10:00
140,SG/86,SO/86,FJ/86,15:18:00,15:19:00
140,SO/86,FJ/86,RG/86,15:23:00,15:23:00
140,FJ/86,RG/86,KY/86,15:27:00,15:29:00
140,RG/86,KY/86,RO/86,15:34:00,15:34:00
140,KY/86,RO/86,TRK/86,15:44:00,15:46:00
140,RO/86,TRK/86,HTÅ/86,15:48:00,15:48:00
140,TRK/86,HTÅ/86,GL/86,15:53:00,15:54:00
140,HTÅ/86,GL/86,VAL/86,15:59:00,15:59:00
140,GL/86,VAL/86,KH/86,16:03:00,16:04:00
140,VAL/86,KH/86,KN/86,16:10:00,16:13:00
140,KH/86,KN/86,KK/86,16:15:00,16:16:00
1401,CPH/86,TÅT/86,ØRE/86,00:14:00,00:15:00
1401,TÅT/86,ØRE/86,KLV/86,00:17:00,00:18:00
1401,ØRE/86,KLV/86,KH/86,00:20:00,00:20:00
1407,CPH/86,TÅT/86,ØRE/86,02:15:00,02:16:00
1407,TÅT/86,ØRE/86,KLV/86,02:18:00,02:19:00
1407,ØRE/86,KLV/86,KH/86,02:20:00,02:20:00
141,KH/86,VAL/86,HIF/86,10:53:00,10:55:00
141,VAL/86,HIF/86,HTÅ/86,10:58:00,10:58:00
141,HIF/86,HTÅ/86,HH/86,11:04:00,11:05:00
141,HTÅ/86,HH/86,RO/86,11:08:00,11:08:00
141,HH/86,RO/86,VY/86,11:12:00,11:14:00
141,RO/86,VY/86,RG/86,11:19:00,11:19:00
141,VY/86,RG/86,FJ/86,11:29:00,11:31:00
141,RG/86,FJ/86,SO/86,11:36:00,11:36:00
141,FJ/86,SO/86,SG/86,11:39:00,11:40:00
141,SO/86,SG/86,FO/86,11:48:00,11:50:00
141,SG/86,FO/86,KØ/86,11:54:00,11:54:00
141,FO/86,KØ/86,SPR/86,11:58:00,11:59:00
141,KØ/86,SPR/86,NG/86,12:05:00,12:05:00
141,SPR/86,NG/86,JU/86,12:10:00,12:12:00
141,NG/86,JU/86,LV/86,12:15:00,12:15:00
141,JU/86,LV/86,MV/86,12:20:00,12:21:00
141,LV/86,MV/86,OD/86,12:24:00,12:24:00
141,MV/86,OD/86,HP/86,12:28:00,12:31:00
141,OD/86,HP/86,MD/86,12:35:00,12:35:00
141,HP/86,MD/86,SNO/86,12:53:00,12:54:00
141,MD/86,SNO/86,FA/86,12:58:00,12:58:00
141,SNO/86,FA/86,BK/86,13:02:00,13:09:00
141,FA/86,BK/86,VJ/86,13:15:00,13:15:00
141,BK/86,VJ/86,HED/86,13:22:00,13:24:00
141,VJ/86,HED/86,HS/86,13:31:00,13:31:00
141,HED/86,HS/86,HÅ/86,13:38:00,13:40:00
141,HS/86,HÅ/86,SD/86,13:47:00,13:47:00
141,HÅ/86,SD/86,HX/86,13:54:00,13:55:00
141,SD/86,HX/86,AR/86,14:00:00,14:00:00
1413,CPH/86,TÅT/86,ØRE/86,03:28:00,03:29:00
1413,TÅT/86,ØRE/86,KLV/86,03:31:00,03:32:00
1413,ØRE/86,KLV/86,KH/86,03:34:00,03:34:00
1417,CPH/86,TÅT/86,ØRE/86,04:28:00,04:29:00
1417,TÅT/86,ØRE/86,KLV/86,04:31:00,04:32:00
1417,ØRE/86,KLV/86,KH/86,04:34:00,04:34:00
144,FA/86,SNO/86,MD/86,14:59:00,14:59:00
144,SNO/86,MD/86,KA/86,15:03:00,15:05:00
144,MD/86,KA/86,OD/86,15:09:00,15:09:00
144,KA/86,OD/86,MV/86,15:27:00,15:29:00
144,OD/86,MV/86,LV/86,15:34:00,15:34:00
144,MV/86,LV/86,UV/86,15:37:00,15:38:00
144,LV/86,UV/86,NG/86,15:41:00,15:41:00
144,UV/86,NG/86,SPR/86,15:45:00,15:47:00
144,NG/86,SPR/86,KØ/86,15:53:00,15:53:00
144,SPR/86,KØ/86,FO/86,15:59:00,16:00:00
144,KØ/86,FO/86,SG/86,16:04:00,16:04:00
144,FO/86,SG/86,SO/86,16:08:00,16:10:00
144,SG/86,SO/86,FJ/86,16:18:00,16:19:00
144,SO/86,FJ/86,RG/86,16:23:00,16:23:00
144,FJ/86,RG/86,KY/86,16:27:00,16:29:00
144,RG/86,KY/86,RO/86,16:34:00,16:34:00
144,KY/86,RO/86,TRK/86,16:44:00,16:46:00
144,RO/86,TRK/86,HTÅ/86,16:48:00,16:48:00
144,TRK/86,HTÅ/86,GL/86,16:53:00,16:54:00
144,HTÅ/86,GL/86,VAL/86,16:59:00,16:59:00
144,GL/86,VAL/86,KH/86,17:03:00,17:04:00
144,VAL/86,KH/86,KN/86,17:10:00,17:13:00
144,KH/86,KN/86,KK/86,17:15:00,17:16:00
144,KN/86,KK/86,HGL/86,17:19:00,17:26:00
145,KK/86,KN/86,KH/86,11:43:00,11:44:00
145,KN/86,KH/86,VAL/86,11:47:00,11:50:00
145,KH/86,VAL/86,HIF/86,11:53:00,11:55:00
145,VAL/86,HIF/86,HTÅ/86,11:58:00,11:58:00
145,HIF/86,HTÅ/86,HH/86,12:04:00,12:05:00
145,HTÅ/86,HH/86,RO/86,12:08:00,12:08:00
145,HH/86,RO/86,VY/86,12:12:00,12:14:00
145,RO/86,VY/86,RG/86,12:19:00,12:19:00
145,VY/86,RG/86,FJ/86,12:29:00,12:31:00
145,RG/86,FJ/86,SO/86,12:36:00,12:36:00
145,FJ/86,SO/86,SG/86,12:39:00,12:40:00
145,SO/86,SG/86,FO/86,12:48:00,12:50:00
145,SG/86,FO/86,KØ/86,12:54:00,12:54:00
145,FO/86,KØ/86,SPR/86,12:58:00,12:59:00
145,KØ/86,SPR/86,NG/86,13:05:00,13:05:00
145,SPR/86,NG/86,JU/86,13:10:00,13:12:00
145,NG/86,JU/86,LV/86,13:15:00,13:15:00
145,JU/86,LV/86,MV/86,13:20:00,13:21:00
145,LV/86,MV/86,OD/86,13:24:00,13:24:00
145,MV/86,OD/86,HP/86,13:28:00,13:31:00
145,OD/86,HP/86,MD/86,13:35:00,13:35:00
145,HP/86,MD/86,SNO/86,13:53:00,13:54:00
145,MD/86,SNO/86,FA/86,13:58:00,13:58:00
1472,KH/86,BAN/86,CPH/86,00:23:00,00:23:00
1476,KH/86,BAN/86,ØRE/86,01:21:00,01:21:00
1476,BAN/86,ØRE/86,TÅT/86,01:25:00,01:26:00
1476,ØRE/86,TÅT/86,CPH/86,01:28:00,01:29:00
148,FA/86,SNO/86,MD/86,15:59:00,15:59:00
148,SNO/86,MD/86,KA/86,16:03:00,16:05:00
148,MD/86,KA/86,OD/86,16:09:00,16:09:00
148,KA/86,OD/86,MV/86,16:27:00,16:29:00
148,OD/86,MV/86,LV/86,16:34:00,16:34:00
148,MV/86,LV/86,UV/86,16:37:00,16:38:00
148,LV/86,UV/86,NG/86,16:41:00,16:41:00
148,UV/86,NG/86,SPR/86,16:45:00,16:47:00
148,NG/86,SPR/86,KØ/86,16:53:00,16:53:00
148,SPR/86,KØ/86,FO/86,16:59:00,17:00:00
148,KØ/86,FO/86,SG/86,17:04:00,17:04:00
148,FO/86,SG/86,SO/86,17:08:00,17:10:00
148,SG/86,SO/86,FJ/86,17:18:00,17:19:00
148,SO/86,FJ/86,RG/86,17:23:00,17:23:00
148,FJ/86,RG/86,KY/86,17:27:00,17:29:00
148,RG/86,KY/86,RO/86,17:34:00,17:34:00
148,KY/86,RO/86,TRK/86,17:44:00,17:46:00
148,RO/86,TRK/86,HTÅ/86,17:48:00,17:48:00
148,TRK/86,HTÅ/86,GL/86,17:53:00,17:54:00
148,HTÅ/86,GL/86,VAL/86,17:59:00,17:59:00
148,GL/86,VAL/86,KH/86,18:03:00,18:04:00
148,VAL/86,KH/86,KN/86,18:10:00,18:13:00
148,KH/86,KN/86,KK/86,18:15:00,18:16:00
1482,KH/86,BAN/86,ØRE/86,02:46:00,02:46:00
1482,BAN/86,ØRE/86,TÅT/86,02:50:00,02:51:00
1482,ØRE/86,TÅT/86,CPH/86,02:53:00,02:54:00
1485,CPH/86,TÅT/86,KH/86,21:28:00,21:28:00
1489,CPH/86,TÅT/86,KH/86,22:28:00,22:28:00
149,KK/86,KN/86,KH/86,12:43:00,12:44:00
149,KN/86,KH/86,VAL/86,12:47:00,12:50:00
149,KH/86,VAL/86,HIF/86,12:53:00,12:55:00
149,VAL/86,HIF/86,HTÅ/86,12:58:00,12:58:00
149,HIF/86,HTÅ/86,HH/86,13:04:00,13:05:00
149,HTÅ/86,HH/86,RO/86,13:08:00,13:08:00
149,HH/86,RO/86,VY/86,13:12:00,13:14:00
149,RO/86,VY/86,RG/86,13:19:00,13:19:00
149,VY/86,RG/86,FJ/86,13:29:00,13:31:00
149,RG/86,FJ/86,SO/86,13:36:00,13:36:00
149,FJ/86,SO/86,SG/86,13:39:00,13:40:00
149,SO/86,SG/86,FO/86,13:48:00,13:50:00
149,SG/86,FO/86,KØ/86,13:54:00,13:54:00
149,FO/86,KØ/86,SPR/86,13:58:00,13:59:00
149,KØ/86,SPR/86,NG/86,14:05:00,14:05:00
149,SPR/86,NG/86,JU/86,14:10:00,14:12:00
149,NG/86,JU/86,LV/86,14:15:00,14:15:00
149,JU/86,LV/86,MV/86,14:20:00,14:21:00
149,LV/86,MV/86,OD/86,14:24:00,14:24:00
149,MV/86,OD/86,HP/86,14:28:00,14:31:00
149,OD/86,HP/86,MD/86,14:35:00,14:35:00
149,HP/86,MD/86,SNO/86,14:53:00,14:54:00
149,MD/86,SNO/86,FA/86,14:58:00,14:58:00
1490,KH/86,BAN/86,ØRE/86,04:42:00,04:42:00
1490,BAN/86,ØRE/86,TÅT/86,04:45:00,04:46:00
1490,ØRE/86,TÅT/86,CPH/86,04:48:00,04:49:00
1493,CPH/86,TÅT/86,KH/86,23:28:00,23:28:00
15,OD/86,HP/86,FA/86,06:10:00,06:10:00
15,HP/86,FA/86,BK/86,06:34:00,06:36:00
15,FA/86,BK/86,VJ/86,06:42:00,06:42:00
15,BK/86,VJ/86,HED/86,06:49:00,06:51:00
15,VJ/86,HED/86,HS/86,06:58:00,06:58:00
15,HED/86,HS/86,HÅ/86,07:05:00,07:07:00
15,HS/86,HÅ/86,SD/86,07:14:00,07:14:00
15,HÅ/86,SD/86,HX/86,07:21:00,07:22:00
15,SD/86,HX/86,AR/86,07:27:00,07:27:00
1500,KB/86,KBØ/86,VÆ/86,04:32:00,04:33:00
1500,KBØ/86,VÆ/86,SE/86,04:37:00,04:37:00
1500,VÆ/86,SE/86,JY/86,04:40:00,04:41:00
1500,SE/86,JY/86,MØ/86,04:47:00,04:48:00
1500,JY/86,MØ/86,KS/86,04:52:00,04:53:00
1500,MØ/86,KS/86,RT/86,04:56:00,04:57:00
1500,KS/86,RT/86,HK/86,05:00:00,05:01:00
1500,RT/86,HK/86,PE/86,05:07:00,05:09:00
1500,HK/86,PE/86,TØ/86,05:13:00,05:14:00
1500,PE/86,TØ/86,HV/86,05:19:00,05:20:00
1500,TØ/86,HV/86,LJ/86,05:24:00,05:25:00
1500,HV/86,LJ/86,RO/86,05:30:00,05:31:00
1500,LJ/86,RO/86,TRK/86,05:37:00,05:39:00
1500,RO/86,TRK/86,HH/86,05:41:00,05:42:00
1500,TRK/86,HH/86,HTÅ/86,05:46:00,05:47:00
1500,HH/86,HTÅ/86,GL/86,05:50:00,05:52:00
1500,HTÅ/86,GL/86,VAL/86,05:56:00,05:56:00
1500,GL/86,VAL/86,KH/86,06:00:00,06:02:00
1500,VAL/86,KH/86,KN/86,06:07:00,06:10:00
1500,KH/86,KN/86,KK/86,06:12:00,06:13:00
1504,KB/86,KBØ/86,VÆ/86,05:39:00,05:40:00
1504,KBØ/86,VÆ/86,SE/86,05:44:00,05:44:00
1504,VÆ/86,SE/86,JY/86,05:48:00,05:49:00
1504,SE/86,JY/86,MØ/86,05:54:00,05:55:00
1504,JY/86,MØ/86,KS/86,06:00:00,06:01:00
1504,MØ/86,KS/86,RT/86,06:04:00,06:05:00
1504,KS/86,RT/86,HK/86,06:08:00,06:09:00
1504,RT/86,HK/86,PE/86,06:15:00,06:17:00
1504,HK/86,PE/86,RO/86,06:21:00,06:21:00
1504,PE/86,RO/86,TRK/86,06:34:00,06:36:00
1504,RO/86,TRK/86,HTÅ/86,06:38:00,06:38:00
1504,TRK/86,HTÅ/86,GL/86,06:43:00,06:44:00
1504,HTÅ/86,GL/86,KH/86,06:49:00,06:49:00
1504,GL/86,KH/86,KN/86,06:57:00,07:01:00
1504,KH/86,KN/86,KK/86,07:03:00,07:04:00
1508,KB/86,KBØ/86,VÆ/86,06:39:00,06:40:00
1508,KBØ/86,VÆ/86,SE/86,06:44:00,06:44:00
1508,VÆ/86,SE/86,JY/86,06:48:00,06:49:00
1508,SE/86,JY/86,MØ/86,06:54:00,06:55:00
1508,JY/86,MØ/86,KS/86,07:00:00,07:01:00
1508,MØ/86,KS/86,RT/86,07:04:00,07:05:00
1508,KS/86,RT/86,HK/86,07:08:00,07:09:00
1508,RT/86,HK/86,PE/86,07:15:00,07:17:00
1508,HK/86,PE/86,RO/86,07:21:00,07:21:00
1508,PE/86,RO/86,TRK/86,07:34:00,07:36:00
1508,RO/86,TRK/86,HTÅ/86,07:38:00,07:38:00
1508,TRK/86,HTÅ/86,GL/86,07:43:00,07:44:00
1508,HTÅ/86,GL/86,KH/86,07:49:00,07:49:00
1508,GL/86,KH/86,KN/86,07:57:00,08:01:00
1508,KH/86,KN/86,KK/86,08:03:00,08:04:00
1508,KN/86,KK/86,HGL/86,08:07:00,08:10:00
1512,KB/86,KBØ/86,VÆ/86,07:39:00,07:40:00
1512,KBØ/86,VÆ/86,SE/86,07:44:00,07:44:00
1512,VÆ/86,SE/86,JY/86,07:48:00,07:49:00
1512,SE/86,JY/86,MØ/86,07:54:00,07:55:00
1512,JY/86,MØ/86,KS/86,08:00:00,08:01:00
1512,MØ/86,KS/86,RT/86,08:04:00,08:05:00
1512,KS/86,RT/86,HK/86,08:08:00,08:09:00
1512,RT/86,HK/86,PE/86,08:15:00,08:17:00
1512,HK/86,PE/86,RO/86,08:21:00,08:21:00
1512,PE/86,RO/86,TRK/86,08:34:00,08:36:00
1512,RO/86,TRK/86,HTÅ/86,08:38:00,08:38:00
1512,TRK/86,HTÅ/86,GL/86,08:43:00,08:44:00
1512,HTÅ/86,GL/86,KH/86,08:49:00,08:49:00
1512,GL/86,KH/86,KN/86,08:57:00,09:01:00
1512,KH/86,KN/86,KK/86,09:03:00,09:04:00
1516,KB/86,KBØ/86,VÆ/86,08:39:00,08:40:00
1516,KBØ/86,VÆ/86,SE/86,08:44:00,08:44:00
1516,VÆ/86,SE/86,JY/86,08:48:00,08:49:00
1516,SE/86,JY/86,MØ/86,08:54:00,08:55:00
1516,JY/86,MØ/86,KS/86,09:00:00,09:01:00
1516,MØ/86,KS/86,RT/86,09:04:00,09:05:00
1516,KS/86,RT/86,HK/86,09:08:00,09:09:00
1516,RT/86,HK/86,PE/86,09:15:00,09:17:00
1516,HK/86,PE/86,RO/86,09:21:00,09:21:00
1516,PE/86,RO/86,TRK/86,09:34:00,09:36:00
1516,RO/86,TRK/86,HTÅ/86,09:38:00,09:38:00
1516,TRK/86,HTÅ/86,GL/86,09:43:00,09:44:00
1516,HTÅ/86,GL/86,KH/86,09:49:00,09:49:00
1516,GL/86,KH/86,KN/86,09:57:00,10:01:00
1516,KH/86,KN/86,KK/86,10:03:00,10:04:00
1517,KK/86,KN/86,KH/86,04:55:00,04:56:00
1517,KN/86,KH/86,VAL/86,04:59:00,05:02:00
1517,KH/86,VAL/86,HTÅ/86,05:05:00,05:05:00
1517,VAL/86,HTÅ/86,HH/86,05:13:00,05:15:00
1517,HTÅ/86,HH/86,RO/86,05:18:00,05:18:00
1517,HH/86,RO/86,LJ/86,05:22:00,05:24:00
1517,RO/86,LJ/86,HK/86,05:29:00,05:29:00
1517,LJ/86,HK/86,RT/86,05:42:00,05:44:00
1517,HK/86,RT/86,KS/86,05:49:00,05:50:00
1517,RT/86,KS/86,MØ/86,05:54:00,05:55:00
1517,KS/86,MØ/86,JY/86,05:58:00,06:01:00
1517,MØ/86,JY/86,SE/86,06:06:00,06:07:00
1517,JY/86,SE/86,VÆ/86,06:12:00,06:13:00
1517,SE/86,VÆ/86,KBØ/86,06:17:00,06:17:00
1517,VÆ/86,KBØ/86,KB/86,06:20:00,06:21:00
152,AR/86,KGV/86,SD/86,15:52:00,15:52:00
152,KGV/86,SD/86,HÅ/86,16:02:00,16:03:00
152,SD/86,HÅ/86,HS/86,16:10:00,16:10:00
152,HÅ/86,HS/86,HED/86,16:17:00,16:19:00
152,HS/86,HED/86,VJ/86,16:27:00,16:27:00
152,HED/86,VJ/86,BET/86,16:34:00,16:36:00
152,VJ/86,BET/86,FA/86,16:41:00,16:41:00
152,BET/86,FA/86,SNO/86,16:51:00,16:56:00
152,FA/86,SNO/86,MD/86,16:59:00,16:59:00
152,SNO/86,MD/86,KA/86,17:03:00,17:05:00
152,MD/86,KA/86,OD/86,17:09:00,17:09:00
152,KA/86,OD/86,MV/86,17:27:00,17:29:00
152,OD/86,MV/86,LV/86,17:34:00,17:34:00
152,MV/86,LV/86,UV/86,17:37:00,17:38:00
152,LV/86,UV/86,NG/86,17:41:00,17:41:00
152,UV/86,NG/86,SPR/86,17:45:00,17:47:00
152,NG/86,SPR/86,KØ/86,17:53:00,17:53:00
152,SPR/86,KØ/86,FO/86,17:59:00,18:00:00
152,KØ/86,FO/86,SG/86,18:04:00,18:04:00
152,FO/86,SG/86,SO/86,18:08:00,18:10:00
152,SG/86,SO/86,FJ/86,18:18:00,18:19:00
152,SO/86,FJ/86,RG/86,18:23:00,18:23:00
152,FJ/86,RG/86,KY/86,18:27:00,18:29:00
152,RG/86,KY/86,RO/86,18:34:00,18:34:00
152,KY/86,RO/86,TRK/86,18:44:00,18:46:00
152,RO/86,TRK/86,HTÅ/86,18:48:00,18:48:00
152,TRK/86,HTÅ/86,GL/86,18:53:00,18:54:00
152,HTÅ/86,GL/86,VAL/86,18:59:00,18:59:00
152,GL/86,VAL/86,KH/86,19:03:00,19:04:00
1520,KB/86,KBØ/86,VÆ/86,09:39:00,09:40:00
1520,KBØ/86,VÆ/86,SE/86,09:44:00,09:44:00
1520,VÆ/86,SE/86,JY/86,09:48:00,09:49:00
1520,SE/86,JY/86,MØ/86,09:54:00,09:55:00
1520,JY/86,MØ/86,KS/86,10:00:00,10:01:00
1520,MØ/86,KS/86,RT/86,10:04:00,10:05:00
1520,KS/86,RT/86,HK/86,10:08:00,10:09:00
1520,RT/86,HK/86,PE/86,10:15:00,10:17:00
1520,HK/86,PE/86,RO/86,10:21:00,10:21:00
1520,PE/86,RO/86,TRK/86,10:34:00,10:36:00
1520,RO/86,TRK/86,HTÅ/86,10:38:00,10:38:00
1520,TRK/86,HTÅ/86,GL/86,10:43:00,10:44:00
1520,HTÅ/86,GL/86,KH/86,10:49:00,10:49:00
1520,GL/86,KH/86,KN/86,10:57:00,11:01:00
1520,KH/86,KN/86,KK/86,11:03:00,11:04:00
1521,HGL/86,KK/86,KN/86,05:51:00,05:53:00
1521,KK/86,KN/86,KH/86,05:55:00,05:56:00
1521,KN/86,KH/86,VAL/86,05:59:00,06:02:00
1521,KH/86,VAL/86,HTÅ/86,06:05:00,06:05:00
1521,VAL/86,HTÅ/86,HH/86,06:13:00,06:15:00
1521,HTÅ/86,HH/86,RO/86,06:18:00,06:18:00
1521,HH/86,RO/86,LJ/86,06:22:00,06:24:00
1521,RO/86,LJ/86,HK/86,06:29:00,06:29:00
1521,LJ/86,HK/86,RT/86,06:42:00,06:44:00
1521,HK/86,RT/86,KS/86,06:49:00,06:50:00
1521,RT/86,KS/86,MØ/86,06:54:00,06:55:00
1521,KS/86,MØ/86,JY/86,06:58:00,07:01:00
1521,MØ/86,JY/86,SE/86,07:06:00,07:07:00
1521,JY/86,SE/86,VÆ/86,07:12:00,07:13:00
1521,SE/86,VÆ/86,KBØ/86,07:17:00,07:17:00
1521,VÆ/86,KBØ/86,KB/86,07:20:00,07:21:00
1524,KB/86,KBØ/86,VÆ/86,10:39:00,10:40:00
1524,KBØ/86,VÆ/86,SE/86,10:44:00,10:44:00
1524,VÆ/86,SE/86,JY/86,10:48:00,10:49:00
1524,SE/86,JY/86,MØ/86,10:54:00,10:55:00
1524,JY/86,MØ/86,KS/86,11:00:00,11:01:00
1524,MØ/86,KS/86,RT/86,11:04:00,11:05:00
1524,KS/86,RT/86,HK/86,11:08:00,11:09:00
1524,RT/86,HK/86,PE/86,11:15:00,11:17:00
1524,HK/86,PE/86,RO/86,11:21:00,11:21:00
1524,PE/86,RO/86,TRK/86,11:35:00,11:37:00
1524,RO/86,TRK/86,HTÅ/86,11:39:00,11:39:00
1524,TRK/86,HTÅ/86,GL/86,11:43:00,11:45:00
1524,HTÅ/86,GL/86,KH/86,11:50:00,11:50:00
1524,GL/86,KH/86,KN/86,11:57:00,12:01:00
1524,KH/86,KN/86,KK/86,12:03:00,12:04:00
1525,KK/86,KN/86,KH/86,06:55:00,06:56:00
1525,KN/86,KH/86,VAL/86,06:59:00,07:02:00
1525,KH/86,VAL/86,HTÅ/86,07:05:00,07:05:00
1525,VAL/86,HTÅ/86,HH/86,07:13:00,07:15:00
1525,HTÅ/86,HH/86,RO/86,07:18:00,07:18:00
1525,HH/86,RO/86,LJ/86,07:22:00,07:24:00
1525,RO/86,LJ/86,HK/86,07:29:00,07:29:00
1525,LJ/86,HK/86,RT/86,07:42:00,07:44:00
1525,HK/86,RT/86,KS/86,07:49:00,07:50:00
1525,RT/86,KS/86,MØ/86,07:54:00,07:55:00
1525,KS/86,MØ/86,JY/86,07:58:00,08:01:00
1525,MØ/86,JY/86,SE/86,08:06:00,08:07:00
1525,JY/86,SE/86,VÆ/86,08:12:00,08:13:00
1525,SE/86,VÆ/86,KBØ/86,08:17:00,08:17:00
1525,VÆ/86,KBØ/86,KB/86,08:20:00,08:21:00
1528,KB/86,KBØ/86,VÆ/86,11:39:00,11:40:00
1528,KBØ/86,VÆ/86,SE/86,11:44:00,11:44:00
1528,VÆ/86,SE/86,JY/86,11:48:00,11:49:00
1528,SE/86,JY/86,MØ/86,11:54:00,11:55:00
1528,JY/86,MØ/86,KS/86,12:00:00,12:01:00
1528,MØ/86,KS/86,RT/86,12:04:00,12:05:00
1528,KS/86,RT/86,HK/86,12:08:00,12:09:00
1528,RT/86,HK/86,PE/86,12:15:00,12:17:00
1528,HK/86,PE/86,RO/86,12:21:00,12:21:00
1528,PE/86,RO/86,TRK/86,12:34:00,12:36:00
1528,RO/86,TRK/86,HTÅ/86,12:38:00,12:38:00
1528,TRK/86,HTÅ/86,GL/86,12:43:00,12:44:00
1528,HTÅ/86,GL/86,KH/86,12:49:00,12:49:00
1528,GL/86,KH/86,KN/86,12:57:00,13:01:00
1528,KH/86,KN/86,KK/86,13:03:00,13:04:00
1529,KK/86,KN/86,KH/86,07:55:00,07:56:00
1529,KN/86,KH/86,VAL/86,07:59:00,08:02:00
1529,KH/86,VAL/86,HTÅ/86,08:05:00,08:05:00
1529,VAL/86,HTÅ/86,HH/86,08:13:00,08:15:00
1529,HTÅ/86,HH/86,RO/86,08:18:00,08:18:00
1529,HH/86,RO/86,LJ/86,08:22:00,08:24:00
1529,RO/86,LJ/86,HK/86,08:29:00,08:29:00
1529,LJ/86,HK/86,RT/86,08:41:00,08:43:00
1529,HK/86,RT/86,KS/86,08:49:00,08:50:00
1529,RT/86,KS/86,MØ/86,08:53:00,08:54:00
1529,KS/86,MØ/86,JY/86,08:57:00,09:01:00
1529,MØ/86,JY/86,SE/86,09:06:00,09:07:00
1529,JY/86,SE/86,VÆ/86,09:12:00,09:13:00
1529,SE/86,VÆ/86,KBØ/86,09:17:00,09:17:00
1529,VÆ/86,KBØ/86,KB/86,09:20:00,09:21:00
153,KK/86,KN/86,KH/86,13:43:00,13:44:00
153,KN/86,KH/86,VAL/86,13:47:00,13:50:00
153,KH/86,VAL/86,HIF/86,13:53:00,13:55:00
153,VAL/86,HIF/86,HTÅ/86,13:58:00,13:58:00
153,HIF/86,HTÅ/86,HH/86,14:04:00,14:05:00
153,HTÅ/86,HH/86,RO/86,14:08:00,14:08:00
153,HH/86,RO/86,VY/86,14:12:00,14:14:00
153,RO/86,VY/86,RG/86,14:19:00,14:19:00
153,VY/86,RG/86,FJ/86,14:29:00,14:31:00
153,RG/86,FJ/86,SO/86,14:36:00,14:36:00
153,FJ/86,SO/86,SG/86,14:39:00,14:40:00
153,SO/86,SG/86,FO/86,14:48:00,14:50:00
153,SG/86,FO/86,KØ/86,14:54:00,14:54:00
153,FO/86,KØ/86,SPR/86,14:58:00,14:59:00
153,KØ/86,SPR/86,NG/86,15:05:00,15:05:00
153,SPR/86,NG/86,JU/86,15:10:00,15:12:00
153,NG/86,JU/86,LV/86,15:15:00,15:15:00
153,JU/86,LV/86,MV/86,15:20:00,15:21:00
153,LV/86,MV/86,OD/86,15:24:00,15:24:00
153,MV/86,OD/86,HP/86,15:28:00,15:31:00
153,OD/86,HP/86,MD/86,15:35:00,15:35:00
153,HP/86,MD/86,SNO/86,15:53:00,15:54:00
153,MD/86,SNO/86,FA/86,15:58:00,15:58:00
1532,KB/86,KBØ/86,VÆ/86,12:39:00,12:40:00
1532,KBØ/86,VÆ/86,SE/86,12:44:00,12:44:00
1532,VÆ/86,SE/86,JY/86,12:48:00,12:49:00
1532,SE/86,JY/86,MØ/86,12:54:00,12:55:00
1532,JY/86,MØ/86,KS/86,13:00:00,13:01:00
1532,MØ/86,KS/86,RT/86,13:04:00,13:05:00
1532,KS/86,RT/86,HK/86,13:08:00,13:09:00
1532,RT/86,HK/86,PE/86,13:15:00,13:17:00
1532,HK/86,PE/86,RO/86,13:21:00,13:21:00
1532,PE/86,RO/86,TRK/86,13:34:00,13:36:00
1532,RO/86,TRK/86,HTÅ/86,13:38:00,13:38:00
1532,TRK/86,HTÅ/86,GL/86,13:43:00,13:44:00
1532,HTÅ/86,GL/86,KH/86,13:49:00,13:49:00
1532,GL/86,KH/86,KN/86,13:57:00,14:01:00
1532,KH/86,KN/86,KK/86,14:03:00,14:04:00
1533,KK/86,KN/86,KH/86,08:55:00,08:56:00
1533,KN/86,KH/86,VAL/86,08:59:00,09:02:00
1533,KH/86,VAL/86,HTÅ/86,09:05:00,09:05:00
1533,VAL/86,HTÅ/86,HH/86,09:13:00,09:15:00
1533,HTÅ/86,HH/86,RO/86,09:18:00,09:18:00
1533,HH/86,RO/86,LJ/86,09:22:00,09:24:00
1533,RO/86,LJ/86,HK/86,09:29:00,09:29:00
1533,LJ/86,HK/86,RT/86,09:41:00,09:43:00
1533,HK/86,RT/86,KS/86,09:49:00,09:50:00
1533,RT/86,KS/86,MØ/86,09:53:00,09:54:00
1533,KS/86,MØ/86,JY/86,09:57:00,10:01:00
1533,MØ/86,JY/86,SE/86,10:06:00,10:07:00
1533,JY/86,SE/86,VÆ/86,10:12:00,10:13:00
1533,SE/86,VÆ/86,KBØ/86,10:17:00,10:17:00
1533,VÆ/86,KBØ/86,KB/86,10:20:00,10:21:00
1536,KB/86,KBØ/86,VÆ/86,13:39:00,13:40:00
1536,KBØ/86,VÆ/86,SE/86,13:44:00,13:44:00
1536,VÆ/86,SE/86,JY/86,13:48:00,13:49:00
1536,SE/86,JY/86,MØ/86,13:54:00,13:55:00
1536,JY/86,MØ/86,KS/86,14:00:00,14:01:00
1536,MØ/86,KS/86,RT/86,14:04:00,14:05:00
1536,KS/86,RT/86,HK/86,14:08:00,14:09:00
1536,RT/86,HK/86,PE/86,14:15:00,14:17:00
1536,HK/86,PE/86,RO/86,14:21:00,14:21:00
1536,PE/86,RO/86,TRK/86,14:34:00,14:36:00
1536,RO/86,TRK/86,HTÅ/86,14:38:00,14:38:00
1536,TRK/86,HTÅ/86,GL/86,14:43:00,14:44:00
1536,HTÅ/86,GL/86,KH/86,14:49:00,14:49:00
1536,GL/86,KH/86,KN/86,14:57:00,15:01:00
1536,KH/86,KN/86,KK/86,15:03:00,15:04:00
1537,KK/86,KN/86,KH/86,09:55:00,09:56:00
1537,KN/86,KH/86,VAL/86,09:59:00,10:02:00
1537,KH/86,VAL/86,HTÅ/86,10:05:00,10:05:00
1537,VAL/86,HTÅ/86,HH/86,10:13:00,10:15:00
1537,HTÅ/86,HH/86,RO/86,10:18:00,10:18:00
1537,HH/86,RO/86,LJ/86,10:22:00,10:24:00
1537,RO/86,LJ/86,HK/86,10:29:00,10:29:00
1537,LJ/86,HK/86,RT/86,10:41:00,10:43:00
1537,HK/86,RT/86,KS/86,10:49:00,10:50:00
1537,RT/86,KS/86,MØ/86,10:53:00,10:54:00
1537,KS/86,MØ/86,JY/86,10:57:00,11:01:00
1537,MØ/86,JY/86,SE/86,11:06:00,11:07:00
1537,JY/86,SE/86,VÆ/86,11:12:00,11:13:00
1537,SE/86,VÆ/86,KBØ/86,11:17:00,11:17:00
1537,VÆ/86,KBØ/86,KB/86,11:20:00,11:21:00
1540,KB/86,KBØ/86,VÆ/86,14:39:00,14:40:00
1540,KBØ/86,VÆ/86,SE/86,14:44:00,14:44:00
1540,VÆ/86,SE/86,JY/86,14:48:00,14:49:00
1540,SE/86,JY/86,MØ/86,14:54:00,14:55:00
1540,JY/86,MØ/86,KS/86,15:00:00,15:01:00
1540,MØ/86,KS/86,RT/86,15:04:00,15:05:00
1540,KS/86,RT/86,HK/86,15:08:00,15:09:00
1540,RT/86,HK/86,PE/86,15:15:00,15:17:00
1540,HK/86,PE/86,RO/86,15:21:00,15:21:00
1540,PE/86,RO/86,TRK/86,15:34:00,15:36:00
1540,RO/86,TRK/86,HTÅ/86,15:38:00,15:38:00
1540,TRK/86,HTÅ/86,GL/86,15:43:00,15:44:00
1540,HTÅ/86,GL/86,KH/86,15:49:00,15:49:00
1540,GL/86,KH/86,KN/86,15:57:00,16:01:00
1540,KH/86,KN/86,KK/86,16:03:00,16:04:00
1541,KH/86,VAL/86,HTÅ/86,11:05:00,11:05:00
1541,VAL/86,HTÅ/86,HH/86,11:13:00,11:15:00
1541,HTÅ/86,HH/86,RO/86,11:18:00,11:18:00
1541,HH/86,RO/86,LJ/86,11:22:00,11:24:00
1541,RO/86,LJ/86,HK/86,11:29:00,11:29:00
1541,LJ/86,HK/86,RT/86,11:41:00,11:43:00
1541,HK/86,RT/86,KS/86,11:49:00,11:50:00
1541,RT/86,KS/86,MØ/86,11:53:00,11:54:00
1541,KS/86,MØ/86,JY/86,11:57:00,12:01:00
1541,MØ/86,JY/86,SE/86,12:06:00,12:07:00
1541,JY/86,SE/86,VÆ/86,12:12:00,12:13:00
1541,SE/86,VÆ/86,KBØ/86,12:17:00,12:17:00
1541,VÆ/86,KBØ/86,KB/86,12:20:00,12:21:00
1544,KB/86,KBØ/86,VÆ/86,15:39:00,15:40:00
1544,KBØ/86,VÆ/86,SE/86,15:44:00,15:44:00
1544,VÆ/86,SE/86,JY/86,15:48:00,15:49:00
1544,SE/86,JY/86,MØ/86,15:54:00,15:55:00
1544,JY/86,MØ/86,KS/86,16:00:00,16:01:00
1544,MØ/86,KS/86,RT/86,16:04:00,16:05:00
1544,KS/86,RT/86,HK/86,16:08:00,16:09:00
1544,RT/86,HK/86,PE/86,16:15:00,16:17:00
1544,HK/86,PE/86,RO/86,16:21:00,16:21:00
1544,PE/86,RO/86,TRK/86,16:34:00,16:36:00
1544,RO/86,TRK/86,HTÅ/86,16:38:00,16:38:00
1544,TRK/86,HTÅ/86,GL/86,16:43:00,16:44:00
1544,HTÅ/86,GL/86,KH/86,16:49:00,16:49:00
1544,GL/86,KH/86,KN/86,16:57:00,17:01:00
1544,KH/86,KN/86,KK/86,17:03:00,17:04:00
1545,KK/86,KN/86,KH/86,11:55:00,11:56:00
1545,KN/86,KH/86,VAL/86,11:59:00,12:02:00
1545,KH/86,VAL/86,HTÅ/86,12:05:00,12:05:00
1545,VAL/86,HTÅ/86,HH/86,12:13:00,12:15:00
1545,HTÅ/86,HH/86,RO/86,12:18:00,12:18:00
1545,HH/86,RO/86,LJ/86,12:22:00,12:24:00
1545,RO/86,LJ/86,HK/86,12:29:00,12:29:00
1545,LJ/86,HK/86,RT/86,12:41:00,12:43:00
1545,HK/86,RT/86,KS/86,12:49:00,12:50:00
1545,RT/86,KS/86,MØ/86,12:53:00,12:54:00
1545,KS/86,MØ/86,JY/86,12:57:00,13:01:00
1545,MØ/86,JY/86,SE/86,13:06:00,13:07:00
1545,JY/86,SE/86,VÆ/86,13:12:00,13:13:00
1545,SE/86,VÆ/86,KBØ/86,13:17:00,13:17:00
1545,VÆ/86,KBØ/86,KB/86,13:20:00,13:21:00
1548,KB/86,KBØ/86,VÆ/86,16:39:00,16:40:00
1548,KBØ/86,VÆ/86,SE/86,16:44:00,16:44:00
1548,VÆ/86,SE/86,JY/86,16:48:00,16:49:00
1548,SE/86,JY/86,MØ/86,16:54:00,16:55:00
1548,JY/86,MØ/86,KS/86,17:00:00,17:01:00
1548,MØ/86,KS/86,RT/86,17:04:00,17:05:00
1548,KS/86,RT/86,HK/86,17:08:00,17:09:00
1548,RT/86,HK/86,PE/86,17:15:00,17:17:00
1548,HK/86,PE/86,RO/86,17:21:00,17:21:00
1548,PE/86,RO/86,TRK/86,17:34:00,17:36:00
1548,RO/86,TRK/86,HTÅ/86,17:38:00,17:38:00
1548,TRK/86,HTÅ/86,GL/86,17:43:00,17:44:00
1548,HTÅ/86,GL/86,KH/86,17:49:00,17:49:00
1548,GL/86,KH/86,KN/86,17:57:00,18:01:00
1548,KH/86,KN/86,KK/86,18:03:00,18:04:00
1549,KK/86,KN/86,KH/86,12:55:00,12:56:00
1549,KN/86,KH/86,VAL/86,12:59:00,13:02:00
1549,KH/86,VAL/86,HTÅ/86,13:05:00,13:05:00
1549,VAL/86,HTÅ/86,HH/86,13:13:00,13:15:00
1549,HTÅ/86,HH/86,RO/86,13:18:00,13:18:00
1549,HH/86,RO/86,LJ/86,13:22:00,13:24:00
1549,RO/86,LJ/86,HK/86,13:29:00,13:29:00
1549,LJ/86,HK/86,RT/86,13:41:00,13:43:00
1549,HK/86,RT/86,KS/86,13:49:00,13:50:00
1549,RT/86,KS/86,MØ/86,13:53:00,13:54:00
1549,KS/86,MØ/86,JY/86,13:57:00,14:01:00
1549,MØ/86,JY/86,SE/86,14:06:00,14:07:00
1549,JY/86,SE/86,VÆ/86,14:12:00,14:13:00
1549,SE/86,VÆ/86,KBØ/86,14:17:00,14:17:00
1549,VÆ/86,KBØ/86,KB/86,14:20:00,14:21:00
1552,KB/86,KBØ/86,VÆ/86,17:39:00,17:40:00
1552,KBØ/86,VÆ/86,SE/86,17:44:00,17:44:00
1552,VÆ/86,SE/86,JY/86,17:48:00,17:49:00
1552,SE/86,JY/86,MØ/86,17:54:00,17:55:00
1552,JY/86,MØ/86,KS/86,18:00:00,18:01:00
1552,MØ/86,KS/86,RT/86,18:04:00,18:05:00
1552,KS/86,RT/86,HK/86,18:08:00,18:09:00
1552,RT/86,HK/86,PE/86,18:15:00,18:17:00
1552,HK/86,PE/86,RO/86,18:21:00,18:21:00
1552,PE/86,RO/86,TRK/86,18:34:00,18:36:00
1552,RO/86,TRK/86,HTÅ/86,18:38:00,18:38:00
1552,TRK/86,HTÅ/86,GL/86,18:43:00,18:44:00
1552,HTÅ/86,GL/86,KH/86,18:49:00,18:49:00
1552,GL/86,KH/86,KN/86,18:57:00,19:01:00
1552,KH/86,KN/86,KK/86,19:03:00,19:04:00
1553,KK/86,KN/86,KH/86,13:55:00,13:56:00
1553,KN/86,KH/86,VAL/86,13:59:00,14:02:00
1553,KH/86,VAL/86,HTÅ/86,14:05:00,14:05:00
1553,VAL/86,HTÅ/86,HH/86,14:13:00,14:15:00
1553,HTÅ/86,HH/86,RO/86,14:18:00,14:18:00
1553,HH/86,RO/86,LJ/86,14:22:00,14:24:00
1553,RO/86,LJ/86,HK/86,14:29:00,14:29:00
1553,LJ/86,HK/86,RT/86,14:41:00,14:43:00
1553,HK/86,RT/86,KS/86,14:49:00,14:50:00
1553,RT/86,KS/86,MØ/86,14:53:00,14:54:00
1553,KS/86,MØ/86,JY/86,14:57:00,15:01:00
1553,MØ/86,JY/86,SE/86,15:06:00,15:07:00
1553,JY/86,SE/86,VÆ/86,15:12:00,15:13:00
1553,SE/86,VÆ/86,KBØ/86,15:17:00,15:17:00
1553,VÆ/86,KBØ/86,KB/86,15:20:00,15:21:00
1556,KB/86,KBØ/86,VÆ/86,18:39:00,18:40:00
1556,KBØ/86,VÆ/86,SE/86,18:44:00,18:44:00
1556,VÆ/86,SE/86,JY/86,18:48:00,18:49:00
1556,SE/86,JY/86,MØ/86,18:54:00,18:55:00
1556,JY/86,MØ/86,KS/86,19:00:00,19:01:00
1556,MØ/86,KS/86,RT/86,19:04:00,19:05:00
1556,KS/86,RT/86,HK/86,19:08:00,19:09:00
1556,RT/86,HK/86,PE/86,19:15:00,19:17:00
1556,HK/86,PE/86,RO/86,19:21:00,19:21:00
1556,PE/86,RO/86,TRK/86,19:34:00,19:36:00
1556,RO/86,TRK/86,HTÅ/86,19:38:00,19:38:00
1556,TRK/86,HTÅ/86,GL/86,19:43:00,19:44:00
1556,HTÅ/86,GL/86,KH/86,19:49:00,19:49:00
1556,GL/86,KH/86,KN/86,19:57:00,20:01:00
1556,KH/86,KN/86,KK/86,20:03:00,20:04:00
1556,KN/86,KK/86,HGL/86,20:07:00,20:10:00
1557,KK/86,KN/86,KH/86,14:55:00,14:56:00
1557,KN/86,KH/86,VAL/86,14:59:00,15:02:00
1557,KH/86,VAL/86,HTÅ/86,15:05:00,15:05:00
1557,VAL/86,HTÅ/86,HH/86,15:13:00,15:15:00
1557,HTÅ/86,HH/86,RO/86,15:18:00,15:18:00
1557,HH/86,RO/86,LJ/86,15:22:00,15:24:00
1557,RO/86,LJ/86,HK/86,15:29:00,15:29:00
1557,LJ/86,HK/86,RT/86,15:41:00,15:43:00
1557,HK/86,RT/86,KS/86,15:49:00,15:50:00
1557,RT/86,KS/86,MØ/86,15:53:00,15:54:00
1557,KS/86,MØ/86,JY/86,15:57:00,16:01:00
1557,MØ/86,JY/86,SE/86,16:06:00,16:07:00
1557,JY/86,SE/86,VÆ/86,16:12:00,16:13:00
1557,SE/86,VÆ/86,KBØ/86,16:17:00,16:17:00
1557,VÆ/86,KBØ/86,KB/86,16:20:00,16:21:00
156,FA/86,SNO/86,MD/86,17:59:00,17:59:00
156,SNO/86,MD/86,KA/86,18:03:00,18:05:00
156,MD/86,KA/86,OD/86,18:09:00,18:09:00
156,KA/86,OD/86,MV/86,18:27:00,18:29:00
156,OD/86,MV/86,LV/86,18:34:00,18:34:00
156,MV/86,LV/86,UV/86,18:37:00,18:38:00
156,LV/86,UV/86,NG/86,18:41:00,18:41:00
156,UV/86,NG/86,SPR/86,18:45:00,18:47:00
156,NG/86,SPR/86,KØ/86,18:53:00,18:53:00
156,SPR/86,KØ/86,FO/86,18:59:00,19:00:00
156,KØ/86,FO/86,SG/86,19:04:00,19:04:00
156,FO/86,SG/86,SO/86,19:08:00,19:10:00
156,SG/86,SO/86,FJ/86,19:18:00,19:19:00
156,SO/86,FJ/86,RG/86,19:23:00,19:23:00
156,FJ/86,RG/86,KY/86,19:27:00,19:29:00
156,RG/86,KY/86,RO/86,19:34:00,19:34:00
156,KY/86,RO/86,TRK/86,19:44:00,19:46:00
156,RO/86,TRK/86,HTÅ/86,19:48:00,19:48:00
156,TRK/86,HTÅ/86,GL/86,19:53:00,19:54:00
156,HTÅ/86,GL/86,VAL/86,19:59:00,19:59:00
156,GL/86,VAL/86,KH/86,20:03:00,20:04:00
156,VAL/86,KH/86,KN/86,20:10:00,20:13:00
156,KH/86,KN/86,KK/86,20:15:00,20:16:00
1560,KB/86,KBØ/86,VÆ/86,19:39:00,19:40:00
1560,KBØ/86,VÆ/86,SE/86,19:44:00,19:44:00
1560,VÆ/86,SE/86,JY/86,19:48:00,19:49:00
1560,SE/86,JY/86,MØ/86,19:54:00,19:55:00
1560,JY/86,MØ/86,KS/86,20:00:00,20:01:00
1560,MØ/86,KS/86,RT/86,20:04:00,20:05:00
1560,KS/86,RT/86,HK/86,20:08:00,20:09:00
1560,RT/86,HK/86,PE/86,20:15:00,20:17:00
1560,HK/86,PE/86,RO/86,20:21:00,20:21:00
1560,PE/86,RO/86,TRK/86,20:34:00,20:36:00
1560,RO/86,TRK/86,HTÅ/86,20:38:00,20:38:00
1560,TRK/86,HTÅ/86,GL/86,20:43:00,20:44:00
1560,HTÅ/86,GL/86,KH/86,20:49:00,20:49:00
1560,GL/86,KH/86,KN/86,20:57:00,21:00:00
1560,KH/86,KN/86,KK/86,21:02:00,21:03:00
1561,KK/86,KN/86,KH/86,15:55:00,15:56:00
1561,KN/86,KH/86,VAL/86,15:59:00,16:02:00
1561,KH/86,VAL/86,HTÅ/86,16:05:00,16:05:00
1561,VAL/86,HTÅ/86,HH/86,16:13:00,16:15:00
1561,HTÅ/86,HH/86,RO/86,16:18:00,16:18:00
1561,HH/86,RO/86,LJ/86,16:22:00,16:24:00
1561,RO/86,LJ/86,HK/86,16:29:00,16:29:00
1561,LJ/86,HK/86,RT/86,16:41:00,16:43:00
1561,HK/86,RT/86,KS/86,16:49:00,16:50:00
1561,RT/86,KS/86,MØ/86,16:53:00,16:54:00
1561,KS/86,MØ/86,JY/86,16:57:00,17:01:00
1561,MØ/86,JY/86,SE/86,17:06:00,17:07:00
1561,JY/86,SE/86,VÆ/86,17:12:00,17:13:00
1561,SE/86,VÆ/86,KBØ/86,17:17:00,17:17:00
1561,VÆ/86,KBØ/86,KB/86,17:20:00,17:21:00
1564,KB/86,KBØ/86,VÆ/86,20:39:00,20:40:00
1564,KBØ/86,VÆ/86,SE/86,20:44:00,20:44:00
1564,VÆ/86,SE/86,JY/86,20:48:00,20:49:00
1564,SE/86,JY/86,MØ/86,20:54:00,20:55:00
1564,JY/86,MØ/86,KS/86,21:00:00,21:01:00
1564,MØ/86,KS/86,RT/86,21:04:00,21:05:00
1564,KS/86,RT/86,HK/86,21:08:00,21:09:00
1564,RT/86,HK/86,PE/86,21:15:00,21:17:00
1564,HK/86,PE/86,RO/86,21:21:00,21:21:00
1564,PE/86,RO/86,TRK/86,21:34:00,21:36:00
1564,RO/86,TRK/86,HTÅ/86,21:38:00,21:38:00
1564,TRK/86,HTÅ/86,GL/86,21:43:00,21:44:00
1564,HTÅ/86,GL/86,KH/86,21:49:00,21:49:00
1564,GL/86,KH/86,KN/86,21:57:00,22:00:00
1564,KH/86,KN/86,KK/86,22:02:00,22:03:00
1565,KK/86,KN/86,KH/86,16:55:00,16:56:00
1565,KN/86,KH/86,VAL/86,16:59:00,17:02:00
1565,KH/86,VAL/86,HTÅ/86,17:05:00,17:05:00
1565,VAL/86,HTÅ/86,HH/86,17:13:00,17:15:00
1565,HTÅ/86,HH/86,RO/86,17:18:00,17:18:00
1565,HH/86,RO/86,LJ/86,17:22:00,17:24:00
1565,RO/86,LJ/86,HK/86,17:29:00,17:29:00
1565,LJ/86,HK/86,RT/86,17:41:00,17:43:00
1565,HK/86,RT/86,KS/86,17:49:00,17:50:00
1565,RT/86,KS/86,MØ/86,17:53:00,17:54:00
1565,KS/86,MØ/86,JY/86,17:57:00,18:01:00
1565,MØ/86,JY/86,SE/86,18:06:00,18:07:00
1565,JY/86,SE/86,VÆ/86,18:12:00,18:13:00
1565,SE/86,VÆ/86,KBØ/86,18:17:00,18:17:00
1565,VÆ/86,KBØ/86,KB/86,18:20:00,18:21:00
1569,KK/86,KN/86,KH/86,17:55:00,17:56:00
1569,KN/86,KH/86,VAL/86,17:59:00,18:02:00
1569,KH/86,VAL/86,HTÅ/86,18:05:00,18:05:00
1569,VAL/86,HTÅ/86,HH/86,18:13:00,18:15:00
1569,HTÅ/86,HH/86,RO/86,18:18:00,18:18:00
1569,HH/86,RO/86,LJ/86,18:22:00,18:24:00
1569,RO/86,LJ/86,HK/86,18:29:00,18:29:00
1569,LJ/86,HK/86,RT/86,18:41:00,18:43:00
1569,HK/86,RT/86,KS/86,18:49:00,18:50:00
1569,RT/86,KS/86,MØ/86,18:53:00,18:54:00
1569,KS/86,MØ/86,JY/86,18:57:00,19:01:00
1569,MØ/86,JY/86,SE/86,19:06:00,19:07:00
1569,JY/86,SE/86,VÆ/86,19:12:00,19:13:00
1569,SE/86,VÆ/86,KBØ/86,19:17:00,19:17:00
1569,VÆ/86,KBØ/86,KB/86,19:20:00,19:21:00
157,HGL/86,KK/86,KN/86,14:38:00,14:41:00
157,KK/86,KN/86,KH/86,14:43:00,14:44:00
157,KN/86,KH/86,VAL/86,14:47:00,14:50:00
157,KH/86,VAL/86,HIF/86,14:53:00,14:55:00
157,VAL/86,HIF/86,HTÅ/86,14:58:00,14:58:00
157,HIF/86,HTÅ/86,HH/86,15:04:00,15:05:00
157,HTÅ/86,HH/86,RO/86,15:08:00,15:08:00
157,HH/86,RO/86,VY/86,15:12:00,15:14:00
157,RO/86,VY/86,RG/86,15:19:00,15:19:00
157,VY/86,RG/86,FJ/86,15:29:00,15:31:00
157,RG/86,FJ/86,SO/86,15:36:00,15:36:00
157,FJ/86,SO/86,SG/86,15:39:00,15:40:00
157,SO/86,SG/86,FO/86,15:48:00,15:50:00
157,SG/86,FO/86,KØ/86,15:54:00,15:54:00
157,FO/86,KØ/86,SPR/86,15:58:00,15:59:00
157,KØ/86,SPR/86,NG/86,16:05:00,16:05:00
157,SPR/86,NG/86,JU/86,16:10:00,16:12:00
157,NG/86,JU/86,LV/86,16:15:00,16:15:00
157,JU/86,LV/86,MV/86,16:20:00,16:21:00
157,LV/86,MV/86,OD/86,16:24:00,16:24:00
157,MV/86,OD/86,HP/86,16:28:00,16:31:00
157,OD/86,HP/86,MD/86,16:35:00,16:35:00
157,HP/86,MD/86,SNO/86,16:53:00,16:54:00
157,MD/86,SNO/86,FA/86,16:58:00,16:58:00
157,SNO/86,FA/86,BK/86,17:02:00,17:09:00
157,FA/86,BK/86,VJ/86,17:15:00,17:15:00
157,BK/86,VJ/86,HED/86,17:22:00,17:24:00
157,VJ/86,HED/86,HS/86,17:31:00,17:31:00
157,HED/86,HS/86,HÅ/86,17:38:00,17:40:00
157,HS/86,HÅ/86,SD/86,17:47:00,17:47:00
157,HÅ/86,SD/86,HX/86,17:54:00,17:55:00
157,SD/86,HX/86,AR/86,18:00:00,18:00:00
1570,KB/86,KBØ/86,VÆ/86,21:52:00,21:53:00
1570,KBØ/86,VÆ/86,SE/86,21:57:00,21:57:00
1570,VÆ/86,SE/86,JY/86,22:01:00,22:02:00
1570,SE/86,JY/86,MØ/86,22:07:00,22:08:00
1570,JY/86,MØ/86,KS/86,22:13:00,22:14:00
1570,MØ/86,KS/86,RT/86,22:18:00,22:19:00
1570,KS/86,RT/86,HK/86,22:22:00,22:23:00
1570,RT/86,HK/86,PE/86,22:29:00,22:32:00
1570,HK/86,PE/86,TØ/86,22:36:00,22:37:00
1570,PE/86,TØ/86,HV/86,22:42:00,22:43:00
1570,TØ/86,HV/86,LJ/86,22:48:00,22:49:00
1570,HV/86,LJ/86,RO/86,22:54:00,22:55:00
1570,LJ/86,RO/86,TRK/86,23:01:00,23:02:00
1570,RO/86,TRK/86,HH/86,23:05:00,23:06:00
1570,TRK/86,HH/86,HTÅ/86,23:09:00,23:10:00
1570,HH/86,HTÅ/86,GL/86,23:14:00,23:16:00
1570,HTÅ/86,GL/86,VAL/86,23:20:00,23:20:00
1570,GL/86,VAL/86,KH/86,23:24:00,23:25:00
1573,KK/86,KN/86,KH/86,18:55:00,18:56:00
1573,KN/86,KH/86,VAL/86,18:59:00,19:02:00
1573,KH/86,VAL/86,HTÅ/86,19:05:00,19:05:00
1573,VAL/86,HTÅ/86,HH/86,19:13:00,19:15:00
1573,HTÅ/86,HH/86,RO/86,19:18:00,19:18:00
1573,HH/86,RO/86,LJ/86,19:22:00,19:24:00
1573,RO/86,LJ/86,HK/86,19:29:00,19:29:00
1573,LJ/86,HK/86,RT/86,19:41:00,19:43:00
1573,HK/86,RT/86,KS/86,19:49:00,19:50:00
1573,RT/86,KS/86,MØ/86,19:53:00,19:54:00
1573,KS/86,MØ/86,JY/86,19:57:00,20:01:00
1573,MØ/86,JY/86,SE/86,20:06:00,20:07:00
1573,JY/86,SE/86,VÆ/86,20:12:00,20:13:00
1573,SE/86,VÆ/86,KBØ/86,20:17:00,20:17:00
1573,VÆ/86,KBØ/86,KB/86,20:20:00,20:21:00
1574,KB/86,KBØ/86,VÆ/86,22:52:00,22:53:00
1574,KBØ/86,VÆ/86,SE/86,22:57:00,22:57:00
1574,VÆ/86,SE/86,JY/86,23:01:00,23:02:00
1574,SE/86,JY/86,MØ/86,23:07:00,23:08:00
1574,JY/86,MØ/86,KS/86,23:13:00,23:14:00
1574,MØ/86,KS/86,RT/86,23:18:00,23:19:00
1574,KS/86,RT/86,HK/86,23:22:00,23:23:00
1574,RT/86,HK/86,PE/86,23:29:00,23:32:00
1574,HK/86,PE/86,TØ/86,23:36:00,23:37:00
1574,PE/86,TØ/86,HV/86,23:42:00,23:43:00
1574,TØ/86,HV/86,LJ/86,23:48:00,23:49:00
1574,HV/86,LJ/86,RO/86,23:54:00,23:55:00
1574,LJ/86,RO/86,TRK/86,24:01:00,24:02:00
1574,RO/86,TRK/86,HH/86,24:05:00,24:06:00
1574,TRK/86,HH/86,HTÅ/86,24:09:00,24:10:00
1574,HH/86,HTÅ/86,GL/86,24:14:00,24:16:00
1574,HTÅ/86,GL/86,VAL/86,24:20:00,24:20:00
1574,GL/86,VAL/86,KH/86,24:24:00,24:25:00
1577,KH/86,VAL/86,HTÅ/86,20:05:00,20:05:00
1577,VAL/86,HTÅ/86,HH/86,20:13:00,20:15:00
1577,HTÅ/86,HH/86,RO/86,20:18:00,20:18:00
1577,HH/86,RO/86,LJ/86,20:22:00,20:24:00
1577,RO/86,LJ/86,HK/86,20:29:00,20:29:00
1577,LJ/86,HK/86,RT/86,20:41:00,20:43:00
1577,HK/86,RT/86,KS/86,20:49:00,20:50:00
1577,RT/86,KS/86,MØ/86,20:53:00,20:54:00
1577,KS/86,MØ/86,JY/86,20:57:00,21:01:00
1577,MØ/86,JY/86,SE/86,21:06:00,21:07:00
1577,JY/86,SE/86,VÆ/86,21:12:00,21:13:00
1577,SE/86,VÆ/86,KBØ/86,21:17:00,21:17:00
1577,VÆ/86,KBØ/86,KB/86,21:20:00,21:21:00
1581,KK/86,KN/86,KH/86,20:55:00,20:56:00
1581,KN/86,KH/86,VAL/86,20:59:00,21:02:00
1581,KH/86,VAL/86,HTÅ/86,21:05:00,21:05:00
1581,VAL/86,HTÅ/86,HH/86,21:13:00,21:15:00
1581,HTÅ/86,HH/86,RO/86,21:18:00,21:18:00
1581,HH/86,RO/86,LJ/86,21:22:00,21:24:00
1581,RO/86,LJ/86,HK/86,21:29:00,21:29:00
1581,LJ/86,HK/86,RT/86,21:41:00,21:43:00
1581,HK/86,RT/86,KS/86,21:49:00,21:50:00
1581,RT/86,KS/86,MØ/86,21:53:00,21:54:00
1581,KS/86,MØ/86,JY/86,21:57:00,21:59:00
1581,MØ/86,JY/86,SE/86,22:04:00,22:07:00
1581,JY/86,SE/86,VÆ/86,22:13:00,22:14:00
1581,SE/86,VÆ/86,KBØ/86,22:18:00,22:18:00
1581,VÆ/86,KBØ/86,KB/86,22:21:00,22:22:00
1583,KK/86,KN/86,KH/86,21:16:00,21:17:00
1583,KN/86,KH/86,VAL/86,21:20:00,21:30:00
1583,KH/86,VAL/86,HIF/86,21:34:00,21:35:00
1583,VAL/86,HIF/86,HTÅ/86,21:37:00,21:37:00
1583,HIF/86,HTÅ/86,HH/86,21:44:00,21:45:00
1583,HTÅ/86,HH/86,TRK/86,21:49:00,21:50:00
1583,HH/86,TRK/86,RO/86,21:53:00,21:54:00
1583,TRK/86,RO/86,LJ/86,21:57:00,21:59:00
1583,RO/86,LJ/86,HV/86,22:05:00,22:06:00
1583,LJ/86,HV/86,TØ/86,22:11:00,22:12:00
1583,HV/86,TØ/86,PE/86,22:16:00,22:17:00
1583,TØ/86,PE/86,HK/86,22:22:00,22:23:00
1583,PE/86,HK/86,RT/86,22:27:00,22:30:00
1583,HK/86,RT/86,KS/86,22:36:00,22:37:00
1583,RT/86,KS/86,MØ/86,22:41:00,22:42:00
1583,KS/86,MØ/86,JY/86,22:45:00,22:46:00
1583,MØ/86,JY/86,SE/86,22:51:00,22:52:00
1583,JY/86,SE/86,VÆ/86,22:58:00,23:01:00
1583,SE/86,VÆ/86,KBØ/86,23:05:00,23:05:00
1583,VÆ/86,KBØ/86,KB/86,23:08:00,23:09:00
1587,KK/86,KN/86,KH/86,22:25:00,22:26:00
1587,KN/86,KH/86,VAL/86,22:29:00,22:32:00
1587,KH/86,VAL/86,HIF/86,22:36:00,22:37:00
1587,VAL/86,HIF/86,HTÅ/86,22:39:00,22:39:00
1587,HIF/86,HTÅ/86,HH/86,22:46:00,22:47:00
1587,HTÅ/86,HH/86,TRK/86,22:51:00,22:52:00
1587,HH/86,TRK/86,RO/86,22:55:00,22:56:00
1587,TRK/86,RO/86,LJ/86,22:59:00,23:01:00
1587,RO/86,LJ/86,HV/86,23:07:00,23:08:00
1587,LJ/86,HV/86,TØ/86,23:13:00,23:14:00
1587,HV/86,TØ/86,PE/86,23:18:00,23:19:00
1587,TØ/86,PE/86,HK/86,23:24:00,23:25:00
1587,PE/86,HK/86,RT/86,23:29:00,23:31:00
1587,HK/86,RT/86,KS/86,23:37:00,23:38:00
1587,RT/86,KS/86,MØ/86,23:41:00,23:42:00
1587,KS/86,MØ/86,JY/86,23:45:00,23:46:00
1587,MØ/86,JY/86,SE/86,23:51:00,23:52:00
1587,JY/86,SE/86,VÆ/86,23:58:00,24:01:00
1587,SE/86,VÆ/86,KBØ/86,24:05:00,24:05:00
1587,VÆ/86,KBØ/86,KB/86,24:08:00,24:09:00
1591,KH/86,VAL/86,HIF/86,23:34:00,23:35:00
1591,VAL/86,HIF/86,HTÅ/86,23:37:00,23:37:00
1591,HIF/86,HTÅ/86,HH/86,23:44:00,23:45:00
1591,HTÅ/86,HH/86,TRK/86,23:49:00,23:50:00
1591,HH/86,TRK/86,RO/86,23:53:00,23:54:00
1591,TRK/86,RO/86,LJ/86,23:57:00,23:59:00
1591,RO/86,LJ/86,HV/86,24:05:00,24:06:00
1591,LJ/86,HV/86,TØ/86,24:11:00,24:12:00
1591,HV/86,TØ/86,PE/86,24:16:00,24:17:00
1591,TØ/86,PE/86,HK/86,24:22:00,24:23:00
1591,PE/86,HK/86,RT/86,24:27:00,24:30:00
1591,HK/86,RT/86,KS/86,24:36:00,24:37:00
1591,RT/86,KS/86,MØ/86,24:40:00,24:41:00
1591,KS/86,MØ/86,JY/86,24:44:00,24:45:00
1591,MØ/86,JY/86,SE/86,24:51:00,24:52:00
1591,JY/86,SE/86,VÆ/86,24:57:00,24:58:00
1591,SE/86,VÆ/86,KBØ/86,25:02:00,25:02:00
1591,VÆ/86,KBØ/86,KB/86,25:05:00,25:06:00
160,FA/86,SNO/86,MD/86,18:59:00,18:59:00
160,SNO/86,MD/86,KA/86,19:03:00,19:05:00
160,MD/86,KA/86,OD/86,19:09:00,19:09:00
160,KA/86,OD/86,MV/86,19:27:00,19:29:00
160,OD/86,MV/86,LV/86,19:34:00,19:34:00
160,MV/86,LV/86,UV/86,19:37:00,19:38:00
160,LV/86,UV/86,NG/86,19:41:00,19:41:00
160,UV/86,NG/86,SPR/86,19:45:00,19:47:00
160,NG/86,SPR/86,KØ/86,19:53:00,19:53:00
160,SPR/86,KØ/86,FO/86,19:59:00,20:00:00
160,KØ/86,FO/86,SG/86,20:04:00,20:04:00
160,FO/86,SG/86,SO/86,20:08:00,20:10:00
160,SG/86,SO/86,FJ/86,20:18:00,20:19:00
160,SO/86,FJ/86,RG/86,20:23:00,20:23:00
160,FJ/86,RG/86,KY/86,20:27:00,20:29:00
160,RG/86,KY/86,RO/86,20:34:00,20:34:00
160,KY/86,RO/86,TRK/86,20:44:00,20:46:00
160,RO/86,TRK/86,HTÅ/86,20:48:00,20:48:00
160,TRK/86,HTÅ/86,GL/86,20:53:00,20:54:00
160,HTÅ/86,GL/86,VAL/86,20:59:00,20:59:00
160,GL/86,VAL/86,KH/86,21:03:00,21:04:00
161,HGL/86,KK/86,KN/86,15:38:00,15:41:00
161,KK/86,KN/86,KH/86,15:43:00,15:44:00
161,KN/86,KH/86,VAL/86,15:47:00,15:50:00
161,KH/86,VAL/86,HIF/86,15:53:00,15:55:00
161,VAL/86,HIF/86,HTÅ/86,15:58:00,15:58:00
161,HIF/86,HTÅ/86,HH/86,16:04:00,16:05:00
161,HTÅ/86,HH/86,RO/86,16:08:00,16:08:00
161,HH/86,RO/86,VY/86,16:12:00,16:14:00
161,RO/86,VY/86,RG/86,16:19:00,16:19:00
161,VY/86,RG/86,FJ/86,16:29:00,16:31:00
161,RG/86,FJ/86,SO/86,16:36:00,16:36:00
161,FJ/86,SO/86,SG/86,16:39:00,16:40:00
161,SO/86,SG/86,FO/86,16:48:00,16:50:00
161,SG/86,FO/86,KØ/86,16:54:00,16:54:00
161,FO/86,KØ/86,SPR/86,16:58:00,16:59:00
161,KØ/86,SPR/86,NG/86,17:05:00,17:05:00
161,SPR/86,NG/86,JU/86,17:10:00,17:12:00
161,NG/86,JU/86,LV/86,17:15:00,17:15:00
161,JU/86,LV/86,MV/86,17:20:00,17:21:00
161,LV/86,MV/86,OD/86,17:24:00,17:24:00
161,MV/86,OD/86,HP/86,17:28:00,17:31:00
161,OD/86,HP/86,MD/86,17:35:00,17:35:00
161,HP/86,MD/86,SNO/86,17:53:00,17:54:00
161,MD/86,SNO/86,FA/86,17:58:00,17:58:00
164,FA/86,SNO/86,MD/86,19:59:00,19:59:00
164,SNO/86,MD/86,KA/86,20:03:00,20:05:00
164,MD/86,KA/86,OD/86,20:09:00,20:09:00
164,KA/86,OD/86,MV/86,20:27:00,20:29:00
164,OD/86,MV/86,LV/86,20:34:00,20:34:00
164,MV/86,LV/86,UV/86,20:37:00,20:38:00
164,LV/86,UV/86,NG/86,20:41:00,20:41:00
164,UV/86,NG/86,SPR/86,20:45:00,20:47:00
164,NG/86,SPR/86,KØ/86,20:53:00,20:53:00
164,SPR/86,KØ/86,FO/86,20:59:00,21:00:00
164,KØ/86,FO/86,SG/86,21:04:00,21:04:00
164,FO/86,SG/86,SO/86,21:08:00,21:10:00
164,SG/86,SO/86,FJ/86,21:18:00,21:19:00
164,SO/86,FJ/86,RG/86,21:23:00,21:23:00
164,FJ/86,RG/86,KY/86,21:27:00,21:29:00
164,RG/86,KY/86,RO/86,21:34:00,21:34:00
164,KY/86,RO/86,TRK/86,21:44:00,21:46:00
164,RO/86,TRK/86,HTÅ/86,21:48:00,21:48:00
164,TRK/86,HTÅ/86,GL/86,21:53:00,21:54:00
164,HTÅ/86,GL/86,VAL/86,21:59:00,21:59:00
164,GL/86,VAL/86,KH/86,22:03:00,22:04:00
165,KK/86,KN/86,KH/86,16:43:00,16:44:00
165,KN/86,KH/86,VAL/86,16:47:00,16:50:00
165,KH/86,VAL/86,HIF/86,16:53:00,16:55:00
165,VAL/86,HIF/86,HTÅ/86,16:58:00,16:58:00
165,HIF/86,HTÅ/86,HH/86,17:04:00,17:05:00
165,HTÅ/86,HH/86,RO/86,17:08:00,17:08:00
165,HH/86,RO/86,VY/86,17:12:00,17:14:00
165,RO/86,VY/86,RG/86,17:19:00,17:19:00
165,VY/86,RG/86,FJ/86,17:29:00,17:31:00
165,RG/86,FJ/86,SO/86,17:36:00,17:36:00
165,FJ/86,SO/86,SG/86,17:39:00,17:40:00
165,SO/86,SG/86,FO/86,17:48:00,17:50:00
165,SG/86,FO/86,KØ/86,17:54:00,17:54:00
165,FO/86,KØ/86,SPR/86,17:58:00,17:59:00
165,KØ/86,SPR/86,NG/86,18:05:00,18:05:00
165,SPR/86,NG/86,JU/86,18:10:00,18:12:00
165,NG/86,JU/86,LV/86,18:15:00,18:15:00
165,JU/86,LV/86,MV/86,18:20:00,18:21:00
165,LV/86,MV/86,OD/86,18:24:00,18:24:00
165,MV/86,OD/86,HP/86,18:28:00,18:31:00
165,OD/86,HP/86,MD/86,18:35:00,18:35:00
165,HP/86,MD/86,SNO/86,18:53:00,18:54:00
165,MD/86,SNO/86,FA/86,18:58:00,18:58:00
168,FA/86,SNO/86,MD/86,20:59:00,20:59:00
168,SNO/86,MD/86,KA/86,21:03:00,21:05:00
168,MD/86,KA/86,OD/86,21:09:00,21:09:00
168,KA/86,OD/86,MV/86,21:27:00,21:29:00
168,OD/86,MV/86,LV/86,21:34:00,21:34:00
168,MV/86,LV/86,UV/86,21:37:00,21:38:00
168,LV/86,UV/86,NG/86,21:41:00,21:41:00
168,UV/86,NG/86,SPR/86,21:45:00,21:47:00
168,NG/86,SPR/86,KØ/86,21:53:00,21:53:00
168,SPR/86,KØ/86,FO/86,21:59:00,22:00:00
168,KØ/86,FO/86,SG/86,22:04:00,22:04:00
168,FO/86,SG/86,SO/86,22:08:00,22:10:00
168,SG/86,SO/86,FJ/86,22:18:00,22:19:00
168,SO/86,FJ/86,RG/86,22:23:00,22:23:00
168,FJ/86,RG/86,KY/86,22:27:00,22:29:00
168,RG/86,KY/86,RO/86,22:34:00,22:34:00
168,KY/86,RO/86,TRK/86,22:44:00,22:46:00
168,RO/86,TRK/86,HTÅ/86,22:48:00,22:48:00
168,TRK/86,HTÅ/86,GL/86,22:53:00,22:54:00
168,HTÅ/86,GL/86,VAL/86,22:59:00,22:59:00
168,GL/86,VAL/86,KH/86,23:03:00,23:04:00
172,FA/86,SNO/86,MD/86,21:59:00,21:59:00
172,SNO/86,MD/86,KA/86,22:03:00,22:05:00
172,MD/86,KA/86,OD/86,22:08:00,22:08:00
172,KA/86,OD/86,MV/86,22:27:00,22:29:00
172,OD/86,MV/86,LV/86,22:34:00,22:34:00
172,MV/86,LV/86,UV/86,22:37:00,22:38:00
172,LV/86,UV/86,NG/86,22:40:00,22:40:00
172,UV/86,NG/86,SPR/86,22:45:00,22:47:00
172,NG/86,SPR/86,KØ/86,22:53:00,22:53:00
172,SPR/86,KØ/86,FO/86,22:59:00,23:00:00
172,KØ/86,FO/86,SG/86,23:04:00,23:04:00
172,FO/86,SG/86,SO/86,23:08:00,23:10:00
172,SG/86,SO/86,FJ/86,23:18:00,23:19:00
172,SO/86,FJ/86,RG/86,23:23:00,23:23:00
172,FJ/86,RG/86,KY/86,23:27:00,23:29:00
172,RG/86,KY/86,RO/86,23:34:00,23:34:00
172,KY/86,RO/86,TRK/86,23:44:00,23:46:00
172,RO/86,TRK/86,HTÅ/86,23:48:00,23:48:00
172,TRK/86,HTÅ/86,GL/86,23:53:00,23:54:00
172,HTÅ/86,GL/86,VAL/86,23:59:00,23:59:00
172,GL/86,VAL/86,KH/86,24:03:00,24:04:00
173,KK/86,KN/86,KH/86,18:43:00,18:44:00
173,KN/86,KH/86,VAL/86,18:47:00,18:50:00
173,KH/86,VAL/86,HIF/86,18:53:00,18:55:00
173,VAL/86,HIF/86,HTÅ/86,18:58:00,18:58:00
173,HIF/86,HTÅ/86,HH/86,19:04:00,19:05:00
173,HTÅ/86,HH/86,RO/86,19:08:00,19:08:00
173,HH/86,RO/86,VY/86,19:12:00,19:14:00
173,RO/86,VY/86,RG/86,19:19:00,19:19:00
173,VY/86,RG/86,FJ/86,19:29:00,19:31:00
173,RG/86,FJ/86,SO/86,19:36:00,19:36:00
173,FJ/86,SO/86,SG/86,19:39:00,19:40:00
173,SO/86,SG/86,FO/86,19:48:00,19:50:00
173,SG/86,FO/86,KØ/86,19:54:00,19:54:00
173,FO/86,KØ/86,SPR/86,19:58:00,19:59:00
173,KØ/86,SPR/86,NG/86,20:05:00,20:05:00
173,SPR/86,NG/86,JU/86,20:10:00,20:12:00
173,NG/86,JU/86,LV/86,20:15:00,20:15:00
173,JU/86,LV/86,MV/86,20:20:00,20:21:00
173,LV/86,MV/86,OD/86,20:24:00,20:24:00
173,MV/86,OD/86,HP/86,20:28:00,20:31:00
173,OD/86,HP/86,MD/86,20:35:00,20:35:00
173,HP/86,MD/86,SNO/86,20:53:00,20:54:00
173,MD/86,SNO/86,FA/86,20:58:00,20:58:00
176,AR/86,KGV/86,SD/86,21:52:00,21:52:00
176,KGV/86,SD/86,HÅ/86,22:02:00,22:03:00
176,SD/86,HÅ/86,HS/86,22:10:00,22:10:00
176,HÅ/86,HS/86,HED/86,22:17:00,22:19:00
176,HS/86,HED/86,VJ/86,22:26:00,22:26:00
176,HED/86,VJ/86,BET/86,22:34:00,22:36:00
176,VJ/86,BET/86,FA/86,22:41:00,22:41:00
176,BET/86,FA/86,SNO/86,22:51:00,22:56:00
176,FA/86,SNO/86,MD/86,22:59:00,22:59:00
176,SNO/86,MD/86,KA/86,23:03:00,23:05:00
176,MD/86,KA/86,OD/86,23:09:00,23:09:00
176,KA/86,OD/86,MV/86,23:27:00,23:29:00
176,OD/86,MV/86,LV/86,23:34:00,23:34:00
176,MV/86,LV/86,UV/86,23:37:00,23:38:00
176,LV/86,UV/86,NG/86,23:41:00,23:41:00
176,UV/86,NG/86,SPR/86,23:45:00,23:47:00
176,NG/86,SPR/86,KØ/86,23:53:00,23:53:00
176,SPR/86,KØ/86,FO/86,23:59:00,24:00:00
176,KØ/86,FO/86,SG/86,24:04:00,24:04:00
176,FO/86,SG/86,SO/86,24:08:00,24:10:00
176,SG/86,SO/86,FJ/86,24:18:00,24:19:00
176,SO/86,FJ/86,RG/86,24:23:00,24:23:00
176,FJ/86,RG/86,KY/86,24:27:00,24:29:00
176,RG/86,KY/86,RO/86,24:34:00,24:34:00
176,KY/86,RO/86,TRK/86,24:44:00,24:46:00
176,RO/86,TRK/86,HTÅ/86,24:48:00,24:48:00
176,TRK/86,HTÅ/86,GL/86,24:53:00,24:54:00
176,HTÅ/86,GL/86,VAL/86,24:59:00,24:59:00
176,GL/86,VAL/86,KH/86,25:03:00,25:04:00
177,HGL/86,KK/86,KN/86,19:38:00,19:41:00
177,KK/86,KN/86,KH/86,19:43:00,19:44:00
177,KN/86,KH/86,VAL/86,19:47:00,19:50:00
177,KH/86,VAL/86,HIF/86,19:53:00,19:55:00
177,VAL/86,HIF/86,HTÅ/86,19:58:00,19:58:00
177,HIF/86,HTÅ/86,HH/86,20:04:00,20:05:00
177,HTÅ/86,HH/86,RO/86,20:08:00,20:08:00
177,HH/86,RO/86,VY/86,20:12:00,20:14:00
177,RO/86,VY/86,RG/86,20:19:00,20:19:00
177,VY/86,RG/86,FJ/86,20:29:00,20:31:00
177,RG/86,FJ/86,SO/86,20:36:00,20:36:00
177,FJ/86,SO/86,SG/86,20:39:00,20:40:00
177,SO/86,SG/86,FO/86,20:48:00,20:50:00
177,SG/86,FO/86,KØ/86,20:54:00,20:54:00
177,FO/86,KØ/86,SPR/86,20:58:00,20:59:00
177,KØ/86,SPR/86,NG/86,21:05:00,21:05:00
177,SPR/86,NG/86,JU/86,21:10:00,21:12:00
177,NG/86,JU/86,LV/86,21:15:00,21:15:00
177,JU/86,LV/86,MV/86,21:20:00,21:21:00
177,LV/86,MV/86,OD/86,21:24:00,21:24:00
177,MV/86,OD/86,HP/86,21:28:00,21:31:00
177,OD/86,HP/86,MD/86,21:35:00,21:35:00
177,HP/86,MD/86,SNO/86,21:53:00,21:54:00
177,MD/86,SNO/86,FA/86,21:58:00,21:58:00
18,AR/86,KGV/86,SD/86,07:23:00,07:23:00
18,KGV/86,SD/86,HÅ/86,07:32:00,07:34:00
18,SD/86,HÅ/86,HS/86,07:41:00,07:41:00
18,HÅ/86,HS/86,HED/86,07:47:00,07:49:00
18,HS/86,HED/86,VJ/86,07:57:00,07:57:00
18,HED/86,VJ/86,BET/86,08:04:00,08:06:00
18,VJ/86,BET/86,FA/86,08:11:00,08:11:00
18,BET/86,FA/86,SNO/86,08:21:00,08:27:00
18,FA/86,SNO/86,OD/86,08:29:00,08:29:00
18,SNO/86,OD/86,MV/86,08:54:00,08:57:00
18,OD/86,MV/86,KH/86,09:02:00,09:02:00
18,MV/86,KH/86,BAN/86,10:06:00,10:18:00
18,KH/86,BAN/86,CPH/86,10:21:00,10:21:00
181,KH/86,VAL/86,HIF/86,20:53:00,20:55:00
181,VAL/86,HIF/86,HTÅ/86,20:58:00,20:58:00
181,HIF/86,HTÅ/86,HH/86,21:04:00,21:05:00
181,HTÅ/86,HH/86,RO/86,21:08:00,21:08:00
181,HH/86,RO/86,VY/86,21:12:00,21:14:00
181,RO/86,VY/86,RG/86,21:19:00,21:19:00
181,VY/86,RG/86,FJ/86,21:29:00,21:31:00
181,RG/86,FJ/86,SO/86,21:36:00,21:36:00
181,FJ/86,SO/86,SG/86,21:39:00,21:40:00
181,SO/86,SG/86,FO/86,21:48:00,21:50:00
181,SG/86,FO/86,KØ/86,21:54:00,21:54:00
181,FO/86,KØ/86,SPR/86,21:58:00,21:59:00
181,KØ/86,SPR/86,NG/86,22:05:00,22:05:00
181,SPR/86,NG/86,JU/86,22:10:00,22:12:00
181,NG/86,JU/86,LV/86,22:15:00,22:15:00
181,JU/86,LV/86,MV/86,22:20:00,22:21:00
181,LV/86,MV/86,OD/86,22:24:00,22:24:00
181,MV/86,OD/86,HP/86,22:28:00,22:31:00
181,OD/86,HP/86,MD/86,22:35:00,22:35:00
181,HP/86,MD/86,SNO/86,22:53:00,22:54:00
181,MD/86,SNO/86,FA/86,22:58:00,22:58:00
181,SNO/86,FA/86,BK/86,23:02:00,23:08:00
181,FA/86,BK/86,BET/86,23:14:00,23:15:00
181,BK/86,BET/86,VJ/86,23:18:00,23:19:00
181,BET/86,VJ/86,HED/86,23:26:00,23:28:00
181,VJ/86,HED/86,HS/86,23:36:00,23:37:00
181,HED/86,HS/86,HÅ/86,23:46:00,23:48:00
181,HS/86,HÅ/86,SD/86,23:55:00,23:55:00
181,HÅ/86,SD/86,HX/86,24:01:00,24:03:00
181,SD/86,HX/86,VI/86,24:07:00,24:07:00
181,HX/86,VI/86,KGV/86,24:12:00,24:13:00
181,VI/86,KGV/86,AR/86,24:15:00,24:15:00
182,AR/86,KGV/86,SD/86,22:52:00,22:52:00
182,KGV/86,SD/86,HÅ/86,23:02:00,23:04:00
182,SD/86,HÅ/86,HS/86,23:10:00,23:10:00
182,HÅ/86,HS/86,HED/86,23:17:00,23:19:00
182,HS/86,HED/86,VJ/86,23:27:00,23:27:00
182,HED/86,VJ/86,BET/86,23:34:00,23:36:00
182,VJ/86,BET/86,FA/86,23:41:00,23:41:00
182,BET/86,FA/86,SNO/86,23:51:00,23:56:00
182,FA/86,SNO/86,MD/86,23:59:00,23:59:00
182,SNO/86,MD/86,KA/86,24:04:00,24:05:00
182,MD/86,KA/86,OD/86,24:10:00,24:10:00
182,KA/86,OD/86,MV/86,24:30:00,24:33:00
182,OD/86,MV/86,LV/86,24:38:00,24:38:00
182,MV/86,LV/86,UV/86,24:41:00,24:42:00
182,LV/86,UV/86,NG/86,24:45:00,24:45:00
182,UV/86,NG/86,SPR/86,24:51:00,24:53:00
182,NG/86,SPR/86,KØ/86,24:59:00,24:59:00
182,SPR/86,KØ/86,FO/86,25:06:00,25:07:00
182,KØ/86,FO/86,SG/86,25:12:00,25:12:00
182,FO/86,SG/86,SO/86,25:16:00,25:18:00
182,SG/86,SO/86,FJ/86,25:27:00,25:29:00
182,SO/86,FJ/86,RG/86,25:33:00,25:33:00
182,FJ/86,RG/86,KY/86,25:37:00,25:39:00
182,RG/86,KY/86,RO/86,25:45:00,25:45:00
182,KY/86,RO/86,TRK/86,25:56:00,25:58:00
182,RO/86,TRK/86,HTÅ/86,26:01:00,26:01:00
182,TRK/86,HTÅ/86,GL/86,26:06:00,26:07:00
182,HTÅ/86,GL/86,VAL/86,26:13:00,26:13:00
182,GL/86,VAL/86,KH/86,26:17:00,26:19:00
185,KH/86,VAL/86,HIF/86,21:53:00,21:55:00
185,VAL/86,HIF/86,HTÅ/86,21:58:00,21:58:00
185,HIF/86,HTÅ/86,HH/86,22:04:00,22:05:00
185,HTÅ/86,HH/86,RO/86,22:08:00,22:08:00
185,HH/86,RO/86,VY/86,22:12:00,22:14:00
185,RO/86,VY/86,RG/86,22:19:00,22:19:00
185,VY/86,RG/86,FJ/86,22:29:00,22:31:00
185,RG/86,FJ/86,SO/86,22:36:00,22:36:00
185,FJ/86,SO/86,SG/86,22:39:00,22:40:00
185,SO/86,SG/86,FO/86,22:48:00,22:50:00
185,SG/86,FO/86,KØ/86,22:54:00,22:54:00
185,FO/86,KØ/86,SPR/86,22:58:00,22:59:00
185,KØ/86,SPR/86,NG/86,23:05:00,23:05:00
185,SPR/86,NG/86,JU/86,23:10:00,23:12:00
185,NG/86,JU/86,LV/86,23:15:00,23:15:00
185,JU/86,LV/86,MV/86,23:20:00,23:21:00
185,LV/86,MV/86,OD/86,23:24:00,23:24:00
19,CPH/86,TÅT/86,KH/86,05:29:00,05:29:00
19,TÅT/86,KH/86,GB/86,05:40:00,05:52:00
19,KH/86,GB/86,OD/86,05:55:00,05:55:00
19,GB/86,OD/86,HP/86,07:03:00,07:06:00
19,OD/86,HP/86,FA/86,07:10:00,07:10:00
19,HP/86,FA/86,BK/86,07:34:00,07:38:00
19,FA/86,BK/86,VJ/86,07:44:00,07:44:00
19,BK/86,VJ/86,HED/86,07:51:00,07:53:00
19,VJ/86,HED/86,HS/86,08:01:00,08:01:00
19,HED/86,HS/86,HÅ/86,08:08:00,08:10:00
19,HS/86,HÅ/86,SD/86,08:17:00,08:17:00
19,HÅ/86,SD/86,HX/86,08:24:00,08:25:00
19,SD/86,HX/86,AR/86,08:30:00,08:30:00
190,AR/86,KGV/86,SD/86,00:43:00,00:43:00
190,KGV/86,SD/86,HÅ/86,00:54:00,00:56:00
190,SD/86,HÅ/86,HS/86,01:04:00,01:04:00
190,HÅ/86,HS/86,HED/86,01:12:00,01:14:00
190,HS/86,HED/86,VJ/86,01:23:00,01:23:00
190,HED/86,VJ/86,BET/86,01:31:00,01:33:00
190,VJ/86,BET/86,FA/86,01:40:00,01:40:00
190,BET/86,FA/86,SNO/86,01:51:00,01:56:00
190,FA/86,SNO/86,MD/86,01:59:00,01:59:00
190,SNO/86,MD/86,KA/86,02:04:00,02:06:00
190,MD/86,KA/86,OD/86,02:10:00,02:10:00
190,KA/86,OD/86,MV/86,02:31:00,02:34:00
190,OD/86,MV/86,NG/86,02:39:00,02:39:00
190,MV/86,NG/86,SPR/86,02:49:00,02:51:00
190,NG/86,SPR/86,KØ/86,02:57:00,02:57:00
190,SPR/86,KØ/86,FO/86,03:04:00,03:05:00
190,KØ/86,FO/86,SG/86,03:11:00,03:11:00
190,FO/86,SG/86,SO/86,03:15:00,03:17:00
190,SG/86,SO/86,FJ/86,03:26:00,03:27:00
190,SO/86,FJ/86,RG/86,03:32:00,03:32:00
190,FJ/86,RG/86,KY/86,03:36:00,03:38:00
190,RG/86,KY/86,RO/86,03:44:00,03:44:00
190,KY/86,RO/86,TRK/86,03:56:00,03:58:00
190,RO/86,TRK/86,HTÅ/86,04:00:00,04:00:00
190,TRK/86,HTÅ/86,GL/86,04:06:00,04:07:00
190,HTÅ/86,GL/86,VAL/86,04:12:00,04:12:00
190,GL/86,VAL/86,KH/86,04:17:00,04:19:00
191,KH/86,VAL/86,HIF/86,22:53:00,22:55:00
191,VAL/86,HIF/86,HTÅ/86,22:58:00,22:58:00
191,HIF/86,HTÅ/86,HH/86,23:04:00,23:05:00
191,HTÅ/86,HH/86,RO/86,23:08:00,23:08:00
191,HH/86,RO/86,VY/86,23:12:00,23:14:00
191,RO/86,VY/86,RG/86,23:19:00,23:19:00
191,VY/86,RG/86,FJ/86,23:29:00,23:31:00
191,RG/86,FJ/86,SO/86,23:36:00,23:36:00
191,FJ/86,SO/86,SG/86,23:39:00,23:40:00
191,SO/86,SG/86,FO/86,23:48:00,23:50:00
191,SG/86,FO/86,KØ/86,23:54:00,23:54:00
191,FO/86,KØ/86,SPR/86,23:58:00,23:59:00
191,KØ/86,SPR/86,NG/86,24:05:00,24:05:00
191,SPR/86,NG/86,JU/86,24:10:00,24:12:00
191,NG/86,JU/86,LV/86,24:15:00,24:15:00
191,JU/86,LV/86,MV/86,24:20:00,24:21:00
191,LV/86,MV/86,OD/86,24:24:00,24:24:00
191,MV/86,OD/86,HP/86,24:28:00,24:31:00
191,OD/86,HP/86,MD/86,24:35:00,24:35:00
191,HP/86,MD/86,SNO/86,24:53:00,24:54:00
191,MD/86,SNO/86,FA/86,24:58:00,24:58:00
191,SNO/86,FA/86,BK/86,25:02:00,25:08:00
191,FA/86,BK/86,VJ/86,25:14:00,25:14:00
191,BK/86,VJ/86,HED/86,25:22:00,25:24:00
191,VJ/86,HED/86,HS/86,25:31:00,25:31:00
191,HED/86,HS/86,HÅ/86,25:38:00,25:40:00
191,HS/86,HÅ/86,SD/86,25:47:00,25:47:00
191,HÅ/86,SD/86,HX/86,25:54:00,25:55:00
191,SD/86,HX/86,AR/86,26:03:00,26:03:00
193,KH/86,VAL/86,HIF/86,23:53:00,23:55:00
193,VAL/86,HIF/86,HTÅ/86,23:58:00,23:58:00
193,HIF/86,HTÅ/86,HH/86,24:04:00,24:05:00
193,HTÅ/86,HH/86,RO/86,24:08:00,24:08:00
193,HH/86,RO/86,VY/86,24:12:00,24:14:00
193,RO/86,VY/86,RG/86,24:19:00,24:19:00
193,VY/86,RG/86,FJ/86,24:29:00,24:31:00
193,RG/86,FJ/86,SO/86,24:36:00,24:36:00
193,FJ/86,SO/86,SG/86,24:39:00,24:40:00
193,SO/86,SG/86,FO/86,24:48:00,24:50:00
193,SG/86,FO/86,KØ/86,24:54:00,24:54:00
193,FO/86,KØ/86,SPR/86,24:58:00,24:59:00
193,KØ/86,SPR/86,NG/86,25:05:00,25:05:00
193,SPR/86,NG/86,JU/86,25:10:00,25:12:00
193,NG/86,JU/86,LV/86,25:15:00,25:15:00
193,JU/86,LV/86,MV/86,25:20:00,25:21:00
193,LV/86,MV/86,OD/86,25:24:00,25:24:00
200,RO/86,TRK/86,HH/86,05:23:00,05:24:00
200,TRK/86,HH/86,HTÅ/86,05:26:00,05:26:00
200,HH/86,HTÅ/86,GL/86,05:29:00,05:31:00
200,HTÅ/86,GL/86,NEL/86,05:35:00,05:35:00
200,GL/86,NEL/86,KLV/86,05:40:00,05:42:00
200,NEL/86,KLV/86,ØRE/86,05:44:00,05:44:00
200,KLV/86,ØRE/86,TÅT/86,05:46:00,05:47:00
200,ØRE/86,TÅT/86,CPH/86,05:49:00,05:50:00
202,OD/86,MV/86,NG/86,05:12:00,05:12:00
202,MV/86,NG/86,SPR/86,05:22:00,05:24:00
202,NG/86,SPR/86,SG/86,05:29:00,05:29:00
202,SPR/86,SG/86,SO/86,05:42:00,05:44:00
202,SG/86,SO/86,FJ/86,05:51:00,05:53:00
202,SO/86,FJ/86,RG/86,05:57:00,05:57:00
202,FJ/86,RG/86,KY/86,06:02:00,06:04:00
202,RG/86,KY/86,RO/86,06:08:00,06:08:00
202,KY/86,RO/86,TRK/86,06:18:00,06:20:00
202,RO/86,TRK/86,HH/86,06:23:00,06:24:00
202,TRK/86,HH/86,HTÅ/86,06:26:00,06:26:00
202,HH/86,HTÅ/86,GL/86,06:29:00,06:31:00
202,HTÅ/86,GL/86,NEL/86,06:35:00,06:35:00
202,GL/86,NEL/86,KLV/86,06:40:00,06:42:00
202,NEL/86,KLV/86,ØRE/86,06:44:00,06:44:00
202,KLV/86,ØRE/86,TÅT/86,06:46:00,06:47:00
202,ØRE/86,TÅT/86,CPH/86,06:49:00,06:50:00
206,OD/86,MV/86,NG/86,06:14:00,06:14:00
206,MV/86,NG/86,SPR/86,06:22:00,06:24:00
206,NG/86,SPR/86,SG/86,06:29:00,06:29:00
206,SPR/86,SG/86,SO/86,06:42:00,06:44:00
206,SG/86,SO/86,FJ/86,06:51:00,06:53:00
206,SO/86,FJ/86,RG/86,06:57:00,06:57:00
206,FJ/86,RG/86,KY/86,07:02:00,07:04:00
206,RG/86,KY/86,RO/86,07:08:00,07:08:00
206,KY/86,RO/86,TRK/86,07:18:00,07:20:00
206,RO/86,TRK/86,HH/86,07:23:00,07:24:00
206,TRK/86,HH/86,HTÅ/86,07:26:00,07:26:00
206,HH/86,HTÅ/86,GL/86,07:29:00,07:31:00
206,HTÅ/86,GL/86,NEL/86,07:35:00,07:35:00
206,GL/86,NEL/86,KLV/86,07:40:00,07:42:00
206,NEL/86,KLV/86,ØRE/86,07:44:00,07:44:00
206,KLV/86,ØRE/86,TÅT/86,07:46:00,07:47:00
206,ØRE/86,TÅT/86,CPH/86,07:49:00,07:50:00
208,OD/86,MV/86,NG/86,07:14:00,07:14:00
208,MV/86,NG/86,SPR/86,07:22:00,07:24:00
208,NG/86,SPR/86,SG/86,07:29:00,07:29:00
208,SPR/86,SG/86,SO/86,07:42:00,07:44:00
208,SG/86,SO/86,FJ/86,07:51:00,07:53:00
208,SO/86,FJ/86,RG/86,07:57:00,07:57:00
208,FJ/86,RG/86,KY/86,08:02:00,08:04:00
208,RG/86,KY/86,RO/86,08:07:00,08:07:00
208,KY/86,RO/86,TRK/86,08:18:00,08:20:00
208,RO/86,TRK/86,HH/86,08:23:00,08:24:00
208,TRK/86,HH/86,HTÅ/86,08:26:00,08:26:00
208,HH/86,HTÅ/86,GL/86,08:29:00,08:31:00
208,HTÅ/86,GL/86,NEL/86,08:35:00,08:35:00
208,GL/86,NEL/86,KLV/86,08:40:00,08:42:00
208,NEL/86,KLV/86,ØRE/86,08:44:00,08:44:00
208,KLV/86,ØRE/86,TÅT/86,08:46:00,08:47:00
208,ØRE/86,TÅT/86,CPH/86,08:49:00,08:50:00
2085,HG/86,SQ/86,GÆ/86,21:01:00,21:02:00
2085,SQ/86,GÆ/86,HUM/86,21:04:00,21:05:00
2085,GÆ/86,HUM/86,NI/86,21:08:00,21:09:00
2085,HUM/86,NI/86,OK/86,21:12:00,21:13:00
2085,NI/86,OK/86,RU/86,21:17:00,21:18:00
2085,OK/86,RU/86,VB/86,21:20:00,21:21:00
2085,RU/86,VB/86,SÅ/86,21:24:00,21:25:00
2085,VB/86,SÅ/86,KL/86,21:28:00,21:29:00
2085,SÅ/86,KL/86,HL/86,21:33:00,21:34:00
2085,KL/86,HL/86,HGL/86,21:39:00,21:40:00
2085,HL/86,HGL/86,KK/86,21:42:00,21:42:00
2085,HGL/86,KK/86,KN/86,21:45:00,21:47:00
2085,KK/86,KN/86,KH/86,21:49:00,21:50:00
2089,HG/86,SQ/86,GÆ/86,22:01:00,22:02:00
2089,SQ/86,GÆ/86,HUM/86,22:04:00,22:05:00
2089,GÆ/86,HUM/86,NI/86,22:08:00,22:09:00
2089,HUM/86,NI/86,OK/86,22:12:00,22:13:00
2089,NI/86,OK/86,RU/86,22:17:00,22:18:00
2089,OK/86,RU/86,VB/86,22:20:00,22:21:00
2089,RU/86,VB/86,SÅ/86,22:24:00,22:25:00
2089,VB/86,SÅ/86,KL/86,22:28:00,22:29:00
2089,SÅ/86,KL/86,HL/86,22:33:00,22:34:00
2089,KL/86,HL/86,HGL/86,22:39:00,22:40:00
2089,HL/86,HGL/86,KK/86,22:42:00,22:42:00
2089,HGL/86,KK/86,KN/86,22:45:00,22:47:00
2089,KK/86,KN/86,KH/86,22:49:00,22:50:00
2093,HG/86,SQ/86,GÆ/86,23:01:00,23:02:00
2093,SQ/86,GÆ/86,HUM/86,23:04:00,23:05:00
2093,GÆ/86,HUM/86,NI/86,23:08:00,23:09:00
2093,HUM/86,NI/86,OK/86,23:12:00,23:13:00
2093,NI/86,OK/86,RU/86,23:17:00,23:18:00
2093,OK/86,RU/86,VB/86,23:20:00,23:21:00
2093,RU/86,VB/86,SÅ/86,23:24:00,23:25:00
2093,VB/86,SÅ/86,KL/86,23:28:00,23:29:00
2093,SÅ/86,KL/86,HL/86,23:33:00,23:34:00
2093,KL/86,HL/86,HGL/86,23:39:00,23:40:00
2093,HL/86,HGL/86,KK/86,23:42:00,23:42:00
2093,HGL/86,KK/86,KN/86,23:45:00,23:47:00
2093,KK/86,KN/86,KH/86,23:49:00,23:50:00
214,OD/86,MV/86,NG/86,08:14:00,08:14:00
214,MV/86,NG/86,SPR/86,08:23:00,08:25:00
214,NG/86,SPR/86,SG/86,08:30:00,08:30:00
214,SPR/86,SG/86,SO/86,08:42:00,08:44:00
214,SG/86,SO/86,FJ/86,08:51:00,08:53:00
214,SO/86,FJ/86,RG/86,08:57:00,08:57:00
214,FJ/86,RG/86,KY/86,09:02:00,09:04:00
214,RG/86,KY/86,RO/86,09:08:00,09:08:00
214,KY/86,RO/86,TRK/86,09:18:00,09:20:00
214,RO/86,TRK/86,HH/86,09:23:00,09:24:00
214,TRK/86,HH/86,HTÅ/86,09:26:00,09:26:00
214,HH/86,HTÅ/86,GL/86,09:29:00,09:31:00
214,HTÅ/86,GL/86,NEL/86,09:35:00,09:35:00
214,GL/86,NEL/86,KLV/86,09:40:00,09:42:00
214,NEL/86,KLV/86,ØRE/86,09:44:00,09:44:00
214,KLV/86,ØRE/86,TÅT/86,09:46:00,09:47:00
214,ØRE/86,TÅT/86,CPH/86,09:49:00,09:50:00
218,SG/86,SO/86,FJ/86,09:51:00,09:53:00
218,SO/86,FJ/86,RG/86,09:57:00,09:57:00
218,FJ/86,RG/86,KY/86,10:02:00,10:04:00
218,RG/86,KY/86,RO/86,10:08:00,10:08:00
218,KY/86,RO/86,TRK/86,10:18:00,10:20:00
218,RO/86,TRK/86,HH/86,10:23:00,10:24:00
218,TRK/86,HH/86,HTÅ/86,10:26:00,10:26:00
218,HH/86,HTÅ/86,GL/86,10:29:00,10:31:00
218,HTÅ/86,GL/86,NEL/86,10:35:00,10:35:00
218,GL/86,NEL/86,KLV/86,10:40:00,10:42:00
218,NEL/86,KLV/86,ØRE/86,10:44:00,10:44:00
218,KLV/86,ØRE/86,TÅT/86,10:46:00,10:47:00
218,ØRE/86,TÅT/86,CPH/86,10:49:00,10:50:00
22,AR/86,KGV/86,SD/86,08:23:00,08:23:00
22,KGV/86,SD/86,HÅ/86,08:32:00,08:34:00
22,SD/86,HÅ/86,HS/86,08:41:00,08:41:00
22,HÅ/86,HS/86,HED/86,08:47:00,08:49:00
22,HS/86,HED/86,VJ/86,08:57:00,08:57:00
22,HED/86,VJ/86,BET/86,09:04:00,09:06:00
22,VJ/86,BET/86,FA/86,09:11:00,09:11:00
22,BET/86,FA/86,SNO/86,09:21:00,09:27:00
22,FA/86,SNO/86,OD/86,09:29:00,09:29:00
22,SNO/86,OD/86,MV/86,09:54:00,09:57:00
22,OD/86,MV/86,KH/86,10:02:00,10:02:00
22,MV/86,KH/86,BAN/86,11:06:00,11:18:00
22,KH/86,BAN/86,CPH/86,11:21:00,11:21:00
2200,KH/86,KN/86,KK/86,05:09:00,05:10:00
2200,KN/86,KK/86,HGL/86,05:13:00,05:14:00
2200,KK/86,HGL/86,HL/86,05:16:00,05:16:00
2200,HGL/86,HL/86,KL/86,05:19:00,05:20:00
2200,HL/86,KL/86,SÅ/86,05:24:00,05:25:00
2200,KL/86,SÅ/86,VB/86,05:29:00,05:30:00
2200,SÅ/86,VB/86,RU/86,05:33:00,05:34:00
2200,VB/86,RU/86,OK/86,05:37:00,05:38:00
2200,RU/86,OK/86,NI/86,05:41:00,05:42:00
2200,OK/86,NI/86,HUM/86,05:45:00,05:46:00
2200,NI/86,HUM/86,GÆ/86,05:49:00,05:50:00
2200,HUM/86,GÆ/86,SQ/86,05:53:00,05:54:00
2200,GÆ/86,SQ/86,HG/86,05:57:00,05:58:00
2202,KH/86,KN/86,KK/86,06:09:00,06:10:00
2202,KN/86,KK/86,HGL/86,06:13:00,06:14:00
2202,KK/86,HGL/86,HL/86,06:16:00,06:16:00
2202,HGL/86,HL/86,KL/86,06:19:00,06:20:00
2202,HL/86,KL/86,SÅ/86,06:24:00,06:25:00
2202,KL/86,SÅ/86,VB/86,06:29:00,06:30:00
2202,SÅ/86,VB/86,RU/86,06:33:00,06:34:00
2202,VB/86,RU/86,OK/86,06:37:00,06:38:00
2202,RU/86,OK/86,NI/86,06:41:00,06:42:00
2202,OK/86,NI/86,HUM/86,06:45:00,06:46:00
2202,NI/86,HUM/86,GÆ/86,06:49:00,06:50:00
2202,HUM/86,GÆ/86,SQ/86,06:53:00,06:54:00
2202,GÆ/86,SQ/86,HG/86,06:57:00,06:58:00
2204,NÆ/86,GZ/86,RG/86,06:06:00,06:07:00
2204,GZ/86,RG/86,KY/86,06:13:00,06:14:00
2204,RG/86,KY/86,BO/86,06:18:00,06:18:00
2204,KY/86,BO/86,VY/86,06:22:00,06:23:00
2204,BO/86,VY/86,RO/86,06:28:00,06:29:00
2204,VY/86,RO/86,TRK/86,06:35:00,06:37:00
2204,RO/86,TRK/86,HH/86,06:39:00,06:40:00
2204,TRK/86,HH/86,HTÅ/86,06:43:00,06:44:00
2204,HH/86,HTÅ/86,GL/86,06:48:00,06:49:00
2204,HTÅ/86,GL/86,VAL/86,06:53:00,06:53:00
2204,GL/86,VAL/86,KH/86,06:57:00,06:58:00
2204,VAL/86,KH/86,KN/86,07:04:00,07:07:00
2204,KH/86,KN/86,KK/86,07:09:00,07:10:00
2204,KN/86,KK/86,HGL/86,07:13:00,07:14:00
2204,KK/86,HGL/86,HL/86,07:16:00,07:16:00
2204,HGL/86,HL/86,KL/86,07:19:00,07:20:00
2204,HL/86,KL/86,SÅ/86,07:24:00,07:25:00
2204,KL/86,SÅ/86,VB/86,07:29:00,07:30:00
2204,SÅ/86,VB/86,RU/86,07:33:00,07:34:00
2204,VB/86,RU/86,OK/86,07:37:00,07:38:00
2204,RU/86,OK/86,NI/86,07:41:00,07:42:00
2204,OK/86,NI/86,HUM/86,07:45:00,07:46:00
2204,NI/86,HUM/86,GÆ/86,07:49:00,07:50:00
2204,HUM/86,GÆ/86,SQ/86,07:53:00,07:54:00
2204,GÆ/86,SQ/86,HG/86,07:57:00,07:58:00
2208,NÆ/86,GZ/86,RG/86,07:06:00,07:07:00
2208,GZ/86,RG/86,KY/86,07:13:00,07:14:00
2208,RG/86,KY/86,BO/86,07:18:00,07:18:00
2208,KY/86,BO/86,VY/86,07:22:00,07:23:00
2208,BO/86,VY/86,RO/86,07:28:00,07:29:00
2208,VY/86,RO/86,TRK/86,07:35:00,07:37:00
2208,RO/86,TRK/86,HH/86,07:39:00,07:40:00
2208,TRK/86,HH/86,HTÅ/86,07:43:00,07:44:00
2208,HH/86,HTÅ/86,GL/86,07:48:00,07:49:00
2208,HTÅ/86,GL/86,VAL/86,07:53:00,07:53:00
2208,GL/86,VAL/86,KH/86,07:57:00,07:58:00
2208,VAL/86,KH/86,KN/86,08:04:00,08:07:00
2208,KH/86,KN/86,KK/86,08:09:00,08:10:00
2208,KN/86,KK/86,HGL/86,08:13:00,08:14:00
2208,KK/86,HGL/86,HL/86,08:16:00,08:16:00
2208,HGL/86,HL/86,KL/86,08:19:00,08:20:00
2208,HL/86,KL/86,SÅ/86,08:24:00,08:25:00
2208,KL/86,SÅ/86,VB/86,08:29:00,08:30:00
2208,SÅ/86,VB/86,RU/86,08:33:00,08:34:00
2208,VB/86,RU/86,OK/86,08:37:00,08:38:00
2208,RU/86,OK/86,NI/86,08:41:00,08:42:00
2208,OK/86,NI/86,HUM/86,08:45:00,08:46:00
2208,NI/86,HUM/86,GÆ/86,08:49:00,08:50:00
2208,HUM/86,GÆ/86,SQ/86,08:53:00,08:54:00
2208,GÆ/86,SQ/86,HG/86,08:57:00,08:58:00
2212,NÆ/86,GZ/86,RG/86,08:06:00,08:07:00
2212,GZ/86,RG/86,KY/86,08:13:00,08:14:00
2212,RG/86,KY/86,BO/86,08:18:00,08:18:00
2212,KY/86,BO/86,VY/86,08:22:00,08:23:00
2212,BO/86,VY/86,RO/86,08:28:00,08:29:00
2212,VY/86,RO/86,TRK/86,08:35:00,08:37:00
2212,RO/86,TRK/86,HH/86,08:39:00,08:40:00
2212,TRK/86,HH/86,HTÅ/86,08:43:00,08:44:00
2212,HH/86,HTÅ/86,GL/86,08:48:00,08:49:00
2212,HTÅ/86,GL/86,VAL/86,08:53:00,08:53:00
2212,GL/86,VAL/86,KH/86,08:57:00,08:58:00
2212,VAL/86,KH/86,KN/86,09:04:00,09:07:00
2212,KH/86,KN/86,KK/86,09:09:00,09:10:00
2212,KN/86,KK/86,HGL/86,09:13:00,09:14:00
2212,KK/86,HGL/86,HL/86,09:16:00,09:16:00
2212,HGL/86,HL/86,KL/86,09:19:00,09:20:00
2212,HL/86,KL/86,SÅ/86,09:24:00,09:25:00
2212,KL/86,SÅ/86,VB/86,09:29:00,09:30:00
2212,SÅ/86,VB/86,RU/86,09:33:00,09:34:00
2212,VB/86,RU/86,OK/86,09:37:00,09:38:00
2212,RU/86,OK/86,NI/86,09:41:00,09:42:00
2212,OK/86,NI/86,HUM/86,09:45:00,09:46:00
2212,NI/86,HUM/86,GÆ/86,09:49:00,09:50:00
2212,HUM/86,GÆ/86,SQ/86,09:53:00,09:54:00
2212,GÆ/86,SQ/86,HG/86,09:57:00,09:58:00
2216,NÆ/86,GZ/86,RG/86,09:06:00,09:07:00
2216,GZ/86,RG/86,KY/86,09:13:00,09:14:00
2216,RG/86,KY/86,BO/86,09:18:00,09:18:00
2216,KY/86,BO/86,VY/86,09:22:00,09:23:00
2216,BO/86,VY/86,RO/86,09:28:00,09:29:00
2216,VY/86,RO/86,TRK/86,09:35:00,09:37:00
2216,RO/86,TRK/86,HH/86,09:39:00,09:40:00
2216,TRK/86,HH/86,HTÅ/86,09:43:00,09:44:00
2216,HH/86,HTÅ/86,GL/86,09:48:00,09:49:00
2216,HTÅ/86,GL/86,VAL/86,09:53:00,09:53:00
2216,GL/86,VAL/86,KH/86,09:57:00,09:58:00
2216,VAL/86,KH/86,KN/86,10:04:00,10:07:00
2216,KH/86,KN/86,KK/86,10:09:00,10:10:00
2216,KN/86,KK/86,HGL/86,10:13:00,10:14:00
2216,KK/86,HGL/86,HL/86,10:16:00,10:16:00
2216,HGL/86,HL/86,KL/86,10:19:00,10:20:00
2216,HL/86,KL/86,SÅ/86,10:24:00,10:25:00
2216,KL/86,SÅ/86,VB/86,10:29:00,10:30:00
2216,SÅ/86,VB/86,RU/86,10:33:00,10:34:00
2216,VB/86,RU/86,OK/86,10:37:00,10:38:00
2216,RU/86,OK/86,NI/86,10:41:00,10:42:00
2216,OK/86,NI/86,HUM/86,10:45:00,10:46:00
2216,NI/86,HUM/86,GÆ/86,10:49:00,10:50:00
2216,HUM/86,GÆ/86,SQ/86,10:53:00,10:54:00
2216,GÆ/86,SQ/86,HG/86,10:57:00,10:58:00
2217,KH/86,VAL/86,HIF/86,05:00:00,05:01:00
2217,VAL/86,HIF/86,HTÅ/86,05:03:00,05:03:00
2217,HIF/86,HTÅ/86,HH/86,05:10:00,05:11:00
2217,HTÅ/86,HH/86,TRK/86,05:15:00,05:16:00
2217,HH/86,TRK/86,RO/86,05:19:00,05:20:00
2217,TRK/86,RO/86,VY/86,05:23:00,05:24:00
2217,RO/86,VY/86,BO/86,05:30:00,05:31:00
2217,VY/86,BO/86,KY/86,05:36:00,05:37:00
2217,BO/86,KY/86,RG/86,05:40:00,05:40:00
2217,KY/86,RG/86,GZ/86,05:45:00,05:46:00
2217,RG/86,GZ/86,NÆ/86,05:52:00,05:53:00
2219,HG/86,SQ/86,GÆ/86,05:01:00,05:02:00
2219,SQ/86,GÆ/86,HUM/86,05:04:00,05:05:00
2219,GÆ/86,HUM/86,NI/86,05:08:00,05:09:00
2219,HUM/86,NI/86,OK/86,05:12:00,05:13:00
2219,NI/86,OK/86,RU/86,05:17:00,05:18:00
2219,OK/86,RU/86,VB/86,05:20:00,05:21:00
2219,RU/86,VB/86,SÅ/86,05:24:00,05:25:00
2219,VB/86,SÅ/86,KL/86,05:28:00,05:29:00
2219,SÅ/86,KL/86,HL/86,05:33:00,05:34:00
2219,KL/86,HL/86,HGL/86,05:39:00,05:40:00
2219,HL/86,HGL/86,KK/86,05:42:00,05:42:00
2219,HGL/86,KK/86,KN/86,05:45:00,05:47:00
2219,KK/86,KN/86,KH/86,05:49:00,05:50:00
222,SG/86,SO/86,FJ/86,10:51:00,10:53:00
222,SO/86,FJ/86,RG/86,10:57:00,10:57:00
222,FJ/86,RG/86,KY/86,11:02:00,11:04:00
222,RG/86,KY/86,RO/86,11:08:00,11:08:00
222,KY/86,RO/86,TRK/86,11:18:00,11:20:00
222,RO/86,TRK/86,HH/86,11:23:00,11:24:00
222,TRK/86,HH/86,HTÅ/86,11:26:00,11:26:00
222,HH/86,HTÅ/86,GL/86,11:29:00,11:31:00
222,HTÅ/86,GL/86,NEL/86,11:35:00,11:35:00
222,GL/86,NEL/86,KLV/86,11:40:00,11:42:00
222,NEL/86,KLV/86,ØRE/86,11:44:00,11:44:00
222,KLV/86,ØRE/86,TÅT/86,11:46:00,11:47:00
222,ØRE/86,TÅT/86,CPH/86,11:49:00,11:50:00
2220,NÆ/86,GZ/86,RG/86,10:06:00,10:07:00
2220,GZ/86,RG/86,KY/86,10:13:00,10:14:00
2220,RG/86,KY/86,BO/86,10:18:00,10:18:00
2220,KY/86,BO/86,VY/86,10:22:00,10:23:00
2220,BO/86,VY/86,RO/86,10:28:00,10:29:00
2220,VY/86,RO/86,TRK/86,10:35:00,10:37:00
2220,RO/86,TRK/86,HH/86,10:39:00,10:40:00
2220,TRK/86,HH/86,HTÅ/86,10:43:00,10:44:00
2220,HH/86,HTÅ/86,GL/86,10:48:00,10:49:00
2220,HTÅ/86,GL/86,VAL/86,10:53:00,10:53:00
2220,GL/86,VAL/86,KH/86,10:57:00,10:58:00
2220,VAL/86,KH/86,KN/86,11:04:00,11:07:00
2220,KH/86,KN/86,KK/86,11:09:00,11:10:00
2220,KN/86,KK/86,HGL/86,11:13:00,11:14:00
2220,KK/86,HGL/86,HL/86,11:16:00,11:16:00
2220,HGL/86,HL/86,KL/86,11:19:00,11:20:00
2220,HL/86,KL/86,SÅ/86,11:24:00,11:25:00
2220,KL/86,SÅ/86,VB/86,11:29:00,11:30:00
2220,SÅ/86,VB/86,RU/86,11:33:00,11:34:00
2220,VB/86,RU/86,OK/86,11:37:00,11:38:00
2220,RU/86,OK/86,NI/86,11:41:00,11:42:00
2220,OK/86,NI/86,HUM/86,11:45:00,11:46:00
2220,NI/86,HUM/86,GÆ/86,11:49:00,11:50:00
2220,HUM/86,GÆ/86,SQ/86,11:53:00,11:54:00
2220,GÆ/86,SQ/86,HG/86,11:57:00,11:58:00
2221,KH/86,VAL/86,HIF/86,06:00:00,06:01:00
2221,VAL/86,HIF/86,HTÅ/86,06:03:00,06:03:00
2221,HIF/86,HTÅ/86,HH/86,06:10:00,06:11:00
2221,HTÅ/86,HH/86,TRK/86,06:15:00,06:16:00
2221,HH/86,TRK/86,RO/86,06:19:00,06:20:00
2221,TRK/86,RO/86,VY/86,06:23:00,06:24:00
2221,RO/86,VY/86,BO/86,06:30:00,06:31:00
2221,VY/86,BO/86,KY/86,06:36:00,06:37:00
2221,BO/86,KY/86,RG/86,06:40:00,06:40:00
2221,KY/86,RG/86,GZ/86,06:45:00,06:46:00
2221,RG/86,GZ/86,NÆ/86,06:52:00,06:53:00
2224,NÆ/86,GZ/86,RG/86,11:06:00,11:07:00
2224,GZ/86,RG/86,KY/86,11:13:00,11:14:00
2224,RG/86,KY/86,BO/86,11:18:00,11:18:00
2224,KY/86,BO/86,VY/86,11:22:00,11:23:00
2224,BO/86,VY/86,RO/86,11:28:00,11:29:00
2224,VY/86,RO/86,TRK/86,11:35:00,11:37:00
2224,RO/86,TRK/86,HH/86,11:39:00,11:40:00
2224,TRK/86,HH/86,HTÅ/86,11:43:00,11:44:00
2224,HH/86,HTÅ/86,GL/86,11:48:00,11:49:00
2224,HTÅ/86,GL/86,VAL/86,11:53:00,11:53:00
2224,GL/86,VAL/86,KH/86,11:57:00,11:58:00
2224,VAL/86,KH/86,KN/86,12:04:00,12:07:00
2224,KH/86,KN/86,KK/86,12:09:00,12:10:00
2224,KN/86,KK/86,HGL/86,12:13:00,12:14:00
2224,KK/86,HGL/86,HL/86,12:16:00,12:16:00
2224,HGL/86,HL/86,KL/86,12:19:00,12:20:00
2224,HL/86,KL/86,SÅ/86,12:24:00,12:25:00
2224,KL/86,SÅ/86,VB/86,12:29:00,12:30:00
2224,SÅ/86,VB/86,RU/86,12:33:00,12:34:00
2224,VB/86,RU/86,OK/86,12:37:00,12:38:00
2224,RU/86,OK/86,NI/86,12:41:00,12:42:00
2224,OK/86,NI/86,HUM/86,12:45:00,12:46:00
2224,NI/86,HUM/86,GÆ/86,12:49:00,12:50:00
2224,HUM/86,GÆ/86,SQ/86,12:53:00,12:54:00
2224,GÆ/86,SQ/86,HG/86,12:57:00,12:58:00
2225,HG/86,SQ/86,GÆ/86,06:01:00,06:02:00
2225,SQ/86,GÆ/86,HUM/86,06:04:00,06:05:00
2225,GÆ/86,HUM/86,NI/86,06:08:00,06:09:00
2225,HUM/86,NI/86,OK/86,06:12:00,06:13:00
2225,NI/86,OK/86,RU/86,06:17:00,06:18:00
2225,OK/86,RU/86,VB/86,06:20:00,06:21:00
2225,RU/86,VB/86,SÅ/86,06:24:00,06:25:00
2225,VB/86,SÅ/86,KL/86,06:28:00,06:29:00
2225,SÅ/86,KL/86,HL/86,06:33:00,06:34:00
2225,KL/86,HL/86,HGL/86,06:39:00,06:40:00
2225,HL/86,HGL/86,KK/86,06:42:00,06:42:00
2225,HGL/86,KK/86,KN/86,06:45:00,06:47:00
2225,KK/86,KN/86,KH/86,06:49:00,06:50:00
2225,KN/86,KH/86,VAL/86,06:53:00,06:56:00
2225,KH/86,VAL/86,HIF/86,07:00:00,07:01:00
2225,VAL/86,HIF/86,HTÅ/86,07:03:00,07:03:00
2225,HIF/86,HTÅ/86,HH/86,07:10:00,07:11:00
2225,HTÅ/86,HH/86,TRK/86,07:15:00,07:16:00
2225,HH/86,TRK/86,RO/86,07:19:00,07:20:00
2225,TRK/86,RO/86,VY/86,07:23:00,07:24:00
2225,RO/86,VY/86,BO/86,07:30:00,07:31:00
2225,VY/86,BO/86,KY/86,07:36:00,07:37:00
2225,BO/86,KY/86,RG/86,07:40:00,07:40:00
2225,KY/86,RG/86,GZ/86,07:45:00,07:46:00
2225,RG/86,GZ/86,NÆ/86,07:52:00,07:53:00
2228,NÆ/86,GZ/86,RG/86,12:06:00,12:07:00
2228,GZ/86,RG/86,KY/86,12:13:00,12:14:00
2228,RG/86,KY/86,BO/86,12:18:00,12:18:00
2228,KY/86,BO/86,VY/86,12:22:00,12:23:00
2228,BO/86,VY/86,RO/86,12:28:00,12:29:00
2228,VY/86,RO/86,TRK/86,12:35:00,12:37:00
2228,RO/86,TRK/86,HH/86,12:39:00,12:40:00
2228,TRK/86,HH/86,HTÅ/86,12:43:00,12:44:00
2228,HH/86,HTÅ/86,GL/86,12:48:00,12:49:00
2228,HTÅ/86,GL/86,VAL/86,12:53:00,12:53:00
2228,GL/86,VAL/86,KH/86,12:57:00,12:58:00
2228,VAL/86,KH/86,KN/86,13:04:00,13:07:00
2228,KH/86,KN/86,KK/86,13:09:00,13:10:00
2228,KN/86,KK/86,HGL/86,13:13:00,13:14:00
2228,KK/86,HGL/86,HL/86,13:16:00,13:16:00
2228,HGL/86,HL/86,KL/86,13:19:00,13:20:00
2228,HL/86,KL/86,SÅ/86,13:24:00,13:25:00
2228,KL/86,SÅ/86,VB/86,13:29:00,13:30:00
2228,SÅ/86,VB/86,RU/86,13:33:00,13:34:00
2228,VB/86,RU/86,OK/86,13:37:00,13:38:00
2228,RU/86,OK/86,NI/86,13:41:00,13:42:00
2228,OK/86,NI/86,HUM/86,13:45:00,13:46:00
2228,NI/86,HUM/86,GÆ/86,13:49:00,13:50:00
2228,HUM/86,GÆ/86,SQ/86,13:53:00,13:54:00
2228,GÆ/86,SQ/86,HG/86,13:57:00,13:58:00
2229,HG/86,SQ/86,GÆ/86,07:01:00,07:02:00
2229,SQ/86,GÆ/86,HUM/86,07:04:00,07:05:00
2229,GÆ/86,HUM/86,NI/86,07:08:00,07:09:00
2229,HUM/86,NI/86,OK/86,07:12:00,07:13:00
2229,NI/86,OK/86,RU/86,07:17:00,07:18:00
2229,OK/86,RU/86,VB/86,07:20:00,07:21:00
2229,RU/86,VB/86,SÅ/86,07:24:00,07:25:00
2229,VB/86,SÅ/86,KL/86,07:28:00,07:29:00
2229,SÅ/86,KL/86,HL/86,07:33:00,07:34:00
2229,KL/86,HL/86,HGL/86,07:39:00,07:40:00
2229,HL/86,HGL/86,KK/86,07:42:00,07:42:00
2229,HGL/86,KK/86,KN/86,07:45:00,07:47:00
2229,KK/86,KN/86,KH/86,07:49:00,07:50:00
2229,KN/86,KH/86,VAL/86,07:53:00,07:56:00
2229,KH/86,VAL/86,HIF/86,08:00:00,08:01:00
2229,VAL/86,HIF/86,HTÅ/86,08:03:00,08:03:00
2229,HIF/86,HTÅ/86,HH/86,08:10:00,08:11:00
2229,HTÅ/86,HH/86,TRK/86,08:15:00,08:16:00
2229,HH/86,TRK/86,RO/86,08:19:00,08:20:00
2229,TRK/86,RO/86,VY/86,08:23:00,08:24:00
2229,RO/86,VY/86,BO/86,08:30:00,08:31:00
2229,VY/86,BO/86,KY/86,08:36:00,08:37:00
2229,BO/86,KY/86,RG/86,08:40:00,08:40:00
2229,KY/86,RG/86,GZ/86,08:45:00,08:46:00
2229,RG/86,GZ/86,NÆ/86,08:52:00,08:53:00
223,CPH/86,TÅT/86,ØRE/86,06:07:00,06:08:00
223,TÅT/86,ØRE/86,KLV/86,06:10:00,06:11:00
223,ØRE/86,KLV/86,NEL/86,06:14:00,06:14:00
223,KLV/86,NEL/86,IG/86,06:16:00,06:18:00
223,NEL/86,IG/86,HTÅ/86,06:20:00,06:20:00
223,IG/86,HTÅ/86,HH/86,06:28:00,06:29:00
223,HTÅ/86,HH/86,TRK/86,06:32:00,06:32:00
223,HH/86,TRK/86,RO/86,06:35:00,06:36:00
223,TRK/86,RO/86,VY/86,06:39:00,06:41:00
223,RO/86,VY/86,RG/86,06:46:00,06:46:00
223,VY/86,RG/86,FJ/86,06:56:00,06:58:00
223,RG/86,FJ/86,SO/86,07:03:00,07:03:00
223,FJ/86,SO/86,SG/86,07:06:00,07:07:00
223,SO/86,SG/86,FO/86,07:15:00,07:17:00
223,SG/86,FO/86,NG/86,07:20:00,07:20:00
223,FO/86,NG/86,JU/86,07:33:00,07:35:00
223,NG/86,JU/86,OD/86,07:38:00,07:38:00
2232,NÆ/86,GZ/86,RG/86,13:06:00,13:07:00
2232,GZ/86,RG/86,KY/86,13:13:00,13:14:00
2232,RG/86,KY/86,BO/86,13:18:00,13:18:00
2232,KY/86,BO/86,VY/86,13:22:00,13:23:00
2232,BO/86,VY/86,RO/86,13:28:00,13:29:00
2232,VY/86,RO/86,TRK/86,13:35:00,13:37:00
2232,RO/86,TRK/86,HH/86,13:39:00,13:40:00
2232,TRK/86,HH/86,HTÅ/86,13:43:00,13:44:00
2232,HH/86,HTÅ/86,GL/86,13:48:00,13:49:00
2232,HTÅ/86,GL/86,VAL/86,13:53:00,13:53:00
2232,GL/86,VAL/86,KH/86,13:57:00,13:58:00
2232,VAL/86,KH/86,KN/86,14:04:00,14:07:00
2232,KH/86,KN/86,KK/86,14:09:00,14:10:00
2232,KN/86,KK/86,HGL/86,14:13:00,14:14:00
2232,KK/86,HGL/86,HL/86,14:16:00,14:16:00
2232,HGL/86,HL/86,KL/86,14:19:00,14:20:00
2232,HL/86,KL/86,SÅ/86,14:24:00,14:25:00
2232,KL/86,SÅ/86,VB/86,14:29:00,14:30:00
2232,SÅ/86,VB/86,RU/86,14:33:00,14:34:00
2232,VB/86,RU/86,OK/86,14:37:00,14:38:00
2232,RU/86,OK/86,NI/86,14:41:00,14:42:00
2232,OK/86,NI/86,HUM/86,14:45:00,14:46:00
2232,NI/86,HUM/86,GÆ/86,14:49:00,14:50:00
2232,HUM/86,GÆ/86,SQ/86,14:53:00,14:54:00
2232,GÆ/86,SQ/86,HG/86,14:57:00,14:58:00
2233,HG/86,SQ/86,GÆ/86,08:01:00,08:02:00
2233,SQ/86,GÆ/86,HUM/86,08:04:00,08:05:00
2233,GÆ/86,HUM/86,NI/86,08:08:00,08:09:00
2233,HUM/86,NI/86,OK/86,08:12:00,08:13:00
2233,NI/86,OK/86,RU/86,08:17:00,08:18:00
2233,OK/86,RU/86,VB/86,08:20:00,08:21:00
2233,RU/86,VB/86,SÅ/86,08:24:00,08:25:00
2233,VB/86,SÅ/86,KL/86,08:28:00,08:29:00
2233,SÅ/86,KL/86,HL/86,08:33:00,08:34:00
2233,KL/86,HL/86,HGL/86,08:39:00,08:40:00
2233,HL/86,HGL/86,KK/86,08:42:00,08:42:00
2233,HGL/86,KK/86,KN/86,08:45:00,08:47:00
2233,KK/86,KN/86,KH/86,08:49:00,08:50:00
2233,KN/86,KH/86,VAL/86,08:53:00,08:56:00
2233,KH/86,VAL/86,HIF/86,09:00:00,09:01:00
2233,VAL/86,HIF/86,HTÅ/86,09:03:00,09:03:00
2233,HIF/86,HTÅ/86,HH/86,09:10:00,09:11:00
2233,HTÅ/86,HH/86,TRK/86,09:15:00,09:16:00
2233,HH/86,TRK/86,RO/86,09:19:00,09:20:00
2233,TRK/86,RO/86,VY/86,09:23:00,09:24:00
2233,RO/86,VY/86,BO/86,09:30:00,09:31:00
2233,VY/86,BO/86,KY/86,09:36:00,09:37:00
2233,BO/86,KY/86,RG/86,09:40:00,09:40:00
2233,KY/86,RG/86,GZ/86,09:45:00,09:46:00
2233,RG/86,GZ/86,NÆ/86,09:52:00,09:53:00
2236,NÆ/86,GZ/86,RG/86,14:06:00,14:07:00
2236,GZ/86,RG/86,KY/86,14:13:00,14:14:00
2236,RG/86,KY/86,BO/86,14:18:00,14:18:00
2236,KY/86,BO/86,VY/86,14:22:00,14:23:00
2236,BO/86,VY/86,RO/86,14:28:00,14:29:00
2236,VY/86,RO/86,TRK/86,14:35:00,14:37:00
2236,RO/86,TRK/86,HH/86,14:39:00,14:40:00
2236,TRK/86,HH/86,HTÅ/86,14:43:00,14:44:00
2236,HH/86,HTÅ/86,GL/86,14:48:00,14:49:00
2236,HTÅ/86,GL/86,VAL/86,14:53:00,14:53:00
2236,GL/86,VAL/86,KH/86,14:57:00,14:58:00
2236,VAL/86,KH/86,KN/86,15:04:00,15:07:00
2236,KH/86,KN/86,KK/86,15:09:00,15:10:00
2236,KN/86,KK/86,HGL/86,15:13:00,15:14:00
2236,KK/86,HGL/86,HL/86,15:16:00,15:16:00
2236,HGL/86,HL/86,KL/86,15:19:00,15:20:00
2236,HL/86,KL/86,SÅ/86,15:24:00,15:25:00
2236,KL/86,SÅ/86,VB/86,15:29:00,15:30:00
2236,SÅ/86,VB/86,RU/86,15:33:00,15:34:00
2236,VB/86,RU/86,OK/86,15:37:00,15:38:00
2236,RU/86,OK/86,NI/86,15:41:00,15:42:00
2236,OK/86,NI/86,HUM/86,15:45:00,15:46:00
2236,NI/86,HUM/86,GÆ/86,15:49:00,15:50:00
2236,HUM/86,GÆ/86,SQ/86,15:53:00,15:54:00
2236,GÆ/86,SQ/86,HG/86,15:57:00,15:58:00
2237,HG/86,SQ/86,GÆ/86,09:01:00,09:02:00
2237,SQ/86,GÆ/86,HUM/86,09:04:00,09:05:00
2237,GÆ/86,HUM/86,NI/86,09:08:00,09:09:00
2237,HUM/86,NI/86,OK/86,09:12:00,09:13:00
2237,NI/86,OK/86,RU/86,09:17:00,09:18:00
2237,OK/86,RU/86,VB/86,09:20:00,09:21:00
2237,RU/86,VB/86,SÅ/86,09:24:00,09:25:00
2237,VB/86,SÅ/86,KL/86,09:28:00,09:29:00
2237,SÅ/86,KL/86,HL/86,09:33:00,09:34:00
2237,KL/86,HL/86,HGL/86,09:39:00,09:40:00
2237,HL/86,HGL/86,KK/86,09:42:00,09:42:00
2237,HGL/86,KK/86,KN/86,09:45:00,09:47:00
2237,KK/86,KN/86,KH/86,09:49:00,09:50:00
2237,KN/86,KH/86,VAL/86,09:53:00,09:56:00
2237,KH/86,VAL/86,HIF/86,10:00:00,10:01:00
2237,VAL/86,HIF/86,HTÅ/86,10:03:00,10:03:00
2237,HIF/86,HTÅ/86,HH/86,10:10:00,10:11:00
2237,HTÅ/86,HH/86,TRK/86,10:15:00,10:16:00
2237,HH/86,TRK/86,RO/86,10:19:00,10:20:00
2237,TRK/86,RO/86,VY/86,10:23:00,10:24:00
2237,RO/86,VY/86,BO/86,10:30:00,10:31:00
2237,VY/86,BO/86,KY/86,10:36:00,10:37:00
2237,BO/86,KY/86,RG/86,10:40:00,10:40:00
2237,KY/86,RG/86,GZ/86,10:45:00,10:46:00
2237,RG/86,GZ/86,NÆ/86,10:52:00,10:53:00
2240,NÆ/86,GZ/86,RG/86,15:06:00,15:07:00
2240,GZ/86,RG/86,KY/86,15:13:00,15:14:00
2240,RG/86,KY/86,BO/86,15:18:00,15:18:00
2240,KY/86,BO/86,VY/86,15:22:00,15:23:00
2240,BO/86,VY/86,RO/86,15:28:00,15:29:00
2240,VY/86,RO/86,TRK/86,15:35:00,15:37:00
2240,RO/86,TRK/86,HH/86,15:39:00,15:40:00
2240,TRK/86,HH/86,HTÅ/86,15:43:00,15:44:00
2240,HH/86,HTÅ/86,GL/86,15:48:00,15:49:00
2240,HTÅ/86,GL/86,VAL/86,15:53:00,15:53:00
2240,GL/86,VAL/86,KH/86,15:57:00,15:58:00
2240,VAL/86,KH/86,KN/86,16:04:00,16:07:00
2240,KH/86,KN/86,KK/86,16:09:00,16:10:00
2240,KN/86,KK/86,HGL/86,16:13:00,16:14:00
2240,KK/86,HGL/86,HL/86,16:16:00,16:16:00
2240,HGL/86,HL/86,KL/86,16:19:00,16:20:00
2240,HL/86,KL/86,SÅ/86,16:24:00,16:25:00
2240,KL/86,SÅ/86,VB/86,16:29:00,16:30:00
2240,SÅ/86,VB/86,RU/86,16:33:00,16:34:00
2240,VB/86,RU/86,OK/86,16:37:00,16:38:00
2240,RU/86,OK/86,NI/86,16:41:00,16:42:00
2240,OK/86,NI/86,HUM/86,16:45:00,16:46:00
2240,NI/86,HUM/86,GÆ/86,16:49:00,16:50:00
2240,HUM/86,GÆ/86,SQ/86,16:53:00,16:54:00
2240,GÆ/86,SQ/86,HG/86,16:57:00,16:58:00
2241,HG/86,SQ/86,GÆ/86,10:01:00,10:02:00
2241,SQ/86,GÆ/86,HUM/86,10:04:00,10:05:00
2241,GÆ/86,HUM/86,NI/86,10:08:00,10:09:00
2241,HUM/86,NI/86,OK/86,10:12:00,10:13:00
2241,NI/86,OK/86,RU/86,10:17:00,10:18:00
2241,OK/86,RU/86,VB/86,10:20:00,10:21:00
2241,RU/86,VB/86,SÅ/86,10:24:00,10:25:00
2241,VB/86,SÅ/86,KL/86,10:28:00,10:29:00
2241,SÅ/86,KL/86,HL/86,10:33:00,10:34:00
2241,KL/86,HL/86,HGL/86,10:39:00,10:40:00
2241,HL/86,HGL/86,KK/86,10:42:00,10:42:00
2241,HGL/86,KK/86,KN/86,10:45:00,10:47:00
2241,KK/86,KN/86,KH/86,10:49:00,10:50:00
2241,KN/86,KH/86,VAL/86,10:53:00,10:56:00
2241,KH/86,VAL/86,HIF/86,11:00:00,11:01:00
2241,VAL/86,HIF/86,HTÅ/86,11:03:00,11:03:00
2241,HIF/86,HTÅ/86,HH/86,11:10:00,11:11:00
2241,HTÅ/86,HH/86,TRK/86,11:15:00,11:16:00
2241,HH/86,TRK/86,RO/86,11:19:00,11:20:00
2241,TRK/86,RO/86,VY/86,11:23:00,11:24:00
2241,RO/86,VY/86,BO/86,11:30:00,11:31:00
2241,VY/86,BO/86,KY/86,11:36:00,11:37:00
2241,BO/86,KY/86,RG/86,11:40:00,11:40:00
2241,KY/86,RG/86,GZ/86,11:45:00,11:46:00
2241,RG/86,GZ/86,NÆ/86,11:52:00,11:53:00
2244,NÆ/86,GZ/86,RG/86,16:06:00,16:07:00
2244,GZ/86,RG/86,KY/86,16:13:00,16:14:00
2244,RG/86,KY/86,BO/86,16:18:00,16:18:00
2244,KY/86,BO/86,VY/86,16:22:00,16:23:00
2244,BO/86,VY/86,RO/86,16:28:00,16:29:00
2244,VY/86,RO/86,TRK/86,16:35:00,16:37:00
2244,RO/86,TRK/86,HH/86,16:39:00,16:40:00
2244,TRK/86,HH/86,HTÅ/86,16:43:00,16:44:00
2244,HH/86,HTÅ/86,GL/86,16:48:00,16:49:00
2244,HTÅ/86,GL/86,VAL/86,16:53:00,16:53:00
2244,GL/86,VAL/86,KH/86,16:57:00,16:58:00
2244,VAL/86,KH/86,KN/86,17:04:00,17:07:00
2244,KH/86,KN/86,KK/86,17:09:00,17:10:00
2244,KN/86,KK/86,HGL/86,17:13:00,17:14:00
2244,KK/86,HGL/86,HL/86,17:16:00,17:16:00
2244,HGL/86,HL/86,KL/86,17:19:00,17:20:00
2244,HL/86,KL/86,SÅ/86,17:24:00,17:25:00
2244,KL/86,SÅ/86,VB/86,17:29:00,17:30:00
2244,SÅ/86,VB/86,RU/86,17:33:00,17:34:00
2244,VB/86,RU/86,OK/86,17:37:00,17:38:00
2244,RU/86,OK/86,NI/86,17:41:00,17:42:00
2244,OK/86,NI/86,HUM/86,17:45:00,17:46:00
2244,NI/86,HUM/86,GÆ/86,17:49:00,17:50:00
2244,HUM/86,GÆ/86,SQ/86,17:53:00,17:54:00
2244,GÆ/86,SQ/86,HG/86,17:57:00,17:58:00
2245,HG/86,SQ/86,GÆ/86,11:01:00,11:02:00
2245,SQ/86,GÆ/86,HUM/86,11:04:00,11:05:00
2245,GÆ/86,HUM/86,NI/86,11:08:00,11:09:00
2245,HUM/86,NI/86,OK/86,11:12:00,11:13:00
2245,NI/86,OK/86,RU/86,11:17:00,11:18:00
2245,OK/86,RU/86,VB/86,11:20:00,11:21:00
2245,RU/86,VB/86,SÅ/86,11:24:00,11:25:00
2245,VB/86,SÅ/86,KL/86,11:28:00,11:29:00
2245,SÅ/86,KL/86,HL/86,11:33:00,11:34:00
2245,KL/86,HL/86,HGL/86,11:39:00,11:40:00
2245,HL/86,HGL/86,KK/86,11:42:00,11:42:00
2245,HGL/86,KK/86,KN/86,11:45:00,11:47:00
2245,KK/86,KN/86,KH/86,11:49:00,11:50:00
2245,KN/86,KH/86,VAL/86,11:53:00,11:56:00
2245,KH/86,VAL/86,HIF/86,12:00:00,12:01:00
2245,VAL/86,HIF/86,HTÅ/86,12:03:00,12:03:00
2245,HIF/86,HTÅ/86,HH/86,12:10:00,12:11:00
2245,HTÅ/86,HH/86,TRK/86,12:15:00,12:16:00
2245,HH/86,TRK/86,RO/86,12:19:00,12:20:00
2245,TRK/86,RO/86,VY/86,12:23:00,12:24:00
2245,RO/86,VY/86,BO/86,12:30:00,12:31:00
2245,VY/86,BO/86,KY/86,12:36:00,12:37:00
2245,BO/86,KY/86,RG/86,12:40:00,12:40:00
2245,KY/86,RG/86,GZ/86,12:45:00,12:46:00
2245,RG/86,GZ/86,NÆ/86,12:52:00,12:53:00
2248,NÆ/86,GZ/86,RG/86,17:06:00,17:07:00
2248,GZ/86,RG/86,KY/86,17:13:00,17:14:00
2248,RG/86,KY/86,BO/86,17:18:00,17:18:00
2248,KY/86,BO/86,VY/86,17:22:00,17:23:00
2248,BO/86,VY/86,RO/86,17:28:00,17:29:00
2248,VY/86,RO/86,TRK/86,17:35:00,17:37:00
2248,RO/86,TRK/86,HH/86,17:39:00,17:40:00
2248,TRK/86,HH/86,HTÅ/86,17:43:00,17:44:00
2248,HH/86,HTÅ/86,GL/86,17:48:00,17:49:00
2248,HTÅ/86,GL/86,VAL/86,17:53:00,17:53:00
2248,GL/86,VAL/86,KH/86,17:57:00,17:58:00
2248,VAL/86,KH/86,KN/86,18:04:00,18:07:00
2248,KH/86,KN/86,KK/86,18:09:00,18:10:00
2248,KN/86,KK/86,HGL/86,18:13:00,18:14:00
2248,KK/86,HGL/86,HL/86,18:16:00,18:16:00
2248,HGL/86,HL/86,KL/86,18:19:00,18:20:00
2248,HL/86,KL/86,SÅ/86,18:24:00,18:25:00
2248,KL/86,SÅ/86,VB/86,18:29:00,18:30:00
2248,SÅ/86,VB/86,RU/86,18:33:00,18:34:00
2248,VB/86,RU/86,OK/86,18:37:00,18:38:00
2248,RU/86,OK/86,NI/86,18:41:00,18:42:00
2248,OK/86,NI/86,HUM/86,18:45:00,18:46:00
2248,NI/86,HUM/86,GÆ/86,18:49:00,18:50:00
2248,HUM/86,GÆ/86,SQ/86,18:53:00,18:54:00
2248,GÆ/86,SQ/86,HG/86,18:57:00,18:58:00
2249,HG/86,SQ/86,GÆ/86,12:01:00,12:02:00
2249,SQ/86,GÆ/86,HUM/86,12:04:00,12:05:00
2249,GÆ/86,HUM/86,NI/86,12:08:00,12:09:00
2249,HUM/86,NI/86,OK/86,12:12:00,12:13:00
2249,NI/86,OK/86,RU/86,12:17:00,12:18:00
2249,OK/86,RU/86,VB/86,12:20:00,12:21:00
2249,RU/86,VB/86,SÅ/86,12:24:00,12:25:00
2249,VB/86,SÅ/86,KL/86,12:28:00,12:29:00
2249,SÅ/86,KL/86,HL/86,12:33:00,12:34:00
2249,KL/86,HL/86,HGL/86,12:39:00,12:40:00
2249,HL/86,HGL/86,KK/86,12:42:00,12:42:00
2249,HGL/86,KK/86,KN/86,12:45:00,12:47:00
2249,KK/86,KN/86,KH/86,12:49:00,12:50:00
2249,KN/86,KH/86,VAL/86,12:53:00,12:56:00
2249,KH/86,VAL/86,HIF/86,13:00:00,13:01:00
2249,VAL/86,HIF/86,HTÅ/86,13:03:00,13:03:00
2249,HIF/86,HTÅ/86,HH/86,13:10:00,13:11:00
2249,HTÅ/86,HH/86,TRK/86,13:15:00,13:16:00
2249,HH/86,TRK/86,RO/86,13:19:00,13:20:00
2249,TRK/86,RO/86,VY/86,13:23:00,13:24:00
2249,RO/86,VY/86,BO/86,13:30:00,13:31:00
2249,VY/86,BO/86,KY/86,13:36:00,13:37:00
2249,BO/86,KY/86,RG/86,13:40:00,13:40:00
2249,KY/86,RG/86,GZ/86,13:45:00,13:46:00
2249,RG/86,GZ/86,NÆ/86,13:52:00,13:53:00
2252,NÆ/86,GZ/86,RG/86,18:06:00,18:07:00
2252,GZ/86,RG/86,KY/86,18:13:00,18:14:00
2252,RG/86,KY/86,BO/86,18:18:00,18:18:00
2252,KY/86,BO/86,VY/86,18:22:00,18:23:00
2252,BO/86,VY/86,RO/86,18:28:00,18:29:00
2252,VY/86,RO/86,TRK/86,18:35:00,18:37:00
2252,RO/86,TRK/86,HH/86,18:39:00,18:40:00
2252,TRK/86,HH/86,HTÅ/86,18:43:00,18:44:00
2252,HH/86,HTÅ/86,GL/86,18:48:00,18:49:00
2252,HTÅ/86,GL/86,VAL/86,18:53:00,18:53:00
2252,GL/86,VAL/86,KH/86,18:57:00,18:58:00
2252,VAL/86,KH/86,KN/86,19:04:00,19:07:00
2252,KH/86,KN/86,KK/86,19:09:00,19:10:00
2252,KN/86,KK/86,HGL/86,19:13:00,19:14:00
2252,KK/86,HGL/86,HL/86,19:16:00,19:16:00
2252,HGL/86,HL/86,KL/86,19:19:00,19:20:00
2252,HL/86,KL/86,SÅ/86,19:24:00,19:25:00
2252,KL/86,SÅ/86,VB/86,19:29:00,19:30:00
2252,SÅ/86,VB/86,RU/86,19:33:00,19:34:00
2252,VB/86,RU/86,OK/86,19:37:00,19:38:00
2252,RU/86,OK/86,NI/86,19:41:00,19:42:00
2252,OK/86,NI/86,HUM/86,19:45:00,19:46:00
2252,NI/86,HUM/86,GÆ/86,19:49:00,19:50:00
2252,HUM/86,GÆ/86,SQ/86,19:53:00,19:54:00
2252,GÆ/86,SQ/86,HG/86,19:57:00,19:58:00
2253,HG/86,SQ/86,GÆ/86,13:01:00,13:02:00
2253,SQ/86,GÆ/86,HUM/86,13:04:00,13:05:00
2253,GÆ/86,HUM/86,NI/86,13:08:00,13:09:00
2253,HUM/86,NI/86,OK/86,13:12:00,13:13:00
2253,NI/86,OK/86,RU/86,13:17:00,13:18:00
2253,OK/86,RU/86,VB/86,13:20:00,13:21:00
2253,RU/86,VB/86,SÅ/86,13:24:00,13:25:00
2253,VB/86,SÅ/86,KL/86,13:28:00,13:29:00
2253,SÅ/86,KL/86,HL/86,13:33:00,13:34:00
2253,KL/86,HL/86,HGL/86,13:39:00,13:40:00
2253,HL/86,HGL/86,KK/86,13:42:00,13:42:00
2253,HGL/86,KK/86,KN/86,13:45:00,13:47:00
2253,KK/86,KN/86,KH/86,13:49:00,13:50:00
2253,KN/86,KH/86,VAL/86,13:53:00,13:56:00
2253,KH/86,VAL/86,HIF/86,14:00:00,14:01:00
2253,VAL/86,HIF/86,HTÅ/86,14:03:00,14:03:00
2253,HIF/86,HTÅ/86,HH/86,14:10:00,14:11:00
2253,HTÅ/86,HH/86,TRK/86,14:15:00,14:16:00
2253,HH/86,TRK/86,RO/86,14:19:00,14:20:00
2253,TRK/86,RO/86,VY/86,14:23:00,14:24:00
2253,RO/86,VY/86,BO/86,14:30:00,14:31:00
2253,VY/86,BO/86,KY/86,14:36:00,14:37:00
2253,BO/86,KY/86,RG/86,14:40:00,14:40:00
2253,KY/86,RG/86,GZ/86,14:45:00,14:46:00
2253,RG/86,GZ/86,NÆ/86,14:52:00,14:53:00
2256,NÆ/86,GZ/86,RG/86,19:06:00,19:07:00
2256,GZ/86,RG/86,KY/86,19:13:00,19:14:00
2256,RG/86,KY/86,BO/86,19:18:00,19:18:00
2256,KY/86,BO/86,VY/86,19:22:00,19:23:00
2256,BO/86,VY/86,RO/86,19:28:00,19:29:00
2256,VY/86,RO/86,TRK/86,19:35:00,19:37:00
2256,RO/86,TRK/86,HH/86,19:39:00,19:40:00
2256,TRK/86,HH/86,HTÅ/86,19:43:00,19:44:00
2256,HH/86,HTÅ/86,GL/86,19:48:00,19:49:00
2256,HTÅ/86,GL/86,VAL/86,19:53:00,19:53:00
2256,GL/86,VAL/86,KH/86,19:57:00,19:58:00
2256,VAL/86,KH/86,KN/86,20:04:00,20:07:00
2256,KH/86,KN/86,KK/86,20:09:00,20:10:00
2256,KN/86,KK/86,HGL/86,20:13:00,20:14:00
2256,KK/86,HGL/86,HL/86,20:16:00,20:16:00
2256,HGL/86,HL/86,KL/86,20:19:00,20:20:00
2256,HL/86,KL/86,SÅ/86,20:24:00,20:25:00
2256,KL/86,SÅ/86,VB/86,20:29:00,20:30:00
2256,SÅ/86,VB/86,RU/86,20:33:00,20:34:00
2256,VB/86,RU/86,OK/86,20:37:00,20:38:00
2256,RU/86,OK/86,NI/86,20:41:00,20:42:00
2256,OK/86,NI/86,HUM/86,20:45:00,20:46:00
2256,NI/86,HUM/86,GÆ/86,20:49:00,20:50:00
2256,HUM/86,GÆ/86,SQ/86,20:53:00,20:54:00
2256,GÆ/86,SQ/86,HG/86,20:57:00,20:58:00
2257,HG/86,SQ/86,GÆ/86,14:01:00,14:02:00
2257,SQ/86,GÆ/86,HUM/86,14:04:00,14:05:00
2257,GÆ/86,HUM/86,NI/86,14:08:00,14:09:00
2257,HUM/86,NI/86,OK/86,14:12:00,14:13:00
2257,NI/86,OK/86,RU/86,14:17:00,14:18:00
2257,OK/86,RU/86,VB/86,14:20:00,14:21:00
2257,RU/86,VB/86,SÅ/86,14:24:00,14:25:00
2257,VB/86,SÅ/86,KL/86,14:28:00,14:29:00
2257,SÅ/86,KL/86,HL/86,14:33:00,14:34:00
2257,KL/86,HL/86,HGL/86,14:39:00,14:40:00
2257,HL/86,HGL/86,KK/86,14:42:00,14:42:00
2257,HGL/86,KK/86,KN/86,14:45:00,14:47:00
2257,KK/86,KN/86,KH/86,14:49:00,14:50:00
2257,KN/86,KH/86,VAL/86,14:53:00,14:56:00
2257,KH/86,VAL/86,HIF/86,15:00:00,15:01:00
2257,VAL/86,HIF/86,HTÅ/86,15:03:00,15:03:00
2257,HIF/86,HTÅ/86,HH/86,15:10:00,15:11:00
2257,HTÅ/86,HH/86,TRK/86,15:15:00,15:16:00
2257,HH/86,TRK/86,RO/86,15:19:00,15:20:00
2257,TRK/86,RO/86,VY/86,15:23:00,15:24:00
2257,RO/86,VY/86,BO/86,15:30:00,15:31:00
2257,VY/86,BO/86,KY/86,15:36:00,15:37:00
2257,BO/86,KY/86,RG/86,15:40:00,15:40:00
2257,KY/86,RG/86,GZ/86,15:45:00,15:46:00
2257,RG/86,GZ/86,NÆ/86,15:52:00,15:53:00
226,SG/86,SO/86,FJ/86,11:51:00,11:53:00
226,SO/86,FJ/86,RG/86,11:57:00,11:57:00
226,FJ/86,RG/86,KY/86,12:02:00,12:04:00
226,RG/86,KY/86,RO/86,12:08:00,12:08:00
226,KY/86,RO/86,TRK/86,12:18:00,12:20:00
226,RO/86,TRK/86,HH/86,12:23:00,12:24:00
226,TRK/86,HH/86,HTÅ/86,12:26:00,12:26:00
226,HH/86,HTÅ/86,GL/86,12:29:00,12:31:00
226,HTÅ/86,GL/86,NEL/86,12:35:00,12:35:00
226,GL/86,NEL/86,KLV/86,12:40:00,12:42:00
226,NEL/86,KLV/86,ØRE/86,12:44:00,12:44:00
226,KLV/86,ØRE/86,TÅT/86,12:46:00,12:47:00
226,ØRE/86,TÅT/86,CPH/86,12:49:00,12:50:00
2260,NÆ/86,GZ/86,RG/86,20:06:00,20:07:00
2260,GZ/86,RG/86,KY/86,20:13:00,20:14:00
2260,RG/86,KY/86,BO/86,20:18:00,20:18:00
2260,KY/86,BO/86,VY/86,20:22:00,20:23:00
2260,BO/86,VY/86,RO/86,20:28:00,20:29:00
2260,VY/86,RO/86,TRK/86,20:35:00,20:37:00
2260,RO/86,TRK/86,HH/86,20:39:00,20:40:00
2260,TRK/86,HH/86,HTÅ/86,20:43:00,20:44:00
2260,HH/86,HTÅ/86,GL/86,20:48:00,20:49:00
2260,HTÅ/86,GL/86,VAL/86,20:53:00,20:53:00
2260,GL/86,VAL/86,KH/86,20:57:00,20:58:00
2260,VAL/86,KH/86,KN/86,21:04:00,21:07:00
2260,KH/86,KN/86,KK/86,21:09:00,21:10:00
2260,KN/86,KK/86,HGL/86,21:13:00,21:14:00
2260,KK/86,HGL/86,HL/86,21:16:00,21:16:00
2260,HGL/86,HL/86,KL/86,21:19:00,21:20:00
2260,HL/86,KL/86,SÅ/86,21:24:00,21:25:00
2260,KL/86,SÅ/86,VB/86,21:29:00,21:30:00
2260,SÅ/86,VB/86,RU/86,21:33:00,21:34:00
2260,VB/86,RU/86,OK/86,21:37:00,21:38:00
2260,RU/86,OK/86,NI/86,21:41:00,21:42:00
2260,OK/86,NI/86,HUM/86,21:45:00,21:46:00
2260,NI/86,HUM/86,GÆ/86,21:49:00,21:50:00
2260,HUM/86,GÆ/86,SQ/86,21:53:00,21:54:00
2260,GÆ/86,SQ/86,HG/86,21:57:00,21:58:00
2261,HG/86,SQ/86,GÆ/86,15:01:00,15:02:00
2261,SQ/86,GÆ/86,HUM/86,15:04:00,15:05:00
2261,GÆ/86,HUM/86,NI/86,15:08:00,15:09:00
2261,HUM/86,NI/86,OK/86,15:12:00,15:13:00
2261,NI/86,OK/86,RU/86,15:17:00,15:18:00
2261,OK/86,RU/86,VB/86,15:20:00,15:21:00
2261,RU/86,VB/86,SÅ/86,15:24:00,15:25:00
2261,VB/86,SÅ/86,KL/86,15:28:00,15:29:00
2261,SÅ/86,KL/86,HL/86,15:33:00,15:34:00
2261,KL/86,HL/86,HGL/86,15:39:00,15:40:00
2261,HL/86,HGL/86,KK/86,15:42:00,15:42:00
2261,HGL/86,KK/86,KN/86,15:45:00,15:47:00
2261,KK/86,KN/86,KH/86,15:49:00,15:50:00
2261,KN/86,KH/86,VAL/86,15:53:00,15:56:00
2261,KH/86,VAL/86,HIF/86,16:00:00,16:01:00
2261,VAL/86,HIF/86,HTÅ/86,16:03:00,16:03:00
2261,HIF/86,HTÅ/86,HH/86,16:10:00,16:11:00
2261,HTÅ/86,HH/86,TRK/86,16:15:00,16:16:00
2261,HH/86,TRK/86,RO/86,16:19:00,16:20:00
2261,TRK/86,RO/86,VY/86,16:23:00,16:24:00
2261,RO/86,VY/86,BO/86,16:30:00,16:31:00
2261,VY/86,BO/86,KY/86,16:36:00,16:37:00
2261,BO/86,KY/86,RG/86,16:40:00,16:40:00
2261,KY/86,RG/86,GZ/86,16:45:00,16:46:00
2261,RG/86,GZ/86,NÆ/86,16:52:00,16:53:00
2264,NÆ/86,GZ/86,RG/86,21:06:00,21:07:00
2264,GZ/86,RG/86,KY/86,21:13:00,21:14:00
2264,RG/86,KY/86,BO/86,21:18:00,21:18:00
2264,KY/86,BO/86,VY/86,21:22:00,21:23:00
2264,BO/86,VY/86,RO/86,21:28:00,21:29:00
2264,VY/86,RO/86,TRK/86,21:35:00,21:37:00
2264,RO/86,TRK/86,HH/86,21:39:00,21:40:00
2264,TRK/86,HH/86,HTÅ/86,21:43:00,21:44:00
2264,HH/86,HTÅ/86,GL/86,21:48:00,21:49:00
2264,HTÅ/86,GL/86,VAL/86,21:53:00,21:53:00
2264,GL/86,VAL/86,KH/86,21:57:00,21:58:00
2264,VAL/86,KH/86,KN/86,22:04:00,22:07:00
2264,KH/86,KN/86,KK/86,22:09:00,22:10:00
2264,KN/86,KK/86,HGL/86,22:13:00,22:14:00
2264,KK/86,HGL/86,HL/86,22:16:00,22:16:00
2264,HGL/86,HL/86,KL/86,22:19:00,22:20:00
2264,HL/86,KL/86,SÅ/86,22:24:00,22:25:00
2264,KL/86,SÅ/86,VB/86,22:29:00,22:30:00
2264,SÅ/86,VB/86,RU/86,22:33:00,22:34:00
2264,VB/86,RU/86,OK/86,22:37:00,22:38:00
2264,RU/86,OK/86,NI/86,22:41:00,22:42:00
2264,OK/86,NI/86,HUM/86,22:45:00,22:46:00
2264,NI/86,HUM/86,GÆ/86,22:49:00,22:50:00
2264,HUM/86,GÆ/86,SQ/86,22:53:00,22:54:00
2264,GÆ/86,SQ/86,HG/86,22:57:00,22:58:00
2265,HG/86,SQ/86,GÆ/86,16:01:00,16:02:00
2265,SQ/86,GÆ/86,HUM/86,16:04:00,16:05:00
2265,GÆ/86,HUM/86,NI/86,16:08:00,16:09:00
2265,HUM/86,NI/86,OK/86,16:12:00,16:13:00
2265,NI/86,OK/86,RU/86,16:17:00,16:18:00
2265,OK/86,RU/86,VB/86,16:20:00,16:21:00
2265,RU/86,VB/86,SÅ/86,16:24:00,16:25:00
2265,VB/86,SÅ/86,KL/86,16:28:00,16:29:00
2265,SÅ/86,KL/86,HL/86,16:33:00,16:34:00
2265,KL/86,HL/86,HGL/86,16:39:00,16:40:00
2265,HL/86,HGL/86,KK/86,16:42:00,16:42:00
2265,HGL/86,KK/86,KN/86,16:45:00,16:47:00
2265,KK/86,KN/86,KH/86,16:49:00,16:50:00
2265,KN/86,KH/86,VAL/86,16:53:00,16:56:00
2265,KH/86,VAL/86,HIF/86,17:00:00,17:01:00
2265,VAL/86,HIF/86,HTÅ/86,17:03:00,17:03:00
2265,HIF/86,HTÅ/86,HH/86,17:10:00,17:11:00
2265,HTÅ/86,HH/86,TRK/86,17:15:00,17:16:00
2265,HH/86,TRK/86,RO/86,17:19:00,17:20:00
2265,TRK/86,RO/86,VY/86,17:23:00,17:24:00
2265,RO/86,VY/86,BO/86,17:30:00,17:31:00
2265,VY/86,BO/86,KY/86,17:36:00,17:37:00
2265,BO/86,KY/86,RG/86,17:40:00,17:40:00
2265,KY/86,RG/86,GZ/86,17:45:00,17:46:00
2265,RG/86,GZ/86,NÆ/86,17:52:00,17:53:00
2268,NÆ/86,GZ/86,RG/86,22:06:00,22:07:00
2268,GZ/86,RG/86,KY/86,22:13:00,22:14:00
2268,RG/86,KY/86,BO/86,22:18:00,22:18:00
2268,KY/86,BO/86,VY/86,22:22:00,22:23:00
2268,BO/86,VY/86,RO/86,22:28:00,22:29:00
2268,VY/86,RO/86,TRK/86,22:35:00,22:37:00
2268,RO/86,TRK/86,HH/86,22:39:00,22:40:00
2268,TRK/86,HH/86,HTÅ/86,22:43:00,22:44:00
2268,HH/86,HTÅ/86,GL/86,22:48:00,22:49:00
2268,HTÅ/86,GL/86,VAL/86,22:53:00,22:53:00
2268,GL/86,VAL/86,KH/86,22:57:00,22:58:00
2268,VAL/86,KH/86,KN/86,23:04:00,23:07:00
2268,KH/86,KN/86,KK/86,23:09:00,23:10:00
2268,KN/86,KK/86,HGL/86,23:13:00,23:14:00
2268,KK/86,HGL/86,HL/86,23:16:00,23:16:00
2268,HGL/86,HL/86,KL/86,23:19:00,23:20:00
2268,HL/86,KL/86,SÅ/86,23:24:00,23:25:00
2268,KL/86,SÅ/86,VB/86,23:29:00,23:30:00
2268,SÅ/86,VB/86,RU/86,23:33:00,23:34:00
2268,VB/86,RU/86,OK/86,23:37:00,23:38:00
2268,RU/86,OK/86,NI/86,23:41:00,23:42:00
2268,OK/86,NI/86,HUM/86,23:45:00,23:46:00
2268,NI/86,HUM/86,GÆ/86,23:49:00,23:50:00
2268,HUM/86,GÆ/86,SQ/86,23:53:00,23:54:00
2268,GÆ/86,SQ/86,HG/86,23:57:00,23:58:00
2269,HG/86,SQ/86,GÆ/86,17:01:00,17:02:00
2269,SQ/86,GÆ/86,HUM/86,17:04:00,17:05:00
2269,GÆ/86,HUM/86,NI/86,17:08:00,17:09:00
2269,HUM/86,NI/86,OK/86,17:12:00,17:13:00
2269,NI/86,OK/86,RU/86,17:17:00,17:18:00
2269,OK/86,RU/86,VB/86,17:20:00,17:21:00
2269,RU/86,VB/86,SÅ/86,17:24:00,17:25:00
2269,VB/86,SÅ/86,KL/86,17:28:00,17:29:00
2269,SÅ/86,KL/86,HL/86,17:33:00,17:34:00
2269,KL/86,HL/86,HGL/86,17:39:00,17:40:00
2269,HL/86,HGL/86,KK/86,17:42:00,17:42:00
2269,HGL/86,KK/86,KN/86,17:45:00,17:47:00
2269,KK/86,KN/86,KH/86,17:49:00,17:50:00
2269,KN/86,KH/86,VAL/86,17:53:00,17:56:00
2269,KH/86,VAL/86,HIF/86,18:00:00,18:01:00
2269,VAL/86,HIF/86,HTÅ/86,18:03:00,18:03:00
2269,HIF/86,HTÅ/86,HH/86,18:10:00,18:11:00
2269,HTÅ/86,HH/86,TRK/86,18:15:00,18:16:00
2269,HH/86,TRK/86,RO/86,18:19:00,18:20:00
2269,TRK/86,RO/86,VY/86,18:23:00,18:24:00
2269,RO/86,VY/86,BO/86,18:30:00,18:31:00
2269,VY/86,BO/86,KY/86,18:36:00,18:37:00
2269,BO/86,KY/86,RG/86,18:40:00,18:40:00
2269,KY/86,RG/86,GZ/86,18:45:00,18:46:00
2269,RG/86,GZ/86,NÆ/86,18:52:00,18:53:00
227,CPH/86,TÅT/86,ØRE/86,07:07:00,07:08:00
227,TÅT/86,ØRE/86,KLV/86,07:10:00,07:11:00
227,ØRE/86,KLV/86,NEL/86,07:14:00,07:14:00
227,KLV/86,NEL/86,IG/86,07:16:00,07:18:00
227,NEL/86,IG/86,HTÅ/86,07:20:00,07:20:00
227,IG/86,HTÅ/86,HH/86,07:28:00,07:29:00
227,HTÅ/86,HH/86,TRK/86,07:32:00,07:32:00
227,HH/86,TRK/86,RO/86,07:35:00,07:36:00
227,TRK/86,RO/86,VY/86,07:39:00,07:41:00
227,RO/86,VY/86,RG/86,07:46:00,07:46:00
227,VY/86,RG/86,FJ/86,07:56:00,07:58:00
227,RG/86,FJ/86,SO/86,08:03:00,08:03:00
227,FJ/86,SO/86,SG/86,08:06:00,08:07:00
227,SO/86,SG/86,FO/86,08:15:00,08:17:00
227,SG/86,FO/86,NG/86,08:21:00,08:21:00
227,FO/86,NG/86,JU/86,08:35:00,08:37:00
227,NG/86,JU/86,OD/86,08:40:00,08:40:00
2270,NÆ/86,GZ/86,RG/86,22:53:00,22:54:00
2270,GZ/86,RG/86,KY/86,23:00:00,23:01:00
2270,RG/86,KY/86,BO/86,23:05:00,23:05:00
2270,KY/86,BO/86,VY/86,23:09:00,23:10:00
2270,BO/86,VY/86,RO/86,23:14:00,23:15:00
2270,VY/86,RO/86,TRK/86,23:22:00,23:23:00
2270,RO/86,TRK/86,HH/86,23:26:00,23:27:00
2270,TRK/86,HH/86,HTÅ/86,23:30:00,23:31:00
2270,HH/86,HTÅ/86,GL/86,23:34:00,23:36:00
2270,HTÅ/86,GL/86,VAL/86,23:40:00,23:40:00
2270,GL/86,VAL/86,KH/86,23:44:00,23:45:00
2272,KH/86,KN/86,KK/86,00:09:00,00:10:00
2272,KN/86,KK/86,HGL/86,00:13:00,00:14:00
2272,KK/86,HGL/86,HL/86,00:16:00,00:16:00
2272,HGL/86,HL/86,KL/86,00:19:00,00:20:00
2272,HL/86,KL/86,SÅ/86,00:24:00,00:25:00
2272,KL/86,SÅ/86,VB/86,00:29:00,00:30:00
2272,SÅ/86,VB/86,RU/86,00:33:00,00:34:00
2272,VB/86,RU/86,OK/86,00:37:00,00:38:00
2272,RU/86,OK/86,NI/86,00:41:00,00:42:00
2272,OK/86,NI/86,HUM/86,00:45:00,00:46:00
2272,NI/86,HUM/86,GÆ/86,00:49:00,00:50:00
2272,HUM/86,GÆ/86,SQ/86,00:53:00,00:54:00
2272,GÆ/86,SQ/86,HG/86,00:57:00,00:58:00
2273,HG/86,SQ/86,GÆ/86,18:01:00,18:02:00
2273,SQ/86,GÆ/86,HUM/86,18:04:00,18:05:00
2273,GÆ/86,HUM/86,NI/86,18:08:00,18:09:00
2273,HUM/86,NI/86,OK/86,18:12:00,18:13:00
2273,NI/86,OK/86,RU/86,18:17:00,18:18:00
2273,OK/86,RU/86,VB/86,18:20:00,18:21:00
2273,RU/86,VB/86,SÅ/86,18:24:00,18:25:00
2273,VB/86,SÅ/86,KL/86,18:28:00,18:29:00
2273,SÅ/86,KL/86,HL/86,18:33:00,18:34:00
2273,KL/86,HL/86,HGL/86,18:39:00,18:40:00
2273,HL/86,HGL/86,KK/86,18:42:00,18:42:00
2273,HGL/86,KK/86,KN/86,18:45:00,18:47:00
2273,KK/86,KN/86,KH/86,18:49:00,18:50:00
2273,KN/86,KH/86,VAL/86,18:53:00,18:56:00
2273,KH/86,VAL/86,HIF/86,19:00:00,19:01:00
2273,VAL/86,HIF/86,HTÅ/86,19:03:00,19:03:00
2273,HIF/86,HTÅ/86,HH/86,19:10:00,19:11:00
2273,HTÅ/86,HH/86,TRK/86,19:15:00,19:16:00
2273,HH/86,TRK/86,RO/86,19:19:00,19:20:00
2273,TRK/86,RO/86,VY/86,19:23:00,19:24:00
2273,RO/86,VY/86,BO/86,19:30:00,19:31:00
2273,VY/86,BO/86,KY/86,19:36:00,19:37:00
2273,BO/86,KY/86,RG/86,19:40:00,19:40:00
2273,KY/86,RG/86,GZ/86,19:45:00,19:46:00
2273,RG/86,GZ/86,NÆ/86,19:52:00,19:53:00
2277,HG/86,SQ/86,GÆ/86,19:01:00,19:02:00
2277,SQ/86,GÆ/86,HUM/86,19:04:00,19:05:00
2277,GÆ/86,HUM/86,NI/86,19:08:00,19:09:00
2277,HUM/86,NI/86,OK/86,19:12:00,19:13:00
2277,NI/86,OK/86,RU/86,19:17:00,19:18:00
2277,OK/86,RU/86,VB/86,19:20:00,19:21:00
2277,RU/86,VB/86,SÅ/86,19:24:00,19:25:00
2277,VB/86,SÅ/86,KL/86,19:28:00,19:29:00
2277,SÅ/86,KL/86,HL/86,19:33:00,19:34:00
2277,KL/86,HL/86,HGL/86,19:39:00,19:40:00
2277,HL/86,HGL/86,KK/86,19:42:00,19:42:00
2277,HGL/86,KK/86,KN/86,19:45:00,19:47:00
2277,KK/86,KN/86,KH/86,19:49:00,19:50:00
2277,KN/86,KH/86,VAL/86,19:53:00,19:56:00
2277,KH/86,VAL/86,HIF/86,20:00:00,20:01:00
2277,VAL/86,HIF/86,HTÅ/86,20:03:00,20:03:00
2277,HIF/86,HTÅ/86,HH/86,20:10:00,20:11:00
2277,HTÅ/86,HH/86,TRK/86,20:15:00,20:16:00
2277,HH/86,TRK/86,RO/86,20:19:00,20:20:00
2277,TRK/86,RO/86,VY/86,20:23:00,20:24:00
2277,RO/86,VY/86,BO/86,20:30:00,20:31:00
2277,VY/86,BO/86,KY/86,20:36:00,20:37:00
2277,BO/86,KY/86,RG/86,20:40:00,20:40:00
2277,KY/86,RG/86,GZ/86,20:45:00,20:46:00
2277,RG/86,GZ/86,NÆ/86,20:52:00,20:53:00
2281,HG/86,SQ/86,GÆ/86,20:01:00,20:02:00
2281,SQ/86,GÆ/86,HUM/86,20:04:00,20:05:00
2281,GÆ/86,HUM/86,NI/86,20:08:00,20:09:00
2281,HUM/86,NI/86,OK/86,20:12:00,20:13:00
2281,NI/86,OK/86,RU/86,20:17:00,20:18:00
2281,OK/86,RU/86,VB/86,20:20:00,20:21:00
2281,RU/86,VB/86,SÅ/86,20:24:00,20:25:00
2281,VB/86,SÅ/86,KL/86,20:28:00,20:29:00
2281,SÅ/86,KL/86,HL/86,20:33:00,20:34:00
2281,KL/86,HL/86,HGL/86,20:39:00,20:40:00
2281,HL/86,HGL/86,KK/86,20:42:00,20:42:00
2281,HGL/86,KK/86,KN/86,20:45:00,20:47:00
2281,KK/86,KN/86,KH/86,20:49:00,20:50:00
2281,KN/86,KH/86,VAL/86,20:53:00,20:56:00
2281,KH/86,VAL/86,HIF/86,21:00:00,21:01:00
2281,VAL/86,HIF/86,HTÅ/86,21:03:00,21:03:00
2281,HIF/86,HTÅ/86,HH/86,21:10:00,21:11:00
2281,HTÅ/86,HH/86,TRK/86,21:15:00,21:16:00
2281,HH/86,TRK/86,RO/86,21:19:00,21:20:00
2281,TRK/86,RO/86,VY/86,21:23:00,21:24:00
2281,RO/86,VY/86,BO/86,21:30:00,21:31:00
2281,VY/86,BO/86,KY/86,21:36:00,21:37:00
2281,BO/86,KY/86,RG/86,21:40:00,21:40:00
2281,KY/86,RG/86,GZ/86,21:45:00,21:46:00
2281,RG/86,GZ/86,NÆ/86,21:52:00,21:53:00
2287,HG/86,SQ/86,GÆ/86,21:16:00,21:17:00
2287,SQ/86,GÆ/86,HUM/86,21:19:00,21:20:00
2287,GÆ/86,HUM/86,NI/86,21:23:00,21:24:00
2287,HUM/86,NI/86,OK/86,21:27:00,21:28:00
2287,NI/86,OK/86,RU/86,21:32:00,21:33:00
2287,OK/86,RU/86,VB/86,21:35:00,21:36:00
2287,RU/86,VB/86,SÅ/86,21:39:00,21:40:00
2287,VB/86,SÅ/86,KL/86,21:43:00,21:44:00
2287,SÅ/86,KL/86,HL/86,21:48:00,21:49:00
2287,KL/86,HL/86,HGL/86,21:54:00,21:55:00
2287,HL/86,HGL/86,KK/86,21:57:00,21:57:00
2287,HGL/86,KK/86,KN/86,22:00:00,22:02:00
2287,KK/86,KN/86,KH/86,22:04:00,22:05:00
2287,KN/86,KH/86,VAL/86,22:08:00,22:11:00
2287,KH/86,VAL/86,HIF/86,22:14:00,22:15:00
2287,VAL/86,HIF/86,HTÅ/86,22:18:00,22:18:00
2287,HIF/86,HTÅ/86,HH/86,22:24:00,22:25:00
2287,HTÅ/86,HH/86,TRK/86,22:29:00,22:30:00
2287,HH/86,TRK/86,RO/86,22:33:00,22:34:00
2287,TRK/86,RO/86,VY/86,22:36:00,22:38:00
2287,RO/86,VY/86,BO/86,22:44:00,22:45:00
2287,VY/86,BO/86,KY/86,22:50:00,22:51:00
2287,BO/86,KY/86,RG/86,22:55:00,22:55:00
2287,KY/86,RG/86,GZ/86,23:00:00,23:01:00
2287,RG/86,GZ/86,NÆ/86,23:07:00,23:08:00
2291,KH/86,VAL/86,HIF/86,23:13:00,23:14:00
2291,VAL/86,HIF/86,HTÅ/86,23:17:00,23:17:00
2291,HIF/86,HTÅ/86,HH/86,23:23:00,23:24:00
2291,HTÅ/86,HH/86,TRK/86,23:28:00,23:29:00
2291,HH/86,TRK/86,RO/86,23:32:00,23:33:00
2291,TRK/86,RO/86,VY/86,23:36:00,23:37:00
2291,RO/86,VY/86,BO/86,23:43:00,23:44:00
2291,VY/86,BO/86,KY/86,23:49:00,23:50:00
2291,BO/86,KY/86,RG/86,23:54:00,23:54:00
2291,KY/86,RG/86,GZ/86,23:58:00,23:59:00
2291,RG/86,GZ/86,NÆ/86,24:05:00,24:06:00
2297,HG/86,SQ/86,GÆ/86,24:01:00,24:02:00
2297,SQ/86,GÆ/86,HUM/86,24:04:00,24:05:00
2297,GÆ/86,HUM/86,NI/86,24:08:00,24:09:00
2297,HUM/86,NI/86,OK/86,24:12:00,24:13:00
2297,NI/86,OK/86,RU/86,24:17:00,24:18:00
2297,OK/86,RU/86,VB/86,24:20:00,24:21:00
2297,RU/86,VB/86,SÅ/86,24:24:00,24:25:00
2297,VB/86,SÅ/86,KL/86,24:28:00,24:29:00
2297,SÅ/86,KL/86,HL/86,24:33:00,24:34:00
2297,KL/86,HL/86,HGL/86,24:39:00,24:40:00
2297,HL/86,HGL/86,KK/86,24:42:00,24:42:00
2297,HGL/86,KK/86,KN/86,24:45:00,24:47:00
2297,KK/86,KN/86,KH/86,24:49:00,24:50:00
2299,KH/86,VAL/86,HIF/86,01:13:00,01:14:00
2299,VAL/86,HIF/86,HTÅ/86,01:17:00,01:17:00
2299,HIF/86,HTÅ/86,HH/86,01:23:00,01:24:00
2299,HTÅ/86,HH/86,TRK/86,01:28:00,01:29:00
2299,HH/86,TRK/86,RO/86,01:32:00,01:33:00
2299,TRK/86,RO/86,VY/86,01:36:00,01:37:00
2299,RO/86,VY/86,BO/86,01:43:00,01:44:00
2299,VY/86,BO/86,KY/86,01:49:00,01:50:00
2299,BO/86,KY/86,RG/86,01:54:00,01:54:00
2299,KY/86,RG/86,GZ/86,01:58:00,01:59:00
2299,RG/86,GZ/86,NÆ/86,02:05:00,02:06:00
23,CPH/86,TÅT/86,KH/86,06:29:00,06:29:00
23,TÅT/86,KH/86,GB/86,06:40:00,06:52:00
23,KH/86,GB/86,OD/86,06:55:00,06:55:00
23,GB/86,OD/86,HP/86,08:03:00,08:06:00
23,OD/86,HP/86,FA/86,08:10:00,08:10:00
23,HP/86,FA/86,BK/86,08:34:00,08:38:00
23,FA/86,BK/86,VJ/86,08:44:00,08:44:00
23,BK/86,VJ/86,HED/86,08:51:00,08:53:00
23,VJ/86,HED/86,HS/86,09:01:00,09:01:00
23,HED/86,HS/86,HÅ/86,09:08:00,09:10:00
23,HS/86,HÅ/86,SD/86,09:17:00,09:17:00
23,HÅ/86,SD/86,HX/86,09:24:00,09:25:00
23,SD/86,HX/86,AR/86,09:30:00,09:30:00
230,SG/86,SO/86,FJ/86,12:51:00,12:53:00
230,SO/86,FJ/86,RG/86,12:57:00,12:57:00
230,FJ/86,RG/86,KY/86,13:02:00,13:04:00
230,RG/86,KY/86,RO/86,13:08:00,13:08:00
230,KY/86,RO/86,TRK/86,13:18:00,13:20:00
230,RO/86,TRK/86,HH/86,13:23:00,13:24:00
230,TRK/86,HH/86,HTÅ/86,13:26:00,13:26:00
230,HH/86,HTÅ/86,GL/86,13:29:00,13:31:00
230,HTÅ/86,GL/86,NEL/86,13:35:00,13:35:00
230,GL/86,NEL/86,KLV/86,13:40:00,13:42:00
230,NEL/86,KLV/86,ØRE/86,13:44:00,13:44:00
230,KLV/86,ØRE/86,TÅT/86,13:46:00,13:47:00
230,ØRE/86,TÅT/86,CPH/86,13:49:00,13:50:00
2304,FA/86,TL/86,KD/86,05:12:00,05:13:00
2304,TL/86,KD/86,LK/86,05:20:00,05:22:00
2304,KD/86,LK/86,VN/86,05:29:00,05:30:00
2304,LK/86,VN/86,BP/86,05:36:00,05:37:00
2304,VN/86,BP/86,HQ/86,05:42:00,05:43:00
2304,BP/86,HQ/86,GØ/86,05:48:00,05:49:00
2304,HQ/86,GØ/86,BM/86,05:54:00,05:54:00
2304,GØ/86,BM/86,TB/86,05:58:00,06:00:00
2304,BM/86,TB/86,ES/86,06:04:00,06:04:00
2308,FA/86,TL/86,KD/86,06:12:00,06:13:00
2308,TL/86,KD/86,LK/86,06:20:00,06:22:00
2308,KD/86,LK/86,VN/86,06:29:00,06:30:00
2308,LK/86,VN/86,BP/86,06:36:00,06:37:00
2308,VN/86,BP/86,HQ/86,06:42:00,06:43:00
2308,BP/86,HQ/86,GØ/86,06:48:00,06:49:00
2308,HQ/86,GØ/86,BM/86,06:54:00,06:54:00
2308,GØ/86,BM/86,TB/86,06:58:00,07:00:00
2308,BM/86,TB/86,ES/86,07:04:00,07:04:00
231,CPH/86,TÅT/86,ØRE/86,08:07:00,08:08:00
231,TÅT/86,ØRE/86,KLV/86,08:10:00,08:11:00
231,ØRE/86,KLV/86,NEL/86,08:14:00,08:14:00
231,KLV/86,NEL/86,IG/86,08:16:00,08:18:00
231,NEL/86,IG/86,HTÅ/86,08:20:00,08:20:00
231,IG/86,HTÅ/86,HH/86,08:28:00,08:29:00
231,HTÅ/86,HH/86,TRK/86,08:32:00,08:32:00
231,HH/86,TRK/86,RO/86,08:35:00,08:36:00
231,TRK/86,RO/86,VY/86,08:39:00,08:41:00
231,RO/86,VY/86,RG/86,08:46:00,08:46:00
231,VY/86,RG/86,FJ/86,08:56:00,08:58:00
231,RG/86,FJ/86,SO/86,09:03:00,09:03:00
231,FJ/86,SO/86,SG/86,09:06:00,09:07:00
2312,FA/86,TL/86,KD/86,06:56:00,06:57:00
2312,TL/86,KD/86,LK/86,07:04:00,07:06:00
2312,KD/86,LK/86,VN/86,07:13:00,07:14:00
2312,LK/86,VN/86,BP/86,07:20:00,07:21:00
2312,VN/86,BP/86,HQ/86,07:26:00,07:27:00
2312,BP/86,HQ/86,GØ/86,07:32:00,07:33:00
2312,HQ/86,GØ/86,BM/86,07:38:00,07:38:00
2312,GØ/86,BM/86,TB/86,07:42:00,07:44:00
2312,BM/86,TB/86,ES/86,07:48:00,07:48:00
2313,ES/86,JNE/86,BM/86,05:05:00,05:05:00
2313,JNE/86,BM/86,GØ/86,05:13:00,05:14:00
2313,BM/86,GØ/86,HQ/86,05:18:00,05:18:00
2313,GØ/86,HQ/86,BP/86,05:23:00,05:24:00
2313,HQ/86,BP/86,VN/86,05:28:00,05:29:00
2313,BP/86,VN/86,LK/86,05:34:00,05:35:00
2313,VN/86,LK/86,KD/86,05:43:00,05:44:00
2313,LK/86,KD/86,TL/86,05:51:00,05:53:00
2313,KD/86,TL/86,FA/86,05:59:00,06:00:00
2316,FA/86,TL/86,KD/86,07:56:00,07:57:00
2316,TL/86,KD/86,LK/86,08:04:00,08:06:00
2316,KD/86,LK/86,VN/86,08:13:00,08:14:00
2316,LK/86,VN/86,BP/86,08:20:00,08:21:00
2316,VN/86,BP/86,HQ/86,08:26:00,08:27:00
2316,BP/86,HQ/86,GØ/86,08:32:00,08:33:00
2316,HQ/86,GØ/86,BM/86,08:38:00,08:38:00
2316,GØ/86,BM/86,TB/86,08:42:00,08:44:00
2316,BM/86,TB/86,ES/86,08:48:00,08:48:00
2317,ES/86,JNE/86,BM/86,06:04:00,06:04:00
2317,JNE/86,BM/86,GØ/86,06:12:00,06:14:00
2317,BM/86,GØ/86,HQ/86,06:18:00,06:18:00
2317,GØ/86,HQ/86,BP/86,06:23:00,06:24:00
2317,HQ/86,BP/86,VN/86,06:28:00,06:29:00
2317,BP/86,VN/86,LK/86,06:34:00,06:35:00
2317,VN/86,LK/86,KD/86,06:43:00,06:44:00
2317,LK/86,KD/86,TL/86,06:51:00,06:53:00
2317,KD/86,TL/86,FA/86,07:00:00,07:01:00
2320,FA/86,TL/86,KD/86,08:56:00,08:57:00
2320,TL/86,KD/86,LK/86,09:04:00,09:06:00
2320,KD/86,LK/86,VN/86,09:13:00,09:14:00
2320,LK/86,VN/86,BP/86,09:20:00,09:21:00
2320,VN/86,BP/86,HQ/86,09:26:00,09:27:00
2320,BP/86,HQ/86,GØ/86,09:32:00,09:33:00
2320,HQ/86,GØ/86,BM/86,09:38:00,09:38:00
2320,GØ/86,BM/86,TB/86,09:42:00,09:44:00
2320,BM/86,TB/86,ES/86,09:48:00,09:48:00
2321,ES/86,JNE/86,BM/86,07:04:00,07:04:00
2321,JNE/86,BM/86,GØ/86,07:12:00,07:14:00
2321,BM/86,GØ/86,HQ/86,07:18:00,07:18:00
2321,GØ/86,HQ/86,BP/86,07:23:00,07:24:00
2321,HQ/86,BP/86,VN/86,07:28:00,07:29:00
2321,BP/86,VN/86,LK/86,07:34:00,07:35:00
2321,VN/86,LK/86,KD/86,07:43:00,07:44:00
2321,LK/86,KD/86,TL/86,07:51:00,07:53:00
2321,KD/86,TL/86,FA/86,08:00:00,08:01:00
2324,FA/86,TL/86,KD/86,09:56:00,09:57:00
2324,TL/86,KD/86,LK/86,10:04:00,10:06:00
2324,KD/86,LK/86,VN/86,10:13:00,10:14:00
2324,LK/86,VN/86,BP/86,10:20:00,10:21:00
2324,VN/86,BP/86,HQ/86,10:26:00,10:27:00
2324,BP/86,HQ/86,GØ/86,10:32:00,10:33:00
2324,HQ/86,GØ/86,BM/86,10:38:00,10:38:00
2324,GØ/86,BM/86,TB/86,10:42:00,10:44:00
2324,BM/86,TB/86,ES/86,10:48:00,10:48:00
2325,ES/86,JNE/86,BM/86,08:06:00,08:06:00
2325,JNE/86,BM/86,GØ/86,08:14:00,08:15:00
2325,BM/86,GØ/86,HQ/86,08:19:00,08:20:00
2325,GØ/86,HQ/86,BP/86,08:25:00,08:26:00
2325,HQ/86,BP/86,VN/86,08:30:00,08:31:00
2325,BP/86,VN/86,LK/86,08:36:00,08:37:00
2325,VN/86,LK/86,KD/86,08:45:00,08:46:00
2325,LK/86,KD/86,TL/86,08:53:00,08:55:00
2325,KD/86,TL/86,FA/86,09:01:00,09:02:00
2328,FA/86,TL/86,KD/86,10:56:00,10:57:00
2328,TL/86,KD/86,LK/86,11:04:00,11:06:00
2328,KD/86,LK/86,VN/86,11:13:00,11:14:00
2328,LK/86,VN/86,BP/86,11:20:00,11:21:00
2328,VN/86,BP/86,HQ/86,11:26:00,11:27:00
2328,BP/86,HQ/86,GØ/86,11:32:00,11:33:00
2328,HQ/86,GØ/86,BM/86,11:38:00,11:38:00
2328,GØ/86,BM/86,TB/86,11:42:00,11:44:00
2328,BM/86,TB/86,ES/86,11:48:00,11:48:00
2329,ES/86,JNE/86,BM/86,09:05:00,09:05:00
2329,JNE/86,BM/86,GØ/86,09:13:00,09:14:00
2329,BM/86,GØ/86,HQ/86,09:18:00,09:18:00
2329,GØ/86,HQ/86,BP/86,09:23:00,09:24:00
2329,HQ/86,BP/86,VN/86,09:28:00,09:29:00
2329,BP/86,VN/86,LK/86,09:34:00,09:35:00
2329,VN/86,LK/86,KD/86,09:43:00,09:44:00
2329,LK/86,KD/86,TL/86,09:51:00,09:53:00
2329,KD/86,TL/86,FA/86,10:00:00,10:01:00
2332,FA/86,TL/86,KD/86,11:56:00,11:57:00
2332,TL/86,KD/86,LK/86,12:04:00,12:06:00
2332,KD/86,LK/86,VN/86,12:13:00,12:14:00
2332,LK/86,VN/86,BP/86,12:20:00,12:21:00
2332,VN/86,BP/86,HQ/86,12:26:00,12:27:00
2332,BP/86,HQ/86,GØ/86,12:32:00,12:33:00
2332,HQ/86,GØ/86,BM/86,12:38:00,12:38:00
2332,GØ/86,BM/86,TB/86,12:42:00,12:44:00
2332,BM/86,TB/86,ES/86,12:48:00,12:48:00
2333,ES/86,JNE/86,BM/86,10:05:00,10:05:00
2333,JNE/86,BM/86,GØ/86,10:13:00,10:14:00
2333,BM/86,GØ/86,HQ/86,10:18:00,10:18:00
2333,GØ/86,HQ/86,BP/86,10:23:00,10:24:00
2333,HQ/86,BP/86,VN/86,10:28:00,10:29:00
2333,BP/86,VN/86,LK/86,10:34:00,10:35:00
2333,VN/86,LK/86,KD/86,10:43:00,10:44:00
2333,LK/86,KD/86,TL/86,10:51:00,10:53:00
2333,KD/86,TL/86,FA/86,11:00:00,11:01:00
2336,FA/86,TL/86,KD/86,12:56:00,12:57:00
2336,TL/86,KD/86,LK/86,13:04:00,13:06:00
2336,KD/86,LK/86,VN/86,13:13:00,13:14:00
2336,LK/86,VN/86,BP/86,13:20:00,13:21:00
2336,VN/86,BP/86,HQ/86,13:26:00,13:27:00
2336,BP/86,HQ/86,GØ/86,13:32:00,13:33:00
2336,HQ/86,GØ/86,BM/86,13:38:00,13:38:00
2336,GØ/86,BM/86,TB/86,13:42:00,13:44:00
2336,BM/86,TB/86,ES/86,13:48:00,13:48:00
2337,ES/86,JNE/86,BM/86,11:05:00,11:05:00
2337,JNE/86,BM/86,GØ/86,11:13:00,11:14:00
2337,BM/86,GØ/86,HQ/86,11:18:00,11:18:00
2337,GØ/86,HQ/86,BP/86,11:23:00,11:24:00
2337,HQ/86,BP/86,VN/86,11:28:00,11:29:00
2337,BP/86,VN/86,LK/86,11:34:00,11:35:00
2337,VN/86,LK/86,KD/86,11:43:00,11:44:00
2337,LK/86,KD/86,TL/86,11:51:00,11:53:00
2337,KD/86,TL/86,FA/86,12:00:00,12:01:00
234,SG/86,SO/86,FJ/86,13:51:00,13:53:00
234,SO/86,FJ/86,RG/86,13:57:00,13:57:00
234,FJ/86,RG/86,KY/86,14:02:00,14:04:00
234,RG/86,KY/86,RO/86,14:08:00,14:08:00
234,KY/86,RO/86,TRK/86,14:18:00,14:20:00
234,RO/86,TRK/86,HH/86,14:23:00,14:24:00
234,TRK/86,HH/86,HTÅ/86,14:26:00,14:26:00
234,HH/86,HTÅ/86,GL/86,14:29:00,14:31:00
234,HTÅ/86,GL/86,NEL/86,14:35:00,14:35:00
234,GL/86,NEL/86,KLV/86,14:40:00,14:42:00
234,NEL/86,KLV/86,ØRE/86,14:44:00,14:44:00
234,KLV/86,ØRE/86,TÅT/86,14:46:00,14:47:00
234,ØRE/86,TÅT/86,CPH/86,14:49:00,14:50:00
2340,FA/86,TL/86,KD/86,13:56:00,13:57:00
2340,TL/86,KD/86,LK/86,14:04:00,14:06:00
2340,KD/86,LK/86,VN/86,14:13:00,14:14:00
2340,LK/86,VN/86,BP/86,14:20:00,14:21:00
2340,VN/86,BP/86,HQ/86,14:26:00,14:27:00
2340,BP/86,HQ/86,GØ/86,14:32:00,14:33:00
2340,HQ/86,GØ/86,BM/86,14:38:00,14:38:00
2340,GØ/86,BM/86,TB/86,14:42:00,14:44:00
2340,BM/86,TB/86,ES/86,14:48:00,14:48:00
2341,ES/86,JNE/86,BM/86,12:06:00,12:06:00
2341,JNE/86,BM/86,GØ/86,12:14:00,12:15:00
2341,BM/86,GØ/86,HQ/86,12:19:00,12:20:00
2341,GØ/86,HQ/86,BP/86,12:25:00,12:26:00
2341,HQ/86,BP/86,VN/86,12:30:00,12:31:00
2341,BP/86,VN/86,LK/86,12:36:00,12:37:00
2341,VN/86,LK/86,KD/86,12:45:00,12:46:00
2341,LK/86,KD/86,TL/86,12:53:00,12:55:00
2341,KD/86,TL/86,FA/86,13:01:00,13:02:00
2344,FA/86,TL/86,KD/86,14:56:00,14:57:00
2344,TL/86,KD/86,LK/86,15:04:00,15:06:00
2344,KD/86,LK/86,VN/86,15:13:00,15:14:00
2344,LK/86,VN/86,BP/86,15:20:00,15:21:00
2344,VN/86,BP/86,HQ/86,15:26:00,15:27:00
2344,BP/86,HQ/86,GØ/86,15:32:00,15:33:00
2344,HQ/86,GØ/86,BM/86,15:38:00,15:38:00
2344,GØ/86,BM/86,TB/86,15:42:00,15:44:00
2344,BM/86,TB/86,ES/86,15:48:00,15:48:00
2345,ES/86,JNE/86,BM/86,13:05:00,13:05:00
2345,JNE/86,BM/86,GØ/86,13:13:00,13:14:00
2345,BM/86,GØ/86,HQ/86,13:18:00,13:18:00
2345,GØ/86,HQ/86,BP/86,13:23:00,13:24:00
2345,HQ/86,BP/86,VN/86,13:28:00,13:29:00
2345,BP/86,VN/86,LK/86,13:34:00,13:35:00
2345,VN/86,LK/86,KD/86,13:43:00,13:44:00
2345,LK/86,KD/86,TL/86,13:51:00,13:53:00
2345,KD/86,TL/86,FA/86,14:00:00,14:01:00
2348,FA/86,TL/86,KD/86,15:56:00,15:57:00
2348,TL/86,KD/86,LK/86,16:04:00,16:06:00
2348,KD/86,LK/86,VN/86,16:13:00,16:14:00
2348,LK/86,VN/86,BP/86,16:20:00,16:21:00
2348,VN/86,BP/86,HQ/86,16:26:00,16:27:00
2348,BP/86,HQ/86,GØ/86,16:32:00,16:33:00
2348,HQ/86,GØ/86,BM/86,16:38:00,16:38:00
2348,GØ/86,BM/86,TB/86,16:42:00,16:44:00
2348,BM/86,TB/86,ES/86,16:48:00,16:48:00
2349,ES/86,JNE/86,BM/86,14:05:00,14:05:00
2349,JNE/86,BM/86,GØ/86,14:13:00,14:14:00
2349,BM/86,GØ/86,HQ/86,14:18:00,14:18:00
2349,GØ/86,HQ/86,BP/86,14:23:00,14:24:00
2349,HQ/86,BP/86,VN/86,14:28:00,14:29:00
2349,BP/86,VN/86,LK/86,14:34:00,14:35:00
2349,VN/86,LK/86,KD/86,14:43:00,14:44:00
2349,LK/86,KD/86,TL/86,14:51:00,14:53:00
2349,KD/86,TL/86,FA/86,15:00:00,15:01:00
235,CPH/86,TÅT/86,ØRE/86,09:07:00,09:08:00
235,TÅT/86,ØRE/86,KLV/86,09:10:00,09:11:00
235,ØRE/86,KLV/86,NEL/86,09:14:00,09:14:00
235,KLV/86,NEL/86,IG/86,09:16:00,09:18:00
235,NEL/86,IG/86,HTÅ/86,09:20:00,09:20:00
235,IG/86,HTÅ/86,HH/86,09:28:00,09:29:00
235,HTÅ/86,HH/86,TRK/86,09:32:00,09:32:00
235,HH/86,TRK/86,RO/86,09:35:00,09:36:00
235,TRK/86,RO/86,VY/86,09:39:00,09:41:00
235,RO/86,VY/86,RG/86,09:46:00,09:46:00
235,VY/86,RG/86,FJ/86,09:56:00,09:58:00
235,RG/86,FJ/86,SO/86,10:03:00,10:03:00
235,FJ/86,SO/86,SG/86,10:06:00,10:07:00
2352,FA/86,TL/86,KD/86,16:56:00,16:57:00
2352,TL/86,KD/86,LK/86,17:04:00,17:06:00
2352,KD/86,LK/86,VN/86,17:13:00,17:14:00
2352,LK/86,VN/86,BP/86,17:20:00,17:21:00
2352,VN/86,BP/86,HQ/86,17:26:00,17:27:00
2352,BP/86,HQ/86,GØ/86,17:32:00,17:33:00
2352,HQ/86,GØ/86,BM/86,17:38:00,17:38:00
2352,GØ/86,BM/86,TB/86,17:42:00,17:44:00
2352,BM/86,TB/86,ES/86,17:48:00,17:48:00
2353,ES/86,JNE/86,BM/86,15:05:00,15:05:00
2353,JNE/86,BM/86,GØ/86,15:13:00,15:14:00
2353,BM/86,GØ/86,HQ/86,15:18:00,15:18:00
2353,GØ/86,HQ/86,BP/86,15:23:00,15:24:00
2353,HQ/86,BP/86,VN/86,15:28:00,15:29:00
2353,BP/86,VN/86,LK/86,15:34:00,15:35:00
2353,VN/86,LK/86,KD/86,15:43:00,15:44:00
2353,LK/86,KD/86,TL/86,15:51:00,15:53:00
2353,KD/86,TL/86,FA/86,16:00:00,16:01:00
2356,FA/86,TL/86,KD/86,17:56:00,17:57:00
2356,TL/86,KD/86,LK/86,18:04:00,18:06:00
2356,KD/86,LK/86,VN/86,18:13:00,18:14:00
2356,LK/86,VN/86,BP/86,18:20:00,18:21:00
2356,VN/86,BP/86,HQ/86,18:26:00,18:27:00
2356,BP/86,HQ/86,GØ/86,18:32:00,18:33:00
2356,HQ/86,GØ/86,BM/86,18:38:00,18:38:00
2356,GØ/86,BM/86,TB/86,18:42:00,18:44:00
2356,BM/86,TB/86,ES/86,18:48:00,18:48:00
2357,ES/86,JNE/86,BM/86,16:06:00,16:06:00
2357,JNE/86,BM/86,GØ/86,16:14:00,16:15:00
2357,BM/86,GØ/86,HQ/86,16:19:00,16:20:00
2357,GØ/86,HQ/86,BP/86,16:25:00,16:26:00
2357,HQ/86,BP/86,VN/86,16:30:00,16:31:00
2357,BP/86,VN/86,LK/86,16:36:00,16:37:00
2357,VN/86,LK/86,KD/86,16:45:00,16:46:00
2357,LK/86,KD/86,TL/86,16:53:00,16:55:00
2357,KD/86,TL/86,FA/86,17:01:00,17:02:00
2360,FA/86,TL/86,KD/86,18:56:00,18:57:00
2360,TL/86,KD/86,LK/86,19:04:00,19:06:00
2360,KD/86,LK/86,VN/86,19:13:00,19:14:00
2360,LK/86,VN/86,BP/86,19:20:00,19:21:00
2360,VN/86,BP/86,HQ/86,19:26:00,19:27:00
2360,BP/86,HQ/86,GØ/86,19:32:00,19:33:00
2360,HQ/86,GØ/86,BM/86,19:38:00,19:38:00
2360,GØ/86,BM/86,TB/86,19:42:00,19:44:00
2360,BM/86,TB/86,ES/86,19:48:00,19:48:00
2361,ES/86,JNE/86,BM/86,17:05:00,17:05:00
2361,JNE/86,BM/86,GØ/86,17:13:00,17:14:00
2361,BM/86,GØ/86,HQ/86,17:18:00,17:18:00
2361,GØ/86,HQ/86,BP/86,17:23:00,17:24:00
2361,HQ/86,BP/86,VN/86,17:28:00,17:29:00
2361,BP/86,VN/86,LK/86,17:34:00,17:35:00
2361,VN/86,LK/86,KD/86,17:43:00,17:44:00
2361,LK/86,KD/86,TL/86,17:51:00,17:53:00
2361,KD/86,TL/86,FA/86,18:00:00,18:01:00
2364,FA/86,TL/86,KD/86,19:56:00,19:57:00
2364,TL/86,KD/86,LK/86,20:04:00,20:06:00
2364,KD/86,LK/86,VN/86,20:13:00,20:14:00
2364,LK/86,VN/86,BP/86,20:20:00,20:21:00
2364,VN/86,BP/86,HQ/86,20:26:00,20:27:00
2364,BP/86,HQ/86,GØ/86,20:32:00,20:33:00
2364,HQ/86,GØ/86,BM/86,20:38:00,20:38:00
2364,GØ/86,BM/86,TB/86,20:42:00,20:44:00
2364,BM/86,TB/86,ES/86,20:48:00,20:48:00
2365,ES/86,JNE/86,BM/86,18:05:00,18:05:00
2365,JNE/86,BM/86,GØ/86,18:13:00,18:14:00
2365,BM/86,GØ/86,HQ/86,18:18:00,18:18:00
2365,GØ/86,HQ/86,BP/86,18:23:00,18:24:00
2365,HQ/86,BP/86,VN/86,18:28:00,18:29:00
2365,BP/86,VN/86,LK/86,18:34:00,18:35:00
2365,VN/86,LK/86,KD/86,18:43:00,18:44:00
2365,LK/86,KD/86,TL/86,18:51:00,18:53:00
2365,KD/86,TL/86,FA/86,19:00:00,19:01:00
2368,FA/86,TL/86,KD/86,20:56:00,20:57:00
2368,TL/86,KD/86,LK/86,21:04:00,21:06:00
2368,KD/86,LK/86,VN/86,21:13:00,21:14:00
2368,LK/86,VN/86,BP/86,21:20:00,21:21:00
2368,VN/86,BP/86,HQ/86,21:26:00,21:27:00
2368,BP/86,HQ/86,GØ/86,21:32:00,21:33:00
2368,HQ/86,GØ/86,BM/86,21:38:00,21:38:00
2368,GØ/86,BM/86,TB/86,21:42:00,21:44:00
2368,BM/86,TB/86,ES/86,21:48:00,21:48:00
2369,ES/86,JNE/86,BM/86,19:05:00,19:05:00
2369,JNE/86,BM/86,GØ/86,19:13:00,19:14:00
2369,BM/86,GØ/86,HQ/86,19:18:00,19:18:00
2369,GØ/86,HQ/86,BP/86,19:23:00,19:24:00
2369,HQ/86,BP/86,VN/86,19:28:00,19:29:00
2369,BP/86,VN/86,LK/86,19:34:00,19:35:00
2369,VN/86,LK/86,KD/86,19:43:00,19:44:00
2369,LK/86,KD/86,TL/86,19:51:00,19:53:00
2369,KD/86,TL/86,FA/86,20:00:00,20:01:00
2371,ES/86,JNE/86,BM/86,20:05:00,20:05:00
2371,JNE/86,BM/86,GØ/86,20:13:00,20:14:00
2371,BM/86,GØ/86,HQ/86,20:18:00,20:18:00
2371,GØ/86,HQ/86,BP/86,20:23:00,20:24:00
2371,HQ/86,BP/86,VN/86,20:28:00,20:29:00
2371,BP/86,VN/86,LK/86,20:34:00,20:35:00
2371,VN/86,LK/86,KD/86,20:43:00,20:44:00
2371,LK/86,KD/86,TL/86,20:51:00,20:53:00
2371,KD/86,TL/86,FA/86,21:00:00,21:01:00
2374,FA/86,TL/86,KD/86,21:56:00,21:57:00
2374,TL/86,KD/86,LK/86,22:04:00,22:06:00
2374,KD/86,LK/86,VN/86,22:13:00,22:14:00
2374,LK/86,VN/86,BP/86,22:20:00,22:21:00
2374,VN/86,BP/86,HQ/86,22:26:00,22:27:00
2374,BP/86,HQ/86,GØ/86,22:32:00,22:33:00
2374,HQ/86,GØ/86,BM/86,22:38:00,22:38:00
2374,GØ/86,BM/86,TB/86,22:42:00,22:44:00
2374,BM/86,TB/86,ES/86,22:48:00,22:48:00
2376,FA/86,TL/86,KD/86,23:17:00,23:18:00
2376,TL/86,KD/86,LK/86,23:25:00,23:27:00
2376,KD/86,LK/86,VN/86,23:34:00,23:35:00
2376,LK/86,VN/86,BP/86,23:41:00,23:42:00
2376,VN/86,BP/86,HQ/86,23:47:00,23:48:00
2376,BP/86,HQ/86,GØ/86,23:53:00,23:54:00
2376,HQ/86,GØ/86,BM/86,23:59:00,23:59:00
2376,GØ/86,BM/86,TB/86,24:03:00,24:05:00
2376,BM/86,TB/86,ES/86,24:09:00,24:09:00
2377,ES/86,JNE/86,BM/86,21:05:00,21:05:00
2377,JNE/86,BM/86,GØ/86,21:13:00,21:14:00
2377,BM/86,GØ/86,HQ/86,21:18:00,21:18:00
2377,GØ/86,HQ/86,BP/86,21:23:00,21:24:00
2377,HQ/86,BP/86,VN/86,21:28:00,21:29:00
2377,BP/86,VN/86,LK/86,21:34:00,21:35:00
2377,VN/86,LK/86,KD/86,21:43:00,21:44:00
2377,LK/86,KD/86,TL/86,21:51:00,21:53:00
2377,KD/86,TL/86,FA/86,22:00:00,22:01:00
238,OD/86,MV/86,NG/86,14:14:00,14:14:00
238,MV/86,NG/86,SPR/86,14:22:00,14:24:00
238,NG/86,SPR/86,SG/86,14:29:00,14:29:00
238,SPR/86,SG/86,SO/86,14:42:00,14:44:00
238,SG/86,SO/86,FJ/86,14:51:00,14:53:00
238,SO/86,FJ/86,RG/86,14:57:00,14:57:00
238,FJ/86,RG/86,KY/86,15:02:00,15:04:00
238,RG/86,KY/86,RO/86,15:08:00,15:08:00
238,KY/86,RO/86,TRK/86,15:18:00,15:20:00
238,RO/86,TRK/86,HH/86,15:23:00,15:24:00
238,TRK/86,HH/86,HTÅ/86,15:26:00,15:26:00
238,HH/86,HTÅ/86,GL/86,15:29:00,15:31:00
238,HTÅ/86,GL/86,NEL/86,15:35:00,15:35:00
238,GL/86,NEL/86,KLV/86,15:40:00,15:42:00
238,NEL/86,KLV/86,ØRE/86,15:44:00,15:44:00
238,KLV/86,ØRE/86,TÅT/86,15:46:00,15:47:00
238,ØRE/86,TÅT/86,CPH/86,15:49:00,15:50:00
2383,ES/86,JNE/86,BM/86,22:43:00,22:43:00
2383,JNE/86,BM/86,GØ/86,22:51:00,22:52:00
2383,BM/86,GØ/86,HQ/86,22:56:00,22:56:00
2383,GØ/86,HQ/86,BP/86,23:01:00,23:02:00
2383,HQ/86,BP/86,VN/86,23:06:00,23:07:00
2383,BP/86,VN/86,LK/86,23:12:00,23:13:00
2383,VN/86,LK/86,KD/86,23:21:00,23:22:00
2383,LK/86,KD/86,TL/86,23:29:00,23:31:00
2383,KD/86,TL/86,FA/86,23:37:00,23:38:00
2387,ES/86,JNE/86,BM/86,23:43:00,23:43:00
2387,JNE/86,BM/86,GØ/86,23:51:00,23:52:00
2387,BM/86,GØ/86,HQ/86,23:56:00,23:56:00
2387,GØ/86,HQ/86,BP/86,24:01:00,24:02:00
2387,HQ/86,BP/86,VN/86,24:06:00,24:07:00
2387,BP/86,VN/86,LK/86,24:12:00,24:13:00
2387,VN/86,LK/86,KD/86,24:21:00,24:22:00
2387,LK/86,KD/86,TL/86,24:29:00,24:31:00
2387,KD/86,TL/86,FA/86,24:37:00,24:38:00
239,CPH/86,TÅT/86,ØRE/86,10:07:00,10:08:00
239,TÅT/86,ØRE/86,KLV/86,10:10:00,10:11:00
239,ØRE/86,KLV/86,NEL/86,10:14:00,10:14:00
239,KLV/86,NEL/86,IG/86,10:16:00,10:18:00
239,NEL/86,IG/86,HTÅ/86,10:20:00,10:20:00
239,IG/86,HTÅ/86,HH/86,10:28:00,10:29:00
239,HTÅ/86,HH/86,TRK/86,10:32:00,10:32:00
239,HH/86,TRK/86,RO/86,10:35:00,10:36:00
239,TRK/86,RO/86,VY/86,10:39:00,10:41:00
239,RO/86,VY/86,RG/86,10:46:00,10:46:00
239,VY/86,RG/86,FJ/86,10:56:00,10:58:00
239,RG/86,FJ/86,SO/86,11:03:00,11:03:00
239,FJ/86,SO/86,SG/86,11:06:00,11:07:00
2400,NÆ/86,NÆN/86,OL/86,04:39:00,04:40:00
2400,NÆN/86,OL/86,HZ/86,04:44:00,04:45:00
2400,OL/86,HZ/86,TH/86,04:51:00,04:52:00
2400,HZ/86,TH/86,HF/86,04:57:00,05:00:00
2400,TH/86,HF/86,KJ/86,05:04:00,05:05:00
2400,HF/86,KJ/86,ØLB/86,05:09:00,05:15:00
2400,KJ/86,ØLB/86,KJN/86,05:17:00,05:18:00
2400,ØLB/86,KJN/86,JSF/86,05:21:00,05:22:00
2400,KJN/86,JSF/86,NEL/86,05:23:00,05:23:00
2400,JSF/86,NEL/86,GB/86,05:36:20,05:37:20
2400,NEL/86,GB/86,KH/86,05:39:00,05:39:00
2404,NÆ/86,NÆN/86,OL/86,05:39:00,05:40:00
2404,NÆN/86,OL/86,HZ/86,05:44:00,05:45:00
2404,OL/86,HZ/86,TH/86,05:51:00,05:52:00
2404,HZ/86,TH/86,HF/86,05:57:00,06:00:00
2404,TH/86,HF/86,KJ/86,06:04:00,06:05:00
2404,HF/86,KJ/86,ØLB/86,06:09:00,06:15:00
2404,KJ/86,ØLB/86,KJN/86,06:17:00,06:18:00
2404,ØLB/86,KJN/86,JSF/86,06:21:00,06:22:00
2404,KJN/86,JSF/86,NEL/86,06:23:00,06:23:00
2404,JSF/86,NEL/86,GB/86,06:36:20,06:37:20
2404,NEL/86,GB/86,KH/86,06:39:00,06:39:00
2408,NÆ/86,NÆN/86,OL/86,06:39:00,06:40:00
2408,NÆN/86,OL/86,HZ/86,06:44:00,06:45:00
2408,OL/86,HZ/86,TH/86,06:51:00,06:52:00
2408,HZ/86,TH/86,HF/86,06:57:00,07:00:00
2408,TH/86,HF/86,KJ/86,07:04:00,07:05:00
2408,HF/86,KJ/86,ØLB/86,07:09:00,07:15:00
2408,KJ/86,ØLB/86,KJN/86,07:17:00,07:18:00
2408,ØLB/86,KJN/86,JSF/86,07:21:00,07:22:00
2408,KJN/86,JSF/86,NEL/86,07:23:00,07:23:00
2408,JSF/86,NEL/86,GB/86,07:36:20,07:37:20
2408,NEL/86,GB/86,KH/86,07:39:00,07:39:00
2412,NÆ/86,NÆN/86,OL/86,07:39:00,07:40:00
2412,NÆN/86,OL/86,HZ/86,07:44:00,07:45:00
2412,OL/86,HZ/86,TH/86,07:51:00,07:52:00
2412,HZ/86,TH/86,HF/86,07:57:00,08:00:00
2412,TH/86,HF/86,KJ/86,08:04:00,08:05:00
2412,HF/86,KJ/86,ØLB/86,08:09:00,08:15:00
2412,KJ/86,ØLB/86,KJN/86,08:17:00,08:18:00
2412,ØLB/86,KJN/86,JSF/86,08:21:00,08:22:00
2412,KJN/86,JSF/86,NEL/86,08:23:00,08:23:00
2412,JSF/86,NEL/86,GB/86,08:36:20,08:37:20
2412,NEL/86,GB/86,KH/86,08:39:00,08:39:00
2412,GB/86,KH/86,KN/86,08:43:00,08:46:00
2412,KH/86,KN/86,KK/86,08:48:00,08:49:00
2416,NÆ/86,NÆN/86,OL/86,08:39:00,08:40:00
2416,NÆN/86,OL/86,HZ/86,08:44:00,08:45:00
2416,OL/86,HZ/86,TH/86,08:51:00,08:52:00
2416,HZ/86,TH/86,HF/86,08:57:00,09:00:00
2416,TH/86,HF/86,KJ/86,09:04:00,09:05:00
2416,HF/86,KJ/86,ØLB/86,09:09:00,09:15:00
2416,KJ/86,ØLB/86,KJN/86,09:17:00,09:18:00
2416,ØLB/86,KJN/86,JSF/86,09:21:00,09:22:00
2416,KJN/86,JSF/86,NEL/86,09:23:00,09:23:00
2416,JSF/86,NEL/86,GB/86,09:36:20,09:37:20
2416,NEL/86,GB/86,KH/86,09:39:00,09:39:00
2416,GB/86,KH/86,KN/86,09:43:00,09:46:00
2416,KH/86,KN/86,KK/86,09:48:00,09:49:00
2419,KH/86,GB/86,NEL/86,05:20:00,05:20:00
2419,GB/86,NEL/86,IG/86,05:21:00,05:22:00
2419,NEL/86,IG/86,KJN/86,05:23:00,05:23:00
2419,IG/86,KJN/86,ØLB/86,05:36:00,05:37:00
2419,KJN/86,ØLB/86,KJ/86,05:40:00,05:41:00
2419,ØLB/86,KJ/86,HF/86,05:43:00,05:49:00
2419,KJ/86,HF/86,TH/86,05:53:00,05:54:00
2419,HF/86,TH/86,HZ/86,05:59:00,06:00:00
2419,TH/86,HZ/86,OL/86,06:05:00,06:06:00
2419,HZ/86,OL/86,NÆN/86,06:12:00,06:14:00
2419,OL/86,NÆN/86,NÆ/86,06:17:00,06:18:00
242,OD/86,MV/86,NG/86,15:14:00,15:14:00
242,MV/86,NG/86,SPR/86,15:22:00,15:24:00
242,NG/86,SPR/86,SG/86,15:29:00,15:29:00
242,SPR/86,SG/86,SO/86,15:42:00,15:44:00
242,SG/86,SO/86,FJ/86,15:51:00,15:53:00
242,SO/86,FJ/86,RG/86,15:57:00,15:57:00
242,FJ/86,RG/86,KY/86,16:02:00,16:04:00
242,RG/86,KY/86,RO/86,16:08:00,16:08:00
242,KY/86,RO/86,TRK/86,16:18:00,16:20:00
242,RO/86,TRK/86,HH/86,16:23:00,16:24:00
242,TRK/86,HH/86,HTÅ/86,16:26:00,16:26:00
242,HH/86,HTÅ/86,GL/86,16:29:00,16:31:00
242,HTÅ/86,GL/86,NEL/86,16:35:00,16:35:00
242,GL/86,NEL/86,KLV/86,16:40:00,16:42:00
242,NEL/86,KLV/86,ØRE/86,16:44:00,16:44:00
242,KLV/86,ØRE/86,TÅT/86,16:46:00,16:47:00
242,ØRE/86,TÅT/86,CPH/86,16:49:00,16:50:00
2420,NÆ/86,NÆN/86,OL/86,09:39:00,09:40:00
2420,NÆN/86,OL/86,HZ/86,09:44:00,09:45:00
2420,OL/86,HZ/86,TH/86,09:51:00,09:52:00
2420,HZ/86,TH/86,HF/86,09:57:00,10:00:00
2420,TH/86,HF/86,KJ/86,10:04:00,10:05:00
2420,HF/86,KJ/86,ØLB/86,10:09:00,10:15:00
2420,KJ/86,ØLB/86,KJN/86,10:17:00,10:18:00
2420,ØLB/86,KJN/86,JSF/86,10:21:00,10:22:00
2420,KJN/86,JSF/86,NEL/86,10:23:00,10:23:00
2420,JSF/86,NEL/86,GB/86,10:36:20,10:37:20
2420,NEL/86,GB/86,KH/86,10:39:00,10:39:00
2420,GB/86,KH/86,KN/86,10:43:00,10:46:00
2420,KH/86,KN/86,KK/86,10:48:00,10:49:00
2423,KH/86,GB/86,NEL/86,06:20:00,06:20:00
2423,GB/86,NEL/86,IG/86,06:21:00,06:22:00
2423,NEL/86,IG/86,KJN/86,06:23:00,06:23:00
2423,IG/86,KJN/86,ØLB/86,06:36:00,06:37:00
2423,KJN/86,ØLB/86,KJ/86,06:40:00,06:41:00
2423,ØLB/86,KJ/86,HF/86,06:43:00,06:49:00
2423,KJ/86,HF/86,TH/86,06:53:00,06:54:00
2423,HF/86,TH/86,HZ/86,06:59:00,07:00:00
2423,TH/86,HZ/86,OL/86,07:05:00,07:06:00
2423,HZ/86,OL/86,NÆN/86,07:12:00,07:14:00
2423,OL/86,NÆN/86,NÆ/86,07:17:00,07:18:00
2424,NÆ/86,NÆN/86,OL/86,10:39:00,10:40:00
2424,NÆN/86,OL/86,HZ/86,10:44:00,10:45:00
2424,OL/86,HZ/86,TH/86,10:51:00,10:52:00
2424,HZ/86,TH/86,HF/86,10:57:00,11:00:00
2424,TH/86,HF/86,KJ/86,11:04:00,11:05:00
2424,HF/86,KJ/86,ØLB/86,11:09:00,11:15:00
2424,KJ/86,ØLB/86,KJN/86,11:17:00,11:18:00
2424,ØLB/86,KJN/86,JSF/86,11:21:00,11:22:00
2424,KJN/86,JSF/86,NEL/86,11:23:00,11:23:00
2424,JSF/86,NEL/86,GB/86,11:36:20,11:37:20
2424,NEL/86,GB/86,KH/86,11:39:00,11:39:00
2427,KH/86,GB/86,NEL/86,07:20:00,07:20:00
2427,GB/86,NEL/86,IG/86,07:21:00,07:22:00
2427,NEL/86,IG/86,KJN/86,07:23:00,07:23:00
2427,IG/86,KJN/86,ØLB/86,07:36:00,07:37:00
2427,KJN/86,ØLB/86,KJ/86,07:40:00,07:41:00
2427,ØLB/86,KJ/86,HF/86,07:43:00,07:49:00
2427,KJ/86,HF/86,TH/86,07:53:00,07:54:00
2427,HF/86,TH/86,HZ/86,07:59:00,08:00:00
2427,TH/86,HZ/86,OL/86,08:05:00,08:06:00
2427,HZ/86,OL/86,NÆN/86,08:12:00,08:14:00
2427,OL/86,NÆN/86,NÆ/86,08:17:00,08:18:00
2428,NÆ/86,NÆN/86,OL/86,11:39:00,11:40:00
2428,NÆN/86,OL/86,HZ/86,11:44:00,11:45:00
2428,OL/86,HZ/86,TH/86,11:51:00,11:52:00
2428,HZ/86,TH/86,HF/86,11:57:00,12:00:00
2428,TH/86,HF/86,KJ/86,12:04:00,12:05:00
2428,HF/86,KJ/86,ØLB/86,12:09:00,12:15:00
2428,KJ/86,ØLB/86,KJN/86,12:17:00,12:18:00
2428,ØLB/86,KJN/86,JSF/86,12:21:00,12:22:00
2428,KJN/86,JSF/86,NEL/86,12:23:00,12:23:00
2428,JSF/86,NEL/86,GB/86,12:36:20,12:37:20
2428,NEL/86,GB/86,KH/86,12:39:00,12:39:00
2428,GB/86,KH/86,KN/86,12:43:00,12:46:00
2428,KH/86,KN/86,KK/86,12:48:00,12:49:00
243,CPH/86,TÅT/86,ØRE/86,11:07:00,11:08:00
243,TÅT/86,ØRE/86,KLV/86,11:10:00,11:11:00
243,ØRE/86,KLV/86,NEL/86,11:14:00,11:14:00
243,KLV/86,NEL/86,IG/86,11:16:00,11:18:00
243,NEL/86,IG/86,HTÅ/86,11:20:00,11:20:00
243,IG/86,HTÅ/86,HH/86,11:28:00,11:29:00
243,HTÅ/86,HH/86,TRK/86,11:32:00,11:32:00
243,HH/86,TRK/86,RO/86,11:35:00,11:36:00
243,TRK/86,RO/86,VY/86,11:39:00,11:41:00
243,RO/86,VY/86,RG/86,11:46:00,11:46:00
243,VY/86,RG/86,FJ/86,11:56:00,11:58:00
243,RG/86,FJ/86,SO/86,12:03:00,12:03:00
243,FJ/86,SO/86,SG/86,12:06:00,12:07:00
2431,KH/86,GB/86,NEL/86,08:20:00,08:20:00
2431,GB/86,NEL/86,IG/86,08:21:00,08:22:00
2431,NEL/86,IG/86,KJN/86,08:23:00,08:23:00
2431,IG/86,KJN/86,ØLB/86,08:36:00,08:37:00
2431,KJN/86,ØLB/86,KJ/86,08:40:00,08:41:00
2431,ØLB/86,KJ/86,HF/86,08:43:00,08:49:00
2431,KJ/86,HF/86,TH/86,08:53:00,08:54:00
2431,HF/86,TH/86,HZ/86,08:59:00,09:00:00
2431,TH/86,HZ/86,OL/86,09:05:00,09:06:00
2431,HZ/86,OL/86,NÆN/86,09:12:00,09:14:00
2431,OL/86,NÆN/86,NÆ/86,09:17:00,09:18:00
2432,NÆ/86,NÆN/86,OL/86,12:39:00,12:40:00
2432,NÆN/86,OL/86,HZ/86,12:44:00,12:45:00
2432,OL/86,HZ/86,TH/86,12:51:00,12:52:00
2432,HZ/86,TH/86,HF/86,12:57:00,13:00:00
2432,TH/86,HF/86,KJ/86,13:04:00,13:05:00
2432,HF/86,KJ/86,ØLB/86,13:09:00,13:15:00
2432,KJ/86,ØLB/86,KJN/86,13:17:00,13:18:00
2432,ØLB/86,KJN/86,JSF/86,13:21:00,13:22:00
2432,KJN/86,JSF/86,NEL/86,13:23:00,13:23:00
2432,JSF/86,NEL/86,GB/86,13:36:20,13:37:20
2432,NEL/86,GB/86,KH/86,13:39:00,13:39:00
2432,GB/86,KH/86,KN/86,13:43:00,13:46:00
2432,KH/86,KN/86,KK/86,13:48:00,13:49:00
2435,KH/86,GB/86,NEL/86,09:20:00,09:20:00
2435,GB/86,NEL/86,IG/86,09:21:00,09:22:00
2435,NEL/86,IG/86,KJN/86,09:23:00,09:23:00
2435,IG/86,KJN/86,ØLB/86,09:36:00,09:37:00
2435,KJN/86,ØLB/86,KJ/86,09:40:00,09:41:00
2435,ØLB/86,KJ/86,HF/86,09:43:00,09:49:00
2435,KJ/86,HF/86,TH/86,09:53:00,09:54:00
2435,HF/86,TH/86,HZ/86,09:59:00,10:00:00
2435,TH/86,HZ/86,OL/86,10:05:00,10:06:00
2435,HZ/86,OL/86,NÆN/86,10:12:00,10:14:00
2435,OL/86,NÆN/86,NÆ/86,10:17:00,10:18:00
2436,NÆ/86,NÆN/86,OL/86,13:39:00,13:40:00
2436,NÆN/86,OL/86,HZ/86,13:44:00,13:45:00
2436,OL/86,HZ/86,TH/86,13:51:00,13:52:00
2436,HZ/86,TH/86,HF/86,13:57:00,14:00:00
2436,TH/86,HF/86,KJ/86,14:04:00,14:05:00
2436,HF/86,KJ/86,ØLB/86,14:09:00,14:15:00
2436,KJ/86,ØLB/86,KJN/86,14:17:00,14:18:00
2436,ØLB/86,KJN/86,JSF/86,14:21:00,14:22:00
2436,KJN/86,JSF/86,NEL/86,14:23:00,14:23:00
2436,JSF/86,NEL/86,GB/86,14:36:20,14:37:20
2436,NEL/86,GB/86,KH/86,14:39:00,14:39:00
2439,KK/86,KN/86,KH/86,10:10:00,10:11:00
2439,KN/86,KH/86,GB/86,10:14:00,10:17:00
2439,KH/86,GB/86,NEL/86,10:20:00,10:20:00
2439,GB/86,NEL/86,IG/86,10:21:00,10:22:00
2439,NEL/86,IG/86,KJN/86,10:23:00,10:23:00
2439,IG/86,KJN/86,ØLB/86,10:36:00,10:37:00
2439,KJN/86,ØLB/86,KJ/86,10:40:00,10:41:00
2439,ØLB/86,KJ/86,HF/86,10:43:00,10:49:00
2439,KJ/86,HF/86,TH/86,10:53:00,10:54:00
2439,HF/86,TH/86,HZ/86,10:59:00,11:00:00
2439,TH/86,HZ/86,OL/86,11:05:00,11:06:00
2439,HZ/86,OL/86,NÆN/86,11:12:00,11:14:00
2439,OL/86,NÆN/86,NÆ/86,11:17:00,11:18:00
2440,NÆ/86,NÆN/86,OL/86,14:39:00,14:40:00
2440,NÆN/86,OL/86,HZ/86,14:44:00,14:45:00
2440,OL/86,HZ/86,TH/86,14:51:00,14:52:00
2440,HZ/86,TH/86,HF/86,14:57:00,15:00:00
2440,TH/86,HF/86,KJ/86,15:04:00,15:05:00
2440,HF/86,KJ/86,ØLB/86,15:09:00,15:15:00
2440,KJ/86,ØLB/86,KJN/86,15:17:00,15:18:00
2440,ØLB/86,KJN/86,JSF/86,15:21:00,15:22:00
2440,KJN/86,JSF/86,NEL/86,15:23:00,15:23:00
2440,JSF/86,NEL/86,GB/86,15:36:20,15:37:20
2440,NEL/86,GB/86,KH/86,15:39:00,15:39:00
2443,KK/86,KN/86,KH/86,11:10:00,11:11:00
2443,KN/86,KH/86,GB/86,11:14:00,11:17:00
2443,KH/86,GB/86,NEL/86,11:20:00,11:20:00
2443,GB/86,NEL/86,IG/86,11:21:00,11:22:00
2443,NEL/86,IG/86,KJN/86,11:23:00,11:23:00
2443,IG/86,KJN/86,ØLB/86,11:36:00,11:37:00
2443,KJN/86,ØLB/86,KJ/86,11:40:00,11:41:00
2443,ØLB/86,KJ/86,HF/86,11:43:00,11:49:00
2443,KJ/86,HF/86,TH/86,11:53:00,11:54:00
2443,HF/86,TH/86,HZ/86,11:59:00,12:00:00
2443,TH/86,HZ/86,OL/86,12:05:00,12:06:00
2443,HZ/86,OL/86,NÆN/86,12:12:00,12:14:00
2443,OL/86,NÆN/86,NÆ/86,12:17:00,12:18:00
2444,NÆ/86,NÆN/86,OL/86,15:39:00,15:40:00
2444,NÆN/86,OL/86,HZ/86,15:44:00,15:45:00
2444,OL/86,HZ/86,TH/86,15:51:00,15:52:00
2444,HZ/86,TH/86,HF/86,15:57:00,16:00:00
2444,TH/86,HF/86,KJ/86,16:04:00,16:05:00
2444,HF/86,KJ/86,ØLB/86,16:09:00,16:15:00
2444,KJ/86,ØLB/86,KJN/86,16:17:00,16:18:00
2444,ØLB/86,KJN/86,JSF/86,16:21:00,16:22:00
2444,KJN/86,JSF/86,NEL/86,16:23:00,16:23:00
2444,JSF/86,NEL/86,GB/86,16:36:20,16:37:20
2444,NEL/86,GB/86,KH/86,16:39:00,16:39:00
2447,KK/86,KN/86,KH/86,12:10:00,12:11:00
2447,KN/86,KH/86,GB/86,12:14:00,12:17:00
2447,KH/86,GB/86,NEL/86,12:20:00,12:20:00
2447,GB/86,NEL/86,IG/86,12:21:00,12:22:00
2447,NEL/86,IG/86,KJN/86,12:23:00,12:23:00
2447,IG/86,KJN/86,ØLB/86,12:36:00,12:37:00
2447,KJN/86,ØLB/86,KJ/86,12:40:00,12:41:00
2447,ØLB/86,KJ/86,HF/86,12:43:00,12:49:00
2447,KJ/86,HF/86,TH/86,12:53:00,12:54:00
2447,HF/86,TH/86,HZ/86,12:59:00,13:00:00
2447,TH/86,HZ/86,OL/86,13:05:00,13:06:00
2447,HZ/86,OL/86,NÆN/86,13:12:00,13:14:00
2447,OL/86,NÆN/86,NÆ/86,13:17:00,13:18:00
2448,NÆ/86,NÆN/86,OL/86,16:39:00,16:40:00
2448,NÆN/86,OL/86,HZ/86,16:44:00,16:45:00
2448,OL/86,HZ/86,TH/86,16:51:00,16:52:00
2448,HZ/86,TH/86,HF/86,16:57:00,17:00:00
2448,TH/86,HF/86,KJ/86,17:04:00,17:05:00
2448,HF/86,KJ/86,ØLB/86,17:09:00,17:15:00
2448,KJ/86,ØLB/86,KJN/86,17:17:00,17:18:00
2448,ØLB/86,KJN/86,JSF/86,17:21:00,17:22:00
2448,KJN/86,JSF/86,NEL/86,17:23:00,17:23:00
2448,JSF/86,NEL/86,GB/86,17:36:20,17:37:20
2448,NEL/86,GB/86,KH/86,17:39:00,17:39:00
2451,KK/86,KN/86,KH/86,13:10:00,13:11:00
2451,KN/86,KH/86,GB/86,13:14:00,13:17:00
2451,KH/86,GB/86,NEL/86,13:20:00,13:20:00
2451,GB/86,NEL/86,IG/86,13:21:00,13:22:00
2451,NEL/86,IG/86,KJN/86,13:23:00,13:23:00
2451,IG/86,KJN/86,ØLB/86,13:36:00,13:37:00
2451,KJN/86,ØLB/86,KJ/86,13:40:00,13:41:00
2451,ØLB/86,KJ/86,HF/86,13:43:00,13:49:00
2451,KJ/86,HF/86,TH/86,13:53:00,13:54:00
2451,HF/86,TH/86,HZ/86,13:59:00,14:00:00
2451,TH/86,HZ/86,OL/86,14:05:00,14:06:00
2451,HZ/86,OL/86,NÆN/86,14:12:00,14:14:00
2451,OL/86,NÆN/86,NÆ/86,14:17:00,14:18:00
2452,NÆ/86,NÆN/86,OL/86,17:39:00,17:40:00
2452,NÆN/86,OL/86,HZ/86,17:44:00,17:45:00
2452,OL/86,HZ/86,TH/86,17:51:00,17:52:00
2452,HZ/86,TH/86,HF/86,17:57:00,18:00:00
2452,TH/86,HF/86,KJ/86,18:04:00,18:05:00
2452,HF/86,KJ/86,ØLB/86,18:09:00,18:15:00
2452,KJ/86,ØLB/86,KJN/86,18:17:00,18:18:00
2452,ØLB/86,KJN/86,JSF/86,18:21:00,18:22:00
2452,KJN/86,JSF/86,NEL/86,18:23:00,18:23:00
2452,JSF/86,NEL/86,GB/86,18:36:20,18:37:20
2452,NEL/86,GB/86,KH/86,18:39:00,18:39:00
2455,KK/86,KN/86,KH/86,14:10:00,14:11:00
2455,KN/86,KH/86,GB/86,14:14:00,14:17:00
2455,KH/86,GB/86,NEL/86,14:20:00,14:20:00
2455,GB/86,NEL/86,IG/86,14:21:00,14:22:00
2455,NEL/86,IG/86,KJN/86,14:23:00,14:23:00
2455,IG/86,KJN/86,ØLB/86,14:36:00,14:37:00
2455,KJN/86,ØLB/86,KJ/86,14:40:00,14:41:00
2455,ØLB/86,KJ/86,HF/86,14:43:00,14:49:00
2455,KJ/86,HF/86,TH/86,14:53:00,14:54:00
2455,HF/86,TH/86,HZ/86,14:59:00,15:00:00
2455,TH/86,HZ/86,OL/86,15:05:00,15:06:00
2455,HZ/86,OL/86,NÆN/86,15:12:00,15:14:00
2455,OL/86,NÆN/86,NÆ/86,15:17:00,15:18:00
2456,NÆ/86,NÆN/86,OL/86,18:39:00,18:40:00
2456,NÆN/86,OL/86,HZ/86,18:44:00,18:45:00
2456,OL/86,HZ/86,TH/86,18:51:00,18:52:00
2456,HZ/86,TH/86,HF/86,18:57:00,19:00:00
2456,TH/86,HF/86,KJ/86,19:04:00,19:05:00
2456,HF/86,KJ/86,ØLB/86,19:09:00,19:15:00
2456,KJ/86,ØLB/86,KJN/86,19:17:00,19:18:00
2456,ØLB/86,KJN/86,JSF/86,19:21:00,19:22:00
2456,KJN/86,JSF/86,NEL/86,19:23:00,19:23:00
2456,JSF/86,NEL/86,GB/86,19:36:20,19:37:20
2456,NEL/86,GB/86,KH/86,19:39:00,19:39:00
2456,GB/86,KH/86,KN/86,19:43:00,19:46:00
2456,KH/86,KN/86,KK/86,19:48:00,19:49:00
2459,KK/86,KN/86,KH/86,15:10:00,15:11:00
2459,KN/86,KH/86,GB/86,15:14:00,15:17:00
2459,KH/86,GB/86,NEL/86,15:20:00,15:20:00
2459,GB/86,NEL/86,IG/86,15:21:00,15:22:00
2459,NEL/86,IG/86,KJN/86,15:23:00,15:23:00
2459,IG/86,KJN/86,ØLB/86,15:36:00,15:37:00
2459,KJN/86,ØLB/86,KJ/86,15:40:00,15:41:00
2459,ØLB/86,KJ/86,HF/86,15:43:00,15:49:00
2459,KJ/86,HF/86,TH/86,15:53:00,15:54:00
2459,HF/86,TH/86,HZ/86,15:59:00,16:00:00
2459,TH/86,HZ/86,OL/86,16:05:00,16:06:00
2459,HZ/86,OL/86,NÆN/86,16:12:00,16:14:00
2459,OL/86,NÆN/86,NÆ/86,16:17:00,16:18:00
246,OD/86,MV/86,NG/86,16:14:00,16:14:00
246,MV/86,NG/86,SPR/86,16:22:00,16:24:00
246,NG/86,SPR/86,SG/86,16:29:00,16:29:00
246,SPR/86,SG/86,SO/86,16:42:00,16:44:00
246,SG/86,SO/86,FJ/86,16:51:00,16:53:00
246,SO/86,FJ/86,RG/86,16:57:00,16:57:00
246,FJ/86,RG/86,KY/86,17:02:00,17:04:00
246,RG/86,KY/86,RO/86,17:08:00,17:08:00
246,KY/86,RO/86,TRK/86,17:18:00,17:20:00
246,RO/86,TRK/86,HH/86,17:23:00,17:24:00
246,TRK/86,HH/86,HTÅ/86,17:26:00,17:26:00
246,HH/86,HTÅ/86,GL/86,17:29:00,17:31:00
246,HTÅ/86,GL/86,NEL/86,17:35:00,17:35:00
246,GL/86,NEL/86,KLV/86,17:40:00,17:42:00
246,NEL/86,KLV/86,ØRE/86,17:44:00,17:44:00
246,KLV/86,ØRE/86,TÅT/86,17:46:00,17:47:00
246,ØRE/86,TÅT/86,CPH/86,17:49:00,17:50:00
2460,NÆ/86,NÆN/86,OL/86,19:39:00,19:40:00
2460,NÆN/86,OL/86,HZ/86,19:44:00,19:45:00
2460,OL/86,HZ/86,TH/86,19:51:00,19:52:00
2460,HZ/86,TH/86,HF/86,19:57:00,20:00:00
2460,TH/86,HF/86,KJ/86,20:04:00,20:05:00
2460,HF/86,KJ/86,ØLB/86,20:09:00,20:15:00
2460,KJ/86,ØLB/86,KJN/86,20:17:00,20:18:00
2460,ØLB/86,KJN/86,JSF/86,20:21:00,20:22:00
2460,KJN/86,JSF/86,NEL/86,20:23:00,20:23:00
2460,JSF/86,NEL/86,GB/86,20:36:20,20:37:20
2460,NEL/86,GB/86,KH/86,20:39:00,20:39:00
2463,KH/86,GB/86,NEL/86,16:20:00,16:20:00
2463,GB/86,NEL/86,IG/86,16:21:00,16:22:00
2463,NEL/86,IG/86,KJN/86,16:23:00,16:23:00
2463,IG/86,KJN/86,ØLB/86,16:36:00,16:37:00
2463,KJN/86,ØLB/86,KJ/86,16:40:00,16:41:00
2463,ØLB/86,KJ/86,HF/86,16:43:00,16:49:00
2463,KJ/86,HF/86,TH/86,16:53:00,16:54:00
2463,HF/86,TH/86,HZ/86,16:59:00,17:00:00
2463,TH/86,HZ/86,OL/86,17:05:00,17:06:00
2463,HZ/86,OL/86,NÆN/86,17:12:00,17:14:00
2463,OL/86,NÆN/86,NÆ/86,17:17:00,17:18:00
2464,NÆ/86,NÆN/86,OL/86,20:39:00,20:40:00
2464,NÆN/86,OL/86,HZ/86,20:44:00,20:45:00
2464,OL/86,HZ/86,TH/86,20:51:00,20:52:00
2464,HZ/86,TH/86,HF/86,20:57:00,21:00:00
2464,TH/86,HF/86,KJ/86,21:04:00,21:05:00
2464,HF/86,KJ/86,ØLB/86,21:09:00,21:15:00
2464,KJ/86,ØLB/86,KJN/86,21:17:00,21:18:00
2464,ØLB/86,KJN/86,JSF/86,21:21:00,21:22:00
2464,KJN/86,JSF/86,NEL/86,21:23:00,21:23:00
2464,JSF/86,NEL/86,GB/86,21:36:20,21:37:20
2464,NEL/86,GB/86,KH/86,21:39:00,21:39:00
2467,KH/86,GB/86,NEL/86,17:20:00,17:20:00
2467,GB/86,NEL/86,IG/86,17:21:00,17:22:00
2467,NEL/86,IG/86,KJN/86,17:23:00,17:23:00
2467,IG/86,KJN/86,ØLB/86,17:36:00,17:37:00
2467,KJN/86,ØLB/86,KJ/86,17:40:00,17:41:00
2467,ØLB/86,KJ/86,HF/86,17:43:00,17:49:00
2467,KJ/86,HF/86,TH/86,17:53:00,17:54:00
2467,HF/86,TH/86,HZ/86,17:59:00,18:00:00
2467,TH/86,HZ/86,OL/86,18:05:00,18:06:00
2467,HZ/86,OL/86,NÆN/86,18:12:00,18:14:00
2467,OL/86,NÆN/86,NÆ/86,18:17:00,18:18:00
2468,NÆ/86,NÆN/86,OL/86,21:39:00,21:40:00
2468,NÆN/86,OL/86,HZ/86,21:44:00,21:45:00
2468,OL/86,HZ/86,TH/86,21:51:00,21:52:00
2468,HZ/86,TH/86,HF/86,21:57:00,22:00:00
2468,TH/86,HF/86,KJ/86,22:04:00,22:05:00
2468,HF/86,KJ/86,ØLB/86,22:09:00,22:15:00
2468,KJ/86,ØLB/86,KJN/86,22:17:00,22:18:00
2468,ØLB/86,KJN/86,JSF/86,22:21:00,22:22:00
2468,KJN/86,JSF/86,NEL/86,22:23:00,22:23:00
2468,JSF/86,NEL/86,GB/86,22:36:20,22:37:20
2468,NEL/86,GB/86,KH/86,22:39:00,22:39:00
247,CPH/86,TÅT/86,ØRE/86,12:07:00,12:08:00
247,TÅT/86,ØRE/86,KLV/86,12:10:00,12:11:00
247,ØRE/86,KLV/86,NEL/86,12:14:00,12:14:00
247,KLV/86,NEL/86,IG/86,12:16:00,12:18:00
247,NEL/86,IG/86,HTÅ/86,12:20:00,12:20:00
247,IG/86,HTÅ/86,HH/86,12:28:00,12:29:00
247,HTÅ/86,HH/86,TRK/86,12:32:00,12:32:00
247,HH/86,TRK/86,RO/86,12:35:00,12:36:00
247,TRK/86,RO/86,VY/86,12:39:00,12:41:00
247,RO/86,VY/86,RG/86,12:46:00,12:46:00
247,VY/86,RG/86,FJ/86,12:56:00,12:58:00
247,RG/86,FJ/86,SO/86,13:03:00,13:03:00
247,FJ/86,SO/86,SG/86,13:06:00,13:07:00
2471,KH/86,GB/86,NEL/86,18:20:00,18:20:00
2471,GB/86,NEL/86,IG/86,18:21:00,18:22:00
2471,NEL/86,IG/86,KJN/86,18:23:00,18:23:00
2471,IG/86,KJN/86,ØLB/86,18:36:00,18:37:00
2471,KJN/86,ØLB/86,KJ/86,18:40:00,18:41:00
2471,ØLB/86,KJ/86,HF/86,18:43:00,18:49:00
2471,KJ/86,HF/86,TH/86,18:53:00,18:54:00
2471,HF/86,TH/86,HZ/86,18:59:00,19:00:00
2471,TH/86,HZ/86,OL/86,19:05:00,19:06:00
2471,HZ/86,OL/86,NÆN/86,19:12:00,19:14:00
2471,OL/86,NÆN/86,NÆ/86,19:17:00,19:18:00
2474,NÆ/86,NÆN/86,OL/86,22:39:00,22:40:00
2474,NÆN/86,OL/86,HZ/86,22:44:00,22:45:00
2474,OL/86,HZ/86,TH/86,22:51:00,22:52:00
2474,HZ/86,TH/86,HF/86,22:57:00,23:00:00
2474,TH/86,HF/86,KJ/86,23:04:00,23:05:00
2474,HF/86,KJ/86,ØLB/86,23:09:00,23:15:00
2474,KJ/86,ØLB/86,KJN/86,23:17:00,23:18:00
2474,ØLB/86,KJN/86,JSF/86,23:21:00,23:22:00
2474,KJN/86,JSF/86,NEL/86,23:23:00,23:23:00
2474,JSF/86,NEL/86,GB/86,23:36:20,23:37:20
2474,NEL/86,GB/86,KH/86,23:39:00,23:39:00
2474,GB/86,KH/86,KN/86,23:43:00,23:54:00
2474,KH/86,KN/86,KK/86,23:56:00,23:57:00
2475,KH/86,GB/86,NEL/86,19:20:00,19:20:00
2475,GB/86,NEL/86,IG/86,19:21:00,19:22:00
2475,NEL/86,IG/86,KJN/86,19:23:00,19:23:00
2475,IG/86,KJN/86,ØLB/86,19:36:00,19:37:00
2475,KJN/86,ØLB/86,KJ/86,19:40:00,19:41:00
2475,ØLB/86,KJ/86,HF/86,19:43:00,19:49:00
2475,KJ/86,HF/86,TH/86,19:53:00,19:54:00
2475,HF/86,TH/86,HZ/86,19:59:00,20:00:00
2475,TH/86,HZ/86,OL/86,20:05:00,20:06:00
2475,HZ/86,OL/86,NÆN/86,20:12:00,20:14:00
2475,OL/86,NÆN/86,NÆ/86,20:17:00,20:18:00
2476,NÆ/86,NÆN/86,OL/86,23:39:00,23:40:00
2476,NÆN/86,OL/86,HZ/86,23:44:00,23:45:00
2476,OL/86,HZ/86,TH/86,23:51:00,23:52:00
2476,HZ/86,TH/86,HF/86,23:57:00,24:00:00
2476,TH/86,HF/86,KJ/86,24:04:00,24:05:00
2476,HF/86,KJ/86,ØLB/86,24:09:00,24:15:00
2476,KJ/86,ØLB/86,KJN/86,24:17:00,24:18:00
2476,ØLB/86,KJN/86,JSF/86,24:21:00,24:22:00
2476,KJN/86,JSF/86,NEL/86,24:23:00,24:23:00
2476,JSF/86,NEL/86,GB/86,24:36:20,24:37:20
2476,NEL/86,GB/86,KH/86,24:39:00,24:39:00
2476,GB/86,KH/86,KN/86,24:43:00,24:54:00
2476,KH/86,KN/86,KK/86,24:56:00,24:57:00
2476,KN/86,KK/86,HGL/86,25:00:00,25:03:00
2479,KK/86,KN/86,KH/86,20:10:00,20:11:00
2479,KN/86,KH/86,GB/86,20:14:00,20:17:00
2479,KH/86,GB/86,NEL/86,20:20:00,20:20:00
2479,GB/86,NEL/86,IG/86,20:21:00,20:22:00
2479,NEL/86,IG/86,KJN/86,20:23:00,20:23:00
2479,IG/86,KJN/86,ØLB/86,20:36:00,20:37:00
2479,KJN/86,ØLB/86,KJ/86,20:40:00,20:41:00
2479,ØLB/86,KJ/86,HF/86,20:43:00,20:49:00
2479,KJ/86,HF/86,TH/86,20:53:00,20:54:00
2479,HF/86,TH/86,HZ/86,20:59:00,21:00:00
2479,TH/86,HZ/86,OL/86,21:05:00,21:06:00
2479,HZ/86,OL/86,NÆN/86,21:12:00,21:14:00
2479,OL/86,NÆN/86,NÆ/86,21:17:00,21:18:00
2483,KK/86,KN/86,KH/86,21:10:00,21:11:00
2483,KN/86,KH/86,GB/86,21:14:00,21:17:00
2483,KH/86,GB/86,NEL/86,21:20:00,21:20:00
2483,GB/86,NEL/86,IG/86,21:21:00,21:22:00
2483,NEL/86,IG/86,KJN/86,21:23:00,21:23:00
2483,IG/86,KJN/86,ØLB/86,21:36:00,21:37:00
2483,KJN/86,ØLB/86,KJ/86,21:40:00,21:41:00
2483,ØLB/86,KJ/86,HF/86,21:43:00,21:49:00
2483,KJ/86,HF/86,TH/86,21:53:00,21:54:00
2483,HF/86,TH/86,HZ/86,21:59:00,22:00:00
2483,TH/86,HZ/86,OL/86,22:05:00,22:06:00
2483,HZ/86,OL/86,NÆN/86,22:12:00,22:14:00
2483,OL/86,NÆN/86,NÆ/86,22:17:00,22:18:00
2487,KK/86,KN/86,KH/86,22:10:00,22:11:00
2487,KN/86,KH/86,GB/86,22:14:00,22:17:00
2487,KH/86,GB/86,NEL/86,22:20:00,22:20:00
2487,GB/86,NEL/86,IG/86,22:21:00,22:22:00
2487,NEL/86,IG/86,KJN/86,22:23:00,22:23:00
2487,IG/86,KJN/86,ØLB/86,22:36:00,22:37:00
2487,KJN/86,ØLB/86,KJ/86,22:40:00,22:41:00
2487,ØLB/86,KJ/86,HF/86,22:43:00,22:49:00
2487,KJ/86,HF/86,TH/86,22:53:00,22:54:00
2487,HF/86,TH/86,HZ/86,22:59:00,23:00:00
2487,TH/86,HZ/86,OL/86,23:05:00,23:06:00
2487,HZ/86,OL/86,NÆN/86,23:12:00,23:14:00
2487,OL/86,NÆN/86,NÆ/86,23:17:00,23:18:00
2491,KH/86,GB/86,NEL/86,23:20:00,23:20:00
2491,GB/86,NEL/86,IG/86,23:21:00,23:22:00
2491,NEL/86,IG/86,KJN/86,23:23:00,23:23:00
2491,IG/86,KJN/86,ØLB/86,23:36:00,23:37:00
2491,KJN/86,ØLB/86,KJ/86,23:40:00,23:41:00
2491,ØLB/86,KJ/86,HF/86,23:43:00,23:49:00
2491,KJ/86,HF/86,TH/86,23:53:00,23:54:00
2491,HF/86,TH/86,HZ/86,23:59:00,24:00:00
2491,TH/86,HZ/86,OL/86,24:05:00,24:06:00
2491,HZ/86,OL/86,NÆN/86,24:12:00,24:14:00
2491,OL/86,NÆN/86,NÆ/86,24:17:00,24:18:00
2495,KH/86,GB/86,NEL/86,00:20:00,00:20:00
2495,GB/86,NEL/86,IG/86,00:21:00,00:22:00
2495,NEL/86,IG/86,KJN/86,00:23:00,00:23:00
2495,IG/86,KJN/86,ØLB/86,00:36:00,00:37:00
2495,KJN/86,ØLB/86,KJ/86,00:40:00,00:41:00
2495,ØLB/86,KJ/86,HF/86,00:43:00,00:45:00
2495,KJ/86,HF/86,TH/86,00:49:00,00:50:00
2495,HF/86,TH/86,HZ/86,00:54:00,00:55:00
2495,TH/86,HZ/86,OL/86,01:01:00,01:02:00
2495,HZ/86,OL/86,NÆN/86,01:08:00,01:09:00
2495,OL/86,NÆN/86,NÆ/86,01:12:00,01:13:00
250,OD/86,MV/86,NG/86,17:14:00,17:14:00
250,MV/86,NG/86,SPR/86,17:22:00,17:24:00
250,NG/86,SPR/86,SG/86,17:29:00,17:29:00
250,SPR/86,SG/86,SO/86,17:42:00,17:44:00
250,SG/86,SO/86,FJ/86,17:51:00,17:53:00
250,SO/86,FJ/86,RG/86,17:57:00,17:57:00
250,FJ/86,RG/86,KY/86,18:02:00,18:04:00
250,RG/86,KY/86,RO/86,18:08:00,18:08:00
250,KY/86,RO/86,TRK/86,18:18:00,18:20:00
250,RO/86,TRK/86,HH/86,18:23:00,18:24:00
250,TRK/86,HH/86,HTÅ/86,18:26:00,18:26:00
250,HH/86,HTÅ/86,GL/86,18:29:00,18:31:00
250,HTÅ/86,GL/86,NEL/86,18:35:00,18:35:00
250,GL/86,NEL/86,KLV/86,18:40:00,18:42:00
250,NEL/86,KLV/86,ØRE/86,18:44:00,18:44:00
250,KLV/86,ØRE/86,TÅT/86,18:46:00,18:47:00
250,ØRE/86,TÅT/86,CPH/86,18:49:00,18:50:00
2500,KH/86,KN/86,KK/86,05:54:00,05:55:00
2500,KN/86,KK/86,HGL/86,05:58:00,05:59:00
2500,KK/86,HGL/86,HL/86,06:01:00,06:01:00
2500,HGL/86,HL/86,KL/86,06:04:00,06:05:00
2500,HL/86,KL/86,SÅ/86,06:09:00,06:10:00
2500,KL/86,SÅ/86,VB/86,06:14:00,06:15:00
2500,SÅ/86,VB/86,RU/86,06:18:00,06:19:00
2500,VB/86,RU/86,OK/86,06:22:00,06:23:00
2500,RU/86,OK/86,NI/86,06:26:00,06:27:00
2500,OK/86,NI/86,HUM/86,06:30:00,06:31:00
2500,NI/86,HUM/86,GÆ/86,06:34:00,06:35:00
2500,HUM/86,GÆ/86,SQ/86,06:38:00,06:39:00
2500,GÆ/86,SQ/86,HG/86,06:42:00,06:43:00
2502,HK/86,PE/86,TØ/86,05:57:00,05:58:00
2502,PE/86,TØ/86,HV/86,06:03:00,06:04:00
2502,TØ/86,HV/86,LJ/86,06:08:00,06:09:00
2502,HV/86,LJ/86,RO/86,06:13:00,06:14:00
2502,LJ/86,RO/86,TRK/86,06:20:00,06:22:00
2502,RO/86,TRK/86,HH/86,06:24:00,06:25:00
2502,TRK/86,HH/86,HTÅ/86,06:28:00,06:29:00
2502,HH/86,HTÅ/86,GL/86,06:33:00,06:34:00
2502,HTÅ/86,GL/86,VAL/86,06:39:00,06:39:00
2502,GL/86,VAL/86,KH/86,06:43:00,06:44:00
2502,VAL/86,KH/86,KN/86,06:49:00,06:52:00
2502,KH/86,KN/86,KK/86,06:54:00,06:55:00
2502,KN/86,KK/86,HGL/86,06:58:00,06:59:00
2502,KK/86,HGL/86,HL/86,07:01:00,07:01:00
2502,HGL/86,HL/86,KL/86,07:04:00,07:05:00
2502,HL/86,KL/86,SÅ/86,07:09:00,07:10:00
2502,KL/86,SÅ/86,VB/86,07:14:00,07:15:00
2502,SÅ/86,VB/86,RU/86,07:18:00,07:19:00
2502,VB/86,RU/86,OK/86,07:22:00,07:23:00
2502,RU/86,OK/86,NI/86,07:26:00,07:27:00
2502,OK/86,NI/86,HUM/86,07:30:00,07:31:00
2502,NI/86,HUM/86,GÆ/86,07:34:00,07:35:00
2502,HUM/86,GÆ/86,SQ/86,07:38:00,07:39:00
2502,GÆ/86,SQ/86,HG/86,07:42:00,07:43:00
2506,HK/86,PE/86,TØ/86,06:57:00,06:58:00
2506,PE/86,TØ/86,HV/86,07:03:00,07:04:00
2506,TØ/86,HV/86,LJ/86,07:08:00,07:09:00
2506,HV/86,LJ/86,RO/86,07:13:00,07:14:00
2506,LJ/86,RO/86,TRK/86,07:20:00,07:22:00
2506,RO/86,TRK/86,HH/86,07:24:00,07:25:00
2506,TRK/86,HH/86,HTÅ/86,07:28:00,07:29:00
2506,HH/86,HTÅ/86,GL/86,07:33:00,07:34:00
2506,HTÅ/86,GL/86,VAL/86,07:39:00,07:39:00
2506,GL/86,VAL/86,KH/86,07:43:00,07:44:00
2506,VAL/86,KH/86,KN/86,07:49:00,07:52:00
2506,KH/86,KN/86,KK/86,07:54:00,07:55:00
2506,KN/86,KK/86,HGL/86,07:58:00,07:59:00
2506,KK/86,HGL/86,HL/86,08:01:00,08:01:00
2506,HGL/86,HL/86,KL/86,08:04:00,08:05:00
2506,HL/86,KL/86,SÅ/86,08:09:00,08:10:00
2506,KL/86,SÅ/86,VB/86,08:14:00,08:15:00
2506,SÅ/86,VB/86,RU/86,08:18:00,08:19:00
2506,VB/86,RU/86,OK/86,08:22:00,08:23:00
2506,RU/86,OK/86,NI/86,08:26:00,08:27:00
2506,OK/86,NI/86,HUM/86,08:30:00,08:31:00
2506,NI/86,HUM/86,GÆ/86,08:34:00,08:35:00
2506,HUM/86,GÆ/86,SQ/86,08:38:00,08:39:00
2506,GÆ/86,SQ/86,HG/86,08:42:00,08:43:00
251,CPH/86,TÅT/86,ØRE/86,13:07:00,13:08:00
251,TÅT/86,ØRE/86,KLV/86,13:10:00,13:11:00
251,ØRE/86,KLV/86,NEL/86,13:14:00,13:14:00
251,KLV/86,NEL/86,IG/86,13:16:00,13:18:00
251,NEL/86,IG/86,HTÅ/86,13:20:00,13:20:00
251,IG/86,HTÅ/86,HH/86,13:28:00,13:29:00
251,HTÅ/86,HH/86,TRK/86,13:32:00,13:32:00
251,HH/86,TRK/86,RO/86,13:35:00,13:36:00
251,TRK/86,RO/86,VY/86,13:39:00,13:41:00
251,RO/86,VY/86,RG/86,13:46:00,13:46:00
251,VY/86,RG/86,FJ/86,13:56:00,13:58:00
251,RG/86,FJ/86,SO/86,14:03:00,14:03:00
251,FJ/86,SO/86,SG/86,14:06:00,14:07:00
251,SO/86,SG/86,FO/86,14:15:00,14:17:00
251,SG/86,FO/86,NG/86,14:21:00,14:21:00
251,FO/86,NG/86,JU/86,14:35:00,14:37:00
251,NG/86,JU/86,OD/86,14:40:00,14:40:00
2510,HK/86,PE/86,TØ/86,07:57:00,07:58:00
2510,PE/86,TØ/86,HV/86,08:03:00,08:04:00
2510,TØ/86,HV/86,LJ/86,08:08:00,08:09:00
2510,HV/86,LJ/86,RO/86,08:13:00,08:14:00
2510,LJ/86,RO/86,TRK/86,08:20:00,08:22:00
2510,RO/86,TRK/86,HH/86,08:24:00,08:25:00
2510,TRK/86,HH/86,HTÅ/86,08:28:00,08:29:00
2510,HH/86,HTÅ/86,GL/86,08:33:00,08:34:00
2510,HTÅ/86,GL/86,VAL/86,08:39:00,08:39:00
2510,GL/86,VAL/86,KH/86,08:43:00,08:44:00
2510,VAL/86,KH/86,KN/86,08:49:00,08:52:00
2510,KH/86,KN/86,KK/86,08:54:00,08:55:00
2510,KN/86,KK/86,HGL/86,08:58:00,08:59:00
2510,KK/86,HGL/86,HL/86,09:01:00,09:01:00
2510,HGL/86,HL/86,KL/86,09:04:00,09:05:00
2510,HL/86,KL/86,SÅ/86,09:09:00,09:10:00
2510,KL/86,SÅ/86,VB/86,09:14:00,09:15:00
2510,SÅ/86,VB/86,RU/86,09:18:00,09:19:00
2510,VB/86,RU/86,OK/86,09:22:00,09:23:00
2510,RU/86,OK/86,NI/86,09:26:00,09:27:00
2510,OK/86,NI/86,HUM/86,09:30:00,09:31:00
2510,NI/86,HUM/86,GÆ/86,09:34:00,09:35:00
2510,HUM/86,GÆ/86,SQ/86,09:38:00,09:39:00
2510,GÆ/86,SQ/86,HG/86,09:42:00,09:43:00
2514,HK/86,PE/86,TØ/86,08:57:00,08:58:00
2514,PE/86,TØ/86,HV/86,09:03:00,09:04:00
2514,TØ/86,HV/86,LJ/86,09:08:00,09:09:00
2514,HV/86,LJ/86,RO/86,09:13:00,09:14:00
2514,LJ/86,RO/86,TRK/86,09:20:00,09:22:00
2514,RO/86,TRK/86,HH/86,09:24:00,09:25:00
2514,TRK/86,HH/86,HTÅ/86,09:28:00,09:29:00
2514,HH/86,HTÅ/86,GL/86,09:33:00,09:34:00
2514,HTÅ/86,GL/86,VAL/86,09:39:00,09:39:00
2514,GL/86,VAL/86,KH/86,09:43:00,09:44:00
2514,VAL/86,KH/86,KN/86,09:49:00,09:52:00
2514,KH/86,KN/86,KK/86,09:54:00,09:55:00
2514,KN/86,KK/86,HGL/86,09:58:00,09:59:00
2514,KK/86,HGL/86,HL/86,10:01:00,10:01:00
2514,HGL/86,HL/86,KL/86,10:04:00,10:05:00
2514,HL/86,KL/86,SÅ/86,10:09:00,10:10:00
2514,KL/86,SÅ/86,VB/86,10:14:00,10:15:00
2514,SÅ/86,VB/86,RU/86,10:18:00,10:19:00
2514,VB/86,RU/86,OK/86,10:22:00,10:23:00
2514,RU/86,OK/86,NI/86,10:26:00,10:27:00
2514,OK/86,NI/86,HUM/86,10:30:00,10:31:00
2514,NI/86,HUM/86,GÆ/86,10:34:00,10:35:00
2514,HUM/86,GÆ/86,SQ/86,10:38:00,10:39:00
2514,GÆ/86,SQ/86,HG/86,10:42:00,10:43:00
2518,HK/86,PE/86,TØ/86,09:57:00,09:58:00
2518,PE/86,TØ/86,HV/86,10:03:00,10:04:00
2518,TØ/86,HV/86,LJ/86,10:08:00,10:09:00
2518,HV/86,LJ/86,RO/86,10:13:00,10:14:00
2518,LJ/86,RO/86,TRK/86,10:20:00,10:22:00
2518,RO/86,TRK/86,HH/86,10:24:00,10:25:00
2518,TRK/86,HH/86,HTÅ/86,10:28:00,10:29:00
2518,HH/86,HTÅ/86,GL/86,10:33:00,10:34:00
2518,HTÅ/86,GL/86,VAL/86,10:39:00,10:39:00
2518,GL/86,VAL/86,KH/86,10:43:00,10:44:00
2518,VAL/86,KH/86,KN/86,10:49:00,10:52:00
2518,KH/86,KN/86,KK/86,10:54:00,10:55:00
2518,KN/86,KK/86,HGL/86,10:58:00,10:59:00
2518,KK/86,HGL/86,HL/86,11:01:00,11:01:00
2518,HGL/86,HL/86,KL/86,11:04:00,11:05:00
2518,HL/86,KL/86,SÅ/86,11:09:00,11:10:00
2518,KL/86,SÅ/86,VB/86,11:14:00,11:15:00
2518,SÅ/86,VB/86,RU/86,11:18:00,11:19:00
2518,VB/86,RU/86,OK/86,11:22:00,11:23:00
2518,RU/86,OK/86,NI/86,11:26:00,11:27:00
2518,OK/86,NI/86,HUM/86,11:30:00,11:31:00
2518,NI/86,HUM/86,GÆ/86,11:34:00,11:35:00
2518,HUM/86,GÆ/86,SQ/86,11:38:00,11:39:00
2518,GÆ/86,SQ/86,HG/86,11:42:00,11:43:00
2519,KH/86,VAL/86,HIF/86,05:15:00,05:16:00
2519,VAL/86,HIF/86,HTÅ/86,05:18:00,05:18:00
2519,HIF/86,HTÅ/86,HH/86,05:25:00,05:26:00
2519,HTÅ/86,HH/86,TRK/86,05:30:00,05:31:00
2519,HH/86,TRK/86,RO/86,05:34:00,05:35:00
2519,TRK/86,RO/86,LJ/86,05:38:00,05:39:00
2519,RO/86,LJ/86,HV/86,05:45:00,05:46:00
2519,LJ/86,HV/86,TØ/86,05:51:00,05:52:00
2519,HV/86,TØ/86,PE/86,05:56:00,05:57:00
2519,TØ/86,PE/86,HK/86,06:01:00,06:02:00
2522,HK/86,PE/86,TØ/86,10:57:00,10:58:00
2522,PE/86,TØ/86,HV/86,11:03:00,11:04:00
2522,TØ/86,HV/86,LJ/86,11:08:00,11:09:00
2522,HV/86,LJ/86,RO/86,11:13:00,11:14:00
2522,LJ/86,RO/86,TRK/86,11:20:00,11:22:00
2522,RO/86,TRK/86,HH/86,11:24:00,11:25:00
2522,TRK/86,HH/86,HTÅ/86,11:28:00,11:29:00
2522,HH/86,HTÅ/86,GL/86,11:33:00,11:34:00
2522,HTÅ/86,GL/86,VAL/86,11:39:00,11:39:00
2522,GL/86,VAL/86,KH/86,11:43:00,11:44:00
2522,VAL/86,KH/86,KN/86,11:49:00,11:52:00
2522,KH/86,KN/86,KK/86,11:54:00,11:55:00
2522,KN/86,KK/86,HGL/86,11:58:00,11:59:00
2522,KK/86,HGL/86,HL/86,12:01:00,12:01:00
2522,HGL/86,HL/86,KL/86,12:04:00,12:05:00
2522,HL/86,KL/86,SÅ/86,12:09:00,12:10:00
2522,KL/86,SÅ/86,VB/86,12:14:00,12:15:00
2522,SÅ/86,VB/86,RU/86,12:18:00,12:19:00
2522,VB/86,RU/86,OK/86,12:22:00,12:23:00
2522,RU/86,OK/86,NI/86,12:26:00,12:27:00
2522,OK/86,NI/86,HUM/86,12:30:00,12:31:00
2522,NI/86,HUM/86,GÆ/86,12:34:00,12:35:00
2522,HUM/86,GÆ/86,SQ/86,12:38:00,12:39:00
2522,GÆ/86,SQ/86,HG/86,12:42:00,12:43:00
2523,HGL/86,KK/86,KN/86,06:00:00,06:02:00
2523,KK/86,KN/86,KH/86,06:04:00,06:05:00
2523,KN/86,KH/86,VAL/86,06:08:00,06:12:00
2523,KH/86,VAL/86,HIF/86,06:15:00,06:16:00
2523,VAL/86,HIF/86,HTÅ/86,06:18:00,06:18:00
2523,HIF/86,HTÅ/86,HH/86,06:25:00,06:26:00
2523,HTÅ/86,HH/86,TRK/86,06:30:00,06:31:00
2523,HH/86,TRK/86,RO/86,06:34:00,06:35:00
2523,TRK/86,RO/86,LJ/86,06:38:00,06:39:00
2523,RO/86,LJ/86,HV/86,06:45:00,06:46:00
2523,LJ/86,HV/86,TØ/86,06:51:00,06:52:00
2523,HV/86,TØ/86,PE/86,06:56:00,06:57:00
2523,TØ/86,PE/86,HK/86,07:01:00,07:02:00
2526,HK/86,PE/86,TØ/86,11:57:00,11:58:00
2526,PE/86,TØ/86,HV/86,12:03:00,12:04:00
2526,TØ/86,HV/86,LJ/86,12:08:00,12:09:00
2526,HV/86,LJ/86,RO/86,12:13:00,12:14:00
2526,LJ/86,RO/86,TRK/86,12:20:00,12:22:00
2526,RO/86,TRK/86,HH/86,12:24:00,12:25:00
2526,TRK/86,HH/86,HTÅ/86,12:28:00,12:29:00
2526,HH/86,HTÅ/86,GL/86,12:33:00,12:34:00
2526,HTÅ/86,GL/86,VAL/86,12:39:00,12:39:00
2526,GL/86,VAL/86,KH/86,12:43:00,12:44:00
2526,VAL/86,KH/86,KN/86,12:49:00,12:52:00
2526,KH/86,KN/86,KK/86,12:54:00,12:55:00
2526,KN/86,KK/86,HGL/86,12:58:00,12:59:00
2526,KK/86,HGL/86,HL/86,13:01:00,13:01:00
2526,HGL/86,HL/86,KL/86,13:04:00,13:05:00
2526,HL/86,KL/86,SÅ/86,13:09:00,13:10:00
2526,KL/86,SÅ/86,VB/86,13:14:00,13:15:00
2526,SÅ/86,VB/86,RU/86,13:18:00,13:19:00
2526,VB/86,RU/86,OK/86,13:22:00,13:23:00
2526,RU/86,OK/86,NI/86,13:26:00,13:27:00
2526,OK/86,NI/86,HUM/86,13:30:00,13:31:00
2526,NI/86,HUM/86,GÆ/86,13:34:00,13:35:00
2526,HUM/86,GÆ/86,SQ/86,13:38:00,13:39:00
2526,GÆ/86,SQ/86,HG/86,13:42:00,13:43:00
2527,HG/86,SQ/86,GÆ/86,06:16:00,06:17:00
2527,SQ/86,GÆ/86,HUM/86,06:19:00,06:20:00
2527,GÆ/86,HUM/86,NI/86,06:23:00,06:24:00
2527,HUM/86,NI/86,OK/86,06:27:00,06:28:00
2527,NI/86,OK/86,RU/86,06:32:00,06:33:00
2527,OK/86,RU/86,VB/86,06:35:00,06:36:00
2527,RU/86,VB/86,SÅ/86,06:39:00,06:40:00
2527,VB/86,SÅ/86,KL/86,06:43:00,06:44:00
2527,SÅ/86,KL/86,HL/86,06:48:00,06:49:00
2527,KL/86,HL/86,HGL/86,06:54:00,06:55:00
2527,HL/86,HGL/86,KK/86,06:57:00,06:57:00
2527,HGL/86,KK/86,KN/86,07:00:00,07:02:00
2527,KK/86,KN/86,KH/86,07:04:00,07:05:00
2527,KN/86,KH/86,VAL/86,07:08:00,07:12:00
2527,KH/86,VAL/86,HIF/86,07:15:00,07:16:00
2527,VAL/86,HIF/86,HTÅ/86,07:19:00,07:19:00
2527,HIF/86,HTÅ/86,HH/86,07:25:00,07:26:00
2527,HTÅ/86,HH/86,TRK/86,07:30:00,07:31:00
2527,HH/86,TRK/86,RO/86,07:34:00,07:35:00
2527,TRK/86,RO/86,LJ/86,07:38:00,07:39:00
2527,RO/86,LJ/86,HV/86,07:45:00,07:46:00
2527,LJ/86,HV/86,TØ/86,07:51:00,07:52:00
2527,HV/86,TØ/86,PE/86,07:56:00,07:57:00
2527,TØ/86,PE/86,HK/86,08:01:00,08:02:00
2530,HK/86,PE/86,TØ/86,12:57:00,12:58:00
2530,PE/86,TØ/86,HV/86,13:03:00,13:04:00
2530,TØ/86,HV/86,LJ/86,13:08:00,13:09:00
2530,HV/86,LJ/86,RO/86,13:13:00,13:14:00
2530,LJ/86,RO/86,TRK/86,13:20:00,13:22:00
2530,RO/86,TRK/86,HH/86,13:24:00,13:25:00
2530,TRK/86,HH/86,HTÅ/86,13:28:00,13:29:00
2530,HH/86,HTÅ/86,GL/86,13:33:00,13:34:00
2530,HTÅ/86,GL/86,VAL/86,13:39:00,13:39:00
2530,GL/86,VAL/86,KH/86,13:43:00,13:44:00
2530,VAL/86,KH/86,KN/86,13:49:00,13:52:00
2530,KH/86,KN/86,KK/86,13:54:00,13:55:00
2530,KN/86,KK/86,HGL/86,13:58:00,13:59:00
2530,KK/86,HGL/86,HL/86,14:01:00,14:01:00
2530,HGL/86,HL/86,KL/86,14:04:00,14:05:00
2530,HL/86,KL/86,SÅ/86,14:09:00,14:10:00
2530,KL/86,SÅ/86,VB/86,14:14:00,14:15:00
2530,SÅ/86,VB/86,RU/86,14:18:00,14:19:00
2530,VB/86,RU/86,OK/86,14:22:00,14:23:00
2530,RU/86,OK/86,NI/86,14:26:00,14:27:00
2530,OK/86,NI/86,HUM/86,14:30:00,14:31:00
2530,NI/86,HUM/86,GÆ/86,14:34:00,14:35:00
2530,HUM/86,GÆ/86,SQ/86,14:38:00,14:39:00
2530,GÆ/86,SQ/86,HG/86,14:42:00,14:43:00
2531,HG/86,SQ/86,GÆ/86,07:16:00,07:17:00
2531,SQ/86,GÆ/86,HUM/86,07:19:00,07:20:00
2531,GÆ/86,HUM/86,NI/86,07:23:00,07:24:00
2531,HUM/86,NI/86,OK/86,07:27:00,07:28:00
2531,NI/86,OK/86,RU/86,07:32:00,07:33:00
2531,OK/86,RU/86,VB/86,07:35:00,07:36:00
2531,RU/86,VB/86,SÅ/86,07:39:00,07:40:00
2531,VB/86,SÅ/86,KL/86,07:43:00,07:44:00
2531,SÅ/86,KL/86,HL/86,07:48:00,07:49:00
2531,KL/86,HL/86,HGL/86,07:54:00,07:55:00
2531,HL/86,HGL/86,KK/86,07:57:00,07:57:00
2531,HGL/86,KK/86,KN/86,08:00:00,08:02:00
2531,KK/86,KN/86,KH/86,08:04:00,08:05:00
2531,KN/86,KH/86,VAL/86,08:08:00,08:12:00
2531,KH/86,VAL/86,HIF/86,08:15:00,08:16:00
2531,VAL/86,HIF/86,HTÅ/86,08:19:00,08:19:00
2531,HIF/86,HTÅ/86,HH/86,08:25:00,08:26:00
2531,HTÅ/86,HH/86,TRK/86,08:30:00,08:31:00
2531,HH/86,TRK/86,RO/86,08:34:00,08:35:00
2531,TRK/86,RO/86,LJ/86,08:38:00,08:39:00
2531,RO/86,LJ/86,HV/86,08:45:00,08:46:00
2531,LJ/86,HV/86,TØ/86,08:51:00,08:52:00
2531,HV/86,TØ/86,PE/86,08:56:00,08:57:00
2531,TØ/86,PE/86,HK/86,09:01:00,09:02:00
2534,HK/86,PE/86,TØ/86,13:57:00,13:58:00
2534,PE/86,TØ/86,HV/86,14:03:00,14:04:00
2534,TØ/86,HV/86,LJ/86,14:08:00,14:09:00
2534,HV/86,LJ/86,RO/86,14:13:00,14:14:00
2534,LJ/86,RO/86,TRK/86,14:20:00,14:22:00
2534,RO/86,TRK/86,HH/86,14:24:00,14:25:00
2534,TRK/86,HH/86,HTÅ/86,14:28:00,14:29:00
2534,HH/86,HTÅ/86,GL/86,14:33:00,14:34:00
2534,HTÅ/86,GL/86,VAL/86,14:39:00,14:39:00
2534,GL/86,VAL/86,KH/86,14:43:00,14:44:00
2534,VAL/86,KH/86,KN/86,14:49:00,14:52:00
2534,KH/86,KN/86,KK/86,14:54:00,14:55:00
2534,KN/86,KK/86,HGL/86,14:58:00,14:59:00
2534,KK/86,HGL/86,HL/86,15:01:00,15:01:00
2534,HGL/86,HL/86,KL/86,15:04:00,15:05:00
2534,HL/86,KL/86,SÅ/86,15:09:00,15:10:00
2534,KL/86,SÅ/86,VB/86,15:14:00,15:15:00
2534,SÅ/86,VB/86,RU/86,15:18:00,15:19:00
2534,VB/86,RU/86,OK/86,15:22:00,15:23:00
2534,RU/86,OK/86,NI/86,15:26:00,15:27:00
2534,OK/86,NI/86,HUM/86,15:30:00,15:31:00
2534,NI/86,HUM/86,GÆ/86,15:34:00,15:35:00
2534,HUM/86,GÆ/86,SQ/86,15:38:00,15:39:00
2534,GÆ/86,SQ/86,HG/86,15:42:00,15:43:00
2535,HG/86,SQ/86,GÆ/86,08:16:00,08:17:00
2535,SQ/86,GÆ/86,HUM/86,08:19:00,08:20:00
2535,GÆ/86,HUM/86,NI/86,08:23:00,08:24:00
2535,HUM/86,NI/86,OK/86,08:27:00,08:28:00
2535,NI/86,OK/86,RU/86,08:32:00,08:33:00
2535,OK/86,RU/86,VB/86,08:35:00,08:36:00
2535,RU/86,VB/86,SÅ/86,08:39:00,08:40:00
2535,VB/86,SÅ/86,KL/86,08:43:00,08:44:00
2535,SÅ/86,KL/86,HL/86,08:48:00,08:49:00
2535,KL/86,HL/86,HGL/86,08:54:00,08:55:00
2535,HL/86,HGL/86,KK/86,08:57:00,08:57:00
2535,HGL/86,KK/86,KN/86,09:00:00,09:02:00
2535,KK/86,KN/86,KH/86,09:04:00,09:05:00
2535,KN/86,KH/86,VAL/86,09:08:00,09:12:00
2535,KH/86,VAL/86,HIF/86,09:15:00,09:16:00
2535,VAL/86,HIF/86,HTÅ/86,09:19:00,09:19:00
2535,HIF/86,HTÅ/86,HH/86,09:25:00,09:26:00
2535,HTÅ/86,HH/86,TRK/86,09:30:00,09:31:00
2535,HH/86,TRK/86,RO/86,09:34:00,09:35:00
2535,TRK/86,RO/86,LJ/86,09:38:00,09:39:00
2535,RO/86,LJ/86,HV/86,09:45:00,09:46:00
2535,LJ/86,HV/86,TØ/86,09:51:00,09:52:00
2535,HV/86,TØ/86,PE/86,09:56:00,09:57:00
2535,TØ/86,PE/86,HK/86,10:01:00,10:02:00
2538,HK/86,PE/86,TØ/86,14:57:00,14:58:00
2538,PE/86,TØ/86,HV/86,15:03:00,15:04:00
2538,TØ/86,HV/86,LJ/86,15:08:00,15:09:00
2538,HV/86,LJ/86,RO/86,15:13:00,15:14:00
2538,LJ/86,RO/86,TRK/86,15:20:00,15:22:00
2538,RO/86,TRK/86,HH/86,15:24:00,15:25:00
2538,TRK/86,HH/86,HTÅ/86,15:28:00,15:29:00
2538,HH/86,HTÅ/86,GL/86,15:33:00,15:34:00
2538,HTÅ/86,GL/86,VAL/86,15:39:00,15:39:00
2538,GL/86,VAL/86,KH/86,15:43:00,15:44:00
2538,VAL/86,KH/86,KN/86,15:49:00,15:52:00
2538,KH/86,KN/86,KK/86,15:54:00,15:55:00
2538,KN/86,KK/86,HGL/86,15:58:00,15:59:00
2538,KK/86,HGL/86,HL/86,16:01:00,16:01:00
2538,HGL/86,HL/86,KL/86,16:04:00,16:05:00
2538,HL/86,KL/86,SÅ/86,16:09:00,16:10:00
2538,KL/86,SÅ/86,VB/86,16:14:00,16:15:00
2538,SÅ/86,VB/86,RU/86,16:18:00,16:19:00
2538,VB/86,RU/86,OK/86,16:22:00,16:23:00
2538,RU/86,OK/86,NI/86,16:26:00,16:27:00
2538,OK/86,NI/86,HUM/86,16:30:00,16:31:00
2538,NI/86,HUM/86,GÆ/86,16:34:00,16:35:00
2538,HUM/86,GÆ/86,SQ/86,16:38:00,16:39:00
2538,GÆ/86,SQ/86,HG/86,16:42:00,16:43:00
2539,HG/86,SQ/86,GÆ/86,09:16:00,09:17:00
2539,SQ/86,GÆ/86,HUM/86,09:19:00,09:20:00
2539,GÆ/86,HUM/86,NI/86,09:23:00,09:24:00
2539,HUM/86,NI/86,OK/86,09:27:00,09:28:00
2539,NI/86,OK/86,RU/86,09:32:00,09:33:00
2539,OK/86,RU/86,VB/86,09:35:00,09:36:00
2539,RU/86,VB/86,SÅ/86,09:39:00,09:40:00
2539,VB/86,SÅ/86,KL/86,09:43:00,09:44:00
2539,SÅ/86,KL/86,HL/86,09:48:00,09:49:00
2539,KL/86,HL/86,HGL/86,09:54:00,09:55:00
2539,HL/86,HGL/86,KK/86,09:57:00,09:57:00
2539,HGL/86,KK/86,KN/86,10:00:00,10:02:00
2539,KK/86,KN/86,KH/86,10:04:00,10:05:00
2539,KN/86,KH/86,VAL/86,10:08:00,10:12:00
2539,KH/86,VAL/86,HIF/86,10:15:00,10:16:00
2539,VAL/86,HIF/86,HTÅ/86,10:19:00,10:19:00
2539,HIF/86,HTÅ/86,HH/86,10:25:00,10:26:00
2539,HTÅ/86,HH/86,TRK/86,10:30:00,10:31:00
2539,HH/86,TRK/86,RO/86,10:34:00,10:35:00
2539,TRK/86,RO/86,LJ/86,10:38:00,10:39:00
2539,RO/86,LJ/86,HV/86,10:45:00,10:46:00
2539,LJ/86,HV/86,TØ/86,10:51:00,10:52:00
2539,HV/86,TØ/86,PE/86,10:56:00,10:57:00
2539,TØ/86,PE/86,HK/86,11:01:00,11:02:00
254,SG/86,SO/86,FJ/86,18:51:00,18:53:00
254,SO/86,FJ/86,RG/86,18:57:00,18:57:00
254,FJ/86,RG/86,KY/86,19:02:00,19:04:00
254,RG/86,KY/86,RO/86,19:08:00,19:08:00
254,KY/86,RO/86,TRK/86,19:18:00,19:20:00
254,RO/86,TRK/86,HH/86,19:23:00,19:24:00
254,TRK/86,HH/86,HTÅ/86,19:26:00,19:26:00
254,HH/86,HTÅ/86,GL/86,19:29:00,19:31:00
254,HTÅ/86,GL/86,NEL/86,19:35:00,19:35:00
254,GL/86,NEL/86,KLV/86,19:40:00,19:42:00
254,NEL/86,KLV/86,ØRE/86,19:44:00,19:44:00
254,KLV/86,ØRE/86,TÅT/86,19:46:00,19:47:00
254,ØRE/86,TÅT/86,CPH/86,19:49:00,19:50:00
2542,HK/86,PE/86,TØ/86,15:57:00,15:58:00
2542,PE/86,TØ/86,HV/86,16:03:00,16:04:00
2542,TØ/86,HV/86,LJ/86,16:08:00,16:09:00
2542,HV/86,LJ/86,RO/86,16:13:00,16:14:00
2542,LJ/86,RO/86,TRK/86,16:20:00,16:22:00
2542,RO/86,TRK/86,HH/86,16:24:00,16:25:00
2542,TRK/86,HH/86,HTÅ/86,16:28:00,16:29:00
2542,HH/86,HTÅ/86,GL/86,16:33:00,16:34:00
2542,HTÅ/86,GL/86,VAL/86,16:39:00,16:39:00
2542,GL/86,VAL/86,KH/86,16:43:00,16:44:00
2542,VAL/86,KH/86,KN/86,16:49:00,16:52:00
2542,KH/86,KN/86,KK/86,16:54:00,16:55:00
2542,KN/86,KK/86,HGL/86,16:58:00,16:59:00
2542,KK/86,HGL/86,HL/86,17:01:00,17:01:00
2542,HGL/86,HL/86,KL/86,17:04:00,17:05:00
2542,HL/86,KL/86,SÅ/86,17:09:00,17:10:00
2542,KL/86,SÅ/86,VB/86,17:14:00,17:15:00
2542,SÅ/86,VB/86,RU/86,17:18:00,17:19:00
2542,VB/86,RU/86,OK/86,17:22:00,17:23:00
2542,RU/86,OK/86,NI/86,17:26:00,17:27:00
2542,OK/86,NI/86,HUM/86,17:30:00,17:31:00
2542,NI/86,HUM/86,GÆ/86,17:34:00,17:35:00
2542,HUM/86,GÆ/86,SQ/86,17:38:00,17:39:00
2542,GÆ/86,SQ/86,HG/86,17:42:00,17:43:00
2543,HG/86,SQ/86,GÆ/86,10:16:00,10:17:00
2543,SQ/86,GÆ/86,HUM/86,10:19:00,10:20:00
2543,GÆ/86,HUM/86,NI/86,10:23:00,10:24:00
2543,HUM/86,NI/86,OK/86,10:27:00,10:28:00
2543,NI/86,OK/86,RU/86,10:32:00,10:33:00
2543,OK/86,RU/86,VB/86,10:35:00,10:36:00
2543,RU/86,VB/86,SÅ/86,10:39:00,10:40:00
2543,VB/86,SÅ/86,KL/86,10:43:00,10:44:00
2543,SÅ/86,KL/86,HL/86,10:48:00,10:49:00
2543,KL/86,HL/86,HGL/86,10:54:00,10:55:00
2543,HL/86,HGL/86,KK/86,10:57:00,10:57:00
2543,HGL/86,KK/86,KN/86,11:00:00,11:02:00
2543,KK/86,KN/86,KH/86,11:04:00,11:05:00
2543,KN/86,KH/86,VAL/86,11:08:00,11:12:00
2543,KH/86,VAL/86,HIF/86,11:15:00,11:16:00
2543,VAL/86,HIF/86,HTÅ/86,11:19:00,11:19:00
2543,HIF/86,HTÅ/86,HH/86,11:25:00,11:26:00
2543,HTÅ/86,HH/86,TRK/86,11:30:00,11:31:00
2543,HH/86,TRK/86,RO/86,11:34:00,11:35:00
2543,TRK/86,RO/86,LJ/86,11:38:00,11:39:00
2543,RO/86,LJ/86,HV/86,11:45:00,11:46:00
2543,LJ/86,HV/86,TØ/86,11:51:00,11:52:00
2543,HV/86,TØ/86,PE/86,11:56:00,11:57:00
2543,TØ/86,PE/86,HK/86,12:01:00,12:02:00
2546,HK/86,PE/86,TØ/86,16:57:00,16:58:00
2546,PE/86,TØ/86,HV/86,17:03:00,17:04:00
2546,TØ/86,HV/86,LJ/86,17:08:00,17:09:00
2546,HV/86,LJ/86,RO/86,17:13:00,17:14:00
2546,LJ/86,RO/86,TRK/86,17:20:00,17:22:00
2546,RO/86,TRK/86,HH/86,17:24:00,17:25:00
2546,TRK/86,HH/86,HTÅ/86,17:28:00,17:29:00
2546,HH/86,HTÅ/86,GL/86,17:33:00,17:34:00
2546,HTÅ/86,GL/86,VAL/86,17:39:00,17:39:00
2546,GL/86,VAL/86,KH/86,17:43:00,17:44:00
2546,VAL/86,KH/86,KN/86,17:49:00,17:52:00
2546,KH/86,KN/86,KK/86,17:54:00,17:55:00
2546,KN/86,KK/86,HGL/86,17:58:00,17:59:00
2546,KK/86,HGL/86,HL/86,18:01:00,18:01:00
2546,HGL/86,HL/86,KL/86,18:04:00,18:05:00
2546,HL/86,KL/86,SÅ/86,18:09:00,18:10:00
2546,KL/86,SÅ/86,VB/86,18:14:00,18:15:00
2546,SÅ/86,VB/86,RU/86,18:18:00,18:19:00
2546,VB/86,RU/86,OK/86,18:22:00,18:23:00
2546,RU/86,OK/86,NI/86,18:26:00,18:27:00
2546,OK/86,NI/86,HUM/86,18:30:00,18:31:00
2546,NI/86,HUM/86,GÆ/86,18:34:00,18:35:00
2546,HUM/86,GÆ/86,SQ/86,18:38:00,18:39:00
2546,GÆ/86,SQ/86,HG/86,18:42:00,18:43:00
2547,HG/86,SQ/86,GÆ/86,11:16:00,11:17:00
2547,SQ/86,GÆ/86,HUM/86,11:19:00,11:20:00
2547,GÆ/86,HUM/86,NI/86,11:23:00,11:24:00
2547,HUM/86,NI/86,OK/86,11:27:00,11:28:00
2547,NI/86,OK/86,RU/86,11:32:00,11:33:00
2547,OK/86,RU/86,VB/86,11:35:00,11:36:00
2547,RU/86,VB/86,SÅ/86,11:39:00,11:40:00
2547,VB/86,SÅ/86,KL/86,11:43:00,11:44:00
2547,SÅ/86,KL/86,HL/86,11:48:00,11:49:00
2547,KL/86,HL/86,HGL/86,11:54:00,11:55:00
2547,HL/86,HGL/86,KK/86,11:57:00,11:57:00
2547,HGL/86,KK/86,KN/86,12:00:00,12:02:00
2547,KK/86,KN/86,KH/86,12:04:00,12:05:00
2547,KN/86,KH/86,VAL/86,12:08:00,12:12:00
2547,KH/86,VAL/86,HIF/86,12:15:00,12:16:00
2547,VAL/86,HIF/86,HTÅ/86,12:19:00,12:19:00
2547,HIF/86,HTÅ/86,HH/86,12:25:00,12:26:00
2547,HTÅ/86,HH/86,TRK/86,12:30:00,12:31:00
2547,HH/86,TRK/86,RO/86,12:34:00,12:35:00
2547,TRK/86,RO/86,LJ/86,12:38:00,12:39:00
2547,RO/86,LJ/86,HV/86,12:45:00,12:46:00
2547,LJ/86,HV/86,TØ/86,12:51:00,12:52:00
2547,HV/86,TØ/86,PE/86,12:56:00,12:57:00
2547,TØ/86,PE/86,HK/86,13:01:00,13:02:00
255,CPH/86,TÅT/86,ØRE/86,14:07:00,14:08:00
255,TÅT/86,ØRE/86,KLV/86,14:10:00,14:11:00
255,ØRE/86,KLV/86,NEL/86,14:14:00,14:14:00
255,KLV/86,NEL/86,IG/86,14:16:00,14:18:00
255,NEL/86,IG/86,HTÅ/86,14:20:00,14:20:00
255,IG/86,HTÅ/86,HH/86,14:28:00,14:29:00
255,HTÅ/86,HH/86,TRK/86,14:32:00,14:32:00
255,HH/86,TRK/86,RO/86,14:35:00,14:36:00
255,TRK/86,RO/86,VY/86,14:39:00,14:41:00
255,RO/86,VY/86,RG/86,14:46:00,14:46:00
255,VY/86,RG/86,FJ/86,14:56:00,14:58:00
255,RG/86,FJ/86,SO/86,15:03:00,15:03:00
255,FJ/86,SO/86,SG/86,15:06:00,15:07:00
255,SO/86,SG/86,FO/86,15:15:00,15:17:00
255,SG/86,FO/86,NG/86,15:21:00,15:21:00
255,FO/86,NG/86,JU/86,15:35:00,15:37:00
255,NG/86,JU/86,OD/86,15:40:00,15:40:00
2550,HK/86,PE/86,TØ/86,17:57:00,17:58:00
2550,PE/86,TØ/86,HV/86,18:03:00,18:04:00
2550,TØ/86,HV/86,LJ/86,18:08:00,18:09:00
2550,HV/86,LJ/86,RO/86,18:13:00,18:14:00
2550,LJ/86,RO/86,TRK/86,18:20:00,18:22:00
2550,RO/86,TRK/86,HH/86,18:24:00,18:25:00
2550,TRK/86,HH/86,HTÅ/86,18:28:00,18:29:00
2550,HH/86,HTÅ/86,GL/86,18:33:00,18:34:00
2550,HTÅ/86,GL/86,VAL/86,18:39:00,18:39:00
2550,GL/86,VAL/86,KH/86,18:43:00,18:44:00
2550,VAL/86,KH/86,KN/86,18:49:00,18:52:00
2550,KH/86,KN/86,KK/86,18:54:00,18:55:00
2550,KN/86,KK/86,HGL/86,18:58:00,18:59:00
2550,KK/86,HGL/86,HL/86,19:01:00,19:01:00
2550,HGL/86,HL/86,KL/86,19:04:00,19:05:00
2550,HL/86,KL/86,SÅ/86,19:09:00,19:10:00
2550,KL/86,SÅ/86,VB/86,19:14:00,19:15:00
2550,SÅ/86,VB/86,RU/86,19:18:00,19:19:00
2550,VB/86,RU/86,OK/86,19:22:00,19:23:00
2550,RU/86,OK/86,NI/86,19:26:00,19:27:00
2550,OK/86,NI/86,HUM/86,19:30:00,19:31:00
2550,NI/86,HUM/86,GÆ/86,19:34:00,19:35:00
2550,HUM/86,GÆ/86,SQ/86,19:38:00,19:39:00
2550,GÆ/86,SQ/86,HG/86,19:42:00,19:43:00
2551,HG/86,SQ/86,GÆ/86,12:16:00,12:17:00
2551,SQ/86,GÆ/86,HUM/86,12:19:00,12:20:00
2551,GÆ/86,HUM/86,NI/86,12:23:00,12:24:00
2551,HUM/86,NI/86,OK/86,12:27:00,12:28:00
2551,NI/86,OK/86,RU/86,12:32:00,12:33:00
2551,OK/86,RU/86,VB/86,12:35:00,12:36:00
2551,RU/86,VB/86,SÅ/86,12:39:00,12:40:00
2551,VB/86,SÅ/86,KL/86,12:43:00,12:44:00
2551,SÅ/86,KL/86,HL/86,12:48:00,12:49:00
2551,KL/86,HL/86,HGL/86,12:54:00,12:55:00
2551,HL/86,HGL/86,KK/86,12:57:00,12:57:00
2551,HGL/86,KK/86,KN/86,13:00:00,13:02:00
2551,KK/86,KN/86,KH/86,13:04:00,13:05:00
2551,KN/86,KH/86,VAL/86,13:08:00,13:12:00
2551,KH/86,VAL/86,HIF/86,13:15:00,13:16:00
2551,VAL/86,HIF/86,HTÅ/86,13:19:00,13:19:00
2551,HIF/86,HTÅ/86,HH/86,13:25:00,13:26:00
2551,HTÅ/86,HH/86,TRK/86,13:30:00,13:31:00
2551,HH/86,TRK/86,RO/86,13:34:00,13:35:00
2551,TRK/86,RO/86,LJ/86,13:38:00,13:39:00
2551,RO/86,LJ/86,HV/86,13:45:00,13:46:00
2551,LJ/86,HV/86,TØ/86,13:51:00,13:52:00
2551,HV/86,TØ/86,PE/86,13:56:00,13:57:00
2551,TØ/86,PE/86,HK/86,14:01:00,14:02:00
2554,HK/86,PE/86,TØ/86,18:57:00,18:58:00
2554,PE/86,TØ/86,HV/86,19:03:00,19:04:00
2554,TØ/86,HV/86,LJ/86,19:08:00,19:09:00
2554,HV/86,LJ/86,RO/86,19:13:00,19:14:00
2554,LJ/86,RO/86,TRK/86,19:20:00,19:22:00
2554,RO/86,TRK/86,HH/86,19:24:00,19:25:00
2554,TRK/86,HH/86,HTÅ/86,19:28:00,19:29:00
2554,HH/86,HTÅ/86,GL/86,19:33:00,19:34:00
2554,HTÅ/86,GL/86,VAL/86,19:39:00,19:39:00
2554,GL/86,VAL/86,KH/86,19:43:00,19:44:00
2554,VAL/86,KH/86,KN/86,19:49:00,19:52:00
2554,KH/86,KN/86,KK/86,19:54:00,19:55:00
2554,KN/86,KK/86,HGL/86,19:58:00,19:59:00
2554,KK/86,HGL/86,HL/86,20:01:00,20:01:00
2554,HGL/86,HL/86,KL/86,20:04:00,20:05:00
2554,HL/86,KL/86,SÅ/86,20:09:00,20:10:00
2554,KL/86,SÅ/86,VB/86,20:14:00,20:15:00
2554,SÅ/86,VB/86,RU/86,20:18:00,20:19:00
2554,VB/86,RU/86,OK/86,20:22:00,20:23:00
2554,RU/86,OK/86,NI/86,20:26:00,20:27:00
2554,OK/86,NI/86,HUM/86,20:30:00,20:31:00
2554,NI/86,HUM/86,GÆ/86,20:34:00,20:35:00
2554,HUM/86,GÆ/86,SQ/86,20:38:00,20:39:00
2554,GÆ/86,SQ/86,HG/86,20:42:00,20:43:00
2555,HG/86,SQ/86,GÆ/86,13:16:00,13:17:00
2555,SQ/86,GÆ/86,HUM/86,13:19:00,13:20:00
2555,GÆ/86,HUM/86,NI/86,13:23:00,13:24:00
2555,HUM/86,NI/86,OK/86,13:27:00,13:28:00
2555,NI/86,OK/86,RU/86,13:32:00,13:33:00
2555,OK/86,RU/86,VB/86,13:35:00,13:36:00
2555,RU/86,VB/86,SÅ/86,13:39:00,13:40:00
2555,VB/86,SÅ/86,KL/86,13:43:00,13:44:00
2555,SÅ/86,KL/86,HL/86,13:48:00,13:49:00
2555,KL/86,HL/86,HGL/86,13:54:00,13:55:00
2555,HL/86,HGL/86,KK/86,13:57:00,13:57:00
2555,HGL/86,KK/86,KN/86,14:00:00,14:02:00
2555,KK/86,KN/86,KH/86,14:04:00,14:05:00
2555,KN/86,KH/86,VAL/86,14:08:00,14:12:00
2555,KH/86,VAL/86,HIF/86,14:15:00,14:16:00
2555,VAL/86,HIF/86,HTÅ/86,14:19:00,14:19:00
2555,HIF/86,HTÅ/86,HH/86,14:25:00,14:26:00
2555,HTÅ/86,HH/86,TRK/86,14:30:00,14:31:00
2555,HH/86,TRK/86,RO/86,14:34:00,14:35:00
2555,TRK/86,RO/86,LJ/86,14:38:00,14:39:00
2555,RO/86,LJ/86,HV/86,14:45:00,14:46:00
2555,LJ/86,HV/86,TØ/86,14:51:00,14:52:00
2555,HV/86,TØ/86,PE/86,14:56:00,14:57:00
2555,TØ/86,PE/86,HK/86,15:01:00,15:02:00
2558,HK/86,PE/86,TØ/86,19:57:00,19:58:00
2558,PE/86,TØ/86,HV/86,20:03:00,20:04:00
2558,TØ/86,HV/86,LJ/86,20:08:00,20:09:00
2558,HV/86,LJ/86,RO/86,20:13:00,20:14:00
2558,LJ/86,RO/86,TRK/86,20:20:00,20:22:00
2558,RO/86,TRK/86,HH/86,20:24:00,20:25:00
2558,TRK/86,HH/86,HTÅ/86,20:28:00,20:29:00
2558,HH/86,HTÅ/86,GL/86,20:33:00,20:34:00
2558,HTÅ/86,GL/86,VAL/86,20:39:00,20:39:00
2558,GL/86,VAL/86,KH/86,20:43:00,20:44:00
2558,VAL/86,KH/86,KN/86,20:49:00,20:52:00
2558,KH/86,KN/86,KK/86,20:54:00,20:55:00
2558,KN/86,KK/86,HGL/86,20:58:00,20:59:00
2558,KK/86,HGL/86,HL/86,21:01:00,21:01:00
2558,HGL/86,HL/86,KL/86,21:04:00,21:05:00
2558,HL/86,KL/86,SÅ/86,21:09:00,21:10:00
2558,KL/86,SÅ/86,VB/86,21:14:00,21:15:00
2558,SÅ/86,VB/86,RU/86,21:18:00,21:19:00
2558,VB/86,RU/86,OK/86,21:22:00,21:23:00
2558,RU/86,OK/86,NI/86,21:26:00,21:27:00
2558,OK/86,NI/86,HUM/86,21:30:00,21:31:00
2558,NI/86,HUM/86,GÆ/86,21:34:00,21:35:00
2558,HUM/86,GÆ/86,SQ/86,21:38:00,21:39:00
2558,GÆ/86,SQ/86,HG/86,21:42:00,21:43:00
2559,HG/86,SQ/86,GÆ/86,14:16:00,14:17:00
2559,SQ/86,GÆ/86,HUM/86,14:19:00,14:20:00
2559,GÆ/86,HUM/86,NI/86,14:23:00,14:24:00
2559,HUM/86,NI/86,OK/86,14:27:00,14:28:00
2559,NI/86,OK/86,RU/86,14:32:00,14:33:00
2559,OK/86,RU/86,VB/86,14:35:00,14:36:00
2559,RU/86,VB/86,SÅ/86,14:39:00,14:40:00
2559,VB/86,SÅ/86,KL/86,14:43:00,14:44:00
2559,SÅ/86,KL/86,HL/86,14:48:00,14:49:00
2559,KL/86,HL/86,HGL/86,14:54:00,14:55:00
2559,HL/86,HGL/86,KK/86,14:57:00,14:57:00
2559,HGL/86,KK/86,KN/86,15:00:00,15:02:00
2559,KK/86,KN/86,KH/86,15:04:00,15:05:00
2559,KN/86,KH/86,VAL/86,15:08:00,15:12:00
2559,KH/86,VAL/86,HIF/86,15:15:00,15:16:00
2559,VAL/86,HIF/86,HTÅ/86,15:19:00,15:19:00
2559,HIF/86,HTÅ/86,HH/86,15:25:00,15:26:00
2559,HTÅ/86,HH/86,TRK/86,15:30:00,15:31:00
2559,HH/86,TRK/86,RO/86,15:34:00,15:35:00
2559,TRK/86,RO/86,LJ/86,15:38:00,15:39:00
2559,RO/86,LJ/86,HV/86,15:45:00,15:46:00
2559,LJ/86,HV/86,TØ/86,15:51:00,15:52:00
2559,HV/86,TØ/86,PE/86,15:56:00,15:57:00
2559,TØ/86,PE/86,HK/86,16:01:00,16:02:00
2562,HK/86,PE/86,TØ/86,20:57:00,20:58:00
2562,PE/86,TØ/86,HV/86,21:03:00,21:04:00
2562,TØ/86,HV/86,LJ/86,21:08:00,21:09:00
2562,HV/86,LJ/86,RO/86,21:13:00,21:14:00
2562,LJ/86,RO/86,TRK/86,21:20:00,21:22:00
2562,RO/86,TRK/86,HH/86,21:24:00,21:25:00
2562,TRK/86,HH/86,HTÅ/86,21:28:00,21:29:00
2562,HH/86,HTÅ/86,GL/86,21:33:00,21:34:00
2562,HTÅ/86,GL/86,VAL/86,21:39:00,21:39:00
2562,GL/86,VAL/86,KH/86,21:43:00,21:44:00
2562,VAL/86,KH/86,KN/86,21:49:00,21:52:00
2562,KH/86,KN/86,KK/86,21:54:00,21:55:00
2562,KN/86,KK/86,HGL/86,21:58:00,22:01:00
2563,HG/86,SQ/86,GÆ/86,15:16:00,15:17:00
2563,SQ/86,GÆ/86,HUM/86,15:19:00,15:20:00
2563,GÆ/86,HUM/86,NI/86,15:23:00,15:24:00
2563,HUM/86,NI/86,OK/86,15:27:00,15:28:00
2563,NI/86,OK/86,RU/86,15:32:00,15:33:00
2563,OK/86,RU/86,VB/86,15:35:00,15:36:00
2563,RU/86,VB/86,SÅ/86,15:39:00,15:40:00
2563,VB/86,SÅ/86,KL/86,15:43:00,15:44:00
2563,SÅ/86,KL/86,HL/86,15:48:00,15:49:00
2563,KL/86,HL/86,HGL/86,15:54:00,15:55:00
2563,HL/86,HGL/86,KK/86,15:57:00,15:57:00
2563,HGL/86,KK/86,KN/86,16:00:00,16:02:00
2563,KK/86,KN/86,KH/86,16:04:00,16:05:00
2563,KN/86,KH/86,VAL/86,16:08:00,16:12:00
2563,KH/86,VAL/86,HIF/86,16:15:00,16:16:00
2563,VAL/86,HIF/86,HTÅ/86,16:19:00,16:19:00
2563,HIF/86,HTÅ/86,HH/86,16:25:00,16:26:00
2563,HTÅ/86,HH/86,TRK/86,16:30:00,16:31:00
2563,HH/86,TRK/86,RO/86,16:34:00,16:35:00
2563,TRK/86,RO/86,LJ/86,16:38:00,16:39:00
2563,RO/86,LJ/86,HV/86,16:45:00,16:46:00
2563,LJ/86,HV/86,TØ/86,16:51:00,16:52:00
2563,HV/86,TØ/86,PE/86,16:56:00,16:57:00
2563,TØ/86,PE/86,HK/86,17:01:00,17:02:00
2566,HK/86,PE/86,TØ/86,21:57:00,21:58:00
2566,PE/86,TØ/86,HV/86,22:03:00,22:04:00
2566,TØ/86,HV/86,LJ/86,22:08:00,22:09:00
2566,HV/86,LJ/86,RO/86,22:13:00,22:14:00
2566,LJ/86,RO/86,TRK/86,22:20:00,22:22:00
2566,RO/86,TRK/86,HH/86,22:24:00,22:25:00
2566,TRK/86,HH/86,HTÅ/86,22:28:00,22:29:00
2566,HH/86,HTÅ/86,GL/86,22:33:00,22:34:00
2566,HTÅ/86,GL/86,VAL/86,22:39:00,22:39:00
2566,GL/86,VAL/86,KH/86,22:43:00,22:44:00
2566,VAL/86,KH/86,KN/86,22:49:00,22:52:00
2566,KH/86,KN/86,KK/86,22:54:00,22:55:00
2566,KN/86,KK/86,HGL/86,22:58:00,23:01:00
2567,HG/86,SQ/86,GÆ/86,16:16:00,16:17:00
2567,SQ/86,GÆ/86,HUM/86,16:19:00,16:20:00
2567,GÆ/86,HUM/86,NI/86,16:23:00,16:24:00
2567,HUM/86,NI/86,OK/86,16:27:00,16:28:00
2567,NI/86,OK/86,RU/86,16:32:00,16:33:00
2567,OK/86,RU/86,VB/86,16:35:00,16:36:00
2567,RU/86,VB/86,SÅ/86,16:39:00,16:40:00
2567,VB/86,SÅ/86,KL/86,16:43:00,16:44:00
2567,SÅ/86,KL/86,HL/86,16:48:00,16:49:00
2567,KL/86,HL/86,HGL/86,16:54:00,16:55:00
2567,HL/86,HGL/86,KK/86,16:57:00,16:57:00
2567,HGL/86,KK/86,KN/86,17:00:00,17:02:00
2567,KK/86,KN/86,KH/86,17:04:00,17:05:00
2567,KN/86,KH/86,VAL/86,17:08:00,17:12:00
2567,KH/86,VAL/86,HIF/86,17:15:00,17:16:00
2567,VAL/86,HIF/86,HTÅ/86,17:19:00,17:19:00
2567,HIF/86,HTÅ/86,HH/86,17:25:00,17:26:00
2567,HTÅ/86,HH/86,TRK/86,17:30:00,17:31:00
2567,HH/86,TRK/86,RO/86,17:34:00,17:35:00
2567,TRK/86,RO/86,LJ/86,17:38:00,17:39:00
2567,RO/86,LJ/86,HV/86,17:45:00,17:46:00
2567,LJ/86,HV/86,TØ/86,17:51:00,17:52:00
2567,HV/86,TØ/86,PE/86,17:56:00,17:57:00
2567,TØ/86,PE/86,HK/86,18:01:00,18:02:00
2571,HG/86,SQ/86,GÆ/86,17:16:00,17:17:00
2571,SQ/86,GÆ/86,HUM/86,17:19:00,17:20:00
2571,GÆ/86,HUM/86,NI/86,17:23:00,17:24:00
2571,HUM/86,NI/86,OK/86,17:27:00,17:28:00
2571,NI/86,OK/86,RU/86,17:32:00,17:33:00
2571,OK/86,RU/86,VB/86,17:35:00,17:36:00
2571,RU/86,VB/86,SÅ/86,17:39:00,17:40:00
2571,VB/86,SÅ/86,KL/86,17:43:00,17:44:00
2571,SÅ/86,KL/86,HL/86,17:48:00,17:49:00
2571,KL/86,HL/86,HGL/86,17:54:00,17:55:00
2571,HL/86,HGL/86,KK/86,17:57:00,17:57:00
2571,HGL/86,KK/86,KN/86,18:00:00,18:02:00
2571,KK/86,KN/86,KH/86,18:04:00,18:05:00
2571,KN/86,KH/86,VAL/86,18:08:00,18:12:00
2571,KH/86,VAL/86,HIF/86,18:15:00,18:16:00
2571,VAL/86,HIF/86,HTÅ/86,18:19:00,18:19:00
2571,HIF/86,HTÅ/86,HH/86,18:25:00,18:26:00
2571,HTÅ/86,HH/86,TRK/86,18:30:00,18:31:00
2571,HH/86,TRK/86,RO/86,18:34:00,18:35:00
2571,TRK/86,RO/86,LJ/86,18:38:00,18:39:00
2571,RO/86,LJ/86,HV/86,18:45:00,18:46:00
2571,LJ/86,HV/86,TØ/86,18:51:00,18:52:00
2571,HV/86,TØ/86,PE/86,18:56:00,18:57:00
2571,TØ/86,PE/86,HK/86,19:01:00,19:02:00
2575,HG/86,SQ/86,GÆ/86,18:16:00,18:17:00
2575,SQ/86,GÆ/86,HUM/86,18:19:00,18:20:00
2575,GÆ/86,HUM/86,NI/86,18:23:00,18:24:00
2575,HUM/86,NI/86,OK/86,18:27:00,18:28:00
2575,NI/86,OK/86,RU/86,18:32:00,18:33:00
2575,OK/86,RU/86,VB/86,18:35:00,18:36:00
2575,RU/86,VB/86,SÅ/86,18:39:00,18:40:00
2575,VB/86,SÅ/86,KL/86,18:43:00,18:44:00
2575,SÅ/86,KL/86,HL/86,18:48:00,18:49:00
2575,KL/86,HL/86,HGL/86,18:54:00,18:55:00
2575,HL/86,HGL/86,KK/86,18:57:00,18:57:00
2575,HGL/86,KK/86,KN/86,19:00:00,19:02:00
2575,KK/86,KN/86,KH/86,19:04:00,19:05:00
2575,KN/86,KH/86,VAL/86,19:08:00,19:12:00
2575,KH/86,VAL/86,HIF/86,19:15:00,19:16:00
2575,VAL/86,HIF/86,HTÅ/86,19:19:00,19:19:00
2575,HIF/86,HTÅ/86,HH/86,19:25:00,19:26:00
2575,HTÅ/86,HH/86,TRK/86,19:30:00,19:31:00
2575,HH/86,TRK/86,RO/86,19:34:00,19:35:00
2575,TRK/86,RO/86,LJ/86,19:38:00,19:39:00
2575,RO/86,LJ/86,HV/86,19:45:00,19:46:00
2575,LJ/86,HV/86,TØ/86,19:51:00,19:52:00
2575,HV/86,TØ/86,PE/86,19:56:00,19:57:00
2575,TØ/86,PE/86,HK/86,20:01:00,20:02:00
2579,HG/86,SQ/86,GÆ/86,19:16:00,19:17:00
2579,SQ/86,GÆ/86,HUM/86,19:19:00,19:20:00
2579,GÆ/86,HUM/86,NI/86,19:23:00,19:24:00
2579,HUM/86,NI/86,OK/86,19:27:00,19:28:00
2579,NI/86,OK/86,RU/86,19:32:00,19:33:00
2579,OK/86,RU/86,VB/86,19:35:00,19:36:00
2579,RU/86,VB/86,SÅ/86,19:39:00,19:40:00
2579,VB/86,SÅ/86,KL/86,19:43:00,19:44:00
2579,SÅ/86,KL/86,HL/86,19:48:00,19:49:00
2579,KL/86,HL/86,HGL/86,19:54:00,19:55:00
2579,HL/86,HGL/86,KK/86,19:57:00,19:57:00
2579,HGL/86,KK/86,KN/86,20:00:00,20:02:00
2579,KK/86,KN/86,KH/86,20:04:00,20:05:00
258,SG/86,SO/86,FJ/86,19:51:00,19:53:00
258,SO/86,FJ/86,RG/86,19:57:00,19:57:00
258,FJ/86,RG/86,KY/86,20:02:00,20:04:00
258,RG/86,KY/86,RO/86,20:08:00,20:08:00
258,KY/86,RO/86,TRK/86,20:18:00,20:20:00
258,RO/86,TRK/86,HH/86,20:23:00,20:24:00
258,TRK/86,HH/86,HTÅ/86,20:26:00,20:26:00
258,HH/86,HTÅ/86,GL/86,20:29:00,20:31:00
258,HTÅ/86,GL/86,NEL/86,20:35:00,20:35:00
258,GL/86,NEL/86,KLV/86,20:40:00,20:42:00
258,NEL/86,KLV/86,ØRE/86,20:44:00,20:44:00
258,KLV/86,ØRE/86,TÅT/86,20:46:00,20:47:00
258,ØRE/86,TÅT/86,CPH/86,20:49:00,20:50:00
2583,HG/86,SQ/86,GÆ/86,20:16:00,20:17:00
2583,SQ/86,GÆ/86,HUM/86,20:19:00,20:20:00
2583,GÆ/86,HUM/86,NI/86,20:23:00,20:24:00
2583,HUM/86,NI/86,OK/86,20:27:00,20:28:00
2583,NI/86,OK/86,RU/86,20:32:00,20:33:00
2583,OK/86,RU/86,VB/86,20:35:00,20:36:00
2583,RU/86,VB/86,SÅ/86,20:39:00,20:40:00
2583,VB/86,SÅ/86,KL/86,20:43:00,20:44:00
2583,SÅ/86,KL/86,HL/86,20:48:00,20:49:00
2583,KL/86,HL/86,HGL/86,20:54:00,20:55:00
2583,HL/86,HGL/86,KK/86,20:57:00,20:57:00
2583,HGL/86,KK/86,KN/86,21:00:00,21:02:00
2583,KK/86,KN/86,KH/86,21:04:00,21:05:00
2583,KN/86,KH/86,VAL/86,21:08:00,21:12:00
2583,KH/86,VAL/86,HIF/86,21:15:00,21:16:00
2583,VAL/86,HIF/86,HTÅ/86,21:19:00,21:19:00
2583,HIF/86,HTÅ/86,HH/86,21:25:00,21:26:00
2583,HTÅ/86,HH/86,TRK/86,21:30:00,21:31:00
2583,HH/86,TRK/86,RO/86,21:34:00,21:35:00
259,CPH/86,TÅT/86,ØRE/86,15:07:00,15:08:00
259,TÅT/86,ØRE/86,KLV/86,15:10:00,15:11:00
259,ØRE/86,KLV/86,NEL/86,15:14:00,15:14:00
259,KLV/86,NEL/86,IG/86,15:16:00,15:18:00
259,NEL/86,IG/86,HTÅ/86,15:20:00,15:20:00
259,IG/86,HTÅ/86,HH/86,15:28:00,15:29:00
259,HTÅ/86,HH/86,TRK/86,15:32:00,15:32:00
259,HH/86,TRK/86,RO/86,15:35:00,15:36:00
259,TRK/86,RO/86,VY/86,15:39:00,15:41:00
259,RO/86,VY/86,RG/86,15:46:00,15:46:00
259,VY/86,RG/86,FJ/86,15:56:00,15:58:00
259,RG/86,FJ/86,SO/86,16:03:00,16:03:00
259,FJ/86,SO/86,SG/86,16:06:00,16:07:00
259,SO/86,SG/86,FO/86,16:15:00,16:17:00
259,SG/86,FO/86,NG/86,16:21:00,16:21:00
259,FO/86,NG/86,JU/86,16:35:00,16:37:00
259,NG/86,JU/86,OD/86,16:40:00,16:40:00
2595,HG/86,SQ/86,GÆ/86,23:31:00,23:32:00
2595,SQ/86,GÆ/86,HUM/86,23:34:00,23:35:00
2595,GÆ/86,HUM/86,NI/86,23:38:00,23:39:00
2595,HUM/86,NI/86,OK/86,23:42:00,23:43:00
2595,NI/86,OK/86,RU/86,23:47:00,23:48:00
2595,OK/86,RU/86,VB/86,23:50:00,23:51:00
2595,RU/86,VB/86,SÅ/86,23:54:00,23:55:00
2595,VB/86,SÅ/86,KL/86,23:58:00,23:59:00
2595,SÅ/86,KL/86,HL/86,24:03:00,24:04:00
2595,KL/86,HL/86,HGL/86,24:09:00,24:10:00
2595,HL/86,HGL/86,KK/86,24:12:00,24:12:00
2595,HGL/86,KK/86,KN/86,24:15:00,24:17:00
2595,KK/86,KN/86,KH/86,24:19:00,24:20:00
2595,KN/86,KH/86,VAL/86,24:23:00,24:30:00
2595,KH/86,VAL/86,HIF/86,24:34:00,24:35:00
2595,VAL/86,HIF/86,HTÅ/86,24:37:00,24:37:00
2595,HIF/86,HTÅ/86,HH/86,24:43:00,24:45:00
2595,HTÅ/86,HH/86,TRK/86,24:48:00,24:49:00
2595,HH/86,TRK/86,RO/86,24:52:00,24:53:00
2595,TRK/86,RO/86,LJ/86,24:56:00,24:57:00
2595,RO/86,LJ/86,HV/86,25:03:00,25:04:00
2595,LJ/86,HV/86,TØ/86,25:09:00,25:10:00
2595,HV/86,TØ/86,PE/86,25:14:00,25:15:00
2595,TØ/86,PE/86,HK/86,25:19:00,25:20:00
2599,HG/86,SQ/86,GÆ/86,00:31:00,00:32:00
2599,SQ/86,GÆ/86,HUM/86,00:34:00,00:35:00
2599,GÆ/86,HUM/86,NI/86,00:38:00,00:39:00
2599,HUM/86,NI/86,OK/86,00:42:00,00:43:00
2599,NI/86,OK/86,RU/86,00:47:00,00:48:00
2599,OK/86,RU/86,VB/86,00:50:00,00:51:00
2599,RU/86,VB/86,SÅ/86,00:54:00,00:55:00
2599,VB/86,SÅ/86,KL/86,00:58:00,00:59:00
2599,SÅ/86,KL/86,HL/86,01:03:00,01:04:00
2599,KL/86,HL/86,HGL/86,01:09:00,01:10:00
2599,HL/86,HGL/86,KK/86,01:12:00,01:12:00
2599,HGL/86,KK/86,KN/86,01:15:00,01:17:00
2599,KK/86,KN/86,KH/86,01:19:00,01:20:00
26,AR/86,KGV/86,SD/86,09:23:00,09:23:00
26,KGV/86,SD/86,HÅ/86,09:32:00,09:34:00
26,SD/86,HÅ/86,HS/86,09:41:00,09:41:00
26,HÅ/86,HS/86,HED/86,09:47:00,09:49:00
26,HS/86,HED/86,VJ/86,09:57:00,09:57:00
26,HED/86,VJ/86,BET/86,10:04:00,10:06:00
26,VJ/86,BET/86,FA/86,10:11:00,10:11:00
26,BET/86,FA/86,SNO/86,10:21:00,10:27:00
26,FA/86,SNO/86,OD/86,10:29:00,10:29:00
26,SNO/86,OD/86,MV/86,10:54:00,10:57:00
26,OD/86,MV/86,KH/86,11:02:00,11:02:00
26,MV/86,KH/86,BAN/86,12:06:00,12:18:00
26,KH/86,BAN/86,CPH/86,12:21:00,12:21:00
262,SG/86,SO/86,FJ/86,20:51:00,20:53:00
262,SO/86,FJ/86,RG/86,20:57:00,20:57:00
262,FJ/86,RG/86,KY/86,21:02:00,21:04:00
262,RG/86,KY/86,RO/86,21:08:00,21:08:00
262,KY/86,RO/86,TRK/86,21:18:00,21:20:00
262,RO/86,TRK/86,HH/86,21:23:00,21:24:00
262,TRK/86,HH/86,HTÅ/86,21:26:00,21:26:00
262,HH/86,HTÅ/86,GL/86,21:29:00,21:31:00
262,HTÅ/86,GL/86,NEL/86,21:35:00,21:35:00
262,GL/86,NEL/86,KLV/86,21:40:00,21:42:00
262,NEL/86,KLV/86,ØRE/86,21:44:00,21:44:00
262,KLV/86,ØRE/86,TÅT/86,21:46:00,21:47:00
262,ØRE/86,TÅT/86,CPH/86,21:49:00,21:50:00
263,CPH/86,TÅT/86,ØRE/86,16:07:00,16:08:00
263,TÅT/86,ØRE/86,KLV/86,16:10:00,16:11:00
263,ØRE/86,KLV/86,NEL/86,16:14:00,16:14:00
263,KLV/86,NEL/86,IG/86,16:16:00,16:18:00
263,NEL/86,IG/86,HTÅ/86,16:20:00,16:20:00
263,IG/86,HTÅ/86,HH/86,16:28:00,16:29:00
263,HTÅ/86,HH/86,TRK/86,16:32:00,16:32:00
263,HH/86,TRK/86,RO/86,16:35:00,16:36:00
263,TRK/86,RO/86,VY/86,16:39:00,16:41:00
263,RO/86,VY/86,RG/86,16:46:00,16:46:00
263,VY/86,RG/86,FJ/86,16:56:00,16:58:00
263,RG/86,FJ/86,SO/86,17:03:00,17:03:00
263,FJ/86,SO/86,SG/86,17:06:00,17:07:00
263,SO/86,SG/86,FO/86,17:15:00,17:17:00
263,SG/86,FO/86,NG/86,17:21:00,17:21:00
263,FO/86,NG/86,JU/86,17:35:00,17:37:00
263,NG/86,JU/86,OD/86,17:40:00,17:40:00
266,RO/86,TRK/86,HH/86,22:23:00,22:24:00
266,TRK/86,HH/86,HTÅ/86,22:26:00,22:26:00
266,HH/86,HTÅ/86,GL/86,22:29:00,22:31:00
266,HTÅ/86,GL/86,NEL/86,22:35:00,22:35:00
266,GL/86,NEL/86,KLV/86,22:40:00,22:42:00
266,NEL/86,KLV/86,ØRE/86,22:44:00,22:44:00
266,KLV/86,ØRE/86,TÅT/86,22:46:00,22:47:00
266,ØRE/86,TÅT/86,CPH/86,22:49:00,22:50:00
267,CPH/86,TÅT/86,ØRE/86,17:07:00,17:08:00
267,TÅT/86,ØRE/86,KLV/86,17:10:00,17:11:00
267,ØRE/86,KLV/86,NEL/86,17:14:00,17:14:00
267,KLV/86,NEL/86,IG/86,17:16:00,17:18:00
267,NEL/86,IG/86,HTÅ/86,17:20:00,17:20:00
267,IG/86,HTÅ/86,HH/86,17:28:00,17:29:00
267,HTÅ/86,HH/86,TRK/86,17:32:00,17:32:00
267,HH/86,TRK/86,RO/86,17:35:00,17:36:00
267,TRK/86,RO/86,VY/86,17:39:00,17:41:00
267,RO/86,VY/86,RG/86,17:46:00,17:46:00
267,VY/86,RG/86,FJ/86,17:56:00,17:58:00
267,RG/86,FJ/86,SO/86,18:03:00,18:03:00
267,FJ/86,SO/86,SG/86,18:06:00,18:07:00
27,CPH/86,TÅT/86,KH/86,07:29:00,07:29:00
27,TÅT/86,KH/86,GB/86,07:40:00,07:52:00
27,KH/86,GB/86,OD/86,07:55:00,07:55:00
27,GB/86,OD/86,HP/86,09:03:00,09:06:00
27,OD/86,HP/86,FA/86,09:10:00,09:10:00
27,HP/86,FA/86,BK/86,09:34:00,09:38:00
27,FA/86,BK/86,VJ/86,09:44:00,09:44:00
27,BK/86,VJ/86,HED/86,09:51:00,09:53:00
27,VJ/86,HED/86,HS/86,10:01:00,10:01:00
27,HED/86,HS/86,HÅ/86,10:08:00,10:10:00
27,HS/86,HÅ/86,SD/86,10:17:00,10:17:00
27,HÅ/86,SD/86,HX/86,10:24:00,10:25:00
27,SD/86,HX/86,AR/86,10:30:00,10:30:00
270,RO/86,TRK/86,HH/86,23:23:00,23:24:00
270,TRK/86,HH/86,HTÅ/86,23:26:00,23:26:00
270,HH/86,HTÅ/86,GL/86,23:29:00,23:31:00
270,HTÅ/86,GL/86,NEL/86,23:35:00,23:35:00
270,GL/86,NEL/86,KLV/86,23:40:00,23:42:00
270,NEL/86,KLV/86,ØRE/86,23:44:00,23:44:00
270,KLV/86,ØRE/86,TÅT/86,23:46:00,23:47:00
270,ØRE/86,TÅT/86,CPH/86,23:49:00,23:50:00
271,CPH/86,TÅT/86,ØRE/86,18:07:00,18:08:00
271,TÅT/86,ØRE/86,KLV/86,18:10:00,18:11:00
271,ØRE/86,KLV/86,NEL/86,18:14:00,18:14:00
271,KLV/86,NEL/86,IG/86,18:16:00,18:18:00
271,NEL/86,IG/86,HTÅ/86,18:20:00,18:20:00
271,IG/86,HTÅ/86,HH/86,18:28:00,18:29:00
271,HTÅ/86,HH/86,TRK/86,18:32:00,18:32:00
271,HH/86,TRK/86,RO/86,18:35:00,18:36:00
271,TRK/86,RO/86,VY/86,18:39:00,18:41:00
271,RO/86,VY/86,RG/86,18:46:00,18:46:00
271,VY/86,RG/86,FJ/86,18:56:00,18:58:00
271,RG/86,FJ/86,SO/86,19:03:00,19:03:00
271,FJ/86,SO/86,SG/86,19:06:00,19:07:00
2710,FA/86,SNO/86,MD/86,06:14:00,06:14:00
2710,SNO/86,MD/86,KA/86,06:18:00,06:19:00
2710,MD/86,KA/86,NA/86,06:23:00,06:23:00
2710,KA/86,NA/86,EB/86,06:27:00,06:28:00
2710,NA/86,EB/86,GD/86,06:32:00,06:43:00
2710,EB/86,GD/86,AP/86,06:47:00,06:48:00
2710,GD/86,AP/86,BD/86,06:52:00,06:53:00
2710,AP/86,BD/86,SC/86,06:56:00,06:57:00
2710,BD/86,SC/86,TP/86,06:59:00,07:00:00
2710,SC/86,TP/86,HP/86,07:03:00,07:04:00
2710,TP/86,HP/86,OD/86,07:09:00,07:09:00
2715,OD/86,HP/86,TP/86,06:45:00,06:46:00
2715,HP/86,TP/86,SC/86,06:50:00,06:51:00
2715,TP/86,SC/86,BD/86,06:53:00,06:54:00
2715,SC/86,BD/86,AP/86,06:56:00,06:57:00
2715,BD/86,AP/86,GD/86,07:00:00,07:01:00
2715,AP/86,GD/86,EB/86,07:04:00,07:05:00
2715,GD/86,EB/86,NA/86,07:09:00,07:10:00
2715,EB/86,NA/86,KA/86,07:13:00,07:14:00
2715,NA/86,KA/86,MD/86,07:18:00,07:18:00
2715,KA/86,MD/86,SNO/86,07:22:00,07:23:00
2715,MD/86,SNO/86,FA/86,07:27:00,07:27:00
2720,FA/86,SNO/86,MD/86,08:33:00,08:33:00
2720,SNO/86,MD/86,KA/86,08:37:00,08:38:00
2720,MD/86,KA/86,NA/86,08:42:00,08:43:00
2720,KA/86,NA/86,EB/86,08:46:00,08:47:00
2720,NA/86,EB/86,GD/86,08:51:00,08:52:00
2720,EB/86,GD/86,AP/86,08:56:00,08:57:00
2720,GD/86,AP/86,BD/86,09:01:00,09:02:00
2720,AP/86,BD/86,SC/86,09:05:00,09:05:00
2720,BD/86,SC/86,TP/86,09:08:00,09:08:00
2720,SC/86,TP/86,HP/86,09:11:00,09:12:00
2720,TP/86,HP/86,OD/86,09:17:00,09:17:00
2727,OD/86,HP/86,TP/86,08:52:00,08:52:00
2727,HP/86,TP/86,SC/86,08:57:00,08:58:00
2727,TP/86,SC/86,BD/86,09:01:00,09:01:00
2727,SC/86,BD/86,AP/86,09:04:00,09:04:00
2727,BD/86,AP/86,GD/86,09:07:00,09:08:00
2727,AP/86,GD/86,EB/86,09:13:00,09:14:00
2727,GD/86,EB/86,NA/86,09:18:00,09:27:00
2727,EB/86,NA/86,KA/86,09:31:00,09:32:00
2727,NA/86,KA/86,MD/86,09:35:00,09:36:00
2727,KA/86,MD/86,SNO/86,09:40:00,09:41:00
2727,MD/86,SNO/86,FA/86,09:45:00,09:45:00
2728,FA/86,SNO/86,MD/86,10:38:00,10:38:00
2728,SNO/86,MD/86,KA/86,10:42:00,10:43:00
2728,MD/86,KA/86,NA/86,10:47:00,10:47:00
2728,KA/86,NA/86,EB/86,10:51:00,10:52:00
2728,NA/86,EB/86,GD/86,10:56:00,10:57:00
2728,EB/86,GD/86,AP/86,11:01:00,11:02:00
2728,GD/86,AP/86,BD/86,11:06:00,11:07:00
2728,AP/86,BD/86,SC/86,11:10:00,11:10:00
2728,BD/86,SC/86,TP/86,11:13:00,11:13:00
2728,SC/86,TP/86,HP/86,11:16:00,11:23:00
2728,TP/86,HP/86,OD/86,11:27:00,11:28:00
2733,OD/86,HP/86,TP/86,10:45:00,10:45:00
2733,HP/86,TP/86,SC/86,10:50:00,10:51:00
2733,TP/86,SC/86,BD/86,10:53:00,10:54:00
2733,SC/86,BD/86,AP/86,10:56:00,10:56:00
2733,BD/86,AP/86,GD/86,10:59:00,11:00:00
2733,AP/86,GD/86,EB/86,11:04:00,11:05:00
2733,GD/86,EB/86,NA/86,11:08:00,11:09:00
2733,EB/86,NA/86,KA/86,11:13:00,11:14:00
2733,NA/86,KA/86,MD/86,11:17:00,11:18:00
2733,KA/86,MD/86,SNO/86,11:22:00,11:23:00
2733,MD/86,SNO/86,FA/86,11:26:00,11:26:00
2736,FA/86,SNO/86,MD/86,12:33:00,12:33:00
2736,SNO/86,MD/86,KA/86,12:37:00,12:38:00
2736,MD/86,KA/86,NA/86,12:42:00,12:42:00
2736,KA/86,NA/86,EB/86,12:45:00,12:46:00
2736,NA/86,EB/86,GD/86,12:50:00,12:51:00
2736,EB/86,GD/86,AP/86,12:54:00,12:55:00
2736,GD/86,AP/86,BD/86,12:59:00,13:00:00
2736,AP/86,BD/86,SC/86,13:03:00,13:03:00
2736,BD/86,SC/86,TP/86,13:06:00,13:06:00
2736,SC/86,TP/86,HP/86,13:09:00,13:10:00
2736,TP/86,HP/86,OD/86,13:14:00,13:15:00
274,RO/86,TRK/86,HH/86,00:23:00,00:24:00
274,TRK/86,HH/86,HTÅ/86,00:26:00,00:26:00
274,HH/86,HTÅ/86,GL/86,00:29:00,00:31:00
274,HTÅ/86,GL/86,NEL/86,00:35:00,00:35:00
274,GL/86,NEL/86,KLV/86,00:40:00,00:42:00
274,NEL/86,KLV/86,ØRE/86,00:44:00,00:44:00
274,KLV/86,ØRE/86,TÅT/86,00:46:00,00:47:00
274,ØRE/86,TÅT/86,CPH/86,00:49:00,00:50:00
2741,OD/86,HP/86,TP/86,12:44:00,12:44:00
2741,HP/86,TP/86,SC/86,12:49:00,12:50:00
2741,TP/86,SC/86,BD/86,12:53:00,12:53:00
2741,SC/86,BD/86,AP/86,12:56:00,12:56:00
2741,BD/86,AP/86,GD/86,12:59:00,13:00:00
2741,AP/86,GD/86,EB/86,13:04:00,13:05:00
2741,GD/86,EB/86,NA/86,13:09:00,13:10:00
2741,EB/86,NA/86,KA/86,13:14:00,13:15:00
2741,NA/86,KA/86,MD/86,13:18:00,13:18:00
2741,KA/86,MD/86,SNO/86,13:23:00,13:24:00
2741,MD/86,SNO/86,FA/86,13:28:00,13:28:00
2742,FA/86,SNO/86,MD/86,14:36:00,14:36:00
2742,SNO/86,MD/86,KA/86,14:40:00,14:41:00
2742,MD/86,KA/86,NA/86,14:45:00,14:45:00
2742,KA/86,NA/86,EB/86,14:48:00,14:49:00
2742,NA/86,EB/86,GD/86,14:53:00,14:54:00
2742,EB/86,GD/86,AP/86,14:57:00,14:58:00
2742,GD/86,AP/86,BD/86,15:02:00,15:03:00
2742,AP/86,BD/86,SC/86,15:06:00,15:06:00
2742,BD/86,SC/86,TP/86,15:08:00,15:09:00
2742,SC/86,TP/86,HP/86,15:11:00,15:23:00
2742,TP/86,HP/86,OD/86,15:27:00,15:28:00
275,CPH/86,TÅT/86,ØRE/86,19:07:00,19:08:00
275,TÅT/86,ØRE/86,KLV/86,19:10:00,19:11:00
275,ØRE/86,KLV/86,NEL/86,19:14:00,19:14:00
275,KLV/86,NEL/86,IG/86,19:16:00,19:18:00
275,NEL/86,IG/86,HTÅ/86,19:20:00,19:20:00
275,IG/86,HTÅ/86,HH/86,19:28:00,19:29:00
275,HTÅ/86,HH/86,TRK/86,19:32:00,19:32:00
275,HH/86,TRK/86,RO/86,19:35:00,19:36:00
275,TRK/86,RO/86,VY/86,19:39:00,19:41:00
275,RO/86,VY/86,RG/86,19:46:00,19:46:00
275,VY/86,RG/86,FJ/86,19:56:00,19:58:00
275,RG/86,FJ/86,SO/86,20:03:00,20:03:00
275,FJ/86,SO/86,SG/86,20:06:00,20:07:00
2751,OD/86,HP/86,TP/86,14:51:00,14:51:00
2751,HP/86,TP/86,SC/86,14:56:00,14:57:00
2751,TP/86,SC/86,BD/86,15:00:00,15:00:00
2751,SC/86,BD/86,AP/86,15:03:00,15:03:00
2751,BD/86,AP/86,GD/86,15:06:00,15:07:00
2751,AP/86,GD/86,EB/86,15:11:00,15:12:00
2751,GD/86,EB/86,NA/86,15:17:00,15:27:00
2751,EB/86,NA/86,KA/86,15:31:00,15:32:00
2751,NA/86,KA/86,MD/86,15:35:00,15:36:00
2751,KA/86,MD/86,SNO/86,15:40:00,15:41:00
2751,MD/86,SNO/86,FA/86,15:44:00,15:44:00
2754,FA/86,SNO/86,MD/86,16:43:00,16:43:00
2754,SNO/86,MD/86,KA/86,16:47:00,16:48:00
2754,MD/86,KA/86,NA/86,16:52:00,16:53:00
2754,KA/86,NA/86,EB/86,16:56:00,16:57:00
2754,NA/86,EB/86,GD/86,17:03:00,17:15:00
2754,EB/86,GD/86,AP/86,17:19:00,17:20:00
2754,GD/86,AP/86,BD/86,17:24:00,17:25:00
2754,AP/86,BD/86,SC/86,17:28:00,17:29:00
2754,BD/86,SC/86,TP/86,17:31:00,17:32:00
2754,SC/86,TP/86,HP/86,17:35:00,17:36:00
2754,TP/86,HP/86,OD/86,17:40:00,17:41:00
2759,OD/86,HP/86,TP/86,16:51:00,16:51:00
2759,HP/86,TP/86,SC/86,16:56:00,16:57:00
2759,TP/86,SC/86,BD/86,17:00:00,17:00:00
2759,SC/86,BD/86,AP/86,17:03:00,17:03:00
2759,BD/86,AP/86,GD/86,17:06:00,17:07:00
2759,AP/86,GD/86,EB/86,17:12:00,17:13:00
2759,GD/86,EB/86,NA/86,17:17:00,17:27:00
2759,EB/86,NA/86,KA/86,17:31:00,17:32:00
2759,NA/86,KA/86,MD/86,17:35:00,17:36:00
2759,KA/86,MD/86,SNO/86,17:40:00,17:41:00
2759,MD/86,SNO/86,FA/86,17:44:00,17:44:00
2760,FA/86,SNO/86,MD/86,18:33:00,18:33:00
2760,SNO/86,MD/86,KA/86,18:37:00,18:38:00
2760,MD/86,KA/86,NA/86,18:42:00,18:43:00
2760,KA/86,NA/86,EB/86,18:46:00,18:47:00
2760,NA/86,EB/86,GD/86,18:51:00,18:52:00
2760,EB/86,GD/86,AP/86,18:56:00,18:57:00
2760,GD/86,AP/86,BD/86,19:01:00,19:02:00
2760,AP/86,BD/86,SC/86,19:05:00,19:05:00
2760,BD/86,SC/86,TP/86,19:08:00,19:08:00
2760,SC/86,TP/86,HP/86,19:11:00,19:12:00
2760,TP/86,HP/86,OD/86,19:17:00,19:17:00
2765,OD/86,HP/86,TP/86,18:42:00,18:42:00
2765,HP/86,TP/86,SC/86,18:47:00,18:48:00
2765,TP/86,SC/86,BD/86,18:51:00,18:52:00
2765,SC/86,BD/86,AP/86,18:54:00,18:54:00
2765,BD/86,AP/86,GD/86,18:58:00,18:59:00
2765,AP/86,GD/86,EB/86,19:03:00,19:04:00
2765,GD/86,EB/86,NA/86,19:07:00,19:08:00
2765,EB/86,NA/86,KA/86,19:12:00,19:13:00
2765,NA/86,KA/86,MD/86,19:17:00,19:17:00
2765,KA/86,MD/86,SNO/86,19:22:00,19:23:00
2765,MD/86,SNO/86,FA/86,19:27:00,19:27:00
2768,FA/86,SNO/86,MD/86,20:33:00,20:33:00
2768,SNO/86,MD/86,KA/86,20:37:00,20:38:00
2768,MD/86,KA/86,NA/86,20:42:00,20:43:00
2768,KA/86,NA/86,EB/86,20:46:00,20:47:00
2768,NA/86,EB/86,GD/86,20:51:00,20:52:00
2768,EB/86,GD/86,AP/86,20:56:00,20:57:00
2768,GD/86,AP/86,BD/86,21:01:00,21:02:00
2768,AP/86,BD/86,SC/86,21:05:00,21:05:00
2768,BD/86,SC/86,TP/86,21:08:00,21:08:00
2768,SC/86,TP/86,HP/86,21:11:00,21:12:00
2768,TP/86,HP/86,OD/86,21:17:00,21:17:00
2776,FA/86,SNO/86,MD/86,22:30:00,22:30:00
2776,SNO/86,MD/86,KA/86,22:34:00,22:35:00
2776,MD/86,KA/86,NA/86,22:39:00,22:40:00
2776,KA/86,NA/86,EB/86,22:43:00,22:44:00
2776,NA/86,EB/86,GD/86,22:48:00,22:49:00
2776,EB/86,GD/86,AP/86,22:53:00,22:54:00
2776,GD/86,AP/86,BD/86,22:58:00,22:59:00
2776,AP/86,BD/86,SC/86,23:02:00,23:03:00
2776,BD/86,SC/86,TP/86,23:05:00,23:05:00
2776,SC/86,TP/86,HP/86,23:08:00,23:09:00
2776,TP/86,HP/86,OD/86,23:14:00,23:15:00
2777,OD/86,HP/86,TP/86,21:42:00,21:42:00
2777,HP/86,TP/86,SC/86,21:47:00,21:48:00
2777,TP/86,SC/86,BD/86,21:51:00,21:52:00
2777,SC/86,BD/86,AP/86,21:54:00,21:54:00
2777,BD/86,AP/86,GD/86,21:58:00,21:59:00
2777,AP/86,GD/86,EB/86,22:03:00,22:04:00
2777,GD/86,EB/86,NA/86,22:07:00,22:08:00
2777,EB/86,NA/86,KA/86,22:12:00,22:13:00
2777,NA/86,KA/86,MD/86,22:17:00,22:17:00
2777,KA/86,MD/86,SNO/86,22:22:00,22:23:00
2777,MD/86,SNO/86,FA/86,22:27:00,22:27:00
2785,OD/86,HP/86,TP/86,23:42:00,23:42:00
2785,HP/86,TP/86,SC/86,23:47:00,23:48:00
2785,TP/86,SC/86,BD/86,23:51:00,23:52:00
2785,SC/86,BD/86,AP/86,23:54:00,23:54:00
2785,BD/86,AP/86,GD/86,23:58:00,23:59:00
2785,AP/86,GD/86,EB/86,24:03:00,24:04:00
2785,GD/86,EB/86,NA/86,24:07:00,24:08:00
2785,EB/86,NA/86,KA/86,24:12:00,24:13:00
2785,NA/86,KA/86,MD/86,24:17:00,24:17:00
2785,KA/86,MD/86,SNO/86,24:22:00,24:23:00
2785,MD/86,SNO/86,FA/86,24:27:00,24:27:00
279,CPH/86,TÅT/86,ØRE/86,20:07:00,20:08:00
279,TÅT/86,ØRE/86,KLV/86,20:10:00,20:11:00
279,ØRE/86,KLV/86,NEL/86,20:14:00,20:14:00
279,KLV/86,NEL/86,IG/86,20:16:00,20:18:00
279,NEL/86,IG/86,HTÅ/86,20:20:00,20:20:00
279,IG/86,HTÅ/86,HH/86,20:28:00,20:29:00
279,HTÅ/86,HH/86,TRK/86,20:32:00,20:32:00
279,HH/86,TRK/86,RO/86,20:35:00,20:36:00
279,TRK/86,RO/86,VY/86,20:39:00,20:41:00
279,RO/86,VY/86,RG/86,20:46:00,20:46:00
279,VY/86,RG/86,FJ/86,20:56:00,20:58:00
279,RG/86,FJ/86,SO/86,21:03:00,21:03:00
279,FJ/86,SO/86,SG/86,21:06:00,21:07:00
283,CPH/86,TÅT/86,ØRE/86,21:07:00,21:08:00
283,TÅT/86,ØRE/86,KLV/86,21:10:00,21:11:00
283,ØRE/86,KLV/86,NEL/86,21:14:00,21:14:00
283,KLV/86,NEL/86,IG/86,21:16:00,21:18:00
283,NEL/86,IG/86,HTÅ/86,21:20:00,21:20:00
283,IG/86,HTÅ/86,HH/86,21:28:00,21:29:00
283,HTÅ/86,HH/86,TRK/86,21:32:00,21:32:00
283,HH/86,TRK/86,RO/86,21:35:00,21:36:00
287,CPH/86,TÅT/86,ØRE/86,22:07:00,22:08:00
287,TÅT/86,ØRE/86,KLV/86,22:10:00,22:11:00
287,ØRE/86,KLV/86,NEL/86,22:14:00,22:14:00
287,KLV/86,NEL/86,IG/86,22:16:00,22:18:00
287,NEL/86,IG/86,HTÅ/86,22:20:00,22:20:00
287,IG/86,HTÅ/86,HH/86,22:28:00,22:29:00
287,HTÅ/86,HH/86,TRK/86,22:32:00,22:32:00
287,HH/86,TRK/86,RO/86,22:35:00,22:36:00
2909,FA/86,BK/86,BET/86,05:20:00,05:21:00
2909,BK/86,BET/86,VJ/86,05:24:00,05:25:00
2909,BET/86,VJ/86,HED/86,05:32:00,05:33:00
2909,VJ/86,HED/86,HS/86,05:42:00,05:43:00
2909,HED/86,HS/86,HÅ/86,05:51:00,05:52:00
2909,HS/86,HÅ/86,SD/86,05:59:00,05:59:00
2909,HÅ/86,SD/86,HX/86,06:06:00,06:07:00
2909,SD/86,HX/86,VI/86,06:11:00,06:11:00
2909,HX/86,VI/86,KGV/86,06:16:00,06:17:00
2909,VI/86,KGV/86,AR/86,06:19:00,06:19:00
291,CPH/86,TÅT/86,ØRE/86,23:07:00,23:08:00
291,TÅT/86,ØRE/86,KLV/86,23:10:00,23:11:00
291,ØRE/86,KLV/86,NEL/86,23:14:00,23:14:00
291,KLV/86,NEL/86,IG/86,23:16:00,23:18:00
291,NEL/86,IG/86,HTÅ/86,23:20:00,23:20:00
291,IG/86,HTÅ/86,HH/86,23:28:00,23:29:00
291,HTÅ/86,HH/86,TRK/86,23:32:00,23:32:00
291,HH/86,TRK/86,RO/86,23:35:00,23:36:00
2912,AR/86,KGV/86,VI/86,05:40:00,05:40:00
2912,KGV/86,VI/86,HC/86,05:42:00,05:43:00
2912,VI/86,HC/86,SD/86,05:46:00,05:46:00
2912,HC/86,SD/86,HÅ/86,05:52:00,05:53:00
2912,SD/86,HÅ/86,HS/86,06:00:00,06:00:00
2912,HÅ/86,HS/86,HED/86,06:06:00,06:08:00
2912,HS/86,HED/86,VJ/86,06:16:00,06:17:00
2912,HED/86,VJ/86,BET/86,06:25:00,06:27:00
2912,VJ/86,BET/86,BK/86,06:33:00,06:34:00
2912,BET/86,BK/86,FA/86,06:37:00,06:38:00
2913,FA/86,BK/86,BET/86,06:22:00,06:23:00
2913,BK/86,BET/86,VJ/86,06:26:00,06:27:00
2913,BET/86,VJ/86,HED/86,06:34:00,06:35:00
2913,VJ/86,HED/86,HS/86,06:44:00,06:45:00
2913,HED/86,HS/86,HÅ/86,06:53:00,06:55:00
2913,HS/86,HÅ/86,SD/86,07:02:00,07:02:00
2913,HÅ/86,SD/86,HX/86,07:09:00,07:10:00
2913,SD/86,HX/86,VI/86,07:15:00,07:15:00
2913,HX/86,VI/86,KGV/86,07:20:00,07:21:00
2913,VI/86,KGV/86,AR/86,07:23:00,07:23:00
2916,AR/86,KGV/86,VI/86,06:40:00,06:40:00
2916,KGV/86,VI/86,HC/86,06:42:00,06:43:00
2916,VI/86,HC/86,SD/86,06:46:00,06:46:00
2916,HC/86,SD/86,HÅ/86,06:52:00,06:53:00
2916,SD/86,HÅ/86,HS/86,07:00:00,07:00:00
2916,HÅ/86,HS/86,HED/86,07:06:00,07:08:00
2916,HS/86,HED/86,VJ/86,07:16:00,07:17:00
2916,HED/86,VJ/86,BET/86,07:25:00,07:27:00
2916,VJ/86,BET/86,BK/86,07:33:00,07:34:00
2916,BET/86,BK/86,FA/86,07:37:00,07:38:00
2917,FA/86,BK/86,BET/86,07:18:00,07:19:00
2917,BK/86,BET/86,VJ/86,07:22:00,07:23:00
2917,BET/86,VJ/86,HED/86,07:30:00,07:31:00
2917,VJ/86,HED/86,HS/86,07:40:00,07:41:00
2917,HED/86,HS/86,HÅ/86,07:49:00,07:50:00
2917,HS/86,HÅ/86,SD/86,07:57:00,07:57:00
2917,HÅ/86,SD/86,HX/86,08:04:00,08:05:00
2917,SD/86,HX/86,VI/86,08:09:00,08:09:00
2917,HX/86,VI/86,KGV/86,08:14:00,08:15:00
2917,VI/86,KGV/86,AR/86,08:17:00,08:17:00
2920,AR/86,KGV/86,VI/86,07:40:00,07:40:00
2920,KGV/86,VI/86,HC/86,07:42:00,07:43:00
2920,VI/86,HC/86,SD/86,07:46:00,07:46:00
2920,HC/86,SD/86,HÅ/86,07:52:00,07:53:00
2920,SD/86,HÅ/86,HS/86,08:00:00,08:00:00
2920,HÅ/86,HS/86,HED/86,08:06:00,08:08:00
2920,HS/86,HED/86,VJ/86,08:16:00,08:17:00
2920,HED/86,VJ/86,BET/86,08:25:00,08:27:00
2920,VJ/86,BET/86,BK/86,08:33:00,08:34:00
2920,BET/86,BK/86,FA/86,08:37:00,08:38:00
2921,FA/86,BK/86,BET/86,08:20:00,08:21:00
2921,BK/86,BET/86,VJ/86,08:24:00,08:25:00
2921,BET/86,VJ/86,HED/86,08:32:00,08:33:00
2921,VJ/86,HED/86,HS/86,08:42:00,08:43:00
2921,HED/86,HS/86,HÅ/86,08:51:00,08:52:00
2921,HS/86,HÅ/86,SD/86,08:59:00,08:59:00
2921,HÅ/86,SD/86,HX/86,09:06:00,09:07:00
2921,SD/86,HX/86,VI/86,09:11:00,09:11:00
2921,HX/86,VI/86,KGV/86,09:16:00,09:17:00
2921,VI/86,KGV/86,AR/86,09:19:00,09:19:00
2924,AR/86,KGV/86,VI/86,08:40:00,08:40:00
2924,KGV/86,VI/86,HC/86,08:42:00,08:43:00
2924,VI/86,HC/86,SD/86,08:46:00,08:46:00
2924,HC/86,SD/86,HÅ/86,08:52:00,08:53:00
2924,SD/86,HÅ/86,HS/86,09:00:00,09:00:00
2924,HÅ/86,HS/86,HED/86,09:06:00,09:08:00
2924,HS/86,HED/86,VJ/86,09:16:00,09:17:00
2924,HED/86,VJ/86,BET/86,09:25:00,09:27:00
2924,VJ/86,BET/86,BK/86,09:33:00,09:34:00
2924,BET/86,BK/86,FA/86,09:37:00,09:38:00
2925,FA/86,BK/86,BET/86,09:20:00,09:21:00
2925,BK/86,BET/86,VJ/86,09:24:00,09:25:00
2925,BET/86,VJ/86,HED/86,09:32:00,09:33:00
2925,VJ/86,HED/86,HS/86,09:42:00,09:43:00
2925,HED/86,HS/86,HÅ/86,09:51:00,09:52:00
2925,HS/86,HÅ/86,SD/86,09:59:00,09:59:00
2925,HÅ/86,SD/86,HX/86,10:06:00,10:07:00
2925,SD/86,HX/86,VI/86,10:11:00,10:11:00
2925,HX/86,VI/86,KGV/86,10:16:00,10:17:00
2925,VI/86,KGV/86,AR/86,10:19:00,10:19:00
2928,AR/86,KGV/86,VI/86,09:40:00,09:40:00
2928,KGV/86,VI/86,HC/86,09:42:00,09:43:00
2928,VI/86,HC/86,SD/86,09:46:00,09:46:00
2928,HC/86,SD/86,HÅ/86,09:52:00,09:53:00
2928,SD/86,HÅ/86,HS/86,10:00:00,10:00:00
2928,HÅ/86,HS/86,HED/86,10:06:00,10:08:00
2928,HS/86,HED/86,VJ/86,10:16:00,10:17:00
2928,HED/86,VJ/86,BET/86,10:25:00,10:27:00
2928,VJ/86,BET/86,BK/86,10:33:00,10:34:00
2928,BET/86,BK/86,FA/86,10:37:00,10:38:00
2929,FA/86,BK/86,BET/86,10:20:00,10:21:00
2929,BK/86,BET/86,VJ/86,10:24:00,10:25:00
2929,BET/86,VJ/86,HED/86,10:32:00,10:33:00
2929,VJ/86,HED/86,HS/86,10:42:00,10:43:00
2929,HED/86,HS/86,HÅ/86,10:51:00,10:52:00
2929,HS/86,HÅ/86,SD/86,10:59:00,10:59:00
2929,HÅ/86,SD/86,HX/86,11:06:00,11:07:00
2929,SD/86,HX/86,VI/86,11:11:00,11:11:00
2929,HX/86,VI/86,KGV/86,11:16:00,11:17:00
2929,VI/86,KGV/86,AR/86,11:19:00,11:19:00
2932,AR/86,KGV/86,VI/86,10:40:00,10:40:00
2932,KGV/86,VI/86,HC/86,10:42:00,10:43:00
2932,VI/86,HC/86,SD/86,10:46:00,10:46:00
2932,HC/86,SD/86,HÅ/86,10:52:00,10:53:00
2932,SD/86,HÅ/86,HS/86,11:00:00,11:00:00
2932,HÅ/86,HS/86,HED/86,11:06:00,11:08:00
2932,HS/86,HED/86,VJ/86,11:16:00,11:17:00
2932,HED/86,VJ/86,BET/86,11:25:00,11:27:00
2932,VJ/86,BET/86,BK/86,11:33:00,11:34:00
2932,BET/86,BK/86,FA/86,11:37:00,11:38:00
2933,FA/86,BK/86,BET/86,11:20:00,11:21:00
2933,BK/86,BET/86,VJ/86,11:24:00,11:25:00
2933,BET/86,VJ/86,HED/86,11:32:00,11:33:00
2933,VJ/86,HED/86,HS/86,11:42:00,11:43:00
2933,HED/86,HS/86,HÅ/86,11:51:00,11:52:00
2933,HS/86,HÅ/86,SD/86,11:59:00,11:59:00
2933,HÅ/86,SD/86,HX/86,12:06:00,12:07:00
2933,SD/86,HX/86,VI/86,12:11:00,12:11:00
2933,HX/86,VI/86,KGV/86,12:16:00,12:17:00
2933,VI/86,KGV/86,AR/86,12:19:00,12:19:00
2936,AR/86,KGV/86,VI/86,11:40:00,11:40:00
2936,KGV/86,VI/86,HC/86,11:42:00,11:43:00
2936,VI/86,HC/86,SD/86,11:46:00,11:46:00
2936,HC/86,SD/86,HÅ/86,11:52:00,11:53:00
2936,SD/86,HÅ/86,HS/86,12:00:00,12:00:00
2936,HÅ/86,HS/86,HED/86,12:06:00,12:08:00
2936,HS/86,HED/86,VJ/86,12:16:00,12:17:00
2936,HED/86,VJ/86,BET/86,12:25:00,12:27:00
2936,VJ/86,BET/86,BK/86,12:33:00,12:34:00
2936,BET/86,BK/86,FA/86,12:37:00,12:38:00
2937,FA/86,BK/86,BET/86,12:20:00,12:21:00
2937,BK/86,BET/86,VJ/86,12:24:00,12:25:00
2937,BET/86,VJ/86,HED/86,12:32:00,12:33:00
2937,VJ/86,HED/86,HS/86,12:42:00,12:43:00
2937,HED/86,HS/86,HÅ/86,12:51:00,12:52:00
2937,HS/86,HÅ/86,SD/86,12:59:00,12:59:00
2937,HÅ/86,SD/86,HX/86,13:06:00,13:07:00
2937,SD/86,HX/86,VI/86,13:11:00,13:11:00
2937,HX/86,VI/86,KGV/86,13:16:00,13:17:00
2937,VI/86,KGV/86,AR/86,13:19:00,13:19:00
2940,AR/86,KGV/86,VI/86,12:40:00,12:40:00
2940,KGV/86,VI/86,HC/86,12:42:00,12:43:00
2940,VI/86,HC/86,SD/86,12:46:00,12:46:00
2940,HC/86,SD/86,HÅ/86,12:52:00,12:53:00
2940,SD/86,HÅ/86,HS/86,13:00:00,13:00:00
2940,HÅ/86,HS/86,HED/86,13:06:00,13:08:00
2940,HS/86,HED/86,VJ/86,13:16:00,13:17:00
2940,HED/86,VJ/86,BET/86,13:25:00,13:27:00
2940,VJ/86,BET/86,BK/86,13:33:00,13:34:00
2940,BET/86,BK/86,FA/86,13:37:00,13:38:00
2941,FA/86,BK/86,BET/86,13:20:00,13:21:00
2941,BK/86,BET/86,VJ/86,13:24:00,13:25:00
2941,BET/86,VJ/86,HED/86,13:32:00,13:33:00
2941,VJ/86,HED/86,HS/86,13:42:00,13:43:00
2941,HED/86,HS/86,HÅ/86,13:51:00,13:52:00
2941,HS/86,HÅ/86,SD/86,13:59:00,13:59:00
2941,HÅ/86,SD/86,HX/86,14:06:00,14:07:00
2941,SD/86,HX/86,VI/86,14:11:00,14:11:00
2941,HX/86,VI/86,KGV/86,14:16:00,14:17:00
2941,VI/86,KGV/86,AR/86,14:19:00,14:19:00
2944,AR/86,KGV/86,VI/86,13:40:00,13:40:00
2944,KGV/86,VI/86,HC/86,13:42:00,13:43:00
2944,VI/86,HC/86,SD/86,13:46:00,13:46:00
2944,HC/86,SD/86,HÅ/86,13:52:00,13:53:00
2944,SD/86,HÅ/86,HS/86,14:00:00,14:00:00
2944,HÅ/86,HS/86,HED/86,14:06:00,14:08:00
2944,HS/86,HED/86,VJ/86,14:16:00,14:17:00
2944,HED/86,VJ/86,BET/86,14:25:00,14:27:00
2944,VJ/86,BET/86,BK/86,14:33:00,14:34:00
2944,BET/86,BK/86,FA/86,14:37:00,14:38:00
2945,FA/86,BK/86,BET/86,14:20:00,14:21:00
2945,BK/86,BET/86,VJ/86,14:24:00,14:25:00
2945,BET/86,VJ/86,HED/86,14:32:00,14:33:00
2945,VJ/86,HED/86,HS/86,14:42:00,14:43:00
2945,HED/86,HS/86,HÅ/86,14:51:00,14:52:00
2945,HS/86,HÅ/86,SD/86,14:59:00,14:59:00
2945,HÅ/86,SD/86,HX/86,15:06:00,15:07:00
2945,SD/86,HX/86,VI/86,15:11:00,15:11:00
2945,HX/86,VI/86,KGV/86,15:16:00,15:17:00
2945,VI/86,KGV/86,AR/86,15:19:00,15:19:00
2948,AR/86,KGV/86,VI/86,14:40:00,14:40:00
2948,KGV/86,VI/86,HC/86,14:42:00,14:43:00
2948,VI/86,HC/86,SD/86,14:46:00,14:46:00
2948,HC/86,SD/86,HÅ/86,14:52:00,14:53:00
2948,SD/86,HÅ/86,HS/86,15:00:00,15:00:00
2948,HÅ/86,HS/86,HED/86,15:06:00,15:08:00
2948,HS/86,HED/86,VJ/86,15:16:00,15:17:00
2948,HED/86,VJ/86,BET/86,15:25:00,15:27:00
2948,VJ/86,BET/86,BK/86,15:33:00,15:34:00
2948,BET/86,BK/86,FA/86,15:37:00,15:38:00
2949,FA/86,BK/86,BET/86,15:20:00,15:21:00
2949,BK/86,BET/86,VJ/86,15:24:00,15:25:00
2949,BET/86,VJ/86,HED/86,15:32:00,15:33:00
2949,VJ/86,HED/86,HS/86,15:42:00,15:43:00
2949,HED/86,HS/86,HÅ/86,15:51:00,15:52:00
2949,HS/86,HÅ/86,SD/86,15:59:00,15:59:00
2949,HÅ/86,SD/86,HX/86,16:06:00,16:07:00
2949,SD/86,HX/86,VI/86,16:11:00,16:11:00
2949,HX/86,VI/86,KGV/86,16:16:00,16:17:00
2949,VI/86,KGV/86,AR/86,16:19:00,16:19:00
295,CPH/86,TÅT/86,ØRE/86,00:07:00,00:08:00
295,TÅT/86,ØRE/86,KLV/86,00:10:00,00:11:00
295,ØRE/86,KLV/86,NEL/86,00:14:00,00:14:00
295,KLV/86,NEL/86,IG/86,00:16:00,00:18:00
295,NEL/86,IG/86,HTÅ/86,00:20:00,00:20:00
295,IG/86,HTÅ/86,HH/86,00:28:00,00:29:00
295,HTÅ/86,HH/86,TRK/86,00:32:00,00:32:00
295,HH/86,TRK/86,RO/86,00:35:00,00:36:00
2952,AR/86,KGV/86,VI/86,15:40:00,15:40:00
2952,KGV/86,VI/86,HC/86,15:42:00,15:43:00
2952,VI/86,HC/86,SD/86,15:46:00,15:46:00
2952,HC/86,SD/86,HÅ/86,15:52:00,15:53:00
2952,SD/86,HÅ/86,HS/86,16:00:00,16:00:00
2952,HÅ/86,HS/86,HED/86,16:06:00,16:08:00
2952,HS/86,HED/86,VJ/86,16:16:00,16:17:00
2952,HED/86,VJ/86,BET/86,16:25:00,16:27:00
2952,VJ/86,BET/86,BK/86,16:33:00,16:34:00
2952,BET/86,BK/86,FA/86,16:37:00,16:38:00
2953,FA/86,BK/86,BET/86,16:20:00,16:21:00
2953,BK/86,BET/86,VJ/86,16:24:00,16:25:00
2953,BET/86,VJ/86,HED/86,16:32:00,16:33:00
2953,VJ/86,HED/86,HS/86,16:42:00,16:43:00
2953,HED/86,HS/86,HÅ/86,16:51:00,16:52:00
2953,HS/86,HÅ/86,SD/86,16:59:00,16:59:00
2953,HÅ/86,SD/86,HX/86,17:06:00,17:07:00
2953,SD/86,HX/86,VI/86,17:11:00,17:11:00
2953,HX/86,VI/86,KGV/86,17:16:00,17:17:00
2953,VI/86,KGV/86,AR/86,17:19:00,17:19:00
2956,AR/86,KGV/86,VI/86,16:40:00,16:40:00
2956,KGV/86,VI/86,HC/86,16:42:00,16:43:00
2956,VI/86,HC/86,SD/86,16:46:00,16:46:00
2956,HC/86,SD/86,HÅ/86,16:52:00,16:53:00
2956,SD/86,HÅ/86,HS/86,17:00:00,17:00:00
2956,HÅ/86,HS/86,HED/86,17:06:00,17:08:00
2956,HS/86,HED/86,VJ/86,17:16:00,17:17:00
2956,HED/86,VJ/86,BET/86,17:25:00,17:27:00
2956,VJ/86,BET/86,BK/86,17:33:00,17:34:00
2956,BET/86,BK/86,FA/86,17:37:00,17:38:00
2957,FA/86,BK/86,BET/86,17:20:00,17:21:00
2957,BK/86,BET/86,VJ/86,17:24:00,17:25:00
2957,BET/86,VJ/86,HED/86,17:32:00,17:33:00
2957,VJ/86,HED/86,HS/86,17:42:00,17:43:00
2957,HED/86,HS/86,HÅ/86,17:51:00,17:52:00
2957,HS/86,HÅ/86,SD/86,17:59:00,17:59:00
2957,HÅ/86,SD/86,HX/86,18:06:00,18:07:00
2957,SD/86,HX/86,VI/86,18:11:00,18:11:00
2957,HX/86,VI/86,KGV/86,18:16:00,18:17:00
2957,VI/86,KGV/86,AR/86,18:19:00,18:19:00
2960,AR/86,KGV/86,VI/86,17:40:00,17:40:00
2960,KGV/86,VI/86,HC/86,17:42:00,17:43:00
2960,VI/86,HC/86,SD/86,17:46:00,17:46:00
2960,HC/86,SD/86,HÅ/86,17:52:00,17:53:00
2960,SD/86,HÅ/86,HS/86,18:00:00,18:00:00
2960,HÅ/86,HS/86,HED/86,18:06:00,18:08:00
2960,HS/86,HED/86,VJ/86,18:16:00,18:17:00
2960,HED/86,VJ/86,BET/86,18:25:00,18:27:00
2960,VJ/86,BET/86,BK/86,18:33:00,18:34:00
2960,BET/86,BK/86,FA/86,18:37:00,18:38:00
2961,FA/86,BK/86,BET/86,18:20:00,18:21:00
2961,BK/86,BET/86,VJ/86,18:24:00,18:25:00
2961,BET/86,VJ/86,HED/86,18:32:00,18:33:00
2961,VJ/86,HED/86,HS/86,18:42:00,18:43:00
2961,HED/86,HS/86,HÅ/86,18:51:00,18:52:00
2961,HS/86,HÅ/86,SD/86,18:59:00,18:59:00
2961,HÅ/86,SD/86,HX/86,19:06:00,19:07:00
2961,SD/86,HX/86,VI/86,19:11:00,19:11:00
2961,HX/86,VI/86,KGV/86,19:16:00,19:17:00
2961,VI/86,KGV/86,AR/86,19:19:00,19:19:00
2964,AR/86,KGV/86,VI/86,18:40:00,18:40:00
2964,KGV/86,VI/86,HC/86,18:42:00,18:43:00
2964,VI/86,HC/86,SD/86,18:46:00,18:46:00
2964,HC/86,SD/86,HÅ/86,18:52:00,18:53:00
2964,SD/86,HÅ/86,HS/86,19:00:00,19:00:00
2964,HÅ/86,HS/86,HED/86,19:06:00,19:08:00
2964,HS/86,HED/86,VJ/86,19:16:00,19:17:00
2964,HED/86,VJ/86,BET/86,19:25:00,19:27:00
2964,VJ/86,BET/86,BK/86,19:33:00,19:34:00
2964,BET/86,BK/86,FA/86,19:37:00,19:38:00
2965,FA/86,BK/86,BET/86,19:20:00,19:21:00
2965,BK/86,BET/86,VJ/86,19:24:00,19:25:00
2965,BET/86,VJ/86,HED/86,19:32:00,19:33:00
2965,VJ/86,HED/86,HS/86,19:42:00,19:43:00
2965,HED/86,HS/86,HÅ/86,19:51:00,19:52:00
2965,HS/86,HÅ/86,SD/86,19:59:00,19:59:00
2965,HÅ/86,SD/86,HX/86,20:06:00,20:07:00
2965,SD/86,HX/86,VI/86,20:11:00,20:11:00
2965,HX/86,VI/86,KGV/86,20:16:00,20:17:00
2965,VI/86,KGV/86,AR/86,20:19:00,20:19:00
2968,AR/86,KGV/86,VI/86,19:40:00,19:40:00
2968,KGV/86,VI/86,HC/86,19:42:00,19:43:00
2968,VI/86,HC/86,SD/86,19:46:00,19:46:00
2968,HC/86,SD/86,HÅ/86,19:52:00,19:53:00
2968,SD/86,HÅ/86,HS/86,20:00:00,20:00:00
2968,HÅ/86,HS/86,HED/86,20:06:00,20:08:00
2968,HS/86,HED/86,VJ/86,20:16:00,20:17:00
2968,HED/86,VJ/86,BET/86,20:25:00,20:27:00
2968,VJ/86,BET/86,BK/86,20:33:00,20:34:00
2968,BET/86,BK/86,FA/86,20:37:00,20:38:00
2969,FA/86,BK/86,BET/86,20:20:00,20:21:00
2969,BK/86,BET/86,VJ/86,20:24:00,20:25:00
2969,BET/86,VJ/86,HED/86,20:32:00,20:33:00
2969,VJ/86,HED/86,HS/86,20:42:00,20:43:00
2969,HED/86,HS/86,HÅ/86,20:51:00,20:52:00
2969,HS/86,HÅ/86,SD/86,20:59:00,20:59:00
2969,HÅ/86,SD/86,HX/86,21:06:00,21:07:00
2969,SD/86,HX/86,VI/86,21:11:00,21:11:00
2969,HX/86,VI/86,KGV/86,21:16:00,21:17:00
2969,VI/86,KGV/86,AR/86,21:19:00,21:19:00
2972,AR/86,KGV/86,VI/86,20:40:00,20:40:00
2972,KGV/86,VI/86,HC/86,20:42:00,20:43:00
2972,VI/86,HC/86,SD/86,20:46:00,20:46:00
2972,HC/86,SD/86,HÅ/86,20:52:00,20:53:00
2972,SD/86,HÅ/86,HS/86,21:00:00,21:00:00
2972,HÅ/86,HS/86,HED/86,21:06:00,21:08:00
2972,HS/86,HED/86,VJ/86,21:16:00,21:17:00
2972,HED/86,VJ/86,BET/86,21:25:00,21:27:00
2972,VJ/86,BET/86,BK/86,21:33:00,21:34:00
2972,BET/86,BK/86,FA/86,21:37:00,21:38:00
2973,FA/86,BK/86,BET/86,21:20:00,21:21:00
2973,BK/86,BET/86,VJ/86,21:24:00,21:25:00
2973,BET/86,VJ/86,HED/86,21:32:00,21:33:00
2973,VJ/86,HED/86,HS/86,21:42:00,21:43:00
2973,HED/86,HS/86,HÅ/86,21:51:00,21:52:00
2973,HS/86,HÅ/86,SD/86,21:59:00,21:59:00
2973,HÅ/86,SD/86,HX/86,22:06:00,22:07:00
2973,SD/86,HX/86,VI/86,22:11:00,22:11:00
2973,HX/86,VI/86,KGV/86,22:16:00,22:17:00
2973,VI/86,KGV/86,AR/86,22:19:00,22:19:00
2974,FA/86,TL/86,KD/86,22:33:00,22:33:00
2976,AR/86,KGV/86,VI/86,21:40:00,21:40:00
2976,KGV/86,VI/86,HC/86,21:42:00,21:43:00
2976,VI/86,HC/86,SD/86,21:46:00,21:46:00
2976,HC/86,SD/86,HÅ/86,21:52:00,21:53:00
2976,SD/86,HÅ/86,HS/86,22:00:00,22:00:00
2976,HÅ/86,HS/86,HED/86,22:06:00,22:08:00
2976,HS/86,HED/86,VJ/86,22:16:00,22:17:00
2976,HED/86,VJ/86,BET/86,22:25:00,22:27:00
2976,VJ/86,BET/86,BK/86,22:33:00,22:34:00
2976,BET/86,BK/86,FA/86,22:37:00,22:38:00
2980,AR/86,KGV/86,VI/86,22:40:00,22:40:00
2980,KGV/86,VI/86,HC/86,22:42:00,22:43:00
2980,VI/86,HC/86,SD/86,22:46:00,22:46:00
2980,HC/86,SD/86,HÅ/86,22:52:00,22:53:00
2980,SD/86,HÅ/86,HS/86,23:00:00,23:00:00
2980,HÅ/86,HS/86,HED/86,23:06:00,23:08:00
2980,HS/86,HED/86,VJ/86,23:16:00,23:17:00
2980,HED/86,VJ/86,BET/86,23:25:00,23:27:00
2980,VJ/86,BET/86,BK/86,23:33:00,23:34:00
2980,BET/86,BK/86,FA/86,23:37:00,23:38:00
2981,KD/86,TL/86,FA/86,22:55:00,22:55:00
30,AR/86,KGV/86,SD/86,10:23:00,10:23:00
30,KGV/86,SD/86,HÅ/86,10:32:00,10:34:00
30,SD/86,HÅ/86,HS/86,10:41:00,10:41:00
30,HÅ/86,HS/86,HED/86,10:47:00,10:49:00
30,HS/86,HED/86,VJ/86,10:57:00,10:57:00
30,HED/86,VJ/86,BET/86,11:04:00,11:06:00
30,VJ/86,BET/86,FA/86,11:11:00,11:11:00
30,BET/86,FA/86,SNO/86,11:21:00,11:27:00
30,FA/86,SNO/86,OD/86,11:29:00,11:29:00
30,SNO/86,OD/86,MV/86,11:54:00,11:57:00
30,OD/86,MV/86,KH/86,12:02:00,12:02:00
30,MV/86,KH/86,BAN/86,13:06:00,13:18:00
30,KH/86,BAN/86,CPH/86,13:21:00,13:21:00
31,CPH/86,TÅT/86,KH/86,08:29:00,08:29:00
31,TÅT/86,KH/86,GB/86,08:40:00,08:52:00
31,KH/86,GB/86,OD/86,08:55:00,08:55:00
31,GB/86,OD/86,HP/86,10:03:00,10:06:00
31,OD/86,HP/86,FA/86,10:10:00,10:10:00
31,HP/86,FA/86,BK/86,10:34:00,10:38:00
31,FA/86,BK/86,VJ/86,10:44:00,10:44:00
31,BK/86,VJ/86,HED/86,10:51:00,10:53:00
31,VJ/86,HED/86,HS/86,11:01:00,11:01:00
31,HED/86,HS/86,HÅ/86,11:08:00,11:10:00
31,HS/86,HÅ/86,SD/86,11:17:00,11:17:00
31,HÅ/86,SD/86,HX/86,11:24:00,11:25:00
31,SD/86,HX/86,AR/86,11:30:00,11:30:00
3206,NF/86,TN/86,VO/86,06:06:00,06:06:00
3206,TN/86,VO/86,LU/86,06:18:00,06:20:00
3206,VO/86,LU/86,NÆ/86,06:25:00,06:25:00
3206,LU/86,NÆ/86,GZ/86,06:32:00,06:36:00
3206,NÆ/86,GZ/86,KH/86,06:43:00,06:43:00
3306,RO/86,TRK/86,HTÅ/86,07:19:00,07:19:00
3306,TRK/86,HTÅ/86,GL/86,07:23:00,07:25:00
3306,HTÅ/86,GL/86,VAL/86,07:29:00,07:29:00
3306,GL/86,VAL/86,KH/86,07:33:00,07:35:00
3306,VAL/86,KH/86,KN/86,07:40:00,07:43:00
3306,KH/86,KN/86,KK/86,07:45:00,07:46:00
3310,RO/86,TRK/86,HTÅ/86,08:19:00,08:19:00
3310,TRK/86,HTÅ/86,GL/86,08:23:00,08:25:00
3310,HTÅ/86,GL/86,VAL/86,08:29:00,08:29:00
3310,GL/86,VAL/86,KH/86,08:33:00,08:35:00
3310,VAL/86,KH/86,KN/86,08:40:00,08:43:00
3310,KH/86,KN/86,KK/86,08:45:00,08:46:00
3327,KK/86,KN/86,KH/86,07:28:00,07:29:00
3327,KN/86,KH/86,VAL/86,07:32:00,07:35:00
3327,KH/86,VAL/86,HIF/86,07:38:00,07:40:00
3327,VAL/86,HIF/86,HTÅ/86,07:43:00,07:43:00
3327,HIF/86,HTÅ/86,HH/86,07:49:00,07:50:00
3327,HTÅ/86,HH/86,RO/86,07:53:00,07:53:00
3359,HGL/86,KK/86,KN/86,15:09:00,15:11:00
3359,KK/86,KN/86,KH/86,15:13:00,15:14:00
3359,KN/86,KH/86,VAL/86,15:17:00,15:20:00
3359,KH/86,VAL/86,HIF/86,15:23:00,15:25:00
3359,VAL/86,HIF/86,HTÅ/86,15:28:00,15:28:00
3359,HIF/86,HTÅ/86,HH/86,15:34:00,15:35:00
3359,HTÅ/86,HH/86,RO/86,15:38:00,15:38:00
3363,HGL/86,KK/86,KN/86,16:09:00,16:11:00
3363,KK/86,KN/86,KH/86,16:13:00,16:14:00
3363,KN/86,KH/86,VAL/86,16:17:00,16:20:00
3363,KH/86,VAL/86,HIF/86,16:23:00,16:25:00
3363,VAL/86,HIF/86,HTÅ/86,16:28:00,16:28:00
3363,HIF/86,HTÅ/86,HH/86,16:34:00,16:35:00
3363,HTÅ/86,HH/86,RO/86,16:38:00,16:38:00
34,AR/86,KGV/86,SD/86,11:23:00,11:23:00
34,KGV/86,SD/86,HÅ/86,11:32:00,11:34:00
34,SD/86,HÅ/86,HS/86,11:41:00,11:41:00
34,HÅ/86,HS/86,HED/86,11:47:00,11:49:00
34,HS/86,HED/86,VJ/86,11:57:00,11:57:00
34,HED/86,VJ/86,BET/86,12:04:00,12:06:00
34,VJ/86,BET/86,FA/86,12:11:00,12:11:00
34,BET/86,FA/86,SNO/86,12:21:00,12:27:00
34,FA/86,SNO/86,OD/86,12:29:00,12:29:00
34,SNO/86,OD/86,MV/86,12:54:00,12:57:00
34,OD/86,MV/86,KH/86,13:02:00,13:02:00
34,MV/86,KH/86,BAN/86,14:06:00,14:18:00
34,KH/86,BAN/86,CPH/86,14:21:00,14:21:00
3400,KH/86,KN/86,KK/86,05:48:00,05:49:00
3400,KN/86,KK/86,HGL/86,05:52:00,05:53:00
3400,KK/86,HGL/86,HL/86,05:56:00,05:56:00
3400,HGL/86,HL/86,KL/86,05:59:00,06:00:00
3400,HL/86,KL/86,OK/86,06:05:00,06:05:00
3400,KL/86,OK/86,NI/86,06:17:00,06:18:00
3400,OK/86,NI/86,HUM/86,06:21:00,06:22:00
3400,NI/86,HUM/86,GÆ/86,06:25:00,06:26:00
3400,HUM/86,GÆ/86,SQ/86,06:29:00,06:30:00
3400,GÆ/86,SQ/86,HG/86,06:32:00,06:32:00
3402,KH/86,KN/86,KK/86,06:18:00,06:19:00
3402,KN/86,KK/86,HGL/86,06:22:00,06:23:00
3402,KK/86,HGL/86,HL/86,06:26:00,06:26:00
3402,HGL/86,HL/86,KL/86,06:29:00,06:30:00
3402,HL/86,KL/86,OK/86,06:35:00,06:35:00
3402,KL/86,OK/86,NI/86,06:47:00,06:48:00
3402,OK/86,NI/86,HUM/86,06:51:00,06:52:00
3402,NI/86,HUM/86,GÆ/86,06:55:00,06:56:00
3402,HUM/86,GÆ/86,SQ/86,06:59:00,07:00:00
3402,GÆ/86,SQ/86,HG/86,07:03:00,07:03:00
3404,KH/86,KN/86,KK/86,06:48:00,06:49:00
3404,KN/86,KK/86,HGL/86,06:52:00,06:53:00
3404,KK/86,HGL/86,HL/86,06:56:00,06:56:00
3404,HGL/86,HL/86,KL/86,06:59:00,07:00:00
3404,HL/86,KL/86,OK/86,07:05:00,07:05:00
3404,KL/86,OK/86,NI/86,07:17:00,07:18:00
3404,OK/86,NI/86,HUM/86,07:21:00,07:22:00
3404,NI/86,HUM/86,GÆ/86,07:25:00,07:26:00
3404,HUM/86,GÆ/86,SQ/86,07:29:00,07:30:00
3404,GÆ/86,SQ/86,HG/86,07:33:00,07:33:00
3406,KH/86,KN/86,KK/86,07:18:00,07:19:00
3406,KN/86,KK/86,HGL/86,07:22:00,07:23:00
3406,KK/86,HGL/86,HL/86,07:26:00,07:26:00
3406,HGL/86,HL/86,KL/86,07:29:00,07:30:00
3406,HL/86,KL/86,OK/86,07:35:00,07:35:00
3406,KL/86,OK/86,NI/86,07:47:00,07:48:00
3406,OK/86,NI/86,HUM/86,07:51:00,07:52:00
3406,NI/86,HUM/86,GÆ/86,07:55:00,07:56:00
3406,HUM/86,GÆ/86,SQ/86,07:59:00,08:00:00
3406,GÆ/86,SQ/86,HG/86,08:03:00,08:03:00
3408,KH/86,KN/86,KK/86,07:48:00,07:49:00
3408,KN/86,KK/86,HGL/86,07:52:00,07:53:00
3408,KK/86,HGL/86,HL/86,07:56:00,07:56:00
3408,HGL/86,HL/86,KL/86,07:59:00,08:00:00
3408,HL/86,KL/86,OK/86,08:05:00,08:05:00
3408,KL/86,OK/86,NI/86,08:17:00,08:18:00
3408,OK/86,NI/86,HUM/86,08:21:00,08:22:00
3408,NI/86,HUM/86,GÆ/86,08:25:00,08:26:00
3408,HUM/86,GÆ/86,SQ/86,08:29:00,08:30:00
3408,GÆ/86,SQ/86,HG/86,08:33:00,08:33:00
3427,HG/86,SQ/86,GÆ/86,06:26:00,06:26:00
3427,SQ/86,GÆ/86,HUM/86,06:29:00,06:30:00
3427,GÆ/86,HUM/86,NI/86,06:33:00,06:34:00
3427,HUM/86,NI/86,OK/86,06:37:00,06:38:00
3427,NI/86,OK/86,RU/86,06:41:00,06:42:00
3427,OK/86,RU/86,HL/86,06:45:00,06:45:00
3427,RU/86,HL/86,HGL/86,06:59:00,07:00:00
3427,HL/86,HGL/86,KK/86,07:02:00,07:02:00
3427,HGL/86,KK/86,KN/86,07:05:00,07:08:00
3427,KK/86,KN/86,KH/86,07:10:00,07:11:00
3429,HG/86,SQ/86,GÆ/86,06:56:00,06:56:00
3429,SQ/86,GÆ/86,HUM/86,06:59:00,07:00:00
3429,GÆ/86,HUM/86,NI/86,07:03:00,07:04:00
3429,HUM/86,NI/86,OK/86,07:07:00,07:08:00
3429,NI/86,OK/86,RU/86,07:11:00,07:12:00
3429,OK/86,RU/86,HL/86,07:15:00,07:15:00
3429,RU/86,HL/86,HGL/86,07:29:00,07:30:00
3429,HL/86,HGL/86,KK/86,07:32:00,07:32:00
3429,HGL/86,KK/86,KN/86,07:35:00,07:38:00
3429,KK/86,KN/86,KH/86,07:40:00,07:41:00
3431,HG/86,SQ/86,GÆ/86,07:26:00,07:26:00
3431,SQ/86,GÆ/86,HUM/86,07:29:00,07:30:00
3431,GÆ/86,HUM/86,NI/86,07:33:00,07:34:00
3431,HUM/86,NI/86,OK/86,07:37:00,07:38:00
3431,NI/86,OK/86,RU/86,07:41:00,07:42:00
3431,OK/86,RU/86,HL/86,07:45:00,07:45:00
3431,RU/86,HL/86,HGL/86,07:59:00,08:00:00
3431,HL/86,HGL/86,KK/86,08:02:00,08:02:00
3431,HGL/86,KK/86,KN/86,08:05:00,08:08:00
3431,KK/86,KN/86,KH/86,08:10:00,08:11:00
3433,HG/86,SQ/86,GÆ/86,07:56:00,07:56:00
3433,SQ/86,GÆ/86,HUM/86,07:59:00,08:00:00
3433,GÆ/86,HUM/86,NI/86,08:03:00,08:04:00
3433,HUM/86,NI/86,OK/86,08:07:00,08:08:00
3433,NI/86,OK/86,RU/86,08:11:00,08:12:00
3433,OK/86,RU/86,HL/86,08:15:00,08:15:00
3433,RU/86,HL/86,HGL/86,08:29:00,08:30:00
3433,HL/86,HGL/86,KK/86,08:32:00,08:32:00
3433,HGL/86,KK/86,KN/86,08:35:00,08:38:00
3433,KK/86,KN/86,KH/86,08:40:00,08:41:00
3434,KH/86,KN/86,KK/86,14:18:00,14:19:00
3434,KN/86,KK/86,HGL/86,14:22:00,14:23:00
3434,KK/86,HGL/86,HL/86,14:26:00,14:26:00
3434,HGL/86,HL/86,KL/86,14:29:00,14:30:00
3434,HL/86,KL/86,OK/86,14:35:00,14:35:00
3434,KL/86,OK/86,NI/86,14:47:00,14:48:00
3434,OK/86,NI/86,HUM/86,14:51:00,14:52:00
3434,NI/86,HUM/86,GÆ/86,14:55:00,14:56:00
3434,HUM/86,GÆ/86,SQ/86,14:59:00,15:00:00
3434,GÆ/86,SQ/86,HG/86,15:03:00,15:03:00
3435,HG/86,SQ/86,GÆ/86,08:26:00,08:26:00
3435,SQ/86,GÆ/86,HUM/86,08:29:00,08:30:00
3435,GÆ/86,HUM/86,NI/86,08:33:00,08:34:00
3435,HUM/86,NI/86,OK/86,08:37:00,08:38:00
3435,NI/86,OK/86,RU/86,08:41:00,08:42:00
3435,OK/86,RU/86,HL/86,08:45:00,08:45:00
3435,RU/86,HL/86,HGL/86,08:59:00,09:00:00
3435,HL/86,HGL/86,KK/86,09:02:00,09:02:00
3435,HGL/86,KK/86,KN/86,09:05:00,09:08:00
3435,KK/86,KN/86,KH/86,09:10:00,09:11:00
3436,KH/86,KN/86,KK/86,14:48:00,14:49:00
3436,KN/86,KK/86,HGL/86,14:52:00,14:53:00
3436,KK/86,HGL/86,HL/86,14:56:00,14:56:00
3436,HGL/86,HL/86,KL/86,14:59:00,15:00:00
3436,HL/86,KL/86,OK/86,15:05:00,15:05:00
3436,KL/86,OK/86,NI/86,15:17:00,15:18:00
3436,OK/86,NI/86,HUM/86,15:21:00,15:22:00
3436,NI/86,HUM/86,GÆ/86,15:25:00,15:26:00
3436,HUM/86,GÆ/86,SQ/86,15:29:00,15:30:00
3436,GÆ/86,SQ/86,HG/86,15:33:00,15:33:00
3437,HG/86,SQ/86,GÆ/86,08:56:00,08:56:00
3437,SQ/86,GÆ/86,HUM/86,08:59:00,09:00:00
3437,GÆ/86,HUM/86,NI/86,09:03:00,09:04:00
3437,HUM/86,NI/86,OK/86,09:07:00,09:08:00
3437,NI/86,OK/86,RU/86,09:11:00,09:12:00
3437,OK/86,RU/86,HL/86,09:15:00,09:15:00
3437,RU/86,HL/86,HGL/86,09:29:00,09:30:00
3437,HL/86,HGL/86,KK/86,09:32:00,09:32:00
3437,HGL/86,KK/86,KN/86,09:35:00,09:38:00
3437,KK/86,KN/86,KH/86,09:40:00,09:41:00
3438,KH/86,KN/86,KK/86,15:18:00,15:19:00
3438,KN/86,KK/86,HGL/86,15:22:00,15:23:00
3438,KK/86,HGL/86,HL/86,15:26:00,15:26:00
3438,HGL/86,HL/86,KL/86,15:29:00,15:30:00
3438,HL/86,KL/86,OK/86,15:35:00,15:35:00
3438,KL/86,OK/86,NI/86,15:47:00,15:48:00
3438,OK/86,NI/86,HUM/86,15:51:00,15:52:00
3438,NI/86,HUM/86,GÆ/86,15:55:00,15:56:00
3438,HUM/86,GÆ/86,SQ/86,15:59:00,16:00:00
3438,GÆ/86,SQ/86,HG/86,16:03:00,16:03:00
3440,KH/86,KN/86,KK/86,15:48:00,15:49:00
3440,KN/86,KK/86,HGL/86,15:52:00,15:53:00
3440,KK/86,HGL/86,HL/86,15:56:00,15:56:00
3440,HGL/86,HL/86,KL/86,15:59:00,16:00:00
3440,HL/86,KL/86,OK/86,16:05:00,16:05:00
3440,KL/86,OK/86,NI/86,16:17:00,16:18:00
3440,OK/86,NI/86,HUM/86,16:21:00,16:22:00
3440,NI/86,HUM/86,GÆ/86,16:25:00,16:26:00
3440,HUM/86,GÆ/86,SQ/86,16:29:00,16:30:00
3440,GÆ/86,SQ/86,HG/86,16:33:00,16:33:00
3442,KH/86,KN/86,KK/86,16:18:00,16:19:00
3442,KN/86,KK/86,HGL/86,16:22:00,16:23:00
3442,KK/86,HGL/86,HL/86,16:26:00,16:26:00
3442,HGL/86,HL/86,KL/86,16:29:00,16:30:00
3442,HL/86,KL/86,OK/86,16:35:00,16:35:00
3442,KL/86,OK/86,NI/86,16:47:00,16:48:00
3442,OK/86,NI/86,HUM/86,16:51:00,16:52:00
3442,NI/86,HUM/86,GÆ/86,16:55:00,16:56:00
3442,HUM/86,GÆ/86,SQ/86,16:59:00,17:00:00
3442,GÆ/86,SQ/86,HG/86,17:03:00,17:03:00
3444,KH/86,KN/86,KK/86,16:48:00,16:49:00
3444,KN/86,KK/86,HGL/86,16:52:00,16:53:00
3444,KK/86,HGL/86,HL/86,16:56:00,16:56:00
3444,HGL/86,HL/86,KL/86,16:59:00,17:00:00
3444,HL/86,KL/86,OK/86,17:05:00,17:05:00
3444,KL/86,OK/86,NI/86,17:17:00,17:18:00
3444,OK/86,NI/86,HUM/86,17:21:00,17:22:00
3444,NI/86,HUM/86,GÆ/86,17:25:00,17:26:00
3444,HUM/86,GÆ/86,SQ/86,17:29:00,17:30:00
3444,GÆ/86,SQ/86,HG/86,17:33:00,17:33:00
3446,KH/86,KN/86,KK/86,17:18:00,17:19:00
3446,KN/86,KK/86,HGL/86,17:22:00,17:23:00
3446,KK/86,HGL/86,HL/86,17:26:00,17:26:00
3446,HGL/86,HL/86,KL/86,17:29:00,17:30:00
3446,HL/86,KL/86,OK/86,17:35:00,17:35:00
3446,KL/86,OK/86,NI/86,17:47:00,17:48:00
3446,OK/86,NI/86,HUM/86,17:51:00,17:52:00
3446,NI/86,HUM/86,GÆ/86,17:55:00,17:56:00
3446,HUM/86,GÆ/86,SQ/86,17:59:00,18:00:00
3446,GÆ/86,SQ/86,HG/86,18:03:00,18:03:00
3448,KH/86,KN/86,KK/86,17:48:00,17:49:00
3448,KN/86,KK/86,HGL/86,17:52:00,17:53:00
3448,KK/86,HGL/86,HL/86,17:56:00,17:56:00
3448,HGL/86,HL/86,KL/86,17:59:00,18:00:00
3448,HL/86,KL/86,OK/86,18:05:00,18:05:00
3448,KL/86,OK/86,NI/86,18:17:00,18:18:00
3448,OK/86,NI/86,HUM/86,18:21:00,18:22:00
3448,NI/86,HUM/86,GÆ/86,18:25:00,18:26:00
3448,HUM/86,GÆ/86,SQ/86,18:29:00,18:30:00
3448,GÆ/86,SQ/86,HG/86,18:33:00,18:33:00
3450,KH/86,KN/86,KK/86,18:18:00,18:19:00
3450,KN/86,KK/86,HGL/86,18:22:00,18:23:00
3450,KK/86,HGL/86,HL/86,18:26:00,18:26:00
3450,HGL/86,HL/86,KL/86,18:29:00,18:30:00
3450,HL/86,KL/86,OK/86,18:35:00,18:35:00
3450,KL/86,OK/86,NI/86,18:47:00,18:48:00
3450,OK/86,NI/86,HUM/86,18:51:00,18:52:00
3450,NI/86,HUM/86,GÆ/86,18:55:00,18:56:00
3450,HUM/86,GÆ/86,SQ/86,18:59:00,19:00:00
3450,GÆ/86,SQ/86,HG/86,19:03:00,19:03:00
3463,HG/86,SQ/86,GÆ/86,15:26:00,15:26:00
3463,SQ/86,GÆ/86,HUM/86,15:29:00,15:30:00
3463,GÆ/86,HUM/86,NI/86,15:33:00,15:34:00
3463,HUM/86,NI/86,OK/86,15:37:00,15:38:00
3463,NI/86,OK/86,RU/86,15:41:00,15:42:00
3463,OK/86,RU/86,HL/86,15:45:00,15:45:00
3463,RU/86,HL/86,HGL/86,15:59:00,16:00:00
3463,HL/86,HGL/86,KK/86,16:02:00,16:02:00
3463,HGL/86,KK/86,KN/86,16:05:00,16:08:00
3463,KK/86,KN/86,KH/86,16:10:00,16:11:00
3465,HG/86,SQ/86,GÆ/86,15:56:00,15:56:00
3465,SQ/86,GÆ/86,HUM/86,15:59:00,16:00:00
3465,GÆ/86,HUM/86,NI/86,16:03:00,16:04:00
3465,HUM/86,NI/86,OK/86,16:07:00,16:08:00
3465,NI/86,OK/86,RU/86,16:11:00,16:12:00
3465,OK/86,RU/86,HL/86,16:15:00,16:15:00
3465,RU/86,HL/86,HGL/86,16:29:00,16:30:00
3465,HL/86,HGL/86,KK/86,16:32:00,16:32:00
3465,HGL/86,KK/86,KN/86,16:35:00,16:38:00
3465,KK/86,KN/86,KH/86,16:40:00,16:41:00
3467,HG/86,SQ/86,GÆ/86,16:26:00,16:26:00
3467,SQ/86,GÆ/86,HUM/86,16:29:00,16:30:00
3467,GÆ/86,HUM/86,NI/86,16:33:00,16:34:00
3467,HUM/86,NI/86,OK/86,16:37:00,16:38:00
3467,NI/86,OK/86,RU/86,16:41:00,16:42:00
3467,OK/86,RU/86,HL/86,16:45:00,16:45:00
3467,RU/86,HL/86,HGL/86,16:59:00,17:00:00
3467,HL/86,HGL/86,KK/86,17:02:00,17:02:00
3467,HGL/86,KK/86,KN/86,17:05:00,17:08:00
3467,KK/86,KN/86,KH/86,17:10:00,17:11:00
3469,HG/86,SQ/86,GÆ/86,16:56:00,16:56:00
3469,SQ/86,GÆ/86,HUM/86,16:59:00,17:00:00
3469,GÆ/86,HUM/86,NI/86,17:03:00,17:04:00
3469,HUM/86,NI/86,OK/86,17:07:00,17:08:00
3469,NI/86,OK/86,RU/86,17:11:00,17:12:00
3469,OK/86,RU/86,HL/86,17:15:00,17:15:00
3469,RU/86,HL/86,HGL/86,17:29:00,17:30:00
3469,HL/86,HGL/86,KK/86,17:32:00,17:32:00
3469,HGL/86,KK/86,KN/86,17:35:00,17:38:00
3469,KK/86,KN/86,KH/86,17:40:00,17:41:00
3471,HG/86,SQ/86,GÆ/86,17:26:00,17:26:00
3471,SQ/86,GÆ/86,HUM/86,17:29:00,17:30:00
3471,GÆ/86,HUM/86,NI/86,17:33:00,17:34:00
3471,HUM/86,NI/86,OK/86,17:37:00,17:38:00
3471,NI/86,OK/86,RU/86,17:41:00,17:42:00
3471,OK/86,RU/86,HL/86,17:45:00,17:45:00
3471,RU/86,HL/86,HGL/86,17:59:00,18:00:00
3471,HL/86,HGL/86,KK/86,18:02:00,18:02:00
3471,HGL/86,KK/86,KN/86,18:05:00,18:08:00
3471,KK/86,KN/86,KH/86,18:10:00,18:11:00
3473,HG/86,SQ/86,GÆ/86,17:56:00,17:56:00
3473,SQ/86,GÆ/86,HUM/86,17:59:00,18:00:00
3473,GÆ/86,HUM/86,NI/86,18:03:00,18:04:00
3473,HUM/86,NI/86,OK/86,18:07:00,18:08:00
3473,NI/86,OK/86,RU/86,18:11:00,18:12:00
3473,OK/86,RU/86,HL/86,18:15:00,18:15:00
3473,RU/86,HL/86,HGL/86,18:29:00,18:30:00
3473,HL/86,HGL/86,KK/86,18:32:00,18:32:00
3473,HGL/86,KK/86,KN/86,18:35:00,18:38:00
3473,KK/86,KN/86,KH/86,18:40:00,18:41:00
3475,HG/86,SQ/86,GÆ/86,18:26:00,18:26:00
3475,SQ/86,GÆ/86,HUM/86,18:29:00,18:30:00
3475,GÆ/86,HUM/86,NI/86,18:33:00,18:34:00
3475,HUM/86,NI/86,OK/86,18:37:00,18:38:00
3475,NI/86,OK/86,RU/86,18:41:00,18:42:00
3475,OK/86,RU/86,HL/86,18:45:00,18:45:00
3475,RU/86,HL/86,HGL/86,18:59:00,19:00:00
3475,HL/86,HGL/86,KK/86,19:02:00,19:02:00
3475,HGL/86,KK/86,KN/86,19:05:00,19:08:00
3475,KK/86,KN/86,KH/86,19:10:00,19:11:00
35,CPH/86,TÅT/86,KH/86,09:29:00,09:29:00
35,TÅT/86,KH/86,GB/86,09:40:00,09:52:00
35,KH/86,GB/86,OD/86,09:55:00,09:55:00
35,GB/86,OD/86,HP/86,11:03:00,11:06:00
35,OD/86,HP/86,FA/86,11:10:00,11:10:00
35,HP/86,FA/86,BK/86,11:34:00,11:38:00
35,FA/86,BK/86,VJ/86,11:44:00,11:44:00
35,BK/86,VJ/86,HED/86,11:51:00,11:53:00
35,VJ/86,HED/86,HS/86,12:01:00,12:01:00
35,HED/86,HS/86,HÅ/86,12:08:00,12:10:00
35,HS/86,HÅ/86,SD/86,12:17:00,12:17:00
35,HÅ/86,SD/86,HX/86,12:24:00,12:25:00
35,SD/86,HX/86,AR/86,12:30:00,12:30:00
3502,KB/86,KBØ/86,VÆ/86,05:05:00,05:06:00
3502,KBØ/86,VÆ/86,JY/86,05:10:00,05:10:00
3502,VÆ/86,JY/86,MØ/86,05:19:00,05:20:00
3502,JY/86,MØ/86,KS/86,05:25:00,05:27:00
3502,MØ/86,KS/86,HK/86,05:29:00,05:29:00
3502,KS/86,HK/86,PE/86,05:37:00,05:39:00
3502,HK/86,PE/86,HV/86,05:42:00,05:42:00
3502,PE/86,HV/86,LJ/86,05:48:00,05:50:00
3502,HV/86,LJ/86,RO/86,05:54:00,05:54:00
3502,LJ/86,RO/86,TRK/86,05:59:00,06:01:00
3502,RO/86,TRK/86,HTÅ/86,06:03:00,06:03:00
3502,TRK/86,HTÅ/86,GL/86,06:08:00,06:09:00
3502,HTÅ/86,GL/86,KH/86,06:14:00,06:14:00
3502,GL/86,KH/86,KN/86,06:22:00,06:25:00
3502,KH/86,KN/86,KK/86,06:27:00,06:28:00
3506,KB/86,KBØ/86,VÆ/86,06:01:00,06:02:00
3506,KBØ/86,VÆ/86,SE/86,06:06:00,06:06:00
3506,VÆ/86,SE/86,JY/86,06:10:00,06:13:00
3506,SE/86,JY/86,MØ/86,06:19:00,06:20:00
3506,JY/86,MØ/86,KS/86,06:25:00,06:27:00
3506,MØ/86,KS/86,HK/86,06:29:00,06:29:00
3506,KS/86,HK/86,PE/86,06:37:00,06:39:00
3506,HK/86,PE/86,HV/86,06:42:00,06:42:00
3506,PE/86,HV/86,LJ/86,06:48:00,06:50:00
3506,HV/86,LJ/86,RO/86,06:54:00,06:54:00
3506,LJ/86,RO/86,TRK/86,06:59:00,07:01:00
3506,RO/86,TRK/86,HTÅ/86,07:03:00,07:03:00
3506,TRK/86,HTÅ/86,GL/86,07:08:00,07:09:00
3506,HTÅ/86,GL/86,KH/86,07:14:00,07:14:00
3506,GL/86,KH/86,KN/86,07:22:00,07:25:00
3506,KH/86,KN/86,KK/86,07:27:00,07:28:00
3510,KB/86,KBØ/86,VÆ/86,07:01:00,07:02:00
3510,KBØ/86,VÆ/86,SE/86,07:06:00,07:06:00
3510,VÆ/86,SE/86,JY/86,07:10:00,07:13:00
3510,SE/86,JY/86,MØ/86,07:18:00,07:19:00
3510,JY/86,MØ/86,KS/86,07:24:00,07:27:00
3510,MØ/86,KS/86,HK/86,07:29:00,07:29:00
3510,KS/86,HK/86,PE/86,07:37:00,07:39:00
3510,HK/86,PE/86,HV/86,07:42:00,07:42:00
3510,PE/86,HV/86,LJ/86,07:48:00,07:50:00
3510,HV/86,LJ/86,RO/86,07:54:00,07:54:00
3510,LJ/86,RO/86,TRK/86,07:59:00,08:01:00
3510,RO/86,TRK/86,HTÅ/86,08:03:00,08:03:00
3510,TRK/86,HTÅ/86,GL/86,08:08:00,08:09:00
3510,HTÅ/86,GL/86,KH/86,08:14:00,08:14:00
3510,GL/86,KH/86,KN/86,08:22:00,08:25:00
3510,KH/86,KN/86,KK/86,08:27:00,08:28:00
3523,KK/86,KN/86,KH/86,06:28:00,06:29:00
3523,KN/86,KH/86,VAL/86,06:32:00,06:36:00
3523,KH/86,VAL/86,HTÅ/86,06:39:00,06:39:00
3523,VAL/86,HTÅ/86,HH/86,06:48:00,06:49:00
3523,HTÅ/86,HH/86,RO/86,06:52:00,06:52:00
3523,HH/86,RO/86,LJ/86,06:56:00,06:58:00
3523,RO/86,LJ/86,HK/86,07:03:00,07:03:00
3523,LJ/86,HK/86,RT/86,07:15:00,07:17:00
3523,HK/86,RT/86,JY/86,07:22:00,07:22:00
3523,RT/86,JY/86,SE/86,07:31:00,07:32:00
3523,JY/86,SE/86,VÆ/86,07:37:00,07:37:00
3523,SE/86,VÆ/86,KBØ/86,07:42:00,07:45:00
3523,VÆ/86,KBØ/86,KB/86,07:49:00,07:50:00
3542,KB/86,KBØ/86,VÆ/86,15:09:00,15:10:00
3542,KBØ/86,VÆ/86,SE/86,15:15:00,15:18:00
3542,VÆ/86,SE/86,JY/86,15:22:00,15:22:00
3542,SE/86,JY/86,MØ/86,15:27:00,15:28:00
3542,JY/86,MØ/86,HK/86,15:32:00,15:32:00
3542,MØ/86,HK/86,PE/86,15:41:00,15:43:00
3542,HK/86,PE/86,RO/86,15:47:00,15:47:00
3542,PE/86,RO/86,TRK/86,16:01:00,16:03:00
3542,RO/86,TRK/86,HTÅ/86,16:05:00,16:05:00
3542,TRK/86,HTÅ/86,GL/86,16:09:00,16:11:00
3542,HTÅ/86,GL/86,KH/86,16:16:00,16:16:00
3542,GL/86,KH/86,KN/86,16:24:00,16:28:00
3542,KH/86,KN/86,KK/86,16:30:00,16:31:00
3546,KB/86,KBØ/86,VÆ/86,16:09:00,16:10:00
3546,KBØ/86,VÆ/86,SE/86,16:15:00,16:18:00
3546,VÆ/86,SE/86,JY/86,16:22:00,16:22:00
3546,SE/86,JY/86,MØ/86,16:27:00,16:28:00
3546,JY/86,MØ/86,HK/86,16:32:00,16:32:00
3546,MØ/86,HK/86,PE/86,16:41:00,16:43:00
3546,HK/86,PE/86,RO/86,16:47:00,16:47:00
3546,PE/86,RO/86,TRK/86,17:01:00,17:03:00
3546,RO/86,TRK/86,HTÅ/86,17:05:00,17:05:00
3546,TRK/86,HTÅ/86,GL/86,17:09:00,17:11:00
3546,HTÅ/86,GL/86,KH/86,17:16:00,17:16:00
3546,GL/86,KH/86,KN/86,17:24:00,17:28:00
3546,KH/86,KN/86,KK/86,17:30:00,17:31:00
3555,KK/86,KN/86,KH/86,14:28:00,14:29:00
3555,KN/86,KH/86,VAL/86,14:32:00,14:36:00
3555,KH/86,VAL/86,HTÅ/86,14:39:00,14:39:00
3555,VAL/86,HTÅ/86,HH/86,14:47:00,14:48:00
3555,HTÅ/86,HH/86,RO/86,14:51:00,14:51:00
3555,HH/86,RO/86,LJ/86,14:55:00,14:57:00
3555,RO/86,LJ/86,HV/86,15:03:00,15:03:00
3555,LJ/86,HV/86,TØ/86,15:06:00,15:08:00
3555,HV/86,TØ/86,HK/86,15:11:00,15:11:00
3555,TØ/86,HK/86,RT/86,15:18:00,15:20:00
3555,HK/86,RT/86,MØ/86,15:25:00,15:25:00
3555,RT/86,MØ/86,JY/86,15:30:00,15:33:00
3555,MØ/86,JY/86,SE/86,15:38:00,15:39:00
3555,JY/86,SE/86,VÆ/86,15:45:00,15:48:00
3555,SE/86,VÆ/86,KBØ/86,15:52:00,15:52:00
3555,VÆ/86,KBØ/86,KB/86,15:55:00,15:56:00
3559,KK/86,KN/86,KH/86,15:28:00,15:29:00
3559,KN/86,KH/86,VAL/86,15:32:00,15:36:00
3559,KH/86,VAL/86,HTÅ/86,15:39:00,15:39:00
3559,VAL/86,HTÅ/86,HH/86,15:47:00,15:48:00
3559,HTÅ/86,HH/86,RO/86,15:51:00,15:51:00
3559,HH/86,RO/86,LJ/86,15:55:00,15:57:00
3559,RO/86,LJ/86,HV/86,16:03:00,16:03:00
3559,LJ/86,HV/86,TØ/86,16:06:00,16:08:00
3559,HV/86,TØ/86,HK/86,16:11:00,16:11:00
3559,TØ/86,HK/86,RT/86,16:18:00,16:20:00
3559,HK/86,RT/86,MØ/86,16:25:00,16:25:00
3559,RT/86,MØ/86,JY/86,16:30:00,16:33:00
3559,MØ/86,JY/86,SE/86,16:38:00,16:39:00
3559,JY/86,SE/86,VÆ/86,16:45:00,16:48:00
3559,SE/86,VÆ/86,KBØ/86,16:52:00,16:52:00
3559,VÆ/86,KBØ/86,KB/86,16:55:00,16:56:00
3563,KK/86,KN/86,KH/86,16:28:00,16:29:00
3563,KN/86,KH/86,VAL/86,16:32:00,16:36:00
3563,KH/86,VAL/86,HTÅ/86,16:39:00,16:39:00
3563,VAL/86,HTÅ/86,HH/86,16:47:00,16:48:00
3563,HTÅ/86,HH/86,RO/86,16:51:00,16:51:00
3563,HH/86,RO/86,LJ/86,16:55:00,16:57:00
3563,RO/86,LJ/86,HV/86,17:03:00,17:03:00
3563,LJ/86,HV/86,TØ/86,17:06:00,17:08:00
3563,HV/86,TØ/86,HK/86,17:11:00,17:11:00
3563,TØ/86,HK/86,RT/86,17:18:00,17:20:00
3563,HK/86,RT/86,MØ/86,17:25:00,17:25:00
3563,RT/86,MØ/86,JY/86,17:30:00,17:33:00
3563,MØ/86,JY/86,SE/86,17:38:00,17:39:00
3563,JY/86,SE/86,VÆ/86,17:45:00,17:48:00
3563,SE/86,VÆ/86,KBØ/86,17:52:00,17:52:00
3563,VÆ/86,KBØ/86,KB/86,17:55:00,17:56:00
38,AR/86,KGV/86,SD/86,12:23:00,12:23:00
38,KGV/86,SD/86,HÅ/86,12:32:00,12:34:00
38,SD/86,HÅ/86,HS/86,12:41:00,12:41:00
38,HÅ/86,HS/86,HED/86,12:47:00,12:49:00
38,HS/86,HED/86,VJ/86,12:57:00,12:57:00
38,HED/86,VJ/86,BET/86,13:04:00,13:06:00
38,VJ/86,BET/86,FA/86,13:11:00,13:11:00
38,BET/86,FA/86,SNO/86,13:21:00,13:27:00
38,FA/86,SNO/86,OD/86,13:29:00,13:29:00
38,SNO/86,OD/86,MV/86,13:54:00,13:57:00
38,OD/86,MV/86,KH/86,14:02:00,14:02:00
38,MV/86,KH/86,BAN/86,15:06:00,15:18:00
38,KH/86,BAN/86,CPH/86,15:21:00,15:21:00
3802,NF/86,TN/86,EK/86,04:46:00,04:46:00
3802,TN/86,EK/86,NV/86,04:48:00,04:49:00
3802,EK/86,NV/86,OH/86,04:53:00,04:54:00
3802,NV/86,OH/86,VO/86,04:57:00,04:57:00
3810,NF/86,TN/86,EK/86,06:46:00,06:46:00
3810,TN/86,EK/86,NV/86,06:48:00,06:49:00
3810,EK/86,NV/86,OH/86,06:53:00,06:54:00
3810,NV/86,OH/86,VO/86,06:57:00,06:57:00
3810,OH/86,VO/86,LU/86,07:04:00,07:05:00
3810,VO/86,LU/86,MOG/86,07:12:00,07:13:00
3810,LU/86,MOG/86,NÆ/86,07:18:00,07:18:00
3859,NÆ/86,MOG/86,LU/86,16:41:00,16:41:00
3859,MOG/86,LU/86,VO/86,16:46:00,16:47:00
3859,LU/86,VO/86,MN/86,16:53:00,16:55:00
3859,VO/86,MN/86,NV/86,16:58:00,16:58:00
3859,MN/86,NV/86,EK/86,17:05:00,17:06:00
3859,NV/86,EK/86,TN/86,17:10:00,17:11:00
3859,EK/86,TN/86,NF/86,17:14:00,17:14:00
3863,NÆ/86,MOG/86,LU/86,17:41:00,17:41:00
3863,MOG/86,LU/86,VO/86,17:46:00,17:47:00
3863,LU/86,VO/86,MN/86,17:53:00,17:55:00
3863,VO/86,MN/86,NV/86,17:58:00,17:58:00
3863,MN/86,NV/86,EK/86,18:05:00,18:06:00
3863,NV/86,EK/86,TN/86,18:10:00,18:11:00
3863,EK/86,TN/86,NF/86,18:14:00,18:14:00
39,CPH/86,TÅT/86,KH/86,10:29:00,10:29:00
39,TÅT/86,KH/86,GB/86,10:40:00,10:52:00
39,KH/86,GB/86,OD/86,10:55:00,10:55:00
39,GB/86,OD/86,HP/86,12:03:00,12:06:00
39,OD/86,HP/86,FA/86,12:10:00,12:10:00
39,HP/86,FA/86,BK/86,12:34:00,12:38:00
39,FA/86,BK/86,VJ/86,12:44:00,12:44:00
39,BK/86,VJ/86,HED/86,12:51:00,12:53:00
39,VJ/86,HED/86,HS/86,13:01:00,13:01:00
39,HED/86,HS/86,HÅ/86,13:08:00,13:10:00
39,HS/86,HÅ/86,SD/86,13:17:00,13:17:00
39,HÅ/86,SD/86,HX/86,13:24:00,13:25:00
39,SD/86,HX/86,AR/86,13:30:00,13:30:00
3915,FA/86,BK/86,BET/86,06:47:00,06:48:00
3915,BK/86,BET/86,VJ/86,06:51:00,06:52:00
3915,BET/86,VJ/86,HED/86,06:59:00,07:00:00
3915,VJ/86,HED/86,HS/86,07:09:00,07:10:00
3915,HED/86,HS/86,HÅ/86,07:18:00,07:19:00
3915,HS/86,HÅ/86,SD/86,07:26:00,07:26:00
3915,HÅ/86,SD/86,HX/86,07:33:00,07:34:00
3915,SD/86,HX/86,VI/86,07:38:00,07:38:00
3915,HX/86,VI/86,KGV/86,07:43:00,07:44:00
3915,VI/86,KGV/86,AR/86,07:46:00,07:46:00
3918,AR/86,KGV/86,VI/86,07:06:00,07:06:00
3918,KGV/86,VI/86,HC/86,07:08:00,07:09:00
3918,VI/86,HC/86,SD/86,07:12:00,07:12:00
3918,HC/86,SD/86,HÅ/86,07:19:00,07:20:00
3918,SD/86,HÅ/86,HS/86,07:26:00,07:26:00
3918,HÅ/86,HS/86,HED/86,07:33:00,07:35:00
3918,HS/86,HED/86,VJ/86,07:43:00,07:44:00
3918,HED/86,VJ/86,BET/86,07:52:00,07:53:00
3918,VJ/86,BET/86,BK/86,08:00:00,08:01:00
3918,BET/86,BK/86,FA/86,08:03:00,08:04:00
3919,FA/86,BK/86,BET/86,07:47:00,07:48:00
3919,BK/86,BET/86,VJ/86,07:51:00,07:52:00
3919,BET/86,VJ/86,HED/86,07:59:00,08:00:00
3919,VJ/86,HED/86,HS/86,08:09:00,08:10:00
3919,HED/86,HS/86,HÅ/86,08:18:00,08:19:00
3919,HS/86,HÅ/86,SD/86,08:26:00,08:26:00
3919,HÅ/86,SD/86,HX/86,08:33:00,08:34:00
3919,SD/86,HX/86,VI/86,08:38:00,08:38:00
3919,HX/86,VI/86,KGV/86,08:43:00,08:44:00
3919,VI/86,KGV/86,AR/86,08:46:00,08:46:00
392,HMB/80,ADF/80,ASW/80,18:57:00,18:57:00
392,ADF/80,ASW/80,AFW/80,20:24:00,20:26:00
392,ASW/80,AFW/80,PA/86,20:40:00,20:40:00
392,AFW/80,PA/86,VK/86,20:53:00,21:03:00
392,PA/86,VK/86,KD/86,21:07:00,21:07:00
392,VK/86,KD/86,TL/86,21:44:00,21:46:00
392,KD/86,TL/86,OD/86,21:52:00,21:52:00
392,TL/86,OD/86,MV/86,22:24:00,22:27:00
392,OD/86,MV/86,RG/86,22:31:00,22:31:00
392,MV/86,RG/86,ADA/86,23:07:00,23:09:00
392,RG/86,ADA/86,KH/86,23:12:00,23:12:00
3922,AR/86,KGV/86,VI/86,08:11:00,08:11:00
3922,KGV/86,VI/86,HC/86,08:13:00,08:14:00
3922,VI/86,HC/86,SD/86,08:17:00,08:17:00
3922,HC/86,SD/86,HÅ/86,08:24:00,08:25:00
3922,SD/86,HÅ/86,HS/86,08:31:00,08:31:00
3922,HÅ/86,HS/86,HED/86,08:38:00,08:40:00
3922,HS/86,HED/86,VJ/86,08:48:00,08:49:00
3922,HED/86,VJ/86,BET/86,08:59:00,09:09:00
3922,VJ/86,BET/86,BK/86,09:15:00,09:16:00
3922,BET/86,BK/86,FA/86,09:18:00,09:19:00
393,KH/86,GB/86,RG/86,08:25:00,08:25:00
393,GB/86,RG/86,FJ/86,08:50:00,08:52:00
393,RG/86,FJ/86,OD/86,08:56:00,08:56:00
393,FJ/86,OD/86,HP/86,09:33:00,09:36:00
393,OD/86,HP/86,KD/86,09:41:00,09:41:00
393,HP/86,KD/86,LK/86,10:12:00,10:15:00
393,KD/86,LK/86,PA/86,10:22:00,10:22:00
393,LK/86,PA/86,PAGR/86,10:57:00,11:02:00
393,PA/86,PAGR/86,ASW/80,11:03:00,11:03:00
393,PAGR/86,ASW/80,AR/80,11:28:00,11:30:00
393,ASW/80,AR/80,HMB/80,12:00:00,12:00:00
394,HMB/80,ADF/80,ASW/80,14:56:00,14:56:00
394,ADF/80,ASW/80,AFW/80,16:26:00,16:28:00
394,ASW/80,AFW/80,PA/86,16:40:00,16:40:00
394,AFW/80,PA/86,VK/86,16:53:00,17:03:00
394,PA/86,VK/86,KD/86,17:07:00,17:07:00
394,VK/86,KD/86,TL/86,17:44:00,17:46:00
394,KD/86,TL/86,OD/86,17:52:00,17:52:00
394,TL/86,OD/86,MV/86,18:24:00,18:27:00
394,OD/86,MV/86,RG/86,18:31:00,18:31:00
394,MV/86,RG/86,ADA/86,19:07:00,19:09:00
394,RG/86,ADA/86,KH/86,19:12:00,19:12:00
3947,FA/86,BK/86,BET/86,14:47:00,14:48:00
3947,BK/86,BET/86,VJ/86,14:51:00,14:52:00
3947,BET/86,VJ/86,HED/86,14:59:00,15:00:00
3947,VJ/86,HED/86,HS/86,15:09:00,15:10:00
3947,HED/86,HS/86,HÅ/86,15:18:00,15:19:00
3947,HS/86,HÅ/86,SD/86,15:26:00,15:26:00
3947,HÅ/86,SD/86,HX/86,15:33:00,15:34:00
3947,SD/86,HX/86,VI/86,15:38:00,15:38:00
3947,HX/86,VI/86,KGV/86,15:43:00,15:44:00
3947,VI/86,KGV/86,AR/86,15:46:00,15:46:00
395,KH/86,GB/86,RG/86,12:25:00,12:25:00
395,GB/86,RG/86,FJ/86,12:50:00,12:52:00
395,RG/86,FJ/86,OD/86,12:56:00,12:56:00
395,FJ/86,OD/86,HP/86,13:33:00,13:36:00
395,OD/86,HP/86,KD/86,13:41:00,13:41:00
395,HP/86,KD/86,LK/86,14:12:00,14:15:00
395,KD/86,LK/86,PA/86,14:22:00,14:22:00
395,LK/86,PA/86,PAGR/86,14:57:00,15:02:00
395,PA/86,PAGR/86,ASW/80,15:03:00,15:03:00
395,PAGR/86,ASW/80,AR/80,15:28:00,15:30:00
395,ASW/80,AR/80,HMB/80,16:00:00,16:00:00
3950,AR/86,KGV/86,VI/86,15:11:00,15:11:00
3950,KGV/86,VI/86,HC/86,15:13:00,15:14:00
3950,VI/86,HC/86,SD/86,15:17:00,15:17:00
3950,HC/86,SD/86,HÅ/86,15:24:00,15:25:00
3950,SD/86,HÅ/86,HS/86,15:31:00,15:31:00
3950,HÅ/86,HS/86,HED/86,15:38:00,15:40:00
3950,HS/86,HED/86,VJ/86,15:48:00,15:49:00
3950,HED/86,VJ/86,BET/86,15:57:00,15:58:00
3950,VJ/86,BET/86,BK/86,16:05:00,16:06:00
3950,BET/86,BK/86,FA/86,16:08:00,16:09:00
3951,FA/86,BK/86,BET/86,15:47:00,15:48:00
3951,BK/86,BET/86,VJ/86,15:51:00,15:52:00
3951,BET/86,VJ/86,HED/86,15:59:00,16:00:00
3951,VJ/86,HED/86,HS/86,16:09:00,16:10:00
3951,HED/86,HS/86,HÅ/86,16:18:00,16:19:00
3951,HS/86,HÅ/86,SD/86,16:26:00,16:26:00
3951,HÅ/86,SD/86,HX/86,16:33:00,16:34:00
3951,SD/86,HX/86,VI/86,16:38:00,16:38:00
3951,HX/86,VI/86,KGV/86,16:43:00,16:44:00
3951,VI/86,KGV/86,AR/86,16:46:00,16:46:00
3954,AR/86,KGV/86,VI/86,16:11:00,16:11:00
3954,KGV/86,VI/86,HC/86,16:13:00,16:14:00
3954,VI/86,HC/86,SD/86,16:17:00,16:17:00
3954,HC/86,SD/86,HÅ/86,16:24:00,16:25:00
3954,SD/86,HÅ/86,HS/86,16:31:00,16:31:00
3954,HÅ/86,HS/86,HED/86,16:38:00,16:40:00
3954,HS/86,HED/86,VJ/86,16:48:00,16:49:00
3954,HED/86,VJ/86,BET/86,16:57:00,16:58:00
3954,VJ/86,BET/86,BK/86,17:05:00,17:06:00
3954,BET/86,BK/86,FA/86,17:08:00,17:09:00
3958,AR/86,KGV/86,VI/86,17:11:00,17:11:00
3958,KGV/86,VI/86,HC/86,17:13:00,17:14:00
3958,VI/86,HC/86,SD/86,17:17:00,17:17:00
3958,HC/86,SD/86,HÅ/86,17:24:00,17:25:00
3958,SD/86,HÅ/86,HS/86,17:31:00,17:31:00
3958,HÅ/86,HS/86,HED/86,17:38:00,17:40:00
3958,HS/86,HED/86,VJ/86,17:48:00,17:49:00
3958,HED/86,VJ/86,BET/86,17:57:00,17:58:00
3958,VJ/86,BET/86,BK/86,18:05:00,18:06:00
3958,BET/86,BK/86,FA/86,18:08:00,18:09:00
396,HMB/80,ADF/80,ASW/80,10:56:00,10:56:00
396,ADF/80,ASW/80,AFW/80,12:26:00,12:28:00
396,ASW/80,AFW/80,PA/86,12:40:00,12:40:00
396,AFW/80,PA/86,VK/86,12:53:00,13:03:00
396,PA/86,VK/86,KD/86,13:07:00,13:07:00
396,VK/86,KD/86,TL/86,13:44:00,13:46:00
396,KD/86,TL/86,OD/86,13:52:00,13:52:00
396,TL/86,OD/86,MV/86,14:24:00,14:27:00
396,OD/86,MV/86,RG/86,14:31:00,14:31:00
396,MV/86,RG/86,ADA/86,15:07:00,15:09:00
396,RG/86,ADA/86,KH/86,15:12:00,15:12:00
397,KH/86,GB/86,RG/86,14:25:00,14:25:00
397,GB/86,RG/86,FJ/86,14:50:00,14:52:00
397,RG/86,FJ/86,OD/86,14:56:00,14:56:00
397,FJ/86,OD/86,HP/86,15:33:00,15:36:00
397,OD/86,HP/86,KD/86,15:41:00,15:41:00
397,HP/86,KD/86,LK/86,16:12:00,16:15:00
397,KD/86,LK/86,PA/86,16:22:00,16:22:00
397,LK/86,PA/86,PAGR/86,16:57:00,17:02:00
397,PA/86,PAGR/86,ASW/80,17:03:00,17:03:00
397,PAGR/86,ASW/80,AR/80,17:29:00,17:31:00
397,ASW/80,AR/80,HMB/80,18:00:00,18:00:00
398,HMB/80,ADF/80,ASW/80,08:56:00,08:56:00
398,ADF/80,ASW/80,AFW/80,10:23:00,10:25:00
398,ASW/80,AFW/80,PA/86,10:40:00,10:40:00
398,AFW/80,PA/86,VK/86,10:53:00,11:03:00
398,PA/86,VK/86,KD/86,11:07:00,11:07:00
398,VK/86,KD/86,TL/86,11:44:00,11:46:00
398,KD/86,TL/86,OD/86,11:52:00,11:52:00
398,TL/86,OD/86,MV/86,12:24:00,12:27:00
398,OD/86,MV/86,RG/86,12:31:00,12:31:00
398,MV/86,RG/86,ADA/86,13:07:00,13:09:00
398,RG/86,ADA/86,KH/86,13:12:00,13:12:00
399,KH/86,GB/86,RG/86,16:25:00,16:25:00
399,GB/86,RG/86,FJ/86,16:50:00,16:52:00
399,RG/86,FJ/86,OD/86,16:56:00,16:56:00
399,FJ/86,OD/86,HP/86,17:33:00,17:36:00
399,OD/86,HP/86,KD/86,17:41:00,17:41:00
399,HP/86,KD/86,LK/86,18:12:00,18:15:00
399,KD/86,LK/86,PA/86,18:22:00,18:22:00
399,LK/86,PA/86,PAGR/86,18:57:00,19:02:00
399,PA/86,PAGR/86,ASW/80,19:03:00,19:03:00
399,PAGR/86,ASW/80,AR/80,19:29:00,19:31:00
399,ASW/80,AR/80,HMB/80,20:00:00,20:00:00
4003,AB/86,ABV/86,LIH/86,06:00:00,06:01:00
4003,ABV/86,LIH/86,ABL/86,06:03:00,06:04:00
4007,AR/86,BR/86,RD/86,05:50:00,05:50:00
4007,BR/86,RD/86,FP/86,06:13:00,06:15:00
4007,RD/86,FP/86,HB/86,06:22:00,06:22:00
4007,FP/86,HB/86,AD/86,06:29:00,06:30:00
4007,HB/86,AD/86,AB/86,06:38:00,06:38:00
4007,AD/86,AB/86,ABV/86,06:53:00,06:58:00
4007,AB/86,ABV/86,LIH/86,07:00:00,07:01:00
4007,ABV/86,LIH/86,ABL/86,07:03:00,07:04:00
4011,AR/86,BR/86,RD/86,06:50:00,06:50:00
4011,BR/86,RD/86,FP/86,07:13:00,07:15:00
4011,RD/86,FP/86,HB/86,07:22:00,07:22:00
4011,FP/86,HB/86,AD/86,07:29:00,07:30:00
4011,HB/86,AD/86,AB/86,07:38:00,07:38:00
4011,AD/86,AB/86,ABV/86,07:53:00,07:58:00
4011,AB/86,ABV/86,LIH/86,08:00:00,08:01:00
4011,ABV/86,LIH/86,ABL/86,08:03:00,08:04:00
4014,AB/86,OG/86,HB/86,05:05:00,05:05:00
4014,OG/86,HB/86,FP/86,05:25:00,05:26:00
4014,HB/86,FP/86,RD/86,05:34:00,05:34:00
4014,FP/86,RD/86,LG/86,05:40:00,05:42:00
4014,RD/86,LG/86,AR/86,05:49:00,05:49:00
4015,AR/86,BR/86,RD/86,07:50:00,07:50:00
4015,BR/86,RD/86,FP/86,08:13:00,08:15:00
4015,RD/86,FP/86,HB/86,08:22:00,08:22:00
4015,FP/86,HB/86,AD/86,08:29:00,08:30:00
4015,HB/86,AD/86,AB/86,08:38:00,08:38:00
4015,AD/86,AB/86,ABV/86,08:53:00,08:58:00
4015,AB/86,ABV/86,LIH/86,09:00:00,09:01:00
4015,ABV/86,LIH/86,ABL/86,09:03:00,09:04:00
4018,AB/86,OG/86,HB/86,06:05:00,06:05:00
4018,OG/86,HB/86,FP/86,06:25:00,06:26:00
4018,HB/86,FP/86,RD/86,06:34:00,06:34:00
4018,FP/86,RD/86,LG/86,06:41:00,06:43:00
4018,RD/86,LG/86,AR/86,06:50:00,06:50:00
4019,AR/86,BR/86,RD/86,08:50:00,08:50:00
4019,BR/86,RD/86,FP/86,09:13:00,09:15:00
4019,RD/86,FP/86,HB/86,09:22:00,09:22:00
4019,FP/86,HB/86,AD/86,09:29:00,09:30:00
4019,HB/86,AD/86,AB/86,09:38:00,09:38:00
4019,AD/86,AB/86,ABV/86,09:53:00,09:58:00
4019,AB/86,ABV/86,LIH/86,10:00:00,10:01:00
4019,ABV/86,LIH/86,ABL/86,10:03:00,10:04:00
4022,ABL/86,LIH/86,ABV/86,06:49:00,06:50:00
4022,LIH/86,ABV/86,AB/86,06:53:00,06:54:00
4022,ABV/86,AB/86,OG/86,06:58:00,07:03:00
4022,AB/86,OG/86,HB/86,07:05:00,07:05:00
4022,OG/86,HB/86,FP/86,07:25:00,07:26:00
4022,HB/86,FP/86,RD/86,07:34:00,07:34:00
4022,FP/86,RD/86,LG/86,07:41:00,07:43:00
4022,RD/86,LG/86,AR/86,07:50:00,07:50:00
4023,AR/86,BR/86,RD/86,09:50:00,09:50:00
4023,BR/86,RD/86,FP/86,10:13:00,10:15:00
4023,RD/86,FP/86,HB/86,10:22:00,10:22:00
4023,FP/86,HB/86,AD/86,10:29:00,10:30:00
4023,HB/86,AD/86,AB/86,10:38:00,10:38:00
4023,AD/86,AB/86,ABV/86,10:53:00,10:58:00
4023,AB/86,ABV/86,LIH/86,11:00:00,11:01:00
4023,ABV/86,LIH/86,ABL/86,11:03:00,11:04:00
4026,ABL/86,LIH/86,ABV/86,07:49:00,07:50:00
4026,LIH/86,ABV/86,AB/86,07:53:00,07:54:00
4026,ABV/86,AB/86,OG/86,07:58:00,08:03:00
4026,AB/86,OG/86,HB/86,08:05:00,08:05:00
4026,OG/86,HB/86,FP/86,08:25:00,08:26:00
4026,HB/86,FP/86,RD/86,08:34:00,08:34:00
4026,FP/86,RD/86,LG/86,08:41:00,08:43:00
4026,RD/86,LG/86,AR/86,08:50:00,08:50:00
4027,AR/86,BR/86,RD/86,10:50:00,10:50:00
4027,BR/86,RD/86,FP/86,11:13:00,11:15:00
4027,RD/86,FP/86,HB/86,11:22:00,11:22:00
4027,FP/86,HB/86,AD/86,11:29:00,11:30:00
4027,HB/86,AD/86,AB/86,11:38:00,11:38:00
4027,AD/86,AB/86,ABV/86,11:53:00,11:58:00
4027,AB/86,ABV/86,LIH/86,12:00:00,12:01:00
4027,ABV/86,LIH/86,ABL/86,12:03:00,12:04:00
4030,ABL/86,LIH/86,ABV/86,08:49:00,08:50:00
4030,LIH/86,ABV/86,AB/86,08:53:00,08:54:00
4030,ABV/86,AB/86,OG/86,08:58:00,09:03:00
4030,AB/86,OG/86,HB/86,09:05:00,09:05:00
4030,OG/86,HB/86,FP/86,09:25:00,09:26:00
4030,HB/86,FP/86,RD/86,09:34:00,09:34:00
4030,FP/86,RD/86,LG/86,09:41:00,09:43:00
4030,RD/86,LG/86,AR/86,09:50:00,09:50:00
4031,AR/86,BR/86,RD/86,11:50:00,11:50:00
4031,BR/86,RD/86,FP/86,12:13:00,12:15:00
4031,RD/86,FP/86,HB/86,12:22:00,12:22:00
4031,FP/86,HB/86,AD/86,12:29:00,12:30:00
4031,HB/86,AD/86,AB/86,12:38:00,12:38:00
4031,AD/86,AB/86,ABV/86,12:53:00,12:58:00
4031,AB/86,ABV/86,LIH/86,13:00:00,13:01:00
4031,ABV/86,LIH/86,ABL/86,13:03:00,13:04:00
4034,ABL/86,LIH/86,ABV/86,09:49:00,09:50:00
4034,LIH/86,ABV/86,AB/86,09:53:00,09:54:00
4034,ABV/86,AB/86,OG/86,09:58:00,10:03:00
4034,AB/86,OG/86,HB/86,10:05:00,10:05:00
4034,OG/86,HB/86,FP/86,10:25:00,10:26:00
4034,HB/86,FP/86,RD/86,10:34:00,10:34:00
4034,FP/86,RD/86,LG/86,10:41:00,10:43:00
4034,RD/86,LG/86,AR/86,10:50:00,10:50:00
4035,AR/86,BR/86,RD/86,12:50:00,12:50:00
4035,BR/86,RD/86,FP/86,13:13:00,13:15:00
4035,RD/86,FP/86,HB/86,13:22:00,13:22:00
4035,FP/86,HB/86,AD/86,13:29:00,13:30:00
4035,HB/86,AD/86,AB/86,13:38:00,13:38:00
4035,AD/86,AB/86,ABV/86,13:53:00,13:58:00
4035,AB/86,ABV/86,LIH/86,14:00:00,14:01:00
4035,ABV/86,LIH/86,ABL/86,14:03:00,14:04:00
4038,ABL/86,LIH/86,ABV/86,10:49:00,10:50:00
4038,LIH/86,ABV/86,AB/86,10:53:00,10:54:00
4038,ABV/86,AB/86,OG/86,10:58:00,11:03:00
4038,AB/86,OG/86,HB/86,11:05:00,11:05:00
4038,OG/86,HB/86,FP/86,11:25:00,11:26:00
4038,HB/86,FP/86,RD/86,11:34:00,11:34:00
4038,FP/86,RD/86,LG/86,11:41:00,11:43:00
4038,RD/86,LG/86,AR/86,11:50:00,11:50:00
4039,AR/86,BR/86,RD/86,13:50:00,13:50:00
4039,BR/86,RD/86,FP/86,14:13:00,14:15:00
4039,RD/86,FP/86,HB/86,14:22:00,14:22:00
4039,FP/86,HB/86,AD/86,14:29:00,14:30:00
4039,HB/86,AD/86,AB/86,14:38:00,14:38:00
4039,AD/86,AB/86,ABV/86,14:53:00,14:58:00
4039,AB/86,ABV/86,LIH/86,15:00:00,15:01:00
4039,ABV/86,LIH/86,ABL/86,15:03:00,15:04:00
4042,ABL/86,LIH/86,ABV/86,11:49:00,11:50:00
4042,LIH/86,ABV/86,AB/86,11:53:00,11:54:00
4042,ABV/86,AB/86,OG/86,11:58:00,12:03:00
4042,AB/86,OG/86,HB/86,12:05:00,12:05:00
4042,OG/86,HB/86,FP/86,12:25:00,12:26:00
4042,HB/86,FP/86,RD/86,12:34:00,12:34:00
4042,FP/86,RD/86,LG/86,12:41:00,12:43:00
4042,RD/86,LG/86,AR/86,12:50:00,12:50:00
4043,AR/86,BR/86,RD/86,14:50:00,14:50:00
4043,BR/86,RD/86,FP/86,15:13:00,15:15:00
4043,RD/86,FP/86,HB/86,15:22:00,15:22:00
4043,FP/86,HB/86,AD/86,15:29:00,15:30:00
4043,HB/86,AD/86,AB/86,15:38:00,15:38:00
4043,AD/86,AB/86,ABV/86,15:53:00,15:58:00
4043,AB/86,ABV/86,LIH/86,16:00:00,16:01:00
4043,ABV/86,LIH/86,ABL/86,16:03:00,16:04:00
4046,ABL/86,LIH/86,ABV/86,12:49:00,12:50:00
4046,LIH/86,ABV/86,AB/86,12:53:00,12:54:00
4046,ABV/86,AB/86,OG/86,12:58:00,13:03:00
4046,AB/86,OG/86,HB/86,13:05:00,13:05:00
4046,OG/86,HB/86,FP/86,13:25:00,13:26:00
4046,HB/86,FP/86,RD/86,13:34:00,13:34:00
4046,FP/86,RD/86,LG/86,13:41:00,13:43:00
4046,RD/86,LG/86,AR/86,13:50:00,13:50:00
4047,AR/86,BR/86,RD/86,15:50:00,15:50:00
4047,BR/86,RD/86,FP/86,16:13:00,16:15:00
4047,RD/86,FP/86,HB/86,16:22:00,16:22:00
4047,FP/86,HB/86,AD/86,16:29:00,16:30:00
4047,HB/86,AD/86,AB/86,16:38:00,16:38:00
4047,AD/86,AB/86,ABV/86,16:53:00,16:58:00
4047,AB/86,ABV/86,LIH/86,17:00:00,17:01:00
4047,ABV/86,LIH/86,ABL/86,17:03:00,17:04:00
4050,ABL/86,LIH/86,ABV/86,13:49:00,13:50:00
4050,LIH/86,ABV/86,AB/86,13:53:00,13:54:00
4050,ABV/86,AB/86,OG/86,13:58:00,14:03:00
4050,AB/86,OG/86,HB/86,14:05:00,14:05:00
4050,OG/86,HB/86,FP/86,14:25:00,14:26:00
4050,HB/86,FP/86,RD/86,14:34:00,14:34:00
4050,FP/86,RD/86,LG/86,14:41:00,14:43:00
4050,RD/86,LG/86,AR/86,14:50:00,14:50:00
4051,AR/86,BR/86,RD/86,16:50:00,16:50:00
4051,BR/86,RD/86,FP/86,17:13:00,17:15:00
4051,RD/86,FP/86,HB/86,17:22:00,17:22:00
4051,FP/86,HB/86,AD/86,17:29:00,17:30:00
4051,HB/86,AD/86,AB/86,17:38:00,17:38:00
4051,AD/86,AB/86,ABV/86,17:53:00,17:58:00
4051,AB/86,ABV/86,LIH/86,18:00:00,18:01:00
4051,ABV/86,LIH/86,ABL/86,18:03:00,18:04:00
4054,ABL/86,LIH/86,ABV/86,14:49:00,14:50:00
4054,LIH/86,ABV/86,AB/86,14:53:00,14:54:00
4054,ABV/86,AB/86,OG/86,14:58:00,15:03:00
4054,AB/86,OG/86,HB/86,15:05:00,15:05:00
4054,OG/86,HB/86,FP/86,15:25:00,15:26:00
4054,HB/86,FP/86,RD/86,15:34:00,15:34:00
4054,FP/86,RD/86,LG/86,15:41:00,15:43:00
4054,RD/86,LG/86,AR/86,15:50:00,15:50:00
4055,AR/86,BR/86,RD/86,17:50:00,17:50:00
4055,BR/86,RD/86,FP/86,18:13:00,18:15:00
4055,RD/86,FP/86,HB/86,18:22:00,18:22:00
4055,FP/86,HB/86,AD/86,18:29:00,18:30:00
4055,HB/86,AD/86,AB/86,18:38:00,18:38:00
4058,ABL/86,LIH/86,ABV/86,15:49:00,15:50:00
4058,LIH/86,ABV/86,AB/86,15:53:00,15:54:00
4058,ABV/86,AB/86,OG/86,15:58:00,16:03:00
4058,AB/86,OG/86,HB/86,16:05:00,16:05:00
4058,OG/86,HB/86,FP/86,16:25:00,16:26:00
4058,HB/86,FP/86,RD/86,16:34:00,16:34:00
4058,FP/86,RD/86,LG/86,16:41:00,16:43:00
4058,RD/86,LG/86,AR/86,16:50:00,16:50:00
4059,AR/86,BR/86,RD/86,18:50:00,18:50:00
4059,BR/86,RD/86,FP/86,19:13:00,19:15:00
4059,RD/86,FP/86,HB/86,19:22:00,19:22:00
4059,FP/86,HB/86,AD/86,19:29:00,19:30:00
4059,HB/86,AD/86,AB/86,19:38:00,19:38:00
4062,ABL/86,LIH/86,ABV/86,16:49:00,16:50:00
4062,LIH/86,ABV/86,AB/86,16:53:00,16:54:00
4062,ABV/86,AB/86,OG/86,16:58:00,17:03:00
4062,AB/86,OG/86,HB/86,17:05:00,17:05:00
4062,OG/86,HB/86,FP/86,17:25:00,17:26:00
4062,HB/86,FP/86,RD/86,17:34:00,17:34:00
4062,FP/86,RD/86,LG/86,17:41:00,17:43:00
4062,RD/86,LG/86,AR/86,17:50:00,17:50:00
4063,AR/86,BR/86,RD/86,19:50:00,19:50:00
4063,BR/86,RD/86,FP/86,20:13:00,20:15:00
4063,RD/86,FP/86,HB/86,20:22:00,20:22:00
4063,FP/86,HB/86,AD/86,20:29:00,20:30:00
4063,HB/86,AD/86,AB/86,20:38:00,20:38:00
4066,ABL/86,LIH/86,ABV/86,17:49:00,17:50:00
4066,LIH/86,ABV/86,AB/86,17:53:00,17:54:00
4066,ABV/86,AB/86,OG/86,17:58:00,18:03:00
4066,AB/86,OG/86,HB/86,18:05:00,18:05:00
4066,OG/86,HB/86,FP/86,18:25:00,18:26:00
4066,HB/86,FP/86,RD/86,18:34:00,18:34:00
4066,FP/86,RD/86,LG/86,18:41:00,18:43:00
4066,RD/86,LG/86,AR/86,18:50:00,18:50:00
4067,AR/86,BR/86,RD/86,20:50:00,20:50:00
4067,BR/86,RD/86,FP/86,21:13:00,21:15:00
4067,RD/86,FP/86,HB/86,21:22:00,21:22:00
4067,FP/86,HB/86,AD/86,21:29:00,21:30:00
4067,HB/86,AD/86,AB/86,21:38:00,21:38:00
4070,ABL/86,LIH/86,ABV/86,18:49:00,18:50:00
4070,LIH/86,ABV/86,AB/86,18:53:00,18:54:00
4070,ABV/86,AB/86,OG/86,18:58:00,19:03:00
4070,AB/86,OG/86,HB/86,19:05:00,19:05:00
4070,OG/86,HB/86,FP/86,19:25:00,19:26:00
4070,HB/86,FP/86,RD/86,19:34:00,19:34:00
4070,FP/86,RD/86,LG/86,19:41:00,19:43:00
4070,RD/86,LG/86,AR/86,19:50:00,19:50:00
4074,AB/86,OG/86,HB/86,20:05:00,20:05:00
4074,OG/86,HB/86,FP/86,20:25:00,20:26:00
4074,HB/86,FP/86,RD/86,20:34:00,20:34:00
4074,FP/86,RD/86,LG/86,20:41:00,20:43:00
4074,RD/86,LG/86,AR/86,20:50:00,20:50:00
4101,AR/86,BR/86,HA/86,04:19:00,04:19:00
4101,BR/86,HA/86,LG/86,04:31:00,04:32:00
4101,HA/86,LG/86,RD/86,04:39:00,04:40:00
4101,LG/86,RD/86,FP/86,04:47:00,04:49:00
4101,RD/86,FP/86,HB/86,04:57:00,04:57:00
4101,FP/86,HB/86,AD/86,05:04:00,05:05:00
4101,HB/86,AD/86,SØ/86,05:13:00,05:13:00
4101,AD/86,SØ/86,SR/86,05:16:00,05:17:00
4101,SØ/86,SR/86,AB/86,05:21:00,05:21:00
4101,SR/86,AB/86,ABV/86,05:31:00,05:34:00
4101,AB/86,ABV/86,LIH/86,05:36:00,05:37:00
4101,ABV/86,LIH/86,ABL/86,05:39:00,05:40:00
4105,AR/86,BR/86,HA/86,05:16:00,05:16:00
4105,BR/86,HA/86,LG/86,05:28:00,05:29:00
4105,HA/86,LG/86,RD/86,05:36:00,05:37:00
4105,LG/86,RD/86,FP/86,05:44:00,05:46:00
4105,RD/86,FP/86,HB/86,05:53:00,05:53:00
4105,FP/86,HB/86,AD/86,06:01:00,06:02:00
4105,HB/86,AD/86,SØ/86,06:10:00,06:11:00
4105,AD/86,SØ/86,SR/86,06:16:00,06:17:00
4105,SØ/86,SR/86,AB/86,06:21:00,06:21:00
4105,SR/86,AB/86,ABV/86,06:31:00,06:34:00
4105,AB/86,ABV/86,LIH/86,06:36:00,06:37:00
4105,ABV/86,LIH/86,ABL/86,06:39:00,06:40:00
4107,AR/86,BR/86,HA/86,06:16:00,06:16:00
4107,BR/86,HA/86,LG/86,06:28:00,06:29:00
4107,HA/86,LG/86,RD/86,06:36:00,06:37:00
4107,LG/86,RD/86,FP/86,06:44:00,06:46:00
4107,RD/86,FP/86,HB/86,06:53:00,06:53:00
4107,FP/86,HB/86,AD/86,07:01:00,07:02:00
4107,HB/86,AD/86,SØ/86,07:10:00,07:11:00
4107,AD/86,SØ/86,SR/86,07:16:00,07:17:00
4107,SØ/86,SR/86,AB/86,07:21:00,07:21:00
4107,SR/86,AB/86,ABV/86,07:31:00,07:34:00
4107,AB/86,ABV/86,LIH/86,07:36:00,07:37:00
4107,ABV/86,LIH/86,ABL/86,07:39:00,07:40:00
4113,AR/86,BR/86,HA/86,07:19:00,07:19:00
4113,BR/86,HA/86,LG/86,07:31:00,07:32:00
4113,HA/86,LG/86,RD/86,07:39:00,07:40:00
4113,LG/86,RD/86,FP/86,07:47:00,07:49:00
4113,RD/86,FP/86,HB/86,07:57:00,07:57:00
4113,FP/86,HB/86,AD/86,08:04:00,08:05:00
4113,HB/86,AD/86,SØ/86,08:13:00,08:13:00
4113,AD/86,SØ/86,SR/86,08:16:00,08:17:00
4113,SØ/86,SR/86,AB/86,08:21:00,08:21:00
4113,SR/86,AB/86,ABV/86,08:31:00,08:34:00
4113,AB/86,ABV/86,LIH/86,08:36:00,08:37:00
4113,ABV/86,LIH/86,ABL/86,08:39:00,08:40:00
4116,AB/86,OG/86,SØ/86,05:27:00,05:27:00
4116,OG/86,SØ/86,AD/86,05:37:00,05:38:00
4116,SØ/86,AD/86,HB/86,05:42:00,05:42:00
4116,AD/86,HB/86,FP/86,05:50:00,05:51:00
4116,HB/86,FP/86,RD/86,05:59:00,05:59:00
4116,FP/86,RD/86,LG/86,06:05:00,06:07:00
4116,RD/86,LG/86,HA/86,06:15:00,06:16:00
4116,LG/86,HA/86,HN/86,06:23:00,06:24:00
4116,HA/86,HN/86,AR/86,06:29:00,06:29:00
4117,AR/86,BR/86,HA/86,08:19:00,08:19:00
4117,BR/86,HA/86,LG/86,08:31:00,08:32:00
4117,HA/86,LG/86,RD/86,08:39:00,08:40:00
4117,LG/86,RD/86,FP/86,08:47:00,08:49:00
4117,RD/86,FP/86,HB/86,08:57:00,08:57:00
4117,FP/86,HB/86,AD/86,09:04:00,09:05:00
4117,HB/86,AD/86,SØ/86,09:13:00,09:13:00
4117,AD/86,SØ/86,SR/86,09:16:00,09:17:00
4117,SØ/86,SR/86,AB/86,09:21:00,09:21:00
4117,SR/86,AB/86,ABV/86,09:31:00,09:34:00
4117,AB/86,ABV/86,LIH/86,09:36:00,09:37:00
4117,ABV/86,LIH/86,ABL/86,09:39:00,09:40:00
412,AR/86,KGV/86,SD/86,05:53:00,05:53:00
412,KGV/86,SD/86,HÅ/86,06:02:00,06:03:00
412,SD/86,HÅ/86,HS/86,06:10:00,06:10:00
412,HÅ/86,HS/86,HED/86,06:17:00,06:19:00
412,HS/86,HED/86,VJ/86,06:26:00,06:26:00
412,HED/86,VJ/86,BET/86,06:33:00,06:35:00
412,VJ/86,BET/86,FA/86,06:41:00,06:41:00
4120,ABL/86,LIH/86,ABV/86,06:11:00,06:12:00
4120,LIH/86,ABV/86,AB/86,06:15:00,06:16:00
4120,ABV/86,AB/86,OG/86,06:20:00,06:25:00
4120,AB/86,OG/86,SØ/86,06:27:00,06:27:00
4120,OG/86,SØ/86,AD/86,06:37:00,06:38:00
4120,SØ/86,AD/86,HB/86,06:42:00,06:42:00
4120,AD/86,HB/86,FP/86,06:50:00,06:51:00
4120,HB/86,FP/86,RD/86,06:59:00,06:59:00
4120,FP/86,RD/86,LG/86,07:05:00,07:07:00
4120,RD/86,LG/86,HA/86,07:15:00,07:16:00
4120,LG/86,HA/86,HN/86,07:23:00,07:24:00
4120,HA/86,HN/86,AR/86,07:29:00,07:29:00
4121,AR/86,BR/86,HA/86,09:19:00,09:19:00
4121,BR/86,HA/86,LG/86,09:31:00,09:32:00
4121,HA/86,LG/86,RD/86,09:39:00,09:40:00
4121,LG/86,RD/86,FP/86,09:47:00,09:49:00
4121,RD/86,FP/86,HB/86,09:57:00,09:57:00
4121,FP/86,HB/86,AD/86,10:04:00,10:05:00
4121,HB/86,AD/86,SØ/86,10:13:00,10:13:00
4121,AD/86,SØ/86,SR/86,10:16:00,10:17:00
4121,SØ/86,SR/86,AB/86,10:21:00,10:21:00
4121,SR/86,AB/86,ABV/86,10:31:00,10:34:00
4121,AB/86,ABV/86,LIH/86,10:36:00,10:37:00
4121,ABV/86,LIH/86,ABL/86,10:39:00,10:40:00
4124,ABL/86,LIH/86,ABV/86,07:11:00,07:12:00
4124,LIH/86,ABV/86,AB/86,07:15:00,07:16:00
4124,ABV/86,AB/86,OG/86,07:20:00,07:25:00
4124,AB/86,OG/86,SØ/86,07:27:00,07:27:00
4124,OG/86,SØ/86,AD/86,07:37:00,07:38:00
4124,SØ/86,AD/86,HB/86,07:42:00,07:42:00
4124,AD/86,HB/86,FP/86,07:50:00,07:51:00
4124,HB/86,FP/86,RD/86,07:59:00,07:59:00
4124,FP/86,RD/86,LG/86,08:05:00,08:07:00
4124,RD/86,LG/86,HA/86,08:15:00,08:16:00
4124,LG/86,HA/86,HN/86,08:23:00,08:24:00
4124,HA/86,HN/86,AR/86,08:29:00,08:29:00
4125,AR/86,BR/86,HA/86,10:19:00,10:19:00
4125,BR/86,HA/86,LG/86,10:31:00,10:32:00
4125,HA/86,LG/86,RD/86,10:39:00,10:40:00
4125,LG/86,RD/86,FP/86,10:47:00,10:49:00
4125,RD/86,FP/86,HB/86,10:57:00,10:57:00
4125,FP/86,HB/86,AD/86,11:04:00,11:05:00
4125,HB/86,AD/86,SØ/86,11:13:00,11:13:00
4125,AD/86,SØ/86,SR/86,11:16:00,11:17:00
4125,SØ/86,SR/86,AB/86,11:21:00,11:21:00
4125,SR/86,AB/86,ABV/86,11:31:00,11:34:00
4125,AB/86,ABV/86,LIH/86,11:36:00,11:37:00
4125,ABV/86,LIH/86,ABL/86,11:39:00,11:40:00
4128,ABL/86,LIH/86,ABV/86,08:11:00,08:12:00
4128,LIH/86,ABV/86,AB/86,08:15:00,08:16:00
4128,ABV/86,AB/86,OG/86,08:20:00,08:25:00
4128,AB/86,OG/86,SØ/86,08:27:00,08:27:00
4128,OG/86,SØ/86,AD/86,08:37:00,08:38:00
4128,SØ/86,AD/86,HB/86,08:42:00,08:42:00
4128,AD/86,HB/86,FP/86,08:50:00,08:51:00
4128,HB/86,FP/86,RD/86,08:59:00,08:59:00
4128,FP/86,RD/86,LG/86,09:05:00,09:07:00
4128,RD/86,LG/86,HA/86,09:15:00,09:16:00
4128,LG/86,HA/86,HN/86,09:23:00,09:24:00
4128,HA/86,HN/86,AR/86,09:29:00,09:29:00
4129,AR/86,BR/86,HA/86,11:19:00,11:19:00
4129,BR/86,HA/86,LG/86,11:31:00,11:32:00
4129,HA/86,LG/86,RD/86,11:39:00,11:40:00
4129,LG/86,RD/86,FP/86,11:47:00,11:49:00
4129,RD/86,FP/86,HB/86,11:57:00,11:57:00
4129,FP/86,HB/86,AD/86,12:04:00,12:05:00
4129,HB/86,AD/86,SØ/86,12:13:00,12:13:00
4129,AD/86,SØ/86,SR/86,12:16:00,12:17:00
4129,SØ/86,SR/86,AB/86,12:21:00,12:21:00
4129,SR/86,AB/86,ABV/86,12:31:00,12:34:00
4129,AB/86,ABV/86,LIH/86,12:36:00,12:37:00
4129,ABV/86,LIH/86,ABL/86,12:39:00,12:40:00
413,FA/86,BK/86,VJ/86,06:15:00,06:15:00
413,BK/86,VJ/86,HED/86,06:22:00,06:24:00
413,VJ/86,HED/86,HS/86,06:31:00,06:31:00
413,HED/86,HS/86,HÅ/86,06:38:00,06:40:00
413,HS/86,HÅ/86,SD/86,06:47:00,06:47:00
413,HÅ/86,SD/86,HX/86,06:54:00,06:55:00
413,SD/86,HX/86,AR/86,07:00:00,07:00:00
4132,ABL/86,LIH/86,ABV/86,09:11:00,09:12:00
4132,LIH/86,ABV/86,AB/86,09:15:00,09:16:00
4132,ABV/86,AB/86,OG/86,09:20:00,09:25:00
4132,AB/86,OG/86,SØ/86,09:27:00,09:27:00
4132,OG/86,SØ/86,AD/86,09:37:00,09:38:00
4132,SØ/86,AD/86,HB/86,09:42:00,09:42:00
4132,AD/86,HB/86,FP/86,09:50:00,09:51:00
4132,HB/86,FP/86,RD/86,09:59:00,09:59:00
4132,FP/86,RD/86,LG/86,10:05:00,10:07:00
4132,RD/86,LG/86,HA/86,10:15:00,10:16:00
4132,LG/86,HA/86,HN/86,10:23:00,10:24:00
4132,HA/86,HN/86,AR/86,10:29:00,10:29:00
4133,AR/86,BR/86,HA/86,12:19:00,12:19:00
4133,BR/86,HA/86,LG/86,12:31:00,12:32:00
4133,HA/86,LG/86,RD/86,12:39:00,12:40:00
4133,LG/86,RD/86,FP/86,12:47:00,12:49:00
4133,RD/86,FP/86,HB/86,12:57:00,12:57:00
4133,FP/86,HB/86,AD/86,13:04:00,13:05:00
4133,HB/86,AD/86,SØ/86,13:13:00,13:13:00
4133,AD/86,SØ/86,SR/86,13:16:00,13:17:00
4133,SØ/86,SR/86,AB/86,13:21:00,13:21:00
4133,SR/86,AB/86,ABV/86,13:31:00,13:34:00
4133,AB/86,ABV/86,LIH/86,13:36:00,13:37:00
4133,ABV/86,LIH/86,ABL/86,13:39:00,13:40:00
4136,ABL/86,LIH/86,ABV/86,10:11:00,10:12:00
4136,LIH/86,ABV/86,AB/86,10:15:00,10:16:00
4136,ABV/86,AB/86,OG/86,10:20:00,10:25:00
4136,AB/86,OG/86,SØ/86,10:27:00,10:27:00
4136,OG/86,SØ/86,AD/86,10:37:00,10:38:00
4136,SØ/86,AD/86,HB/86,10:42:00,10:42:00
4136,AD/86,HB/86,FP/86,10:50:00,10:51:00
4136,HB/86,FP/86,RD/86,10:59:00,10:59:00
4136,FP/86,RD/86,LG/86,11:05:00,11:07:00
4136,RD/86,LG/86,HA/86,11:15:00,11:16:00
4136,LG/86,HA/86,HN/86,11:23:00,11:24:00
4136,HA/86,HN/86,AR/86,11:29:00,11:29:00
4137,AR/86,BR/86,HA/86,13:19:00,13:19:00
4137,BR/86,HA/86,LG/86,13:31:00,13:32:00
4137,HA/86,LG/86,RD/86,13:39:00,13:40:00
4137,LG/86,RD/86,FP/86,13:47:00,13:49:00
4137,RD/86,FP/86,HB/86,13:57:00,13:57:00
4137,FP/86,HB/86,AD/86,14:04:00,14:05:00
4137,HB/86,AD/86,SØ/86,14:13:00,14:13:00
4137,AD/86,SØ/86,SR/86,14:16:00,14:17:00
4137,SØ/86,SR/86,AB/86,14:21:00,14:21:00
4137,SR/86,AB/86,ABV/86,14:31:00,14:34:00
4137,AB/86,ABV/86,LIH/86,14:36:00,14:37:00
4137,ABV/86,LIH/86,ABL/86,14:39:00,14:40:00
4140,ABL/86,LIH/86,ABV/86,11:11:00,11:12:00
4140,LIH/86,ABV/86,AB/86,11:15:00,11:16:00
4140,ABV/86,AB/86,OG/86,11:20:00,11:25:00
4140,AB/86,OG/86,SØ/86,11:27:00,11:27:00
4140,OG/86,SØ/86,AD/86,11:37:00,11:38:00
4140,SØ/86,AD/86,HB/86,11:42:00,11:42:00
4140,AD/86,HB/86,FP/86,11:50:00,11:51:00
4140,HB/86,FP/86,RD/86,11:59:00,11:59:00
4140,FP/86,RD/86,LG/86,12:05:00,12:07:00
4140,RD/86,LG/86,HA/86,12:15:00,12:16:00
4140,LG/86,HA/86,HN/86,12:23:00,12:24:00
4140,HA/86,HN/86,AR/86,12:29:00,12:29:00
4141,AR/86,BR/86,HA/86,14:19:00,14:19:00
4141,BR/86,HA/86,LG/86,14:31:00,14:32:00
4141,HA/86,LG/86,RD/86,14:39:00,14:40:00
4141,LG/86,RD/86,FP/86,14:47:00,14:49:00
4141,RD/86,FP/86,HB/86,14:57:00,14:57:00
4141,FP/86,HB/86,AD/86,15:04:00,15:05:00
4141,HB/86,AD/86,SØ/86,15:13:00,15:13:00
4141,AD/86,SØ/86,SR/86,15:16:00,15:17:00
4141,SØ/86,SR/86,AB/86,15:21:00,15:21:00
4141,SR/86,AB/86,ABV/86,15:31:00,15:34:00
4141,AB/86,ABV/86,LIH/86,15:36:00,15:37:00
4141,ABV/86,LIH/86,ABL/86,15:39:00,15:40:00
4144,ABL/86,LIH/86,ABV/86,12:11:00,12:12:00
4144,LIH/86,ABV/86,AB/86,12:15:00,12:16:00
4144,ABV/86,AB/86,OG/86,12:20:00,12:25:00
4144,AB/86,OG/86,SØ/86,12:27:00,12:27:00
4144,OG/86,SØ/86,AD/86,12:37:00,12:38:00
4144,SØ/86,AD/86,HB/86,12:42:00,12:42:00
4144,AD/86,HB/86,FP/86,12:50:00,12:51:00
4144,HB/86,FP/86,RD/86,12:59:00,12:59:00
4144,FP/86,RD/86,LG/86,13:05:00,13:07:00
4144,RD/86,LG/86,HA/86,13:15:00,13:16:00
4144,LG/86,HA/86,HN/86,13:23:00,13:24:00
4144,HA/86,HN/86,AR/86,13:29:00,13:29:00
4145,AR/86,BR/86,HA/86,15:19:00,15:19:00
4145,BR/86,HA/86,LG/86,15:31:00,15:32:00
4145,HA/86,LG/86,RD/86,15:39:00,15:40:00
4145,LG/86,RD/86,FP/86,15:47:00,15:49:00
4145,RD/86,FP/86,HB/86,15:57:00,15:57:00
4145,FP/86,HB/86,AD/86,16:04:00,16:05:00
4145,HB/86,AD/86,SØ/86,16:13:00,16:13:00
4145,AD/86,SØ/86,SR/86,16:16:00,16:17:00
4145,SØ/86,SR/86,AB/86,16:21:00,16:21:00
4145,SR/86,AB/86,ABV/86,16:31:00,16:34:00
4145,AB/86,ABV/86,LIH/86,16:36:00,16:37:00
4145,ABV/86,LIH/86,ABL/86,16:39:00,16:40:00
4148,ABL/86,LIH/86,ABV/86,13:11:00,13:12:00
4148,LIH/86,ABV/86,AB/86,13:15:00,13:16:00
4148,ABV/86,AB/86,OG/86,13:20:00,13:25:00
4148,AB/86,OG/86,SØ/86,13:27:00,13:27:00
4148,OG/86,SØ/86,AD/86,13:37:00,13:38:00
4148,SØ/86,AD/86,HB/86,13:42:00,13:42:00
4148,AD/86,HB/86,FP/86,13:50:00,13:51:00
4148,HB/86,FP/86,RD/86,13:59:00,13:59:00
4148,FP/86,RD/86,LG/86,14:05:00,14:07:00
4148,RD/86,LG/86,HA/86,14:15:00,14:16:00
4148,LG/86,HA/86,HN/86,14:23:00,14:24:00
4148,HA/86,HN/86,AR/86,14:29:00,14:29:00
4149,AR/86,BR/86,HA/86,16:19:00,16:19:00
4149,BR/86,HA/86,LG/86,16:31:00,16:32:00
4149,HA/86,LG/86,RD/86,16:39:00,16:40:00
4149,LG/86,RD/86,FP/86,16:47:00,16:49:00
4149,RD/86,FP/86,HB/86,16:57:00,16:57:00
4149,FP/86,HB/86,AD/86,17:04:00,17:05:00
4149,HB/86,AD/86,SØ/86,17:13:00,17:13:00
4149,AD/86,SØ/86,SR/86,17:16:00,17:17:00
4149,SØ/86,SR/86,AB/86,17:21:00,17:21:00
4149,SR/86,AB/86,ABV/86,17:31:00,17:34:00
4149,AB/86,ABV/86,LIH/86,17:36:00,17:37:00
4149,ABV/86,LIH/86,ABL/86,17:39:00,17:40:00
4152,ABL/86,LIH/86,ABV/86,14:11:00,14:12:00
4152,LIH/86,ABV/86,AB/86,14:15:00,14:16:00
4152,ABV/86,AB/86,OG/86,14:20:00,14:25:00
4152,AB/86,OG/86,SØ/86,14:27:00,14:27:00
4152,OG/86,SØ/86,AD/86,14:37:00,14:38:00
4152,SØ/86,AD/86,HB/86,14:42:00,14:42:00
4152,AD/86,HB/86,FP/86,14:50:00,14:51:00
4152,HB/86,FP/86,RD/86,14:59:00,14:59:00
4152,FP/86,RD/86,LG/86,15:05:00,15:07:00
4152,RD/86,LG/86,HA/86,15:15:00,15:16:00
4152,LG/86,HA/86,HN/86,15:23:00,15:24:00
4152,HA/86,HN/86,AR/86,15:29:00,15:29:00
4153,AR/86,BR/86,HA/86,17:19:00,17:19:00
4153,BR/86,HA/86,LG/86,17:31:00,17:32:00
4153,HA/86,LG/86,RD/86,17:39:00,17:40:00
4153,LG/86,RD/86,FP/86,17:47:00,17:49:00
4153,RD/86,FP/86,HB/86,17:57:00,17:57:00
4153,FP/86,HB/86,AD/86,18:04:00,18:05:00
4153,HB/86,AD/86,SØ/86,18:13:00,18:13:00
4153,AD/86,SØ/86,SR/86,18:16:00,18:17:00
4153,SØ/86,SR/86,AB/86,18:21:00,18:21:00
4153,SR/86,AB/86,ABV/86,18:31:00,18:34:00
4153,AB/86,ABV/86,LIH/86,18:36:00,18:37:00
4153,ABV/86,LIH/86,ABL/86,18:39:00,18:40:00
4156,ABL/86,LIH/86,ABV/86,15:11:00,15:12:00
4156,LIH/86,ABV/86,AB/86,15:15:00,15:16:00
4156,ABV/86,AB/86,OG/86,15:20:00,15:25:00
4156,AB/86,OG/86,SØ/86,15:27:00,15:27:00
4156,OG/86,SØ/86,AD/86,15:37:00,15:38:00
4156,SØ/86,AD/86,HB/86,15:42:00,15:42:00
4156,AD/86,HB/86,FP/86,15:50:00,15:51:00
4156,HB/86,FP/86,RD/86,15:59:00,15:59:00
4156,FP/86,RD/86,LG/86,16:05:00,16:07:00
4156,RD/86,LG/86,HA/86,16:15:00,16:16:00
4156,LG/86,HA/86,HN/86,16:23:00,16:24:00
4156,HA/86,HN/86,AR/86,16:29:00,16:29:00
4157,AR/86,BR/86,HA/86,18:19:00,18:19:00
4157,BR/86,HA/86,LG/86,18:31:00,18:32:00
4157,HA/86,LG/86,RD/86,18:39:00,18:40:00
4157,LG/86,RD/86,FP/86,18:47:00,18:49:00
4157,RD/86,FP/86,HB/86,18:57:00,18:57:00
4157,FP/86,HB/86,AD/86,19:04:00,19:05:00
4157,HB/86,AD/86,SØ/86,19:13:00,19:13:00
4157,AD/86,SØ/86,SR/86,19:16:00,19:17:00
4157,SØ/86,SR/86,AB/86,19:21:00,19:21:00
4157,SR/86,AB/86,ABV/86,19:31:00,19:34:00
4157,AB/86,ABV/86,LIH/86,19:36:00,19:37:00
4157,ABV/86,LIH/86,ABL/86,19:39:00,19:40:00
416,AR/86,KGV/86,SD/86,06:52:00,06:52:00
416,KGV/86,SD/86,HÅ/86,07:02:00,07:03:00
416,SD/86,HÅ/86,HS/86,07:10:00,07:10:00
416,HÅ/86,HS/86,HED/86,07:17:00,07:19:00
416,HS/86,HED/86,VJ/86,07:26:00,07:26:00
416,HED/86,VJ/86,BET/86,07:33:00,07:35:00
416,VJ/86,BET/86,FA/86,07:41:00,07:41:00
4160,ABL/86,LIH/86,ABV/86,16:11:00,16:12:00
4160,LIH/86,ABV/86,AB/86,16:15:00,16:16:00
4160,ABV/86,AB/86,OG/86,16:20:00,16:25:00
4160,AB/86,OG/86,SØ/86,16:27:00,16:27:00
4160,OG/86,SØ/86,AD/86,16:37:00,16:38:00
4160,SØ/86,AD/86,HB/86,16:42:00,16:42:00
4160,AD/86,HB/86,FP/86,16:50:00,16:51:00
4160,HB/86,FP/86,RD/86,16:59:00,16:59:00
4160,FP/86,RD/86,LG/86,17:05:00,17:07:00
4160,RD/86,LG/86,HA/86,17:15:00,17:16:00
4160,LG/86,HA/86,HN/86,17:23:00,17:24:00
4160,HA/86,HN/86,AR/86,17:29:00,17:29:00
4161,AR/86,BR/86,HA/86,19:19:00,19:19:00
4161,BR/86,HA/86,LG/86,19:31:00,19:32:00
4161,HA/86,LG/86,RD/86,19:39:00,19:40:00
4161,LG/86,RD/86,FP/86,19:47:00,19:49:00
4161,RD/86,FP/86,HB/86,19:57:00,19:57:00
4161,FP/86,HB/86,AD/86,20:04:00,20:05:00
4161,HB/86,AD/86,SØ/86,20:13:00,20:13:00
4161,AD/86,SØ/86,SR/86,20:16:00,20:17:00
4161,SØ/86,SR/86,AB/86,20:21:00,20:21:00
4161,SR/86,AB/86,ABV/86,20:31:00,20:34:00
4161,AB/86,ABV/86,LIH/86,20:36:00,20:37:00
4161,ABV/86,LIH/86,ABL/86,20:39:00,20:40:00
4164,ABL/86,LIH/86,ABV/86,17:11:00,17:12:00
4164,LIH/86,ABV/86,AB/86,17:15:00,17:16:00
4164,ABV/86,AB/86,OG/86,17:20:00,17:25:00
4164,AB/86,OG/86,SØ/86,17:27:00,17:27:00
4164,OG/86,SØ/86,AD/86,17:37:00,17:38:00
4164,SØ/86,AD/86,HB/86,17:42:00,17:42:00
4164,AD/86,HB/86,FP/86,17:50:00,17:51:00
4164,HB/86,FP/86,RD/86,17:59:00,17:59:00
4164,FP/86,RD/86,LG/86,18:05:00,18:07:00
4164,RD/86,LG/86,HA/86,18:15:00,18:16:00
4164,LG/86,HA/86,HN/86,18:23:00,18:24:00
4164,HA/86,HN/86,AR/86,18:29:00,18:29:00
4165,AR/86,BR/86,HA/86,20:19:00,20:19:00
4165,BR/86,HA/86,LG/86,20:31:00,20:32:00
4165,HA/86,LG/86,RD/86,20:39:00,20:40:00
4165,LG/86,RD/86,FP/86,20:47:00,20:49:00
4165,RD/86,FP/86,HB/86,20:57:00,20:57:00
4165,FP/86,HB/86,AD/86,21:04:00,21:05:00
4165,HB/86,AD/86,SØ/86,21:13:00,21:13:00
4165,AD/86,SØ/86,SR/86,21:16:00,21:17:00
4165,SØ/86,SR/86,AB/86,21:21:00,21:21:00
4165,SR/86,AB/86,ABV/86,21:31:00,21:34:00
4165,AB/86,ABV/86,LIH/86,21:36:00,21:37:00
4165,ABV/86,LIH/86,ABL/86,21:39:00,21:40:00
4168,ABL/86,LIH/86,ABV/86,18:11:00,18:12:00
4168,LIH/86,ABV/86,AB/86,18:15:00,18:16:00
4168,ABV/86,AB/86,OG/86,18:20:00,18:25:00
4168,AB/86,OG/86,SØ/86,18:27:00,18:27:00
4168,OG/86,SØ/86,AD/86,18:37:00,18:38:00
4168,SØ/86,AD/86,HB/86,18:42:00,18:42:00
4168,AD/86,HB/86,FP/86,18:50:00,18:51:00
4168,HB/86,FP/86,RD/86,18:59:00,18:59:00
4168,FP/86,RD/86,LG/86,19:05:00,19:07:00
4168,RD/86,LG/86,HA/86,19:15:00,19:16:00
4168,LG/86,HA/86,HN/86,19:23:00,19:24:00
4168,HA/86,HN/86,AR/86,19:29:00,19:29:00
4169,AB/86,ABV/86,LIH/86,22:36:00,22:37:00
4169,ABV/86,LIH/86,ABL/86,22:39:00,22:40:00
417,FA/86,BK/86,VJ/86,07:15:00,07:15:00
417,BK/86,VJ/86,HED/86,07:22:00,07:24:00
417,VJ/86,HED/86,HS/86,07:31:00,07:31:00
417,HED/86,HS/86,HÅ/86,07:38:00,07:40:00
417,HS/86,HÅ/86,SD/86,07:47:00,07:47:00
417,HÅ/86,SD/86,HX/86,07:54:00,07:55:00
417,SD/86,HX/86,AR/86,08:00:00,08:00:00
4171,AR/86,BR/86,HA/86,21:49:00,21:49:00
4171,BR/86,HA/86,LG/86,22:01:00,22:02:00
4171,HA/86,LG/86,RD/86,22:09:00,22:10:00
4171,LG/86,RD/86,FP/86,22:17:00,22:19:00
4171,RD/86,FP/86,HB/86,22:26:00,22:26:00
4171,FP/86,HB/86,AD/86,22:33:00,22:34:00
4171,HB/86,AD/86,SØ/86,22:41:00,22:41:00
4171,AD/86,SØ/86,SR/86,22:45:00,22:46:00
4171,SØ/86,SR/86,AB/86,22:50:00,22:50:00
4172,ABL/86,LIH/86,ABV/86,19:11:00,19:12:00
4172,LIH/86,ABV/86,AB/86,19:15:00,19:16:00
4172,ABV/86,AB/86,OG/86,19:20:00,19:25:00
4172,AB/86,OG/86,SØ/86,19:27:00,19:27:00
4172,OG/86,SØ/86,AD/86,19:37:00,19:38:00
4172,SØ/86,AD/86,HB/86,19:42:00,19:42:00
4172,AD/86,HB/86,FP/86,19:50:00,19:51:00
4172,HB/86,FP/86,RD/86,19:59:00,19:59:00
4172,FP/86,RD/86,LG/86,20:05:00,20:07:00
4172,RD/86,LG/86,HA/86,20:15:00,20:16:00
4172,LG/86,HA/86,HN/86,20:23:00,20:24:00
4172,HA/86,HN/86,AR/86,20:29:00,20:29:00
4175,AR/86,BR/86,HA/86,22:49:00,22:49:00
4175,BR/86,HA/86,LG/86,23:01:00,23:02:00
4175,HA/86,LG/86,RD/86,23:09:00,23:10:00
4175,LG/86,RD/86,FP/86,23:17:00,23:19:00
4175,RD/86,FP/86,HB/86,23:26:00,23:26:00
4175,FP/86,HB/86,AD/86,23:33:00,23:34:00
4175,HB/86,AD/86,SØ/86,23:41:00,23:41:00
4175,AD/86,SØ/86,SR/86,23:45:00,23:46:00
4175,SØ/86,SR/86,AB/86,23:50:00,23:50:00
4176,ABL/86,LIH/86,ABV/86,20:11:00,20:12:00
4176,LIH/86,ABV/86,AB/86,20:15:00,20:16:00
4176,ABV/86,AB/86,OG/86,20:20:00,20:25:00
4176,AB/86,OG/86,SØ/86,20:27:00,20:27:00
4176,OG/86,SØ/86,AD/86,20:37:00,20:38:00
4176,SØ/86,AD/86,HB/86,20:42:00,20:42:00
4176,AD/86,HB/86,FP/86,20:50:00,20:51:00
4176,HB/86,FP/86,RD/86,20:59:00,20:59:00
4176,FP/86,RD/86,LG/86,21:05:00,21:07:00
4176,RD/86,LG/86,HA/86,21:15:00,21:16:00
4176,LG/86,HA/86,HN/86,21:23:00,21:24:00
4176,HA/86,HN/86,AR/86,21:29:00,21:29:00
4178,ABL/86,LIH/86,ABV/86,21:11:00,21:12:00
4178,LIH/86,ABV/86,AB/86,21:15:00,21:16:00
4179,AR/86,BR/86,HA/86,23:49:00,23:49:00
4179,BR/86,HA/86,LG/86,24:01:00,24:02:00
4179,HA/86,LG/86,RD/86,24:09:00,24:10:00
4179,LG/86,RD/86,FP/86,24:17:00,24:19:00
4179,RD/86,FP/86,HB/86,24:26:00,24:26:00
4179,FP/86,HB/86,AD/86,24:33:00,24:34:00
4179,HB/86,AD/86,SØ/86,24:41:00,24:41:00
4179,AD/86,SØ/86,SR/86,24:45:00,24:46:00
4179,SØ/86,SR/86,AB/86,24:50:00,24:50:00
4180,AB/86,OG/86,SØ/86,21:27:00,21:27:00
4180,OG/86,SØ/86,AD/86,21:37:00,21:38:00
4180,SØ/86,AD/86,HB/86,21:42:00,21:42:00
4180,AD/86,HB/86,FP/86,21:50:00,21:51:00
4180,HB/86,FP/86,RD/86,21:59:00,21:59:00
4180,FP/86,RD/86,LG/86,22:05:00,22:07:00
4180,RD/86,LG/86,HA/86,22:15:00,22:16:00
4180,LG/86,HA/86,HN/86,22:23:00,22:24:00
4180,HA/86,HN/86,AR/86,22:29:00,22:29:00
4184,ABL/86,LIH/86,ABV/86,22:11:00,22:12:00
4184,LIH/86,ABV/86,AB/86,22:15:00,22:16:00
4184,ABV/86,AB/86,OG/86,22:20:00,22:25:00
4184,AB/86,OG/86,SØ/86,22:27:00,22:27:00
4184,OG/86,SØ/86,AD/86,22:37:00,22:38:00
4184,SØ/86,AD/86,HB/86,22:42:00,22:42:00
4184,AD/86,HB/86,FP/86,22:50:00,22:51:00
4184,HB/86,FP/86,RD/86,22:59:00,22:59:00
4184,FP/86,RD/86,LG/86,23:05:00,23:07:00
4184,RD/86,LG/86,HA/86,23:15:00,23:16:00
4184,LG/86,HA/86,HN/86,23:23:00,23:24:00
4184,HA/86,HN/86,AR/86,23:29:00,23:29:00
4190,ABL/86,LIH/86,ABV/86,23:01:00,23:02:00
4190,LIH/86,ABV/86,AB/86,23:05:00,23:06:00
4190,ABV/86,AB/86,OG/86,23:10:00,23:15:00
4190,AB/86,OG/86,SØ/86,23:17:00,23:17:00
4190,OG/86,SØ/86,AD/86,23:27:00,23:28:00
4190,SØ/86,AD/86,HB/86,23:32:00,23:32:00
4190,AD/86,HB/86,FP/86,23:40:00,23:41:00
4190,HB/86,FP/86,RD/86,23:49:00,23:49:00
4190,FP/86,RD/86,LG/86,23:55:00,23:57:00
4190,RD/86,LG/86,HA/86,24:05:00,24:06:00
4190,LG/86,HA/86,HN/86,24:13:00,24:14:00
4190,HA/86,HN/86,AR/86,24:19:00,24:19:00
4192,AB/86,OG/86,SØ/86,00:27:00,00:27:00
4192,OG/86,SØ/86,AD/86,00:37:00,00:38:00
4192,SØ/86,AD/86,HB/86,00:42:00,00:42:00
4192,AD/86,HB/86,FP/86,00:50:00,00:51:00
4192,HB/86,FP/86,RD/86,00:59:00,00:59:00
4192,FP/86,RD/86,LG/86,01:05:00,01:07:00
4192,RD/86,LG/86,HA/86,01:15:00,01:16:00
4192,LG/86,HA/86,HN/86,01:23:00,01:24:00
4192,HA/86,HN/86,AR/86,01:29:00,01:29:00
42,AR/86,KGV/86,SD/86,13:23:00,13:23:00
42,KGV/86,SD/86,HÅ/86,13:32:00,13:34:00
42,SD/86,HÅ/86,HS/86,13:41:00,13:41:00
42,HÅ/86,HS/86,HED/86,13:47:00,13:49:00
42,HS/86,HED/86,VJ/86,13:57:00,13:57:00
42,HED/86,VJ/86,BET/86,14:04:00,14:06:00
42,VJ/86,BET/86,FA/86,14:11:00,14:11:00
42,BET/86,FA/86,SNO/86,14:21:00,14:27:00
42,FA/86,SNO/86,OD/86,14:29:00,14:29:00
42,SNO/86,OD/86,MV/86,14:54:00,14:57:00
42,OD/86,MV/86,KH/86,15:02:00,15:02:00
42,MV/86,KH/86,BAN/86,16:06:00,16:18:00
42,KH/86,BAN/86,CPH/86,16:21:00,16:21:00
4202,NÆ/86,GZ/86,RG/86,04:33:00,04:34:00
4202,GZ/86,RG/86,KY/86,04:40:00,04:41:00
4202,RG/86,KY/86,BO/86,04:45:00,04:45:00
4202,KY/86,BO/86,VY/86,04:49:00,04:50:00
4202,BO/86,VY/86,RO/86,04:55:00,04:56:00
4202,VY/86,RO/86,TRK/86,05:02:00,05:04:00
4202,RO/86,TRK/86,HH/86,05:06:00,05:07:00
4202,TRK/86,HH/86,HTÅ/86,05:10:00,05:11:00
4202,HH/86,HTÅ/86,GL/86,05:15:00,05:16:00
4202,HTÅ/86,GL/86,VAL/86,05:20:00,05:20:00
4202,GL/86,VAL/86,KH/86,05:24:00,05:25:00
4202,VAL/86,KH/86,KN/86,05:31:00,05:37:00
4202,KH/86,KN/86,KK/86,05:39:00,05:40:00
4202,KN/86,KK/86,HGL/86,05:43:00,05:44:00
4202,KK/86,HGL/86,HL/86,05:46:00,05:46:00
4202,HGL/86,HL/86,KL/86,05:49:00,05:50:00
4202,HL/86,KL/86,SÅ/86,05:54:00,05:55:00
4202,KL/86,SÅ/86,VB/86,05:59:00,06:00:00
4202,SÅ/86,VB/86,RU/86,06:03:00,06:04:00
4202,VB/86,RU/86,OK/86,06:07:00,06:08:00
4202,RU/86,OK/86,NI/86,06:11:00,06:12:00
4202,OK/86,NI/86,HUM/86,06:15:00,06:16:00
4202,NI/86,HUM/86,GÆ/86,06:19:00,06:20:00
4202,HUM/86,GÆ/86,SQ/86,06:23:00,06:24:00
4202,GÆ/86,SQ/86,HG/86,06:27:00,06:28:00
4204,VO/86,LU/86,MOG/86,05:16:00,05:17:00
4204,LU/86,MOG/86,NÆ/86,05:22:00,05:22:00
4204,MOG/86,NÆ/86,GZ/86,05:26:00,05:28:00
4204,NÆ/86,GZ/86,RG/86,05:36:00,05:37:00
4204,GZ/86,RG/86,KY/86,05:43:00,05:44:00
4204,RG/86,KY/86,BO/86,05:48:00,05:48:00
4204,KY/86,BO/86,VY/86,05:52:00,05:53:00
4204,BO/86,VY/86,RO/86,05:58:00,05:59:00
4204,VY/86,RO/86,TRK/86,06:05:00,06:07:00
4204,RO/86,TRK/86,HH/86,06:09:00,06:10:00
4204,TRK/86,HH/86,HTÅ/86,06:13:00,06:14:00
4204,HH/86,HTÅ/86,GL/86,06:18:00,06:19:00
4204,HTÅ/86,GL/86,VAL/86,06:23:00,06:23:00
4204,GL/86,VAL/86,KH/86,06:27:00,06:28:00
4204,VAL/86,KH/86,KN/86,06:34:00,06:37:00
4204,KH/86,KN/86,KK/86,06:39:00,06:40:00
4204,KN/86,KK/86,HGL/86,06:43:00,06:44:00
4204,KK/86,HGL/86,HL/86,06:46:00,06:46:00
4204,HGL/86,HL/86,KL/86,06:49:00,06:50:00
4204,HL/86,KL/86,SÅ/86,06:54:00,06:55:00
4204,KL/86,SÅ/86,VB/86,06:59:00,07:00:00
4204,SÅ/86,VB/86,RU/86,07:03:00,07:04:00
4204,VB/86,RU/86,OK/86,07:07:00,07:08:00
4204,RU/86,OK/86,NI/86,07:11:00,07:12:00
4204,OK/86,NI/86,HUM/86,07:15:00,07:16:00
4204,NI/86,HUM/86,GÆ/86,07:19:00,07:20:00
4204,HUM/86,GÆ/86,SQ/86,07:23:00,07:24:00
4204,GÆ/86,SQ/86,HG/86,07:27:00,07:28:00
4206,VO/86,LU/86,MOG/86,06:16:00,06:17:00
4206,LU/86,MOG/86,NÆ/86,06:22:00,06:22:00
4206,MOG/86,NÆ/86,GZ/86,06:26:00,06:28:00
4206,NÆ/86,GZ/86,RG/86,06:36:00,06:37:00
4206,GZ/86,RG/86,KY/86,06:43:00,06:44:00
4206,RG/86,KY/86,BO/86,06:48:00,06:48:00
4206,KY/86,BO/86,VY/86,06:52:00,06:53:00
4206,BO/86,VY/86,RO/86,06:58:00,06:59:00
4206,VY/86,RO/86,TRK/86,07:05:00,07:07:00
4206,RO/86,TRK/86,HH/86,07:09:00,07:10:00
4206,TRK/86,HH/86,HTÅ/86,07:13:00,07:14:00
4206,HH/86,HTÅ/86,GL/86,07:18:00,07:19:00
4206,HTÅ/86,GL/86,VAL/86,07:23:00,07:23:00
4206,GL/86,VAL/86,KH/86,07:27:00,07:28:00
4206,VAL/86,KH/86,KN/86,07:34:00,07:37:00
4206,KH/86,KN/86,KK/86,07:39:00,07:40:00
4206,KN/86,KK/86,HGL/86,07:43:00,07:44:00
4206,KK/86,HGL/86,HL/86,07:46:00,07:46:00
4206,HGL/86,HL/86,KL/86,07:49:00,07:50:00
4206,HL/86,KL/86,SÅ/86,07:54:00,07:55:00
4206,KL/86,SÅ/86,VB/86,07:59:00,08:00:00
4206,SÅ/86,VB/86,RU/86,08:03:00,08:04:00
4206,VB/86,RU/86,OK/86,08:07:00,08:08:00
4206,RU/86,OK/86,NI/86,08:11:00,08:12:00
4206,OK/86,NI/86,HUM/86,08:15:00,08:16:00
4206,NI/86,HUM/86,GÆ/86,08:19:00,08:20:00
4206,HUM/86,GÆ/86,SQ/86,08:23:00,08:24:00
4206,GÆ/86,SQ/86,HG/86,08:27:00,08:28:00
421,FA/86,BK/86,VJ/86,08:15:00,08:15:00
421,BK/86,VJ/86,HED/86,08:22:00,08:24:00
421,VJ/86,HED/86,HS/86,08:31:00,08:31:00
421,HED/86,HS/86,HÅ/86,08:38:00,08:40:00
421,HS/86,HÅ/86,SD/86,08:47:00,08:47:00
421,HÅ/86,SD/86,HX/86,08:54:00,08:55:00
421,SD/86,HX/86,AR/86,09:00:00,09:00:00
4210,NÆ/86,GZ/86,RG/86,07:36:00,07:37:00
4210,GZ/86,RG/86,KY/86,07:43:00,07:44:00
4210,RG/86,KY/86,BO/86,07:48:00,07:48:00
4210,KY/86,BO/86,VY/86,07:52:00,07:53:00
4210,BO/86,VY/86,RO/86,07:58:00,07:59:00
4210,VY/86,RO/86,TRK/86,08:05:00,08:07:00
4210,RO/86,TRK/86,HH/86,08:09:00,08:10:00
4210,TRK/86,HH/86,HTÅ/86,08:13:00,08:14:00
4210,HH/86,HTÅ/86,GL/86,08:18:00,08:19:00
4210,HTÅ/86,GL/86,VAL/86,08:23:00,08:23:00
4210,GL/86,VAL/86,KH/86,08:27:00,08:28:00
4210,VAL/86,KH/86,KN/86,08:34:00,08:37:00
4210,KH/86,KN/86,KK/86,08:39:00,08:40:00
4210,KN/86,KK/86,HGL/86,08:43:00,08:44:00
4210,KK/86,HGL/86,HL/86,08:46:00,08:46:00
4210,HGL/86,HL/86,KL/86,08:49:00,08:50:00
4210,HL/86,KL/86,SÅ/86,08:54:00,08:55:00
4210,KL/86,SÅ/86,VB/86,08:59:00,09:00:00
4210,SÅ/86,VB/86,RU/86,09:03:00,09:04:00
4210,VB/86,RU/86,OK/86,09:07:00,09:08:00
4210,RU/86,OK/86,NI/86,09:11:00,09:12:00
4210,OK/86,NI/86,HUM/86,09:15:00,09:16:00
4210,NI/86,HUM/86,GÆ/86,09:19:00,09:20:00
4210,HUM/86,GÆ/86,SQ/86,09:23:00,09:24:00
4210,GÆ/86,SQ/86,HG/86,09:27:00,09:28:00
4214,NÆ/86,GZ/86,RG/86,08:36:00,08:37:00
4214,GZ/86,RG/86,KY/86,08:43:00,08:44:00
4214,RG/86,KY/86,BO/86,08:48:00,08:48:00
4214,KY/86,BO/86,VY/86,08:52:00,08:53:00
4214,BO/86,VY/86,RO/86,08:58:00,08:59:00
4214,VY/86,RO/86,TRK/86,09:05:00,09:07:00
4214,RO/86,TRK/86,HH/86,09:09:00,09:10:00
4214,TRK/86,HH/86,HTÅ/86,09:13:00,09:14:00
4214,HH/86,HTÅ/86,GL/86,09:18:00,09:19:00
4214,HTÅ/86,GL/86,VAL/86,09:23:00,09:23:00
4214,GL/86,VAL/86,KH/86,09:27:00,09:28:00
4214,VAL/86,KH/86,KN/86,09:34:00,09:37:00
4214,KH/86,KN/86,KK/86,09:39:00,09:40:00
4214,KN/86,KK/86,HGL/86,09:43:00,09:44:00
4214,KK/86,HGL/86,HL/86,09:46:00,09:46:00
4214,HGL/86,HL/86,KL/86,09:49:00,09:50:00
4214,HL/86,KL/86,SÅ/86,09:54:00,09:55:00
4214,KL/86,SÅ/86,VB/86,09:59:00,10:00:00
4214,SÅ/86,VB/86,RU/86,10:03:00,10:04:00
4214,VB/86,RU/86,OK/86,10:07:00,10:08:00
4214,RU/86,OK/86,NI/86,10:11:00,10:12:00
4214,OK/86,NI/86,HUM/86,10:15:00,10:16:00
4214,NI/86,HUM/86,GÆ/86,10:19:00,10:20:00
4214,HUM/86,GÆ/86,SQ/86,10:23:00,10:24:00
4214,GÆ/86,SQ/86,HG/86,10:27:00,10:28:00
4218,NÆ/86,GZ/86,RG/86,09:36:00,09:37:00
4218,GZ/86,RG/86,KY/86,09:43:00,09:44:00
4218,RG/86,KY/86,BO/86,09:48:00,09:48:00
4218,KY/86,BO/86,VY/86,09:52:00,09:53:00
4218,BO/86,VY/86,RO/86,09:58:00,09:59:00
4218,VY/86,RO/86,TRK/86,10:05:00,10:07:00
4218,RO/86,TRK/86,HH/86,10:09:00,10:10:00
4218,TRK/86,HH/86,HTÅ/86,10:13:00,10:14:00
4218,HH/86,HTÅ/86,GL/86,10:18:00,10:19:00
4218,HTÅ/86,GL/86,VAL/86,10:23:00,10:23:00
4218,GL/86,VAL/86,KH/86,10:27:00,10:28:00
4218,VAL/86,KH/86,KN/86,10:34:00,10:37:00
4218,KH/86,KN/86,KK/86,10:39:00,10:40:00
4218,KN/86,KK/86,HGL/86,10:43:00,10:44:00
4218,KK/86,HGL/86,HL/86,10:46:00,10:46:00
4218,HGL/86,HL/86,KL/86,10:49:00,10:50:00
4218,HL/86,KL/86,SÅ/86,10:54:00,10:55:00
4218,KL/86,SÅ/86,VB/86,10:59:00,11:00:00
4218,SÅ/86,VB/86,RU/86,11:03:00,11:04:00
4218,VB/86,RU/86,OK/86,11:07:00,11:08:00
4218,RU/86,OK/86,NI/86,11:11:00,11:12:00
4218,OK/86,NI/86,HUM/86,11:15:00,11:16:00
4218,NI/86,HUM/86,GÆ/86,11:19:00,11:20:00
4218,HUM/86,GÆ/86,SQ/86,11:23:00,11:24:00
4218,GÆ/86,SQ/86,HG/86,11:27:00,11:28:00
4219,HG/86,SQ/86,GÆ/86,04:31:00,04:32:00
4219,SQ/86,GÆ/86,HUM/86,04:34:00,04:35:00
4219,GÆ/86,HUM/86,NI/86,04:38:00,04:39:00
4219,HUM/86,NI/86,OK/86,04:42:00,04:43:00
4219,NI/86,OK/86,RU/86,04:47:00,04:48:00
4219,OK/86,RU/86,VB/86,04:50:00,04:51:00
4219,RU/86,VB/86,SÅ/86,04:54:00,04:55:00
4219,VB/86,SÅ/86,KL/86,04:58:00,04:59:00
4219,SÅ/86,KL/86,HL/86,05:03:00,05:04:00
4219,KL/86,HL/86,HGL/86,05:09:00,05:10:00
4219,HL/86,HGL/86,KK/86,05:12:00,05:12:00
4219,HGL/86,KK/86,KN/86,05:15:00,05:17:00
4219,KK/86,KN/86,KH/86,05:19:00,05:20:00
4222,NÆ/86,GZ/86,RG/86,10:36:00,10:37:00
4222,GZ/86,RG/86,KY/86,10:43:00,10:44:00
4222,RG/86,KY/86,BO/86,10:48:00,10:48:00
4222,KY/86,BO/86,VY/86,10:52:00,10:53:00
4222,BO/86,VY/86,RO/86,10:58:00,10:59:00
4222,VY/86,RO/86,TRK/86,11:05:00,11:07:00
4222,RO/86,TRK/86,HH/86,11:09:00,11:10:00
4222,TRK/86,HH/86,HTÅ/86,11:13:00,11:14:00
4222,HH/86,HTÅ/86,GL/86,11:18:00,11:19:00
4222,HTÅ/86,GL/86,VAL/86,11:23:00,11:23:00
4222,GL/86,VAL/86,KH/86,11:27:00,11:28:00
4222,VAL/86,KH/86,KN/86,11:34:00,11:37:00
4222,KH/86,KN/86,KK/86,11:39:00,11:40:00
4222,KN/86,KK/86,HGL/86,11:43:00,11:44:00
4222,KK/86,HGL/86,HL/86,11:46:00,11:46:00
4222,HGL/86,HL/86,KL/86,11:49:00,11:50:00
4222,HL/86,KL/86,SÅ/86,11:54:00,11:55:00
4222,KL/86,SÅ/86,VB/86,11:59:00,12:00:00
4222,SÅ/86,VB/86,RU/86,12:03:00,12:04:00
4222,VB/86,RU/86,OK/86,12:07:00,12:08:00
4222,RU/86,OK/86,NI/86,12:11:00,12:12:00
4222,OK/86,NI/86,HUM/86,12:15:00,12:16:00
4222,NI/86,HUM/86,GÆ/86,12:19:00,12:20:00
4222,HUM/86,GÆ/86,SQ/86,12:23:00,12:24:00
4222,GÆ/86,SQ/86,HG/86,12:27:00,12:28:00
4223,HG/86,SQ/86,GÆ/86,05:31:00,05:32:00
4223,SQ/86,GÆ/86,HUM/86,05:34:00,05:35:00
4223,GÆ/86,HUM/86,NI/86,05:38:00,05:39:00
4223,HUM/86,NI/86,OK/86,05:42:00,05:43:00
4223,NI/86,OK/86,RU/86,05:47:00,05:48:00
4223,OK/86,RU/86,VB/86,05:50:00,05:51:00
4223,RU/86,VB/86,SÅ/86,05:54:00,05:55:00
4223,VB/86,SÅ/86,KL/86,05:58:00,05:59:00
4223,SÅ/86,KL/86,HL/86,06:03:00,06:04:00
4223,KL/86,HL/86,HGL/86,06:09:00,06:10:00
4223,HL/86,HGL/86,KK/86,06:12:00,06:12:00
4223,HGL/86,KK/86,KN/86,06:15:00,06:17:00
4223,KK/86,KN/86,KH/86,06:19:00,06:20:00
4223,KN/86,KH/86,VAL/86,06:23:00,06:26:00
4223,KH/86,VAL/86,HIF/86,06:30:00,06:31:00
4223,VAL/86,HIF/86,HTÅ/86,06:33:00,06:33:00
4223,HIF/86,HTÅ/86,HH/86,06:40:00,06:41:00
4223,HTÅ/86,HH/86,TRK/86,06:45:00,06:46:00
4223,HH/86,TRK/86,RO/86,06:49:00,06:50:00
4223,TRK/86,RO/86,VY/86,06:53:00,06:54:00
4223,RO/86,VY/86,BO/86,07:00:00,07:01:00
4223,VY/86,BO/86,KY/86,07:06:00,07:07:00
4223,BO/86,KY/86,RG/86,07:10:00,07:10:00
4223,KY/86,RG/86,GZ/86,07:15:00,07:16:00
4223,RG/86,GZ/86,NÆ/86,07:22:00,07:23:00
4226,NÆ/86,GZ/86,RG/86,11:36:00,11:37:00
4226,GZ/86,RG/86,KY/86,11:43:00,11:44:00
4226,RG/86,KY/86,BO/86,11:48:00,11:48:00
4226,KY/86,BO/86,VY/86,11:52:00,11:53:00
4226,BO/86,VY/86,RO/86,11:58:00,11:59:00
4226,VY/86,RO/86,TRK/86,12:05:00,12:07:00
4226,RO/86,TRK/86,HH/86,12:09:00,12:10:00
4226,TRK/86,HH/86,HTÅ/86,12:13:00,12:14:00
4226,HH/86,HTÅ/86,GL/86,12:18:00,12:19:00
4226,HTÅ/86,GL/86,VAL/86,12:23:00,12:23:00
4226,GL/86,VAL/86,KH/86,12:27:00,12:28:00
4226,VAL/86,KH/86,KN/86,12:34:00,12:37:00
4226,KH/86,KN/86,KK/86,12:39:00,12:40:00
4226,KN/86,KK/86,HGL/86,12:43:00,12:44:00
4226,KK/86,HGL/86,HL/86,12:46:00,12:46:00
4226,HGL/86,HL/86,KL/86,12:49:00,12:50:00
4226,HL/86,KL/86,SÅ/86,12:54:00,12:55:00
4226,KL/86,SÅ/86,VB/86,12:59:00,13:00:00
4226,SÅ/86,VB/86,RU/86,13:03:00,13:04:00
4226,VB/86,RU/86,OK/86,13:07:00,13:08:00
4226,RU/86,OK/86,NI/86,13:11:00,13:12:00
4226,OK/86,NI/86,HUM/86,13:15:00,13:16:00
4226,NI/86,HUM/86,GÆ/86,13:19:00,13:20:00
4226,HUM/86,GÆ/86,SQ/86,13:23:00,13:24:00
4226,GÆ/86,SQ/86,HG/86,13:27:00,13:28:00
4227,HG/86,SQ/86,GÆ/86,06:31:00,06:32:00
4227,SQ/86,GÆ/86,HUM/86,06:34:00,06:35:00
4227,GÆ/86,HUM/86,NI/86,06:38:00,06:39:00
4227,HUM/86,NI/86,OK/86,06:42:00,06:43:00
4227,NI/86,OK/86,RU/86,06:47:00,06:48:00
4227,OK/86,RU/86,VB/86,06:50:00,06:51:00
4227,RU/86,VB/86,SÅ/86,06:54:00,06:55:00
4227,VB/86,SÅ/86,KL/86,06:58:00,06:59:00
4227,SÅ/86,KL/86,HL/86,07:03:00,07:04:00
4227,KL/86,HL/86,HGL/86,07:09:00,07:10:00
4227,HL/86,HGL/86,KK/86,07:12:00,07:12:00
4227,HGL/86,KK/86,KN/86,07:15:00,07:17:00
4227,KK/86,KN/86,KH/86,07:19:00,07:20:00
4227,KN/86,KH/86,VAL/86,07:23:00,07:26:00
4227,KH/86,VAL/86,HIF/86,07:30:00,07:31:00
4227,VAL/86,HIF/86,HTÅ/86,07:33:00,07:33:00
4227,HIF/86,HTÅ/86,HH/86,07:40:00,07:41:00
4227,HTÅ/86,HH/86,TRK/86,07:45:00,07:46:00
4227,HH/86,TRK/86,RO/86,07:49:00,07:50:00
4227,TRK/86,RO/86,VY/86,07:53:00,07:54:00
4227,RO/86,VY/86,BO/86,08:00:00,08:01:00
4227,VY/86,BO/86,KY/86,08:06:00,08:07:00
4227,BO/86,KY/86,RG/86,08:10:00,08:10:00
4227,KY/86,RG/86,GZ/86,08:15:00,08:16:00
4227,RG/86,GZ/86,NÆ/86,08:22:00,08:23:00
4230,NÆ/86,GZ/86,RG/86,12:36:00,12:37:00
4230,GZ/86,RG/86,KY/86,12:43:00,12:44:00
4230,RG/86,KY/86,BO/86,12:48:00,12:48:00
4230,KY/86,BO/86,VY/86,12:52:00,12:53:00
4230,BO/86,VY/86,RO/86,12:58:00,12:59:00
4230,VY/86,RO/86,TRK/86,13:05:00,13:07:00
4230,RO/86,TRK/86,HH/86,13:09:00,13:10:00
4230,TRK/86,HH/86,HTÅ/86,13:13:00,13:14:00
4230,HH/86,HTÅ/86,GL/86,13:18:00,13:19:00
4230,HTÅ/86,GL/86,VAL/86,13:23:00,13:23:00
4230,GL/86,VAL/86,KH/86,13:27:00,13:28:00
4230,VAL/86,KH/86,KN/86,13:34:00,13:37:00
4230,KH/86,KN/86,KK/86,13:39:00,13:40:00
4230,KN/86,KK/86,HGL/86,13:43:00,13:44:00
4230,KK/86,HGL/86,HL/86,13:46:00,13:46:00
4230,HGL/86,HL/86,KL/86,13:49:00,13:50:00
4230,HL/86,KL/86,SÅ/86,13:54:00,13:55:00
4230,KL/86,SÅ/86,VB/86,13:59:00,14:00:00
4230,SÅ/86,VB/86,RU/86,14:03:00,14:04:00
4230,VB/86,RU/86,OK/86,14:07:00,14:08:00
4230,RU/86,OK/86,NI/86,14:11:00,14:12:00
4230,OK/86,NI/86,HUM/86,14:15:00,14:16:00
4230,NI/86,HUM/86,GÆ/86,14:19:00,14:20:00
4230,HUM/86,GÆ/86,SQ/86,14:23:00,14:24:00
4230,GÆ/86,SQ/86,HG/86,14:27:00,14:28:00
4231,HG/86,SQ/86,GÆ/86,07:31:00,07:32:00
4231,SQ/86,GÆ/86,HUM/86,07:34:00,07:35:00
4231,GÆ/86,HUM/86,NI/86,07:38:00,07:39:00
4231,HUM/86,NI/86,OK/86,07:42:00,07:43:00
4231,NI/86,OK/86,RU/86,07:47:00,07:48:00
4231,OK/86,RU/86,VB/86,07:50:00,07:51:00
4231,RU/86,VB/86,SÅ/86,07:54:00,07:55:00
4231,VB/86,SÅ/86,KL/86,07:58:00,07:59:00
4231,SÅ/86,KL/86,HL/86,08:03:00,08:04:00
4231,KL/86,HL/86,HGL/86,08:09:00,08:10:00
4231,HL/86,HGL/86,KK/86,08:12:00,08:12:00
4231,HGL/86,KK/86,KN/86,08:15:00,08:17:00
4231,KK/86,KN/86,KH/86,08:19:00,08:20:00
4231,KN/86,KH/86,VAL/86,08:23:00,08:26:00
4231,KH/86,VAL/86,HIF/86,08:30:00,08:31:00
4231,VAL/86,HIF/86,HTÅ/86,08:33:00,08:33:00
4231,HIF/86,HTÅ/86,HH/86,08:40:00,08:41:00
4231,HTÅ/86,HH/86,TRK/86,08:45:00,08:46:00
4231,HH/86,TRK/86,RO/86,08:49:00,08:50:00
4231,TRK/86,RO/86,VY/86,08:53:00,08:54:00
4231,RO/86,VY/86,BO/86,09:00:00,09:01:00
4231,VY/86,BO/86,KY/86,09:06:00,09:07:00
4231,BO/86,KY/86,RG/86,09:10:00,09:10:00
4231,KY/86,RG/86,GZ/86,09:15:00,09:16:00
4231,RG/86,GZ/86,NÆ/86,09:22:00,09:23:00
4234,NÆ/86,GZ/86,RG/86,13:36:00,13:37:00
4234,GZ/86,RG/86,KY/86,13:43:00,13:44:00
4234,RG/86,KY/86,BO/86,13:48:00,13:48:00
4234,KY/86,BO/86,VY/86,13:52:00,13:53:00
4234,BO/86,VY/86,RO/86,13:58:00,13:59:00
4234,VY/86,RO/86,TRK/86,14:05:00,14:07:00
4234,RO/86,TRK/86,HH/86,14:09:00,14:10:00
4234,TRK/86,HH/86,HTÅ/86,14:13:00,14:14:00
4234,HH/86,HTÅ/86,GL/86,14:18:00,14:19:00
4234,HTÅ/86,GL/86,VAL/86,14:23:00,14:23:00
4234,GL/86,VAL/86,KH/86,14:27:00,14:28:00
4234,VAL/86,KH/86,KN/86,14:34:00,14:37:00
4234,KH/86,KN/86,KK/86,14:39:00,14:40:00
4234,KN/86,KK/86,HGL/86,14:43:00,14:44:00
4234,KK/86,HGL/86,HL/86,14:46:00,14:46:00
4234,HGL/86,HL/86,KL/86,14:49:00,14:50:00
4234,HL/86,KL/86,SÅ/86,14:54:00,14:55:00
4234,KL/86,SÅ/86,VB/86,14:59:00,15:00:00
4234,SÅ/86,VB/86,RU/86,15:03:00,15:04:00
4234,VB/86,RU/86,OK/86,15:07:00,15:08:00
4234,RU/86,OK/86,NI/86,15:11:00,15:12:00
4234,OK/86,NI/86,HUM/86,15:15:00,15:16:00
4234,NI/86,HUM/86,GÆ/86,15:19:00,15:20:00
4234,HUM/86,GÆ/86,SQ/86,15:23:00,15:24:00
4234,GÆ/86,SQ/86,HG/86,15:27:00,15:28:00
4235,HG/86,SQ/86,GÆ/86,08:31:00,08:32:00
4235,SQ/86,GÆ/86,HUM/86,08:34:00,08:35:00
4235,GÆ/86,HUM/86,NI/86,08:38:00,08:39:00
4235,HUM/86,NI/86,OK/86,08:42:00,08:43:00
4235,NI/86,OK/86,RU/86,08:47:00,08:48:00
4235,OK/86,RU/86,VB/86,08:50:00,08:51:00
4235,RU/86,VB/86,SÅ/86,08:54:00,08:55:00
4235,VB/86,SÅ/86,KL/86,08:58:00,08:59:00
4235,SÅ/86,KL/86,HL/86,09:03:00,09:04:00
4235,KL/86,HL/86,HGL/86,09:09:00,09:10:00
4235,HL/86,HGL/86,KK/86,09:12:00,09:12:00
4235,HGL/86,KK/86,KN/86,09:15:00,09:17:00
4235,KK/86,KN/86,KH/86,09:19:00,09:20:00
4235,KN/86,KH/86,VAL/86,09:23:00,09:26:00
4235,KH/86,VAL/86,HIF/86,09:30:00,09:31:00
4235,VAL/86,HIF/86,HTÅ/86,09:33:00,09:33:00
4235,HIF/86,HTÅ/86,HH/86,09:40:00,09:41:00
4235,HTÅ/86,HH/86,TRK/86,09:45:00,09:46:00
4235,HH/86,TRK/86,RO/86,09:49:00,09:50:00
4235,TRK/86,RO/86,VY/86,09:53:00,09:54:00
4235,RO/86,VY/86,BO/86,10:00:00,10:01:00
4235,VY/86,BO/86,KY/86,10:06:00,10:07:00
4235,BO/86,KY/86,RG/86,10:10:00,10:10:00
4235,KY/86,RG/86,GZ/86,10:15:00,10:16:00
4235,RG/86,GZ/86,NÆ/86,10:22:00,10:23:00
4238,NÆ/86,GZ/86,RG/86,14:36:00,14:37:00
4238,GZ/86,RG/86,KY/86,14:43:00,14:44:00
4238,RG/86,KY/86,BO/86,14:48:00,14:48:00
4238,KY/86,BO/86,VY/86,14:52:00,14:53:00
4238,BO/86,VY/86,RO/86,14:58:00,14:59:00
4238,VY/86,RO/86,TRK/86,15:05:00,15:07:00
4238,RO/86,TRK/86,HH/86,15:09:00,15:10:00
4238,TRK/86,HH/86,HTÅ/86,15:13:00,15:14:00
4238,HH/86,HTÅ/86,GL/86,15:18:00,15:19:00
4238,HTÅ/86,GL/86,VAL/86,15:23:00,15:23:00
4238,GL/86,VAL/86,KH/86,15:27:00,15:28:00
4238,VAL/86,KH/86,KN/86,15:34:00,15:37:00
4238,KH/86,KN/86,KK/86,15:39:00,15:40:00
4238,KN/86,KK/86,HGL/86,15:43:00,15:44:00
4238,KK/86,HGL/86,HL/86,15:46:00,15:46:00
4238,HGL/86,HL/86,KL/86,15:49:00,15:50:00
4238,HL/86,KL/86,SÅ/86,15:54:00,15:55:00
4238,KL/86,SÅ/86,VB/86,15:59:00,16:00:00
4238,SÅ/86,VB/86,RU/86,16:03:00,16:04:00
4238,VB/86,RU/86,OK/86,16:07:00,16:08:00
4238,RU/86,OK/86,NI/86,16:11:00,16:12:00
4238,OK/86,NI/86,HUM/86,16:15:00,16:16:00
4238,NI/86,HUM/86,GÆ/86,16:19:00,16:20:00
4238,HUM/86,GÆ/86,SQ/86,16:23:00,16:24:00
4238,GÆ/86,SQ/86,HG/86,16:27:00,16:28:00
4239,HG/86,SQ/86,GÆ/86,09:31:00,09:32:00
4239,SQ/86,GÆ/86,HUM/86,09:34:00,09:35:00
4239,GÆ/86,HUM/86,NI/86,09:38:00,09:39:00
4239,HUM/86,NI/86,OK/86,09:42:00,09:43:00
4239,NI/86,OK/86,RU/86,09:47:00,09:48:00
4239,OK/86,RU/86,VB/86,09:50:00,09:51:00
4239,RU/86,VB/86,SÅ/86,09:54:00,09:55:00
4239,VB/86,SÅ/86,KL/86,09:58:00,09:59:00
4239,SÅ/86,KL/86,HL/86,10:03:00,10:04:00
4239,KL/86,HL/86,HGL/86,10:09:00,10:10:00
4239,HL/86,HGL/86,KK/86,10:12:00,10:12:00
4239,HGL/86,KK/86,KN/86,10:15:00,10:17:00
4239,KK/86,KN/86,KH/86,10:19:00,10:20:00
4239,KN/86,KH/86,VAL/86,10:23:00,10:26:00
4239,KH/86,VAL/86,HIF/86,10:30:00,10:31:00
4239,VAL/86,HIF/86,HTÅ/86,10:33:00,10:33:00
4239,HIF/86,HTÅ/86,HH/86,10:40:00,10:41:00
4239,HTÅ/86,HH/86,TRK/86,10:45:00,10:46:00
4239,HH/86,TRK/86,RO/86,10:49:00,10:50:00
4239,TRK/86,RO/86,VY/86,10:53:00,10:54:00
4239,RO/86,VY/86,BO/86,11:00:00,11:01:00
4239,VY/86,BO/86,KY/86,11:06:00,11:07:00
4239,BO/86,KY/86,RG/86,11:10:00,11:10:00
4239,KY/86,RG/86,GZ/86,11:15:00,11:16:00
4239,RG/86,GZ/86,NÆ/86,11:22:00,11:23:00
424,AR/86,KGV/86,SD/86,08:52:00,08:52:00
424,KGV/86,SD/86,HÅ/86,09:02:00,09:03:00
424,SD/86,HÅ/86,HS/86,09:10:00,09:10:00
424,HÅ/86,HS/86,HED/86,09:17:00,09:19:00
424,HS/86,HED/86,VJ/86,09:26:00,09:26:00
424,HED/86,VJ/86,BET/86,09:33:00,09:35:00
424,VJ/86,BET/86,FA/86,09:41:00,09:41:00
4242,NÆ/86,GZ/86,RG/86,15:36:00,15:37:00
4242,GZ/86,RG/86,KY/86,15:43:00,15:44:00
4242,RG/86,KY/86,BO/86,15:48:00,15:48:00
4242,KY/86,BO/86,VY/86,15:52:00,15:53:00
4242,BO/86,VY/86,RO/86,15:58:00,15:59:00
4242,VY/86,RO/86,TRK/86,16:05:00,16:07:00
4242,RO/86,TRK/86,HH/86,16:09:00,16:10:00
4242,TRK/86,HH/86,HTÅ/86,16:13:00,16:14:00
4242,HH/86,HTÅ/86,GL/86,16:18:00,16:19:00
4242,HTÅ/86,GL/86,VAL/86,16:23:00,16:23:00
4242,GL/86,VAL/86,KH/86,16:27:00,16:28:00
4242,VAL/86,KH/86,KN/86,16:34:00,16:37:00
4242,KH/86,KN/86,KK/86,16:39:00,16:40:00
4242,KN/86,KK/86,HGL/86,16:43:00,16:44:00
4242,KK/86,HGL/86,HL/86,16:46:00,16:46:00
4242,HGL/86,HL/86,KL/86,16:49:00,16:50:00
4242,HL/86,KL/86,SÅ/86,16:54:00,16:55:00
4242,KL/86,SÅ/86,VB/86,16:59:00,17:00:00
4242,SÅ/86,VB/86,RU/86,17:03:00,17:04:00
4242,VB/86,RU/86,OK/86,17:07:00,17:08:00
4242,RU/86,OK/86,NI/86,17:11:00,17:12:00
4242,OK/86,NI/86,HUM/86,17:15:00,17:16:00
4242,NI/86,HUM/86,GÆ/86,17:19:00,17:20:00
4242,HUM/86,GÆ/86,SQ/86,17:23:00,17:24:00
4242,GÆ/86,SQ/86,HG/86,17:27:00,17:28:00
4243,HG/86,SQ/86,GÆ/86,10:31:00,10:32:00
4243,SQ/86,GÆ/86,HUM/86,10:34:00,10:35:00
4243,GÆ/86,HUM/86,NI/86,10:38:00,10:39:00
4243,HUM/86,NI/86,OK/86,10:42:00,10:43:00
4243,NI/86,OK/86,RU/86,10:47:00,10:48:00
4243,OK/86,RU/86,VB/86,10:50:00,10:51:00
4243,RU/86,VB/86,SÅ/86,10:54:00,10:55:00
4243,VB/86,SÅ/86,KL/86,10:58:00,10:59:00
4243,SÅ/86,KL/86,HL/86,11:03:00,11:04:00
4243,KL/86,HL/86,HGL/86,11:09:00,11:10:00
4243,HL/86,HGL/86,KK/86,11:12:00,11:12:00
4243,HGL/86,KK/86,KN/86,11:15:00,11:17:00
4243,KK/86,KN/86,KH/86,11:19:00,11:20:00
4243,KN/86,KH/86,VAL/86,11:23:00,11:26:00
4243,KH/86,VAL/86,HIF/86,11:30:00,11:31:00
4243,VAL/86,HIF/86,HTÅ/86,11:33:00,11:33:00
4243,HIF/86,HTÅ/86,HH/86,11:40:00,11:41:00
4243,HTÅ/86,HH/86,TRK/86,11:45:00,11:46:00
4243,HH/86,TRK/86,RO/86,11:49:00,11:50:00
4243,TRK/86,RO/86,VY/86,11:53:00,11:54:00
4243,RO/86,VY/86,BO/86,12:00:00,12:01:00
4243,VY/86,BO/86,KY/86,12:06:00,12:07:00
4243,BO/86,KY/86,RG/86,12:10:00,12:10:00
4243,KY/86,RG/86,GZ/86,12:15:00,12:16:00
4243,RG/86,GZ/86,NÆ/86,12:22:00,12:23:00
4246,NÆ/86,GZ/86,RG/86,16:36:00,16:37:00
4246,GZ/86,RG/86,KY/86,16:43:00,16:44:00
4246,RG/86,KY/86,BO/86,16:48:00,16:48:00
4246,KY/86,BO/86,VY/86,16:52:00,16:53:00
4246,BO/86,VY/86,RO/86,16:58:00,16:59:00
4246,VY/86,RO/86,TRK/86,17:05:00,17:07:00
4246,RO/86,TRK/86,HH/86,17:09:00,17:10:00
4246,TRK/86,HH/86,HTÅ/86,17:13:00,17:14:00
4246,HH/86,HTÅ/86,GL/86,17:18:00,17:19:00
4246,HTÅ/86,GL/86,VAL/86,17:23:00,17:23:00
4246,GL/86,VAL/86,KH/86,17:27:00,17:28:00
4246,VAL/86,KH/86,KN/86,17:34:00,17:37:00
4246,KH/86,KN/86,KK/86,17:39:00,17:40:00
4246,KN/86,KK/86,HGL/86,17:43:00,17:44:00
4246,KK/86,HGL/86,HL/86,17:46:00,17:46:00
4246,HGL/86,HL/86,KL/86,17:49:00,17:50:00
4246,HL/86,KL/86,SÅ/86,17:54:00,17:55:00
4246,KL/86,SÅ/86,VB/86,17:59:00,18:00:00
4246,SÅ/86,VB/86,RU/86,18:03:00,18:04:00
4246,VB/86,RU/86,OK/86,18:07:00,18:08:00
4246,RU/86,OK/86,NI/86,18:11:00,18:12:00
4246,OK/86,NI/86,HUM/86,18:15:00,18:16:00
4246,NI/86,HUM/86,GÆ/86,18:19:00,18:20:00
4246,HUM/86,GÆ/86,SQ/86,18:23:00,18:24:00
4246,GÆ/86,SQ/86,HG/86,18:27:00,18:28:00
4247,HG/86,SQ/86,GÆ/86,11:31:00,11:32:00
4247,SQ/86,GÆ/86,HUM/86,11:34:00,11:35:00
4247,GÆ/86,HUM/86,NI/86,11:38:00,11:39:00
4247,HUM/86,NI/86,OK/86,11:42:00,11:43:00
4247,NI/86,OK/86,RU/86,11:47:00,11:48:00
4247,OK/86,RU/86,VB/86,11:50:00,11:51:00
4247,RU/86,VB/86,SÅ/86,11:54:00,11:55:00
4247,VB/86,SÅ/86,KL/86,11:58:00,11:59:00
4247,SÅ/86,KL/86,HL/86,12:03:00,12:04:00
4247,KL/86,HL/86,HGL/86,12:09:00,12:10:00
4247,HL/86,HGL/86,KK/86,12:12:00,12:12:00
4247,HGL/86,KK/86,KN/86,12:15:00,12:17:00
4247,KK/86,KN/86,KH/86,12:19:00,12:20:00
4247,KN/86,KH/86,VAL/86,12:23:00,12:26:00
4247,KH/86,VAL/86,HIF/86,12:30:00,12:31:00
4247,VAL/86,HIF/86,HTÅ/86,12:33:00,12:33:00
4247,HIF/86,HTÅ/86,HH/86,12:40:00,12:41:00
4247,HTÅ/86,HH/86,TRK/86,12:45:00,12:46:00
4247,HH/86,TRK/86,RO/86,12:49:00,12:50:00
4247,TRK/86,RO/86,VY/86,12:53:00,12:54:00
4247,RO/86,VY/86,BO/86,13:00:00,13:01:00
4247,VY/86,BO/86,KY/86,13:06:00,13:07:00
4247,BO/86,KY/86,RG/86,13:10:00,13:10:00
4247,KY/86,RG/86,GZ/86,13:15:00,13:16:00
4247,RG/86,GZ/86,NÆ/86,13:22:00,13:23:00
4250,NÆ/86,GZ/86,RG/86,17:36:00,17:37:00
4250,GZ/86,RG/86,KY/86,17:43:00,17:44:00
4250,RG/86,KY/86,BO/86,17:48:00,17:48:00
4250,KY/86,BO/86,VY/86,17:52:00,17:53:00
4250,BO/86,VY/86,RO/86,17:58:00,17:59:00
4250,VY/86,RO/86,TRK/86,18:05:00,18:07:00
4250,RO/86,TRK/86,HH/86,18:09:00,18:10:00
4250,TRK/86,HH/86,HTÅ/86,18:13:00,18:14:00
4250,HH/86,HTÅ/86,GL/86,18:18:00,18:19:00
4250,HTÅ/86,GL/86,VAL/86,18:23:00,18:23:00
4250,GL/86,VAL/86,KH/86,18:27:00,18:28:00
4250,VAL/86,KH/86,KN/86,18:34:00,18:37:00
4250,KH/86,KN/86,KK/86,18:39:00,18:40:00
4250,KN/86,KK/86,HGL/86,18:43:00,18:44:00
4250,KK/86,HGL/86,HL/86,18:46:00,18:46:00
4250,HGL/86,HL/86,KL/86,18:49:00,18:50:00
4250,HL/86,KL/86,SÅ/86,18:54:00,18:55:00
4250,KL/86,SÅ/86,VB/86,18:59:00,19:00:00
4250,SÅ/86,VB/86,RU/86,19:03:00,19:04:00
4250,VB/86,RU/86,OK/86,19:07:00,19:08:00
4250,RU/86,OK/86,NI/86,19:11:00,19:12:00
4250,OK/86,NI/86,HUM/86,19:15:00,19:16:00
4250,NI/86,HUM/86,GÆ/86,19:19:00,19:20:00
4250,HUM/86,GÆ/86,SQ/86,19:23:00,19:24:00
4250,GÆ/86,SQ/86,HG/86,19:27:00,19:28:00
4251,HG/86,SQ/86,GÆ/86,12:31:00,12:32:00
4251,SQ/86,GÆ/86,HUM/86,12:34:00,12:35:00
4251,GÆ/86,HUM/86,NI/86,12:38:00,12:39:00
4251,HUM/86,NI/86,OK/86,12:42:00,12:43:00
4251,NI/86,OK/86,RU/86,12:47:00,12:48:00
4251,OK/86,RU/86,VB/86,12:50:00,12:51:00
4251,RU/86,VB/86,SÅ/86,12:54:00,12:55:00
4251,VB/86,SÅ/86,KL/86,12:58:00,12:59:00
4251,SÅ/86,KL/86,HL/86,13:03:00,13:04:00
4251,KL/86,HL/86,HGL/86,13:09:00,13:10:00
4251,HL/86,HGL/86,KK/86,13:12:00,13:12:00
4251,HGL/86,KK/86,KN/86,13:15:00,13:17:00
4251,KK/86,KN/86,KH/86,13:19:00,13:20:00
4251,KN/86,KH/86,VAL/86,13:23:00,13:26:00
4251,KH/86,VAL/86,HIF/86,13:30:00,13:31:00
4251,VAL/86,HIF/86,HTÅ/86,13:33:00,13:33:00
4251,HIF/86,HTÅ/86,HH/86,13:40:00,13:41:00
4251,HTÅ/86,HH/86,TRK/86,13:45:00,13:46:00
4251,HH/86,TRK/86,RO/86,13:49:00,13:50:00
4251,TRK/86,RO/86,VY/86,13:53:00,13:54:00
4251,RO/86,VY/86,BO/86,14:00:00,14:01:00
4251,VY/86,BO/86,KY/86,14:06:00,14:07:00
4251,BO/86,KY/86,RG/86,14:10:00,14:10:00
4251,KY/86,RG/86,GZ/86,14:15:00,14:16:00
4251,RG/86,GZ/86,NÆ/86,14:22:00,14:23:00
4254,RO/86,TRK/86,HH/86,19:09:00,19:10:00
4254,TRK/86,HH/86,HTÅ/86,19:13:00,19:14:00
4254,HH/86,HTÅ/86,GL/86,19:18:00,19:19:00
4254,HTÅ/86,GL/86,VAL/86,19:23:00,19:23:00
4254,GL/86,VAL/86,KH/86,19:27:00,19:28:00
4254,VAL/86,KH/86,KN/86,19:34:00,19:37:00
4254,KH/86,KN/86,KK/86,19:39:00,19:40:00
4254,KN/86,KK/86,HGL/86,19:43:00,19:44:00
4254,KK/86,HGL/86,HL/86,19:46:00,19:46:00
4254,HGL/86,HL/86,KL/86,19:49:00,19:50:00
4254,HL/86,KL/86,SÅ/86,19:54:00,19:55:00
4254,KL/86,SÅ/86,VB/86,19:59:00,20:00:00
4254,SÅ/86,VB/86,RU/86,20:03:00,20:04:00
4254,VB/86,RU/86,OK/86,20:07:00,20:08:00
4254,RU/86,OK/86,NI/86,20:11:00,20:12:00
4254,OK/86,NI/86,HUM/86,20:15:00,20:16:00
4254,NI/86,HUM/86,GÆ/86,20:19:00,20:20:00
4254,HUM/86,GÆ/86,SQ/86,20:23:00,20:24:00
4254,GÆ/86,SQ/86,HG/86,20:27:00,20:28:00
4255,HG/86,SQ/86,GÆ/86,13:31:00,13:32:00
4255,SQ/86,GÆ/86,HUM/86,13:34:00,13:35:00
4255,GÆ/86,HUM/86,NI/86,13:38:00,13:39:00
4255,HUM/86,NI/86,OK/86,13:42:00,13:43:00
4255,NI/86,OK/86,RU/86,13:47:00,13:48:00
4255,OK/86,RU/86,VB/86,13:50:00,13:51:00
4255,RU/86,VB/86,SÅ/86,13:54:00,13:55:00
4255,VB/86,SÅ/86,KL/86,13:58:00,13:59:00
4255,SÅ/86,KL/86,HL/86,14:03:00,14:04:00
4255,KL/86,HL/86,HGL/86,14:09:00,14:10:00
4255,HL/86,HGL/86,KK/86,14:12:00,14:12:00
4255,HGL/86,KK/86,KN/86,14:15:00,14:17:00
4255,KK/86,KN/86,KH/86,14:19:00,14:20:00
4255,KN/86,KH/86,VAL/86,14:23:00,14:26:00
4255,KH/86,VAL/86,HIF/86,14:30:00,14:31:00
4255,VAL/86,HIF/86,HTÅ/86,14:33:00,14:33:00
4255,HIF/86,HTÅ/86,HH/86,14:40:00,14:41:00
4255,HTÅ/86,HH/86,TRK/86,14:45:00,14:46:00
4255,HH/86,TRK/86,RO/86,14:49:00,14:50:00
4255,TRK/86,RO/86,VY/86,14:53:00,14:54:00
4255,RO/86,VY/86,BO/86,15:00:00,15:01:00
4255,VY/86,BO/86,KY/86,15:06:00,15:07:00
4255,BO/86,KY/86,RG/86,15:10:00,15:10:00
4255,KY/86,RG/86,GZ/86,15:15:00,15:16:00
4255,RG/86,GZ/86,NÆ/86,15:22:00,15:23:00
4258,RO/86,TRK/86,HH/86,20:09:00,20:10:00
4258,TRK/86,HH/86,HTÅ/86,20:13:00,20:14:00
4258,HH/86,HTÅ/86,GL/86,20:18:00,20:19:00
4258,HTÅ/86,GL/86,VAL/86,20:23:00,20:23:00
4258,GL/86,VAL/86,KH/86,20:27:00,20:28:00
4258,VAL/86,KH/86,KN/86,20:34:00,20:37:00
4258,KH/86,KN/86,KK/86,20:39:00,20:40:00
4258,KN/86,KK/86,HGL/86,20:43:00,20:44:00
4258,KK/86,HGL/86,HL/86,20:46:00,20:46:00
4258,HGL/86,HL/86,KL/86,20:49:00,20:50:00
4258,HL/86,KL/86,SÅ/86,20:54:00,20:55:00
4258,KL/86,SÅ/86,VB/86,20:59:00,21:00:00
4258,SÅ/86,VB/86,RU/86,21:03:00,21:04:00
4258,VB/86,RU/86,OK/86,21:07:00,21:08:00
4258,RU/86,OK/86,NI/86,21:11:00,21:12:00
4258,OK/86,NI/86,HUM/86,21:15:00,21:16:00
4258,NI/86,HUM/86,GÆ/86,21:19:00,21:20:00
4258,HUM/86,GÆ/86,SQ/86,21:23:00,21:24:00
4258,GÆ/86,SQ/86,HG/86,21:27:00,21:28:00
4259,HG/86,SQ/86,GÆ/86,14:31:00,14:32:00
4259,SQ/86,GÆ/86,HUM/86,14:34:00,14:35:00
4259,GÆ/86,HUM/86,NI/86,14:38:00,14:39:00
4259,HUM/86,NI/86,OK/86,14:42:00,14:43:00
4259,NI/86,OK/86,RU/86,14:47:00,14:48:00
4259,OK/86,RU/86,VB/86,14:50:00,14:51:00
4259,RU/86,VB/86,SÅ/86,14:54:00,14:55:00
4259,VB/86,SÅ/86,KL/86,14:58:00,14:59:00
4259,SÅ/86,KL/86,HL/86,15:03:00,15:04:00
4259,KL/86,HL/86,HGL/86,15:09:00,15:10:00
4259,HL/86,HGL/86,KK/86,15:12:00,15:12:00
4259,HGL/86,KK/86,KN/86,15:15:00,15:17:00
4259,KK/86,KN/86,KH/86,15:19:00,15:20:00
4259,KN/86,KH/86,VAL/86,15:23:00,15:26:00
4259,KH/86,VAL/86,HIF/86,15:30:00,15:31:00
4259,VAL/86,HIF/86,HTÅ/86,15:33:00,15:33:00
4259,HIF/86,HTÅ/86,HH/86,15:40:00,15:41:00
4259,HTÅ/86,HH/86,TRK/86,15:45:00,15:46:00
4259,HH/86,TRK/86,RO/86,15:49:00,15:50:00
4259,TRK/86,RO/86,VY/86,15:53:00,15:54:00
4259,RO/86,VY/86,BO/86,16:00:00,16:01:00
4259,VY/86,BO/86,KY/86,16:06:00,16:07:00
4259,BO/86,KY/86,RG/86,16:10:00,16:10:00
4259,KY/86,RG/86,GZ/86,16:15:00,16:16:00
4259,RG/86,GZ/86,NÆ/86,16:22:00,16:23:00
4262,RO/86,TRK/86,HH/86,21:09:00,21:10:00
4262,TRK/86,HH/86,HTÅ/86,21:13:00,21:14:00
4262,HH/86,HTÅ/86,GL/86,21:18:00,21:19:00
4262,HTÅ/86,GL/86,VAL/86,21:23:00,21:23:00
4262,GL/86,VAL/86,KH/86,21:27:00,21:28:00
4262,VAL/86,KH/86,KN/86,21:34:00,21:37:00
4262,KH/86,KN/86,KK/86,21:39:00,21:40:00
4262,KN/86,KK/86,HGL/86,21:43:00,21:44:00
4262,KK/86,HGL/86,HL/86,21:46:00,21:46:00
4262,HGL/86,HL/86,KL/86,21:49:00,21:50:00
4262,HL/86,KL/86,SÅ/86,21:54:00,21:55:00
4262,KL/86,SÅ/86,VB/86,21:59:00,22:00:00
4262,SÅ/86,VB/86,RU/86,22:03:00,22:04:00
4262,VB/86,RU/86,OK/86,22:07:00,22:08:00
4262,RU/86,OK/86,NI/86,22:11:00,22:12:00
4262,OK/86,NI/86,HUM/86,22:15:00,22:16:00
4262,NI/86,HUM/86,GÆ/86,22:19:00,22:20:00
4262,HUM/86,GÆ/86,SQ/86,22:23:00,22:24:00
4262,GÆ/86,SQ/86,HG/86,22:27:00,22:28:00
4263,HG/86,SQ/86,GÆ/86,15:31:00,15:32:00
4263,SQ/86,GÆ/86,HUM/86,15:34:00,15:35:00
4263,GÆ/86,HUM/86,NI/86,15:38:00,15:39:00
4263,HUM/86,NI/86,OK/86,15:42:00,15:43:00
4263,NI/86,OK/86,RU/86,15:47:00,15:48:00
4263,OK/86,RU/86,VB/86,15:50:00,15:51:00
4263,RU/86,VB/86,SÅ/86,15:54:00,15:55:00
4263,VB/86,SÅ/86,KL/86,15:58:00,15:59:00
4263,SÅ/86,KL/86,HL/86,16:03:00,16:04:00
4263,KL/86,HL/86,HGL/86,16:09:00,16:10:00
4263,HL/86,HGL/86,KK/86,16:12:00,16:12:00
4263,HGL/86,KK/86,KN/86,16:15:00,16:17:00
4263,KK/86,KN/86,KH/86,16:19:00,16:20:00
4263,KN/86,KH/86,VAL/86,16:23:00,16:26:00
4263,KH/86,VAL/86,HIF/86,16:30:00,16:31:00
4263,VAL/86,HIF/86,HTÅ/86,16:33:00,16:33:00
4263,HIF/86,HTÅ/86,HH/86,16:40:00,16:41:00
4263,HTÅ/86,HH/86,TRK/86,16:45:00,16:46:00
4263,HH/86,TRK/86,RO/86,16:49:00,16:50:00
4263,TRK/86,RO/86,VY/86,16:53:00,16:54:00
4263,RO/86,VY/86,BO/86,17:00:00,17:01:00
4263,VY/86,BO/86,KY/86,17:06:00,17:07:00
4263,BO/86,KY/86,RG/86,17:10:00,17:10:00
4263,KY/86,RG/86,GZ/86,17:15:00,17:16:00
4263,RG/86,GZ/86,NÆ/86,17:22:00,17:23:00
4266,RO/86,TRK/86,HH/86,22:09:00,22:10:00
4266,TRK/86,HH/86,HTÅ/86,22:13:00,22:14:00
4266,HH/86,HTÅ/86,GL/86,22:18:00,22:19:00
4266,HTÅ/86,GL/86,VAL/86,22:23:00,22:23:00
4266,GL/86,VAL/86,KH/86,22:27:00,22:28:00
4266,VAL/86,KH/86,KN/86,22:34:00,22:37:00
4266,KH/86,KN/86,KK/86,22:39:00,22:40:00
4266,KN/86,KK/86,HGL/86,22:43:00,22:44:00
4266,KK/86,HGL/86,HL/86,22:46:00,22:46:00
4266,HGL/86,HL/86,KL/86,22:49:00,22:50:00
4266,HL/86,KL/86,SÅ/86,22:54:00,22:55:00
4266,KL/86,SÅ/86,VB/86,22:59:00,23:00:00
4266,SÅ/86,VB/86,RU/86,23:03:00,23:04:00
4266,VB/86,RU/86,OK/86,23:07:00,23:08:00
4266,RU/86,OK/86,NI/86,23:11:00,23:12:00
4266,OK/86,NI/86,HUM/86,23:15:00,23:16:00
4266,NI/86,HUM/86,GÆ/86,23:19:00,23:20:00
4266,HUM/86,GÆ/86,SQ/86,23:23:00,23:24:00
4266,GÆ/86,SQ/86,HG/86,23:27:00,23:28:00
4267,HG/86,SQ/86,GÆ/86,16:31:00,16:32:00
4267,SQ/86,GÆ/86,HUM/86,16:34:00,16:35:00
4267,GÆ/86,HUM/86,NI/86,16:38:00,16:39:00
4267,HUM/86,NI/86,OK/86,16:42:00,16:43:00
4267,NI/86,OK/86,RU/86,16:47:00,16:48:00
4267,OK/86,RU/86,VB/86,16:50:00,16:51:00
4267,RU/86,VB/86,SÅ/86,16:54:00,16:55:00
4267,VB/86,SÅ/86,KL/86,16:58:00,16:59:00
4267,SÅ/86,KL/86,HL/86,17:03:00,17:04:00
4267,KL/86,HL/86,HGL/86,17:09:00,17:10:00
4267,HL/86,HGL/86,KK/86,17:12:00,17:12:00
4267,HGL/86,KK/86,KN/86,17:15:00,17:17:00
4267,KK/86,KN/86,KH/86,17:19:00,17:20:00
4267,KN/86,KH/86,VAL/86,17:23:00,17:26:00
4267,KH/86,VAL/86,HIF/86,17:30:00,17:31:00
4267,VAL/86,HIF/86,HTÅ/86,17:33:00,17:33:00
4267,HIF/86,HTÅ/86,HH/86,17:40:00,17:41:00
4267,HTÅ/86,HH/86,TRK/86,17:45:00,17:46:00
4267,HH/86,TRK/86,RO/86,17:49:00,17:50:00
4267,TRK/86,RO/86,VY/86,17:53:00,17:54:00
4267,RO/86,VY/86,BO/86,18:00:00,18:01:00
4267,VY/86,BO/86,KY/86,18:06:00,18:07:00
4267,BO/86,KY/86,RG/86,18:10:00,18:10:00
4267,KY/86,RG/86,GZ/86,18:15:00,18:16:00
4267,RG/86,GZ/86,NÆ/86,18:22:00,18:23:00
4270,KH/86,KN/86,KK/86,23:39:00,23:40:00
4270,KN/86,KK/86,HGL/86,23:43:00,23:44:00
4270,KK/86,HGL/86,HL/86,23:46:00,23:46:00
4270,HGL/86,HL/86,KL/86,23:49:00,23:50:00
4270,HL/86,KL/86,SÅ/86,23:54:00,23:55:00
4270,KL/86,SÅ/86,VB/86,23:59:00,24:00:00
4270,SÅ/86,VB/86,RU/86,24:03:00,24:04:00
4270,VB/86,RU/86,OK/86,24:07:00,24:08:00
4270,RU/86,OK/86,NI/86,24:11:00,24:12:00
4270,OK/86,NI/86,HUM/86,24:15:00,24:16:00
4270,NI/86,HUM/86,GÆ/86,24:19:00,24:20:00
4270,HUM/86,GÆ/86,SQ/86,24:23:00,24:24:00
4270,GÆ/86,SQ/86,HG/86,24:27:00,24:28:00
4271,HG/86,SQ/86,GÆ/86,17:31:00,17:32:00
4271,SQ/86,GÆ/86,HUM/86,17:34:00,17:35:00
4271,GÆ/86,HUM/86,NI/86,17:38:00,17:39:00
4271,HUM/86,NI/86,OK/86,17:42:00,17:43:00
4271,NI/86,OK/86,RU/86,17:47:00,17:48:00
4271,OK/86,RU/86,VB/86,17:50:00,17:51:00
4271,RU/86,VB/86,SÅ/86,17:54:00,17:55:00
4271,VB/86,SÅ/86,KL/86,17:58:00,17:59:00
4271,SÅ/86,KL/86,HL/86,18:03:00,18:04:00
4271,KL/86,HL/86,HGL/86,18:09:00,18:10:00
4271,HL/86,HGL/86,KK/86,18:12:00,18:12:00
4271,HGL/86,KK/86,KN/86,18:15:00,18:17:00
4271,KK/86,KN/86,KH/86,18:19:00,18:20:00
4271,KN/86,KH/86,VAL/86,18:23:00,18:26:00
4271,KH/86,VAL/86,HIF/86,18:30:00,18:31:00
4271,VAL/86,HIF/86,HTÅ/86,18:33:00,18:33:00
4271,HIF/86,HTÅ/86,HH/86,18:40:00,18:41:00
4271,HTÅ/86,HH/86,TRK/86,18:45:00,18:46:00
4271,HH/86,TRK/86,RO/86,18:49:00,18:50:00
4274,KH/86,KN/86,KK/86,00:39:00,00:40:00
4274,KN/86,KK/86,HGL/86,00:43:00,00:44:00
4274,KK/86,HGL/86,HL/86,00:46:00,00:46:00
4274,HGL/86,HL/86,KL/86,00:49:00,00:50:00
4274,HL/86,KL/86,SÅ/86,00:54:00,00:55:00
4274,KL/86,SÅ/86,VB/86,00:59:00,01:00:00
4274,SÅ/86,VB/86,RU/86,01:03:00,01:04:00
4274,VB/86,RU/86,OK/86,01:07:00,01:08:00
4274,RU/86,OK/86,NI/86,01:11:00,01:12:00
4274,OK/86,NI/86,HUM/86,01:15:00,01:16:00
4274,NI/86,HUM/86,GÆ/86,01:19:00,01:20:00
4274,HUM/86,GÆ/86,SQ/86,01:23:00,01:24:00
4274,GÆ/86,SQ/86,HG/86,01:27:00,01:28:00
4275,HG/86,SQ/86,GÆ/86,18:31:00,18:32:00
4275,SQ/86,GÆ/86,HUM/86,18:34:00,18:35:00
4275,GÆ/86,HUM/86,NI/86,18:38:00,18:39:00
4275,HUM/86,NI/86,OK/86,18:42:00,18:43:00
4275,NI/86,OK/86,RU/86,18:47:00,18:48:00
4275,OK/86,RU/86,VB/86,18:50:00,18:51:00
4275,RU/86,VB/86,SÅ/86,18:54:00,18:55:00
4275,VB/86,SÅ/86,KL/86,18:58:00,18:59:00
4275,SÅ/86,KL/86,HL/86,19:03:00,19:04:00
4275,KL/86,HL/86,HGL/86,19:09:00,19:10:00
4275,HL/86,HGL/86,KK/86,19:12:00,19:12:00
4275,HGL/86,KK/86,KN/86,19:15:00,19:17:00
4275,KK/86,KN/86,KH/86,19:19:00,19:20:00
4275,KN/86,KH/86,VAL/86,19:23:00,19:26:00
4275,KH/86,VAL/86,HIF/86,19:30:00,19:31:00
4275,VAL/86,HIF/86,HTÅ/86,19:33:00,19:33:00
4275,HIF/86,HTÅ/86,HH/86,19:40:00,19:41:00
4275,HTÅ/86,HH/86,TRK/86,19:45:00,19:46:00
4275,HH/86,TRK/86,RO/86,19:49:00,19:50:00
4279,HG/86,SQ/86,GÆ/86,19:31:00,19:32:00
4279,SQ/86,GÆ/86,HUM/86,19:34:00,19:35:00
4279,GÆ/86,HUM/86,NI/86,19:38:00,19:39:00
4279,HUM/86,NI/86,OK/86,19:42:00,19:43:00
4279,NI/86,OK/86,RU/86,19:47:00,19:48:00
4279,OK/86,RU/86,VB/86,19:50:00,19:51:00
4279,RU/86,VB/86,SÅ/86,19:54:00,19:55:00
4279,VB/86,SÅ/86,KL/86,19:58:00,19:59:00
4279,SÅ/86,KL/86,HL/86,20:03:00,20:04:00
4279,KL/86,HL/86,HGL/86,20:09:00,20:10:00
4279,HL/86,HGL/86,KK/86,20:12:00,20:12:00
4279,HGL/86,KK/86,KN/86,20:15:00,20:17:00
4279,KK/86,KN/86,KH/86,20:19:00,20:20:00
4279,KN/86,KH/86,VAL/86,20:23:00,20:26:00
4279,KH/86,VAL/86,HIF/86,20:30:00,20:31:00
4279,VAL/86,HIF/86,HTÅ/86,20:33:00,20:33:00
4279,HIF/86,HTÅ/86,HH/86,20:40:00,20:41:00
4279,HTÅ/86,HH/86,TRK/86,20:45:00,20:46:00
4279,HH/86,TRK/86,RO/86,20:49:00,20:50:00
428,AR/86,KGV/86,SD/86,09:52:00,09:52:00
428,KGV/86,SD/86,HÅ/86,10:02:00,10:03:00
428,SD/86,HÅ/86,HS/86,10:10:00,10:10:00
428,HÅ/86,HS/86,HED/86,10:17:00,10:19:00
428,HS/86,HED/86,VJ/86,10:26:00,10:26:00
428,HED/86,VJ/86,BET/86,10:33:00,10:35:00
428,VJ/86,BET/86,FA/86,10:41:00,10:41:00
4283,HG/86,SQ/86,GÆ/86,20:31:00,20:32:00
4283,SQ/86,GÆ/86,HUM/86,20:34:00,20:35:00
4283,GÆ/86,HUM/86,NI/86,20:38:00,20:39:00
4283,HUM/86,NI/86,OK/86,20:42:00,20:43:00
4283,NI/86,OK/86,RU/86,20:47:00,20:48:00
4283,OK/86,RU/86,VB/86,20:50:00,20:51:00
4283,RU/86,VB/86,SÅ/86,20:54:00,20:55:00
4283,VB/86,SÅ/86,KL/86,20:58:00,20:59:00
4283,SÅ/86,KL/86,HL/86,21:03:00,21:04:00
4283,KL/86,HL/86,HGL/86,21:09:00,21:10:00
4283,HL/86,HGL/86,KK/86,21:12:00,21:12:00
4283,HGL/86,KK/86,KN/86,21:15:00,21:17:00
4283,KK/86,KN/86,KH/86,21:19:00,21:20:00
4287,HG/86,SQ/86,GÆ/86,21:31:00,21:32:00
4287,SQ/86,GÆ/86,HUM/86,21:34:00,21:35:00
4287,GÆ/86,HUM/86,NI/86,21:38:00,21:39:00
4287,HUM/86,NI/86,OK/86,21:42:00,21:43:00
4287,NI/86,OK/86,RU/86,21:47:00,21:48:00
4287,OK/86,RU/86,VB/86,21:50:00,21:51:00
4287,RU/86,VB/86,SÅ/86,21:54:00,21:55:00
4287,VB/86,SÅ/86,KL/86,21:58:00,21:59:00
4287,SÅ/86,KL/86,HL/86,22:03:00,22:04:00
4287,KL/86,HL/86,HGL/86,22:09:00,22:10:00
4287,HL/86,HGL/86,KK/86,22:12:00,22:12:00
4287,HGL/86,KK/86,KN/86,22:15:00,22:17:00
4287,KK/86,KN/86,KH/86,22:19:00,22:20:00
429,FA/86,BK/86,VJ/86,10:15:00,10:15:00
429,BK/86,VJ/86,HED/86,10:22:00,10:24:00
429,VJ/86,HED/86,HS/86,10:31:00,10:31:00
429,HED/86,HS/86,HÅ/86,10:38:00,10:40:00
429,HS/86,HÅ/86,SD/86,10:47:00,10:47:00
429,HÅ/86,SD/86,HX/86,10:54:00,10:55:00
429,SD/86,HX/86,AR/86,11:00:00,11:00:00
4291,HG/86,SQ/86,GÆ/86,22:31:00,22:32:00
4291,SQ/86,GÆ/86,HUM/86,22:34:00,22:35:00
4291,GÆ/86,HUM/86,NI/86,22:38:00,22:39:00
4291,HUM/86,NI/86,OK/86,22:42:00,22:43:00
4291,NI/86,OK/86,RU/86,22:47:00,22:48:00
4291,OK/86,RU/86,VB/86,22:50:00,22:51:00
4291,RU/86,VB/86,SÅ/86,22:54:00,22:55:00
4291,VB/86,SÅ/86,KL/86,22:58:00,22:59:00
4291,SÅ/86,KL/86,HL/86,23:03:00,23:04:00
4291,KL/86,HL/86,HGL/86,23:09:00,23:10:00
4291,HL/86,HGL/86,KK/86,23:12:00,23:12:00
4291,HGL/86,KK/86,KN/86,23:15:00,23:17:00
4291,KK/86,KN/86,KH/86,23:19:00,23:20:00
43,CPH/86,TÅT/86,KH/86,11:29:00,11:29:00
43,TÅT/86,KH/86,GB/86,11:40:00,11:52:00
43,KH/86,GB/86,OD/86,11:55:00,11:55:00
43,GB/86,OD/86,HP/86,13:03:00,13:06:00
43,OD/86,HP/86,FA/86,13:10:00,13:10:00
43,HP/86,FA/86,BK/86,13:34:00,13:38:00
43,FA/86,BK/86,VJ/86,13:44:00,13:44:00
43,BK/86,VJ/86,HED/86,13:51:00,13:53:00
43,VJ/86,HED/86,HS/86,14:01:00,14:01:00
43,HED/86,HS/86,HÅ/86,14:08:00,14:10:00
43,HS/86,HÅ/86,SD/86,14:17:00,14:17:00
43,HÅ/86,SD/86,HX/86,14:24:00,14:25:00
43,SD/86,HX/86,AR/86,14:30:00,14:30:00
432,AR/86,KGV/86,SD/86,10:52:00,10:52:00
432,KGV/86,SD/86,HÅ/86,11:02:00,11:03:00
432,SD/86,HÅ/86,HS/86,11:10:00,11:10:00
432,HÅ/86,HS/86,HED/86,11:17:00,11:19:00
432,HS/86,HED/86,VJ/86,11:26:00,11:26:00
432,HED/86,VJ/86,BET/86,11:33:00,11:35:00
432,VJ/86,BET/86,FA/86,11:41:00,11:41:00
433,FA/86,BK/86,VJ/86,11:15:00,11:15:00
433,BK/86,VJ/86,HED/86,11:22:00,11:24:00
433,VJ/86,HED/86,HS/86,11:31:00,11:31:00
433,HED/86,HS/86,HÅ/86,11:38:00,11:40:00
433,HS/86,HÅ/86,SD/86,11:47:00,11:47:00
433,HÅ/86,SD/86,HX/86,11:54:00,11:55:00
433,SD/86,HX/86,AR/86,12:00:00,12:00:00
437,FA/86,BK/86,VJ/86,12:15:00,12:15:00
437,BK/86,VJ/86,HED/86,12:22:00,12:24:00
437,VJ/86,HED/86,HS/86,12:31:00,12:31:00
437,HED/86,HS/86,HÅ/86,12:38:00,12:40:00
437,HS/86,HÅ/86,SD/86,12:47:00,12:47:00
437,HÅ/86,SD/86,HX/86,12:54:00,12:55:00
437,SD/86,HX/86,AR/86,13:00:00,13:00:00
440,AR/86,KGV/86,SD/86,12:52:00,12:52:00
440,KGV/86,SD/86,HÅ/86,13:02:00,13:03:00
440,SD/86,HÅ/86,HS/86,13:10:00,13:10:00
440,HÅ/86,HS/86,HED/86,13:17:00,13:19:00
440,HS/86,HED/86,VJ/86,13:26:00,13:26:00
440,HED/86,VJ/86,BET/86,13:33:00,13:35:00
440,VJ/86,BET/86,FA/86,13:41:00,13:41:00
4402,NÆ/86,NÆN/86,OL/86,05:09:00,05:10:00
4402,NÆN/86,OL/86,HZ/86,05:14:00,05:15:00
4402,OL/86,HZ/86,TH/86,05:21:00,05:22:00
4402,HZ/86,TH/86,HF/86,05:27:00,05:30:00
4402,TH/86,HF/86,KJ/86,05:34:00,05:35:00
4402,HF/86,KJ/86,ØLB/86,05:39:00,05:45:00
4402,KJ/86,ØLB/86,KJN/86,05:47:00,05:48:00
4402,ØLB/86,KJN/86,JSF/86,05:51:00,05:52:00
4402,KJN/86,JSF/86,NEL/86,05:53:00,05:53:00
4402,JSF/86,NEL/86,GB/86,06:06:20,06:07:20
4402,NEL/86,GB/86,KH/86,06:09:00,06:09:00
4406,NÆ/86,NÆN/86,OL/86,06:09:00,06:10:00
4406,NÆN/86,OL/86,HZ/86,06:14:00,06:15:00
4406,OL/86,HZ/86,TH/86,06:21:00,06:22:00
4406,HZ/86,TH/86,HF/86,06:27:00,06:30:00
4406,TH/86,HF/86,KJ/86,06:34:00,06:35:00
4406,HF/86,KJ/86,ØLB/86,06:39:00,06:45:00
4406,KJ/86,ØLB/86,KJN/86,06:47:00,06:48:00
4406,ØLB/86,KJN/86,JSF/86,06:51:00,06:52:00
4406,KJN/86,JSF/86,NEL/86,06:53:00,06:53:00
4406,JSF/86,NEL/86,GB/86,07:06:20,07:07:20
4406,NEL/86,GB/86,KH/86,07:09:00,07:09:00
4410,NÆ/86,NÆN/86,OL/86,07:09:00,07:10:00
4410,NÆN/86,OL/86,HZ/86,07:14:00,07:15:00
4410,OL/86,HZ/86,TH/86,07:21:00,07:22:00
4410,HZ/86,TH/86,HF/86,07:27:00,07:30:00
4410,TH/86,HF/86,KJ/86,07:34:00,07:35:00
4410,HF/86,KJ/86,ØLB/86,07:39:00,07:45:00
4410,KJ/86,ØLB/86,KJN/86,07:47:00,07:48:00
4410,ØLB/86,KJN/86,JSF/86,07:51:00,07:52:00
4410,KJN/86,JSF/86,NEL/86,07:53:00,07:53:00
4410,JSF/86,NEL/86,GB/86,08:06:00,08:07:00
4410,NEL/86,GB/86,KH/86,08:09:00,08:09:00
4414,NÆ/86,NÆN/86,OL/86,08:09:00,08:10:00
4414,NÆN/86,OL/86,HZ/86,08:14:00,08:15:00
4414,OL/86,HZ/86,TH/86,08:21:00,08:22:00
4414,HZ/86,TH/86,HF/86,08:27:00,08:30:00
4414,TH/86,HF/86,KJ/86,08:34:00,08:35:00
4414,HF/86,KJ/86,ØLB/86,08:39:00,08:45:00
4414,KJ/86,ØLB/86,KJN/86,08:47:00,08:48:00
4414,ØLB/86,KJN/86,JSF/86,08:51:00,08:52:00
4414,KJN/86,JSF/86,NEL/86,08:53:00,08:53:00
4414,JSF/86,NEL/86,GB/86,09:06:20,09:07:20
4414,NEL/86,GB/86,KH/86,09:09:00,09:09:00
4414,GB/86,KH/86,KN/86,09:13:00,09:16:00
4414,KH/86,KN/86,KK/86,09:18:00,09:19:00
4418,NÆ/86,NÆN/86,OL/86,09:09:00,09:10:00
4418,NÆN/86,OL/86,HZ/86,09:14:00,09:15:00
4418,OL/86,HZ/86,TH/86,09:21:00,09:22:00
4418,HZ/86,TH/86,HF/86,09:27:00,09:30:00
4418,TH/86,HF/86,KJ/86,09:34:00,09:35:00
4418,HF/86,KJ/86,ØLB/86,09:39:00,09:45:00
4418,KJ/86,ØLB/86,KJN/86,09:47:00,09:48:00
4418,ØLB/86,KJN/86,JSF/86,09:51:00,09:52:00
4418,KJN/86,JSF/86,NEL/86,09:53:00,09:53:00
4418,JSF/86,NEL/86,GB/86,10:06:20,10:07:20
4418,NEL/86,GB/86,KH/86,10:09:00,10:09:00
4418,GB/86,KH/86,KN/86,10:13:00,10:16:00
4418,KH/86,KN/86,KK/86,10:18:00,10:19:00
4421,KH/86,GB/86,NEL/86,05:50:00,05:50:00
4421,GB/86,NEL/86,IG/86,05:51:00,05:52:00
4421,NEL/86,IG/86,KJN/86,05:53:00,05:53:00
4421,IG/86,KJN/86,ØLB/86,06:06:00,06:07:00
4421,KJN/86,ØLB/86,KJ/86,06:10:00,06:11:00
4421,ØLB/86,KJ/86,HF/86,06:13:00,06:19:00
4421,KJ/86,HF/86,TH/86,06:23:00,06:24:00
4421,HF/86,TH/86,HZ/86,06:29:00,06:30:00
4421,TH/86,HZ/86,OL/86,06:35:00,06:36:00
4421,HZ/86,OL/86,NÆN/86,06:42:00,06:44:00
4421,OL/86,NÆN/86,NÆ/86,06:47:00,06:48:00
4422,NÆ/86,NÆN/86,OL/86,10:09:00,10:10:00
4422,NÆN/86,OL/86,HZ/86,10:14:00,10:15:00
4422,OL/86,HZ/86,TH/86,10:21:00,10:22:00
4422,HZ/86,TH/86,HF/86,10:27:00,10:30:00
4422,TH/86,HF/86,KJ/86,10:34:00,10:35:00
4422,HF/86,KJ/86,ØLB/86,10:39:00,10:45:00
4422,KJ/86,ØLB/86,KJN/86,10:47:00,10:48:00
4422,ØLB/86,KJN/86,JSF/86,10:51:00,10:52:00
4422,KJN/86,JSF/86,NEL/86,10:53:00,10:53:00
4422,JSF/86,NEL/86,GB/86,11:06:20,11:07:20
4422,NEL/86,GB/86,KH/86,11:09:00,11:09:00
4422,GB/86,KH/86,KN/86,11:13:00,11:16:00
4422,KH/86,KN/86,KK/86,11:18:00,11:19:00
4425,KK/86,KN/86,KH/86,06:40:00,06:41:00
4425,KN/86,KH/86,GB/86,06:44:00,06:47:00
4425,KH/86,GB/86,NEL/86,06:50:00,06:50:00
4425,GB/86,NEL/86,IG/86,06:51:00,06:52:00
4425,NEL/86,IG/86,KJN/86,06:53:00,06:53:00
4425,IG/86,KJN/86,ØLB/86,07:06:00,07:07:00
4425,KJN/86,ØLB/86,KJ/86,07:10:00,07:11:00
4425,ØLB/86,KJ/86,HF/86,07:13:00,07:19:00
4425,KJ/86,HF/86,TH/86,07:23:00,07:24:00
4425,HF/86,TH/86,HZ/86,07:29:00,07:30:00
4425,TH/86,HZ/86,OL/86,07:35:00,07:36:00
4425,HZ/86,OL/86,NÆN/86,07:42:00,07:44:00
4425,OL/86,NÆN/86,NÆ/86,07:47:00,07:48:00
4426,NÆ/86,NÆN/86,OL/86,11:09:00,11:10:00
4426,NÆN/86,OL/86,HZ/86,11:14:00,11:15:00
4426,OL/86,HZ/86,TH/86,11:21:00,11:22:00
4426,HZ/86,TH/86,HF/86,11:27:00,11:30:00
4426,TH/86,HF/86,KJ/86,11:34:00,11:35:00
4426,HF/86,KJ/86,ØLB/86,11:39:00,11:45:00
4426,KJ/86,ØLB/86,KJN/86,11:47:00,11:48:00
4426,ØLB/86,KJN/86,JSF/86,11:51:00,11:52:00
4426,KJN/86,JSF/86,NEL/86,11:53:00,11:53:00
4426,JSF/86,NEL/86,GB/86,12:06:20,12:07:20
4426,NEL/86,GB/86,KH/86,12:09:00,12:09:00
4426,GB/86,KH/86,KN/86,12:13:00,12:16:00
4426,KH/86,KN/86,KK/86,12:18:00,12:19:00
4429,KH/86,GB/86,NEL/86,07:50:00,07:50:00
4429,GB/86,NEL/86,IG/86,07:51:00,07:52:00
4429,NEL/86,IG/86,KJN/86,07:53:00,07:53:00
4429,IG/86,KJN/86,ØLB/86,08:06:00,08:07:00
4429,KJN/86,ØLB/86,KJ/86,08:10:00,08:11:00
4429,ØLB/86,KJ/86,HF/86,08:13:00,08:19:00
4429,KJ/86,HF/86,TH/86,08:23:00,08:24:00
4429,HF/86,TH/86,HZ/86,08:29:00,08:30:00
4429,TH/86,HZ/86,OL/86,08:35:00,08:36:00
4429,HZ/86,OL/86,NÆN/86,08:42:00,08:44:00
4429,OL/86,NÆN/86,NÆ/86,08:47:00,08:48:00
4430,NÆ/86,NÆN/86,OL/86,12:09:00,12:10:00
4430,NÆN/86,OL/86,HZ/86,12:14:00,12:15:00
4430,OL/86,HZ/86,TH/86,12:21:00,12:22:00
4430,HZ/86,TH/86,HF/86,12:27:00,12:30:00
4430,TH/86,HF/86,KJ/86,12:34:00,12:35:00
4430,HF/86,KJ/86,ØLB/86,12:39:00,12:45:00
4430,KJ/86,ØLB/86,KJN/86,12:47:00,12:48:00
4430,ØLB/86,KJN/86,JSF/86,12:51:00,12:52:00
4430,KJN/86,JSF/86,NEL/86,12:53:00,12:53:00
4430,JSF/86,NEL/86,GB/86,13:06:20,13:07:20
4430,NEL/86,GB/86,KH/86,13:09:00,13:09:00
4430,GB/86,KH/86,KN/86,13:13:00,13:16:00
4430,KH/86,KN/86,KK/86,13:18:00,13:19:00
4433,KH/86,GB/86,NEL/86,08:50:00,08:50:00
4433,GB/86,NEL/86,IG/86,08:51:00,08:52:00
4433,NEL/86,IG/86,KJN/86,08:53:00,08:53:00
4433,IG/86,KJN/86,ØLB/86,09:06:00,09:07:00
4433,KJN/86,ØLB/86,KJ/86,09:10:00,09:11:00
4433,ØLB/86,KJ/86,HF/86,09:13:00,09:19:00
4433,KJ/86,HF/86,TH/86,09:23:00,09:24:00
4433,HF/86,TH/86,HZ/86,09:29:00,09:30:00
4433,TH/86,HZ/86,OL/86,09:35:00,09:36:00
4433,HZ/86,OL/86,NÆN/86,09:42:00,09:44:00
4433,OL/86,NÆN/86,NÆ/86,09:47:00,09:48:00
4434,NÆ/86,NÆN/86,OL/86,13:09:00,13:10:00
4434,NÆN/86,OL/86,HZ/86,13:14:00,13:15:00
4434,OL/86,HZ/86,TH/86,13:21:00,13:22:00
4434,HZ/86,TH/86,HF/86,13:27:00,13:30:00
4434,TH/86,HF/86,KJ/86,13:34:00,13:35:00
4434,HF/86,KJ/86,ØLB/86,13:39:00,13:45:00
4434,KJ/86,ØLB/86,KJN/86,13:47:00,13:48:00
4434,ØLB/86,KJN/86,JSF/86,13:51:00,13:52:00
4434,KJN/86,JSF/86,NEL/86,13:53:00,13:53:00
4434,JSF/86,NEL/86,GB/86,14:06:20,14:07:20
4434,NEL/86,GB/86,KH/86,14:09:00,14:09:00
4437,KH/86,GB/86,NEL/86,09:50:00,09:50:00
4437,GB/86,NEL/86,IG/86,09:51:00,09:52:00
4437,NEL/86,IG/86,KJN/86,09:53:00,09:53:00
4437,IG/86,KJN/86,ØLB/86,10:06:00,10:07:00
4437,KJN/86,ØLB/86,KJ/86,10:10:00,10:11:00
4437,ØLB/86,KJ/86,HF/86,10:13:00,10:19:00
4437,KJ/86,HF/86,TH/86,10:23:00,10:24:00
4437,HF/86,TH/86,HZ/86,10:29:00,10:30:00
4437,TH/86,HZ/86,OL/86,10:35:00,10:36:00
4437,HZ/86,OL/86,NÆN/86,10:42:00,10:44:00
4437,OL/86,NÆN/86,NÆ/86,10:47:00,10:48:00
4438,NÆ/86,NÆN/86,OL/86,14:09:00,14:10:00
4438,NÆN/86,OL/86,HZ/86,14:14:00,14:15:00
4438,OL/86,HZ/86,TH/86,14:21:00,14:22:00
4438,HZ/86,TH/86,HF/86,14:27:00,14:30:00
4438,TH/86,HF/86,KJ/86,14:34:00,14:35:00
4438,HF/86,KJ/86,ØLB/86,14:39:00,14:45:00
4438,KJ/86,ØLB/86,KJN/86,14:47:00,14:48:00
4438,ØLB/86,KJN/86,JSF/86,14:51:00,14:52:00
4438,KJN/86,JSF/86,NEL/86,14:53:00,14:53:00
4438,JSF/86,NEL/86,GB/86,15:06:20,15:07:20
4438,NEL/86,GB/86,KH/86,15:09:00,15:09:00
444,AR/86,KGV/86,SD/86,13:52:00,13:52:00
444,KGV/86,SD/86,HÅ/86,14:02:00,14:03:00
444,SD/86,HÅ/86,HS/86,14:10:00,14:10:00
444,HÅ/86,HS/86,HED/86,14:17:00,14:19:00
444,HS/86,HED/86,VJ/86,14:26:00,14:26:00
444,HED/86,VJ/86,BET/86,14:33:00,14:35:00
444,VJ/86,BET/86,FA/86,14:41:00,14:41:00
4441,KK/86,KN/86,KH/86,10:40:00,10:41:00
4441,KN/86,KH/86,GB/86,10:44:00,10:47:00
4441,KH/86,GB/86,NEL/86,10:50:00,10:50:00
4441,GB/86,NEL/86,IG/86,10:51:00,10:52:00
4441,NEL/86,IG/86,KJN/86,10:53:00,10:53:00
4441,IG/86,KJN/86,ØLB/86,11:06:00,11:07:00
4441,KJN/86,ØLB/86,KJ/86,11:10:00,11:11:00
4441,ØLB/86,KJ/86,HF/86,11:13:00,11:19:00
4441,KJ/86,HF/86,TH/86,11:23:00,11:24:00
4441,HF/86,TH/86,HZ/86,11:29:00,11:30:00
4441,TH/86,HZ/86,OL/86,11:35:00,11:36:00
4441,HZ/86,OL/86,NÆN/86,11:42:00,11:44:00
4441,OL/86,NÆN/86,NÆ/86,11:47:00,11:48:00
4442,NÆ/86,NÆN/86,OL/86,15:09:00,15:10:00
4442,NÆN/86,OL/86,HZ/86,15:14:00,15:15:00
4442,OL/86,HZ/86,TH/86,15:21:00,15:22:00
4442,HZ/86,TH/86,HF/86,15:27:00,15:30:00
4442,TH/86,HF/86,KJ/86,15:34:00,15:35:00
4442,HF/86,KJ/86,ØLB/86,15:39:00,15:45:00
4442,KJ/86,ØLB/86,KJN/86,15:47:00,15:48:00
4442,ØLB/86,KJN/86,JSF/86,15:51:00,15:52:00
4442,KJN/86,JSF/86,NEL/86,15:53:00,15:53:00
4442,JSF/86,NEL/86,GB/86,16:06:20,16:07:20
4442,NEL/86,GB/86,KH/86,16:09:00,16:09:00
4445,KK/86,KN/86,KH/86,11:40:00,11:41:00
4445,KN/86,KH/86,GB/86,11:44:00,11:47:00
4445,KH/86,GB/86,NEL/86,11:50:00,11:50:00
4445,GB/86,NEL/86,IG/86,11:51:00,11:52:00
4445,NEL/86,IG/86,KJN/86,11:53:00,11:53:00
4445,IG/86,KJN/86,ØLB/86,12:06:00,12:07:00
4445,KJN/86,ØLB/86,KJ/86,12:10:00,12:11:00
4445,ØLB/86,KJ/86,HF/86,12:13:00,12:19:00
4445,KJ/86,HF/86,TH/86,12:23:00,12:24:00
4445,HF/86,TH/86,HZ/86,12:29:00,12:30:00
4445,TH/86,HZ/86,OL/86,12:35:00,12:36:00
4445,HZ/86,OL/86,NÆN/86,12:42:00,12:44:00
4445,OL/86,NÆN/86,NÆ/86,12:47:00,12:48:00
4446,NÆ/86,NÆN/86,OL/86,16:09:00,16:10:00
4446,NÆN/86,OL/86,HZ/86,16:14:00,16:15:00
4446,OL/86,HZ/86,TH/86,16:21:00,16:22:00
4446,HZ/86,TH/86,HF/86,16:27:00,16:30:00
4446,TH/86,HF/86,KJ/86,16:34:00,16:35:00
4446,HF/86,KJ/86,ØLB/86,16:39:00,16:45:00
4446,KJ/86,ØLB/86,KJN/86,16:47:00,16:48:00
4446,ØLB/86,KJN/86,JSF/86,16:51:00,16:52:00
4446,KJN/86,JSF/86,NEL/86,16:53:00,16:53:00
4446,JSF/86,NEL/86,GB/86,17:06:20,17:07:20
4446,NEL/86,GB/86,KH/86,17:09:00,17:09:00
4449,KK/86,KN/86,KH/86,12:40:00,12:41:00
4449,KN/86,KH/86,GB/86,12:44:00,12:47:00
4449,KH/86,GB/86,NEL/86,12:50:00,12:50:00
4449,GB/86,NEL/86,IG/86,12:51:00,12:52:00
4449,NEL/86,IG/86,KJN/86,12:53:00,12:53:00
4449,IG/86,KJN/86,ØLB/86,13:06:00,13:07:00
4449,KJN/86,ØLB/86,KJ/86,13:10:00,13:11:00
4449,ØLB/86,KJ/86,HF/86,13:13:00,13:19:00
4449,KJ/86,HF/86,TH/86,13:23:00,13:24:00
4449,HF/86,TH/86,HZ/86,13:29:00,13:30:00
4449,TH/86,HZ/86,OL/86,13:35:00,13:36:00
4449,HZ/86,OL/86,NÆN/86,13:42:00,13:44:00
4449,OL/86,NÆN/86,NÆ/86,13:47:00,13:48:00
445,FA/86,BK/86,VJ/86,14:15:00,14:15:00
445,BK/86,VJ/86,HED/86,14:22:00,14:24:00
445,VJ/86,HED/86,HS/86,14:31:00,14:31:00
445,HED/86,HS/86,HÅ/86,14:38:00,14:40:00
445,HS/86,HÅ/86,SD/86,14:47:00,14:47:00
445,HÅ/86,SD/86,HX/86,14:54:00,14:55:00
445,SD/86,HX/86,AR/86,15:00:00,15:00:00
4450,NÆ/86,NÆN/86,OL/86,17:09:00,17:10:00
4450,NÆN/86,OL/86,HZ/86,17:14:00,17:15:00
4450,OL/86,HZ/86,TH/86,17:21:00,17:22:00
4450,HZ/86,TH/86,HF/86,17:27:00,17:30:00
4450,TH/86,HF/86,KJ/86,17:34:00,17:35:00
4450,HF/86,KJ/86,ØLB/86,17:39:00,17:45:00
4450,KJ/86,ØLB/86,KJN/86,17:47:00,17:48:00
4450,ØLB/86,KJN/86,JSF/86,17:51:00,17:52:00
4450,KJN/86,JSF/86,NEL/86,17:53:00,17:53:00
4450,JSF/86,NEL/86,GB/86,18:06:20,18:07:20
4450,NEL/86,GB/86,KH/86,18:09:00,18:09:00
4453,KK/86,KN/86,KH/86,13:40:00,13:41:00
4453,KN/86,KH/86,GB/86,13:44:00,13:47:00
4453,KH/86,GB/86,NEL/86,13:50:00,13:50:00
4453,GB/86,NEL/86,IG/86,13:51:00,13:52:00
4453,NEL/86,IG/86,KJN/86,13:53:00,13:53:00
4453,IG/86,KJN/86,ØLB/86,14:06:00,14:07:00
4453,KJN/86,ØLB/86,KJ/86,14:10:00,14:11:00
4453,ØLB/86,KJ/86,HF/86,14:13:00,14:19:00
4453,KJ/86,HF/86,TH/86,14:23:00,14:24:00
4453,HF/86,TH/86,HZ/86,14:29:00,14:30:00
4453,TH/86,HZ/86,OL/86,14:35:00,14:36:00
4453,HZ/86,OL/86,NÆN/86,14:42:00,14:44:00
4453,OL/86,NÆN/86,NÆ/86,14:47:00,14:48:00
4454,NÆ/86,NÆN/86,OL/86,18:10:00,18:11:00
4454,NÆN/86,OL/86,HZ/86,18:14:00,18:15:00
4454,OL/86,HZ/86,TH/86,18:21:00,18:22:00
4454,HZ/86,TH/86,HF/86,18:27:00,18:30:00
4454,TH/86,HF/86,KJ/86,18:34:00,18:35:00
4454,HF/86,KJ/86,ØLB/86,18:39:00,18:45:00
4454,KJ/86,ØLB/86,KJN/86,18:47:00,18:48:00
4454,ØLB/86,KJN/86,JSF/86,18:51:00,18:52:00
4454,KJN/86,JSF/86,NEL/86,18:53:00,18:53:00
4454,JSF/86,NEL/86,GB/86,19:06:20,19:07:20
4454,NEL/86,GB/86,KH/86,19:09:00,19:09:00
4454,GB/86,KH/86,KN/86,19:13:00,19:16:00
4454,KH/86,KN/86,KK/86,19:18:00,19:19:00
4457,KK/86,KN/86,KH/86,14:40:00,14:41:00
4457,KN/86,KH/86,GB/86,14:44:00,14:47:00
4457,KH/86,GB/86,NEL/86,14:50:00,14:50:00
4457,GB/86,NEL/86,IG/86,14:51:00,14:52:00
4457,NEL/86,IG/86,KJN/86,14:53:00,14:53:00
4457,IG/86,KJN/86,ØLB/86,15:06:00,15:07:00
4457,KJN/86,ØLB/86,KJ/86,15:10:00,15:11:00
4457,ØLB/86,KJ/86,HF/86,15:13:00,15:19:00
4457,KJ/86,HF/86,TH/86,15:23:00,15:24:00
4457,HF/86,TH/86,HZ/86,15:29:00,15:30:00
4457,TH/86,HZ/86,OL/86,15:35:00,15:36:00
4457,HZ/86,OL/86,NÆN/86,15:42:00,15:44:00
4457,OL/86,NÆN/86,NÆ/86,15:47:00,15:48:00
4461,KH/86,GB/86,NEL/86,15:50:00,15:50:00
4461,GB/86,NEL/86,IG/86,15:51:00,15:52:00
4461,NEL/86,IG/86,KJN/86,15:53:00,15:53:00
4461,IG/86,KJN/86,ØLB/86,16:06:00,16:07:00
4461,KJN/86,ØLB/86,KJ/86,16:10:00,16:11:00
4461,ØLB/86,KJ/86,HF/86,16:13:00,16:19:00
4461,KJ/86,HF/86,TH/86,16:23:00,16:24:00
4461,HF/86,TH/86,HZ/86,16:29:00,16:30:00
4461,TH/86,HZ/86,OL/86,16:35:00,16:36:00
4461,HZ/86,OL/86,NÆN/86,16:42:00,16:44:00
4461,OL/86,NÆN/86,NÆ/86,16:47:00,16:48:00
4465,KH/86,GB/86,NEL/86,16:50:00,16:50:00
4465,GB/86,NEL/86,IG/86,16:51:00,16:52:00
4465,NEL/86,IG/86,KJN/86,16:53:00,16:53:00
4465,IG/86,KJN/86,ØLB/86,17:06:00,17:07:00
4465,KJN/86,ØLB/86,KJ/86,17:10:00,17:11:00
4465,ØLB/86,KJ/86,HF/86,17:13:00,17:19:00
4465,KJ/86,HF/86,TH/86,17:23:00,17:24:00
4465,HF/86,TH/86,HZ/86,17:29:00,17:30:00
4465,TH/86,HZ/86,OL/86,17:35:00,17:36:00
4465,HZ/86,OL/86,NÆN/86,17:42:00,17:44:00
4465,OL/86,NÆN/86,NÆ/86,17:47:00,17:48:00
4469,KH/86,GB/86,NEL/86,17:50:00,17:50:00
4469,GB/86,NEL/86,IG/86,17:51:00,17:52:00
4469,NEL/86,IG/86,KJN/86,17:53:00,17:53:00
4469,IG/86,KJN/86,ØLB/86,18:06:00,18:07:00
4469,KJN/86,ØLB/86,KJ/86,18:10:00,18:11:00
4469,ØLB/86,KJ/86,HF/86,18:13:00,18:19:00
4469,KJ/86,HF/86,TH/86,18:23:00,18:24:00
4469,HF/86,TH/86,HZ/86,18:29:00,18:30:00
4469,TH/86,HZ/86,OL/86,18:35:00,18:36:00
4469,HZ/86,OL/86,NÆN/86,18:42:00,18:44:00
4469,OL/86,NÆN/86,NÆ/86,18:47:00,18:48:00
4473,KH/86,GB/86,NEL/86,18:50:00,18:50:00
4473,GB/86,NEL/86,IG/86,18:51:00,18:52:00
4473,NEL/86,IG/86,KJN/86,18:53:00,18:53:00
4473,IG/86,KJN/86,ØLB/86,19:06:00,19:07:00
4473,KJN/86,ØLB/86,KJ/86,19:10:00,19:11:00
4473,ØLB/86,KJ/86,HF/86,19:13:00,19:19:00
4473,KJ/86,HF/86,TH/86,19:23:00,19:24:00
4473,HF/86,TH/86,HZ/86,19:29:00,19:30:00
4473,TH/86,HZ/86,OL/86,19:35:00,19:36:00
4473,HZ/86,OL/86,NÆN/86,19:42:00,19:44:00
4473,OL/86,NÆN/86,NÆ/86,19:47:00,19:48:00
448,AR/86,KGV/86,SD/86,14:52:00,14:52:00
448,KGV/86,SD/86,HÅ/86,15:02:00,15:03:00
448,SD/86,HÅ/86,HS/86,15:10:00,15:10:00
448,HÅ/86,HS/86,HED/86,15:17:00,15:19:00
448,HS/86,HED/86,VJ/86,15:26:00,15:26:00
448,HED/86,VJ/86,BET/86,15:33:00,15:35:00
448,VJ/86,BET/86,FA/86,15:41:00,15:41:00
449,FA/86,BK/86,VJ/86,15:15:00,15:15:00
449,BK/86,VJ/86,HED/86,15:22:00,15:24:00
449,VJ/86,HED/86,HS/86,15:31:00,15:31:00
449,HED/86,HS/86,HÅ/86,15:38:00,15:40:00
449,HS/86,HÅ/86,SD/86,15:47:00,15:47:00
449,HÅ/86,SD/86,HX/86,15:54:00,15:55:00
449,SD/86,HX/86,AR/86,16:00:00,16:00:00
4500,KH/86,KN/86,KK/86,06:24:00,06:25:00
4500,KN/86,KK/86,HGL/86,06:28:00,06:29:00
4500,KK/86,HGL/86,HL/86,06:31:00,06:31:00
4500,HGL/86,HL/86,KL/86,06:34:00,06:35:00
4500,HL/86,KL/86,SÅ/86,06:39:00,06:40:00
4500,KL/86,SÅ/86,VB/86,06:44:00,06:45:00
4500,SÅ/86,VB/86,RU/86,06:48:00,06:49:00
4500,VB/86,RU/86,OK/86,06:52:00,06:53:00
4500,RU/86,OK/86,NI/86,06:56:00,06:57:00
4500,OK/86,NI/86,HUM/86,07:00:00,07:01:00
4500,NI/86,HUM/86,GÆ/86,07:04:00,07:05:00
4500,HUM/86,GÆ/86,SQ/86,07:08:00,07:09:00
4500,GÆ/86,SQ/86,HG/86,07:12:00,07:13:00
4504,HK/86,PE/86,TØ/86,06:27:00,06:28:00
4504,PE/86,TØ/86,HV/86,06:33:00,06:34:00
4504,TØ/86,HV/86,LJ/86,06:38:00,06:39:00
4504,HV/86,LJ/86,RO/86,06:43:00,06:44:00
4504,LJ/86,RO/86,TRK/86,06:50:00,06:52:00
4504,RO/86,TRK/86,HH/86,06:54:00,06:55:00
4504,TRK/86,HH/86,HTÅ/86,06:58:00,06:59:00
4504,HH/86,HTÅ/86,GL/86,07:03:00,07:04:00
4504,HTÅ/86,GL/86,VAL/86,07:09:00,07:09:00
4504,GL/86,VAL/86,KH/86,07:13:00,07:14:00
4504,VAL/86,KH/86,KN/86,07:19:00,07:22:00
4504,KH/86,KN/86,KK/86,07:24:00,07:25:00
4504,KN/86,KK/86,HGL/86,07:28:00,07:29:00
4504,KK/86,HGL/86,HL/86,07:31:00,07:31:00
4504,HGL/86,HL/86,KL/86,07:34:00,07:35:00
4504,HL/86,KL/86,SÅ/86,07:39:00,07:40:00
4504,KL/86,SÅ/86,VB/86,07:44:00,07:45:00
4504,SÅ/86,VB/86,RU/86,07:48:00,07:49:00
4504,VB/86,RU/86,OK/86,07:52:00,07:53:00
4504,RU/86,OK/86,NI/86,07:56:00,07:57:00
4504,OK/86,NI/86,HUM/86,08:00:00,08:01:00
4504,NI/86,HUM/86,GÆ/86,08:04:00,08:05:00
4504,HUM/86,GÆ/86,SQ/86,08:08:00,08:09:00
4504,GÆ/86,SQ/86,HG/86,08:12:00,08:13:00
4508,HK/86,PE/86,TØ/86,07:27:00,07:28:00
4508,PE/86,TØ/86,HV/86,07:33:00,07:34:00
4508,TØ/86,HV/86,LJ/86,07:38:00,07:39:00
4508,HV/86,LJ/86,RO/86,07:43:00,07:44:00
4508,LJ/86,RO/86,TRK/86,07:50:00,07:52:00
4508,RO/86,TRK/86,HH/86,07:54:00,07:55:00
4508,TRK/86,HH/86,HTÅ/86,07:58:00,07:59:00
4508,HH/86,HTÅ/86,GL/86,08:03:00,08:04:00
4508,HTÅ/86,GL/86,VAL/86,08:09:00,08:09:00
4508,GL/86,VAL/86,KH/86,08:13:00,08:14:00
4508,VAL/86,KH/86,KN/86,08:19:00,08:22:00
4508,KH/86,KN/86,KK/86,08:24:00,08:25:00
4508,KN/86,KK/86,HGL/86,08:28:00,08:29:00
4508,KK/86,HGL/86,HL/86,08:31:00,08:31:00
4508,HGL/86,HL/86,KL/86,08:34:00,08:35:00
4508,HL/86,KL/86,SÅ/86,08:39:00,08:40:00
4508,KL/86,SÅ/86,VB/86,08:44:00,08:45:00
4508,SÅ/86,VB/86,RU/86,08:48:00,08:49:00
4508,VB/86,RU/86,OK/86,08:52:00,08:53:00
4508,RU/86,OK/86,NI/86,08:56:00,08:57:00
4508,OK/86,NI/86,HUM/86,09:00:00,09:01:00
4508,NI/86,HUM/86,GÆ/86,09:04:00,09:05:00
4508,HUM/86,GÆ/86,SQ/86,09:08:00,09:09:00
4508,GÆ/86,SQ/86,HG/86,09:12:00,09:13:00
4512,HK/86,PE/86,TØ/86,08:27:00,08:28:00
4512,PE/86,TØ/86,HV/86,08:33:00,08:34:00
4512,TØ/86,HV/86,LJ/86,08:38:00,08:39:00
4512,HV/86,LJ/86,RO/86,08:43:00,08:44:00
4512,LJ/86,RO/86,TRK/86,08:50:00,08:52:00
4512,RO/86,TRK/86,HH/86,08:54:00,08:55:00
4512,TRK/86,HH/86,HTÅ/86,08:58:00,08:59:00
4512,HH/86,HTÅ/86,GL/86,09:03:00,09:04:00
4512,HTÅ/86,GL/86,VAL/86,09:09:00,09:09:00
4512,GL/86,VAL/86,KH/86,09:13:00,09:14:00
4512,VAL/86,KH/86,KN/86,09:19:00,09:22:00
4512,KH/86,KN/86,KK/86,09:24:00,09:25:00
4512,KN/86,KK/86,HGL/86,09:28:00,09:29:00
4512,KK/86,HGL/86,HL/86,09:31:00,09:31:00
4512,HGL/86,HL/86,KL/86,09:34:00,09:35:00
4512,HL/86,KL/86,SÅ/86,09:39:00,09:40:00
4512,KL/86,SÅ/86,VB/86,09:44:00,09:45:00
4512,SÅ/86,VB/86,RU/86,09:48:00,09:49:00
4512,VB/86,RU/86,OK/86,09:52:00,09:53:00
4512,RU/86,OK/86,NI/86,09:56:00,09:57:00
4512,OK/86,NI/86,HUM/86,10:00:00,10:01:00
4512,NI/86,HUM/86,GÆ/86,10:04:00,10:05:00
4512,HUM/86,GÆ/86,SQ/86,10:08:00,10:09:00
4512,GÆ/86,SQ/86,HG/86,10:12:00,10:13:00
4516,HK/86,PE/86,TØ/86,09:27:00,09:28:00
4516,PE/86,TØ/86,HV/86,09:33:00,09:34:00
4516,TØ/86,HV/86,LJ/86,09:38:00,09:39:00
4516,HV/86,LJ/86,RO/86,09:43:00,09:44:00
4516,LJ/86,RO/86,TRK/86,09:50:00,09:52:00
4516,RO/86,TRK/86,HH/86,09:54:00,09:55:00
4516,TRK/86,HH/86,HTÅ/86,09:58:00,09:59:00
4516,HH/86,HTÅ/86,GL/86,10:03:00,10:04:00
4516,HTÅ/86,GL/86,VAL/86,10:09:00,10:09:00
4516,GL/86,VAL/86,KH/86,10:13:00,10:14:00
4516,VAL/86,KH/86,KN/86,10:19:00,10:22:00
4516,KH/86,KN/86,KK/86,10:24:00,10:25:00
4516,KN/86,KK/86,HGL/86,10:28:00,10:29:00
4516,KK/86,HGL/86,HL/86,10:31:00,10:31:00
4516,HGL/86,HL/86,KL/86,10:34:00,10:35:00
4516,HL/86,KL/86,SÅ/86,10:39:00,10:40:00
4516,KL/86,SÅ/86,VB/86,10:44:00,10:45:00
4516,SÅ/86,VB/86,RU/86,10:48:00,10:49:00
4516,VB/86,RU/86,OK/86,10:52:00,10:53:00
4516,RU/86,OK/86,NI/86,10:56:00,10:57:00
4516,OK/86,NI/86,HUM/86,11:00:00,11:01:00
4516,NI/86,HUM/86,GÆ/86,11:04:00,11:05:00
4516,HUM/86,GÆ/86,SQ/86,11:08:00,11:09:00
4516,GÆ/86,SQ/86,HG/86,11:12:00,11:13:00
4520,HK/86,PE/86,TØ/86,10:27:00,10:28:00
4520,PE/86,TØ/86,HV/86,10:33:00,10:34:00
4520,TØ/86,HV/86,LJ/86,10:38:00,10:39:00
4520,HV/86,LJ/86,RO/86,10:43:00,10:44:00
4520,LJ/86,RO/86,TRK/86,10:50:00,10:52:00
4520,RO/86,TRK/86,HH/86,10:54:00,10:55:00
4520,TRK/86,HH/86,HTÅ/86,10:58:00,10:59:00
4520,HH/86,HTÅ/86,GL/86,11:03:00,11:04:00
4520,HTÅ/86,GL/86,VAL/86,11:09:00,11:09:00
4520,GL/86,VAL/86,KH/86,11:13:00,11:14:00
4520,VAL/86,KH/86,KN/86,11:19:00,11:22:00
4520,KH/86,KN/86,KK/86,11:24:00,11:25:00
4520,KN/86,KK/86,HGL/86,11:28:00,11:29:00
4520,KK/86,HGL/86,HL/86,11:31:00,11:31:00
4520,HGL/86,HL/86,KL/86,11:34:00,11:35:00
4520,HL/86,KL/86,SÅ/86,11:39:00,11:40:00
4520,KL/86,SÅ/86,VB/86,11:44:00,11:45:00
4520,SÅ/86,VB/86,RU/86,11:48:00,11:49:00
4520,VB/86,RU/86,OK/86,11:52:00,11:53:00
4520,RU/86,OK/86,NI/86,11:56:00,11:57:00
4520,OK/86,NI/86,HUM/86,12:00:00,12:01:00
4520,NI/86,HUM/86,GÆ/86,12:04:00,12:05:00
4520,HUM/86,GÆ/86,SQ/86,12:08:00,12:09:00
4520,GÆ/86,SQ/86,HG/86,12:12:00,12:13:00
4521,KK/86,KN/86,KH/86,05:34:00,05:35:00
4521,KN/86,KH/86,VAL/86,05:38:00,05:42:00
4521,KH/86,VAL/86,HIF/86,05:45:00,05:46:00
4521,VAL/86,HIF/86,HTÅ/86,05:49:00,05:49:00
4521,HIF/86,HTÅ/86,HH/86,05:55:00,05:56:00
4521,HTÅ/86,HH/86,TRK/86,06:00:00,06:01:00
4521,HH/86,TRK/86,RO/86,06:04:00,06:05:00
4521,TRK/86,RO/86,LJ/86,06:08:00,06:09:00
4521,RO/86,LJ/86,HV/86,06:15:00,06:16:00
4521,LJ/86,HV/86,TØ/86,06:21:00,06:22:00
4521,HV/86,TØ/86,PE/86,06:26:00,06:27:00
4521,TØ/86,PE/86,HK/86,06:31:00,06:32:00
4524,HK/86,PE/86,TØ/86,11:27:00,11:28:00
4524,PE/86,TØ/86,HV/86,11:33:00,11:34:00
4524,TØ/86,HV/86,LJ/86,11:38:00,11:39:00
4524,HV/86,LJ/86,RO/86,11:43:00,11:44:00
4524,LJ/86,RO/86,TRK/86,11:50:00,11:52:00
4524,RO/86,TRK/86,HH/86,11:54:00,11:55:00
4524,TRK/86,HH/86,HTÅ/86,11:58:00,11:59:00
4524,HH/86,HTÅ/86,GL/86,12:03:00,12:04:00
4524,HTÅ/86,GL/86,VAL/86,12:09:00,12:09:00
4524,GL/86,VAL/86,KH/86,12:13:00,12:14:00
4524,VAL/86,KH/86,KN/86,12:19:00,12:22:00
4524,KH/86,KN/86,KK/86,12:24:00,12:25:00
4524,KN/86,KK/86,HGL/86,12:28:00,12:29:00
4524,KK/86,HGL/86,HL/86,12:31:00,12:31:00
4524,HGL/86,HL/86,KL/86,12:34:00,12:35:00
4524,HL/86,KL/86,SÅ/86,12:39:00,12:40:00
4524,KL/86,SÅ/86,VB/86,12:44:00,12:45:00
4524,SÅ/86,VB/86,RU/86,12:48:00,12:49:00
4524,VB/86,RU/86,OK/86,12:52:00,12:53:00
4524,RU/86,OK/86,NI/86,12:56:00,12:57:00
4524,OK/86,NI/86,HUM/86,13:00:00,13:01:00
4524,NI/86,HUM/86,GÆ/86,13:04:00,13:05:00
4524,HUM/86,GÆ/86,SQ/86,13:08:00,13:09:00
4524,GÆ/86,SQ/86,HG/86,13:12:00,13:13:00
4525,HG/86,SQ/86,GÆ/86,05:46:00,05:47:00
4525,SQ/86,GÆ/86,HUM/86,05:49:00,05:50:00
4525,GÆ/86,HUM/86,NI/86,05:53:00,05:54:00
4525,HUM/86,NI/86,OK/86,05:57:00,05:58:00
4525,NI/86,OK/86,RU/86,06:02:00,06:03:00
4525,OK/86,RU/86,VB/86,06:05:00,06:06:00
4525,RU/86,VB/86,SÅ/86,06:09:00,06:10:00
4525,VB/86,SÅ/86,KL/86,06:13:00,06:14:00
4525,SÅ/86,KL/86,HL/86,06:18:00,06:19:00
4525,KL/86,HL/86,HGL/86,06:24:00,06:25:00
4525,HL/86,HGL/86,KK/86,06:27:00,06:27:00
4525,HGL/86,KK/86,KN/86,06:30:00,06:32:00
4525,KK/86,KN/86,KH/86,06:34:00,06:35:00
4525,KN/86,KH/86,VAL/86,06:38:00,06:42:00
4525,KH/86,VAL/86,HIF/86,06:45:00,06:46:00
4525,VAL/86,HIF/86,HTÅ/86,06:49:00,06:49:00
4525,HIF/86,HTÅ/86,HH/86,06:55:00,06:56:00
4525,HTÅ/86,HH/86,TRK/86,07:00:00,07:01:00
4525,HH/86,TRK/86,RO/86,07:04:00,07:05:00
4525,TRK/86,RO/86,LJ/86,07:08:00,07:09:00
4525,RO/86,LJ/86,HV/86,07:15:00,07:16:00
4525,LJ/86,HV/86,TØ/86,07:21:00,07:22:00
4525,HV/86,TØ/86,PE/86,07:26:00,07:27:00
4525,TØ/86,PE/86,HK/86,07:31:00,07:32:00
4528,HK/86,PE/86,TØ/86,12:27:00,12:28:00
4528,PE/86,TØ/86,HV/86,12:33:00,12:34:00
4528,TØ/86,HV/86,LJ/86,12:38:00,12:39:00
4528,HV/86,LJ/86,RO/86,12:43:00,12:44:00
4528,LJ/86,RO/86,TRK/86,12:50:00,12:52:00
4528,RO/86,TRK/86,HH/86,12:54:00,12:55:00
4528,TRK/86,HH/86,HTÅ/86,12:58:00,12:59:00
4528,HH/86,HTÅ/86,GL/86,13:03:00,13:04:00
4528,HTÅ/86,GL/86,VAL/86,13:09:00,13:09:00
4528,GL/86,VAL/86,KH/86,13:13:00,13:14:00
4528,VAL/86,KH/86,KN/86,13:19:00,13:22:00
4528,KH/86,KN/86,KK/86,13:24:00,13:25:00
4528,KN/86,KK/86,HGL/86,13:28:00,13:29:00
4528,KK/86,HGL/86,HL/86,13:31:00,13:31:00
4528,HGL/86,HL/86,KL/86,13:34:00,13:35:00
4528,HL/86,KL/86,SÅ/86,13:39:00,13:40:00
4528,KL/86,SÅ/86,VB/86,13:44:00,13:45:00
4528,SÅ/86,VB/86,RU/86,13:48:00,13:49:00
4528,VB/86,RU/86,OK/86,13:52:00,13:53:00
4528,RU/86,OK/86,NI/86,13:56:00,13:57:00
4528,OK/86,NI/86,HUM/86,14:00:00,14:01:00
4528,NI/86,HUM/86,GÆ/86,14:04:00,14:05:00
4528,HUM/86,GÆ/86,SQ/86,14:08:00,14:09:00
4528,GÆ/86,SQ/86,HG/86,14:12:00,14:13:00
4529,HG/86,SQ/86,GÆ/86,06:46:00,06:47:00
4529,SQ/86,GÆ/86,HUM/86,06:49:00,06:50:00
4529,GÆ/86,HUM/86,NI/86,06:53:00,06:54:00
4529,HUM/86,NI/86,OK/86,06:57:00,06:58:00
4529,NI/86,OK/86,RU/86,07:02:00,07:03:00
4529,OK/86,RU/86,VB/86,07:05:00,07:06:00
4529,RU/86,VB/86,SÅ/86,07:09:00,07:10:00
4529,VB/86,SÅ/86,KL/86,07:13:00,07:14:00
4529,SÅ/86,KL/86,HL/86,07:18:00,07:19:00
4529,KL/86,HL/86,HGL/86,07:24:00,07:25:00
4529,HL/86,HGL/86,KK/86,07:27:00,07:27:00
4529,HGL/86,KK/86,KN/86,07:30:00,07:32:00
4529,KK/86,KN/86,KH/86,07:34:00,07:35:00
4529,KN/86,KH/86,VAL/86,07:38:00,07:42:00
4529,KH/86,VAL/86,HIF/86,07:45:00,07:46:00
4529,VAL/86,HIF/86,HTÅ/86,07:49:00,07:49:00
4529,HIF/86,HTÅ/86,HH/86,07:55:00,07:56:00
4529,HTÅ/86,HH/86,TRK/86,08:00:00,08:01:00
4529,HH/86,TRK/86,RO/86,08:04:00,08:05:00
4529,TRK/86,RO/86,LJ/86,08:08:00,08:09:00
4529,RO/86,LJ/86,HV/86,08:15:00,08:16:00
4529,LJ/86,HV/86,TØ/86,08:21:00,08:22:00
4529,HV/86,TØ/86,PE/86,08:26:00,08:27:00
4529,TØ/86,PE/86,HK/86,08:31:00,08:32:00
453,FA/86,BK/86,VJ/86,16:15:00,16:15:00
453,BK/86,VJ/86,HED/86,16:22:00,16:24:00
453,VJ/86,HED/86,HS/86,16:31:00,16:31:00
453,HED/86,HS/86,HÅ/86,16:38:00,16:40:00
453,HS/86,HÅ/86,SD/86,16:47:00,16:47:00
453,HÅ/86,SD/86,HX/86,16:54:00,16:55:00
453,SD/86,HX/86,AR/86,17:00:00,17:00:00
4532,HK/86,PE/86,TØ/86,13:27:00,13:28:00
4532,PE/86,TØ/86,HV/86,13:33:00,13:34:00
4532,TØ/86,HV/86,LJ/86,13:38:00,13:39:00
4532,HV/86,LJ/86,RO/86,13:43:00,13:44:00
4532,LJ/86,RO/86,TRK/86,13:50:00,13:52:00
4532,RO/86,TRK/86,HH/86,13:54:00,13:55:00
4532,TRK/86,HH/86,HTÅ/86,13:58:00,13:59:00
4532,HH/86,HTÅ/86,GL/86,14:03:00,14:04:00
4532,HTÅ/86,GL/86,VAL/86,14:09:00,14:09:00
4532,GL/86,VAL/86,KH/86,14:13:00,14:14:00
4532,VAL/86,KH/86,KN/86,14:19:00,14:22:00
4532,KH/86,KN/86,KK/86,14:24:00,14:25:00
4532,KN/86,KK/86,HGL/86,14:28:00,14:29:00
4532,KK/86,HGL/86,HL/86,14:31:00,14:31:00
4532,HGL/86,HL/86,KL/86,14:34:00,14:35:00
4532,HL/86,KL/86,SÅ/86,14:39:00,14:40:00
4532,KL/86,SÅ/86,VB/86,14:44:00,14:45:00
4532,SÅ/86,VB/86,RU/86,14:48:00,14:49:00
4532,VB/86,RU/86,OK/86,14:52:00,14:53:00
4532,RU/86,OK/86,NI/86,14:56:00,14:57:00
4532,OK/86,NI/86,HUM/86,15:00:00,15:01:00
4532,NI/86,HUM/86,GÆ/86,15:04:00,15:05:00
4532,HUM/86,GÆ/86,SQ/86,15:08:00,15:09:00
4532,GÆ/86,SQ/86,HG/86,15:12:00,15:13:00
4533,HG/86,SQ/86,GÆ/86,07:46:00,07:47:00
4533,SQ/86,GÆ/86,HUM/86,07:49:00,07:50:00
4533,GÆ/86,HUM/86,NI/86,07:53:00,07:54:00
4533,HUM/86,NI/86,OK/86,07:57:00,07:58:00
4533,NI/86,OK/86,RU/86,08:02:00,08:03:00
4533,OK/86,RU/86,VB/86,08:05:00,08:06:00
4533,RU/86,VB/86,SÅ/86,08:09:00,08:10:00
4533,VB/86,SÅ/86,KL/86,08:13:00,08:14:00
4533,SÅ/86,KL/86,HL/86,08:18:00,08:19:00
4533,KL/86,HL/86,HGL/86,08:24:00,08:25:00
4533,HL/86,HGL/86,KK/86,08:27:00,08:27:00
4533,HGL/86,KK/86,KN/86,08:30:00,08:32:00
4533,KK/86,KN/86,KH/86,08:34:00,08:35:00
4533,KN/86,KH/86,VAL/86,08:38:00,08:42:00
4533,KH/86,VAL/86,HIF/86,08:45:00,08:46:00
4533,VAL/86,HIF/86,HTÅ/86,08:49:00,08:49:00
4533,HIF/86,HTÅ/86,HH/86,08:55:00,08:56:00
4533,HTÅ/86,HH/86,TRK/86,09:00:00,09:01:00
4533,HH/86,TRK/86,RO/86,09:04:00,09:05:00
4533,TRK/86,RO/86,LJ/86,09:08:00,09:09:00
4533,RO/86,LJ/86,HV/86,09:15:00,09:16:00
4533,LJ/86,HV/86,TØ/86,09:21:00,09:22:00
4533,HV/86,TØ/86,PE/86,09:26:00,09:27:00
4533,TØ/86,PE/86,HK/86,09:31:00,09:32:00
4536,HK/86,PE/86,TØ/86,14:27:00,14:28:00
4536,PE/86,TØ/86,HV/86,14:33:00,14:34:00
4536,TØ/86,HV/86,LJ/86,14:38:00,14:39:00
4536,HV/86,LJ/86,RO/86,14:43:00,14:44:00
4536,LJ/86,RO/86,TRK/86,14:50:00,14:52:00
4536,RO/86,TRK/86,HH/86,14:54:00,14:55:00
4536,TRK/86,HH/86,HTÅ/86,14:58:00,14:59:00
4536,HH/86,HTÅ/86,GL/86,15:03:00,15:04:00
4536,HTÅ/86,GL/86,VAL/86,15:09:00,15:09:00
4536,GL/86,VAL/86,KH/86,15:13:00,15:14:00
4536,VAL/86,KH/86,KN/86,15:19:00,15:22:00
4536,KH/86,KN/86,KK/86,15:24:00,15:25:00
4536,KN/86,KK/86,HGL/86,15:28:00,15:29:00
4536,KK/86,HGL/86,HL/86,15:31:00,15:31:00
4536,HGL/86,HL/86,KL/86,15:34:00,15:35:00
4536,HL/86,KL/86,SÅ/86,15:39:00,15:40:00
4536,KL/86,SÅ/86,VB/86,15:44:00,15:45:00
4536,SÅ/86,VB/86,RU/86,15:48:00,15:49:00
4536,VB/86,RU/86,OK/86,15:52:00,15:53:00
4536,RU/86,OK/86,NI/86,15:56:00,15:57:00
4536,OK/86,NI/86,HUM/86,16:00:00,16:01:00
4536,NI/86,HUM/86,GÆ/86,16:04:00,16:05:00
4536,HUM/86,GÆ/86,SQ/86,16:08:00,16:09:00
4536,GÆ/86,SQ/86,HG/86,16:12:00,16:13:00
4537,HG/86,SQ/86,GÆ/86,08:46:00,08:47:00
4537,SQ/86,GÆ/86,HUM/86,08:49:00,08:50:00
4537,GÆ/86,HUM/86,NI/86,08:53:00,08:54:00
4537,HUM/86,NI/86,OK/86,08:57:00,08:58:00
4537,NI/86,OK/86,RU/86,09:02:00,09:03:00
4537,OK/86,RU/86,VB/86,09:05:00,09:06:00
4537,RU/86,VB/86,SÅ/86,09:09:00,09:10:00
4537,VB/86,SÅ/86,KL/86,09:13:00,09:14:00
4537,SÅ/86,KL/86,HL/86,09:18:00,09:19:00
4537,KL/86,HL/86,HGL/86,09:24:00,09:25:00
4537,HL/86,HGL/86,KK/86,09:27:00,09:27:00
4537,HGL/86,KK/86,KN/86,09:30:00,09:32:00
4537,KK/86,KN/86,KH/86,09:34:00,09:35:00
4537,KN/86,KH/86,VAL/86,09:38:00,09:42:00
4537,KH/86,VAL/86,HIF/86,09:45:00,09:46:00
4537,VAL/86,HIF/86,HTÅ/86,09:49:00,09:49:00
4537,HIF/86,HTÅ/86,HH/86,09:55:00,09:56:00
4537,HTÅ/86,HH/86,TRK/86,10:00:00,10:01:00
4537,HH/86,TRK/86,RO/86,10:04:00,10:05:00
4537,TRK/86,RO/86,LJ/86,10:08:00,10:09:00
4537,RO/86,LJ/86,HV/86,10:15:00,10:16:00
4537,LJ/86,HV/86,TØ/86,10:21:00,10:22:00
4537,HV/86,TØ/86,PE/86,10:26:00,10:27:00
4537,TØ/86,PE/86,HK/86,10:31:00,10:32:00
4540,HK/86,PE/86,TØ/86,15:27:00,15:28:00
4540,PE/86,TØ/86,HV/86,15:33:00,15:34:00
4540,TØ/86,HV/86,LJ/86,15:38:00,15:39:00
4540,HV/86,LJ/86,RO/86,15:43:00,15:44:00
4540,LJ/86,RO/86,TRK/86,15:50:00,15:52:00
4540,RO/86,TRK/86,HH/86,15:54:00,15:55:00
4540,TRK/86,HH/86,HTÅ/86,15:58:00,15:59:00
4540,HH/86,HTÅ/86,GL/86,16:03:00,16:04:00
4540,HTÅ/86,GL/86,VAL/86,16:09:00,16:09:00
4540,GL/86,VAL/86,KH/86,16:13:00,16:14:00
4540,VAL/86,KH/86,KN/86,16:19:00,16:22:00
4540,KH/86,KN/86,KK/86,16:24:00,16:25:00
4540,KN/86,KK/86,HGL/86,16:28:00,16:29:00
4540,KK/86,HGL/86,HL/86,16:31:00,16:31:00
4540,HGL/86,HL/86,KL/86,16:34:00,16:35:00
4540,HL/86,KL/86,SÅ/86,16:39:00,16:40:00
4540,KL/86,SÅ/86,VB/86,16:44:00,16:45:00
4540,SÅ/86,VB/86,RU/86,16:48:00,16:49:00
4540,VB/86,RU/86,OK/86,16:52:00,16:53:00
4540,RU/86,OK/86,NI/86,16:56:00,16:57:00
4540,OK/86,NI/86,HUM/86,17:00:00,17:01:00
4540,NI/86,HUM/86,GÆ/86,17:04:00,17:05:00
4540,HUM/86,GÆ/86,SQ/86,17:08:00,17:09:00
4540,GÆ/86,SQ/86,HG/86,17:12:00,17:13:00
4541,HG/86,SQ/86,GÆ/86,09:46:00,09:47:00
4541,SQ/86,GÆ/86,HUM/86,09:49:00,09:50:00
4541,GÆ/86,HUM/86,NI/86,09:53:00,09:54:00
4541,HUM/86,NI/86,OK/86,09:57:00,09:58:00
4541,NI/86,OK/86,RU/86,10:02:00,10:03:00
4541,OK/86,RU/86,VB/86,10:05:00,10:06:00
4541,RU/86,VB/86,SÅ/86,10:09:00,10:10:00
4541,VB/86,SÅ/86,KL/86,10:13:00,10:14:00
4541,SÅ/86,KL/86,HL/86,10:18:00,10:19:00
4541,KL/86,HL/86,HGL/86,10:24:00,10:25:00
4541,HL/86,HGL/86,KK/86,10:27:00,10:27:00
4541,HGL/86,KK/86,KN/86,10:30:00,10:32:00
4541,KK/86,KN/86,KH/86,10:34:00,10:35:00
4541,KN/86,KH/86,VAL/86,10:38:00,10:42:00
4541,KH/86,VAL/86,HIF/86,10:45:00,10:46:00
4541,VAL/86,HIF/86,HTÅ/86,10:49:00,10:49:00
4541,HIF/86,HTÅ/86,HH/86,10:55:00,10:56:00
4541,HTÅ/86,HH/86,TRK/86,11:00:00,11:01:00
4541,HH/86,TRK/86,RO/86,11:04:00,11:05:00
4541,TRK/86,RO/86,LJ/86,11:08:00,11:09:00
4541,RO/86,LJ/86,HV/86,11:15:00,11:16:00
4541,LJ/86,HV/86,TØ/86,11:21:00,11:22:00
4541,HV/86,TØ/86,PE/86,11:26:00,11:27:00
4541,TØ/86,PE/86,HK/86,11:31:00,11:32:00
4544,HK/86,PE/86,TØ/86,16:27:00,16:28:00
4544,PE/86,TØ/86,HV/86,16:33:00,16:34:00
4544,TØ/86,HV/86,LJ/86,16:38:00,16:39:00
4544,HV/86,LJ/86,RO/86,16:43:00,16:44:00
4544,LJ/86,RO/86,TRK/86,16:50:00,16:52:00
4544,RO/86,TRK/86,HH/86,16:54:00,16:55:00
4544,TRK/86,HH/86,HTÅ/86,16:58:00,16:59:00
4544,HH/86,HTÅ/86,GL/86,17:03:00,17:04:00
4544,HTÅ/86,GL/86,VAL/86,17:09:00,17:09:00
4544,GL/86,VAL/86,KH/86,17:13:00,17:14:00
4544,VAL/86,KH/86,KN/86,17:19:00,17:22:00
4544,KH/86,KN/86,KK/86,17:24:00,17:25:00
4544,KN/86,KK/86,HGL/86,17:28:00,17:29:00
4544,KK/86,HGL/86,HL/86,17:31:00,17:31:00
4544,HGL/86,HL/86,KL/86,17:34:00,17:35:00
4544,HL/86,KL/86,SÅ/86,17:39:00,17:40:00
4544,KL/86,SÅ/86,VB/86,17:44:00,17:45:00
4544,SÅ/86,VB/86,RU/86,17:48:00,17:49:00
4544,VB/86,RU/86,OK/86,17:52:00,17:53:00
4544,RU/86,OK/86,NI/86,17:56:00,17:57:00
4544,OK/86,NI/86,HUM/86,18:00:00,18:01:00
4544,NI/86,HUM/86,GÆ/86,18:04:00,18:05:00
4544,HUM/86,GÆ/86,SQ/86,18:08:00,18:09:00
4544,GÆ/86,SQ/86,HG/86,18:12:00,18:13:00
4545,HG/86,SQ/86,GÆ/86,10:46:00,10:47:00
4545,SQ/86,GÆ/86,HUM/86,10:49:00,10:50:00
4545,GÆ/86,HUM/86,NI/86,10:53:00,10:54:00
4545,HUM/86,NI/86,OK/86,10:57:00,10:58:00
4545,NI/86,OK/86,RU/86,11:02:00,11:03:00
4545,OK/86,RU/86,VB/86,11:05:00,11:06:00
4545,RU/86,VB/86,SÅ/86,11:09:00,11:10:00
4545,VB/86,SÅ/86,KL/86,11:13:00,11:14:00
4545,SÅ/86,KL/86,HL/86,11:18:00,11:19:00
4545,KL/86,HL/86,HGL/86,11:24:00,11:25:00
4545,HL/86,HGL/86,KK/86,11:27:00,11:27:00
4545,HGL/86,KK/86,KN/86,11:30:00,11:32:00
4545,KK/86,KN/86,KH/86,11:34:00,11:35:00
4545,KN/86,KH/86,VAL/86,11:38:00,11:42:00
4545,KH/86,VAL/86,HIF/86,11:45:00,11:46:00
4545,VAL/86,HIF/86,HTÅ/86,11:49:00,11:49:00
4545,HIF/86,HTÅ/86,HH/86,11:55:00,11:56:00
4545,HTÅ/86,HH/86,TRK/86,12:00:00,12:01:00
4545,HH/86,TRK/86,RO/86,12:04:00,12:05:00
4545,TRK/86,RO/86,LJ/86,12:08:00,12:09:00
4545,RO/86,LJ/86,HV/86,12:15:00,12:16:00
4545,LJ/86,HV/86,TØ/86,12:21:00,12:22:00
4545,HV/86,TØ/86,PE/86,12:26:00,12:27:00
4545,TØ/86,PE/86,HK/86,12:31:00,12:32:00
4548,HK/86,PE/86,TØ/86,17:27:00,17:28:00
4548,PE/86,TØ/86,HV/86,17:33:00,17:34:00
4548,TØ/86,HV/86,LJ/86,17:38:00,17:39:00
4548,HV/86,LJ/86,RO/86,17:43:00,17:44:00
4548,LJ/86,RO/86,TRK/86,17:50:00,17:52:00
4548,RO/86,TRK/86,HH/86,17:54:00,17:55:00
4548,TRK/86,HH/86,HTÅ/86,17:58:00,17:59:00
4548,HH/86,HTÅ/86,GL/86,18:03:00,18:04:00
4548,HTÅ/86,GL/86,VAL/86,18:09:00,18:09:00
4548,GL/86,VAL/86,KH/86,18:13:00,18:14:00
4548,VAL/86,KH/86,KN/86,18:19:00,18:22:00
4548,KH/86,KN/86,KK/86,18:24:00,18:25:00
4548,KN/86,KK/86,HGL/86,18:28:00,18:29:00
4548,KK/86,HGL/86,HL/86,18:31:00,18:31:00
4548,HGL/86,HL/86,KL/86,18:34:00,18:35:00
4548,HL/86,KL/86,SÅ/86,18:39:00,18:40:00
4548,KL/86,SÅ/86,VB/86,18:44:00,18:45:00
4548,SÅ/86,VB/86,RU/86,18:48:00,18:49:00
4548,VB/86,RU/86,OK/86,18:52:00,18:53:00
4548,RU/86,OK/86,NI/86,18:56:00,18:57:00
4548,OK/86,NI/86,HUM/86,19:00:00,19:01:00
4548,NI/86,HUM/86,GÆ/86,19:04:00,19:05:00
4548,HUM/86,GÆ/86,SQ/86,19:08:00,19:09:00
4548,GÆ/86,SQ/86,HG/86,19:12:00,19:13:00
4549,HG/86,SQ/86,GÆ/86,11:46:00,11:47:00
4549,SQ/86,GÆ/86,HUM/86,11:49:00,11:50:00
4549,GÆ/86,HUM/86,NI/86,11:53:00,11:54:00
4549,HUM/86,NI/86,OK/86,11:57:00,11:58:00
4549,NI/86,OK/86,RU/86,12:02:00,12:03:00
4549,OK/86,RU/86,VB/86,12:05:00,12:06:00
4549,RU/86,VB/86,SÅ/86,12:09:00,12:10:00
4549,VB/86,SÅ/86,KL/86,12:13:00,12:14:00
4549,SÅ/86,KL/86,HL/86,12:18:00,12:19:00
4549,KL/86,HL/86,HGL/86,12:24:00,12:25:00
4549,HL/86,HGL/86,KK/86,12:27:00,12:27:00
4549,HGL/86,KK/86,KN/86,12:30:00,12:32:00
4549,KK/86,KN/86,KH/86,12:34:00,12:35:00
4549,KN/86,KH/86,VAL/86,12:38:00,12:42:00
4549,KH/86,VAL/86,HIF/86,12:45:00,12:46:00
4549,VAL/86,HIF/86,HTÅ/86,12:49:00,12:49:00
4549,HIF/86,HTÅ/86,HH/86,12:55:00,12:56:00
4549,HTÅ/86,HH/86,TRK/86,13:00:00,13:01:00
4549,HH/86,TRK/86,RO/86,13:04:00,13:05:00
4549,TRK/86,RO/86,LJ/86,13:08:00,13:09:00
4549,RO/86,LJ/86,HV/86,13:15:00,13:16:00
4549,LJ/86,HV/86,TØ/86,13:21:00,13:22:00
4549,HV/86,TØ/86,PE/86,13:26:00,13:27:00
4549,TØ/86,PE/86,HK/86,13:31:00,13:32:00
4552,HK/86,PE/86,TØ/86,18:27:00,18:28:00
4552,PE/86,TØ/86,HV/86,18:33:00,18:34:00
4552,TØ/86,HV/86,LJ/86,18:38:00,18:39:00
4552,HV/86,LJ/86,RO/86,18:43:00,18:44:00
4552,LJ/86,RO/86,TRK/86,18:50:00,18:52:00
4552,RO/86,TRK/86,HH/86,18:54:00,18:55:00
4552,TRK/86,HH/86,HTÅ/86,18:58:00,18:59:00
4552,HH/86,HTÅ/86,GL/86,19:03:00,19:04:00
4552,HTÅ/86,GL/86,VAL/86,19:09:00,19:09:00
4552,GL/86,VAL/86,KH/86,19:13:00,19:14:00
4552,VAL/86,KH/86,KN/86,19:19:00,19:22:00
4552,KH/86,KN/86,KK/86,19:24:00,19:25:00
4552,KN/86,KK/86,HGL/86,19:28:00,19:29:00
4552,KK/86,HGL/86,HL/86,19:31:00,19:31:00
4552,HGL/86,HL/86,KL/86,19:34:00,19:35:00
4552,HL/86,KL/86,SÅ/86,19:39:00,19:40:00
4552,KL/86,SÅ/86,VB/86,19:44:00,19:45:00
4552,SÅ/86,VB/86,RU/86,19:48:00,19:49:00
4552,VB/86,RU/86,OK/86,19:52:00,19:53:00
4552,RU/86,OK/86,NI/86,19:56:00,19:57:00
4552,OK/86,NI/86,HUM/86,20:00:00,20:01:00
4552,NI/86,HUM/86,GÆ/86,20:04:00,20:05:00
4552,HUM/86,GÆ/86,SQ/86,20:08:00,20:09:00
4552,GÆ/86,SQ/86,HG/86,20:12:00,20:13:00
4553,HG/86,SQ/86,GÆ/86,12:46:00,12:47:00
4553,SQ/86,GÆ/86,HUM/86,12:49:00,12:50:00
4553,GÆ/86,HUM/86,NI/86,12:53:00,12:54:00
4553,HUM/86,NI/86,OK/86,12:57:00,12:58:00
4553,NI/86,OK/86,RU/86,13:02:00,13:03:00
4553,OK/86,RU/86,VB/86,13:05:00,13:06:00
4553,RU/86,VB/86,SÅ/86,13:09:00,13:10:00
4553,VB/86,SÅ/86,KL/86,13:13:00,13:14:00
4553,SÅ/86,KL/86,HL/86,13:18:00,13:19:00
4553,KL/86,HL/86,HGL/86,13:24:00,13:25:00
4553,HL/86,HGL/86,KK/86,13:27:00,13:27:00
4553,HGL/86,KK/86,KN/86,13:30:00,13:32:00
4553,KK/86,KN/86,KH/86,13:34:00,13:35:00
4553,KN/86,KH/86,VAL/86,13:38:00,13:42:00
4553,KH/86,VAL/86,HIF/86,13:45:00,13:46:00
4553,VAL/86,HIF/86,HTÅ/86,13:49:00,13:49:00
4553,HIF/86,HTÅ/86,HH/86,13:55:00,13:56:00
4553,HTÅ/86,HH/86,TRK/86,14:00:00,14:01:00
4553,HH/86,TRK/86,RO/86,14:04:00,14:05:00
4553,TRK/86,RO/86,LJ/86,14:08:00,14:09:00
4553,RO/86,LJ/86,HV/86,14:15:00,14:16:00
4553,LJ/86,HV/86,TØ/86,14:21:00,14:22:00
4553,HV/86,TØ/86,PE/86,14:26:00,14:27:00
4553,TØ/86,PE/86,HK/86,14:31:00,14:32:00
4556,HK/86,PE/86,TØ/86,19:27:00,19:28:00
4556,PE/86,TØ/86,HV/86,19:33:00,19:34:00
4556,TØ/86,HV/86,LJ/86,19:38:00,19:39:00
4556,HV/86,LJ/86,RO/86,19:43:00,19:44:00
4556,LJ/86,RO/86,TRK/86,19:50:00,19:52:00
4556,RO/86,TRK/86,HH/86,19:54:00,19:55:00
4556,TRK/86,HH/86,HTÅ/86,19:58:00,19:59:00
4556,HH/86,HTÅ/86,GL/86,20:03:00,20:04:00
4556,HTÅ/86,GL/86,VAL/86,20:09:00,20:09:00
4556,GL/86,VAL/86,KH/86,20:13:00,20:14:00
4556,VAL/86,KH/86,KN/86,20:19:00,20:22:00
4556,KH/86,KN/86,KK/86,20:24:00,20:25:00
4556,KN/86,KK/86,HGL/86,20:28:00,20:29:00
4556,KK/86,HGL/86,HL/86,20:31:00,20:31:00
4556,HGL/86,HL/86,KL/86,20:34:00,20:35:00
4556,HL/86,KL/86,SÅ/86,20:39:00,20:40:00
4556,KL/86,SÅ/86,VB/86,20:44:00,20:45:00
4556,SÅ/86,VB/86,RU/86,20:48:00,20:49:00
4556,VB/86,RU/86,OK/86,20:52:00,20:53:00
4556,RU/86,OK/86,NI/86,20:56:00,20:57:00
4556,OK/86,NI/86,HUM/86,21:00:00,21:01:00
4556,NI/86,HUM/86,GÆ/86,21:04:00,21:05:00
4556,HUM/86,GÆ/86,SQ/86,21:08:00,21:09:00
4556,GÆ/86,SQ/86,HG/86,21:12:00,21:13:00
4557,HG/86,SQ/86,GÆ/86,13:46:00,13:47:00
4557,SQ/86,GÆ/86,HUM/86,13:49:00,13:50:00
4557,GÆ/86,HUM/86,NI/86,13:53:00,13:54:00
4557,HUM/86,NI/86,OK/86,13:57:00,13:58:00
4557,NI/86,OK/86,RU/86,14:02:00,14:03:00
4557,OK/86,RU/86,VB/86,14:05:00,14:06:00
4557,RU/86,VB/86,SÅ/86,14:09:00,14:10:00
4557,VB/86,SÅ/86,KL/86,14:13:00,14:14:00
4557,SÅ/86,KL/86,HL/86,14:18:00,14:19:00
4557,KL/86,HL/86,HGL/86,14:24:00,14:25:00
4557,HL/86,HGL/86,KK/86,14:27:00,14:27:00
4557,HGL/86,KK/86,KN/86,14:30:00,14:32:00
4557,KK/86,KN/86,KH/86,14:34:00,14:35:00
4557,KN/86,KH/86,VAL/86,14:38:00,14:42:00
4557,KH/86,VAL/86,HIF/86,14:45:00,14:46:00
4557,VAL/86,HIF/86,HTÅ/86,14:49:00,14:49:00
4557,HIF/86,HTÅ/86,HH/86,14:55:00,14:56:00
4557,HTÅ/86,HH/86,TRK/86,15:00:00,15:01:00
4557,HH/86,TRK/86,RO/86,15:04:00,15:05:00
4557,TRK/86,RO/86,LJ/86,15:08:00,15:09:00
4557,RO/86,LJ/86,HV/86,15:15:00,15:16:00
4557,LJ/86,HV/86,TØ/86,15:21:00,15:22:00
4557,HV/86,TØ/86,PE/86,15:26:00,15:27:00
4557,TØ/86,PE/86,HK/86,15:31:00,15:32:00
456,AR/86,KGV/86,SD/86,16:52:00,16:52:00
456,KGV/86,SD/86,HÅ/86,17:02:00,17:03:00
456,SD/86,HÅ/86,HS/86,17:10:00,17:10:00
456,HÅ/86,HS/86,HED/86,17:17:00,17:19:00
456,HS/86,HED/86,VJ/86,17:26:00,17:26:00
456,HED/86,VJ/86,BET/86,17:33:00,17:35:00
456,VJ/86,BET/86,FA/86,17:41:00,17:41:00
4560,HK/86,PE/86,TØ/86,20:27:00,20:28:00
4560,PE/86,TØ/86,HV/86,20:33:00,20:34:00
4560,TØ/86,HV/86,LJ/86,20:38:00,20:39:00
4560,HV/86,LJ/86,RO/86,20:43:00,20:44:00
4560,LJ/86,RO/86,TRK/86,20:50:00,20:52:00
4560,RO/86,TRK/86,HH/86,20:54:00,20:55:00
4560,TRK/86,HH/86,HTÅ/86,20:58:00,20:59:00
4560,HH/86,HTÅ/86,GL/86,21:03:00,21:04:00
4560,HTÅ/86,GL/86,VAL/86,21:09:00,21:09:00
4560,GL/86,VAL/86,KH/86,21:13:00,21:14:00
4560,VAL/86,KH/86,KN/86,21:19:00,21:22:00
4560,KH/86,KN/86,KK/86,21:24:00,21:25:00
4560,KN/86,KK/86,HGL/86,21:28:00,21:29:00
4560,KK/86,HGL/86,HL/86,21:31:00,21:31:00
4560,HGL/86,HL/86,KL/86,21:34:00,21:35:00
4560,HL/86,KL/86,SÅ/86,21:39:00,21:40:00
4560,KL/86,SÅ/86,VB/86,21:44:00,21:45:00
4560,SÅ/86,VB/86,RU/86,21:48:00,21:49:00
4560,VB/86,RU/86,OK/86,21:52:00,21:53:00
4560,RU/86,OK/86,NI/86,21:56:00,21:57:00
4560,OK/86,NI/86,HUM/86,22:00:00,22:01:00
4560,NI/86,HUM/86,GÆ/86,22:04:00,22:05:00
4560,HUM/86,GÆ/86,SQ/86,22:08:00,22:09:00
4560,GÆ/86,SQ/86,HG/86,22:12:00,22:13:00
4561,HG/86,SQ/86,GÆ/86,14:46:00,14:47:00
4561,SQ/86,GÆ/86,HUM/86,14:49:00,14:50:00
4561,GÆ/86,HUM/86,NI/86,14:53:00,14:54:00
4561,HUM/86,NI/86,OK/86,14:57:00,14:58:00
4561,NI/86,OK/86,RU/86,15:02:00,15:03:00
4561,OK/86,RU/86,VB/86,15:05:00,15:06:00
4561,RU/86,VB/86,SÅ/86,15:09:00,15:10:00
4561,VB/86,SÅ/86,KL/86,15:13:00,15:14:00
4561,SÅ/86,KL/86,HL/86,15:18:00,15:19:00
4561,KL/86,HL/86,HGL/86,15:24:00,15:25:00
4561,HL/86,HGL/86,KK/86,15:27:00,15:27:00
4561,HGL/86,KK/86,KN/86,15:30:00,15:32:00
4561,KK/86,KN/86,KH/86,15:34:00,15:35:00
4561,KN/86,KH/86,VAL/86,15:38:00,15:42:00
4561,KH/86,VAL/86,HIF/86,15:45:00,15:46:00
4561,VAL/86,HIF/86,HTÅ/86,15:49:00,15:49:00
4561,HIF/86,HTÅ/86,HH/86,15:55:00,15:56:00
4561,HTÅ/86,HH/86,TRK/86,16:00:00,16:01:00
4561,HH/86,TRK/86,RO/86,16:04:00,16:05:00
4561,TRK/86,RO/86,LJ/86,16:08:00,16:09:00
4561,RO/86,LJ/86,HV/86,16:15:00,16:16:00
4561,LJ/86,HV/86,TØ/86,16:21:00,16:22:00
4561,HV/86,TØ/86,PE/86,16:26:00,16:27:00
4561,TØ/86,PE/86,HK/86,16:31:00,16:32:00
4565,HG/86,SQ/86,GÆ/86,15:46:00,15:47:00
4565,SQ/86,GÆ/86,HUM/86,15:49:00,15:50:00
4565,GÆ/86,HUM/86,NI/86,15:53:00,15:54:00
4565,HUM/86,NI/86,OK/86,15:57:00,15:58:00
4565,NI/86,OK/86,RU/86,16:02:00,16:03:00
4565,OK/86,RU/86,VB/86,16:05:00,16:06:00
4565,RU/86,VB/86,SÅ/86,16:09:00,16:10:00
4565,VB/86,SÅ/86,KL/86,16:13:00,16:14:00
4565,SÅ/86,KL/86,HL/86,16:18:00,16:19:00
4565,KL/86,HL/86,HGL/86,16:24:00,16:25:00
4565,HL/86,HGL/86,KK/86,16:27:00,16:27:00
4565,HGL/86,KK/86,KN/86,16:30:00,16:32:00
4565,KK/86,KN/86,KH/86,16:34:00,16:35:00
4565,KN/86,KH/86,VAL/86,16:38:00,16:42:00
4565,KH/86,VAL/86,HIF/86,16:45:00,16:46:00
4565,VAL/86,HIF/86,HTÅ/86,16:49:00,16:49:00
4565,HIF/86,HTÅ/86,HH/86,16:55:00,16:56:00
4565,HTÅ/86,HH/86,TRK/86,17:00:00,17:01:00
4565,HH/86,TRK/86,RO/86,17:04:00,17:05:00
4565,TRK/86,RO/86,LJ/86,17:08:00,17:09:00
4565,RO/86,LJ/86,HV/86,17:15:00,17:16:00
4565,LJ/86,HV/86,TØ/86,17:21:00,17:22:00
4565,HV/86,TØ/86,PE/86,17:26:00,17:27:00
4565,TØ/86,PE/86,HK/86,17:31:00,17:32:00
4569,HG/86,SQ/86,GÆ/86,16:46:00,16:47:00
4569,SQ/86,GÆ/86,HUM/86,16:49:00,16:50:00
4569,GÆ/86,HUM/86,NI/86,16:53:00,16:54:00
4569,HUM/86,NI/86,OK/86,16:57:00,16:58:00
4569,NI/86,OK/86,RU/86,17:02:00,17:03:00
4569,OK/86,RU/86,VB/86,17:05:00,17:06:00
4569,RU/86,VB/86,SÅ/86,17:09:00,17:10:00
4569,VB/86,SÅ/86,KL/86,17:13:00,17:14:00
4569,SÅ/86,KL/86,HL/86,17:18:00,17:19:00
4569,KL/86,HL/86,HGL/86,17:24:00,17:25:00
4569,HL/86,HGL/86,KK/86,17:27:00,17:27:00
4569,HGL/86,KK/86,KN/86,17:30:00,17:32:00
4569,KK/86,KN/86,KH/86,17:34:00,17:35:00
4569,KN/86,KH/86,VAL/86,17:38:00,17:42:00
4569,KH/86,VAL/86,HIF/86,17:45:00,17:46:00
4569,VAL/86,HIF/86,HTÅ/86,17:49:00,17:49:00
4569,HIF/86,HTÅ/86,HH/86,17:55:00,17:56:00
4569,HTÅ/86,HH/86,TRK/86,18:00:00,18:01:00
4569,HH/86,TRK/86,RO/86,18:04:00,18:05:00
4569,TRK/86,RO/86,LJ/86,18:08:00,18:09:00
4569,RO/86,LJ/86,HV/86,18:15:00,18:16:00
4569,LJ/86,HV/86,TØ/86,18:21:00,18:22:00
4569,HV/86,TØ/86,PE/86,18:26:00,18:27:00
4569,TØ/86,PE/86,HK/86,18:31:00,18:32:00
4573,HG/86,SQ/86,GÆ/86,17:46:00,17:47:00
4573,SQ/86,GÆ/86,HUM/86,17:49:00,17:50:00
4573,GÆ/86,HUM/86,NI/86,17:53:00,17:54:00
4573,HUM/86,NI/86,OK/86,17:57:00,17:58:00
4573,NI/86,OK/86,RU/86,18:02:00,18:03:00
4573,OK/86,RU/86,VB/86,18:05:00,18:06:00
4573,RU/86,VB/86,SÅ/86,18:09:00,18:10:00
4573,VB/86,SÅ/86,KL/86,18:13:00,18:14:00
4573,SÅ/86,KL/86,HL/86,18:18:00,18:19:00
4573,KL/86,HL/86,HGL/86,18:24:00,18:25:00
4573,HL/86,HGL/86,KK/86,18:27:00,18:27:00
4573,HGL/86,KK/86,KN/86,18:30:00,18:32:00
4573,KK/86,KN/86,KH/86,18:34:00,18:35:00
4573,KN/86,KH/86,VAL/86,18:38:00,18:42:00
4573,KH/86,VAL/86,HIF/86,18:45:00,18:46:00
4573,VAL/86,HIF/86,HTÅ/86,18:49:00,18:49:00
4573,HIF/86,HTÅ/86,HH/86,18:55:00,18:56:00
4573,HTÅ/86,HH/86,TRK/86,19:00:00,19:01:00
4573,HH/86,TRK/86,RO/86,19:04:00,19:05:00
4573,TRK/86,RO/86,LJ/86,19:08:00,19:09:00
4573,RO/86,LJ/86,HV/86,19:15:00,19:16:00
4573,LJ/86,HV/86,TØ/86,19:21:00,19:22:00
4573,HV/86,TØ/86,PE/86,19:26:00,19:27:00
4573,TØ/86,PE/86,HK/86,19:31:00,19:32:00
4577,HG/86,SQ/86,GÆ/86,18:46:00,18:47:00
4577,SQ/86,GÆ/86,HUM/86,18:49:00,18:50:00
4577,GÆ/86,HUM/86,NI/86,18:53:00,18:54:00
4577,HUM/86,NI/86,OK/86,18:57:00,18:58:00
4577,NI/86,OK/86,RU/86,19:02:00,19:03:00
4577,OK/86,RU/86,VB/86,19:05:00,19:06:00
4577,RU/86,VB/86,SÅ/86,19:09:00,19:10:00
4577,VB/86,SÅ/86,KL/86,19:13:00,19:14:00
4577,SÅ/86,KL/86,HL/86,19:18:00,19:19:00
4577,KL/86,HL/86,HGL/86,19:24:00,19:25:00
4577,HL/86,HGL/86,KK/86,19:27:00,19:27:00
4577,HGL/86,KK/86,KN/86,19:30:00,19:32:00
4577,KK/86,KN/86,KH/86,19:34:00,19:35:00
4577,KN/86,KH/86,VAL/86,19:38:00,19:42:00
4577,KH/86,VAL/86,HIF/86,19:45:00,19:46:00
4577,VAL/86,HIF/86,HTÅ/86,19:49:00,19:49:00
4577,HIF/86,HTÅ/86,HH/86,19:55:00,19:56:00
4577,HTÅ/86,HH/86,TRK/86,20:00:00,20:01:00
4577,HH/86,TRK/86,RO/86,20:04:00,20:05:00
4577,TRK/86,RO/86,LJ/86,20:08:00,20:09:00
4577,RO/86,LJ/86,HV/86,20:15:00,20:16:00
4577,LJ/86,HV/86,TØ/86,20:21:00,20:22:00
4577,HV/86,TØ/86,PE/86,20:26:00,20:27:00
4577,TØ/86,PE/86,HK/86,20:31:00,20:32:00
4581,HG/86,SQ/86,GÆ/86,19:46:00,19:47:00
4581,SQ/86,GÆ/86,HUM/86,19:49:00,19:50:00
4581,GÆ/86,HUM/86,NI/86,19:53:00,19:54:00
4581,HUM/86,NI/86,OK/86,19:57:00,19:58:00
4581,NI/86,OK/86,RU/86,20:02:00,20:03:00
4581,OK/86,RU/86,VB/86,20:05:00,20:06:00
4581,RU/86,VB/86,SÅ/86,20:09:00,20:10:00
4581,VB/86,SÅ/86,KL/86,20:13:00,20:14:00
4581,SÅ/86,KL/86,HL/86,20:18:00,20:19:00
4581,KL/86,HL/86,HGL/86,20:24:00,20:25:00
4581,HL/86,HGL/86,KK/86,20:27:00,20:27:00
4581,HGL/86,KK/86,KN/86,20:30:00,20:32:00
4581,KK/86,KN/86,KH/86,20:34:00,20:35:00
4581,KN/86,KH/86,VAL/86,20:38:00,20:42:00
4581,KH/86,VAL/86,HIF/86,20:45:00,20:46:00
4581,VAL/86,HIF/86,HTÅ/86,20:49:00,20:49:00
4581,HIF/86,HTÅ/86,HH/86,20:55:00,20:56:00
4581,HTÅ/86,HH/86,TRK/86,21:00:00,21:01:00
4581,HH/86,TRK/86,RO/86,21:04:00,21:05:00
4581,TRK/86,RO/86,LJ/86,21:08:00,21:09:00
4581,RO/86,LJ/86,HV/86,21:15:00,21:16:00
4581,LJ/86,HV/86,TØ/86,21:21:00,21:22:00
4581,HV/86,TØ/86,PE/86,21:26:00,21:27:00
4581,TØ/86,PE/86,HK/86,21:31:00,21:32:00
4585,HG/86,SQ/86,GÆ/86,20:46:00,20:47:00
4585,SQ/86,GÆ/86,HUM/86,20:49:00,20:50:00
4585,GÆ/86,HUM/86,NI/86,20:53:00,20:54:00
4585,HUM/86,NI/86,OK/86,20:57:00,20:58:00
4585,NI/86,OK/86,RU/86,21:02:00,21:03:00
4585,OK/86,RU/86,VB/86,21:05:00,21:06:00
4585,RU/86,VB/86,SÅ/86,21:09:00,21:10:00
4585,VB/86,SÅ/86,KL/86,21:13:00,21:14:00
4585,SÅ/86,KL/86,HL/86,21:18:00,21:19:00
4585,KL/86,HL/86,HGL/86,21:24:00,21:25:00
4585,HL/86,HGL/86,KK/86,21:27:00,21:27:00
4585,HGL/86,KK/86,KN/86,21:30:00,21:32:00
4585,KK/86,KN/86,KH/86,21:34:00,21:35:00
4589,HG/86,SQ/86,GÆ/86,21:46:00,21:47:00
4589,SQ/86,GÆ/86,HUM/86,21:49:00,21:50:00
4589,GÆ/86,HUM/86,NI/86,21:53:00,21:54:00
4589,HUM/86,NI/86,OK/86,21:57:00,21:58:00
4589,NI/86,OK/86,RU/86,22:02:00,22:03:00
4589,OK/86,RU/86,VB/86,22:05:00,22:06:00
4589,RU/86,VB/86,SÅ/86,22:09:00,22:10:00
4589,VB/86,SÅ/86,KL/86,22:13:00,22:14:00
4589,SÅ/86,KL/86,HL/86,22:18:00,22:19:00
4589,KL/86,HL/86,HGL/86,22:24:00,22:25:00
4589,HL/86,HGL/86,KK/86,22:27:00,22:27:00
4589,HGL/86,KK/86,KN/86,22:30:00,22:32:00
4589,KK/86,KN/86,KH/86,22:34:00,22:35:00
46,AR/86,KGV/86,SD/86,14:23:00,14:23:00
46,KGV/86,SD/86,HÅ/86,14:32:00,14:34:00
46,SD/86,HÅ/86,HS/86,14:41:00,14:41:00
46,HÅ/86,HS/86,HED/86,14:47:00,14:49:00
46,HS/86,HED/86,VJ/86,14:57:00,14:57:00
46,HED/86,VJ/86,BET/86,15:04:00,15:06:00
46,VJ/86,BET/86,FA/86,15:11:00,15:11:00
46,BET/86,FA/86,SNO/86,15:21:00,15:27:00
46,FA/86,SNO/86,OD/86,15:29:00,15:29:00
46,SNO/86,OD/86,MV/86,15:54:00,15:57:00
46,OD/86,MV/86,KH/86,16:02:00,16:02:00
46,MV/86,KH/86,BAN/86,17:06:00,17:18:00
46,KH/86,BAN/86,CPH/86,17:21:00,17:21:00
460,AR/86,KGV/86,SD/86,17:52:00,17:52:00
460,KGV/86,SD/86,HÅ/86,18:02:00,18:03:00
460,SD/86,HÅ/86,HS/86,18:10:00,18:10:00
460,HÅ/86,HS/86,HED/86,18:17:00,18:19:00
460,HS/86,HED/86,VJ/86,18:26:00,18:26:00
460,HED/86,VJ/86,BET/86,18:33:00,18:35:00
460,VJ/86,BET/86,FA/86,18:41:00,18:41:00
461,FA/86,BK/86,VJ/86,18:15:00,18:15:00
461,BK/86,VJ/86,HED/86,18:22:00,18:24:00
461,VJ/86,HED/86,HS/86,18:31:00,18:31:00
461,HED/86,HS/86,HÅ/86,18:38:00,18:40:00
461,HS/86,HÅ/86,SD/86,18:47:00,18:47:00
461,HÅ/86,SD/86,HX/86,18:54:00,18:55:00
461,SD/86,HX/86,AR/86,19:00:00,19:00:00
464,AR/86,KGV/86,SD/86,18:52:00,18:52:00
464,KGV/86,SD/86,HÅ/86,19:02:00,19:03:00
464,SD/86,HÅ/86,HS/86,19:10:00,19:10:00
464,HÅ/86,HS/86,HED/86,19:17:00,19:19:00
464,HS/86,HED/86,VJ/86,19:26:00,19:26:00
464,HED/86,VJ/86,BET/86,19:33:00,19:35:00
464,VJ/86,BET/86,FA/86,19:41:00,19:41:00
465,FA/86,BK/86,VJ/86,19:15:00,19:15:00
465,BK/86,VJ/86,HED/86,19:22:00,19:24:00
465,VJ/86,HED/86,HS/86,19:31:00,19:31:00
465,HED/86,HS/86,HÅ/86,19:38:00,19:40:00
465,HS/86,HÅ/86,SD/86,19:47:00,19:47:00
465,HÅ/86,SD/86,HX/86,19:54:00,19:55:00
465,SD/86,HX/86,AR/86,20:00:00,20:00:00
468,AR/86,KGV/86,SD/86,19:52:00,19:52:00
468,KGV/86,SD/86,HÅ/86,20:02:00,20:03:00
468,SD/86,HÅ/86,HS/86,20:10:00,20:10:00
468,HÅ/86,HS/86,HED/86,20:17:00,20:19:00
468,HS/86,HED/86,VJ/86,20:26:00,20:26:00
468,HED/86,VJ/86,BET/86,20:33:00,20:35:00
468,VJ/86,BET/86,FA/86,20:41:00,20:41:00
469,FA/86,BK/86,VJ/86,20:15:00,20:15:00
469,BK/86,VJ/86,HED/86,20:22:00,20:24:00
469,VJ/86,HED/86,HS/86,20:31:00,20:31:00
469,HED/86,HS/86,HÅ/86,20:38:00,20:40:00
469,HS/86,HÅ/86,SD/86,20:47:00,20:47:00
469,HÅ/86,SD/86,HX/86,20:54:00,20:55:00
469,SD/86,HX/86,AR/86,21:00:00,21:00:00
47,CPH/86,TÅT/86,KH/86,12:29:00,12:29:00
47,TÅT/86,KH/86,GB/86,12:40:00,12:52:00
47,KH/86,GB/86,OD/86,12:55:00,12:55:00
47,GB/86,OD/86,HP/86,14:03:00,14:06:00
47,OD/86,HP/86,FA/86,14:10:00,14:10:00
47,HP/86,FA/86,BK/86,14:34:00,14:38:00
47,FA/86,BK/86,VJ/86,14:44:00,14:44:00
47,BK/86,VJ/86,HED/86,14:51:00,14:53:00
47,VJ/86,HED/86,HS/86,15:01:00,15:01:00
47,HED/86,HS/86,HÅ/86,15:08:00,15:10:00
47,HS/86,HÅ/86,SD/86,15:17:00,15:17:00
47,HÅ/86,SD/86,HX/86,15:24:00,15:25:00
47,SD/86,HX/86,AR/86,15:30:00,15:30:00
4708,FA/86,SNO/86,MD/86,05:37:00,05:37:00
4708,SNO/86,MD/86,KA/86,05:40:00,05:41:00
4708,MD/86,KA/86,NA/86,05:45:00,05:45:00
4708,KA/86,NA/86,EB/86,05:47:00,05:48:00
4708,NA/86,EB/86,GD/86,05:51:00,05:52:00
4708,EB/86,GD/86,AP/86,05:56:00,05:57:00
4708,GD/86,AP/86,BD/86,06:01:00,06:02:00
4708,AP/86,BD/86,TP/86,06:04:00,06:04:00
4708,BD/86,TP/86,HP/86,06:07:00,06:08:00
4708,TP/86,HP/86,OD/86,06:11:00,06:11:00
471,FA/86,BK/86,VJ/86,21:15:00,21:15:00
471,BK/86,VJ/86,HED/86,21:22:00,21:24:00
471,VJ/86,HED/86,HS/86,21:31:00,21:31:00
471,HED/86,HS/86,HÅ/86,21:38:00,21:40:00
471,HS/86,HÅ/86,SD/86,21:47:00,21:47:00
471,HÅ/86,SD/86,HX/86,21:54:00,21:55:00
471,SD/86,HX/86,AR/86,22:00:00,22:00:00
4713,OD/86,HP/86,TP/86,05:45:00,05:45:00
4713,HP/86,TP/86,SC/86,05:49:00,05:50:00
4713,TP/86,SC/86,AP/86,05:52:00,05:52:00
4713,SC/86,AP/86,GD/86,05:55:00,05:56:00
4713,AP/86,GD/86,EB/86,06:01:00,06:02:00
4713,GD/86,EB/86,NA/86,06:05:00,06:06:00
4713,EB/86,NA/86,KA/86,06:10:00,06:11:00
4713,NA/86,KA/86,MD/86,06:14:00,06:14:00
4713,KA/86,MD/86,SNO/86,06:18:00,06:19:00
4713,MD/86,SNO/86,FA/86,06:22:00,06:22:00
4714,FA/86,SNO/86,MD/86,07:04:00,07:04:00
4714,SNO/86,MD/86,KA/86,07:08:00,07:09:00
4714,MD/86,KA/86,NA/86,07:12:00,07:12:00
4714,KA/86,NA/86,EB/86,07:14:00,07:15:00
4714,NA/86,EB/86,GD/86,07:19:00,07:20:00
4714,EB/86,GD/86,AP/86,07:23:00,07:24:00
4714,GD/86,AP/86,BD/86,07:28:00,07:29:00
4714,AP/86,BD/86,SC/86,07:31:00,07:32:00
4714,BD/86,SC/86,TP/86,07:33:00,07:33:00
4714,SC/86,TP/86,HP/86,07:36:00,07:37:00
4714,TP/86,HP/86,OD/86,07:41:00,07:41:00
4716,FA/86,SNO/86,MD/86,07:33:00,07:33:00
4716,SNO/86,MD/86,KA/86,07:37:00,07:38:00
4716,MD/86,KA/86,NA/86,07:41:00,07:41:00
4716,KA/86,NA/86,EB/86,07:44:00,07:45:00
4716,NA/86,EB/86,GD/86,07:49:00,07:50:00
4716,EB/86,GD/86,AP/86,07:54:00,07:55:00
4716,GD/86,AP/86,BD/86,07:59:00,08:00:00
4716,AP/86,BD/86,TP/86,08:02:00,08:02:00
4716,BD/86,TP/86,HP/86,08:06:00,08:07:00
4716,TP/86,HP/86,OD/86,08:11:00,08:11:00
4719,OD/86,HP/86,TP/86,07:17:00,07:17:00
4719,HP/86,TP/86,SC/86,07:21:00,07:22:00
4719,TP/86,SC/86,AP/86,07:24:00,07:24:00
4719,SC/86,AP/86,GD/86,07:27:00,07:28:00
4719,AP/86,GD/86,EB/86,07:32:00,07:33:00
4719,GD/86,EB/86,NA/86,07:37:00,07:38:00
4719,EB/86,NA/86,KA/86,07:42:00,07:43:00
4719,NA/86,KA/86,MD/86,07:45:00,07:45:00
4719,KA/86,MD/86,SNO/86,07:49:00,07:50:00
4719,MD/86,SNO/86,FA/86,07:54:00,07:54:00
4721,OD/86,HP/86,TP/86,07:45:00,07:45:00
4721,HP/86,TP/86,SC/86,07:49:00,07:50:00
4721,TP/86,SC/86,AP/86,07:52:00,07:52:00
4721,SC/86,AP/86,GD/86,07:55:00,07:56:00
4721,AP/86,GD/86,EB/86,08:01:00,08:02:00
4721,GD/86,EB/86,NA/86,08:05:00,08:06:00
4721,EB/86,NA/86,KA/86,08:10:00,08:11:00
4721,NA/86,KA/86,MD/86,08:14:00,08:14:00
4721,KA/86,MD/86,SNO/86,08:18:00,08:19:00
4721,MD/86,SNO/86,FA/86,08:22:00,08:22:00
4724,FA/86,SNO/86,MD/86,09:33:00,09:33:00
4724,SNO/86,MD/86,KA/86,09:37:00,09:38:00
4724,MD/86,KA/86,NA/86,09:41:00,09:41:00
4724,KA/86,NA/86,EB/86,09:44:00,09:45:00
4724,NA/86,EB/86,GD/86,09:49:00,09:50:00
4724,EB/86,GD/86,AP/86,09:54:00,09:55:00
4724,GD/86,AP/86,BD/86,09:59:00,10:00:00
4724,AP/86,BD/86,TP/86,10:02:00,10:02:00
4724,BD/86,TP/86,HP/86,10:06:00,10:07:00
4724,TP/86,HP/86,OD/86,10:11:00,10:11:00
4729,OD/86,HP/86,TP/86,09:45:00,09:45:00
4729,HP/86,TP/86,SC/86,09:49:00,09:50:00
4729,TP/86,SC/86,AP/86,09:52:00,09:52:00
4729,SC/86,AP/86,GD/86,09:55:00,09:56:00
4729,AP/86,GD/86,EB/86,10:01:00,10:02:00
4729,GD/86,EB/86,NA/86,10:05:00,10:06:00
4729,EB/86,NA/86,KA/86,10:10:00,10:11:00
4729,NA/86,KA/86,MD/86,10:14:00,10:14:00
4729,KA/86,MD/86,SNO/86,10:18:00,10:19:00
4729,MD/86,SNO/86,FA/86,10:22:00,10:22:00
4732,FA/86,SNO/86,MD/86,11:33:00,11:33:00
4732,SNO/86,MD/86,KA/86,11:37:00,11:38:00
4732,MD/86,KA/86,NA/86,11:41:00,11:41:00
4732,KA/86,NA/86,EB/86,11:44:00,11:45:00
4732,NA/86,EB/86,GD/86,11:49:00,11:50:00
4732,EB/86,GD/86,AP/86,11:54:00,11:55:00
4732,GD/86,AP/86,BD/86,11:59:00,12:00:00
4732,AP/86,BD/86,TP/86,12:02:00,12:02:00
4732,BD/86,TP/86,HP/86,12:06:00,12:07:00
4732,TP/86,HP/86,OD/86,12:11:00,12:11:00
4737,OD/86,HP/86,TP/86,11:49:00,11:49:00
4737,HP/86,TP/86,SC/86,11:53:00,11:54:00
4737,TP/86,SC/86,AP/86,11:56:00,11:56:00
4737,SC/86,AP/86,GD/86,11:59:00,12:00:00
4737,AP/86,GD/86,EB/86,12:05:00,12:06:00
4737,GD/86,EB/86,NA/86,12:09:00,12:10:00
4737,EB/86,NA/86,KA/86,12:14:00,12:15:00
4737,NA/86,KA/86,MD/86,12:18:00,12:18:00
4737,KA/86,MD/86,SNO/86,12:22:00,12:23:00
4737,MD/86,SNO/86,FA/86,12:26:00,12:26:00
474,AR/86,KGV/86,SD/86,20:52:00,20:52:00
474,KGV/86,SD/86,HÅ/86,21:02:00,21:03:00
474,SD/86,HÅ/86,HS/86,21:10:00,21:10:00
474,HÅ/86,HS/86,HED/86,21:17:00,21:19:00
474,HS/86,HED/86,VJ/86,21:26:00,21:26:00
474,HED/86,VJ/86,BET/86,21:33:00,21:35:00
474,VJ/86,BET/86,FA/86,21:41:00,21:41:00
4740,FA/86,SNO/86,MD/86,13:33:00,13:33:00
4740,SNO/86,MD/86,KA/86,13:37:00,13:38:00
4740,MD/86,KA/86,NA/86,13:41:00,13:41:00
4740,KA/86,NA/86,EB/86,13:44:00,13:45:00
4740,NA/86,EB/86,GD/86,13:49:00,13:50:00
4740,EB/86,GD/86,AP/86,13:54:00,13:55:00
4740,GD/86,AP/86,BD/86,13:59:00,14:00:00
4740,AP/86,BD/86,TP/86,14:02:00,14:02:00
4740,BD/86,TP/86,HP/86,14:06:00,14:07:00
4740,TP/86,HP/86,OD/86,14:11:00,14:11:00
4745,OD/86,HP/86,TP/86,13:45:00,13:45:00
4745,HP/86,TP/86,SC/86,13:49:00,13:50:00
4745,TP/86,SC/86,AP/86,13:52:00,13:52:00
4745,SC/86,AP/86,GD/86,13:55:00,13:56:00
4745,AP/86,GD/86,EB/86,14:01:00,14:02:00
4745,GD/86,EB/86,NA/86,14:05:00,14:06:00
4745,EB/86,NA/86,KA/86,14:10:00,14:11:00
4745,NA/86,KA/86,MD/86,14:14:00,14:14:00
4745,KA/86,MD/86,SNO/86,14:18:00,14:19:00
4745,MD/86,SNO/86,FA/86,14:22:00,14:22:00
4748,FA/86,SNO/86,MD/86,15:33:00,15:33:00
4748,SNO/86,MD/86,KA/86,15:37:00,15:38:00
4748,MD/86,KA/86,NA/86,15:41:00,15:41:00
4748,KA/86,NA/86,EB/86,15:44:00,15:45:00
4748,NA/86,EB/86,GD/86,15:49:00,15:50:00
4748,EB/86,GD/86,AP/86,15:54:00,15:55:00
4748,GD/86,AP/86,BD/86,15:59:00,16:00:00
4748,AP/86,BD/86,TP/86,16:02:00,16:02:00
4748,BD/86,TP/86,HP/86,16:06:00,16:07:00
4748,TP/86,HP/86,OD/86,16:11:00,16:11:00
4753,OD/86,HP/86,TP/86,15:48:00,15:48:00
4753,HP/86,TP/86,SC/86,15:52:00,15:53:00
4753,TP/86,SC/86,AP/86,15:55:00,15:55:00
4753,SC/86,AP/86,GD/86,15:58:00,15:59:00
4753,AP/86,GD/86,EB/86,16:04:00,16:05:00
4753,GD/86,EB/86,NA/86,16:08:00,16:09:00
4753,EB/86,NA/86,KA/86,16:13:00,16:14:00
4753,NA/86,KA/86,MD/86,16:17:00,16:17:00
4753,KA/86,MD/86,SNO/86,16:21:00,16:22:00
4753,MD/86,SNO/86,FA/86,16:25:00,16:25:00
4756,FA/86,SNO/86,MD/86,17:33:00,17:33:00
4756,SNO/86,MD/86,KA/86,17:37:00,17:38:00
4756,MD/86,KA/86,NA/86,17:41:00,17:41:00
4756,KA/86,NA/86,EB/86,17:44:00,17:45:00
4756,NA/86,EB/86,GD/86,17:49:00,17:50:00
4756,EB/86,GD/86,AP/86,17:54:00,17:55:00
4756,GD/86,AP/86,BD/86,17:59:00,18:00:00
4756,AP/86,BD/86,TP/86,18:02:00,18:02:00
4756,BD/86,TP/86,HP/86,18:06:00,18:07:00
4756,TP/86,HP/86,OD/86,18:11:00,18:11:00
4761,OD/86,HP/86,TP/86,17:48:00,17:48:00
4761,HP/86,TP/86,SC/86,17:52:00,17:53:00
4761,TP/86,SC/86,AP/86,17:55:00,17:55:00
4761,SC/86,AP/86,GD/86,17:58:00,17:59:00
4761,AP/86,GD/86,EB/86,18:04:00,18:05:00
4761,GD/86,EB/86,NA/86,18:08:00,18:09:00
4761,EB/86,NA/86,KA/86,18:13:00,18:14:00
4761,NA/86,KA/86,MD/86,18:17:00,18:17:00
4761,KA/86,MD/86,SNO/86,18:21:00,18:22:00
4761,MD/86,SNO/86,FA/86,18:25:00,18:25:00
4764,FA/86,SNO/86,MD/86,19:33:00,19:33:00
4764,SNO/86,MD/86,KA/86,19:37:00,19:38:00
4764,MD/86,KA/86,NA/86,19:41:00,19:41:00
4764,KA/86,NA/86,EB/86,19:44:00,19:45:00
4764,NA/86,EB/86,GD/86,19:49:00,19:50:00
4764,EB/86,GD/86,AP/86,19:54:00,19:55:00
4764,GD/86,AP/86,BD/86,19:59:00,20:00:00
4764,AP/86,BD/86,TP/86,20:02:00,20:02:00
4764,BD/86,TP/86,HP/86,20:06:00,20:07:00
4764,TP/86,HP/86,OD/86,20:10:00,20:10:00
4769,OD/86,HP/86,TP/86,19:45:00,19:45:00
4769,HP/86,TP/86,SC/86,19:49:00,19:50:00
4769,TP/86,SC/86,AP/86,19:52:00,19:52:00
4769,SC/86,AP/86,GD/86,19:55:00,19:56:00
4769,AP/86,GD/86,EB/86,20:01:00,20:02:00
4769,GD/86,EB/86,NA/86,20:05:00,20:06:00
4769,EB/86,NA/86,KA/86,20:10:00,20:11:00
4769,NA/86,KA/86,MD/86,20:14:00,20:14:00
4769,KA/86,MD/86,SNO/86,20:18:00,20:19:00
4769,MD/86,SNO/86,FA/86,20:22:00,20:22:00
477,FA/86,BK/86,BET/86,22:16:00,22:17:00
477,BK/86,BET/86,VJ/86,22:19:00,22:20:00
477,BET/86,VJ/86,HED/86,22:27:00,22:29:00
477,VJ/86,HED/86,HS/86,22:37:00,22:38:00
477,HED/86,HS/86,HÅ/86,22:47:00,22:49:00
477,HS/86,HÅ/86,SD/86,22:55:00,22:55:00
477,HÅ/86,SD/86,HX/86,23:02:00,23:04:00
477,SD/86,HX/86,VI/86,23:09:00,23:09:00
477,HX/86,VI/86,KGV/86,23:14:00,23:15:00
477,VI/86,KGV/86,AR/86,23:17:00,23:17:00
4772,FA/86,SNO/86,MD/86,21:33:00,21:33:00
4772,SNO/86,MD/86,KA/86,21:37:00,21:38:00
4772,MD/86,KA/86,NA/86,21:41:00,21:41:00
4772,KA/86,NA/86,EB/86,21:44:00,21:45:00
4772,NA/86,EB/86,GD/86,21:49:00,21:50:00
4772,EB/86,GD/86,AP/86,21:54:00,21:55:00
4772,GD/86,AP/86,BD/86,21:59:00,22:00:00
4772,AP/86,BD/86,TP/86,22:02:00,22:02:00
4772,BD/86,TP/86,HP/86,22:06:00,22:07:00
4772,TP/86,HP/86,OD/86,22:10:00,22:10:00
4804,NF/86,TN/86,EK/86,05:10:00,05:10:00
4804,TN/86,EK/86,NV/86,05:12:00,05:13:00
4804,EK/86,NV/86,OH/86,05:17:00,05:18:00
4804,NV/86,OH/86,VO/86,05:21:00,05:21:00
4804,OH/86,VO/86,LU/86,05:28:00,05:30:00
4804,VO/86,LU/86,MOG/86,05:36:00,05:37:00
4804,LU/86,MOG/86,NÆ/86,05:42:00,05:42:00
4808,NF/86,TN/86,EK/86,06:09:00,06:09:00
4808,TN/86,EK/86,NV/86,06:11:00,06:12:00
4808,EK/86,NV/86,OH/86,06:16:00,06:17:00
4808,NV/86,OH/86,VO/86,06:20:00,06:20:00
4808,OH/86,VO/86,LU/86,06:27:00,06:29:00
4808,VO/86,LU/86,MOG/86,06:35:00,06:36:00
4808,LU/86,MOG/86,NÆ/86,06:41:00,06:41:00
4812,NF/86,TN/86,EK/86,07:10:00,07:10:00
4812,TN/86,EK/86,NV/86,07:12:00,07:13:00
4812,EK/86,NV/86,OH/86,07:17:00,07:18:00
4812,NV/86,OH/86,VO/86,07:21:00,07:21:00
4812,OH/86,VO/86,LU/86,07:28:00,07:30:00
4812,VO/86,LU/86,MOG/86,07:36:00,07:37:00
4812,LU/86,MOG/86,NÆ/86,07:42:00,07:42:00
4816,NF/86,TN/86,EK/86,08:10:00,08:10:00
4816,TN/86,EK/86,NV/86,08:12:00,08:13:00
4816,EK/86,NV/86,OH/86,08:17:00,08:18:00
4816,NV/86,OH/86,VO/86,08:21:00,08:21:00
4816,OH/86,VO/86,LU/86,08:28:00,08:30:00
4816,VO/86,LU/86,MOG/86,08:36:00,08:37:00
4816,LU/86,MOG/86,NÆ/86,08:42:00,08:42:00
4817,NÆ/86,MOG/86,LU/86,06:16:00,06:16:00
4817,MOG/86,LU/86,VO/86,06:21:00,06:22:00
4817,LU/86,VO/86,MN/86,06:28:00,06:30:00
4817,VO/86,MN/86,NV/86,06:33:00,06:33:00
4817,MN/86,NV/86,EK/86,06:40:00,06:41:00
4817,NV/86,EK/86,TN/86,06:45:00,06:46:00
4817,EK/86,TN/86,NF/86,06:49:00,06:49:00
4820,NF/86,TN/86,EK/86,09:10:00,09:10:00
4820,TN/86,EK/86,NV/86,09:12:00,09:13:00
4820,EK/86,NV/86,OH/86,09:17:00,09:18:00
4820,NV/86,OH/86,VO/86,09:21:00,09:21:00
4820,OH/86,VO/86,LU/86,09:28:00,09:30:00
4820,VO/86,LU/86,MOG/86,09:36:00,09:37:00
4820,LU/86,MOG/86,NÆ/86,09:42:00,09:42:00
4821,NÆ/86,MOG/86,LU/86,07:16:00,07:16:00
4821,MOG/86,LU/86,VO/86,07:21:00,07:22:00
4821,LU/86,VO/86,MN/86,07:28:00,07:30:00
4821,VO/86,MN/86,NV/86,07:33:00,07:33:00
4821,MN/86,NV/86,EK/86,07:40:00,07:41:00
4821,NV/86,EK/86,TN/86,07:45:00,07:46:00
4821,EK/86,TN/86,NF/86,07:49:00,07:49:00
4824,NF/86,TN/86,EK/86,10:10:00,10:10:00
4824,TN/86,EK/86,NV/86,10:12:00,10:13:00
4824,EK/86,NV/86,OH/86,10:17:00,10:18:00
4824,NV/86,OH/86,VO/86,10:21:00,10:21:00
4824,OH/86,VO/86,LU/86,10:28:00,10:30:00
4824,VO/86,LU/86,MOG/86,10:36:00,10:37:00
4824,LU/86,MOG/86,NÆ/86,10:42:00,10:42:00
4825,NÆ/86,MOG/86,LU/86,08:16:00,08:16:00
4825,MOG/86,LU/86,VO/86,08:21:00,08:22:00
4825,LU/86,VO/86,MN/86,08:28:00,08:30:00
4825,VO/86,MN/86,NV/86,08:33:00,08:33:00
4825,MN/86,NV/86,EK/86,08:40:00,08:41:00
4825,NV/86,EK/86,TN/86,08:45:00,08:46:00
4825,EK/86,TN/86,NF/86,08:49:00,08:49:00
4828,NF/86,TN/86,EK/86,11:10:00,11:10:00
4828,TN/86,EK/86,NV/86,11:12:00,11:13:00
4828,EK/86,NV/86,OH/86,11:17:00,11:18:00
4828,NV/86,OH/86,VO/86,11:21:00,11:21:00
4828,OH/86,VO/86,LU/86,11:28:00,11:30:00
4828,VO/86,LU/86,MOG/86,11:36:00,11:37:00
4828,LU/86,MOG/86,NÆ/86,11:42:00,11:42:00
4829,NÆ/86,MOG/86,LU/86,09:16:00,09:16:00
4829,MOG/86,LU/86,VO/86,09:21:00,09:22:00
4829,LU/86,VO/86,MN/86,09:28:00,09:30:00
4829,VO/86,MN/86,NV/86,09:33:00,09:33:00
4829,MN/86,NV/86,EK/86,09:40:00,09:41:00
4829,NV/86,EK/86,TN/86,09:45:00,09:46:00
4829,EK/86,TN/86,NF/86,09:49:00,09:49:00
4832,NF/86,TN/86,EK/86,12:10:00,12:10:00
4832,TN/86,EK/86,NV/86,12:12:00,12:13:00
4832,EK/86,NV/86,OH/86,12:17:00,12:18:00
4832,NV/86,OH/86,VO/86,12:21:00,12:21:00
4832,OH/86,VO/86,LU/86,12:28:00,12:30:00
4832,VO/86,LU/86,MOG/86,12:36:00,12:37:00
4832,LU/86,MOG/86,NÆ/86,12:42:00,12:42:00
4833,NÆ/86,MOG/86,LU/86,10:16:00,10:16:00
4833,MOG/86,LU/86,VO/86,10:21:00,10:22:00
4833,LU/86,VO/86,MN/86,10:28:00,10:30:00
4833,VO/86,MN/86,NV/86,10:33:00,10:33:00
4833,MN/86,NV/86,EK/86,10:40:00,10:41:00
4833,NV/86,EK/86,TN/86,10:45:00,10:46:00
4833,EK/86,TN/86,NF/86,10:49:00,10:49:00
4836,NF/86,TN/86,EK/86,13:10:00,13:10:00
4836,TN/86,EK/86,NV/86,13:12:00,13:13:00
4836,EK/86,NV/86,OH/86,13:17:00,13:18:00
4836,NV/86,OH/86,VO/86,13:21:00,13:21:00
4836,OH/86,VO/86,LU/86,13:28:00,13:30:00
4836,VO/86,LU/86,MOG/86,13:36:00,13:37:00
4836,LU/86,MOG/86,NÆ/86,13:42:00,13:42:00
4837,NÆ/86,MOG/86,LU/86,11:16:00,11:16:00
4837,MOG/86,LU/86,VO/86,11:21:00,11:22:00
4837,LU/86,VO/86,MN/86,11:28:00,11:30:00
4837,VO/86,MN/86,NV/86,11:33:00,11:33:00
4837,MN/86,NV/86,EK/86,11:40:00,11:41:00
4837,NV/86,EK/86,TN/86,11:45:00,11:46:00
4837,EK/86,TN/86,NF/86,11:49:00,11:49:00
484,AR/86,KGV/86,VI/86,23:53:00,23:53:00
484,KGV/86,VI/86,HC/86,23:54:00,23:56:00
484,VI/86,HC/86,SD/86,23:58:00,23:58:00
484,HC/86,SD/86,HÅ/86,24:05:00,24:06:00
484,SD/86,HÅ/86,HS/86,24:13:00,24:13:00
484,HÅ/86,HS/86,HED/86,24:19:00,24:21:00
484,HS/86,HED/86,VJ/86,24:29:00,24:30:00
484,HED/86,VJ/86,BET/86,24:38:00,24:40:00
484,VJ/86,BET/86,BK/86,24:46:00,24:47:00
484,BET/86,BK/86,FA/86,24:50:00,24:51:00
484,BK/86,FA/86,TL/86,25:00:00,25:02:00
484,FA/86,TL/86,KD/86,25:07:00,25:07:00
4840,NF/86,TN/86,EK/86,14:10:00,14:10:00
4840,TN/86,EK/86,NV/86,14:12:00,14:13:00
4840,EK/86,NV/86,OH/86,14:17:00,14:18:00
4840,NV/86,OH/86,VO/86,14:21:00,14:21:00
4840,OH/86,VO/86,LU/86,14:28:00,14:30:00
4840,VO/86,LU/86,MOG/86,14:36:00,14:37:00
4840,LU/86,MOG/86,NÆ/86,14:42:00,14:42:00
4841,NÆ/86,MOG/86,LU/86,12:16:00,12:16:00
4841,MOG/86,LU/86,VO/86,12:21:00,12:22:00
4841,LU/86,VO/86,MN/86,12:28:00,12:30:00
4841,VO/86,MN/86,NV/86,12:33:00,12:33:00
4841,MN/86,NV/86,EK/86,12:40:00,12:41:00
4841,NV/86,EK/86,TN/86,12:45:00,12:46:00
4841,EK/86,TN/86,NF/86,12:49:00,12:49:00
4844,NF/86,TN/86,EK/86,15:10:00,15:10:00
4844,TN/86,EK/86,NV/86,15:12:00,15:13:00
4844,EK/86,NV/86,OH/86,15:17:00,15:18:00
4844,NV/86,OH/86,VO/86,15:21:00,15:21:00
4844,OH/86,VO/86,LU/86,15:28:00,15:30:00
4844,VO/86,LU/86,MOG/86,15:36:00,15:37:00
4844,LU/86,MOG/86,NÆ/86,15:42:00,15:42:00
4845,NÆ/86,MOG/86,LU/86,13:16:00,13:16:00
4845,MOG/86,LU/86,VO/86,13:21:00,13:22:00
4845,LU/86,VO/86,MN/86,13:28:00,13:30:00
4845,VO/86,MN/86,NV/86,13:33:00,13:33:00
4845,MN/86,NV/86,EK/86,13:40:00,13:41:00
4845,NV/86,EK/86,TN/86,13:45:00,13:46:00
4845,EK/86,TN/86,NF/86,13:49:00,13:49:00
4848,NF/86,TN/86,EK/86,16:10:00,16:10:00
4848,TN/86,EK/86,NV/86,16:12:00,16:13:00
4848,EK/86,NV/86,OH/86,16:17:00,16:18:00
4848,NV/86,OH/86,VO/86,16:21:00,16:21:00
4848,OH/86,VO/86,LU/86,16:28:00,16:30:00
4848,VO/86,LU/86,MOG/86,16:36:00,16:37:00
4848,LU/86,MOG/86,NÆ/86,16:42:00,16:42:00
4849,NÆ/86,MOG/86,LU/86,14:16:00,14:16:00
4849,MOG/86,LU/86,VO/86,14:21:00,14:22:00
4849,LU/86,VO/86,MN/86,14:28:00,14:30:00
4849,VO/86,MN/86,NV/86,14:33:00,14:33:00
4849,MN/86,NV/86,EK/86,14:40:00,14:41:00
4849,NV/86,EK/86,TN/86,14:45:00,14:46:00
4849,EK/86,TN/86,NF/86,14:49:00,14:49:00
485,FA/86,BK/86,BET/86,00:16:00,00:17:00
485,BK/86,BET/86,VJ/86,00:19:00,00:20:00
485,BET/86,VJ/86,HED/86,00:27:00,00:29:00
485,VJ/86,HED/86,HS/86,00:37:00,00:38:00
485,HED/86,HS/86,HÅ/86,00:47:00,00:49:00
485,HS/86,HÅ/86,SD/86,00:55:00,00:55:00
485,HÅ/86,SD/86,HX/86,01:02:00,01:04:00
485,SD/86,HX/86,VI/86,01:09:00,01:09:00
485,HX/86,VI/86,KGV/86,01:14:00,01:15:00
485,VI/86,KGV/86,AR/86,01:17:00,01:17:00
4852,NF/86,TN/86,EK/86,17:10:00,17:10:00
4852,TN/86,EK/86,NV/86,17:12:00,17:13:00
4852,EK/86,NV/86,OH/86,17:17:00,17:18:00
4852,NV/86,OH/86,VO/86,17:21:00,17:21:00
4852,OH/86,VO/86,LU/86,17:28:00,17:30:00
4852,VO/86,LU/86,MOG/86,17:36:00,17:37:00
4852,LU/86,MOG/86,NÆ/86,17:42:00,17:42:00
4853,NÆ/86,MOG/86,LU/86,15:16:00,15:16:00
4853,MOG/86,LU/86,VO/86,15:21:00,15:22:00
4853,LU/86,VO/86,MN/86,15:28:00,15:30:00
4853,VO/86,MN/86,NV/86,15:32:00,15:32:00
4853,MN/86,NV/86,EK/86,15:40:00,15:41:00
4853,NV/86,EK/86,TN/86,15:45:00,15:46:00
4853,EK/86,TN/86,NF/86,15:48:00,15:48:00
4856,NF/86,TN/86,EK/86,18:10:00,18:10:00
4856,TN/86,EK/86,NV/86,18:12:00,18:13:00
4856,EK/86,NV/86,OH/86,18:17:00,18:18:00
4856,NV/86,OH/86,VO/86,18:21:00,18:21:00
4856,OH/86,VO/86,LU/86,18:28:00,18:30:00
4856,VO/86,LU/86,MOG/86,18:36:00,18:37:00
4856,LU/86,MOG/86,NÆ/86,18:42:00,18:42:00
4857,NÆ/86,MOG/86,LU/86,16:16:00,16:16:00
4857,MOG/86,LU/86,VO/86,16:21:00,16:22:00
4857,LU/86,VO/86,MN/86,16:28:00,16:30:00
4857,VO/86,MN/86,NV/86,16:32:00,16:32:00
4857,MN/86,NV/86,EK/86,16:40:00,16:41:00
4857,NV/86,EK/86,TN/86,16:45:00,16:46:00
4857,EK/86,TN/86,NF/86,16:48:00,16:48:00
4860,NF/86,TN/86,EK/86,19:10:00,19:10:00
4860,TN/86,EK/86,NV/86,19:12:00,19:13:00
4860,EK/86,NV/86,OH/86,19:17:00,19:18:00
4860,NV/86,OH/86,VO/86,19:21:00,19:21:00
4860,OH/86,VO/86,LU/86,19:28:00,19:30:00
4860,VO/86,LU/86,MOG/86,19:36:00,19:37:00
4860,LU/86,MOG/86,NÆ/86,19:42:00,19:42:00
4861,NÆ/86,MOG/86,LU/86,17:16:00,17:16:00
4861,MOG/86,LU/86,VO/86,17:21:00,17:22:00
4861,LU/86,VO/86,MN/86,17:28:00,17:30:00
4861,VO/86,MN/86,NV/86,17:33:00,17:33:00
4861,MN/86,NV/86,EK/86,17:40:00,17:41:00
4861,NV/86,EK/86,TN/86,17:45:00,17:46:00
4861,EK/86,TN/86,NF/86,17:49:00,17:49:00
4865,NÆ/86,MOG/86,LU/86,18:16:00,18:16:00
4865,MOG/86,LU/86,VO/86,18:21:00,18:22:00
4865,LU/86,VO/86,MN/86,18:28:00,18:30:00
4865,VO/86,MN/86,NV/86,18:33:00,18:33:00
4865,MN/86,NV/86,EK/86,18:40:00,18:41:00
4865,NV/86,EK/86,TN/86,18:45:00,18:46:00
4865,EK/86,TN/86,NF/86,18:49:00,18:49:00
4869,NÆ/86,MOG/86,LU/86,19:16:00,19:16:00
4869,MOG/86,LU/86,VO/86,19:21:00,19:22:00
4869,LU/86,VO/86,MN/86,19:28:00,19:30:00
4869,VO/86,MN/86,NV/86,19:33:00,19:33:00
4869,MN/86,NV/86,EK/86,19:40:00,19:41:00
4869,NV/86,EK/86,TN/86,19:45:00,19:46:00
4869,EK/86,TN/86,NF/86,19:49:00,19:49:00
4873,NÆ/86,MOG/86,LU/86,20:16:00,20:16:00
4873,MOG/86,LU/86,VO/86,20:21:00,20:22:00
4873,LU/86,VO/86,MN/86,20:28:00,20:30:00
4873,VO/86,MN/86,NV/86,20:33:00,20:33:00
4873,MN/86,NV/86,EK/86,20:40:00,20:41:00
4873,NV/86,EK/86,TN/86,20:45:00,20:46:00
4873,EK/86,TN/86,NF/86,20:49:00,20:49:00
4895,KH/86,VAL/86,HIF/86,00:14:00,00:15:00
4895,VAL/86,HIF/86,HTÅ/86,00:17:00,00:17:00
4895,HIF/86,HTÅ/86,HH/86,00:23:00,00:25:00
4895,HTÅ/86,HH/86,TRK/86,00:28:00,00:29:00
4895,HH/86,TRK/86,RO/86,00:32:00,00:33:00
4895,TRK/86,RO/86,VY/86,00:36:00,00:37:00
4895,RO/86,VY/86,BO/86,00:44:00,00:45:00
4895,VY/86,BO/86,KY/86,00:49:00,00:50:00
4895,BO/86,KY/86,RG/86,00:54:00,00:54:00
4895,KY/86,RG/86,GZ/86,00:58:00,00:59:00
4895,RG/86,GZ/86,NÆ/86,01:05:00,01:06:00
4895,GZ/86,NÆ/86,MOG/86,01:14:00,01:16:00
4895,NÆ/86,MOG/86,LU/86,01:19:00,01:19:00
4895,MOG/86,LU/86,VO/86,01:24:00,01:25:00
4895,LU/86,VO/86,MN/86,01:31:00,01:32:00
4895,VO/86,MN/86,NV/86,01:35:00,01:35:00
4895,MN/86,NV/86,EK/86,01:43:00,01:44:00
4895,NV/86,EK/86,TN/86,01:47:00,01:48:00
4895,EK/86,TN/86,NF/86,01:51:00,01:51:00
50,AR/86,KGV/86,SD/86,15:23:00,15:23:00
50,KGV/86,SD/86,HÅ/86,15:32:00,15:34:00
50,SD/86,HÅ/86,HS/86,15:41:00,15:41:00
50,HÅ/86,HS/86,HED/86,15:47:00,15:49:00
50,HS/86,HED/86,VJ/86,15:57:00,15:57:00
50,HED/86,VJ/86,BET/86,16:04:00,16:06:00
50,VJ/86,BET/86,FA/86,16:11:00,16:11:00
50,BET/86,FA/86,SNO/86,16:21:00,16:27:00
50,FA/86,SNO/86,OD/86,16:29:00,16:29:00
50,SNO/86,OD/86,MV/86,16:54:00,16:57:00
50,OD/86,MV/86,KH/86,17:02:00,17:02:00
50,MV/86,KH/86,BAN/86,18:06:00,18:18:00
50,KH/86,BAN/86,CPH/86,18:21:00,18:21:00
51,CPH/86,TÅT/86,KH/86,13:29:00,13:29:00
51,TÅT/86,KH/86,GB/86,13:40:00,13:52:00
51,KH/86,GB/86,OD/86,13:55:00,13:55:00
51,GB/86,OD/86,HP/86,15:03:00,15:06:00
51,OD/86,HP/86,FA/86,15:10:00,15:10:00
51,HP/86,FA/86,BK/86,15:34:00,15:38:00
51,FA/86,BK/86,VJ/86,15:44:00,15:44:00
51,BK/86,VJ/86,HED/86,15:51:00,15:53:00
51,VJ/86,HED/86,HS/86,16:01:00,16:01:00
51,HED/86,HS/86,HÅ/86,16:08:00,16:10:00
51,HS/86,HÅ/86,SD/86,16:17:00,16:17:00
51,HÅ/86,SD/86,HX/86,16:24:00,16:25:00
51,SD/86,HX/86,AR/86,16:30:00,16:30:00
54,AR/86,KGV/86,SD/86,16:23:00,16:23:00
54,KGV/86,SD/86,HÅ/86,16:32:00,16:34:00
54,SD/86,HÅ/86,HS/86,16:41:00,16:41:00
54,HÅ/86,HS/86,HED/86,16:47:00,16:49:00
54,HS/86,HED/86,VJ/86,16:57:00,16:57:00
54,HED/86,VJ/86,BET/86,17:04:00,17:06:00
54,VJ/86,BET/86,FA/86,17:11:00,17:11:00
54,BET/86,FA/86,SNO/86,17:21:00,17:27:00
54,FA/86,SNO/86,OD/86,17:29:00,17:29:00
54,SNO/86,OD/86,MV/86,17:54:00,17:57:00
54,OD/86,MV/86,KH/86,18:02:00,18:02:00
54,MV/86,KH/86,BAN/86,19:06:00,19:18:00
54,KH/86,BAN/86,CPH/86,19:21:00,19:21:00
55,CPH/86,TÅT/86,KH/86,14:29:00,14:29:00
55,TÅT/86,KH/86,GB/86,14:40:00,14:52:00
55,KH/86,GB/86,OD/86,14:55:00,14:55:00
55,GB/86,OD/86,HP/86,16:03:00,16:06:00
55,OD/86,HP/86,FA/86,16:10:00,16:10:00
55,HP/86,FA/86,BK/86,16:34:00,16:38:00
55,FA/86,BK/86,VJ/86,16:44:00,16:44:00
55,BK/86,VJ/86,HED/86,16:51:00,16:53:00
55,VJ/86,HED/86,HS/86,17:01:00,17:01:00
55,HED/86,HS/86,HÅ/86,17:08:00,17:10:00
55,HS/86,HÅ/86,SD/86,17:17:00,17:17:00
55,HÅ/86,SD/86,HX/86,17:24:00,17:25:00
55,SD/86,HX/86,AR/86,17:30:00,17:30:00
5750,FLB/80,AHAL/80,PA/86,06:12:00,06:12:00
5750,AHAL/80,PA/86,VK/86,06:15:00,06:21:00
5750,PA/86,VK/86,TE/86,06:25:00,06:25:00
5750,VK/86,TE/86,RQ/86,06:30:00,06:32:00
5750,TE/86,RQ/86,OJ/86,06:40:00,06:41:00
5750,RQ/86,OJ/86,SST/86,06:51:00,06:52:00
5750,OJ/86,SST/86,VM/86,06:57:00,06:57:00
5750,SST/86,VM/86,LK/86,07:02:00,07:03:00
5750,VM/86,LK/86,KD/86,07:08:00,07:09:00
5750,LK/86,KD/86,TL/86,07:16:00,07:18:00
5750,KD/86,TL/86,FA/86,07:24:00,07:24:00
5751,FA/86,TL/86,KD/86,04:35:00,04:35:00
5751,TL/86,KD/86,LK/86,04:40:00,04:43:00
5751,KD/86,LK/86,VM/86,04:50:00,04:51:00
5751,LK/86,VM/86,FZ/86,04:55:00,04:56:00
5751,VM/86,FZ/86,OJ/86,04:59:00,04:59:00
5751,FZ/86,OJ/86,RQ/86,05:06:00,05:08:00
5751,OJ/86,RQ/86,TE/86,05:17:00,05:19:00
5751,RQ/86,TE/86,VK/86,05:27:00,05:29:00
5751,TE/86,VK/86,PA/86,05:34:00,05:34:00
5751,VK/86,PA/86,PAGR/86,05:39:00,05:42:00
5751,PA/86,PAGR/86,FLB/80,05:43:00,05:43:00
5752,FLB/80,AHAL/80,PA/86,08:12:00,08:12:00
5752,AHAL/80,PA/86,VK/86,08:15:00,08:21:00
5752,PA/86,VK/86,TE/86,08:25:00,08:25:00
5752,VK/86,TE/86,RQ/86,08:30:00,08:32:00
5752,TE/86,RQ/86,OJ/86,08:40:00,08:41:00
5752,RQ/86,OJ/86,SST/86,08:51:00,08:52:00
5752,OJ/86,SST/86,VM/86,08:57:00,08:57:00
5752,SST/86,VM/86,LK/86,09:02:00,09:03:00
5752,VM/86,LK/86,KD/86,09:08:00,09:09:00
5752,LK/86,KD/86,TL/86,09:16:00,09:18:00
5752,KD/86,TL/86,FA/86,09:24:00,09:24:00
5753,FA/86,TL/86,KD/86,06:35:00,06:35:00
5753,TL/86,KD/86,LK/86,06:40:00,06:43:00
5753,KD/86,LK/86,VM/86,06:50:00,06:51:00
5753,LK/86,VM/86,FZ/86,06:55:00,06:56:00
5753,VM/86,FZ/86,OJ/86,06:59:00,06:59:00
5753,FZ/86,OJ/86,RQ/86,07:06:00,07:08:00
5753,OJ/86,RQ/86,TE/86,07:17:00,07:19:00
5753,RQ/86,TE/86,VK/86,07:27:00,07:29:00
5753,TE/86,VK/86,PA/86,07:34:00,07:34:00
5753,VK/86,PA/86,PAGR/86,07:39:00,07:42:00
5753,PA/86,PAGR/86,FLB/80,07:43:00,07:43:00
5754,FLB/80,AHAL/80,PA/86,10:12:00,10:12:00
5754,AHAL/80,PA/86,VK/86,10:15:00,10:21:00
5754,PA/86,VK/86,TE/86,10:25:00,10:25:00
5754,VK/86,TE/86,RQ/86,10:30:00,10:32:00
5754,TE/86,RQ/86,OJ/86,10:40:00,10:41:00
5754,RQ/86,OJ/86,SST/86,10:51:00,10:52:00
5754,OJ/86,SST/86,VM/86,10:57:00,10:57:00
5754,SST/86,VM/86,LK/86,11:02:00,11:03:00
5754,VM/86,LK/86,KD/86,11:08:00,11:09:00
5754,LK/86,KD/86,TL/86,11:16:00,11:18:00
5754,KD/86,TL/86,FA/86,11:24:00,11:24:00
5755,FA/86,TL/86,KD/86,08:35:00,08:35:00
5755,TL/86,KD/86,LK/86,08:40:00,08:43:00
5755,KD/86,LK/86,VM/86,08:50:00,08:51:00
5755,LK/86,VM/86,FZ/86,08:55:00,08:56:00
5755,VM/86,FZ/86,OJ/86,08:59:00,08:59:00
5755,FZ/86,OJ/86,RQ/86,09:06:00,09:08:00
5755,OJ/86,RQ/86,TE/86,09:17:00,09:19:00
5755,RQ/86,TE/86,VK/86,09:27:00,09:29:00
5755,TE/86,VK/86,PA/86,09:34:00,09:34:00
5755,VK/86,PA/86,PAGR/86,09:39:00,09:42:00
5755,PA/86,PAGR/86,FLB/80,09:43:00,09:43:00
5756,FLB/80,AHAL/80,PA/86,12:10:00,12:10:00
5756,AHAL/80,PA/86,VK/86,12:13:00,12:21:00
5756,PA/86,VK/86,TE/86,12:25:00,12:25:00
5756,VK/86,TE/86,RQ/86,12:30:00,12:32:00
5756,TE/86,RQ/86,OJ/86,12:40:00,12:41:00
5756,RQ/86,OJ/86,SST/86,12:51:00,12:52:00
5756,OJ/86,SST/86,VM/86,12:57:00,12:57:00
5756,SST/86,VM/86,LK/86,13:02:00,13:03:00
5756,VM/86,LK/86,KD/86,13:08:00,13:09:00
5756,LK/86,KD/86,TL/86,13:16:00,13:18:00
5756,KD/86,TL/86,FA/86,13:24:00,13:24:00
5757,FA/86,TL/86,KD/86,10:35:00,10:35:00
5757,TL/86,KD/86,LK/86,10:40:00,10:43:00
5757,KD/86,LK/86,VM/86,10:50:00,10:51:00
5757,LK/86,VM/86,FZ/86,10:55:00,10:56:00
5757,VM/86,FZ/86,OJ/86,10:59:00,10:59:00
5757,FZ/86,OJ/86,RQ/86,11:06:00,11:08:00
5757,OJ/86,RQ/86,TE/86,11:17:00,11:19:00
5757,RQ/86,TE/86,VK/86,11:27:00,11:29:00
5757,TE/86,VK/86,PA/86,11:34:00,11:34:00
5757,VK/86,PA/86,PAGR/86,11:39:00,11:42:00
5757,PA/86,PAGR/86,FLB/80,11:43:00,11:43:00
5758,FLB/80,AHAL/80,PA/86,14:12:00,14:12:00
5758,AHAL/80,PA/86,VK/86,14:15:00,14:21:00
5758,PA/86,VK/86,TE/86,14:25:00,14:25:00
5758,VK/86,TE/86,RQ/86,14:30:00,14:32:00
5758,TE/86,RQ/86,OJ/86,14:40:00,14:41:00
5758,RQ/86,OJ/86,SST/86,14:51:00,14:52:00
5758,OJ/86,SST/86,VM/86,14:57:00,14:57:00
5758,SST/86,VM/86,LK/86,15:02:00,15:03:00
5758,VM/86,LK/86,KD/86,15:08:00,15:09:00
5758,LK/86,KD/86,TL/86,15:16:00,15:18:00
5758,KD/86,TL/86,FA/86,15:24:00,15:24:00
5759,FA/86,TL/86,KD/86,12:35:00,12:35:00
5759,TL/86,KD/86,LK/86,12:40:00,12:43:00
5759,KD/86,LK/86,VM/86,12:50:00,12:51:00
5759,LK/86,VM/86,FZ/86,12:55:00,12:56:00
5759,VM/86,FZ/86,OJ/86,12:59:00,12:59:00
5759,FZ/86,OJ/86,RQ/86,13:06:00,13:08:00
5759,OJ/86,RQ/86,TE/86,13:17:00,13:19:00
5759,RQ/86,TE/86,VK/86,13:27:00,13:29:00
5759,TE/86,VK/86,PA/86,13:34:00,13:34:00
5759,VK/86,PA/86,PAGR/86,13:39:00,13:42:00
5759,PA/86,PAGR/86,FLB/80,13:43:00,13:43:00
5760,FLB/80,AHAL/80,PA/86,16:12:00,16:12:00
5760,AHAL/80,PA/86,VK/86,16:15:00,16:21:00
5760,PA/86,VK/86,TE/86,16:25:00,16:25:00
5760,VK/86,TE/86,RQ/86,16:30:00,16:32:00
5760,TE/86,RQ/86,OJ/86,16:40:00,16:41:00
5760,RQ/86,OJ/86,SST/86,16:51:00,16:52:00
5760,OJ/86,SST/86,VM/86,16:57:00,16:57:00
5760,SST/86,VM/86,LK/86,17:02:00,17:03:00
5760,VM/86,LK/86,KD/86,17:08:00,17:09:00
5760,LK/86,KD/86,TL/86,17:16:00,17:18:00
5760,KD/86,TL/86,FA/86,17:24:00,17:24:00
5761,FA/86,TL/86,KD/86,14:35:00,14:35:00
5761,TL/86,KD/86,LK/86,14:40:00,14:43:00
5761,KD/86,LK/86,VM/86,14:50:00,14:51:00
5761,LK/86,VM/86,FZ/86,14:55:00,14:56:00
5761,VM/86,FZ/86,OJ/86,14:59:00,14:59:00
5761,FZ/86,OJ/86,RQ/86,15:06:00,15:08:00
5761,OJ/86,RQ/86,TE/86,15:17:00,15:19:00
5761,RQ/86,TE/86,VK/86,15:27:00,15:29:00
5761,TE/86,VK/86,PA/86,15:34:00,15:34:00
5761,VK/86,PA/86,PAGR/86,15:39:00,15:42:00
5761,PA/86,PAGR/86,FLB/80,15:43:00,15:43:00
5762,FLB/80,AHAL/80,PA/86,18:12:00,18:12:00
5762,AHAL/80,PA/86,VK/86,18:15:00,18:21:00
5762,PA/86,VK/86,TE/86,18:25:00,18:25:00
5762,VK/86,TE/86,RQ/86,18:30:00,18:32:00
5762,TE/86,RQ/86,OJ/86,18:40:00,18:41:00
5762,RQ/86,OJ/86,SST/86,18:51:00,18:52:00
5762,OJ/86,SST/86,VM/86,18:57:00,18:57:00
5762,SST/86,VM/86,LK/86,19:02:00,19:03:00
5762,VM/86,LK/86,KD/86,19:08:00,19:09:00
5762,LK/86,KD/86,TL/86,19:16:00,19:18:00
5762,KD/86,TL/86,FA/86,19:24:00,19:24:00
5763,FA/86,TL/86,KD/86,16:35:00,16:35:00
5763,TL/86,KD/86,LK/86,16:40:00,16:43:00
5763,KD/86,LK/86,VM/86,16:50:00,16:51:00
5763,LK/86,VM/86,FZ/86,16:55:00,16:56:00
5763,VM/86,FZ/86,OJ/86,16:59:00,16:59:00
5763,FZ/86,OJ/86,RQ/86,17:06:00,17:08:00
5763,OJ/86,RQ/86,TE/86,17:17:00,17:19:00
5763,RQ/86,TE/86,VK/86,17:27:00,17:29:00
5763,TE/86,VK/86,PA/86,17:34:00,17:34:00
5763,VK/86,PA/86,PAGR/86,17:39:00,17:42:00
5763,PA/86,PAGR/86,FLB/80,17:43:00,17:43:00
5764,FLB/80,AHAL/80,PA/86,20:12:00,20:12:00
5764,AHAL/80,PA/86,VK/86,20:15:00,20:21:00
5764,PA/86,VK/86,TE/86,20:25:00,20:25:00
5764,VK/86,TE/86,RQ/86,20:30:00,20:32:00
5764,TE/86,RQ/86,OJ/86,20:40:00,20:41:00
5764,RQ/86,OJ/86,SST/86,20:51:00,20:52:00
5764,OJ/86,SST/86,VM/86,20:57:00,20:57:00
5764,SST/86,VM/86,LK/86,21:02:00,21:03:00
5764,VM/86,LK/86,KD/86,21:08:00,21:09:00
5764,LK/86,KD/86,TL/86,21:16:00,21:18:00
5764,KD/86,TL/86,FA/86,21:24:00,21:24:00
5765,FA/86,TL/86,KD/86,18:35:00,18:35:00
5765,TL/86,KD/86,LK/86,18:40:00,18:43:00
5765,KD/86,LK/86,VM/86,18:50:00,18:51:00
5765,LK/86,VM/86,FZ/86,18:55:00,18:56:00
5765,VM/86,FZ/86,OJ/86,18:59:00,18:59:00
5765,FZ/86,OJ/86,RQ/86,19:06:00,19:08:00
5765,OJ/86,RQ/86,TE/86,19:17:00,19:19:00
5765,RQ/86,TE/86,VK/86,19:27:00,19:29:00
5765,TE/86,VK/86,PA/86,19:34:00,19:34:00
5765,VK/86,PA/86,PAGR/86,19:39:00,19:42:00
5765,PA/86,PAGR/86,FLB/80,19:43:00,19:43:00
5766,FLB/80,AHAL/80,PA/86,22:12:00,22:12:00
5766,AHAL/80,PA/86,VK/86,22:15:00,22:21:00
5766,PA/86,VK/86,TE/86,22:25:00,22:25:00
5766,VK/86,TE/86,RQ/86,22:30:00,22:32:00
5766,TE/86,RQ/86,OJ/86,22:40:00,22:41:00
5766,RQ/86,OJ/86,SST/86,22:51:00,22:54:00
5766,OJ/86,SST/86,VM/86,22:58:00,22:58:00
5766,SST/86,VM/86,LK/86,23:04:00,23:05:00
5766,VM/86,LK/86,KD/86,23:09:00,23:10:00
5766,LK/86,KD/86,TL/86,23:17:00,23:19:00
5766,KD/86,TL/86,FA/86,23:24:00,23:24:00
5767,FA/86,TL/86,KD/86,20:35:00,20:35:00
5767,TL/86,KD/86,LK/86,20:40:00,20:43:00
5767,KD/86,LK/86,VM/86,20:50:00,20:51:00
5767,LK/86,VM/86,FZ/86,20:55:00,20:56:00
5767,VM/86,FZ/86,OJ/86,20:59:00,20:59:00
5767,FZ/86,OJ/86,RQ/86,21:06:00,21:08:00
5767,OJ/86,RQ/86,TE/86,21:17:00,21:19:00
5767,RQ/86,TE/86,VK/86,21:27:00,21:29:00
5767,TE/86,VK/86,PA/86,21:34:00,21:34:00
5767,VK/86,PA/86,PAGR/86,21:39:00,21:42:00
5767,PA/86,PAGR/86,FLB/80,21:43:00,21:43:00
58,AR/86,KGV/86,SD/86,17:23:00,17:23:00
58,KGV/86,SD/86,HÅ/86,17:32:00,17:34:00
58,SD/86,HÅ/86,HS/86,17:41:00,17:41:00
58,HÅ/86,HS/86,HED/86,17:47:00,17:49:00
58,HS/86,HED/86,VJ/86,17:57:00,17:57:00
58,HED/86,VJ/86,BET/86,18:04:00,18:06:00
58,VJ/86,BET/86,FA/86,18:11:00,18:11:00
58,BET/86,FA/86,SNO/86,18:21:00,18:27:00
58,FA/86,SNO/86,OD/86,18:29:00,18:29:00
58,SNO/86,OD/86,MV/86,18:54:00,18:57:00
58,OD/86,MV/86,KH/86,19:02:00,19:02:00
58,MV/86,KH/86,BAN/86,20:06:00,20:18:00
58,KH/86,BAN/86,CPH/86,20:21:00,20:21:00
59,CPH/86,TÅT/86,KH/86,15:29:00,15:29:00
59,TÅT/86,KH/86,GB/86,15:40:00,15:52:00
59,KH/86,GB/86,OD/86,15:55:00,15:55:00
59,GB/86,OD/86,HP/86,17:03:00,17:06:00
59,OD/86,HP/86,FA/86,17:10:00,17:10:00
59,HP/86,FA/86,BK/86,17:34:00,17:38:00
59,FA/86,BK/86,VJ/86,17:44:00,17:44:00
59,BK/86,VJ/86,HED/86,17:51:00,17:53:00
59,VJ/86,HED/86,HS/86,18:01:00,18:01:00
59,HED/86,HS/86,HÅ/86,18:08:00,18:10:00
59,HS/86,HÅ/86,SD/86,18:17:00,18:17:00
59,HÅ/86,SD/86,HX/86,18:24:00,18:25:00
59,SD/86,HX/86,AR/86,18:30:00,18:30:00
6,AR/86,KGV/86,SD/86,04:19:00,04:19:00
6,KGV/86,SD/86,HÅ/86,04:31:00,04:34:00
6,SD/86,HÅ/86,HS/86,04:41:00,04:41:00
6,HÅ/86,HS/86,HED/86,04:47:00,04:49:00
6,HS/86,HED/86,VJ/86,04:57:00,04:57:00
6,HED/86,VJ/86,BET/86,05:04:00,05:06:00
6,VJ/86,BET/86,FA/86,05:11:00,05:11:00
6,BET/86,FA/86,SNO/86,05:21:00,05:27:00
6,FA/86,SNO/86,OD/86,05:29:00,05:29:00
6,SNO/86,OD/86,MV/86,05:54:00,05:57:00
6,OD/86,MV/86,KH/86,06:02:00,06:02:00
6,MV/86,KH/86,BAN/86,07:06:00,07:18:00
6,KH/86,BAN/86,CPH/86,07:21:00,07:21:00
608,OD/86,MV/86,NG/86,06:23:00,06:23:00
608,MV/86,NG/86,SPR/86,06:31:00,06:33:00
608,NG/86,SPR/86,SG/86,06:39:00,06:39:00
608,SPR/86,SG/86,SO/86,06:51:00,06:53:00
608,SG/86,SO/86,KH/86,07:00:00,07:00:00
62,AR/86,KGV/86,SD/86,18:23:00,18:23:00
62,KGV/86,SD/86,HÅ/86,18:32:00,18:34:00
62,SD/86,HÅ/86,HS/86,18:41:00,18:41:00
62,HÅ/86,HS/86,HED/86,18:47:00,18:49:00
62,HS/86,HED/86,VJ/86,18:57:00,18:57:00
62,HED/86,VJ/86,BET/86,19:04:00,19:06:00
62,VJ/86,BET/86,FA/86,19:11:00,19:11:00
62,BET/86,FA/86,SNO/86,19:21:00,19:27:00
62,FA/86,SNO/86,OD/86,19:29:00,19:29:00
62,SNO/86,OD/86,MV/86,19:54:00,19:57:00
62,OD/86,MV/86,KH/86,20:02:00,20:02:00
62,MV/86,KH/86,BAN/86,21:06:00,21:18:00
62,KH/86,BAN/86,CPH/86,21:21:00,21:21:00
63,CPH/86,TÅT/86,KH/86,16:29:00,16:29:00
63,TÅT/86,KH/86,GB/86,16:40:00,16:52:00
63,KH/86,GB/86,OD/86,16:55:00,16:55:00
63,GB/86,OD/86,HP/86,18:03:00,18:06:00
63,OD/86,HP/86,FA/86,18:10:00,18:10:00
63,HP/86,FA/86,BK/86,18:34:00,18:38:00
63,FA/86,BK/86,VJ/86,18:44:00,18:44:00
63,BK/86,VJ/86,HED/86,18:51:00,18:53:00
63,VJ/86,HED/86,HS/86,19:01:00,19:01:00
63,HED/86,HS/86,HÅ/86,19:08:00,19:10:00
63,HS/86,HÅ/86,SD/86,19:17:00,19:17:00
63,HÅ/86,SD/86,HX/86,19:24:00,19:25:00
63,SD/86,HX/86,AR/86,19:30:00,19:30:00
649,KH/86,GB/86,OD/86,13:25:00,13:25:00
649,GB/86,OD/86,HP/86,14:33:00,14:36:00
649,OD/86,HP/86,FA/86,14:41:00,14:41:00
659,KH/86,GB/86,OD/86,15:25:00,15:25:00
659,GB/86,OD/86,HP/86,16:33:00,16:36:00
659,OD/86,HP/86,FA/86,16:41:00,16:41:00
66,AR/86,KGV/86,SD/86,19:23:00,19:23:00
66,KGV/86,SD/86,HÅ/86,19:32:00,19:34:00
66,SD/86,HÅ/86,HS/86,19:41:00,19:41:00
66,HÅ/86,HS/86,HED/86,19:47:00,19:49:00
66,HS/86,HED/86,VJ/86,19:57:00,19:57:00
66,HED/86,VJ/86,BET/86,20:04:00,20:06:00
66,VJ/86,BET/86,FA/86,20:11:00,20:11:00
66,BET/86,FA/86,SNO/86,20:21:00,20:27:00
66,FA/86,SNO/86,OD/86,20:29:00,20:29:00
66,SNO/86,OD/86,MV/86,20:54:00,20:57:00
66,OD/86,MV/86,KH/86,21:02:00,21:02:00
66,MV/86,KH/86,BAN/86,22:06:00,22:18:00
66,KH/86,BAN/86,CPH/86,22:21:00,22:21:00
67,CPH/86,TÅT/86,KH/86,17:30:00,17:30:00
67,TÅT/86,KH/86,GB/86,17:40:00,17:52:00
67,KH/86,GB/86,OD/86,17:55:00,17:55:00
67,GB/86,OD/86,HP/86,19:03:00,19:06:00
67,OD/86,HP/86,FA/86,19:10:00,19:10:00
67,HP/86,FA/86,BK/86,19:34:00,19:38:00
67,FA/86,BK/86,VJ/86,19:44:00,19:44:00
67,BK/86,VJ/86,HED/86,19:51:00,19:53:00
67,VJ/86,HED/86,HS/86,20:01:00,20:01:00
67,HED/86,HS/86,HÅ/86,20:08:00,20:10:00
67,HS/86,HÅ/86,SD/86,20:17:00,20:17:00
67,HÅ/86,SD/86,HX/86,20:24:00,20:25:00
67,SD/86,HX/86,AR/86,20:30:00,20:30:00
70,AR/86,KGV/86,SD/86,20:23:00,20:23:00
70,KGV/86,SD/86,HÅ/86,20:32:00,20:34:00
70,SD/86,HÅ/86,HS/86,20:41:00,20:41:00
70,HÅ/86,HS/86,HED/86,20:47:00,20:49:00
70,HS/86,HED/86,VJ/86,20:57:00,20:57:00
70,HED/86,VJ/86,BET/86,21:04:00,21:06:00
70,VJ/86,BET/86,FA/86,21:11:00,21:11:00
70,BET/86,FA/86,SNO/86,21:21:00,21:27:00
70,FA/86,SNO/86,OD/86,21:29:00,21:29:00
70,SNO/86,OD/86,MV/86,21:54:00,21:57:00
70,OD/86,MV/86,KH/86,22:02:00,22:02:00
70,MV/86,KH/86,BAN/86,23:06:00,23:18:00
70,KH/86,BAN/86,CPH/86,23:21:00,23:21:00
71,CPH/86,TÅT/86,KH/86,18:29:00,18:29:00
71,TÅT/86,KH/86,GB/86,18:40:00,18:52:00
71,KH/86,GB/86,OD/86,18:55:00,18:55:00
71,GB/86,OD/86,HP/86,20:03:00,20:06:00
71,OD/86,HP/86,FA/86,20:10:00,20:10:00
71,HP/86,FA/86,BK/86,20:34:00,20:38:00
71,FA/86,BK/86,VJ/86,20:44:00,20:44:00
71,BK/86,VJ/86,HED/86,20:51:00,20:53:00
71,VJ/86,HED/86,HS/86,21:01:00,21:01:00
71,HED/86,HS/86,HÅ/86,21:08:00,21:10:00
71,HS/86,HÅ/86,SD/86,21:17:00,21:17:00
71,HÅ/86,SD/86,HX/86,21:24:00,21:25:00
71,SD/86,HX/86,AR/86,21:30:00,21:30:00
722,STR/86,HM/86,HO/86,07:10:00,07:11:00
722,HM/86,HO/86,TS/86,07:17:00,07:18:00
722,HO/86,TS/86,UU/86,07:25:00,07:25:00
722,TS/86,UU/86,ID/86,07:31:00,07:31:00
722,UU/86,ID/86,IB/86,07:37:00,07:40:00
722,ID/86,IB/86,GP/86,07:44:00,07:44:00
722,IB/86,GP/86,HR/86,07:46:00,07:47:00
722,GP/86,HR/86,KE/86,07:52:00,07:59:00
722,HR/86,KE/86,BB/86,08:05:00,08:05:00
722,KE/86,BB/86,TY/86,08:13:00,08:14:00
722,BB/86,TY/86,GW/86,08:20:00,08:21:00
722,TY/86,GW/86,GG/86,08:27:00,08:28:00
722,GW/86,GG/86,JL/86,08:35:00,08:35:00
722,GG/86,JL/86,GES/86,08:40:00,08:40:00
722,JL/86,GES/86,VJS/86,08:49:00,08:49:00
722,GES/86,VJS/86,VJ/86,08:52:00,08:53:00
722,VJS/86,VJ/86,BET/86,08:55:00,08:58:00
722,VJ/86,BET/86,FA/86,09:04:00,09:04:00
723,FA/86,BK/86,VJ/86,08:49:00,08:49:00
723,BK/86,VJ/86,VJS/86,08:57:00,08:59:00
723,VJ/86,VJS/86,GES/86,09:01:00,09:01:00
723,VJS/86,GES/86,JL/86,09:06:00,09:06:00
723,GES/86,JL/86,GG/86,09:16:00,09:16:00
723,JL/86,GG/86,GW/86,09:21:00,09:21:00
723,GG/86,GW/86,TY/86,09:28:00,09:29:00
723,GW/86,TY/86,BB/86,09:34:00,09:35:00
723,TY/86,BB/86,FT/86,09:41:00,09:42:00
723,BB/86,FT/86,HR/86,09:46:00,09:46:00
723,FT/86,HR/86,GP/86,09:56:00,09:58:00
723,HR/86,GP/86,IB/86,10:03:00,10:03:00
723,GP/86,IB/86,ID/86,10:06:00,10:06:00
723,IB/86,ID/86,UU/86,10:10:00,10:11:00
723,ID/86,UU/86,TS/86,10:16:00,10:17:00
723,UU/86,TS/86,HO/86,10:23:00,10:25:00
723,TS/86,HO/86,HM/86,10:32:00,10:34:00
723,HO/86,HM/86,STR/86,10:40:00,10:41:00
731,FA/86,BK/86,VJ/86,10:49:00,10:49:00
731,BK/86,VJ/86,VJS/86,10:57:00,10:59:00
731,VJ/86,VJS/86,GES/86,11:01:00,11:01:00
731,VJS/86,GES/86,JL/86,11:06:00,11:06:00
731,GES/86,JL/86,GG/86,11:16:00,11:16:00
731,JL/86,GG/86,GW/86,11:21:00,11:21:00
731,GG/86,GW/86,TY/86,11:28:00,11:29:00
731,GW/86,TY/86,BB/86,11:34:00,11:35:00
731,TY/86,BB/86,FT/86,11:41:00,11:42:00
731,BB/86,FT/86,HR/86,11:46:00,11:46:00
731,FT/86,HR/86,GP/86,11:56:00,11:58:00
731,HR/86,GP/86,IB/86,12:03:00,12:03:00
731,GP/86,IB/86,ID/86,12:06:00,12:06:00
731,IB/86,ID/86,UU/86,12:10:00,12:11:00
731,ID/86,UU/86,TS/86,12:16:00,12:17:00
731,UU/86,TS/86,HO/86,12:23:00,12:25:00
731,TS/86,HO/86,HM/86,12:32:00,12:34:00
731,HO/86,HM/86,STR/86,12:40:00,12:41:00
738,STR/86,HM/86,HO/86,11:10:00,11:11:00
738,HM/86,HO/86,TS/86,11:17:00,11:18:00
738,HO/86,TS/86,UU/86,11:25:00,11:25:00
738,TS/86,UU/86,ID/86,11:31:00,11:31:00
738,UU/86,ID/86,IB/86,11:37:00,11:40:00
738,ID/86,IB/86,GP/86,11:44:00,11:44:00
738,IB/86,GP/86,HR/86,11:46:00,11:47:00
738,GP/86,HR/86,KE/86,11:52:00,11:59:00
738,HR/86,KE/86,BB/86,12:05:00,12:05:00
738,KE/86,BB/86,TY/86,12:13:00,12:14:00
738,BB/86,TY/86,GW/86,12:20:00,12:21:00
738,TY/86,GW/86,GG/86,12:27:00,12:28:00
738,GW/86,GG/86,JL/86,12:35:00,12:35:00
738,GG/86,JL/86,GES/86,12:40:00,12:40:00
738,JL/86,GES/86,VJS/86,12:49:00,12:49:00
738,GES/86,VJS/86,VJ/86,12:52:00,12:53:00
738,VJS/86,VJ/86,BET/86,12:55:00,12:58:00
738,VJ/86,BET/86,FA/86,13:04:00,13:04:00
74,AR/86,KGV/86,SD/86,21:23:00,21:23:00
74,KGV/86,SD/86,HÅ/86,21:32:00,21:34:00
74,SD/86,HÅ/86,HS/86,21:41:00,21:41:00
74,HÅ/86,HS/86,HED/86,21:47:00,21:49:00
74,HS/86,HED/86,VJ/86,21:57:00,21:57:00
74,HED/86,VJ/86,BET/86,22:04:00,22:06:00
74,VJ/86,BET/86,FA/86,22:11:00,22:11:00
746,STR/86,HM/86,HO/86,13:10:00,13:11:00
746,HM/86,HO/86,TS/86,13:17:00,13:18:00
746,HO/86,TS/86,UU/86,13:25:00,13:25:00
746,TS/86,UU/86,ID/86,13:31:00,13:31:00
746,UU/86,ID/86,IB/86,13:37:00,13:40:00
746,ID/86,IB/86,GP/86,13:44:00,13:44:00
746,IB/86,GP/86,HR/86,13:46:00,13:47:00
746,GP/86,HR/86,KE/86,13:52:00,13:59:00
746,HR/86,KE/86,BB/86,14:05:00,14:05:00
746,KE/86,BB/86,TY/86,14:13:00,14:14:00
746,BB/86,TY/86,GW/86,14:20:00,14:21:00
746,TY/86,GW/86,GG/86,14:27:00,14:28:00
746,GW/86,GG/86,JL/86,14:35:00,14:35:00
746,GG/86,JL/86,GES/86,14:40:00,14:40:00
746,JL/86,GES/86,VJS/86,14:49:00,14:49:00
746,GES/86,VJS/86,VJ/86,14:52:00,14:53:00
746,VJS/86,VJ/86,BET/86,14:55:00,14:58:00
746,VJ/86,BET/86,FA/86,15:04:00,15:04:00
747,VJ/86,VJS/86,GES/86,15:01:00,15:01:00
747,VJS/86,GES/86,JL/86,15:06:00,15:06:00
747,GES/86,JL/86,GG/86,15:16:00,15:16:00
747,JL/86,GG/86,GW/86,15:21:00,15:21:00
747,GG/86,GW/86,TY/86,15:28:00,15:29:00
747,GW/86,TY/86,BB/86,15:34:00,15:35:00
747,TY/86,BB/86,FT/86,15:41:00,15:42:00
747,BB/86,FT/86,HR/86,15:46:00,15:46:00
747,FT/86,HR/86,GP/86,15:56:00,15:58:00
747,HR/86,GP/86,IB/86,16:03:00,16:03:00
747,GP/86,IB/86,ID/86,16:06:00,16:06:00
747,IB/86,ID/86,UU/86,16:10:00,16:11:00
747,ID/86,UU/86,TS/86,16:16:00,16:17:00
747,UU/86,TS/86,HO/86,16:23:00,16:25:00
747,TS/86,HO/86,HM/86,16:32:00,16:34:00
747,HO/86,HM/86,STR/86,16:40:00,16:41:00
75,CPH/86,TÅT/86,KH/86,19:29:00,19:29:00
75,TÅT/86,KH/86,GB/86,19:40:00,19:52:00
75,KH/86,GB/86,OD/86,19:55:00,19:55:00
75,GB/86,OD/86,HP/86,21:03:00,21:06:00
75,OD/86,HP/86,FA/86,21:10:00,21:10:00
75,HP/86,FA/86,BK/86,21:34:00,21:38:00
75,FA/86,BK/86,VJ/86,21:44:00,21:44:00
75,BK/86,VJ/86,HED/86,21:51:00,21:53:00
75,VJ/86,HED/86,HS/86,22:01:00,22:01:00
75,HED/86,HS/86,HÅ/86,22:08:00,22:10:00
75,HS/86,HÅ/86,SD/86,22:17:00,22:17:00
75,HÅ/86,SD/86,HX/86,22:24:00,22:25:00
75,SD/86,HX/86,AR/86,22:30:00,22:30:00
762,STR/86,HM/86,HO/86,17:10:00,17:11:00
762,HM/86,HO/86,TS/86,17:17:00,17:18:00
762,HO/86,TS/86,UU/86,17:25:00,17:25:00
762,TS/86,UU/86,ID/86,17:31:00,17:31:00
762,UU/86,ID/86,IB/86,17:37:00,17:40:00
762,ID/86,IB/86,GP/86,17:44:00,17:44:00
762,IB/86,GP/86,HR/86,17:46:00,17:47:00
762,GP/86,HR/86,KE/86,17:52:00,17:59:00
762,HR/86,KE/86,BB/86,18:05:00,18:05:00
762,KE/86,BB/86,TY/86,18:13:00,18:14:00
762,BB/86,TY/86,GW/86,18:20:00,18:21:00
762,TY/86,GW/86,GG/86,18:27:00,18:28:00
762,GW/86,GG/86,JL/86,18:35:00,18:35:00
762,GG/86,JL/86,GES/86,18:40:00,18:40:00
762,JL/86,GES/86,VJS/86,18:49:00,18:49:00
762,GES/86,VJS/86,VJ/86,18:52:00,18:53:00
762,VJS/86,VJ/86,BET/86,18:55:00,18:58:00
762,VJ/86,BET/86,FA/86,19:04:00,19:04:00
763,FA/86,BK/86,VJ/86,18:49:00,18:49:00
763,BK/86,VJ/86,VJS/86,18:57:00,18:59:00
763,VJ/86,VJS/86,GES/86,19:01:00,19:01:00
763,VJS/86,GES/86,JL/86,19:06:00,19:06:00
763,GES/86,JL/86,GG/86,19:16:00,19:16:00
763,JL/86,GG/86,GW/86,19:21:00,19:21:00
763,GG/86,GW/86,TY/86,19:28:00,19:29:00
763,GW/86,TY/86,BB/86,19:34:00,19:35:00
763,TY/86,BB/86,FT/86,19:41:00,19:42:00
763,BB/86,FT/86,HR/86,19:46:00,19:46:00
763,FT/86,HR/86,GP/86,19:56:00,19:58:00
763,HR/86,GP/86,IB/86,20:03:00,20:03:00
763,GP/86,IB/86,ID/86,20:06:00,20:06:00
763,IB/86,ID/86,UU/86,20:10:00,20:11:00
763,ID/86,UU/86,TS/86,20:16:00,20:17:00
763,UU/86,TS/86,HO/86,20:23:00,20:25:00
763,TS/86,HO/86,HM/86,20:32:00,20:34:00
763,HO/86,HM/86,STR/86,20:40:00,20:41:00
79,CPH/86,TÅT/86,KH/86,20:29:00,20:29:00
79,TÅT/86,KH/86,GB/86,20:40:00,20:52:00
79,KH/86,GB/86,OD/86,20:55:00,20:55:00
79,GB/86,OD/86,HP/86,22:03:00,22:06:00
79,OD/86,HP/86,FA/86,22:10:00,22:10:00
79,HP/86,FA/86,BK/86,22:34:00,22:38:00
79,FA/86,BK/86,VJ/86,22:44:00,22:44:00
79,BK/86,VJ/86,HED/86,22:51:00,22:53:00
79,VJ/86,HED/86,HS/86,23:01:00,23:01:00
79,HED/86,HS/86,HÅ/86,23:08:00,23:10:00
79,HS/86,HÅ/86,SD/86,23:17:00,23:17:00
79,HÅ/86,SD/86,HX/86,23:24:00,23:25:00
79,SD/86,HX/86,AR/86,23:30:00,23:30:00
80108,FA/86,SNO/86,MD/86,05:59:00,05:59:00
80108,SNO/86,MD/86,KA/86,06:03:00,06:05:00
80108,MD/86,KA/86,OD/86,06:09:00,06:09:00
80108,KA/86,OD/86,MV/86,06:27:00,06:29:00
80108,OD/86,MV/86,LV/86,06:34:00,06:34:00
80108,MV/86,LV/86,UV/86,06:37:00,06:38:00
80108,LV/86,UV/86,NG/86,06:41:00,06:41:00
80108,UV/86,NG/86,SPR/86,06:45:00,06:47:00
80108,NG/86,SPR/86,KØ/86,06:53:00,06:53:00
80108,SPR/86,KØ/86,FO/86,06:59:00,07:00:00
80108,KØ/86,FO/86,SG/86,07:04:00,07:04:00
80108,FO/86,SG/86,SO/86,07:08:00,07:10:00
80108,SG/86,SO/86,FJ/86,07:18:00,07:19:00
80108,SO/86,FJ/86,RG/86,07:23:00,07:23:00
80108,FJ/86,RG/86,KY/86,07:27:00,07:29:00
80108,RG/86,KY/86,RO/86,07:34:00,07:34:00
80108,KY/86,RO/86,TRK/86,07:44:00,07:46:00
80108,RO/86,TRK/86,HTÅ/86,07:48:00,07:48:00
80108,TRK/86,HTÅ/86,GL/86,07:53:00,07:54:00
80108,HTÅ/86,GL/86,VAL/86,07:59:00,07:59:00
80108,GL/86,VAL/86,KH/86,08:03:00,08:04:00
80108,VAL/86,KH/86,KN/86,08:10:00,08:13:00
80108,KH/86,KN/86,KK/86,08:16:00,08:16:00
80108,KN/86,KK/86,HGL/86,08:19:00,08:22:00
80169,HGL/86,KK/86,KN/86,17:38:00,17:41:00
80169,KK/86,KN/86,KH/86,17:44:00,17:44:00
80169,KN/86,KH/86,VAL/86,17:47:00,17:50:00
80169,KH/86,VAL/86,HIF/86,17:53:00,17:55:00
80169,VAL/86,HIF/86,HTÅ/86,17:58:00,17:58:00
80169,HIF/86,HTÅ/86,HH/86,18:04:00,18:05:00
80169,HTÅ/86,HH/86,RO/86,18:08:00,18:08:00
80169,HH/86,RO/86,VY/86,18:12:00,18:14:00
80169,RO/86,VY/86,RG/86,18:19:00,18:19:00
80169,VY/86,RG/86,FJ/86,18:29:00,18:31:00
80169,RG/86,FJ/86,SO/86,18:36:00,18:36:00
80169,FJ/86,SO/86,SG/86,18:39:00,18:40:00
80169,SO/86,SG/86,FO/86,18:48:00,18:50:00
80169,SG/86,FO/86,KØ/86,18:54:00,18:54:00
80169,FO/86,KØ/86,SPR/86,18:58:00,18:59:00
80169,KØ/86,SPR/86,NG/86,19:05:00,19:05:00
80169,SPR/86,NG/86,JU/86,19:10:00,19:12:00
80169,NG/86,JU/86,LV/86,19:15:00,19:15:00
80169,JU/86,LV/86,MV/86,19:20:00,19:21:00
80169,LV/86,MV/86,OD/86,19:24:00,19:24:00
80169,MV/86,OD/86,HP/86,19:28:00,19:31:00
80169,OD/86,HP/86,MD/86,19:35:00,19:35:00
80169,HP/86,MD/86,SNO/86,19:53:00,19:54:00
80169,MD/86,SNO/86,FA/86,19:58:00,19:58:00
802,OD/86,MV/86,NG/86,05:05:00,05:05:00
802,MV/86,NG/86,SPR/86,05:12:00,05:14:00
802,NG/86,SPR/86,KØ/86,05:19:00,05:19:00
802,SPR/86,KØ/86,FO/86,05:25:00,05:27:00
802,KØ/86,FO/86,SG/86,05:31:00,05:31:00
802,FO/86,SG/86,SO/86,05:34:00,05:36:00
802,SG/86,SO/86,FJ/86,05:43:00,05:45:00
802,SO/86,FJ/86,RG/86,05:48:00,05:48:00
802,FJ/86,RG/86,ADA/86,05:52:00,05:54:00
802,RG/86,ADA/86,KJN/86,05:58:00,05:58:00
802,ADA/86,KJN/86,JSF/86,06:06:00,06:08:00
802,KJN/86,JSF/86,NEL/86,06:09:00,06:09:00
802,JSF/86,NEL/86,GB/86,06:21:00,06:23:00
802,NEL/86,GB/86,KH/86,06:24:00,06:24:00
802,GB/86,KH/86,KN/86,06:28:00,06:31:00
802,KH/86,KN/86,KK/86,06:33:00,06:34:00
802,KN/86,KK/86,HGL/86,06:37:00,06:40:00
806,ES/86,JNE/86,BM/86,04:34:00,04:34:00
806,JNE/86,BM/86,GØ/86,04:41:00,04:43:00
806,BM/86,GØ/86,VN/86,04:46:00,04:46:00
806,GØ/86,VN/86,LK/86,04:56:00,04:57:00
806,VN/86,LK/86,KD/86,05:04:00,05:04:00
806,LK/86,KD/86,TL/86,05:11:00,05:13:00
806,KD/86,TL/86,MD/86,05:18:00,05:18:00
806,TL/86,MD/86,KA/86,05:26:00,05:28:00
806,MD/86,KA/86,OD/86,05:31:00,05:31:00
806,KA/86,OD/86,MV/86,05:52:00,06:00:00
806,OD/86,MV/86,NG/86,06:05:00,06:05:00
806,MV/86,NG/86,SPR/86,06:12:00,06:14:00
806,NG/86,SPR/86,KØ/86,06:19:00,06:19:00
806,SPR/86,KØ/86,FO/86,06:25:00,06:27:00
806,KØ/86,FO/86,SG/86,06:31:00,06:31:00
806,FO/86,SG/86,SO/86,06:34:00,06:36:00
806,SG/86,SO/86,FJ/86,06:43:00,06:45:00
806,SO/86,FJ/86,RG/86,06:48:00,06:48:00
806,FJ/86,RG/86,ADA/86,06:52:00,06:54:00
806,RG/86,ADA/86,KJN/86,06:58:00,06:58:00
806,ADA/86,KJN/86,JSF/86,07:06:00,07:08:00
806,KJN/86,JSF/86,NEL/86,07:09:00,07:09:00
806,JSF/86,NEL/86,GB/86,07:21:00,07:23:00
806,NEL/86,GB/86,KH/86,07:24:00,07:24:00
806,GB/86,KH/86,KN/86,07:28:00,07:31:00
806,KH/86,KN/86,KK/86,07:33:00,07:34:00
806,KN/86,KK/86,HGL/86,07:37:00,07:40:00
810,ES/86,JNE/86,BM/86,05:34:00,05:34:00
810,JNE/86,BM/86,GØ/86,05:41:00,05:43:00
810,BM/86,GØ/86,VN/86,05:46:00,05:46:00
810,GØ/86,VN/86,LK/86,05:56:00,05:57:00
810,VN/86,LK/86,KD/86,06:04:00,06:04:00
810,LK/86,KD/86,TL/86,06:11:00,06:13:00
810,KD/86,TL/86,MD/86,06:18:00,06:18:00
810,TL/86,MD/86,KA/86,06:26:00,06:28:00
810,MD/86,KA/86,OD/86,06:31:00,06:31:00
810,KA/86,OD/86,MV/86,06:52:00,07:00:00
810,OD/86,MV/86,NG/86,07:05:00,07:05:00
810,MV/86,NG/86,SPR/86,07:12:00,07:14:00
810,NG/86,SPR/86,KØ/86,07:19:00,07:19:00
810,SPR/86,KØ/86,FO/86,07:25:00,07:27:00
810,KØ/86,FO/86,SG/86,07:31:00,07:31:00
810,FO/86,SG/86,SO/86,07:34:00,07:36:00
810,SG/86,SO/86,FJ/86,07:43:00,07:45:00
810,SO/86,FJ/86,RG/86,07:48:00,07:48:00
810,FJ/86,RG/86,ADA/86,07:52:00,07:54:00
810,RG/86,ADA/86,KJN/86,07:58:00,07:58:00
810,ADA/86,KJN/86,JSF/86,08:06:00,08:08:00
810,KJN/86,JSF/86,NEL/86,08:09:00,08:09:00
810,JSF/86,NEL/86,GB/86,08:21:00,08:23:00
810,NEL/86,GB/86,KH/86,08:24:00,08:24:00
810,GB/86,KH/86,KN/86,08:28:00,08:31:00
810,KH/86,KN/86,KK/86,08:33:00,08:34:00
810,KN/86,KK/86,HGL/86,08:37:00,08:40:00
814,ES/86,JNE/86,BM/86,06:34:00,06:34:00
814,JNE/86,BM/86,GØ/86,06:41:00,06:43:00
814,BM/86,GØ/86,VN/86,06:46:00,06:46:00
814,GØ/86,VN/86,LK/86,06:56:00,06:57:00
814,VN/86,LK/86,KD/86,07:04:00,07:04:00
814,LK/86,KD/86,TL/86,07:11:00,07:13:00
814,KD/86,TL/86,MD/86,07:18:00,07:18:00
814,TL/86,MD/86,KA/86,07:26:00,07:28:00
814,MD/86,KA/86,OD/86,07:31:00,07:31:00
814,KA/86,OD/86,MV/86,07:52:00,08:00:00
814,OD/86,MV/86,NG/86,08:05:00,08:05:00
814,MV/86,NG/86,SPR/86,08:12:00,08:14:00
814,NG/86,SPR/86,KØ/86,08:19:00,08:19:00
814,SPR/86,KØ/86,FO/86,08:25:00,08:27:00
814,KØ/86,FO/86,SG/86,08:31:00,08:31:00
814,FO/86,SG/86,SO/86,08:34:00,08:36:00
814,SG/86,SO/86,FJ/86,08:43:00,08:45:00
814,SO/86,FJ/86,RG/86,08:48:00,08:48:00
814,FJ/86,RG/86,ADA/86,08:52:00,08:54:00
814,RG/86,ADA/86,KJN/86,08:58:00,08:58:00
814,ADA/86,KJN/86,JSF/86,09:06:00,09:08:00
814,KJN/86,JSF/86,NEL/86,09:09:00,09:09:00
814,JSF/86,NEL/86,GB/86,09:21:00,09:23:00
814,NEL/86,GB/86,KH/86,09:24:00,09:24:00
814,GB/86,KH/86,KN/86,09:28:00,09:31:00
814,KH/86,KN/86,KK/86,09:33:00,09:34:00
814,KN/86,KK/86,HGL/86,09:37:00,09:40:00
815,OD/86,HP/86,MD/86,06:14:00,06:14:00
815,HP/86,MD/86,SNO/86,06:30:00,06:32:00
815,MD/86,SNO/86,KD/86,06:36:00,06:36:00
815,SNO/86,KD/86,LK/86,06:46:00,06:48:00
815,KD/86,LK/86,VN/86,06:55:00,06:56:00
815,LK/86,VN/86,BP/86,07:03:00,07:04:00
815,VN/86,BP/86,HQ/86,07:08:00,07:09:00
815,BP/86,HQ/86,GØ/86,07:14:00,07:15:00
815,HQ/86,GØ/86,BM/86,07:20:00,07:21:00
815,GØ/86,BM/86,TB/86,07:25:00,07:26:00
815,BM/86,TB/86,ES/86,07:30:00,07:30:00
818,ES/86,JNE/86,BM/86,07:33:00,07:33:00
818,JNE/86,BM/86,GØ/86,07:40:00,07:43:00
818,BM/86,GØ/86,VN/86,07:46:00,07:46:00
818,GØ/86,VN/86,LK/86,07:56:00,07:57:00
818,VN/86,LK/86,KD/86,08:04:00,08:04:00
818,LK/86,KD/86,TL/86,08:11:00,08:13:00
818,KD/86,TL/86,MD/86,08:18:00,08:18:00
818,TL/86,MD/86,KA/86,08:26:00,08:28:00
818,MD/86,KA/86,OD/86,08:31:00,08:31:00
818,KA/86,OD/86,MV/86,08:52:00,09:00:00
818,OD/86,MV/86,NG/86,09:05:00,09:05:00
818,MV/86,NG/86,SPR/86,09:12:00,09:14:00
818,NG/86,SPR/86,KØ/86,09:19:00,09:19:00
818,SPR/86,KØ/86,FO/86,09:25:00,09:27:00
818,KØ/86,FO/86,SG/86,09:31:00,09:31:00
818,FO/86,SG/86,SO/86,09:34:00,09:36:00
818,SG/86,SO/86,FJ/86,09:43:00,09:45:00
818,SO/86,FJ/86,RG/86,09:48:00,09:48:00
818,FJ/86,RG/86,ADA/86,09:52:00,09:54:00
818,RG/86,ADA/86,KJN/86,09:58:00,09:58:00
818,ADA/86,KJN/86,JSF/86,10:06:00,10:08:00
818,KJN/86,JSF/86,NEL/86,10:09:00,10:09:00
818,JSF/86,NEL/86,GB/86,10:21:00,10:23:00
818,NEL/86,GB/86,KH/86,10:24:00,10:24:00
818,GB/86,KH/86,KN/86,10:28:00,10:31:00
818,KH/86,KN/86,KK/86,10:33:00,10:34:00
818,KN/86,KK/86,HGL/86,10:37:00,10:40:00
819,HGL/86,KK/86,KN/86,05:20:00,05:23:00
819,KK/86,KN/86,KH/86,05:25:00,05:26:00
819,KN/86,KH/86,GB/86,05:29:00,05:32:00
819,KH/86,GB/86,NEL/86,05:35:00,05:35:00
819,GB/86,NEL/86,IG/86,05:36:00,05:37:00
819,NEL/86,IG/86,KJN/86,05:38:00,05:38:00
819,IG/86,KJN/86,LEL/86,05:50:00,05:52:00
819,KJN/86,LEL/86,RG/86,05:54:00,05:54:00
819,LEL/86,RG/86,FJ/86,06:04:00,06:06:00
819,RG/86,FJ/86,SO/86,06:11:00,06:11:00
819,FJ/86,SO/86,SG/86,06:14:00,06:15:00
819,SO/86,SG/86,FO/86,06:22:00,06:24:00
819,SG/86,FO/86,KØ/86,06:28:00,06:28:00
819,FO/86,KØ/86,SPR/86,06:32:00,06:33:00
819,KØ/86,SPR/86,NG/86,06:39:00,06:39:00
819,SPR/86,NG/86,JU/86,06:44:00,06:46:00
819,NG/86,JU/86,OD/86,06:49:00,06:49:00
819,JU/86,OD/86,HP/86,07:00:00,07:09:00
819,OD/86,HP/86,MD/86,07:14:00,07:14:00
819,HP/86,MD/86,SNO/86,07:30:00,07:32:00
819,MD/86,SNO/86,KD/86,07:37:00,07:37:00
819,SNO/86,KD/86,LK/86,07:46:00,07:48:00
819,KD/86,LK/86,VN/86,07:54:00,07:54:00
819,LK/86,VN/86,BP/86,08:01:00,08:02:00
819,VN/86,BP/86,BM/86,08:06:00,08:06:00
819,BP/86,BM/86,TB/86,08:15:00,08:17:00
819,BM/86,TB/86,ES/86,08:21:00,08:21:00
822,ES/86,JNE/86,BM/86,08:33:00,08:33:00
822,JNE/86,BM/86,GØ/86,08:40:00,08:43:00
822,BM/86,GØ/86,VN/86,08:46:00,08:46:00
822,GØ/86,VN/86,LK/86,08:56:00,08:57:00
822,VN/86,LK/86,KD/86,09:04:00,09:04:00
822,LK/86,KD/86,TL/86,09:11:00,09:13:00
822,KD/86,TL/86,MD/86,09:18:00,09:18:00
822,TL/86,MD/86,KA/86,09:26:00,09:28:00
822,MD/86,KA/86,OD/86,09:31:00,09:31:00
822,KA/86,OD/86,MV/86,09:52:00,10:00:00
822,OD/86,MV/86,NG/86,10:05:00,10:05:00
822,MV/86,NG/86,SPR/86,10:12:00,10:14:00
822,NG/86,SPR/86,KØ/86,10:19:00,10:19:00
822,SPR/86,KØ/86,FO/86,10:25:00,10:27:00
822,KØ/86,FO/86,SG/86,10:31:00,10:31:00
822,FO/86,SG/86,SO/86,10:34:00,10:36:00
822,SG/86,SO/86,FJ/86,10:43:00,10:45:00
822,SO/86,FJ/86,RG/86,10:48:00,10:48:00
822,FJ/86,RG/86,ADA/86,10:52:00,10:54:00
822,RG/86,ADA/86,KJN/86,10:58:00,10:58:00
822,ADA/86,KJN/86,JSF/86,11:06:00,11:08:00
822,KJN/86,JSF/86,NEL/86,11:09:00,11:09:00
822,JSF/86,NEL/86,GB/86,11:21:00,11:23:00
822,NEL/86,GB/86,KH/86,11:24:00,11:24:00
822,GB/86,KH/86,KN/86,11:28:00,11:31:00
822,KH/86,KN/86,KK/86,11:33:00,11:34:00
823,KK/86,KN/86,KH/86,06:25:00,06:26:00
823,KN/86,KH/86,GB/86,06:29:00,06:32:00
823,KH/86,GB/86,NEL/86,06:35:00,06:35:00
823,GB/86,NEL/86,IG/86,06:36:00,06:37:00
823,NEL/86,IG/86,KJN/86,06:38:00,06:38:00
823,IG/86,KJN/86,LEL/86,06:50:00,06:52:00
823,KJN/86,LEL/86,RG/86,06:54:00,06:54:00
823,LEL/86,RG/86,FJ/86,07:04:00,07:06:00
823,RG/86,FJ/86,SO/86,07:11:00,07:11:00
823,FJ/86,SO/86,SG/86,07:14:00,07:15:00
823,SO/86,SG/86,FO/86,07:22:00,07:24:00
823,SG/86,FO/86,KØ/86,07:28:00,07:28:00
823,FO/86,KØ/86,SPR/86,07:32:00,07:33:00
823,KØ/86,SPR/86,NG/86,07:39:00,07:39:00
823,SPR/86,NG/86,JU/86,07:44:00,07:46:00
823,NG/86,JU/86,OD/86,07:49:00,07:49:00
823,JU/86,OD/86,HP/86,08:00:00,08:09:00
823,OD/86,HP/86,MD/86,08:14:00,08:14:00
823,HP/86,MD/86,SNO/86,08:30:00,08:32:00
823,MD/86,SNO/86,KD/86,08:37:00,08:37:00
823,SNO/86,KD/86,LK/86,08:46:00,08:48:00
823,KD/86,LK/86,VN/86,08:55:00,08:55:00
823,LK/86,VN/86,BP/86,09:01:00,09:02:00
823,VN/86,BP/86,BM/86,09:06:00,09:06:00
823,BP/86,BM/86,TB/86,09:15:00,09:17:00
823,BM/86,TB/86,ES/86,09:21:00,09:21:00
826,ES/86,JNE/86,BM/86,09:34:00,09:34:00
826,JNE/86,BM/86,GØ/86,09:41:00,09:43:00
826,BM/86,GØ/86,VN/86,09:46:00,09:46:00
826,GØ/86,VN/86,LK/86,09:56:00,09:57:00
826,VN/86,LK/86,KD/86,10:04:00,10:04:00
826,LK/86,KD/86,TL/86,10:11:00,10:13:00
826,KD/86,TL/86,MD/86,10:18:00,10:18:00
826,TL/86,MD/86,KA/86,10:26:00,10:28:00
826,MD/86,KA/86,OD/86,10:31:00,10:31:00
826,KA/86,OD/86,MV/86,10:52:00,11:00:00
826,OD/86,MV/86,NG/86,11:05:00,11:05:00
826,MV/86,NG/86,SPR/86,11:12:00,11:14:00
826,NG/86,SPR/86,KØ/86,11:19:00,11:19:00
826,SPR/86,KØ/86,FO/86,11:25:00,11:27:00
826,KØ/86,FO/86,SG/86,11:31:00,11:31:00
826,FO/86,SG/86,SO/86,11:34:00,11:36:00
826,SG/86,SO/86,FJ/86,11:43:00,11:45:00
826,SO/86,FJ/86,RG/86,11:48:00,11:48:00
826,FJ/86,RG/86,ADA/86,11:52:00,11:54:00
826,RG/86,ADA/86,KJN/86,11:58:00,11:58:00
826,ADA/86,KJN/86,JSF/86,12:06:00,12:08:00
826,KJN/86,JSF/86,NEL/86,12:09:00,12:09:00
826,JSF/86,NEL/86,GB/86,12:21:00,12:23:00
826,NEL/86,GB/86,KH/86,12:24:00,12:24:00
826,GB/86,KH/86,KN/86,12:28:00,12:31:00
826,KH/86,KN/86,KK/86,12:33:00,12:34:00
826,KN/86,KK/86,HGL/86,12:37:00,12:40:00
827,HGL/86,KK/86,KN/86,07:20:00,07:23:00
827,KK/86,KN/86,KH/86,07:25:00,07:26:00
827,KN/86,KH/86,GB/86,07:29:00,07:32:00
827,KH/86,GB/86,NEL/86,07:35:00,07:35:00
827,GB/86,NEL/86,IG/86,07:36:00,07:37:00
827,NEL/86,IG/86,KJN/86,07:38:00,07:38:00
827,IG/86,KJN/86,LEL/86,07:50:00,07:52:00
827,KJN/86,LEL/86,RG/86,07:54:00,07:54:00
827,LEL/86,RG/86,FJ/86,08:04:00,08:06:00
827,RG/86,FJ/86,SO/86,08:11:00,08:11:00
827,FJ/86,SO/86,SG/86,08:14:00,08:15:00
827,SO/86,SG/86,FO/86,08:22:00,08:24:00
827,SG/86,FO/86,KØ/86,08:28:00,08:28:00
827,FO/86,KØ/86,SPR/86,08:31:00,08:33:00
827,KØ/86,SPR/86,NG/86,08:39:00,08:39:00
827,SPR/86,NG/86,JU/86,08:44:00,08:46:00
827,NG/86,JU/86,OD/86,08:49:00,08:49:00
827,JU/86,OD/86,HP/86,09:00:00,09:09:00
827,OD/86,HP/86,MD/86,09:14:00,09:14:00
827,HP/86,MD/86,SNO/86,09:30:00,09:32:00
827,MD/86,SNO/86,KD/86,09:37:00,09:37:00
827,SNO/86,KD/86,LK/86,09:46:00,09:48:00
827,KD/86,LK/86,VN/86,09:54:00,09:54:00
827,LK/86,VN/86,BP/86,10:01:00,10:02:00
827,VN/86,BP/86,BM/86,10:06:00,10:06:00
827,BP/86,BM/86,TB/86,10:15:00,10:17:00
827,BM/86,TB/86,ES/86,10:21:00,10:21:00
830,ES/86,JNE/86,BM/86,10:34:00,10:34:00
830,JNE/86,BM/86,GØ/86,10:41:00,10:43:00
830,BM/86,GØ/86,VN/86,10:46:00,10:46:00
830,GØ/86,VN/86,LK/86,10:56:00,10:57:00
830,VN/86,LK/86,KD/86,11:04:00,11:04:00
830,LK/86,KD/86,TL/86,11:11:00,11:13:00
830,KD/86,TL/86,MD/86,11:18:00,11:18:00
830,TL/86,MD/86,KA/86,11:26:00,11:28:00
830,MD/86,KA/86,OD/86,11:31:00,11:31:00
830,KA/86,OD/86,MV/86,11:52:00,12:00:00
830,OD/86,MV/86,NG/86,12:05:00,12:05:00
830,MV/86,NG/86,SPR/86,12:12:00,12:14:00
830,NG/86,SPR/86,KØ/86,12:19:00,12:19:00
830,SPR/86,KØ/86,FO/86,12:25:00,12:27:00
830,KØ/86,FO/86,SG/86,12:31:00,12:31:00
830,FO/86,SG/86,SO/86,12:34:00,12:36:00
830,SG/86,SO/86,FJ/86,12:43:00,12:45:00
830,SO/86,FJ/86,RG/86,12:48:00,12:48:00
830,FJ/86,RG/86,ADA/86,12:52:00,12:54:00
830,RG/86,ADA/86,KJN/86,12:58:00,12:58:00
830,ADA/86,KJN/86,JSF/86,13:06:00,13:08:00
830,KJN/86,JSF/86,NEL/86,13:09:00,13:09:00
830,JSF/86,NEL/86,GB/86,13:21:00,13:23:00
830,NEL/86,GB/86,KH/86,13:24:00,13:24:00
830,GB/86,KH/86,KN/86,13:28:00,13:31:00
830,KH/86,KN/86,KK/86,13:33:00,13:34:00
830,KN/86,KK/86,HGL/86,13:37:00,13:40:00
831,HGL/86,KK/86,KN/86,08:20:00,08:23:00
831,KK/86,KN/86,KH/86,08:25:00,08:26:00
831,KN/86,KH/86,GB/86,08:29:00,08:32:00
831,KH/86,GB/86,NEL/86,08:35:00,08:35:00
831,GB/86,NEL/86,IG/86,08:36:00,08:37:00
831,NEL/86,IG/86,KJN/86,08:38:00,08:38:00
831,IG/86,KJN/86,LEL/86,08:50:00,08:52:00
831,KJN/86,LEL/86,RG/86,08:54:00,08:54:00
831,LEL/86,RG/86,FJ/86,09:04:00,09:06:00
831,RG/86,FJ/86,SO/86,09:11:00,09:11:00
831,FJ/86,SO/86,SG/86,09:14:00,09:15:00
831,SO/86,SG/86,FO/86,09:22:00,09:24:00
831,SG/86,FO/86,KØ/86,09:28:00,09:28:00
831,FO/86,KØ/86,SPR/86,09:32:00,09:33:00
831,KØ/86,SPR/86,NG/86,09:39:00,09:39:00
831,SPR/86,NG/86,JU/86,09:44:00,09:46:00
831,NG/86,JU/86,OD/86,09:49:00,09:49:00
831,JU/86,OD/86,HP/86,10:00:00,10:09:00
831,OD/86,HP/86,MD/86,10:14:00,10:14:00
831,HP/86,MD/86,SNO/86,10:30:00,10:32:00
831,MD/86,SNO/86,KD/86,10:37:00,10:37:00
831,SNO/86,KD/86,LK/86,10:46:00,10:48:00
831,KD/86,LK/86,VN/86,10:54:00,10:54:00
831,LK/86,VN/86,BP/86,11:01:00,11:02:00
831,VN/86,BP/86,BM/86,11:06:00,11:06:00
831,BP/86,BM/86,TB/86,11:15:00,11:17:00
831,BM/86,TB/86,ES/86,11:21:00,11:21:00
834,ES/86,JNE/86,BM/86,11:34:00,11:34:00
834,JNE/86,BM/86,GØ/86,11:41:00,11:43:00
834,BM/86,GØ/86,VN/86,11:46:00,11:46:00
834,GØ/86,VN/86,LK/86,11:56:00,11:57:00
834,VN/86,LK/86,KD/86,12:04:00,12:04:00
834,LK/86,KD/86,TL/86,12:11:00,12:13:00
834,KD/86,TL/86,MD/86,12:18:00,12:18:00
834,TL/86,MD/86,KA/86,12:26:00,12:28:00
834,MD/86,KA/86,OD/86,12:31:00,12:31:00
834,KA/86,OD/86,MV/86,12:52:00,13:00:00
834,OD/86,MV/86,NG/86,13:05:00,13:05:00
834,MV/86,NG/86,SPR/86,13:12:00,13:14:00
834,NG/86,SPR/86,KØ/86,13:19:00,13:19:00
834,SPR/86,KØ/86,FO/86,13:25:00,13:27:00
834,KØ/86,FO/86,SG/86,13:31:00,13:31:00
834,FO/86,SG/86,SO/86,13:34:00,13:36:00
834,SG/86,SO/86,FJ/86,13:43:00,13:45:00
834,SO/86,FJ/86,RG/86,13:48:00,13:48:00
834,FJ/86,RG/86,ADA/86,13:52:00,13:54:00
834,RG/86,ADA/86,KJN/86,13:58:00,13:58:00
834,ADA/86,KJN/86,JSF/86,14:06:00,14:08:00
834,KJN/86,JSF/86,NEL/86,14:09:00,14:09:00
834,JSF/86,NEL/86,GB/86,14:21:00,14:23:00
834,NEL/86,GB/86,KH/86,14:24:00,14:24:00
834,GB/86,KH/86,KN/86,14:28:00,14:31:00
834,KH/86,KN/86,KK/86,14:33:00,14:34:00
834,KN/86,KK/86,HGL/86,14:37:00,14:40:00
835,HGL/86,KK/86,KN/86,09:20:00,09:23:00
835,KK/86,KN/86,KH/86,09:25:00,09:26:00
835,KN/86,KH/86,GB/86,09:29:00,09:32:00
835,KH/86,GB/86,NEL/86,09:35:00,09:35:00
835,GB/86,NEL/86,IG/86,09:36:00,09:37:00
835,NEL/86,IG/86,KJN/86,09:38:00,09:38:00
835,IG/86,KJN/86,LEL/86,09:50:00,09:52:00
835,KJN/86,LEL/86,RG/86,09:54:00,09:54:00
835,LEL/86,RG/86,FJ/86,10:04:00,10:06:00
835,RG/86,FJ/86,SO/86,10:11:00,10:11:00
835,FJ/86,SO/86,SG/86,10:14:00,10:15:00
835,SO/86,SG/86,FO/86,10:22:00,10:24:00
835,SG/86,FO/86,KØ/86,10:28:00,10:28:00
835,FO/86,KØ/86,SPR/86,10:32:00,10:33:00
835,KØ/86,SPR/86,NG/86,10:39:00,10:39:00
835,SPR/86,NG/86,JU/86,10:44:00,10:46:00
835,NG/86,JU/86,OD/86,10:49:00,10:49:00
835,JU/86,OD/86,HP/86,11:00:00,11:09:00
835,OD/86,HP/86,MD/86,11:14:00,11:14:00
835,HP/86,MD/86,SNO/86,11:30:00,11:32:00
835,MD/86,SNO/86,KD/86,11:37:00,11:37:00
835,SNO/86,KD/86,LK/86,11:46:00,11:48:00
835,KD/86,LK/86,VN/86,11:54:00,11:54:00
835,LK/86,VN/86,BP/86,12:01:00,12:02:00
835,VN/86,BP/86,BM/86,12:06:00,12:06:00
835,BP/86,BM/86,TB/86,12:15:00,12:17:00
835,BM/86,TB/86,ES/86,12:21:00,12:21:00
838,ES/86,JNE/86,BM/86,12:34:00,12:34:00
838,JNE/86,BM/86,GØ/86,12:41:00,12:43:00
838,BM/86,GØ/86,VN/86,12:46:00,12:46:00
838,GØ/86,VN/86,LK/86,12:56:00,12:57:00
838,VN/86,LK/86,KD/86,13:04:00,13:04:00
838,LK/86,KD/86,TL/86,13:11:00,13:13:00
838,KD/86,TL/86,MD/86,13:18:00,13:18:00
838,TL/86,MD/86,KA/86,13:26:00,13:28:00
838,MD/86,KA/86,OD/86,13:31:00,13:31:00
838,KA/86,OD/86,MV/86,13:52:00,14:00:00
838,OD/86,MV/86,NG/86,14:05:00,14:05:00
838,MV/86,NG/86,SPR/86,14:12:00,14:14:00
838,NG/86,SPR/86,KØ/86,14:19:00,14:19:00
838,SPR/86,KØ/86,FO/86,14:25:00,14:27:00
838,KØ/86,FO/86,SG/86,14:31:00,14:31:00
838,FO/86,SG/86,SO/86,14:34:00,14:36:00
838,SG/86,SO/86,FJ/86,14:43:00,14:45:00
838,SO/86,FJ/86,RG/86,14:48:00,14:48:00
838,FJ/86,RG/86,ADA/86,14:52:00,14:54:00
838,RG/86,ADA/86,KJN/86,14:58:00,14:58:00
838,ADA/86,KJN/86,JSF/86,15:06:00,15:08:00
838,KJN/86,JSF/86,NEL/86,15:09:00,15:09:00
838,JSF/86,NEL/86,GB/86,15:21:00,15:23:00
838,NEL/86,GB/86,KH/86,15:24:00,15:24:00
838,GB/86,KH/86,KN/86,15:28:00,15:31:00
838,KH/86,KN/86,KK/86,15:33:00,15:34:00
838,KN/86,KK/86,HGL/86,15:37:00,15:40:00
839,KK/86,KN/86,KH/86,10:25:00,10:26:00
839,KN/86,KH/86,GB/86,10:29:00,10:32:00
839,KH/86,GB/86,NEL/86,10:35:00,10:35:00
839,GB/86,NEL/86,IG/86,10:36:00,10:37:00
839,NEL/86,IG/86,KJN/86,10:38:00,10:38:00
839,IG/86,KJN/86,LEL/86,10:50:00,10:52:00
839,KJN/86,LEL/86,RG/86,10:54:00,10:54:00
839,LEL/86,RG/86,FJ/86,11:04:00,11:06:00
839,RG/86,FJ/86,SO/86,11:11:00,11:11:00
839,FJ/86,SO/86,SG/86,11:14:00,11:15:00
839,SO/86,SG/86,FO/86,11:22:00,11:24:00
839,SG/86,FO/86,KØ/86,11:28:00,11:28:00
839,FO/86,KØ/86,SPR/86,11:31:00,11:33:00
839,KØ/86,SPR/86,NG/86,11:39:00,11:39:00
839,SPR/86,NG/86,JU/86,11:44:00,11:46:00
839,NG/86,JU/86,OD/86,11:49:00,11:49:00
839,JU/86,OD/86,HP/86,12:00:00,12:09:00
839,OD/86,HP/86,MD/86,12:14:00,12:14:00
839,HP/86,MD/86,SNO/86,12:30:00,12:32:00
839,MD/86,SNO/86,KD/86,12:37:00,12:37:00
839,SNO/86,KD/86,LK/86,12:46:00,12:48:00
839,KD/86,LK/86,VN/86,12:54:00,12:54:00
839,LK/86,VN/86,BP/86,13:01:00,13:02:00
839,VN/86,BP/86,BM/86,13:06:00,13:06:00
839,BP/86,BM/86,TB/86,13:15:00,13:17:00
839,BM/86,TB/86,ES/86,13:21:00,13:21:00
842,ES/86,JNE/86,BM/86,13:34:00,13:34:00
842,JNE/86,BM/86,GØ/86,13:41:00,13:43:00
842,BM/86,GØ/86,VN/86,13:46:00,13:46:00
842,GØ/86,VN/86,LK/86,13:56:00,13:57:00
842,VN/86,LK/86,KD/86,14:04:00,14:04:00
842,LK/86,KD/86,TL/86,14:11:00,14:13:00
842,KD/86,TL/86,MD/86,14:18:00,14:18:00
842,TL/86,MD/86,KA/86,14:26:00,14:28:00
842,MD/86,KA/86,OD/86,14:31:00,14:31:00
842,KA/86,OD/86,MV/86,14:52:00,15:00:00
842,OD/86,MV/86,NG/86,15:05:00,15:05:00
842,MV/86,NG/86,SPR/86,15:12:00,15:14:00
842,NG/86,SPR/86,KØ/86,15:19:00,15:19:00
842,SPR/86,KØ/86,FO/86,15:25:00,15:27:00
842,KØ/86,FO/86,SG/86,15:31:00,15:31:00
842,FO/86,SG/86,SO/86,15:34:00,15:36:00
842,SG/86,SO/86,FJ/86,15:43:00,15:45:00
842,SO/86,FJ/86,RG/86,15:48:00,15:48:00
842,FJ/86,RG/86,ADA/86,15:52:00,15:54:00
842,RG/86,ADA/86,KJN/86,15:58:00,15:58:00
842,ADA/86,KJN/86,JSF/86,16:06:00,16:08:00
842,KJN/86,JSF/86,NEL/86,16:09:00,16:09:00
842,JSF/86,NEL/86,GB/86,16:21:00,16:23:00
842,NEL/86,GB/86,KH/86,16:24:00,16:24:00
842,GB/86,KH/86,KN/86,16:28:00,16:31:00
842,KH/86,KN/86,KK/86,16:33:00,16:34:00
842,KN/86,KK/86,HGL/86,16:37:00,16:40:00
843,HGL/86,KK/86,KN/86,11:20:00,11:23:00
843,KK/86,KN/86,KH/86,11:25:00,11:26:00
843,KN/86,KH/86,GB/86,11:29:00,11:32:00
843,KH/86,GB/86,NEL/86,11:35:00,11:35:00
843,GB/86,NEL/86,IG/86,11:36:00,11:37:00
843,NEL/86,IG/86,KJN/86,11:38:00,11:38:00
843,IG/86,KJN/86,LEL/86,11:50:00,11:52:00
843,KJN/86,LEL/86,RG/86,11:54:00,11:54:00
843,LEL/86,RG/86,FJ/86,12:04:00,12:06:00
843,RG/86,FJ/86,SO/86,12:11:00,12:11:00
843,FJ/86,SO/86,SG/86,12:14:00,12:15:00
843,SO/86,SG/86,FO/86,12:22:00,12:24:00
843,SG/86,FO/86,KØ/86,12:28:00,12:28:00
843,FO/86,KØ/86,SPR/86,12:32:00,12:33:00
843,KØ/86,SPR/86,NG/86,12:39:00,12:39:00
843,SPR/86,NG/86,JU/86,12:44:00,12:46:00
843,NG/86,JU/86,OD/86,12:49:00,12:49:00
843,JU/86,OD/86,HP/86,13:00:00,13:09:00
843,OD/86,HP/86,MD/86,13:14:00,13:14:00
843,HP/86,MD/86,SNO/86,13:30:00,13:32:00
843,MD/86,SNO/86,KD/86,13:37:00,13:37:00
843,SNO/86,KD/86,LK/86,13:46:00,13:48:00
843,KD/86,LK/86,VN/86,13:54:00,13:54:00
843,LK/86,VN/86,BP/86,14:01:00,14:02:00
843,VN/86,BP/86,BM/86,14:06:00,14:06:00
843,BP/86,BM/86,TB/86,14:15:00,14:17:00
843,BM/86,TB/86,ES/86,14:21:00,14:21:00
846,ES/86,JNE/86,BM/86,14:34:00,14:34:00
846,JNE/86,BM/86,GØ/86,14:41:00,14:43:00
846,BM/86,GØ/86,VN/86,14:46:00,14:46:00
846,GØ/86,VN/86,LK/86,14:56:00,14:57:00
846,VN/86,LK/86,KD/86,15:04:00,15:04:00
846,LK/86,KD/86,TL/86,15:11:00,15:13:00
846,KD/86,TL/86,MD/86,15:18:00,15:18:00
846,TL/86,MD/86,KA/86,15:26:00,15:28:00
846,MD/86,KA/86,OD/86,15:31:00,15:31:00
846,KA/86,OD/86,MV/86,15:52:00,16:00:00
846,OD/86,MV/86,NG/86,16:05:00,16:05:00
846,MV/86,NG/86,SPR/86,16:12:00,16:14:00
846,NG/86,SPR/86,KØ/86,16:19:00,16:19:00
846,SPR/86,KØ/86,FO/86,16:25:00,16:27:00
846,KØ/86,FO/86,SG/86,16:31:00,16:31:00
846,FO/86,SG/86,SO/86,16:34:00,16:36:00
846,SG/86,SO/86,FJ/86,16:43:00,16:45:00
846,SO/86,FJ/86,RG/86,16:48:00,16:48:00
846,FJ/86,RG/86,ADA/86,16:52:00,16:54:00
846,RG/86,ADA/86,KJN/86,16:58:00,16:58:00
846,ADA/86,KJN/86,JSF/86,17:06:00,17:08:00
846,KJN/86,JSF/86,NEL/86,17:09:00,17:09:00
846,JSF/86,NEL/86,GB/86,17:21:00,17:23:00
846,NEL/86,GB/86,KH/86,17:24:00,17:24:00
846,GB/86,KH/86,KN/86,17:28:00,17:31:00
846,KH/86,KN/86,KK/86,17:33:00,17:34:00
846,KN/86,KK/86,HGL/86,17:37:00,17:40:00
847,HGL/86,KK/86,KN/86,12:20:00,12:23:00
847,KK/86,KN/86,KH/86,12:25:00,12:26:00
847,KN/86,KH/86,GB/86,12:29:00,12:32:00
847,KH/86,GB/86,NEL/86,12:34:00,12:34:00
847,GB/86,NEL/86,IG/86,12:36:00,12:37:00
847,NEL/86,IG/86,KJN/86,12:38:00,12:38:00
847,IG/86,KJN/86,LEL/86,12:50:00,12:52:00
847,KJN/86,LEL/86,RG/86,12:54:00,12:54:00
847,LEL/86,RG/86,FJ/86,13:04:00,13:06:00
847,RG/86,FJ/86,SO/86,13:11:00,13:11:00
847,FJ/86,SO/86,SG/86,13:14:00,13:15:00
847,SO/86,SG/86,FO/86,13:22:00,13:24:00
847,SG/86,FO/86,KØ/86,13:28:00,13:28:00
847,FO/86,KØ/86,SPR/86,13:32:00,13:33:00
847,KØ/86,SPR/86,NG/86,13:39:00,13:39:00
847,SPR/86,NG/86,JU/86,13:44:00,13:46:00
847,NG/86,JU/86,OD/86,13:49:00,13:49:00
847,JU/86,OD/86,HP/86,14:00:00,14:09:00
847,OD/86,HP/86,MD/86,14:14:00,14:14:00
847,HP/86,MD/86,SNO/86,14:30:00,14:32:00
847,MD/86,SNO/86,KD/86,14:37:00,14:37:00
847,SNO/86,KD/86,LK/86,14:46:00,14:48:00
847,KD/86,LK/86,VN/86,14:54:00,14:54:00
847,LK/86,VN/86,BP/86,15:01:00,15:02:00
847,VN/86,BP/86,BM/86,15:06:00,15:06:00
847,BP/86,BM/86,TB/86,15:15:00,15:17:00
847,BM/86,TB/86,ES/86,15:21:00,15:21:00
850,ES/86,JNE/86,BM/86,15:34:00,15:34:00
850,JNE/86,BM/86,GØ/86,15:41:00,15:43:00
850,BM/86,GØ/86,VN/86,15:46:00,15:46:00
850,GØ/86,VN/86,LK/86,15:56:00,15:57:00
850,VN/86,LK/86,KD/86,16:04:00,16:04:00
850,LK/86,KD/86,TL/86,16:11:00,16:13:00
850,KD/86,TL/86,MD/86,16:18:00,16:18:00
850,TL/86,MD/86,KA/86,16:26:00,16:28:00
850,MD/86,KA/86,OD/86,16:31:00,16:31:00
850,KA/86,OD/86,MV/86,16:52:00,17:00:00
850,OD/86,MV/86,NG/86,17:05:00,17:05:00
850,MV/86,NG/86,SPR/86,17:12:00,17:14:00
850,NG/86,SPR/86,KØ/86,17:19:00,17:19:00
850,SPR/86,KØ/86,FO/86,17:25:00,17:27:00
850,KØ/86,FO/86,SG/86,17:31:00,17:31:00
850,FO/86,SG/86,SO/86,17:34:00,17:36:00
850,SG/86,SO/86,FJ/86,17:43:00,17:45:00
850,SO/86,FJ/86,RG/86,17:48:00,17:48:00
850,FJ/86,RG/86,ADA/86,17:52:00,17:54:00
850,RG/86,ADA/86,KJN/86,17:58:00,17:58:00
850,ADA/86,KJN/86,JSF/86,18:06:00,18:08:00
850,KJN/86,JSF/86,NEL/86,18:09:00,18:09:00
850,JSF/86,NEL/86,GB/86,18:21:00,18:23:00
850,NEL/86,GB/86,KH/86,18:24:00,18:24:00
850,GB/86,KH/86,KN/86,18:28:00,18:31:00
850,KH/86,KN/86,KK/86,18:33:00,18:34:00
850,KN/86,KK/86,HGL/86,18:37:00,18:40:00
851,HGL/86,KK/86,KN/86,13:20:00,13:23:00
851,KK/86,KN/86,KH/86,13:25:00,13:26:00
851,KN/86,KH/86,GB/86,13:29:00,13:32:00
851,KH/86,GB/86,NEL/86,13:35:00,13:35:00
851,GB/86,NEL/86,IG/86,13:36:00,13:37:00
851,NEL/86,IG/86,KJN/86,13:38:00,13:38:00
851,IG/86,KJN/86,LEL/86,13:50:00,13:52:00
851,KJN/86,LEL/86,RG/86,13:54:00,13:54:00
851,LEL/86,RG/86,FJ/86,14:04:00,14:06:00
851,RG/86,FJ/86,SO/86,14:11:00,14:11:00
851,FJ/86,SO/86,SG/86,14:14:00,14:15:00
851,SO/86,SG/86,FO/86,14:22:00,14:24:00
851,SG/86,FO/86,KØ/86,14:28:00,14:28:00
851,FO/86,KØ/86,SPR/86,14:31:00,14:33:00
851,KØ/86,SPR/86,NG/86,14:39:00,14:39:00
851,SPR/86,NG/86,JU/86,14:44:00,14:46:00
851,NG/86,JU/86,OD/86,14:49:00,14:49:00
851,JU/86,OD/86,HP/86,15:00:00,15:09:00
851,OD/86,HP/86,MD/86,15:14:00,15:14:00
851,HP/86,MD/86,SNO/86,15:30:00,15:32:00
851,MD/86,SNO/86,KD/86,15:37:00,15:37:00
851,SNO/86,KD/86,LK/86,15:46:00,15:48:00
851,KD/86,LK/86,VN/86,15:54:00,15:54:00
851,LK/86,VN/86,BP/86,16:01:00,16:02:00
851,VN/86,BP/86,BM/86,16:06:00,16:06:00
851,BP/86,BM/86,TB/86,16:15:00,16:17:00
851,BM/86,TB/86,ES/86,16:21:00,16:21:00
854,ES/86,JNE/86,BM/86,16:34:00,16:34:00
854,JNE/86,BM/86,GØ/86,16:41:00,16:43:00
854,BM/86,GØ/86,VN/86,16:46:00,16:46:00
854,GØ/86,VN/86,LK/86,16:56:00,16:57:00
854,VN/86,LK/86,KD/86,17:04:00,17:04:00
854,LK/86,KD/86,TL/86,17:11:00,17:13:00
854,KD/86,TL/86,MD/86,17:18:00,17:18:00
854,TL/86,MD/86,KA/86,17:26:00,17:28:00
854,MD/86,KA/86,OD/86,17:31:00,17:31:00
854,KA/86,OD/86,MV/86,17:52:00,18:00:00
854,OD/86,MV/86,NG/86,18:05:00,18:05:00
854,MV/86,NG/86,SPR/86,18:12:00,18:14:00
854,NG/86,SPR/86,KØ/86,18:19:00,18:19:00
854,SPR/86,KØ/86,FO/86,18:25:00,18:27:00
854,KØ/86,FO/86,SG/86,18:31:00,18:31:00
854,FO/86,SG/86,SO/86,18:34:00,18:36:00
854,SG/86,SO/86,FJ/86,18:43:00,18:45:00
854,SO/86,FJ/86,RG/86,18:48:00,18:48:00
854,FJ/86,RG/86,ADA/86,18:52:00,18:54:00
854,RG/86,ADA/86,KJN/86,18:58:00,18:58:00
854,ADA/86,KJN/86,JSF/86,19:06:00,19:08:00
854,KJN/86,JSF/86,NEL/86,19:09:00,19:09:00
854,JSF/86,NEL/86,GB/86,19:21:00,19:23:00
854,NEL/86,GB/86,KH/86,19:24:00,19:24:00
854,GB/86,KH/86,KN/86,19:28:00,19:31:00
854,KH/86,KN/86,KK/86,19:33:00,19:34:00
854,KN/86,KK/86,HGL/86,19:37:00,19:40:00
855,HGL/86,KK/86,KN/86,14:20:00,14:23:00
855,KK/86,KN/86,KH/86,14:25:00,14:26:00
855,KN/86,KH/86,GB/86,14:29:00,14:32:00
855,KH/86,GB/86,NEL/86,14:35:00,14:35:00
855,GB/86,NEL/86,IG/86,14:36:00,14:37:00
855,NEL/86,IG/86,KJN/86,14:38:00,14:38:00
855,IG/86,KJN/86,LEL/86,14:50:00,14:52:00
855,KJN/86,LEL/86,RG/86,14:54:00,14:54:00
855,LEL/86,RG/86,FJ/86,15:04:00,15:06:00
855,RG/86,FJ/86,SO/86,15:11:00,15:11:00
855,FJ/86,SO/86,SG/86,15:14:00,15:15:00
855,SO/86,SG/86,FO/86,15:22:00,15:24:00
855,SG/86,FO/86,KØ/86,15:28:00,15:28:00
855,FO/86,KØ/86,SPR/86,15:32:00,15:33:00
855,KØ/86,SPR/86,NG/86,15:39:00,15:39:00
855,SPR/86,NG/86,JU/86,15:44:00,15:46:00
855,NG/86,JU/86,OD/86,15:49:00,15:49:00
855,JU/86,OD/86,HP/86,16:00:00,16:09:00
855,OD/86,HP/86,MD/86,16:14:00,16:14:00
855,HP/86,MD/86,SNO/86,16:30:00,16:32:00
855,MD/86,SNO/86,KD/86,16:37:00,16:37:00
855,SNO/86,KD/86,LK/86,16:46:00,16:48:00
855,KD/86,LK/86,VN/86,16:54:00,16:54:00
855,LK/86,VN/86,BP/86,17:01:00,17:02:00
855,VN/86,BP/86,BM/86,17:06:00,17:06:00
855,BP/86,BM/86,TB/86,17:15:00,17:17:00
855,BM/86,TB/86,ES/86,17:21:00,17:21:00
858,ES/86,JNE/86,BM/86,17:34:00,17:34:00
858,JNE/86,BM/86,GØ/86,17:41:00,17:43:00
858,BM/86,GØ/86,VN/86,17:46:00,17:46:00
858,GØ/86,VN/86,LK/86,17:56:00,17:57:00
858,VN/86,LK/86,KD/86,18:04:00,18:04:00
858,LK/86,KD/86,TL/86,18:11:00,18:13:00
858,KD/86,TL/86,MD/86,18:18:00,18:18:00
858,TL/86,MD/86,KA/86,18:26:00,18:28:00
858,MD/86,KA/86,OD/86,18:31:00,18:31:00
858,KA/86,OD/86,MV/86,18:52:00,19:00:00
858,OD/86,MV/86,NG/86,19:05:00,19:05:00
858,MV/86,NG/86,SPR/86,19:12:00,19:14:00
858,NG/86,SPR/86,KØ/86,19:19:00,19:19:00
858,SPR/86,KØ/86,FO/86,19:25:00,19:27:00
858,KØ/86,FO/86,SG/86,19:31:00,19:31:00
858,FO/86,SG/86,SO/86,19:34:00,19:36:00
858,SG/86,SO/86,FJ/86,19:43:00,19:45:00
858,SO/86,FJ/86,RG/86,19:48:00,19:48:00
858,FJ/86,RG/86,ADA/86,19:52:00,19:54:00
858,RG/86,ADA/86,KJN/86,19:58:00,19:58:00
858,ADA/86,KJN/86,JSF/86,20:06:00,20:08:00
858,KJN/86,JSF/86,NEL/86,20:09:00,20:09:00
858,JSF/86,NEL/86,GB/86,20:21:00,20:23:00
858,NEL/86,GB/86,KH/86,20:24:00,20:24:00
858,GB/86,KH/86,KN/86,20:28:00,20:31:00
858,KH/86,KN/86,KK/86,20:33:00,20:34:00
858,KN/86,KK/86,HGL/86,20:37:00,20:40:00
859,HGL/86,KK/86,KN/86,15:20:00,15:23:00
859,KK/86,KN/86,KH/86,15:25:00,15:26:00
859,KN/86,KH/86,GB/86,15:29:00,15:32:00
859,KH/86,GB/86,NEL/86,15:35:00,15:35:00
859,GB/86,NEL/86,IG/86,15:36:00,15:37:00
859,NEL/86,IG/86,KJN/86,15:38:00,15:38:00
859,IG/86,KJN/86,LEL/86,15:50:00,15:52:00
859,KJN/86,LEL/86,RG/86,15:54:00,15:54:00
859,LEL/86,RG/86,FJ/86,16:04:00,16:06:00
859,RG/86,FJ/86,SO/86,16:11:00,16:11:00
859,FJ/86,SO/86,SG/86,16:14:00,16:15:00
859,SO/86,SG/86,FO/86,16:22:00,16:24:00
859,SG/86,FO/86,KØ/86,16:28:00,16:28:00
859,FO/86,KØ/86,SPR/86,16:32:00,16:33:00
859,KØ/86,SPR/86,NG/86,16:39:00,16:39:00
859,SPR/86,NG/86,JU/86,16:44:00,16:46:00
859,NG/86,JU/86,OD/86,16:49:00,16:49:00
859,JU/86,OD/86,HP/86,17:00:00,17:09:00
859,OD/86,HP/86,MD/86,17:14:00,17:14:00
859,HP/86,MD/86,SNO/86,17:30:00,17:32:00
859,MD/86,SNO/86,KD/86,17:37:00,17:37:00
859,SNO/86,KD/86,LK/86,17:46:00,17:48:00
859,KD/86,LK/86,VN/86,17:54:00,17:54:00
859,LK/86,VN/86,BP/86,18:01:00,18:02:00
859,VN/86,BP/86,BM/86,18:06:00,18:06:00
859,BP/86,BM/86,TB/86,18:15:00,18:17:00
859,BM/86,TB/86,ES/86,18:21:00,18:21:00
862,ES/86,JNE/86,BM/86,18:34:00,18:34:00
862,JNE/86,BM/86,GØ/86,18:41:00,18:43:00
862,BM/86,GØ/86,VN/86,18:46:00,18:46:00
862,GØ/86,VN/86,LK/86,18:56:00,18:57:00
862,VN/86,LK/86,KD/86,19:04:00,19:04:00
862,LK/86,KD/86,TL/86,19:11:00,19:13:00
862,KD/86,TL/86,MD/86,19:18:00,19:18:00
862,TL/86,MD/86,KA/86,19:26:00,19:28:00
862,MD/86,KA/86,OD/86,19:31:00,19:31:00
862,KA/86,OD/86,MV/86,19:52:00,20:00:00
862,OD/86,MV/86,NG/86,20:05:00,20:05:00
862,MV/86,NG/86,SPR/86,20:12:00,20:14:00
862,NG/86,SPR/86,KØ/86,20:19:00,20:19:00
862,SPR/86,KØ/86,FO/86,20:25:00,20:27:00
862,KØ/86,FO/86,SG/86,20:31:00,20:31:00
862,FO/86,SG/86,SO/86,20:34:00,20:36:00
862,SG/86,SO/86,FJ/86,20:43:00,20:45:00
862,SO/86,FJ/86,RG/86,20:48:00,20:48:00
862,FJ/86,RG/86,ADA/86,20:52:00,20:54:00
862,RG/86,ADA/86,KJN/86,20:58:00,20:58:00
862,ADA/86,KJN/86,JSF/86,21:06:00,21:08:00
862,KJN/86,JSF/86,NEL/86,21:09:00,21:09:00
862,JSF/86,NEL/86,GB/86,21:21:00,21:23:00
862,NEL/86,GB/86,KH/86,21:24:00,21:24:00
862,GB/86,KH/86,KN/86,21:28:00,21:31:00
862,KH/86,KN/86,KK/86,21:33:00,21:34:00
863,HGL/86,KK/86,KN/86,16:20:00,16:23:00
863,KK/86,KN/86,KH/86,16:25:00,16:26:00
863,KN/86,KH/86,GB/86,16:29:00,16:32:00
863,KH/86,GB/86,NEL/86,16:35:00,16:35:00
863,GB/86,NEL/86,IG/86,16:36:00,16:37:00
863,NEL/86,IG/86,KJN/86,16:38:00,16:38:00
863,IG/86,KJN/86,LEL/86,16:50:00,16:52:00
863,KJN/86,LEL/86,RG/86,16:54:00,16:54:00
863,LEL/86,RG/86,FJ/86,17:04:00,17:06:00
863,RG/86,FJ/86,SO/86,17:11:00,17:11:00
863,FJ/86,SO/86,SG/86,17:14:00,17:15:00
863,SO/86,SG/86,FO/86,17:22:00,17:24:00
863,SG/86,FO/86,KØ/86,17:28:00,17:28:00
863,FO/86,KØ/86,SPR/86,17:32:00,17:33:00
863,KØ/86,SPR/86,NG/86,17:39:00,17:39:00
863,SPR/86,NG/86,JU/86,17:44:00,17:46:00
863,NG/86,JU/86,OD/86,17:49:00,17:49:00
863,JU/86,OD/86,HP/86,18:00:00,18:09:00
863,OD/86,HP/86,MD/86,18:14:00,18:14:00
863,HP/86,MD/86,SNO/86,18:30:00,18:32:00
863,MD/86,SNO/86,KD/86,18:37:00,18:37:00
863,SNO/86,KD/86,LK/86,18:46:00,18:48:00
863,KD/86,LK/86,VN/86,18:54:00,18:54:00
863,LK/86,VN/86,BP/86,19:01:00,19:02:00
863,VN/86,BP/86,BM/86,19:06:00,19:06:00
863,BP/86,BM/86,TB/86,19:15:00,19:17:00
863,BM/86,TB/86,ES/86,19:21:00,19:21:00
866,ES/86,JNE/86,BM/86,19:34:00,19:34:00
866,JNE/86,BM/86,GØ/86,19:41:00,19:43:00
866,BM/86,GØ/86,VN/86,19:46:00,19:46:00
866,GØ/86,VN/86,LK/86,19:56:00,19:57:00
866,VN/86,LK/86,KD/86,20:04:00,20:04:00
866,LK/86,KD/86,TL/86,20:11:00,20:13:00
866,KD/86,TL/86,MD/86,20:18:00,20:18:00
866,TL/86,MD/86,KA/86,20:26:00,20:28:00
866,MD/86,KA/86,OD/86,20:31:00,20:31:00
866,KA/86,OD/86,MV/86,20:52:00,21:00:00
866,OD/86,MV/86,NG/86,21:05:00,21:05:00
866,MV/86,NG/86,SPR/86,21:12:00,21:14:00
866,NG/86,SPR/86,KØ/86,21:19:00,21:19:00
866,SPR/86,KØ/86,FO/86,21:25:00,21:27:00
866,KØ/86,FO/86,SG/86,21:31:00,21:31:00
866,FO/86,SG/86,SO/86,21:34:00,21:36:00
866,SG/86,SO/86,FJ/86,21:43:00,21:45:00
866,SO/86,FJ/86,RG/86,21:48:00,21:48:00
866,FJ/86,RG/86,ADA/86,21:52:00,21:54:00
866,RG/86,ADA/86,KJN/86,21:58:00,21:58:00
866,ADA/86,KJN/86,JSF/86,22:06:00,22:08:00
866,KJN/86,JSF/86,NEL/86,22:09:00,22:09:00
866,JSF/86,NEL/86,GB/86,22:21:00,22:23:00
866,NEL/86,GB/86,KH/86,22:24:00,22:24:00
866,GB/86,KH/86,KN/86,22:28:00,22:34:00
866,KH/86,KN/86,KK/86,22:36:00,22:37:00
867,HGL/86,KK/86,KN/86,17:20:00,17:23:00
867,KK/86,KN/86,KH/86,17:25:00,17:26:00
867,KN/86,KH/86,GB/86,17:29:00,17:32:00
867,KH/86,GB/86,NEL/86,17:35:00,17:35:00
867,GB/86,NEL/86,IG/86,17:36:00,17:37:00
867,NEL/86,IG/86,KJN/86,17:38:00,17:38:00
867,IG/86,KJN/86,LEL/86,17:50:00,17:52:00
867,KJN/86,LEL/86,RG/86,17:54:00,17:54:00
867,LEL/86,RG/86,FJ/86,18:04:00,18:06:00
867,RG/86,FJ/86,SO/86,18:11:00,18:11:00
867,FJ/86,SO/86,SG/86,18:14:00,18:15:00
867,SO/86,SG/86,FO/86,18:22:00,18:24:00
867,SG/86,FO/86,KØ/86,18:28:00,18:28:00
867,FO/86,KØ/86,SPR/86,18:32:00,18:33:00
867,KØ/86,SPR/86,NG/86,18:39:00,18:39:00
867,SPR/86,NG/86,JU/86,18:44:00,18:46:00
867,NG/86,JU/86,OD/86,18:49:00,18:49:00
867,JU/86,OD/86,HP/86,19:00:00,19:09:00
867,OD/86,HP/86,MD/86,19:14:00,19:14:00
867,HP/86,MD/86,SNO/86,19:30:00,19:32:00
867,MD/86,SNO/86,KD/86,19:37:00,19:37:00
867,SNO/86,KD/86,LK/86,19:46:00,19:48:00
867,KD/86,LK/86,VN/86,19:54:00,19:54:00
867,LK/86,VN/86,BP/86,20:01:00,20:02:00
867,VN/86,BP/86,BM/86,20:06:00,20:06:00
867,BP/86,BM/86,TB/86,20:15:00,20:17:00
867,BM/86,TB/86,ES/86,20:21:00,20:21:00
871,HGL/86,KK/86,KN/86,18:20:00,18:23:00
871,KK/86,KN/86,KH/86,18:25:00,18:26:00
871,KN/86,KH/86,GB/86,18:29:00,18:32:00
871,KH/86,GB/86,NEL/86,18:35:00,18:35:00
871,GB/86,NEL/86,IG/86,18:36:00,18:37:00
871,NEL/86,IG/86,KJN/86,18:38:00,18:38:00
871,IG/86,KJN/86,LEL/86,18:50:00,18:52:00
871,KJN/86,LEL/86,RG/86,18:54:00,18:54:00
871,LEL/86,RG/86,FJ/86,19:04:00,19:06:00
871,RG/86,FJ/86,SO/86,19:11:00,19:11:00
871,FJ/86,SO/86,SG/86,19:14:00,19:15:00
871,SO/86,SG/86,FO/86,19:22:00,19:24:00
871,SG/86,FO/86,KØ/86,19:28:00,19:28:00
871,FO/86,KØ/86,SPR/86,19:32:00,19:33:00
871,KØ/86,SPR/86,NG/86,19:39:00,19:39:00
871,SPR/86,NG/86,JU/86,19:44:00,19:46:00
871,NG/86,JU/86,OD/86,19:49:00,19:49:00
871,JU/86,OD/86,HP/86,20:00:00,20:09:00
871,OD/86,HP/86,MD/86,20:14:00,20:14:00
871,HP/86,MD/86,SNO/86,20:30:00,20:32:00
871,MD/86,SNO/86,KD/86,20:37:00,20:37:00
871,SNO/86,KD/86,LK/86,20:46:00,20:48:00
871,KD/86,LK/86,VN/86,20:54:00,20:54:00
871,LK/86,VN/86,BP/86,21:01:00,21:02:00
871,VN/86,BP/86,BM/86,21:06:00,21:06:00
871,BP/86,BM/86,TB/86,21:15:00,21:17:00
871,BM/86,TB/86,ES/86,21:21:00,21:21:00
875,HGL/86,KK/86,KN/86,19:20:00,19:23:00
875,KK/86,KN/86,KH/86,19:25:00,19:26:00
875,KN/86,KH/86,GB/86,19:29:00,19:32:00
875,KH/86,GB/86,NEL/86,19:35:00,19:35:00
875,GB/86,NEL/86,IG/86,19:36:00,19:37:00
875,NEL/86,IG/86,KJN/86,19:38:00,19:38:00
875,IG/86,KJN/86,LEL/86,19:50:00,19:52:00
875,KJN/86,LEL/86,RG/86,19:54:00,19:54:00
875,LEL/86,RG/86,FJ/86,20:04:00,20:06:00
875,RG/86,FJ/86,SO/86,20:11:00,20:11:00
875,FJ/86,SO/86,SG/86,20:14:00,20:15:00
875,SO/86,SG/86,FO/86,20:22:00,20:24:00
875,SG/86,FO/86,KØ/86,20:28:00,20:28:00
875,FO/86,KØ/86,SPR/86,20:32:00,20:33:00
875,KØ/86,SPR/86,NG/86,20:39:00,20:39:00
875,SPR/86,NG/86,JU/86,20:44:00,20:46:00
875,NG/86,JU/86,OD/86,20:49:00,20:49:00
875,JU/86,OD/86,HP/86,21:00:00,21:09:00
875,OD/86,HP/86,MD/86,21:14:00,21:14:00
875,HP/86,MD/86,SNO/86,21:30:00,21:32:00
875,MD/86,SNO/86,KD/86,21:37:00,21:37:00
875,SNO/86,KD/86,LK/86,21:46:00,21:48:00
875,KD/86,LK/86,VN/86,21:54:00,21:54:00
875,LK/86,VN/86,BP/86,22:01:00,22:02:00
875,VN/86,BP/86,BM/86,22:06:00,22:06:00
875,BP/86,BM/86,TB/86,22:15:00,22:17:00
875,BM/86,TB/86,ES/86,22:21:00,22:21:00
879,HGL/86,KK/86,KN/86,20:20:00,20:23:00
879,KK/86,KN/86,KH/86,20:25:00,20:26:00
879,KN/86,KH/86,GB/86,20:29:00,20:32:00
879,KH/86,GB/86,NEL/86,20:35:00,20:35:00
879,GB/86,NEL/86,IG/86,20:36:00,20:37:00
879,NEL/86,IG/86,KJN/86,20:38:00,20:38:00
879,IG/86,KJN/86,LEL/86,20:50:00,20:52:00
879,KJN/86,LEL/86,RG/86,20:54:00,20:54:00
879,LEL/86,RG/86,FJ/86,21:04:00,21:06:00
879,RG/86,FJ/86,SO/86,21:11:00,21:11:00
879,FJ/86,SO/86,SG/86,21:14:00,21:15:00
879,SO/86,SG/86,FO/86,21:22:00,21:24:00
879,SG/86,FO/86,KØ/86,21:28:00,21:28:00
879,FO/86,KØ/86,SPR/86,21:32:00,21:33:00
879,KØ/86,SPR/86,NG/86,21:39:00,21:39:00
879,SPR/86,NG/86,JU/86,21:44:00,21:46:00
879,NG/86,JU/86,OD/86,21:49:00,21:49:00
883,HGL/86,KK/86,KN/86,21:20:00,21:23:00
883,KK/86,KN/86,KH/86,21:25:00,21:26:00
883,KN/86,KH/86,GB/86,21:29:00,21:32:00
883,KH/86,GB/86,NEL/86,21:35:00,21:35:00
883,GB/86,NEL/86,IG/86,21:36:00,21:37:00
883,NEL/86,IG/86,KJN/86,21:38:00,21:38:00
883,IG/86,KJN/86,LEL/86,21:50:00,21:52:00
883,KJN/86,LEL/86,RG/86,21:54:00,21:54:00
883,LEL/86,RG/86,FJ/86,22:04:00,22:06:00
883,RG/86,FJ/86,SO/86,22:11:00,22:11:00
883,FJ/86,SO/86,SG/86,22:14:00,22:15:00
883,SO/86,SG/86,FO/86,22:22:00,22:24:00
883,SG/86,FO/86,KØ/86,22:28:00,22:28:00
883,FO/86,KØ/86,SPR/86,22:32:00,22:33:00
883,KØ/86,SPR/86,NG/86,22:39:00,22:39:00
883,SPR/86,NG/86,JU/86,22:44:00,22:46:00
883,NG/86,JU/86,OD/86,22:49:00,22:49:00
910,SDB/86,GST/86,KW/86,04:56:00,04:59:00
910,GST/86,KW/86,TE/86,05:09:00,05:10:00
910,KW/86,TE/86,RQ/86,05:17:00,05:19:00
910,TE/86,RQ/86,OJ/86,05:27:00,05:29:00
910,RQ/86,OJ/86,SST/86,05:38:00,05:39:00
910,OJ/86,SST/86,VM/86,05:44:00,05:44:00
910,SST/86,VM/86,LK/86,05:49:00,05:50:00
910,VM/86,LK/86,KD/86,05:55:00,05:56:00
910,LK/86,KD/86,TL/86,06:03:00,06:05:00
910,KD/86,TL/86,FA/86,06:11:00,06:11:00
911,FA/86,TL/86,KD/86,05:46:00,05:46:00
911,TL/86,KD/86,LK/86,05:52:00,05:54:00
911,KD/86,LK/86,VM/86,06:01:00,06:02:00
911,LK/86,VM/86,FZ/86,06:06:00,06:07:00
911,VM/86,FZ/86,OJ/86,06:10:00,06:10:00
911,FZ/86,OJ/86,RQ/86,06:17:00,06:19:00
911,OJ/86,RQ/86,TE/86,06:28:00,06:30:00
911,RQ/86,TE/86,KW/86,06:38:00,06:40:00
911,TE/86,KW/86,GST/86,06:47:00,06:48:00
911,KW/86,GST/86,SDB/86,06:58:00,06:59:00
918,SDB/86,GST/86,KW/86,06:56:00,06:59:00
918,GST/86,KW/86,TE/86,07:09:00,07:10:00
918,KW/86,TE/86,RQ/86,07:17:00,07:19:00
918,TE/86,RQ/86,OJ/86,07:27:00,07:29:00
918,RQ/86,OJ/86,SST/86,07:38:00,07:39:00
918,OJ/86,SST/86,VM/86,07:44:00,07:44:00
918,SST/86,VM/86,LK/86,07:49:00,07:50:00
918,VM/86,LK/86,KD/86,07:55:00,07:56:00
918,LK/86,KD/86,TL/86,08:03:00,08:05:00
918,KD/86,TL/86,FA/86,08:11:00,08:11:00
919,FA/86,TL/86,KD/86,07:46:00,07:46:00
919,TL/86,KD/86,LK/86,07:52:00,07:54:00
919,KD/86,LK/86,VM/86,08:01:00,08:02:00
919,LK/86,VM/86,FZ/86,08:06:00,08:07:00
919,VM/86,FZ/86,OJ/86,08:10:00,08:10:00
919,FZ/86,OJ/86,RQ/86,08:17:00,08:19:00
919,OJ/86,RQ/86,TE/86,08:28:00,08:30:00
919,RQ/86,TE/86,KW/86,08:38:00,08:40:00
919,TE/86,KW/86,GST/86,08:47:00,08:48:00
919,KW/86,GST/86,SDB/86,08:58:00,08:59:00
926,SDB/86,GST/86,KW/86,08:56:00,08:59:00
926,GST/86,KW/86,TE/86,09:09:00,09:10:00
926,KW/86,TE/86,RQ/86,09:17:00,09:19:00
926,TE/86,RQ/86,OJ/86,09:27:00,09:29:00
926,RQ/86,OJ/86,SST/86,09:38:00,09:39:00
926,OJ/86,SST/86,VM/86,09:44:00,09:44:00
926,SST/86,VM/86,LK/86,09:49:00,09:50:00
926,VM/86,LK/86,KD/86,09:55:00,09:56:00
926,LK/86,KD/86,TL/86,10:03:00,10:05:00
926,KD/86,TL/86,FA/86,10:11:00,10:11:00
927,FA/86,TL/86,KD/86,09:46:00,09:46:00
927,TL/86,KD/86,LK/86,09:52:00,09:54:00
927,KD/86,LK/86,VM/86,10:01:00,10:02:00
927,LK/86,VM/86,FZ/86,10:06:00,10:07:00
927,VM/86,FZ/86,OJ/86,10:10:00,10:10:00
927,FZ/86,OJ/86,RQ/86,10:17:00,10:19:00
927,OJ/86,RQ/86,TE/86,10:28:00,10:30:00
927,RQ/86,TE/86,KW/86,10:38:00,10:40:00
927,TE/86,KW/86,GST/86,10:47:00,10:48:00
927,KW/86,GST/86,SDB/86,10:58:00,10:59:00
934,SDB/86,GST/86,KW/86,10:56:00,10:59:00
934,GST/86,KW/86,TE/86,11:09:00,11:10:00
934,KW/86,TE/86,RQ/86,11:17:00,11:19:00
934,TE/86,RQ/86,OJ/86,11:27:00,11:29:00
934,RQ/86,OJ/86,SST/86,11:38:00,11:39:00
934,OJ/86,SST/86,VM/86,11:44:00,11:44:00
934,SST/86,VM/86,LK/86,11:49:00,11:50:00
934,VM/86,LK/86,KD/86,11:55:00,11:56:00
934,LK/86,KD/86,TL/86,12:03:00,12:05:00
934,KD/86,TL/86,FA/86,12:11:00,12:11:00
935,FA/86,TL/86,KD/86,11:46:00,11:46:00
935,TL/86,KD/86,LK/86,11:52:00,11:54:00
935,KD/86,LK/86,VM/86,12:01:00,12:02:00
935,LK/86,VM/86,FZ/86,12:06:00,12:07:00
935,VM/86,FZ/86,OJ/86,12:10:00,12:10:00
935,FZ/86,OJ/86,RQ/86,12:17:00,12:19:00
935,OJ/86,RQ/86,TE/86,12:28:00,12:30:00
935,RQ/86,TE/86,KW/86,12:38:00,12:40:00
935,TE/86,KW/86,GST/86,12:47:00,12:48:00
935,KW/86,GST/86,SDB/86,12:58:00,12:59:00
942,SDB/86,GST/86,KW/86,12:56:00,12:59:00
942,GST/86,KW/86,TE/86,13:09:00,13:10:00
942,KW/86,TE/86,RQ/86,13:17:00,13:19:00
942,TE/86,RQ/86,OJ/86,13:27:00,13:29:00
942,RQ/86,OJ/86,SST/86,13:38:00,13:39:00
942,OJ/86,SST/86,VM/86,13:44:00,13:44:00
942,SST/86,VM/86,LK/86,13:49:00,13:50:00
942,VM/86,LK/86,KD/86,13:55:00,13:56:00
942,LK/86,KD/86,TL/86,14:03:00,14:05:00
942,KD/86,TL/86,FA/86,14:11:00,14:11:00
943,FA/86,TL/86,KD/86,13:46:00,13:46:00
943,TL/86,KD/86,LK/86,13:52:00,13:54:00
943,KD/86,LK/86,VM/86,14:01:00,14:02:00
943,LK/86,VM/86,FZ/86,14:06:00,14:07:00
943,VM/86,FZ/86,OJ/86,14:10:00,14:10:00
943,FZ/86,OJ/86,RQ/86,14:17:00,14:19:00
943,OJ/86,RQ/86,TE/86,14:28:00,14:30:00
943,RQ/86,TE/86,KW/86,14:38:00,14:40:00
943,TE/86,KW/86,GST/86,14:47:00,14:48:00
943,KW/86,GST/86,SDB/86,14:58:00,14:59:00
950,SDB/86,GST/86,KW/86,14:56:00,14:59:00
950,GST/86,KW/86,TE/86,15:09:00,15:10:00
950,KW/86,TE/86,RQ/86,15:17:00,15:19:00
950,TE/86,RQ/86,OJ/86,15:27:00,15:29:00
950,RQ/86,OJ/86,SST/86,15:38:00,15:39:00
950,OJ/86,SST/86,VM/86,15:44:00,15:44:00
950,SST/86,VM/86,LK/86,15:49:00,15:50:00
950,VM/86,LK/86,KD/86,15:55:00,15:56:00
950,LK/86,KD/86,TL/86,16:03:00,16:05:00
950,KD/86,TL/86,FA/86,16:11:00,16:11:00
951,FA/86,TL/86,KD/86,15:46:00,15:46:00
951,TL/86,KD/86,LK/86,15:52:00,15:54:00
951,KD/86,LK/86,VM/86,16:01:00,16:02:00
951,LK/86,VM/86,FZ/86,16:06:00,16:07:00
951,VM/86,FZ/86,OJ/86,16:10:00,16:10:00
951,FZ/86,OJ/86,RQ/86,16:17:00,16:19:00
951,OJ/86,RQ/86,TE/86,16:28:00,16:30:00
951,RQ/86,TE/86,KW/86,16:38:00,16:40:00
951,TE/86,KW/86,GST/86,16:47:00,16:48:00
951,KW/86,GST/86,SDB/86,16:58:00,16:59:00
958,SDB/86,GST/86,KW/86,16:56:00,16:59:00
958,GST/86,KW/86,TE/86,17:09:00,17:10:00
958,KW/86,TE/86,RQ/86,17:17:00,17:19:00
958,TE/86,RQ/86,OJ/86,17:27:00,17:29:00
958,RQ/86,OJ/86,SST/86,17:38:00,17:39:00
958,OJ/86,SST/86,VM/86,17:44:00,17:44:00
958,SST/86,VM/86,LK/86,17:49:00,17:50:00
958,VM/86,LK/86,KD/86,17:55:00,17:56:00
958,LK/86,KD/86,TL/86,18:03:00,18:05:00
958,KD/86,TL/86,FA/86,18:11:00,18:11:00
959,FA/86,TL/86,KD/86,17:46:00,17:46:00
959,TL/86,KD/86,LK/86,17:52:00,17:54:00
959,KD/86,LK/86,VM/86,18:01:00,18:02:00
959,LK/86,VM/86,FZ/86,18:06:00,18:07:00
959,VM/86,FZ/86,OJ/86,18:10:00,18:10:00
959,FZ/86,OJ/86,RQ/86,18:17:00,18:19:00
959,OJ/86,RQ/86,TE/86,18:28:00,18:30:00
959,RQ/86,TE/86,KW/86,18:38:00,18:40:00
959,TE/86,KW/86,GST/86,18:47:00,18:48:00
959,KW/86,GST/86,SDB/86,18:58:00,18:59:00
966,SDB/86,GST/86,KW/86,18:56:00,18:59:00
966,GST/86,KW/86,TE/86,19:09:00,19:10:00
966,KW/86,TE/86,RQ/86,19:17:00,19:19:00
966,TE/86,RQ/86,OJ/86,19:27:00,19:29:00
966,RQ/86,OJ/86,SST/86,19:38:00,19:39:00
966,OJ/86,SST/86,VM/86,19:44:00,19:44:00
966,SST/86,VM/86,LK/86,19:49:00,19:50:00
966,VM/86,LK/86,KD/86,19:55:00,19:56:00
966,LK/86,KD/86,TL/86,20:03:00,20:05:00
966,KD/86,TL/86,FA/86,20:11:00,20:11:00
967,FA/86,TL/86,KD/86,19:46:00,19:46:00
967,TL/86,KD/86,LK/86,19:52:00,19:54:00
967,KD/86,LK/86,VM/86,20:01:00,20:02:00
967,LK/86,VM/86,FZ/86,20:06:00,20:07:00
967,VM/86,FZ/86,OJ/86,20:10:00,20:10:00
967,FZ/86,OJ/86,RQ/86,20:17:00,20:19:00
967,OJ/86,RQ/86,TE/86,20:28:00,20:30:00
967,RQ/86,TE/86,KW/86,20:38:00,20:40:00
967,TE/86,KW/86,GST/86,20:47:00,20:48:00
967,KW/86,GST/86,SDB/86,20:58:00,20:59:00
974,SDB/86,GST/86,KW/86,20:56:00,20:59:00
974,GST/86,KW/86,TE/86,21:09:00,21:10:00
974,KW/86,TE/86,RQ/86,21:17:00,21:19:00
974,TE/86,RQ/86,OJ/86,21:27:00,21:29:00
974,RQ/86,OJ/86,SST/86,21:38:00,21:39:00
974,OJ/86,SST/86,VM/86,21:44:00,21:44:00
974,SST/86,VM/86,LK/86,21:49:00,21:50:00
974,VM/86,LK/86,KD/86,21:55:00,21:56:00
974,LK/86,KD/86,TL/86,22:03:00,22:05:00
974,KD/86,TL/86,FA/86,22:11:00,22:11:00
975,FA/86,TL/86,KD/86,21:46:00,21:46:00
975,TL/86,KD/86,LK/86,21:52:00,21:54:00
975,KD/86,LK/86,VM/86,22:01:00,22:02:00
975,LK/86,VM/86,FZ/86,22:06:00,22:07:00
975,VM/86,FZ/86,OJ/86,22:10:00,22:10:00
975,FZ/86,OJ/86,RQ/86,22:17:00,22:19:00
975,OJ/86,RQ/86,TE/86,22:28:00,22:30:00
975,RQ/86,TE/86,KW/86,22:38:00,22:40:00
975,TE/86,KW/86,GST/86,22:47:00,22:48:00
975,KW/86,GST/86,SDB/86,22:58:00,22:59:00
982,SDB/86,GST/86,KW/86,22:56:00,22:59:00
982,GST/86,KW/86,TE/86,23:09:00,23:10:00
982,KW/86,TE/86,RQ/86,23:17:00,23:19:00
982,TE/86,RQ/86,OJ/86,23:27:00,23:29:00
982,RQ/86,OJ/86,SST/86,23:38:00,23:39:00
982,OJ/86,SST/86,VM/86,23:44:00,23:44:00
982,SST/86,VM/86,LK/86,23:49:00,23:50:00
982,VM/86,LK/86,KD/86,23:55:00,23:56:00
982,LK/86,KD/86,TL/86,24:03:00,24:05:00
982,KD/86,TL/86,FA/86,24:11:00,24:11:00
983,FA/86,TL/86,KD/86,24:01:00,24:01:00
983,TL/86,KD/86,LK/86,24:07:00,24:09:00
983,KD/86,LK/86,VM/86,24:16:00,24:17:00
983,LK/86,VM/86,FZ/86,24:21:00,24:22:00
983,VM/86,FZ/86,OJ/86,24:25:00,24:25:00
983,FZ/86,OJ/86,RQ/86,24:32:00,24:34:00
983,OJ/86,RQ/86,TE/86,24:43:00,24:45:00
983,RQ/86,TE/86,KW/86,24:53:00,24:55:00
983,TE/86,KW/86,GST/86,25:02:00,25:03:00
983,KW/86,GST/86,SDB/86,25:13:00,25:14:00
