TrainCategory,TrainId,FromStation,DepartureFromStation,ToStation,ArrivalToStation,Demand,Distance_KM,Electrified
EX,1199,KH/86,18:22:00,GB/86,18:25:00,158,3.2,true
EX,1199,GB/86,18:25:00,RG/86,18:50:00,158,58.5,true
EX,1199,RG/86,18:52:00,FJ/86,18:56:00,155,7.6,true
EX,1199,FJ/86,18:56:00,OD/86,19:33:00,155,88.8,true
EX,1199,OD/86,19:36:00,HP/86,19:41:00,119,8.6,true
EX,1199,HP/86,19:41:00,KD/86,20:12:00,119,65.1,true
EX,1199,KD/86,20:15:00,LK/86,20:22:00,118,12.9,true
EX,1199,LK/86,20:22:00,PA/86,20:57:00,118,76.9,true
EX,1199,PA/86,21:02:00,PAGR/86,21:03:00,0,1.0,true
EX,1199,PAGR/86,21:03:00,ASW/80,21:28:00,0,41.4,true
EX,1199,ASW/80,21:30:00,AR/80,22:00:00,0,24.5,true
EX,1199,AR/80,22:00:00,HMB/80,23:04:00,0,117.6,true
EX,1198,HMB/80,06:50:00,ADF/80,06:57:00,0,1.8,true
EX,1198,ADF/80,06:57:00,ASW/80,08:24:00,0,140.3,true
EX,1198,ASW/80,08:26:00,AFW/80,08:40:00,0,33.2,true
EX,1198,AFW/80,08:40:00,PA/86,08:54:00,0,9.2,true
EX,1198,PA/86,09:03:00,VK/86,09:07:00,6,6.8,true
EX,1198,VK/86,09:07:00,KD/86,09:44:00,6,83.0,true
EX,1198,KD/86,09:46:00,TL/86,09:52:00,18,11.3,true
EX,1198,TL/86,09:52:00,OD/86,10:24:00,18,62.4,true
EX,1198,OD/86,10:27:00,MV/86,10:31:00,65,9.3,true
EX,1198,MV/86,10:31:00,RG/86,11:07:00,65,87.1,true
EX,1198,RG/86,11:09:00,ADA/86,11:13:00,68,5.0,true
EX,1198,ADA/86,11:13:00,KH/86,11:38:00,68,56.7,true
EX,1191,KH/86,05:22:00,GB/86,05:25:00,33,3.2,true
EX,1191,GB/86,05:25:00,RG/86,05:50:00,33,58.5,true
EX,1191,RG/86,05:52:00,FJ/86,05:56:00,45,7.6,true
EX,1191,FJ/86,05:56:00,OD/86,06:33:00,45,88.8,true
EX,1191,OD/86,06:36:00,HP/86,06:41:00,58,8.6,true
EX,1191,HP/86,06:41:00,KD/86,07:12:00,58,65.1,true
EX,1191,KD/86,07:15:00,LK/86,07:22:00,11,12.9,true
EX,1191,LK/86,07:22:00,PA/86,07:57:00,11,76.9,true
EX,1191,PA/86,08:02:00,PAGR/86,08:03:00,0,1.0,true
EX,1191,PAGR/86,08:03:00,ASW/80,08:28:00,0,41.4,true
EX,1191,ASW/80,08:30:00,AR/80,09:00:00,0,24.5,true
EX,1191,AR/80,09:00:00,HMB/80,10:04:00,0,117.6,true
EX,1196,HMB/80,11:52:00,ADF/80,11:57:00,0,1.8,true
EX,1196,ADF/80,11:57:00,ASW/80,13:25:00,0,140.3,true
EX,1196,ASW/80,13:27:00,AFW/80,13:40:00,0,33.2,true
EX,1196,AFW/80,13:40:00,PA/86,13:53:00,0,9.2,true
EX,1196,PA/86,14:03:00,VK/86,14:07:00,31,6.8,true
EX,1196,VK/86,14:07:00,KD/86,14:44:00,31,83.0,true
EX,1196,KD/86,14:46:00,TL/86,14:52:00,45,11.3,true
EX,1196,TL/86,14:52:00,OD/86,15:24:00,45,62.4,true
EX,1196,OD/86,15:27:00,MV/86,15:31:00,149,9.3,true
EX,1196,MV/86,15:31:00,RG/86,16:07:00,149,87.1,true
EX,1196,RG/86,16:09:00,ADA/86,16:13:00,146,5.0,true
EX,1196,ADA/86,16:13:00,KH/86,16:38:00,146,56.7,true
EX,398,HMB/80,08:55:00,ADF/80,08:56:00,0,1.8,true
EX,398,ADF/80,08:56:00,ASW/80,10:23:00,0,140.3,true
EX,398,ASW/80,10:25:00,AFW/80,10:40:00,0,33.2,true
EX,398,AFW/80,10:40:00,PA/86,10:53:00,0,9.2,true
EX,398,PA/86,11:03:00,VK/86,11:07:00,235,6.8,true
EX,398,VK/86,11:07:00,KD/86,11:44:00,235,83.0,true
EX,398,KD/86,11:46:00,TL/86,11:52:00,210,11.3,true
EX,398,TL/86,11:52:00,OD/86,12:24:00,210,62.4,true
EX,398,OD/86,12:27:00,MV/86,12:31:00,237,9.3,true
EX,398,MV/86,12:31:00,RG/86,13:07:00,237,87.1,true
EX,398,RG/86,13:09:00,ADA/86,13:12:00,243,5.0,true
EX,398,ADA/86,13:12:00,KH/86,13:38:00,243,56.7,true
EX,399,KH/86,16:22:00,GB/86,16:25:00,201,3.2,true
EX,399,GB/86,16:25:00,RG/86,16:50:00,201,58.5,true
EX,399,RG/86,16:52:00,FJ/86,16:56:00,133,7.6,true
EX,399,FJ/86,16:56:00,OD/86,17:33:00,133,88.8,true
EX,399,OD/86,17:36:00,HP/86,17:41:00,76,8.6,true
EX,399,HP/86,17:41:00,KD/86,18:12:00,76,65.1,true
EX,399,KD/86,18:15:00,LK/86,18:22:00,81,12.9,true
EX,399,LK/86,18:22:00,PA/86,18:57:00,81,76.9,true
EX,399,PA/86,19:02:00,PAGR/86,19:03:00,0,1.0,true
EX,399,PAGR/86,19:03:00,ASW/80,19:29:00,0,41.4,true
EX,399,ASW/80,19:31:00,AR/80,20:00:00,0,24.5,true
EX,399,AR/80,20:00:00,HMB/80,21:04:00,0,117.6,true
EX,393,KH/86,08:22:00,GB/86,08:25:00,193,3.2,true
EX,393,GB/86,08:25:00,RG/86,08:50:00,193,58.5,true
EX,393,RG/86,08:52:00,FJ/86,08:56:00,206,7.6,true
EX,393,FJ/86,08:56:00,OD/86,09:33:00,206,88.8,true
EX,393,OD/86,09:36:00,HP/86,09:41:00,180,8.6,true
EX,393,HP/86,09:41:00,KD/86,10:12:00,180,65.1,true
EX,393,KD/86,10:15:00,LK/86,10:22:00,229,12.9,true
EX,393,LK/86,10:22:00,PA/86,10:57:00,229,76.9,true
EX,393,PA/86,11:02:00,PAGR/86,11:03:00,0,1.0,true
EX,393,PAGR/86,11:03:00,ASW/80,11:28:00,0,41.4,true
EX,393,ASW/80,11:30:00,AR/80,12:00:00,0,24.5,true
EX,393,AR/80,12:00:00,HMB/80,13:06:00,0,117.6,true
EX,396,HMB/80,10:53:00,ADF/80,10:56:00,0,1.8,true
EX,396,ADF/80,10:56:00,ASW/80,12:26:00,0,140.3,true
EX,396,ASW/80,12:28:00,AFW/80,12:40:00,0,33.2,true
EX,396,AFW/80,12:40:00,PA/86,12:53:00,0,9.2,true
EX,396,PA/86,13:03:00,VK/86,13:07:00,219,6.8,true
EX,396,VK/86,13:07:00,KD/86,13:44:00,219,83.0,true
EX,396,KD/86,13:46:00,TL/86,13:52:00,200,11.3,true
EX,396,TL/86,13:52:00,OD/86,14:24:00,200,62.4,true
EX,396,OD/86,14:27:00,MV/86,14:31:00,256,9.3,true
EX,396,MV/86,14:31:00,RG/86,15:07:00,256,87.1,true
EX,396,RG/86,15:09:00,ADA/86,15:12:00,274,5.0,true
EX,396,ADA/86,15:12:00,KH/86,15:38:00,274,56.7,true
EX,394,HMB/80,14:53:00,ADF/80,14:56:00,0,1.8,true
EX,394,ADF/80,14:56:00,ASW/80,16:26:00,0,140.3,true
EX,394,ASW/80,16:28:00,AFW/80,16:40:00,0,33.2,true
EX,394,AFW/80,16:40:00,PA/86,16:53:00,0,9.2,true
EX,394,PA/86,17:03:00,VK/86,17:07:00,232,6.8,true
EX,394,VK/86,17:07:00,KD/86,17:44:00,232,83.0,true
EX,394,KD/86,17:46:00,TL/86,17:52:00,190,11.3,true
EX,394,TL/86,17:52:00,OD/86,18:24:00,190,62.4,true
EX,394,OD/86,18:27:00,MV/86,18:31:00,190,9.3,true
EX,394,MV/86,18:31:00,RG/86,19:07:00,190,87.1,true
EX,394,RG/86,19:09:00,ADA/86,19:12:00,189,5.0,true
EX,394,ADA/86,19:12:00,KH/86,19:38:00,189,56.7,true
EX,397,KH/86,14:22:00,GB/86,14:25:00,149,3.2,true
EX,397,GB/86,14:25:00,RG/86,14:50:00,149,58.5,true
EX,397,RG/86,14:52:00,FJ/86,14:56:00,146,7.6,true
EX,397,FJ/86,14:56:00,OD/86,15:33:00,146,88.8,true
EX,397,OD/86,15:36:00,HP/86,15:41:00,104,8.6,true
EX,397,HP/86,15:41:00,KD/86,16:12:00,104,65.1,true
EX,397,KD/86,16:15:00,LK/86,16:22:00,113,12.9,true
EX,397,LK/86,16:22:00,PA/86,16:57:00,113,76.9,true
EX,397,PA/86,17:02:00,PAGR/86,17:03:00,0,1.0,true
EX,397,PAGR/86,17:03:00,ASW/80,17:29:00,0,41.4,true
EX,397,ASW/80,17:31:00,AR/80,18:00:00,0,24.5,true
EX,397,AR/80,18:00:00,HMB/80,19:04:00,0,117.6,true
EX,392,HMB/80,18:50:00,ADF/80,18:57:00,0,1.8,true
EX,392,ADF/80,18:57:00,ASW/80,20:24:00,0,140.3,true
EX,392,ASW/80,20:26:00,AFW/80,20:40:00,0,33.2,true
EX,392,AFW/80,20:40:00,PA/86,20:53:00,0,9.2,true
EX,392,PA/86,21:03:00,VK/86,21:07:00,25,6.8,true
EX,392,VK/86,21:07:00,KD/86,21:44:00,25,83.0,true
EX,392,KD/86,21:46:00,TL/86,21:52:00,23,11.3,true
EX,392,TL/86,21:52:00,OD/86,22:24:00,23,62.4,true
EX,392,OD/86,22:27:00,MV/86,22:31:00,14,9.3,true
EX,392,MV/86,22:31:00,RG/86,23:07:00,14,87.1,true
EX,392,RG/86,23:09:00,ADA/86,23:12:00,15,5.0,true
EX,392,ADA/86,23:12:00,KH/86,23:37:00,15,56.7,true
EX,395,KH/86,12:22:00,GB/86,12:25:00,272,3.2,true
EX,395,GB/86,12:25:00,RG/86,12:50:00,272,58.5,true
EX,395,RG/86,12:52:00,FJ/86,12:56:00,282,7.6,true
EX,395,FJ/86,12:56:00,OD/86,13:33:00,282,88.8,true
EX,395,OD/86,13:36:00,HP/86,13:41:00,269,8.6,true
EX,395,HP/86,13:41:00,KD/86,14:12:00,269,65.1,true
EX,395,KD/86,14:15:00,LK/86,14:22:00,277,12.9,true
EX,395,LK/86,14:22:00,PA/86,14:57:00,277,76.9,true
EX,395,PA/86,15:02:00,PAGR/86,15:03:00,0,1.0,true
EX,395,PAGR/86,15:03:00,ASW/80,15:28:00,0,41.4,true
EX,395,ASW/80,15:30:00,AR/80,16:00:00,0,24.5,true
EX,395,AR/80,16:00:00,HMB/80,17:04:00,0,117.6,true
IC,202,OD/86,05:07:00,MV/86,05:12:00,23,9.3,true
IC,202,MV/86,05:12:00,NG/86,05:22:00,23,19.4,true
IC,202,NG/86,05:24:00,SPR/86,05:29:00,36,11.4,true
IC,202,SPR/86,05:29:00,SG/86,05:42:00,36,27.3,true
IC,202,SG/86,05:44:00,SO/86,05:51:00,92,14.6,true
IC,202,SO/86,05:53:00,FJ/86,05:57:00,92,6.8,true
IC,202,FJ/86,05:57:00,RG/86,06:02:00,92,7.6,true
IC,202,RG/86,06:04:00,KY/86,06:08:00,126,7.3,true
IC,202,KY/86,06:08:00,RO/86,06:18:00,126,25.3,true
IC,202,RO/86,06:20:00,TRK/86,06:23:00,140,3.1,true
IC,202,TRK/86,06:24:00,HH/86,06:26:00,140,4.0,true
IC,202,HH/86,06:26:00,HTÅ/86,06:29:00,140,4.7,true
IC,202,HTÅ/86,06:31:00,GL/86,06:35:00,162,8.3,true
IC,202,GL/86,06:35:00,NEL/86,06:40:00,162,7.6,true
IC,202,NEL/86,06:42:00,KLV/86,06:44:00,162,3.2,true
IC,202,KLV/86,06:44:00,ØRE/86,06:46:00,162,2.1,true
IC,202,ØRE/86,06:47:00,TÅT/86,06:49:00,162,1.6,true
IC,202,TÅT/86,06:50:00,CPH/86,06:54:00,162,3.3,true
IC,80169,HGL/86,17:35:00,KK/86,17:38:00,0,2.1,true
IC,80169,KK/86,17:41:00,KN/86,17:44:00,26,1.6,true
IC,80169,KN/86,17:44:00,KH/86,17:47:00,26,1.5,true
IC,80169,KH/86,17:50:00,VAL/86,17:53:00,184,3.9,true
IC,80169,VAL/86,17:55:00,HIF/86,17:58:00,184,3.4,true
IC,80169,HIF/86,17:58:00,HTÅ/86,18:04:00,184,12.2,true
IC,80169,HTÅ/86,18:05:00,HH/86,18:08:00,194,4.7,true
IC,80169,HH/86,18:08:00,RO/86,18:12:00,194,7.1,true
IC,80169,RO/86,18:14:00,VY/86,18:19:00,164,11.2,true
IC,80169,VY/86,18:19:00,RG/86,18:29:00,164,21.4,true
IC,80169,RG/86,18:31:00,FJ/86,18:36:00,146,7.6,true
IC,80169,FJ/86,18:36:00,SO/86,18:39:00,146,6.8,true
IC,80169,SO/86,18:40:00,SG/86,18:48:00,146,14.6,true
IC,80169,SG/86,18:50:00,FO/86,18:54:00,103,7.1,true
IC,80169,FO/86,18:54:00,KØ/86,18:58:00,103,8.3,true
IC,80169,KØ/86,18:59:00,SPR/86,19:05:00,95,11.9,true
IC,80169,SPR/86,19:05:00,NG/86,19:10:00,95,11.4,true
IC,80169,NG/86,19:12:00,JU/86,19:15:00,73,5.0,true
IC,80169,JU/86,19:15:00,LV/86,19:20:00,73,10.0,true
IC,80169,LV/86,19:21:00,MV/86,19:24:00,73,4.4,true
IC,80169,MV/86,19:24:00,OD/86,19:28:00,73,9.3,true
IC,80169,OD/86,19:31:00,HP/86,19:35:00,47,8.6,true
IC,80169,HP/86,19:35:00,MD/86,19:53:00,47,41.5,true
IC,80169,MD/86,19:54:00,SNO/86,19:58:00,41,5.9,true
IC,80169,SNO/86,19:58:00,FA/86,20:02:00,41,4.3,true
IC,2376,FA/86,23:12:00,TL/86,23:17:00,55,8.6,true
IC,2376,TL/86,23:18:00,KD/86,23:25:00,55,11.3,true
IC,2376,KD/86,23:27:00,LK/86,23:34:00,29,12.9,true
IC,2376,LK/86,23:35:00,VN/86,23:41:00,27,11.6,true
IC,2376,VN/86,23:42:00,BP/86,23:47:00,27,7.8,true
IC,2376,BP/86,23:48:00,HQ/86,23:53:00,27,6.5,true
IC,2376,HQ/86,23:54:00,GØ/86,23:59:00,27,7.4,true
IC,2376,GØ/86,23:59:00,BM/86,00:03:00,27,6.0,true
IC,2376,BM/86,00:05:00,TB/86,00:09:00,21,8.1,true
IC,2376,TB/86,00:09:00,ES/86,00:15:00,21,8.3,true
IC,193,KH/86,23:50:00,VAL/86,23:53:00,213,3.9,true
IC,193,VAL/86,23:55:00,HIF/86,23:58:00,213,3.4,true
IC,193,HIF/86,23:58:00,HTÅ/86,00:04:00,213,12.2,true
IC,193,HTÅ/86,00:05:00,HH/86,00:08:00,208,4.7,true
IC,193,HH/86,00:08:00,RO/86,00:12:00,208,7.1,true
IC,193,RO/86,00:14:00,VY/86,00:19:00,169,11.2,true
IC,193,VY/86,00:19:00,RG/86,00:29:00,169,21.4,true
IC,193,RG/86,00:31:00,FJ/86,00:36:00,149,7.6,true
IC,193,FJ/86,00:36:00,SO/86,00:39:00,149,6.8,true
IC,193,SO/86,00:40:00,SG/86,00:48:00,149,14.6,true
IC,193,SG/86,00:50:00,FO/86,00:54:00,89,7.1,true
IC,193,FO/86,00:54:00,KØ/86,00:58:00,89,8.3,true
IC,193,KØ/86,00:59:00,SPR/86,01:05:00,83,11.9,true
IC,193,SPR/86,01:05:00,NG/86,01:10:00,83,11.4,true
IC,193,NG/86,01:12:00,JU/86,01:15:00,40,5.0,true
IC,193,JU/86,01:15:00,LV/86,01:20:00,40,10.0,true
IC,193,LV/86,01:21:00,MV/86,01:24:00,40,4.4,true
IC,193,MV/86,01:24:00,OD/86,01:28:00,40,9.3,true
IC,814,ES/86,06:32:00,JNE/86,06:34:00,55,2.4,true
IC,814,JNE/86,06:34:00,BM/86,06:41:00,55,14.0,true
IC,814,BM/86,06:43:00,GØ/86,06:46:00,85,6.0,true
IC,814,GØ/86,06:46:00,VN/86,06:56:00,85,21.7,true
IC,814,VN/86,06:57:00,LK/86,07:04:00,85,11.6,true
IC,814,LK/86,07:04:00,KD/86,07:11:00,85,12.9,true
IC,814,KD/86,07:13:00,TL/86,07:18:00,166,11.3,true
IC,814,TL/86,07:18:00,MD/86,07:26:00,166,12.3,true
IC,814,MD/86,07:28:00,KA/86,07:31:00,191,6.1,true
IC,814,KA/86,07:31:00,OD/86,07:52:00,191,44.0,true
IC,814,OD/86,08:00:00,MV/86,08:05:00,173,9.3,true
IC,814,MV/86,08:05:00,NG/86,08:12:00,173,19.4,true
IC,814,NG/86,08:14:00,SPR/86,08:19:00,208,11.4,true
IC,814,SPR/86,08:19:00,KØ/86,08:25:00,208,11.9,true
IC,814,KØ/86,08:27:00,FO/86,08:31:00,226,8.3,true
IC,814,FO/86,08:31:00,SG/86,08:34:00,226,7.1,true
IC,814,SG/86,08:36:00,SO/86,08:43:00,281,14.6,true
IC,814,SO/86,08:45:00,FJ/86,08:48:00,281,6.8,true
IC,814,FJ/86,08:48:00,RG/86,08:52:00,281,7.6,true
IC,814,RG/86,08:54:00,ADA/86,08:58:00,305,5.0,true
IC,814,ADA/86,08:58:00,KJN/86,09:06:00,305,21.4,true
IC,814,KJN/86,09:08:00,JSF/86,09:09:00,298,2.5,true
IC,814,JSF/86,09:09:00,NEL/86,09:21:00,298,28.2,true
IC,814,NEL/86,09:23:00,GB/86,09:24:00,298,1.4,true
IC,814,GB/86,09:24:00,KH/86,09:28:00,298,3.2,true
IC,814,KH/86,09:31:00,KN/86,09:33:00,135,1.5,true
IC,814,KN/86,09:34:00,KK/86,09:37:00,135,1.6,true
IC,814,KK/86,09:40:00,HGL/86,09:43:00,0,2.1,true
IC,181,KH/86,20:50:00,VAL/86,20:53:00,166,3.9,true
IC,181,VAL/86,20:55:00,HIF/86,20:58:00,166,3.4,true
IC,181,HIF/86,20:58:00,HTÅ/86,21:04:00,166,12.2,true
IC,181,HTÅ/86,21:05:00,HH/86,21:08:00,154,4.7,true
IC,181,HH/86,21:08:00,RO/86,21:12:00,154,7.1,true
IC,181,RO/86,21:14:00,VY/86,21:19:00,138,11.2,true
IC,181,VY/86,21:19:00,RG/86,21:29:00,138,21.4,true
IC,181,RG/86,21:31:00,FJ/86,21:36:00,121,7.6,true
IC,181,FJ/86,21:36:00,SO/86,21:39:00,121,6.8,true
IC,181,SO/86,21:40:00,SG/86,21:48:00,121,14.6,true
IC,181,SG/86,21:50:00,FO/86,21:54:00,101,7.1,true
IC,181,FO/86,21:54:00,KØ/86,21:58:00,101,8.3,true
IC,181,KØ/86,21:59:00,SPR/86,22:05:00,97,11.9,true
IC,181,SPR/86,22:05:00,NG/86,22:10:00,97,11.4,true
IC,181,NG/86,22:12:00,JU/86,22:15:00,76,5.0,true
IC,181,JU/86,22:15:00,LV/86,22:20:00,76,10.0,true
IC,181,LV/86,22:21:00,MV/86,22:24:00,76,4.4,true
IC,181,MV/86,22:24:00,OD/86,22:28:00,76,9.3,true
IC,181,OD/86,22:31:00,HP/86,22:35:00,75,8.6,true
IC,181,HP/86,22:35:00,MD/86,22:53:00,75,41.5,true
IC,181,MD/86,22:54:00,SNO/86,22:58:00,66,5.9,true
IC,181,SNO/86,22:58:00,FA/86,23:02:00,66,4.3,true
IC,181,FA/86,23:08:00,BK/86,23:14:00,31,11.9,false
IC,181,BK/86,23:15:00,BET/86,23:18:00,31,2.9,false
IC,181,BET/86,23:19:00,VJ/86,23:26:00,31,10.9,false
IC,181,VJ/86,23:28:00,HED/86,23:36:00,30,15.1,false
IC,181,HED/86,23:37:00,HS/86,23:46:00,30,16.3,false
IC,181,HS/86,23:48:00,HÅ/86,23:55:00,24,14.5,false
IC,181,HÅ/86,23:55:00,SD/86,00:01:00,24,14.1,false
IC,181,SD/86,00:03:00,HX/86,00:07:00,20,8.5,false
IC,181,HX/86,00:07:00,VI/86,00:12:00,20,9.6,false
IC,181,VI/86,00:13:00,KGV/86,00:15:00,20,1.7,false
IC,181,KGV/86,00:15:00,AR/86,00:18:00,20,3.0,false
IC,100,OD/86,04:09:00,MV/86,04:14:00,23,9.3,true
IC,100,MV/86,04:14:00,LV/86,04:16:00,23,4.4,true
IC,100,LV/86,04:17:00,UV/86,04:20:00,23,5.1,true
IC,100,UV/86,04:20:00,NG/86,04:25:00,23,9.9,true
IC,100,NG/86,04:27:00,SPR/86,04:33:00,33,11.4,true
IC,100,SPR/86,04:33:00,KØ/86,04:39:00,33,11.9,true
IC,100,KØ/86,04:40:00,FO/86,04:44:00,46,8.3,true
IC,100,FO/86,04:44:00,SG/86,04:48:00,46,7.1,true
IC,100,SG/86,04:50:00,SO/86,04:58:00,96,14.6,true
IC,100,SO/86,04:59:00,FJ/86,05:03:00,96,6.8,true
IC,100,FJ/86,05:03:00,RG/86,05:07:00,96,7.6,true
IC,100,RG/86,05:09:00,KY/86,05:14:00,124,7.3,true
IC,100,KY/86,05:14:00,RO/86,05:24:00,124,25.3,true
IC,100,RO/86,05:26:00,TRK/86,05:28:00,141,3.1,true
IC,100,TRK/86,05:28:00,HTÅ/86,05:33:00,141,8.7,true
IC,100,HTÅ/86,05:34:00,GL/86,05:39:00,130,8.3,true
IC,100,GL/86,05:39:00,VAL/86,05:43:00,130,7.3,true
IC,100,VAL/86,05:44:00,KH/86,05:50:00,130,3.9,true
IC,100,KH/86,05:55:00,KN/86,05:57:00,41,1.5,true
IC,100,KN/86,05:58:00,KK/86,06:01:00,41,1.6,true
IC,846,ES/86,14:32:00,JNE/86,14:34:00,47,2.4,true
IC,846,JNE/86,14:34:00,BM/86,14:41:00,47,14.0,true
IC,846,BM/86,14:43:00,GØ/86,14:46:00,73,6.0,true
IC,846,GØ/86,14:46:00,VN/86,14:56:00,73,21.7,true
IC,846,VN/86,14:57:00,LK/86,15:04:00,73,11.6,true
IC,846,LK/86,15:04:00,KD/86,15:11:00,73,12.9,true
IC,846,KD/86,15:13:00,TL/86,15:18:00,146,11.3,true
IC,846,TL/86,15:18:00,MD/86,15:26:00,146,12.3,true
IC,846,MD/86,15:28:00,KA/86,15:31:00,177,6.1,true
IC,846,KA/86,15:31:00,OD/86,15:52:00,177,44.0,true
IC,846,OD/86,16:00:00,MV/86,16:05:00,223,9.3,true
IC,846,MV/86,16:05:00,NG/86,16:12:00,223,19.4,true
IC,846,NG/86,16:14:00,SPR/86,16:19:00,222,11.4,true
IC,846,SPR/86,16:19:00,KØ/86,16:25:00,222,11.9,true
IC,846,KØ/86,16:27:00,FO/86,16:31:00,228,8.3,true
IC,846,FO/86,16:31:00,SG/86,16:34:00,228,7.1,true
IC,846,SG/86,16:36:00,SO/86,16:43:00,232,14.6,true
IC,846,SO/86,16:45:00,FJ/86,16:48:00,232,6.8,true
IC,846,FJ/86,16:48:00,RG/86,16:52:00,232,7.6,true
IC,846,RG/86,16:54:00,ADA/86,16:58:00,224,5.0,true
IC,846,ADA/86,16:58:00,KJN/86,17:06:00,224,21.4,true
IC,846,KJN/86,17:08:00,JSF/86,17:09:00,169,2.5,true
IC,846,JSF/86,17:09:00,NEL/86,17:21:00,169,28.2,true
IC,846,NEL/86,17:23:00,GB/86,17:24:00,169,1.4,true
IC,846,GB/86,17:24:00,KH/86,17:28:00,169,3.2,true
IC,846,KH/86,17:31:00,KN/86,17:33:00,53,1.5,true
IC,846,KN/86,17:34:00,KK/86,17:37:00,53,1.6,true
IC,846,KK/86,17:40:00,HGL/86,17:43:00,0,2.1,true
IC,5752,FLB/80,08:05:00,AHAL/80,08:12:00,0,5.6,true
IC,5752,AHAL/80,08:12:00,PA/86,08:15:00,0,6.3,true
IC,5752,PA/86,08:21:00,VK/86,08:25:00,9,6.8,true
IC,5752,VK/86,08:25:00,TE/86,08:30:00,9,7.6,true
IC,5752,TE/86,08:32:00,RQ/86,08:40:00,28,15.7,true
IC,5752,RQ/86,08:41:00,OJ/86,08:51:00,28,20.4,true
IC,5752,OJ/86,08:52:00,SST/86,08:57:00,28,7.4,true
IC,5752,SST/86,08:57:00,VM/86,09:02:00,28,13.0,true
IC,5752,VM/86,09:03:00,LK/86,09:08:00,28,6.0,true
IC,5752,LK/86,09:09:00,KD/86,09:16:00,30,12.9,true
IC,5752,KD/86,09:18:00,TL/86,09:24:00,18,11.3,true
IC,5752,TL/86,09:24:00,FA/86,09:30:00,18,8.6,true
IC,5753,FA/86,06:30:00,TL/86,06:35:00,17,8.6,true
IC,5753,TL/86,06:35:00,KD/86,06:40:00,17,11.3,true
IC,5753,KD/86,06:43:00,LK/86,06:50:00,12,12.9,true
IC,5753,LK/86,06:51:00,VM/86,06:55:00,14,6.0,true
IC,5753,VM/86,06:56:00,FZ/86,06:59:00,14,5.0,true
IC,5753,FZ/86,06:59:00,OJ/86,07:06:00,14,15.4,true
IC,5753,OJ/86,07:08:00,RQ/86,07:17:00,14,20.4,true
IC,5753,RQ/86,07:19:00,TE/86,07:27:00,14,15.7,true
IC,5753,TE/86,07:29:00,VK/86,07:34:00,13,7.6,true
IC,5753,VK/86,07:34:00,PA/86,07:39:00,13,6.8,true
IC,5753,PA/86,07:42:00,PAGR/86,07:43:00,0,1.0,true
IC,5753,PAGR/86,07:43:00,FLB/80,07:53:00,0,10.9,true
IC,5760,FLB/80,16:05:00,AHAL/80,16:12:00,0,5.6,true
IC,5760,AHAL/80,16:12:00,PA/86,16:15:00,0,6.3,true
IC,5760,PA/86,16:21:00,VK/86,16:25:00,8,6.8,true
IC,5760,VK/86,16:25:00,TE/86,16:30:00,8,7.6,true
IC,5760,TE/86,16:32:00,RQ/86,16:40:00,16,15.7,true
IC,5760,RQ/86,16:41:00,OJ/86,16:51:00,16,20.4,true
IC,5760,OJ/86,16:52:00,SST/86,16:57:00,16,7.4,true
IC,5760,SST/86,16:57:00,VM/86,17:02:00,16,13.0,true
IC,5760,VM/86,17:03:00,LK/86,17:08:00,16,6.0,true
IC,5760,LK/86,17:09:00,KD/86,17:16:00,14,12.9,true
IC,5760,KD/86,17:18:00,TL/86,17:24:00,21,11.3,true
IC,5760,TL/86,17:24:00,FA/86,17:30:00,21,8.6,true
IC,5761,FA/86,14:30:00,TL/86,14:35:00,27,8.6,true
IC,5761,TL/86,14:35:00,KD/86,14:40:00,27,11.3,true
IC,5761,KD/86,14:43:00,LK/86,14:50:00,49,12.9,true
IC,5761,LK/86,14:51:00,VM/86,14:55:00,46,6.0,true
IC,5761,VM/86,14:56:00,FZ/86,14:59:00,46,5.0,true
IC,5761,FZ/86,14:59:00,OJ/86,15:06:00,46,15.4,true
IC,5761,OJ/86,15:08:00,RQ/86,15:17:00,46,20.4,true
IC,5761,RQ/86,15:19:00,TE/86,15:27:00,46,15.7,true
IC,5761,TE/86,15:29:00,VK/86,15:34:00,22,7.6,true
IC,5761,VK/86,15:34:00,PA/86,15:39:00,22,6.8,true
IC,5761,PA/86,15:42:00,PAGR/86,15:43:00,0,1.0,true
IC,5761,PAGR/86,15:43:00,FLB/80,15:53:00,0,10.9,true
IC,112,FA/86,06:56:00,SNO/86,06:59:00,158,4.3,true
IC,112,SNO/86,06:59:00,MD/86,07:03:00,158,5.9,true
IC,112,MD/86,07:05:00,KA/86,07:09:00,198,6.1,true
IC,112,KA/86,07:09:00,OD/86,07:27:00,198,44.0,true
IC,112,OD/86,07:29:00,MV/86,07:34:00,269,9.3,true
IC,112,MV/86,07:34:00,LV/86,07:37:00,269,4.4,true
IC,112,LV/86,07:38:00,UV/86,07:41:00,269,5.1,true
IC,112,UV/86,07:41:00,NG/86,07:45:00,269,9.9,true
IC,112,NG/86,07:47:00,SPR/86,07:53:00,298,11.4,true
IC,112,SPR/86,07:53:00,KØ/86,07:59:00,298,11.9,true
IC,112,KØ/86,08:00:00,FO/86,08:04:00,305,8.3,true
IC,112,FO/86,08:04:00,SG/86,08:08:00,305,7.1,true
IC,112,SG/86,08:10:00,SO/86,08:18:00,376,14.6,true
IC,112,SO/86,08:19:00,FJ/86,08:23:00,376,6.8,true
IC,112,FJ/86,08:23:00,RG/86,08:27:00,376,7.6,true
IC,112,RG/86,08:29:00,KY/86,08:34:00,388,7.3,true
IC,112,KY/86,08:34:00,RO/86,08:44:00,388,25.3,true
IC,112,RO/86,08:46:00,TRK/86,08:48:00,391,3.1,true
IC,112,TRK/86,08:48:00,HTÅ/86,08:53:00,391,8.7,true
IC,112,HTÅ/86,08:54:00,GL/86,08:59:00,314,8.3,true
IC,112,GL/86,08:59:00,VAL/86,09:03:00,314,7.3,true
IC,112,VAL/86,09:04:00,KH/86,09:10:00,314,3.9,true
IC,112,KH/86,09:13:00,KN/86,09:15:00,141,1.5,true
IC,112,KN/86,09:16:00,KK/86,09:19:00,141,1.6,true
IC,112,KK/86,09:22:00,HGL/86,09:25:00,0,2.1,true
IC,113,KH/86,03:50:00,VAL/86,03:53:00,49,3.9,true
IC,113,VAL/86,03:55:00,HIF/86,03:58:00,49,3.4,true
IC,113,HIF/86,03:58:00,HTÅ/86,04:04:00,49,12.2,true
IC,113,HTÅ/86,04:05:00,HH/86,04:08:00,34,4.7,true
IC,113,HH/86,04:08:00,RO/86,04:12:00,34,7.1,true
IC,113,RO/86,04:14:00,VY/86,04:19:00,32,11.2,true
IC,113,VY/86,04:19:00,RG/86,04:29:00,32,21.4,true
IC,113,RG/86,04:31:00,FJ/86,04:36:00,32,7.6,true
IC,113,FJ/86,04:36:00,SO/86,04:39:00,32,6.8,true
IC,113,SO/86,04:40:00,SG/86,04:48:00,32,14.6,true
IC,113,SG/86,04:50:00,FO/86,04:54:00,30,7.1,true
IC,113,FO/86,04:54:00,KØ/86,04:58:00,30,8.3,true
IC,113,KØ/86,04:59:00,SPR/86,05:05:00,29,11.9,true
IC,113,SPR/86,05:05:00,NG/86,05:10:00,29,11.4,true
IC,113,NG/86,05:12:00,JU/86,05:15:00,32,5.0,true
IC,113,JU/86,05:15:00,LV/86,05:20:00,32,10.0,true
IC,113,LV/86,05:21:00,MV/86,05:24:00,32,4.4,true
IC,113,MV/86,05:24:00,OD/86,05:28:00,32,9.3,true
IC,113,OD/86,05:31:00,HP/86,05:35:00,48,8.6,true
IC,113,HP/86,05:35:00,MD/86,05:53:00,48,41.5,true
IC,113,MD/86,05:54:00,SNO/86,05:58:00,47,5.9,true
IC,113,SNO/86,05:58:00,FA/86,06:02:00,47,4.3,true
IC,116,FA/86,07:56:00,SNO/86,07:59:00,114,4.3,true
IC,116,SNO/86,07:59:00,MD/86,08:03:00,114,5.9,true
IC,116,MD/86,08:05:00,KA/86,08:09:00,115,6.1,true
IC,116,KA/86,08:09:00,OD/86,08:27:00,115,44.0,true
IC,116,OD/86,08:29:00,MV/86,08:34:00,110,9.3,true
IC,116,MV/86,08:34:00,LV/86,08:37:00,110,4.4,true
IC,116,LV/86,08:38:00,UV/86,08:41:00,110,5.1,true
IC,116,UV/86,08:41:00,NG/86,08:45:00,110,9.9,true
IC,116,NG/86,08:47:00,SPR/86,08:53:00,122,11.4,true
IC,116,SPR/86,08:53:00,KØ/86,08:59:00,122,11.9,true
IC,116,KØ/86,09:00:00,FO/86,09:04:00,128,8.3,true
IC,116,FO/86,09:04:00,SG/86,09:08:00,128,7.1,true
IC,116,SG/86,09:10:00,SO/86,09:18:00,161,14.6,true
IC,116,SO/86,09:19:00,FJ/86,09:23:00,161,6.8,true
IC,116,FJ/86,09:23:00,RG/86,09:27:00,161,7.6,true
IC,116,RG/86,09:29:00,KY/86,09:34:00,169,7.3,true
IC,116,KY/86,09:34:00,RO/86,09:44:00,169,25.3,true
IC,116,RO/86,09:46:00,TRK/86,09:48:00,168,3.1,true
IC,116,TRK/86,09:48:00,HTÅ/86,09:53:00,168,8.7,true
IC,116,HTÅ/86,09:54:00,GL/86,09:59:00,145,8.3,true
IC,116,GL/86,09:59:00,VAL/86,10:03:00,145,7.3,true
IC,116,VAL/86,10:04:00,KH/86,10:10:00,145,3.9,true
IC,116,KH/86,10:13:00,KN/86,10:15:00,51,1.5,true
IC,116,KN/86,10:16:00,KK/86,10:19:00,51,1.6,true
IC,116,KK/86,10:22:00,HGL/86,10:25:00,0,2.1,true
IC,117,KH/86,04:50:00,VAL/86,04:53:00,60,3.9,true
IC,117,VAL/86,04:55:00,HIF/86,04:58:00,60,3.4,true
IC,117,HIF/86,04:58:00,HTÅ/86,05:04:00,60,12.2,true
IC,117,HTÅ/86,05:05:00,HH/86,05:08:00,40,4.7,true
IC,117,HH/86,05:08:00,RO/86,05:12:00,40,7.1,true
IC,117,RO/86,05:14:00,VY/86,05:19:00,54,11.2,true
IC,117,VY/86,05:19:00,RG/86,05:29:00,54,21.4,true
IC,117,RG/86,05:31:00,FJ/86,05:36:00,55,7.6,true
IC,117,FJ/86,05:36:00,SO/86,05:39:00,55,6.8,true
IC,117,SO/86,05:40:00,SG/86,05:48:00,55,14.6,true
IC,117,SG/86,05:50:00,FO/86,05:54:00,59,7.1,true
IC,117,FO/86,05:54:00,KØ/86,05:58:00,59,8.3,true
IC,117,KØ/86,05:59:00,SPR/86,06:05:00,63,11.9,true
IC,117,SPR/86,06:05:00,NG/86,06:10:00,63,11.4,true
IC,117,NG/86,06:12:00,JU/86,06:15:00,78,5.0,true
IC,117,JU/86,06:15:00,LV/86,06:20:00,78,10.0,true
IC,117,LV/86,06:21:00,MV/86,06:24:00,78,4.4,true
IC,117,MV/86,06:24:00,OD/86,06:28:00,78,9.3,true
IC,117,OD/86,06:31:00,HP/86,06:35:00,98,8.6,true
IC,117,HP/86,06:35:00,MD/86,06:53:00,98,41.5,true
IC,117,MD/86,06:54:00,SNO/86,06:58:00,107,5.9,true
IC,117,SNO/86,06:58:00,FA/86,07:02:00,107,4.3,true
IC,120,AR/86,07:50:00,KGV/86,07:52:00,254,3.0,false
IC,120,KGV/86,07:52:00,SD/86,08:02:00,254,19.8,false
IC,120,SD/86,08:03:00,HÅ/86,08:10:00,222,14.1,false
IC,120,HÅ/86,08:10:00,HS/86,08:17:00,222,14.5,false
IC,120,HS/86,08:19:00,HED/86,08:27:00,171,16.3,false
IC,120,HED/86,08:27:00,VJ/86,08:34:00,171,15.1,false
IC,120,VJ/86,08:36:00,BET/86,08:41:00,125,10.9,false
IC,120,BET/86,08:41:00,FA/86,08:51:00,125,14.8,false
IC,120,FA/86,08:56:00,SNO/86,08:59:00,112,4.3,true
IC,120,SNO/86,08:59:00,MD/86,09:03:00,112,5.9,true
IC,120,MD/86,09:05:00,KA/86,09:09:00,101,6.1,true
IC,120,KA/86,09:09:00,OD/86,09:27:00,101,44.0,true
IC,120,OD/86,09:29:00,MV/86,09:34:00,97,9.3,true
IC,120,MV/86,09:34:00,LV/86,09:37:00,97,4.4,true
IC,120,LV/86,09:38:00,UV/86,09:41:00,97,5.1,true
IC,120,UV/86,09:41:00,NG/86,09:45:00,97,9.9,true
IC,120,NG/86,09:47:00,SPR/86,09:53:00,100,11.4,true
IC,120,SPR/86,09:53:00,KØ/86,09:59:00,100,11.9,true
IC,120,KØ/86,10:00:00,FO/86,10:04:00,108,8.3,true
IC,120,FO/86,10:04:00,SG/86,10:08:00,108,7.1,true
IC,120,SG/86,10:10:00,SO/86,10:18:00,131,14.6,true
IC,120,SO/86,10:19:00,FJ/86,10:23:00,131,6.8,true
IC,120,FJ/86,10:23:00,RG/86,10:27:00,131,7.6,true
IC,120,RG/86,10:29:00,KY/86,10:34:00,138,7.3,true
IC,120,KY/86,10:34:00,RO/86,10:44:00,138,25.3,true
IC,120,RO/86,10:46:00,TRK/86,10:48:00,146,3.1,true
IC,120,TRK/86,10:48:00,HTÅ/86,10:53:00,146,8.7,true
IC,120,HTÅ/86,10:54:00,GL/86,10:59:00,133,8.3,true
IC,120,GL/86,10:59:00,VAL/86,11:03:00,133,7.3,true
IC,120,VAL/86,11:04:00,KH/86,11:10:00,133,3.9,true
IC,120,KH/86,11:13:00,KN/86,11:15:00,52,1.5,true
IC,120,KN/86,11:16:00,KK/86,11:19:00,52,1.6,true
IC,121,KH/86,05:50:00,VAL/86,05:53:00,51,3.9,true
IC,121,VAL/86,05:55:00,HIF/86,05:58:00,51,3.4,true
IC,121,HIF/86,05:58:00,HTÅ/86,06:04:00,51,12.2,true
IC,121,HTÅ/86,06:05:00,HH/86,06:08:00,74,4.7,true
IC,121,HH/86,06:08:00,RO/86,06:12:00,74,7.1,true
IC,121,RO/86,06:14:00,VY/86,06:19:00,110,11.2,true
IC,121,VY/86,06:19:00,RG/86,06:29:00,110,21.4,true
IC,121,RG/86,06:31:00,FJ/86,06:36:00,135,7.6,true
IC,121,FJ/86,06:36:00,SO/86,06:39:00,135,6.8,true
IC,121,SO/86,06:40:00,SG/86,06:48:00,135,14.6,true
IC,121,SG/86,06:50:00,FO/86,06:54:00,137,7.1,true
IC,121,FO/86,06:54:00,KØ/86,06:58:00,137,8.3,true
IC,121,KØ/86,06:59:00,SPR/86,07:05:00,139,11.9,true
IC,121,SPR/86,07:05:00,NG/86,07:10:00,139,11.4,true
IC,121,NG/86,07:12:00,JU/86,07:15:00,212,5.0,true
IC,121,JU/86,07:15:00,LV/86,07:20:00,212,10.0,true
IC,121,LV/86,07:21:00,MV/86,07:24:00,212,4.4,true
IC,121,MV/86,07:24:00,OD/86,07:28:00,212,9.3,true
IC,121,OD/86,07:31:00,HP/86,07:35:00,153,8.6,true
IC,121,HP/86,07:35:00,MD/86,07:53:00,153,41.5,true
IC,121,MD/86,07:54:00,SNO/86,07:58:00,114,5.9,true
IC,121,SNO/86,07:58:00,FA/86,08:02:00,114,4.3,true
IC,124,FA/86,09:56:00,SNO/86,09:59:00,87,4.3,true
IC,124,SNO/86,09:59:00,MD/86,10:03:00,87,5.9,true
IC,124,MD/86,10:05:00,KA/86,10:09:00,81,6.1,true
IC,124,KA/86,10:09:00,OD/86,10:27:00,81,44.0,true
IC,124,OD/86,10:29:00,MV/86,10:34:00,97,9.3,true
IC,124,MV/86,10:34:00,LV/86,10:37:00,97,4.4,true
IC,124,LV/86,10:38:00,UV/86,10:41:00,97,5.1,true
IC,124,UV/86,10:41:00,NG/86,10:45:00,97,9.9,true
IC,124,NG/86,10:47:00,SPR/86,10:53:00,110,11.4,true
IC,124,SPR/86,10:53:00,KØ/86,10:59:00,110,11.9,true
IC,124,KØ/86,11:00:00,FO/86,11:04:00,117,8.3,true
IC,124,FO/86,11:04:00,SG/86,11:08:00,117,7.1,true
IC,124,SG/86,11:10:00,SO/86,11:18:00,132,14.6,true
IC,124,SO/86,11:19:00,FJ/86,11:23:00,132,6.8,true
IC,124,FJ/86,11:23:00,RG/86,11:27:00,132,7.6,true
IC,124,RG/86,11:29:00,KY/86,11:34:00,135,7.3,true
IC,124,KY/86,11:34:00,RO/86,11:44:00,135,25.3,true
IC,124,RO/86,11:46:00,TRK/86,11:48:00,135,3.1,true
IC,124,TRK/86,11:48:00,HTÅ/86,11:53:00,135,8.7,true
IC,124,HTÅ/86,11:54:00,GL/86,11:59:00,106,8.3,true
IC,124,GL/86,11:59:00,VAL/86,12:03:00,106,7.3,true
IC,124,VAL/86,12:04:00,KH/86,12:10:00,106,3.9,true
IC,125,KK/86,06:41:00,KN/86,06:43:00,48,1.6,true
IC,125,KN/86,06:44:00,KH/86,06:47:00,48,1.5,true
IC,125,KH/86,06:50:00,VAL/86,06:53:00,250,3.9,true
IC,125,VAL/86,06:55:00,HIF/86,06:58:00,250,3.4,true
IC,125,HIF/86,06:58:00,HTÅ/86,07:04:00,250,12.2,true
IC,125,HTÅ/86,07:05:00,HH/86,07:08:00,305,4.7,true
IC,125,HH/86,07:08:00,RO/86,07:12:00,305,7.1,true
IC,125,RO/86,07:14:00,VY/86,07:19:00,279,11.2,true
IC,125,VY/86,07:19:00,RG/86,07:29:00,279,21.4,true
IC,125,RG/86,07:31:00,FJ/86,07:36:00,282,7.6,true
IC,125,FJ/86,07:36:00,SO/86,07:39:00,282,6.8,true
IC,125,SO/86,07:40:00,SG/86,07:48:00,282,14.6,true
IC,125,SG/86,07:50:00,FO/86,07:54:00,226,7.1,true
IC,125,FO/86,07:54:00,KØ/86,07:58:00,226,8.3,true
IC,125,KØ/86,07:59:00,SPR/86,08:05:00,220,11.9,true
IC,125,SPR/86,08:05:00,NG/86,08:10:00,220,11.4,true
IC,125,NG/86,08:12:00,JU/86,08:15:00,220,5.0,true
IC,125,JU/86,08:15:00,LV/86,08:20:00,220,10.0,true
IC,125,LV/86,08:21:00,MV/86,08:24:00,220,4.4,true
IC,125,MV/86,08:24:00,OD/86,08:28:00,220,9.3,true
IC,125,OD/86,08:31:00,HP/86,08:35:00,149,8.6,true
IC,125,HP/86,08:35:00,MD/86,08:53:00,149,41.5,true
IC,125,MD/86,08:54:00,SNO/86,08:58:00,127,5.9,true
IC,125,SNO/86,08:58:00,FA/86,09:02:00,127,4.3,true
IC,125,FA/86,09:09:00,BK/86,09:15:00,115,11.9,false
IC,125,BK/86,09:15:00,VJ/86,09:22:00,115,13.8,false
IC,125,VJ/86,09:24:00,HED/86,09:31:00,104,15.1,false
IC,125,HED/86,09:31:00,HS/86,09:38:00,104,16.3,false
IC,125,HS/86,09:40:00,HÅ/86,09:47:00,102,14.5,false
IC,125,HÅ/86,09:47:00,SD/86,09:54:00,102,14.1,false
IC,125,SD/86,09:55:00,HX/86,10:00:00,95,8.5,false
IC,125,HX/86,10:00:00,AR/86,10:08:00,95,14.3,false
IC,128,FA/86,10:56:00,SNO/86,10:59:00,78,4.3,true
IC,128,SNO/86,10:59:00,MD/86,11:03:00,78,5.9,true
IC,128,MD/86,11:05:00,KA/86,11:09:00,77,6.1,true
IC,128,KA/86,11:09:00,OD/86,11:27:00,77,44.0,true
IC,128,OD/86,11:29:00,MV/86,11:34:00,97,9.3,true
IC,128,MV/86,11:34:00,LV/86,11:37:00,97,4.4,true
IC,128,LV/86,11:38:00,UV/86,11:41:00,97,5.1,true
IC,128,UV/86,11:41:00,NG/86,11:45:00,97,9.9,true
IC,128,NG/86,11:47:00,SPR/86,11:53:00,104,11.4,true
IC,128,SPR/86,11:53:00,KØ/86,11:59:00,104,11.9,true
IC,128,KØ/86,12:00:00,FO/86,12:04:00,107,8.3,true
IC,128,FO/86,12:04:00,SG/86,12:08:00,107,7.1,true
IC,128,SG/86,12:10:00,SO/86,12:18:00,125,14.6,true
IC,128,SO/86,12:19:00,FJ/86,12:23:00,125,6.8,true
IC,128,FJ/86,12:23:00,RG/86,12:27:00,125,7.6,true
IC,128,RG/86,12:29:00,KY/86,12:34:00,125,7.3,true
IC,128,KY/86,12:34:00,RO/86,12:44:00,125,25.3,true
IC,128,RO/86,12:46:00,TRK/86,12:48:00,125,3.1,true
IC,128,TRK/86,12:48:00,HTÅ/86,12:53:00,125,8.7,true
IC,128,HTÅ/86,12:54:00,GL/86,12:59:00,112,8.3,true
IC,128,GL/86,12:59:00,VAL/86,13:03:00,112,7.3,true
IC,128,VAL/86,13:04:00,KH/86,13:10:00,112,3.9,true
IC,128,KH/86,13:13:00,KN/86,13:15:00,34,1.5,true
IC,128,KN/86,13:16:00,KK/86,13:19:00,34,1.6,true
IC,129,KK/86,07:41:00,KN/86,07:43:00,85,1.6,true
IC,129,KN/86,07:44:00,KH/86,07:47:00,85,1.5,true
IC,129,KH/86,07:50:00,VAL/86,07:53:00,252,3.9,true
IC,129,VAL/86,07:55:00,HIF/86,07:58:00,252,3.4,true
IC,129,HIF/86,07:58:00,HTÅ/86,08:04:00,252,12.2,true
IC,129,HTÅ/86,08:05:00,HH/86,08:08:00,237,4.7,true
IC,129,HH/86,08:08:00,RO/86,08:12:00,237,7.1,true
IC,129,RO/86,08:14:00,VY/86,08:19:00,184,11.2,true
IC,129,VY/86,08:19:00,RG/86,08:29:00,184,21.4,true
IC,129,RG/86,08:31:00,FJ/86,08:36:00,166,7.6,true
IC,129,FJ/86,08:36:00,SO/86,08:39:00,166,6.8,true
IC,129,SO/86,08:40:00,SG/86,08:48:00,166,14.6,true
IC,129,SG/86,08:50:00,FO/86,08:54:00,131,7.1,true
IC,129,FO/86,08:54:00,KØ/86,08:58:00,131,8.3,true
IC,129,KØ/86,08:59:00,SPR/86,09:05:00,126,11.9,true
IC,129,SPR/86,09:05:00,NG/86,09:10:00,126,11.4,true
IC,129,NG/86,09:12:00,JU/86,09:15:00,118,5.0,true
IC,129,JU/86,09:15:00,LV/86,09:20:00,118,10.0,true
IC,129,LV/86,09:21:00,MV/86,09:24:00,118,4.4,true
IC,129,MV/86,09:24:00,OD/86,09:28:00,118,9.3,true
IC,129,OD/86,09:31:00,HP/86,09:35:00,68,8.6,true
IC,129,HP/86,09:35:00,MD/86,09:53:00,68,41.5,true
IC,129,MD/86,09:54:00,SNO/86,09:58:00,57,5.9,true
IC,129,SNO/86,09:58:00,FA/86,10:02:00,57,4.3,true
IC,132,FA/86,11:56:00,SNO/86,11:59:00,72,4.3,true
IC,132,SNO/86,11:59:00,MD/86,12:03:00,72,5.9,true
IC,132,MD/86,12:05:00,KA/86,12:09:00,72,6.1,true
IC,132,KA/86,12:09:00,OD/86,12:27:00,72,44.0,true
IC,132,OD/86,12:29:00,MV/86,12:34:00,94,9.3,true
IC,132,MV/86,12:34:00,LV/86,12:37:00,94,4.4,true
IC,132,LV/86,12:38:00,UV/86,12:41:00,94,5.1,true
IC,132,UV/86,12:41:00,NG/86,12:45:00,94,9.9,true
IC,132,NG/86,12:47:00,SPR/86,12:53:00,112,11.4,true
IC,132,SPR/86,12:53:00,KØ/86,12:59:00,112,11.9,true
IC,132,KØ/86,13:00:00,FO/86,13:04:00,117,8.3,true
IC,132,FO/86,13:04:00,SG/86,13:08:00,117,7.1,true
IC,132,SG/86,13:10:00,SO/86,13:18:00,143,14.6,true
IC,132,SO/86,13:19:00,FJ/86,13:23:00,143,6.8,true
IC,132,FJ/86,13:23:00,RG/86,13:27:00,143,7.6,true
IC,132,RG/86,13:29:00,KY/86,13:34:00,141,7.3,true
IC,132,KY/86,13:34:00,RO/86,13:44:00,141,25.3,true
IC,132,RO/86,13:46:00,TRK/86,13:48:00,165,3.1,true
IC,132,TRK/86,13:48:00,HTÅ/86,13:53:00,165,8.7,true
IC,132,HTÅ/86,13:54:00,GL/86,13:59:00,143,8.3,true
IC,132,GL/86,13:59:00,VAL/86,14:03:00,143,7.3,true
IC,132,VAL/86,14:04:00,KH/86,14:10:00,143,3.9,true
IC,132,KH/86,14:13:00,KN/86,14:15:00,47,1.5,true
IC,132,KN/86,14:16:00,KK/86,14:19:00,47,1.6,true
IC,132,KK/86,14:26:00,HGL/86,14:29:00,0,2.1,true
IC,133,HGL/86,08:35:00,KK/86,08:38:00,0,2.1,true
IC,133,KK/86,08:41:00,KN/86,08:43:00,63,1.6,true
IC,133,KN/86,08:44:00,KH/86,08:47:00,63,1.5,true
IC,133,KH/86,08:50:00,VAL/86,08:53:00,151,3.9,true
IC,133,VAL/86,08:55:00,HIF/86,08:58:00,151,3.4,true
IC,133,HIF/86,08:58:00,HTÅ/86,09:04:00,151,12.2,true
IC,133,HTÅ/86,09:05:00,HH/86,09:08:00,138,4.7,true
IC,133,HH/86,09:08:00,RO/86,09:12:00,138,7.1,true
IC,133,RO/86,09:14:00,VY/86,09:19:00,107,11.2,true
IC,133,VY/86,09:19:00,RG/86,09:29:00,107,21.4,true
IC,133,RG/86,09:31:00,FJ/86,09:36:00,107,7.6,true
IC,133,FJ/86,09:36:00,SO/86,09:39:00,107,6.8,true
IC,133,SO/86,09:40:00,SG/86,09:48:00,107,14.6,true
IC,133,SG/86,09:50:00,FO/86,09:54:00,84,7.1,true
IC,133,FO/86,09:54:00,KØ/86,09:58:00,84,8.3,true
IC,133,KØ/86,09:59:00,SPR/86,10:05:00,80,11.9,true
IC,133,SPR/86,10:05:00,NG/86,10:10:00,80,11.4,true
IC,133,NG/86,10:12:00,JU/86,10:15:00,73,5.0,true
IC,133,JU/86,10:15:00,LV/86,10:20:00,73,10.0,true
IC,133,LV/86,10:21:00,MV/86,10:24:00,73,4.4,true
IC,133,MV/86,10:24:00,OD/86,10:28:00,73,9.3,true
IC,133,OD/86,10:31:00,HP/86,10:35:00,54,8.6,true
IC,133,HP/86,10:35:00,MD/86,10:53:00,54,41.5,true
IC,133,MD/86,10:54:00,SNO/86,10:58:00,51,5.9,true
IC,133,SNO/86,10:58:00,FA/86,11:02:00,51,4.3,true
IC,136,AR/86,11:50:00,KGV/86,11:52:00,86,3.0,false
IC,136,KGV/86,11:52:00,SD/86,12:02:00,86,19.8,false
IC,136,SD/86,12:03:00,HÅ/86,12:10:00,103,14.1,false
IC,136,HÅ/86,12:10:00,HS/86,12:17:00,103,14.5,false
IC,136,HS/86,12:19:00,HED/86,12:27:00,96,16.3,false
IC,136,HED/86,12:27:00,VJ/86,12:34:00,96,15.1,false
IC,136,VJ/86,12:36:00,BET/86,12:41:00,81,10.9,false
IC,136,BET/86,12:41:00,FA/86,12:51:00,81,14.8,false
IC,136,FA/86,12:56:00,SNO/86,12:59:00,123,4.3,true
IC,136,SNO/86,12:59:00,MD/86,13:03:00,123,5.9,true
IC,136,MD/86,13:05:00,KA/86,13:09:00,124,6.1,true
IC,136,KA/86,13:09:00,OD/86,13:27:00,124,44.0,true
IC,136,OD/86,13:29:00,MV/86,13:34:00,166,9.3,true
IC,136,MV/86,13:34:00,LV/86,13:37:00,166,4.4,true
IC,136,LV/86,13:38:00,UV/86,13:41:00,166,5.1,true
IC,136,UV/86,13:41:00,NG/86,13:45:00,166,9.9,true
IC,136,NG/86,13:47:00,SPR/86,13:53:00,194,11.4,true
IC,136,SPR/86,13:53:00,KØ/86,13:59:00,194,11.9,true
IC,136,KØ/86,14:00:00,FO/86,14:04:00,198,8.3,true
IC,136,FO/86,14:04:00,SG/86,14:08:00,198,7.1,true
IC,136,SG/86,14:10:00,SO/86,14:18:00,226,14.6,true
IC,136,SO/86,14:19:00,FJ/86,14:23:00,226,6.8,true
IC,136,FJ/86,14:23:00,RG/86,14:27:00,226,7.6,true
IC,136,RG/86,14:29:00,KY/86,14:34:00,225,7.3,true
IC,136,KY/86,14:34:00,RO/86,14:44:00,225,25.3,true
IC,136,RO/86,14:46:00,TRK/86,14:48:00,250,3.1,true
IC,136,TRK/86,14:48:00,HTÅ/86,14:53:00,250,8.7,true
IC,136,HTÅ/86,14:54:00,GL/86,14:59:00,219,8.3,true
IC,136,GL/86,14:59:00,VAL/86,15:03:00,219,7.3,true
IC,136,VAL/86,15:04:00,KH/86,15:10:00,219,3.9,true
IC,136,KH/86,15:13:00,KN/86,15:15:00,69,1.5,true
IC,136,KN/86,15:16:00,KK/86,15:19:00,69,1.6,true
IC,136,KK/86,15:26:00,HGL/86,15:29:00,0,2.1,true
IC,137,KH/86,09:50:00,VAL/86,09:53:00,73,3.9,true
IC,137,VAL/86,09:55:00,HIF/86,09:58:00,73,3.4,true
IC,137,HIF/86,09:58:00,HTÅ/86,10:04:00,73,12.2,true
IC,137,HTÅ/86,10:05:00,HH/86,10:08:00,78,4.7,true
IC,137,HH/86,10:08:00,RO/86,10:12:00,78,7.1,true
IC,137,RO/86,10:14:00,VY/86,10:19:00,68,11.2,true
IC,137,VY/86,10:19:00,RG/86,10:29:00,68,21.4,true
IC,137,RG/86,10:31:00,FJ/86,10:36:00,81,7.6,true
IC,137,FJ/86,10:36:00,SO/86,10:39:00,81,6.8,true
IC,137,SO/86,10:40:00,SG/86,10:48:00,81,14.6,true
IC,137,SG/86,10:50:00,FO/86,10:54:00,84,7.1,true
IC,137,FO/86,10:54:00,KØ/86,10:58:00,84,8.3,true
IC,137,KØ/86,10:59:00,SPR/86,11:05:00,85,11.9,true
IC,137,SPR/86,11:05:00,NG/86,11:10:00,85,11.4,true
IC,137,NG/86,11:12:00,JU/86,11:15:00,84,5.0,true
IC,137,JU/86,11:15:00,LV/86,11:20:00,84,10.0,true
IC,137,LV/86,11:21:00,MV/86,11:24:00,84,4.4,true
IC,137,MV/86,11:24:00,OD/86,11:28:00,84,9.3,true
IC,137,OD/86,11:31:00,HP/86,11:35:00,66,8.6,true
IC,137,HP/86,11:35:00,MD/86,11:53:00,66,41.5,true
IC,137,MD/86,11:54:00,SNO/86,11:58:00,61,5.9,true
IC,137,SNO/86,11:58:00,FA/86,12:02:00,61,4.3,true
IC,140,FA/86,13:56:00,SNO/86,13:59:00,79,4.3,true
IC,140,SNO/86,13:59:00,MD/86,14:03:00,79,5.9,true
IC,140,MD/86,14:05:00,KA/86,14:09:00,85,6.1,true
IC,140,KA/86,14:09:00,OD/86,14:27:00,85,44.0,true
IC,140,OD/86,14:29:00,MV/86,14:34:00,123,9.3,true
IC,140,MV/86,14:34:00,LV/86,14:37:00,123,4.4,true
IC,140,LV/86,14:38:00,UV/86,14:41:00,123,5.1,true
IC,140,UV/86,14:41:00,NG/86,14:45:00,123,9.9,true
IC,140,NG/86,14:47:00,SPR/86,14:53:00,128,11.4,true
IC,140,SPR/86,14:53:00,KØ/86,14:59:00,128,11.9,true
IC,140,KØ/86,15:00:00,FO/86,15:04:00,136,8.3,true
IC,140,FO/86,15:04:00,SG/86,15:08:00,136,7.1,true
IC,140,SG/86,15:10:00,SO/86,15:18:00,186,14.6,true
IC,140,SO/86,15:19:00,FJ/86,15:23:00,186,6.8,true
IC,140,FJ/86,15:23:00,RG/86,15:27:00,186,7.6,true
IC,140,RG/86,15:29:00,KY/86,15:34:00,193,7.3,true
IC,140,KY/86,15:34:00,RO/86,15:44:00,193,25.3,true
IC,140,RO/86,15:46:00,TRK/86,15:48:00,236,3.1,true
IC,140,TRK/86,15:48:00,HTÅ/86,15:53:00,236,8.7,true
IC,140,HTÅ/86,15:54:00,GL/86,15:59:00,210,8.3,true
IC,140,GL/86,15:59:00,VAL/86,16:03:00,210,7.3,true
IC,140,VAL/86,16:04:00,KH/86,16:10:00,210,3.9,true
IC,140,KH/86,16:13:00,KN/86,16:15:00,68,1.5,true
IC,140,KN/86,16:16:00,KK/86,16:19:00,68,1.6,true
IC,141,KH/86,10:50:00,VAL/86,10:53:00,100,3.9,true
IC,141,VAL/86,10:55:00,HIF/86,10:58:00,100,3.4,true
IC,141,HIF/86,10:58:00,HTÅ/86,11:04:00,100,12.2,true
IC,141,HTÅ/86,11:05:00,HH/86,11:08:00,114,4.7,true
IC,141,HH/86,11:08:00,RO/86,11:12:00,114,7.1,true
IC,141,RO/86,11:14:00,VY/86,11:19:00,118,11.2,true
IC,141,VY/86,11:19:00,RG/86,11:29:00,118,21.4,true
IC,141,RG/86,11:31:00,FJ/86,11:36:00,121,7.6,true
IC,141,FJ/86,11:36:00,SO/86,11:39:00,121,6.8,true
IC,141,SO/86,11:40:00,SG/86,11:48:00,121,14.6,true
IC,141,SG/86,11:50:00,FO/86,11:54:00,107,7.1,true
IC,141,FO/86,11:54:00,KØ/86,11:58:00,107,8.3,true
IC,141,KØ/86,11:59:00,SPR/86,12:05:00,102,11.9,true
IC,141,SPR/86,12:05:00,NG/86,12:10:00,102,11.4,true
IC,141,NG/86,12:12:00,JU/86,12:15:00,92,5.0,true
IC,141,JU/86,12:15:00,LV/86,12:20:00,92,10.0,true
IC,141,LV/86,12:21:00,MV/86,12:24:00,92,4.4,true
IC,141,MV/86,12:24:00,OD/86,12:28:00,92,9.3,true
IC,141,OD/86,12:31:00,HP/86,12:35:00,77,8.6,true
IC,141,HP/86,12:35:00,MD/86,12:53:00,77,41.5,true
IC,141,MD/86,12:54:00,SNO/86,12:58:00,73,5.9,true
IC,141,SNO/86,12:58:00,FA/86,13:02:00,73,4.3,true
IC,141,FA/86,13:09:00,BK/86,13:15:00,69,11.9,false
IC,141,BK/86,13:15:00,VJ/86,13:22:00,69,13.8,false
IC,141,VJ/86,13:24:00,HED/86,13:31:00,99,15.1,false
IC,141,HED/86,13:31:00,HS/86,13:38:00,99,16.3,false
IC,141,HS/86,13:40:00,HÅ/86,13:47:00,111,14.5,false
IC,141,HÅ/86,13:47:00,SD/86,13:54:00,111,14.1,false
IC,141,SD/86,13:55:00,HX/86,14:00:00,109,8.5,false
IC,141,HX/86,14:00:00,AR/86,14:08:00,109,14.3,false
IC,144,FA/86,14:56:00,SNO/86,14:59:00,148,4.3,true
IC,144,SNO/86,14:59:00,MD/86,15:03:00,148,5.9,true
IC,144,MD/86,15:05:00,KA/86,15:09:00,181,6.1,true
IC,144,KA/86,15:09:00,OD/86,15:27:00,181,44.0,true
IC,144,OD/86,15:29:00,MV/86,15:34:00,236,9.3,true
IC,144,MV/86,15:34:00,LV/86,15:37:00,236,4.4,true
IC,144,LV/86,15:38:00,UV/86,15:41:00,236,5.1,true
IC,144,UV/86,15:41:00,NG/86,15:45:00,236,9.9,true
IC,144,NG/86,15:47:00,SPR/86,15:53:00,228,11.4,true
IC,144,SPR/86,15:53:00,KØ/86,15:59:00,228,11.9,true
IC,144,KØ/86,16:00:00,FO/86,16:04:00,235,8.3,true
IC,144,FO/86,16:04:00,SG/86,16:08:00,235,7.1,true
IC,144,SG/86,16:10:00,SO/86,16:18:00,262,14.6,true
IC,144,SO/86,16:19:00,FJ/86,16:23:00,262,6.8,true
IC,144,FJ/86,16:23:00,RG/86,16:27:00,262,7.6,true
IC,144,RG/86,16:29:00,KY/86,16:34:00,261,7.3,true
IC,144,KY/86,16:34:00,RO/86,16:44:00,261,25.3,true
IC,144,RO/86,16:46:00,TRK/86,16:48:00,258,3.1,true
IC,144,TRK/86,16:48:00,HTÅ/86,16:53:00,258,8.7,true
IC,144,HTÅ/86,16:54:00,GL/86,16:59:00,230,8.3,true
IC,144,GL/86,16:59:00,VAL/86,17:03:00,230,7.3,true
IC,144,VAL/86,17:04:00,KH/86,17:10:00,230,3.9,true
IC,144,KH/86,17:13:00,KN/86,17:15:00,73,1.5,true
IC,144,KN/86,17:16:00,KK/86,17:19:00,73,1.6,true
IC,144,KK/86,17:26:00,HGL/86,17:29:00,0,2.1,true
IC,145,KK/86,11:41:00,KN/86,11:43:00,35,1.6,true
IC,145,KN/86,11:44:00,KH/86,11:47:00,35,1.5,true
IC,145,KH/86,11:50:00,VAL/86,11:53:00,111,3.9,true
IC,145,VAL/86,11:55:00,HIF/86,11:58:00,111,3.4,true
IC,145,HIF/86,11:58:00,HTÅ/86,12:04:00,111,12.2,true
IC,145,HTÅ/86,12:05:00,HH/86,12:08:00,123,4.7,true
IC,145,HH/86,12:08:00,RO/86,12:12:00,123,7.1,true
IC,145,RO/86,12:14:00,VY/86,12:19:00,115,11.2,true
IC,145,VY/86,12:19:00,RG/86,12:29:00,115,21.4,true
IC,145,RG/86,12:31:00,FJ/86,12:36:00,113,7.6,true
IC,145,FJ/86,12:36:00,SO/86,12:39:00,113,6.8,true
IC,145,SO/86,12:40:00,SG/86,12:48:00,113,14.6,true
IC,145,SG/86,12:50:00,FO/86,12:54:00,90,7.1,true
IC,145,FO/86,12:54:00,KØ/86,12:58:00,90,8.3,true
IC,145,KØ/86,12:59:00,SPR/86,13:05:00,85,11.9,true
IC,145,SPR/86,13:05:00,NG/86,13:10:00,85,11.4,true
IC,145,NG/86,13:12:00,JU/86,13:15:00,75,5.0,true
IC,145,JU/86,13:15:00,LV/86,13:20:00,75,10.0,true
IC,145,LV/86,13:21:00,MV/86,13:24:00,75,4.4,true
IC,145,MV/86,13:24:00,OD/86,13:28:00,75,9.3,true
IC,145,OD/86,13:31:00,HP/86,13:35:00,65,8.6,true
IC,145,HP/86,13:35:00,MD/86,13:53:00,65,41.5,true
IC,145,MD/86,13:54:00,SNO/86,13:58:00,61,5.9,true
IC,145,SNO/86,13:58:00,FA/86,14:02:00,61,4.3,true
IC,148,FA/86,15:56:00,SNO/86,15:59:00,146,4.3,true
IC,148,SNO/86,15:59:00,MD/86,16:03:00,146,5.9,true
IC,148,MD/86,16:05:00,KA/86,16:09:00,166,6.1,true
IC,148,KA/86,16:09:00,OD/86,16:27:00,166,44.0,true
IC,148,OD/86,16:29:00,MV/86,16:34:00,178,9.3,true
IC,148,MV/86,16:34:00,LV/86,16:37:00,178,4.4,true
IC,148,LV/86,16:38:00,UV/86,16:41:00,178,5.1,true
IC,148,UV/86,16:41:00,NG/86,16:45:00,178,9.9,true
IC,148,NG/86,16:47:00,SPR/86,16:53:00,182,11.4,true
IC,148,SPR/86,16:53:00,KØ/86,16:59:00,182,11.9,true
IC,148,KØ/86,17:00:00,FO/86,17:04:00,184,8.3,true
IC,148,FO/86,17:04:00,SG/86,17:08:00,184,7.1,true
IC,148,SG/86,17:10:00,SO/86,17:18:00,187,14.6,true
IC,148,SO/86,17:19:00,FJ/86,17:23:00,187,6.8,true
IC,148,FJ/86,17:23:00,RG/86,17:27:00,187,7.6,true
IC,148,RG/86,17:29:00,KY/86,17:34:00,171,7.3,true
IC,148,KY/86,17:34:00,RO/86,17:44:00,171,25.3,true
IC,148,RO/86,17:46:00,TRK/86,17:48:00,162,3.1,true
IC,148,TRK/86,17:48:00,HTÅ/86,17:53:00,162,8.7,true
IC,148,HTÅ/86,17:54:00,GL/86,17:59:00,137,8.3,true
IC,148,GL/86,17:59:00,VAL/86,18:03:00,137,7.3,true
IC,148,VAL/86,18:04:00,KH/86,18:10:00,137,3.9,true
IC,148,KH/86,18:13:00,KN/86,18:15:00,42,1.5,true
IC,148,KN/86,18:16:00,KK/86,18:19:00,42,1.6,true
IC,149,KK/86,12:41:00,KN/86,12:43:00,39,1.6,true
IC,149,KN/86,12:44:00,KH/86,12:47:00,39,1.5,true
IC,149,KH/86,12:50:00,VAL/86,12:53:00,106,3.9,true
IC,149,VAL/86,12:55:00,HIF/86,12:58:00,106,3.4,true
IC,149,HIF/86,12:58:00,HTÅ/86,13:04:00,106,12.2,true
IC,149,HTÅ/86,13:05:00,HH/86,13:08:00,123,4.7,true
IC,149,HH/86,13:08:00,RO/86,13:12:00,123,7.1,true
IC,149,RO/86,13:14:00,VY/86,13:19:00,135,11.2,true
IC,149,VY/86,13:19:00,RG/86,13:29:00,135,21.4,true
IC,149,RG/86,13:31:00,FJ/86,13:36:00,141,7.6,true
IC,149,FJ/86,13:36:00,SO/86,13:39:00,141,6.8,true
IC,149,SO/86,13:40:00,SG/86,13:48:00,141,14.6,true
IC,149,SG/86,13:50:00,FO/86,13:54:00,121,7.1,true
IC,149,FO/86,13:54:00,KØ/86,13:58:00,121,8.3,true
IC,149,KØ/86,13:59:00,SPR/86,14:05:00,112,11.9,true
IC,149,SPR/86,14:05:00,NG/86,14:10:00,112,11.4,true
IC,149,NG/86,14:12:00,JU/86,14:15:00,105,5.0,true
IC,149,JU/86,14:15:00,LV/86,14:20:00,105,10.0,true
IC,149,LV/86,14:21:00,MV/86,14:24:00,105,4.4,true
IC,149,MV/86,14:24:00,OD/86,14:28:00,105,9.3,true
IC,149,OD/86,14:31:00,HP/86,14:35:00,99,8.6,true
IC,149,HP/86,14:35:00,MD/86,14:53:00,99,41.5,true
IC,149,MD/86,14:54:00,SNO/86,14:58:00,90,5.9,true
IC,149,SNO/86,14:58:00,FA/86,15:02:00,90,4.3,true
IC,152,AR/86,15:50:00,KGV/86,15:52:00,144,3.0,false
IC,152,KGV/86,15:52:00,SD/86,16:02:00,144,19.8,false
IC,152,SD/86,16:03:00,HÅ/86,16:10:00,149,14.1,false
IC,152,HÅ/86,16:10:00,HS/86,16:17:00,149,14.5,false
IC,152,HS/86,16:19:00,HED/86,16:27:00,132,16.3,false
IC,152,HED/86,16:27:00,VJ/86,16:34:00,132,15.1,false
IC,152,VJ/86,16:36:00,BET/86,16:41:00,114,10.9,false
IC,152,BET/86,16:41:00,FA/86,16:51:00,114,14.8,false
IC,152,FA/86,16:56:00,SNO/86,16:59:00,125,4.3,true
IC,152,SNO/86,16:59:00,MD/86,17:03:00,125,5.9,true
IC,152,MD/86,17:05:00,KA/86,17:09:00,142,6.1,true
IC,152,KA/86,17:09:00,OD/86,17:27:00,142,44.0,true
IC,152,OD/86,17:29:00,MV/86,17:34:00,145,9.3,true
IC,152,MV/86,17:34:00,LV/86,17:37:00,145,4.4,true
IC,152,LV/86,17:38:00,UV/86,17:41:00,145,5.1,true
IC,152,UV/86,17:41:00,NG/86,17:45:00,145,9.9,true
IC,152,NG/86,17:47:00,SPR/86,17:53:00,133,11.4,true
IC,152,SPR/86,17:53:00,KØ/86,17:59:00,133,11.9,true
IC,152,KØ/86,18:00:00,FO/86,18:04:00,133,8.3,true
IC,152,FO/86,18:04:00,SG/86,18:08:00,133,7.1,true
IC,152,SG/86,18:10:00,SO/86,18:18:00,137,14.6,true
IC,152,SO/86,18:19:00,FJ/86,18:23:00,137,6.8,true
IC,152,FJ/86,18:23:00,RG/86,18:27:00,137,7.6,true
IC,152,RG/86,18:29:00,KY/86,18:34:00,113,7.3,true
IC,152,KY/86,18:34:00,RO/86,18:44:00,113,25.3,true
IC,152,RO/86,18:46:00,TRK/86,18:48:00,108,3.1,true
IC,152,TRK/86,18:48:00,HTÅ/86,18:53:00,108,8.7,true
IC,152,HTÅ/86,18:54:00,GL/86,18:59:00,78,8.3,true
IC,152,GL/86,18:59:00,VAL/86,19:03:00,78,7.3,true
IC,152,VAL/86,19:04:00,KH/86,19:10:00,78,3.9,true
IC,153,KK/86,13:41:00,KN/86,13:43:00,63,1.6,true
IC,153,KN/86,13:44:00,KH/86,13:47:00,63,1.5,true
IC,153,KH/86,13:50:00,VAL/86,13:53:00,199,3.9,true
IC,153,VAL/86,13:55:00,HIF/86,13:58:00,199,3.4,true
IC,153,HIF/86,13:58:00,HTÅ/86,14:04:00,199,12.2,true
IC,153,HTÅ/86,14:05:00,HH/86,14:08:00,230,4.7,true
IC,153,HH/86,14:08:00,RO/86,14:12:00,230,7.1,true
IC,153,RO/86,14:14:00,VY/86,14:19:00,241,11.2,true
IC,153,VY/86,14:19:00,RG/86,14:29:00,241,21.4,true
IC,153,RG/86,14:31:00,FJ/86,14:36:00,225,7.6,true
IC,153,FJ/86,14:36:00,SO/86,14:39:00,225,6.8,true
IC,153,SO/86,14:40:00,SG/86,14:48:00,225,14.6,true
IC,153,SG/86,14:50:00,FO/86,14:54:00,174,7.1,true
IC,153,FO/86,14:54:00,KØ/86,14:58:00,174,8.3,true
IC,153,KØ/86,14:59:00,SPR/86,15:05:00,174,11.9,true
IC,153,SPR/86,15:05:00,NG/86,15:10:00,174,11.4,true
IC,153,NG/86,15:12:00,JU/86,15:15:00,156,5.0,true
IC,153,JU/86,15:15:00,LV/86,15:20:00,156,10.0,true
IC,153,LV/86,15:21:00,MV/86,15:24:00,156,4.4,true
IC,153,MV/86,15:24:00,OD/86,15:28:00,156,9.3,true
IC,153,OD/86,15:31:00,HP/86,15:35:00,124,8.6,true
IC,153,HP/86,15:35:00,MD/86,15:53:00,124,41.5,true
IC,153,MD/86,15:54:00,SNO/86,15:58:00,109,5.9,true
IC,153,SNO/86,15:58:00,FA/86,16:02:00,109,4.3,true
IC,156,FA/86,17:56:00,SNO/86,17:59:00,85,4.3,true
IC,156,SNO/86,17:59:00,MD/86,18:03:00,85,5.9,true
IC,156,MD/86,18:05:00,KA/86,18:09:00,82,6.1,true
IC,156,KA/86,18:09:00,OD/86,18:27:00,82,44.0,true
IC,156,OD/86,18:29:00,MV/86,18:34:00,85,9.3,true
IC,156,MV/86,18:34:00,LV/86,18:37:00,85,4.4,true
IC,156,LV/86,18:38:00,UV/86,18:41:00,85,5.1,true
IC,156,UV/86,18:41:00,NG/86,18:45:00,85,9.9,true
IC,156,NG/86,18:47:00,SPR/86,18:53:00,81,11.4,true
IC,156,SPR/86,18:53:00,KØ/86,18:59:00,81,11.9,true
IC,156,KØ/86,19:00:00,FO/86,19:04:00,79,8.3,true
IC,156,FO/86,19:04:00,SG/86,19:08:00,79,7.1,true
IC,156,SG/86,19:10:00,SO/86,19:18:00,85,14.6,true
IC,156,SO/86,19:19:00,FJ/86,19:23:00,85,6.8,true
IC,156,FJ/86,19:23:00,RG/86,19:27:00,85,7.6,true
IC,156,RG/86,19:29:00,KY/86,19:34:00,80,7.3,true
IC,156,KY/86,19:34:00,RO/86,19:44:00,80,25.3,true
IC,156,RO/86,19:46:00,TRK/86,19:48:00,78,3.1,true
IC,156,TRK/86,19:48:00,HTÅ/86,19:53:00,78,8.7,true
IC,156,HTÅ/86,19:54:00,GL/86,19:59:00,55,8.3,true
IC,156,GL/86,19:59:00,VAL/86,20:03:00,55,7.3,true
IC,156,VAL/86,20:04:00,KH/86,20:10:00,55,3.9,true
IC,156,KH/86,20:13:00,KN/86,20:15:00,34,1.5,true
IC,156,KN/86,20:16:00,KK/86,20:19:00,34,1.6,true
IC,157,HGL/86,14:34:00,KK/86,14:38:00,0,2.1,true
IC,157,KK/86,14:41:00,KN/86,14:43:00,137,1.6,true
IC,157,KN/86,14:44:00,KH/86,14:47:00,137,1.5,true
IC,157,KH/86,14:50:00,VAL/86,14:53:00,380,3.9,true
IC,157,VAL/86,14:55:00,HIF/86,14:58:00,380,3.4,true
IC,157,HIF/86,14:58:00,HTÅ/86,15:04:00,380,12.2,true
IC,157,HTÅ/86,15:05:00,HH/86,15:08:00,455,4.7,true
IC,157,HH/86,15:08:00,RO/86,15:12:00,455,7.1,true
IC,157,RO/86,15:14:00,VY/86,15:19:00,465,11.2,true
IC,157,VY/86,15:19:00,RG/86,15:29:00,465,21.4,true
IC,157,RG/86,15:31:00,FJ/86,15:36:00,434,7.6,true
IC,157,FJ/86,15:36:00,SO/86,15:39:00,434,6.8,true
IC,157,SO/86,15:40:00,SG/86,15:48:00,434,14.6,true
IC,157,SG/86,15:50:00,FO/86,15:54:00,303,7.1,true
IC,157,FO/86,15:54:00,KØ/86,15:58:00,303,8.3,true
IC,157,KØ/86,15:59:00,SPR/86,16:05:00,293,11.9,true
IC,157,SPR/86,16:05:00,NG/86,16:10:00,293,11.4,true
IC,157,NG/86,16:12:00,JU/86,16:15:00,250,5.0,true
IC,157,JU/86,16:15:00,LV/86,16:20:00,250,10.0,true
IC,157,LV/86,16:21:00,MV/86,16:24:00,250,4.4,true
IC,157,MV/86,16:24:00,OD/86,16:28:00,250,9.3,true
IC,157,OD/86,16:31:00,HP/86,16:35:00,184,8.6,true
IC,157,HP/86,16:35:00,MD/86,16:53:00,184,41.5,true
IC,157,MD/86,16:54:00,SNO/86,16:58:00,169,5.9,true
IC,157,SNO/86,16:58:00,FA/86,17:02:00,169,4.3,true
IC,157,FA/86,17:09:00,BK/86,17:15:00,151,11.9,false
IC,157,BK/86,17:15:00,VJ/86,17:22:00,151,13.8,false
IC,157,VJ/86,17:24:00,HED/86,17:31:00,150,15.1,false
IC,157,HED/86,17:31:00,HS/86,17:38:00,150,16.3,false
IC,157,HS/86,17:40:00,HÅ/86,17:47:00,151,14.5,false
IC,157,HÅ/86,17:47:00,SD/86,17:54:00,151,14.1,false
IC,157,SD/86,17:55:00,HX/86,18:00:00,125,8.5,false
IC,157,HX/86,18:00:00,AR/86,18:08:00,125,14.3,false
IC,160,FA/86,18:56:00,SNO/86,18:59:00,60,4.3,true
IC,160,SNO/86,18:59:00,MD/86,19:03:00,60,5.9,true
IC,160,MD/86,19:05:00,KA/86,19:09:00,59,6.1,true
IC,160,KA/86,19:09:00,OD/86,19:27:00,59,44.0,true
IC,160,OD/86,19:29:00,MV/86,19:34:00,78,9.3,true
IC,160,MV/86,19:34:00,LV/86,19:37:00,78,4.4,true
IC,160,LV/86,19:38:00,UV/86,19:41:00,78,5.1,true
IC,160,UV/86,19:41:00,NG/86,19:45:00,78,9.9,true
IC,160,NG/86,19:47:00,SPR/86,19:53:00,70,11.4,true
IC,160,SPR/86,19:53:00,KØ/86,19:59:00,70,11.9,true
IC,160,KØ/86,20:00:00,FO/86,20:04:00,68,8.3,true
IC,160,FO/86,20:04:00,SG/86,20:08:00,68,7.1,true
IC,160,SG/86,20:10:00,SO/86,20:18:00,75,14.6,true
IC,160,SO/86,20:19:00,FJ/86,20:23:00,75,6.8,true
IC,160,FJ/86,20:23:00,RG/86,20:27:00,75,7.6,true
IC,160,RG/86,20:29:00,KY/86,20:34:00,75,7.3,true
IC,160,KY/86,20:34:00,RO/86,20:44:00,75,25.3,true
IC,160,RO/86,20:46:00,TRK/86,20:48:00,80,3.1,true
IC,160,TRK/86,20:48:00,HTÅ/86,20:53:00,80,8.7,true
IC,160,HTÅ/86,20:54:00,GL/86,20:59:00,73,8.3,true
IC,160,GL/86,20:59:00,VAL/86,21:03:00,73,7.3,true
IC,160,VAL/86,21:04:00,KH/86,21:10:00,73,3.9,true
IC,161,HGL/86,15:34:00,KK/86,15:38:00,0,2.1,true
IC,161,KK/86,15:41:00,KN/86,15:43:00,245,1.6,true
IC,161,KN/86,15:44:00,KH/86,15:47:00,245,1.5,true
IC,161,KH/86,15:50:00,VAL/86,15:53:00,474,3.9,true
IC,161,VAL/86,15:55:00,HIF/86,15:58:00,474,3.4,true
IC,161,HIF/86,15:58:00,HTÅ/86,16:04:00,474,12.2,true
IC,161,HTÅ/86,16:05:00,HH/86,16:08:00,519,4.7,true
IC,161,HH/86,16:08:00,RO/86,16:12:00,519,7.1,true
IC,161,RO/86,16:14:00,VY/86,16:19:00,479,11.2,true
IC,161,VY/86,16:19:00,RG/86,16:29:00,479,21.4,true
IC,161,RG/86,16:31:00,FJ/86,16:36:00,431,7.6,true
IC,161,FJ/86,16:36:00,SO/86,16:39:00,431,6.8,true
IC,161,SO/86,16:40:00,SG/86,16:48:00,431,14.6,true
IC,161,SG/86,16:50:00,FO/86,16:54:00,286,7.1,true
IC,161,FO/86,16:54:00,KØ/86,16:58:00,286,8.3,true
IC,161,KØ/86,16:59:00,SPR/86,17:05:00,281,11.9,true
IC,161,SPR/86,17:05:00,NG/86,17:10:00,281,11.4,true
IC,161,NG/86,17:12:00,JU/86,17:15:00,236,5.0,true
IC,161,JU/86,17:15:00,LV/86,17:20:00,236,10.0,true
IC,161,LV/86,17:21:00,MV/86,17:24:00,236,4.4,true
IC,161,MV/86,17:24:00,OD/86,17:28:00,236,9.3,true
IC,161,OD/86,17:31:00,HP/86,17:35:00,146,8.6,true
IC,161,HP/86,17:35:00,MD/86,17:53:00,146,41.5,true
IC,161,MD/86,17:54:00,SNO/86,17:58:00,119,5.9,true
IC,161,SNO/86,17:58:00,FA/86,18:02:00,119,4.3,true
IC,164,FA/86,19:56:00,SNO/86,19:59:00,59,4.3,true
IC,164,SNO/86,19:59:00,MD/86,20:03:00,59,5.9,true
IC,164,MD/86,20:05:00,KA/86,20:09:00,51,6.1,true
IC,164,KA/86,20:09:00,OD/86,20:27:00,51,44.0,true
IC,164,OD/86,20:29:00,MV/86,20:34:00,67,9.3,true
IC,164,MV/86,20:34:00,LV/86,20:37:00,67,4.4,true
IC,164,LV/86,20:38:00,UV/86,20:41:00,67,5.1,true
IC,164,UV/86,20:41:00,NG/86,20:45:00,67,9.9,true
IC,164,NG/86,20:47:00,SPR/86,20:53:00,86,11.4,true
IC,164,SPR/86,20:53:00,KØ/86,20:59:00,86,11.9,true
IC,164,KØ/86,21:00:00,FO/86,21:04:00,92,8.3,true
IC,164,FO/86,21:04:00,SG/86,21:08:00,92,7.1,true
IC,164,SG/86,21:10:00,SO/86,21:18:00,89,14.6,true
IC,164,SO/86,21:19:00,FJ/86,21:23:00,89,6.8,true
IC,164,FJ/86,21:23:00,RG/86,21:27:00,89,7.6,true
IC,164,RG/86,21:29:00,KY/86,21:34:00,81,7.3,true
IC,164,KY/86,21:34:00,RO/86,21:44:00,81,25.3,true
IC,164,RO/86,21:46:00,TRK/86,21:48:00,78,3.1,true
IC,164,TRK/86,21:48:00,HTÅ/86,21:53:00,78,8.7,true
IC,164,HTÅ/86,21:54:00,GL/86,21:59:00,65,8.3,true
IC,164,GL/86,21:59:00,VAL/86,22:03:00,65,7.3,true
IC,164,VAL/86,22:04:00,KH/86,22:10:00,65,3.9,true
IC,165,KK/86,16:41:00,KN/86,16:43:00,161,1.6,true
IC,165,KN/86,16:44:00,KH/86,16:47:00,161,1.5,true
IC,165,KH/86,16:50:00,VAL/86,16:53:00,376,3.9,true
IC,165,VAL/86,16:55:00,HIF/86,16:58:00,376,3.4,true
IC,165,HIF/86,16:58:00,HTÅ/86,17:04:00,376,12.2,true
IC,165,HTÅ/86,17:05:00,HH/86,17:08:00,395,4.7,true
IC,165,HH/86,17:08:00,RO/86,17:12:00,395,7.1,true
IC,165,RO/86,17:14:00,VY/86,17:19:00,332,11.2,true
IC,165,VY/86,17:19:00,RG/86,17:29:00,332,21.4,true
IC,165,RG/86,17:31:00,FJ/86,17:36:00,292,7.6,true
IC,165,FJ/86,17:36:00,SO/86,17:39:00,292,6.8,true
IC,165,SO/86,17:40:00,SG/86,17:48:00,292,14.6,true
IC,165,SG/86,17:50:00,FO/86,17:54:00,184,7.1,true
IC,165,FO/86,17:54:00,KØ/86,17:58:00,184,8.3,true
IC,165,KØ/86,17:59:00,SPR/86,18:05:00,168,11.9,true
IC,165,SPR/86,18:05:00,NG/86,18:10:00,168,11.4,true
IC,165,NG/86,18:12:00,JU/86,18:15:00,132,5.0,true
IC,165,JU/86,18:15:00,LV/86,18:20:00,132,10.0,true
IC,165,LV/86,18:21:00,MV/86,18:24:00,132,4.4,true
IC,165,MV/86,18:24:00,OD/86,18:28:00,132,9.3,true
IC,165,OD/86,18:31:00,HP/86,18:35:00,84,8.6,true
IC,165,HP/86,18:35:00,MD/86,18:53:00,84,41.5,true
IC,165,MD/86,18:54:00,SNO/86,18:58:00,76,5.9,true
IC,165,SNO/86,18:58:00,FA/86,19:02:00,76,4.3,true
IC,168,FA/86,20:56:00,SNO/86,20:59:00,47,4.3,true
IC,168,SNO/86,20:59:00,MD/86,21:03:00,47,5.9,true
IC,168,MD/86,21:05:00,KA/86,21:09:00,43,6.1,true
IC,168,KA/86,21:09:00,OD/86,21:27:00,43,44.0,true
IC,168,OD/86,21:29:00,MV/86,21:34:00,58,9.3,true
IC,168,MV/86,21:34:00,LV/86,21:37:00,58,4.4,true
IC,168,LV/86,21:38:00,UV/86,21:41:00,58,5.1,true
IC,168,UV/86,21:41:00,NG/86,21:45:00,58,9.9,true
IC,168,NG/86,21:47:00,SPR/86,21:53:00,51,11.4,true
IC,168,SPR/86,21:53:00,KØ/86,21:59:00,51,11.9,true
IC,168,KØ/86,22:00:00,FO/86,22:04:00,48,8.3,true
IC,168,FO/86,22:04:00,SG/86,22:08:00,48,7.1,true
IC,168,SG/86,22:10:00,SO/86,22:18:00,53,14.6,true
IC,168,SO/86,22:19:00,FJ/86,22:23:00,53,6.8,true
IC,168,FJ/86,22:23:00,RG/86,22:27:00,53,7.6,true
IC,168,RG/86,22:29:00,KY/86,22:34:00,52,7.3,true
IC,168,KY/86,22:34:00,RO/86,22:44:00,52,25.3,true
IC,168,RO/86,22:46:00,TRK/86,22:48:00,52,3.1,true
IC,168,TRK/86,22:48:00,HTÅ/86,22:53:00,52,8.7,true
IC,168,HTÅ/86,22:54:00,GL/86,22:59:00,40,8.3,true
IC,168,GL/86,22:59:00,VAL/86,23:03:00,40,7.3,true
IC,168,VAL/86,23:04:00,KH/86,23:10:00,40,3.9,true
IC,172,FA/86,21:56:00,SNO/86,21:59:00,42,4.3,true
IC,172,SNO/86,21:59:00,MD/86,22:03:00,42,5.9,true
IC,172,MD/86,22:05:00,KA/86,22:08:00,46,6.1,true
IC,172,KA/86,22:08:00,OD/86,22:27:00,46,44.0,true
IC,172,OD/86,22:29:00,MV/86,22:34:00,61,9.3,true
IC,172,MV/86,22:34:00,LV/86,22:37:00,61,4.4,true
IC,172,LV/86,22:38:00,UV/86,22:40:00,61,5.1,true
IC,172,UV/86,22:40:00,NG/86,22:45:00,61,9.9,true
IC,172,NG/86,22:47:00,SPR/86,22:53:00,54,11.4,true
IC,172,SPR/86,22:53:00,KØ/86,22:59:00,54,11.9,true
IC,172,KØ/86,23:00:00,FO/86,23:04:00,44,8.3,true
IC,172,FO/86,23:04:00,SG/86,23:08:00,44,7.1,true
IC,172,SG/86,23:10:00,SO/86,23:18:00,46,14.6,true
IC,172,SO/86,23:19:00,FJ/86,23:23:00,46,6.8,true
IC,172,FJ/86,23:23:00,RG/86,23:27:00,46,7.6,true
IC,172,RG/86,23:29:00,KY/86,23:34:00,41,7.3,true
IC,172,KY/86,23:34:00,RO/86,23:44:00,41,25.3,true
IC,172,RO/86,23:46:00,TRK/86,23:48:00,45,3.1,true
IC,172,TRK/86,23:48:00,HTÅ/86,23:53:00,45,8.7,true
IC,172,HTÅ/86,23:54:00,GL/86,23:59:00,38,8.3,true
IC,172,GL/86,23:59:00,VAL/86,00:03:00,38,7.3,true
IC,172,VAL/86,00:04:00,KH/86,00:10:00,38,3.9,true
IC,173,KK/86,18:41:00,KN/86,18:43:00,50,1.6,true
IC,173,KN/86,18:44:00,KH/86,18:47:00,50,1.5,true
IC,173,KH/86,18:50:00,VAL/86,18:53:00,130,3.9,true
IC,173,VAL/86,18:55:00,HIF/86,18:58:00,130,3.4,true
IC,173,HIF/86,18:58:00,HTÅ/86,19:04:00,130,12.2,true
IC,173,HTÅ/86,19:05:00,HH/86,19:08:00,129,4.7,true
IC,173,HH/86,19:08:00,RO/86,19:12:00,129,7.1,true
IC,173,RO/86,19:14:00,VY/86,19:19:00,100,11.2,true
IC,173,VY/86,19:19:00,RG/86,19:29:00,100,21.4,true
IC,173,RG/86,19:31:00,FJ/86,19:36:00,88,7.6,true
IC,173,FJ/86,19:36:00,SO/86,19:39:00,88,6.8,true
IC,173,SO/86,19:40:00,SG/86,19:48:00,88,14.6,true
IC,173,SG/86,19:50:00,FO/86,19:54:00,66,7.1,true
IC,173,FO/86,19:54:00,KØ/86,19:58:00,66,8.3,true
IC,173,KØ/86,19:59:00,SPR/86,20:05:00,59,11.9,true
IC,173,SPR/86,20:05:00,NG/86,20:10:00,59,11.4,true
IC,173,NG/86,20:12:00,JU/86,20:15:00,47,5.0,true
IC,173,JU/86,20:15:00,LV/86,20:20:00,47,10.0,true
IC,173,LV/86,20:21:00,MV/86,20:24:00,47,4.4,true
IC,173,MV/86,20:24:00,OD/86,20:28:00,47,9.3,true
IC,173,OD/86,20:31:00,HP/86,20:35:00,34,8.6,true
IC,173,HP/86,20:35:00,MD/86,20:53:00,34,41.5,true
IC,173,MD/86,20:54:00,SNO/86,20:58:00,48,5.9,true
IC,173,SNO/86,20:58:00,FA/86,21:02:00,48,4.3,true
IC,176,AR/86,21:50:00,KGV/86,21:52:00,82,3.0,false
IC,176,KGV/86,21:52:00,SD/86,22:02:00,82,19.8,false
IC,176,SD/86,22:03:00,HÅ/86,22:10:00,80,14.1,false
IC,176,HÅ/86,22:10:00,HS/86,22:17:00,80,14.5,false
IC,176,HS/86,22:19:00,HED/86,22:26:00,69,16.3,false
IC,176,HED/86,22:26:00,VJ/86,22:34:00,69,15.1,false
IC,176,VJ/86,22:36:00,BET/86,22:41:00,58,10.9,false
IC,176,BET/86,22:41:00,FA/86,22:51:00,58,14.8,false
IC,176,FA/86,22:56:00,SNO/86,22:59:00,58,4.3,true
IC,176,SNO/86,22:59:00,MD/86,23:03:00,58,5.9,true
IC,176,MD/86,23:05:00,KA/86,23:09:00,59,6.1,true
IC,176,KA/86,23:09:00,OD/86,23:27:00,59,44.0,true
IC,176,OD/86,23:29:00,MV/86,23:34:00,68,9.3,true
IC,176,MV/86,23:34:00,LV/86,23:37:00,68,4.4,true
IC,176,LV/86,23:38:00,UV/86,23:41:00,68,5.1,true
IC,176,UV/86,23:41:00,NG/86,23:45:00,68,9.9,true
IC,176,NG/86,23:47:00,SPR/86,23:53:00,68,11.4,true
IC,176,SPR/86,23:53:00,KØ/86,23:59:00,68,11.9,true
IC,176,KØ/86,00:00:00,FO/86,00:04:00,68,8.3,true
IC,176,FO/86,00:04:00,SG/86,00:08:00,68,7.1,true
IC,176,SG/86,00:10:00,SO/86,00:18:00,67,14.6,true
IC,176,SO/86,00:19:00,FJ/86,00:23:00,67,6.8,true
IC,176,FJ/86,00:23:00,RG/86,00:27:00,67,7.6,true
IC,176,RG/86,00:29:00,KY/86,00:34:00,68,7.3,true
IC,176,KY/86,00:34:00,RO/86,00:44:00,68,25.3,true
IC,176,RO/86,00:46:00,TRK/86,00:48:00,66,3.1,true
IC,176,TRK/86,00:48:00,HTÅ/86,00:53:00,66,8.7,true
IC,176,HTÅ/86,00:54:00,GL/86,00:59:00,62,8.3,true
IC,176,GL/86,00:59:00,VAL/86,01:03:00,62,7.3,true
IC,176,VAL/86,01:04:00,KH/86,01:10:00,62,3.9,true
IC,177,HGL/86,19:34:00,KK/86,19:38:00,0,2.1,true
IC,177,KK/86,19:41:00,KN/86,19:43:00,42,1.6,true
IC,177,KN/86,19:44:00,KH/86,19:47:00,42,1.5,true
IC,177,KH/86,19:50:00,VAL/86,19:53:00,120,3.9,true
IC,177,VAL/86,19:55:00,HIF/86,19:58:00,120,3.4,true
IC,177,HIF/86,19:58:00,HTÅ/86,20:04:00,120,12.2,true
IC,177,HTÅ/86,20:05:00,HH/86,20:08:00,125,4.7,true
IC,177,HH/86,20:08:00,RO/86,20:12:00,125,7.1,true
IC,177,RO/86,20:14:00,VY/86,20:19:00,109,11.2,true
IC,177,VY/86,20:19:00,RG/86,20:29:00,109,21.4,true
IC,177,RG/86,20:31:00,FJ/86,20:36:00,107,7.6,true
IC,177,FJ/86,20:36:00,SO/86,20:39:00,107,6.8,true
IC,177,SO/86,20:40:00,SG/86,20:48:00,107,14.6,true
IC,177,SG/86,20:50:00,FO/86,20:54:00,93,7.1,true
IC,177,FO/86,20:54:00,KØ/86,20:58:00,93,8.3,true
IC,177,KØ/86,20:59:00,SPR/86,21:05:00,66,11.9,true
IC,177,SPR/86,21:05:00,NG/86,21:10:00,66,11.4,true
IC,177,NG/86,21:12:00,JU/86,21:15:00,48,5.0,true
IC,177,JU/86,21:15:00,LV/86,21:20:00,48,10.0,true
IC,177,LV/86,21:21:00,MV/86,21:24:00,48,4.4,true
IC,177,MV/86,21:24:00,OD/86,21:28:00,48,9.3,true
IC,177,OD/86,21:31:00,HP/86,21:35:00,29,8.6,true
IC,177,HP/86,21:35:00,MD/86,21:53:00,29,41.5,true
IC,177,MD/86,21:54:00,SNO/86,21:58:00,25,5.9,true
IC,177,SNO/86,21:58:00,FA/86,22:02:00,25,4.3,true
IC,190,AR/86,00:40:00,KGV/86,00:43:00,23,3.0,false
IC,190,KGV/86,00:43:00,SD/86,00:54:00,23,19.8,false
IC,190,SD/86,00:56:00,HÅ/86,01:04:00,27,14.1,false
IC,190,HÅ/86,01:04:00,HS/86,01:12:00,27,14.5,false
IC,190,HS/86,01:14:00,HED/86,01:23:00,29,16.3,false
IC,190,HED/86,01:23:00,VJ/86,01:31:00,29,15.1,false
IC,190,VJ/86,01:33:00,BET/86,01:40:00,35,10.9,false
IC,190,BET/86,01:40:00,FA/86,01:51:00,35,14.8,false
IC,190,FA/86,01:56:00,SNO/86,01:59:00,37,4.3,true
IC,190,SNO/86,01:59:00,MD/86,02:04:00,37,5.9,true
IC,190,MD/86,02:06:00,KA/86,02:10:00,40,6.1,true
IC,190,KA/86,02:10:00,OD/86,02:31:00,40,44.0,true
IC,190,OD/86,02:34:00,MV/86,02:39:00,67,9.3,true
IC,190,MV/86,02:39:00,NG/86,02:49:00,67,19.4,true
IC,190,NG/86,02:51:00,SPR/86,02:57:00,69,11.4,true
IC,190,SPR/86,02:57:00,KØ/86,03:04:00,69,11.9,true
IC,190,KØ/86,03:05:00,FO/86,03:11:00,70,8.3,true
IC,190,FO/86,03:11:00,SG/86,03:15:00,70,7.1,true
IC,190,SG/86,03:17:00,SO/86,03:26:00,79,14.6,true
IC,190,SO/86,03:27:00,FJ/86,03:32:00,79,6.8,true
IC,190,FJ/86,03:32:00,RG/86,03:36:00,79,7.6,true
IC,190,RG/86,03:38:00,KY/86,03:44:00,85,7.3,true
IC,190,KY/86,03:44:00,RO/86,03:56:00,85,25.3,true
IC,190,RO/86,03:58:00,TRK/86,04:00:00,113,3.1,true
IC,190,TRK/86,04:00:00,HTÅ/86,04:06:00,113,8.7,true
IC,190,HTÅ/86,04:07:00,GL/86,04:12:00,151,8.3,true
IC,190,GL/86,04:12:00,VAL/86,04:17:00,151,7.3,true
IC,190,VAL/86,04:19:00,KH/86,04:25:00,151,3.9,true
IC,191,KH/86,22:50:00,VAL/86,22:53:00,340,3.9,true
IC,191,VAL/86,22:55:00,HIF/86,22:58:00,340,3.4,true
IC,191,HIF/86,22:58:00,HTÅ/86,23:04:00,340,12.2,true
IC,191,HTÅ/86,23:05:00,HH/86,23:08:00,337,4.7,true
IC,191,HH/86,23:08:00,RO/86,23:12:00,337,7.1,true
IC,191,RO/86,23:14:00,VY/86,23:19:00,303,11.2,true
IC,191,VY/86,23:19:00,RG/86,23:29:00,303,21.4,true
IC,191,RG/86,23:31:00,FJ/86,23:36:00,278,7.6,true
IC,191,FJ/86,23:36:00,SO/86,23:39:00,278,6.8,true
IC,191,SO/86,23:40:00,SG/86,23:48:00,278,14.6,true
IC,191,SG/86,23:50:00,FO/86,23:54:00,248,7.1,true
IC,191,FO/86,23:54:00,KØ/86,23:58:00,248,8.3,true
IC,191,KØ/86,23:59:00,SPR/86,00:05:00,244,11.9,true
IC,191,SPR/86,00:05:00,NG/86,00:10:00,244,11.4,true
IC,191,NG/86,00:12:00,JU/86,00:15:00,240,5.0,true
IC,191,JU/86,00:15:00,LV/86,00:20:00,240,10.0,true
IC,191,LV/86,00:21:00,MV/86,00:24:00,240,4.4,true
IC,191,MV/86,00:24:00,OD/86,00:28:00,240,9.3,true
IC,191,OD/86,00:31:00,HP/86,00:35:00,187,8.6,true
IC,191,HP/86,00:35:00,MD/86,00:53:00,187,41.5,true
IC,191,MD/86,00:54:00,SNO/86,00:58:00,181,5.9,true
IC,191,SNO/86,00:58:00,FA/86,01:02:00,181,4.3,true
IC,191,FA/86,01:08:00,BK/86,01:14:00,170,11.9,false
IC,191,BK/86,01:14:00,VJ/86,01:22:00,170,13.8,false
IC,191,VJ/86,01:24:00,HED/86,01:31:00,125,15.1,false
IC,191,HED/86,01:31:00,HS/86,01:38:00,125,16.3,false
IC,191,HS/86,01:40:00,HÅ/86,01:47:00,80,14.5,false
IC,191,HÅ/86,01:47:00,SD/86,01:54:00,80,14.1,false
IC,191,SD/86,01:55:00,HX/86,02:03:00,37,8.5,false
IC,191,HX/86,02:03:00,AR/86,02:18:00,37,14.3,false
IC,854,ES/86,16:32:00,JNE/86,16:34:00,52,2.4,true
IC,854,JNE/86,16:34:00,BM/86,16:41:00,52,14.0,true
IC,854,BM/86,16:43:00,GØ/86,16:46:00,71,6.0,true
IC,854,GØ/86,16:46:00,VN/86,16:56:00,71,21.7,true
IC,854,VN/86,16:57:00,LK/86,17:04:00,71,11.6,true
IC,854,LK/86,17:04:00,KD/86,17:11:00,71,12.9,true
IC,854,KD/86,17:13:00,TL/86,17:18:00,94,11.3,true
IC,854,TL/86,17:18:00,MD/86,17:26:00,94,12.3,true
IC,854,MD/86,17:28:00,KA/86,17:31:00,105,6.1,true
IC,854,KA/86,17:31:00,OD/86,17:52:00,105,44.0,true
IC,854,OD/86,18:00:00,MV/86,18:05:00,117,9.3,true
IC,854,MV/86,18:05:00,NG/86,18:12:00,117,19.4,true
IC,854,NG/86,18:14:00,SPR/86,18:19:00,119,11.4,true
IC,854,SPR/86,18:19:00,KØ/86,18:25:00,119,11.9,true
IC,854,KØ/86,18:27:00,FO/86,18:31:00,113,8.3,true
IC,854,FO/86,18:31:00,SG/86,18:34:00,113,7.1,true
IC,854,SG/86,18:36:00,SO/86,18:43:00,100,14.6,true
IC,854,SO/86,18:45:00,FJ/86,18:48:00,100,6.8,true
IC,854,FJ/86,18:48:00,RG/86,18:52:00,100,7.6,true
IC,854,RG/86,18:54:00,ADA/86,18:58:00,88,5.0,true
IC,854,ADA/86,18:58:00,KJN/86,19:06:00,88,21.4,true
IC,854,KJN/86,19:08:00,JSF/86,19:09:00,68,2.5,true
IC,854,JSF/86,19:09:00,NEL/86,19:21:00,68,28.2,true
IC,854,NEL/86,19:23:00,GB/86,19:24:00,68,1.4,true
IC,854,GB/86,19:24:00,KH/86,19:28:00,68,3.2,true
IC,854,KH/86,19:31:00,KN/86,19:33:00,27,1.5,true
IC,854,KN/86,19:34:00,KK/86,19:37:00,27,1.6,true
IC,854,KK/86,19:40:00,HGL/86,19:43:00,0,2.1,true
IC,1482,KH/86,02:43:00,BAN/86,02:46:00,38,2.4,true
IC,1482,BAN/86,02:46:00,ØRE/86,02:50:00,38,4.5,true
IC,1482,ØRE/86,02:51:00,TÅT/86,02:53:00,38,1.6,true
IC,1482,TÅT/86,02:54:00,CPH/86,02:57:00,38,3.3,true
IC,1485,CPH/86,21:26:00,TÅT/86,21:28:00,46,3.3,true
IC,1485,TÅT/86,21:28:00,KH/86,21:40:00,46,8.5,true
IC,5756,FLB/80,12:03:00,AHAL/80,12:10:00,0,5.6,true
IC,5756,AHAL/80,12:10:00,PA/86,12:13:00,0,6.3,true
IC,5756,PA/86,12:21:00,VK/86,12:25:00,8,6.8,true
IC,5756,VK/86,12:25:00,TE/86,12:30:00,8,7.6,true
IC,5756,TE/86,12:32:00,RQ/86,12:40:00,18,15.7,true
IC,5756,RQ/86,12:41:00,OJ/86,12:51:00,18,20.4,true
IC,5756,OJ/86,12:52:00,SST/86,12:57:00,18,7.4,true
IC,5756,SST/86,12:57:00,VM/86,13:02:00,18,13.0,true
IC,5756,VM/86,13:03:00,LK/86,13:08:00,18,6.0,true
IC,5756,LK/86,13:09:00,KD/86,13:16:00,18,12.9,true
IC,5756,KD/86,13:18:00,TL/86,13:24:00,38,11.3,true
IC,5756,TL/86,13:24:00,FA/86,13:30:00,38,8.6,true
IC,206,OD/86,06:09:00,MV/86,06:14:00,54,9.3,true
IC,206,MV/86,06:14:00,NG/86,06:22:00,54,19.4,true
IC,206,NG/86,06:24:00,SPR/86,06:29:00,73,11.4,true
IC,206,SPR/86,06:29:00,SG/86,06:42:00,73,27.3,true
IC,206,SG/86,06:44:00,SO/86,06:51:00,177,14.6,true
IC,206,SO/86,06:53:00,FJ/86,06:57:00,177,6.8,true
IC,206,FJ/86,06:57:00,RG/86,07:02:00,177,7.6,true
IC,206,RG/86,07:04:00,KY/86,07:08:00,236,7.3,true
IC,206,KY/86,07:08:00,RO/86,07:18:00,236,25.3,true
IC,206,RO/86,07:20:00,TRK/86,07:23:00,249,3.1,true
IC,206,TRK/86,07:24:00,HH/86,07:26:00,249,4.0,true
IC,206,HH/86,07:26:00,HTÅ/86,07:29:00,249,4.7,true
IC,206,HTÅ/86,07:31:00,GL/86,07:35:00,243,8.3,true
IC,206,GL/86,07:35:00,NEL/86,07:40:00,243,7.6,true
IC,206,NEL/86,07:42:00,KLV/86,07:44:00,243,3.2,true
IC,206,KLV/86,07:44:00,ØRE/86,07:46:00,243,2.1,true
IC,206,ØRE/86,07:47:00,TÅT/86,07:49:00,243,1.6,true
IC,206,TÅT/86,07:50:00,CPH/86,07:54:00,243,3.3,true
IC,214,OD/86,08:10:00,MV/86,08:14:00,60,9.3,true
IC,214,MV/86,08:14:00,NG/86,08:23:00,60,19.4,true
IC,214,NG/86,08:25:00,SPR/86,08:30:00,84,11.4,true
IC,214,SPR/86,08:30:00,SG/86,08:42:00,84,27.3,true
IC,214,SG/86,08:44:00,SO/86,08:51:00,124,14.6,true
IC,214,SO/86,08:53:00,FJ/86,08:57:00,124,6.8,true
IC,214,FJ/86,08:57:00,RG/86,09:02:00,124,7.6,true
IC,214,RG/86,09:04:00,KY/86,09:08:00,142,7.3,true
IC,214,KY/86,09:08:00,RO/86,09:18:00,142,25.3,true
IC,214,RO/86,09:20:00,TRK/86,09:23:00,132,3.1,true
IC,214,TRK/86,09:24:00,HH/86,09:26:00,132,4.0,true
IC,214,HH/86,09:26:00,HTÅ/86,09:29:00,132,4.7,true
IC,214,HTÅ/86,09:31:00,GL/86,09:35:00,143,8.3,true
IC,214,GL/86,09:35:00,NEL/86,09:40:00,143,7.6,true
IC,214,NEL/86,09:42:00,KLV/86,09:44:00,143,3.2,true
IC,214,KLV/86,09:44:00,ØRE/86,09:46:00,143,2.1,true
IC,214,ØRE/86,09:47:00,TÅT/86,09:49:00,143,1.6,true
IC,214,TÅT/86,09:50:00,CPH/86,09:54:00,143,3.3,true
IC,238,OD/86,14:09:00,MV/86,14:14:00,44,9.3,true
IC,238,MV/86,14:14:00,NG/86,14:22:00,44,19.4,true
IC,238,NG/86,14:24:00,SPR/86,14:29:00,56,11.4,true
IC,238,SPR/86,14:29:00,SG/86,14:42:00,56,27.3,true
IC,238,SG/86,14:44:00,SO/86,14:51:00,90,14.6,true
IC,238,SO/86,14:53:00,FJ/86,14:57:00,90,6.8,true
IC,238,FJ/86,14:57:00,RG/86,15:02:00,90,7.6,true
IC,238,RG/86,15:04:00,KY/86,15:08:00,110,7.3,true
IC,238,KY/86,15:08:00,RO/86,15:18:00,110,25.3,true
IC,238,RO/86,15:20:00,TRK/86,15:23:00,209,3.1,true
IC,238,TRK/86,15:24:00,HH/86,15:26:00,209,4.0,true
IC,238,HH/86,15:26:00,HTÅ/86,15:29:00,209,4.7,true
IC,238,HTÅ/86,15:31:00,GL/86,15:35:00,218,8.3,true
IC,238,GL/86,15:35:00,NEL/86,15:40:00,218,7.6,true
IC,238,NEL/86,15:42:00,KLV/86,15:44:00,218,3.2,true
IC,238,KLV/86,15:44:00,ØRE/86,15:46:00,218,2.1,true
IC,238,ØRE/86,15:47:00,TÅT/86,15:49:00,218,1.6,true
IC,238,TÅT/86,15:50:00,CPH/86,15:54:00,218,3.3,true
IC,242,OD/86,15:09:00,MV/86,15:14:00,62,9.3,true
IC,242,MV/86,15:14:00,NG/86,15:22:00,62,19.4,true
IC,242,NG/86,15:24:00,SPR/86,15:29:00,72,11.4,true
IC,242,SPR/86,15:29:00,SG/86,15:42:00,72,27.3,true
IC,242,SG/86,15:44:00,SO/86,15:51:00,104,14.6,true
IC,242,SO/86,15:53:00,FJ/86,15:57:00,104,6.8,true
IC,242,FJ/86,15:57:00,RG/86,16:02:00,104,7.6,true
IC,242,RG/86,16:04:00,KY/86,16:08:00,108,7.3,true
IC,242,KY/86,16:08:00,RO/86,16:18:00,108,25.3,true
IC,242,RO/86,16:20:00,TRK/86,16:23:00,157,3.1,true
IC,242,TRK/86,16:24:00,HH/86,16:26:00,157,4.0,true
IC,242,HH/86,16:26:00,HTÅ/86,16:29:00,157,4.7,true
IC,242,HTÅ/86,16:31:00,GL/86,16:35:00,179,8.3,true
IC,242,GL/86,16:35:00,NEL/86,16:40:00,179,7.6,true
IC,242,NEL/86,16:42:00,KLV/86,16:44:00,179,3.2,true
IC,242,KLV/86,16:44:00,ØRE/86,16:46:00,179,2.1,true
IC,242,ØRE/86,16:47:00,TÅT/86,16:49:00,179,1.6,true
IC,242,TÅT/86,16:50:00,CPH/86,16:54:00,179,3.3,true
IC,246,OD/86,16:09:00,MV/86,16:14:00,67,9.3,true
IC,246,MV/86,16:14:00,NG/86,16:22:00,67,19.4,true
IC,246,NG/86,16:24:00,SPR/86,16:29:00,75,11.4,true
IC,246,SPR/86,16:29:00,SG/86,16:42:00,75,27.3,true
IC,246,SG/86,16:44:00,SO/86,16:51:00,93,14.6,true
IC,246,SO/86,16:53:00,FJ/86,16:57:00,93,6.8,true
IC,246,FJ/86,16:57:00,RG/86,17:02:00,93,7.6,true
IC,246,RG/86,17:04:00,KY/86,17:08:00,92,7.3,true
IC,246,KY/86,17:08:00,RO/86,17:18:00,92,25.3,true
IC,246,RO/86,17:20:00,TRK/86,17:23:00,85,3.1,true
IC,246,TRK/86,17:24:00,HH/86,17:26:00,85,4.0,true
IC,246,HH/86,17:26:00,HTÅ/86,17:29:00,85,4.7,true
IC,246,HTÅ/86,17:31:00,GL/86,17:35:00,97,8.3,true
IC,246,GL/86,17:35:00,NEL/86,17:40:00,97,7.6,true
IC,246,NEL/86,17:42:00,KLV/86,17:44:00,97,3.2,true
IC,246,KLV/86,17:44:00,ØRE/86,17:46:00,97,2.1,true
IC,246,ØRE/86,17:47:00,TÅT/86,17:49:00,97,1.6,true
IC,246,TÅT/86,17:50:00,CPH/86,17:54:00,97,3.3,true
IC,250,OD/86,17:09:00,MV/86,17:14:00,47,9.3,true
IC,250,MV/86,17:14:00,NG/86,17:22:00,47,19.4,true
IC,250,NG/86,17:24:00,SPR/86,17:29:00,51,11.4,true
IC,250,SPR/86,17:29:00,SG/86,17:42:00,51,27.3,true
IC,250,SG/86,17:44:00,SO/86,17:51:00,64,14.6,true
IC,250,SO/86,17:53:00,FJ/86,17:57:00,64,6.8,true
IC,250,FJ/86,17:57:00,RG/86,18:02:00,64,7.6,true
IC,250,RG/86,18:04:00,KY/86,18:08:00,64,7.3,true
IC,250,KY/86,18:08:00,RO/86,18:18:00,64,25.3,true
IC,250,RO/86,18:20:00,TRK/86,18:23:00,64,3.1,true
IC,250,TRK/86,18:24:00,HH/86,18:26:00,64,4.0,true
IC,250,HH/86,18:26:00,HTÅ/86,18:29:00,64,4.7,true
IC,250,HTÅ/86,18:31:00,GL/86,18:35:00,70,8.3,true
IC,250,GL/86,18:35:00,NEL/86,18:40:00,70,7.6,true
IC,250,NEL/86,18:42:00,KLV/86,18:44:00,70,3.2,true
IC,250,KLV/86,18:44:00,ØRE/86,18:46:00,70,2.1,true
IC,250,ØRE/86,18:47:00,TÅT/86,18:49:00,70,1.6,true
IC,250,TÅT/86,18:50:00,CPH/86,18:54:00,70,3.3,true
IC,251,CPH/86,13:05:00,TÅT/86,13:07:00,54,3.3,true
IC,251,TÅT/86,13:08:00,ØRE/86,13:10:00,54,1.6,true
IC,251,ØRE/86,13:11:00,KLV/86,13:14:00,54,2.1,true
IC,251,KLV/86,13:14:00,NEL/86,13:16:00,54,3.2,true
IC,251,NEL/86,13:18:00,IG/86,13:20:00,54,1.6,true
IC,251,IG/86,13:20:00,HTÅ/86,13:28:00,54,14.3,true
IC,251,HTÅ/86,13:29:00,HH/86,13:32:00,76,4.7,true
IC,251,HH/86,13:32:00,TRK/86,13:35:00,76,4.0,true
IC,251,TRK/86,13:36:00,RO/86,13:39:00,76,3.1,true
IC,251,RO/86,13:41:00,VY/86,13:46:00,138,11.2,true
IC,251,VY/86,13:46:00,RG/86,13:56:00,138,21.4,true
IC,251,RG/86,13:58:00,FJ/86,14:03:00,135,7.6,true
IC,251,FJ/86,14:03:00,SO/86,14:06:00,135,6.8,true
IC,251,SO/86,14:07:00,SG/86,14:15:00,135,14.6,true
IC,251,SG/86,14:17:00,FO/86,14:21:00,123,7.1,true
IC,251,FO/86,14:21:00,NG/86,14:35:00,123,31.6,true
IC,251,NG/86,14:37:00,JU/86,14:40:00,113,5.0,true
IC,251,JU/86,14:40:00,OD/86,14:50:00,113,23.7,true
IC,255,CPH/86,14:05:00,TÅT/86,14:07:00,96,3.3,true
IC,255,TÅT/86,14:08:00,ØRE/86,14:10:00,96,1.6,true
IC,255,ØRE/86,14:11:00,KLV/86,14:14:00,96,2.1,true
IC,255,KLV/86,14:14:00,NEL/86,14:16:00,96,3.2,true
IC,255,NEL/86,14:18:00,IG/86,14:20:00,96,1.6,true
IC,255,IG/86,14:20:00,HTÅ/86,14:28:00,96,14.3,true
IC,255,HTÅ/86,14:29:00,HH/86,14:32:00,142,4.7,true
IC,255,HH/86,14:32:00,TRK/86,14:35:00,142,4.0,true
IC,255,TRK/86,14:36:00,RO/86,14:39:00,142,3.1,true
IC,255,RO/86,14:41:00,VY/86,14:46:00,217,11.2,true
IC,255,VY/86,14:46:00,RG/86,14:56:00,217,21.4,true
IC,255,RG/86,14:58:00,FJ/86,15:03:00,208,7.6,true
IC,255,FJ/86,15:03:00,SO/86,15:06:00,208,6.8,true
IC,255,SO/86,15:07:00,SG/86,15:15:00,208,14.6,true
IC,255,SG/86,15:17:00,FO/86,15:21:00,186,7.1,true
IC,255,FO/86,15:21:00,NG/86,15:35:00,186,31.6,true
IC,255,NG/86,15:37:00,JU/86,15:40:00,174,5.0,true
IC,255,JU/86,15:40:00,OD/86,15:50:00,174,23.7,true
IC,259,CPH/86,15:05:00,TÅT/86,15:07:00,131,3.3,true
IC,259,TÅT/86,15:08:00,ØRE/86,15:10:00,131,1.6,true
IC,259,ØRE/86,15:11:00,KLV/86,15:14:00,131,2.1,true
IC,259,KLV/86,15:14:00,NEL/86,15:16:00,131,3.2,true
IC,259,NEL/86,15:18:00,IG/86,15:20:00,131,1.6,true
IC,259,IG/86,15:20:00,HTÅ/86,15:28:00,131,14.3,true
IC,259,HTÅ/86,15:29:00,HH/86,15:32:00,228,4.7,true
IC,259,HH/86,15:32:00,TRK/86,15:35:00,228,4.0,true
IC,259,TRK/86,15:36:00,RO/86,15:39:00,228,3.1,true
IC,259,RO/86,15:41:00,VY/86,15:46:00,347,11.2,true
IC,259,VY/86,15:46:00,RG/86,15:56:00,347,21.4,true
IC,259,RG/86,15:58:00,FJ/86,16:03:00,332,7.6,true
IC,259,FJ/86,16:03:00,SO/86,16:06:00,332,6.8,true
IC,259,SO/86,16:07:00,SG/86,16:15:00,332,14.6,true
IC,259,SG/86,16:17:00,FO/86,16:21:00,231,7.1,true
IC,259,FO/86,16:21:00,NG/86,16:35:00,231,31.6,true
IC,259,NG/86,16:37:00,JU/86,16:40:00,204,5.0,true
IC,259,JU/86,16:40:00,OD/86,16:50:00,204,23.7,true
IC,818,ES/86,07:31:00,JNE/86,07:33:00,46,2.4,true
IC,818,JNE/86,07:33:00,BM/86,07:40:00,46,14.0,true
IC,818,BM/86,07:43:00,GØ/86,07:46:00,62,6.0,true
IC,818,GØ/86,07:46:00,VN/86,07:56:00,62,21.7,true
IC,818,VN/86,07:57:00,LK/86,08:04:00,62,11.6,true
IC,818,LK/86,08:04:00,KD/86,08:11:00,62,12.9,true
IC,818,KD/86,08:13:00,TL/86,08:18:00,112,11.3,true
IC,818,TL/86,08:18:00,MD/86,08:26:00,112,12.3,true
IC,818,MD/86,08:28:00,KA/86,08:31:00,110,6.1,true
IC,818,KA/86,08:31:00,OD/86,08:52:00,110,44.0,true
IC,818,OD/86,09:00:00,MV/86,09:05:00,104,9.3,true
IC,818,MV/86,09:05:00,NG/86,09:12:00,104,19.4,true
IC,818,NG/86,09:14:00,SPR/86,09:19:00,115,11.4,true
IC,818,SPR/86,09:19:00,KØ/86,09:25:00,115,11.9,true
IC,818,KØ/86,09:27:00,FO/86,09:31:00,124,8.3,true
IC,818,FO/86,09:31:00,SG/86,09:34:00,124,7.1,true
IC,818,SG/86,09:36:00,SO/86,09:43:00,135,14.6,true
IC,818,SO/86,09:45:00,FJ/86,09:48:00,135,6.8,true
IC,818,FJ/86,09:48:00,RG/86,09:52:00,135,7.6,true
IC,818,RG/86,09:54:00,ADA/86,09:58:00,143,5.0,true
IC,818,ADA/86,09:58:00,KJN/86,10:06:00,143,21.4,true
IC,818,KJN/86,10:08:00,JSF/86,10:09:00,124,2.5,true
IC,818,JSF/86,10:09:00,NEL/86,10:21:00,124,28.2,true
IC,818,NEL/86,10:23:00,GB/86,10:24:00,124,1.4,true
IC,818,GB/86,10:24:00,KH/86,10:28:00,124,3.2,true
IC,818,KH/86,10:31:00,KN/86,10:33:00,53,1.5,true
IC,818,KN/86,10:34:00,KK/86,10:37:00,53,1.6,true
IC,818,KK/86,10:40:00,HGL/86,10:43:00,0,2.1,true
IC,831,HGL/86,08:16:00,KK/86,08:20:00,0,2.1,true
IC,831,KK/86,08:23:00,KN/86,08:25:00,53,1.6,true
IC,831,KN/86,08:26:00,KH/86,08:29:00,53,1.5,true
IC,831,KH/86,08:32:00,GB/86,08:35:00,135,3.2,true
IC,831,GB/86,08:35:00,NEL/86,08:36:00,135,1.4,true
IC,831,NEL/86,08:37:00,IG/86,08:38:00,135,1.6,true
IC,831,IG/86,08:38:00,KJN/86,08:50:00,135,29.1,true
IC,831,KJN/86,08:52:00,LEL/86,08:54:00,155,4.3,true
IC,831,LEL/86,08:54:00,RG/86,09:04:00,155,22.1,true
IC,831,RG/86,09:06:00,FJ/86,09:11:00,150,7.6,true
IC,831,FJ/86,09:11:00,SO/86,09:14:00,150,6.8,true
IC,831,SO/86,09:15:00,SG/86,09:22:00,150,14.6,true
IC,831,SG/86,09:24:00,FO/86,09:28:00,145,7.1,true
IC,831,FO/86,09:28:00,KØ/86,09:32:00,145,8.3,true
IC,831,KØ/86,09:33:00,SPR/86,09:39:00,140,11.9,true
IC,831,SPR/86,09:39:00,NG/86,09:44:00,140,11.4,true
IC,831,NG/86,09:46:00,JU/86,09:49:00,114,5.0,true
IC,831,JU/86,09:49:00,OD/86,10:00:00,114,23.7,true
IC,831,OD/86,10:09:00,HP/86,10:14:00,84,8.6,true
IC,831,HP/86,10:14:00,MD/86,10:30:00,84,41.5,true
IC,831,MD/86,10:32:00,SNO/86,10:37:00,71,5.9,true
IC,831,SNO/86,10:37:00,KD/86,10:46:00,71,17.7,true
IC,831,KD/86,10:48:00,LK/86,10:54:00,48,12.9,true
IC,831,LK/86,10:54:00,VN/86,11:01:00,48,11.6,true
IC,831,VN/86,11:02:00,BP/86,11:06:00,48,7.8,true
IC,831,BP/86,11:06:00,BM/86,11:15:00,48,19.9,true
IC,831,BM/86,11:17:00,TB/86,11:21:00,33,8.1,true
IC,831,TB/86,11:21:00,ES/86,11:26:00,33,8.3,true
IC,834,ES/86,11:32:00,JNE/86,11:34:00,44,2.4,true
IC,834,JNE/86,11:34:00,BM/86,11:41:00,44,14.0,true
IC,834,BM/86,11:43:00,GØ/86,11:46:00,64,6.0,true
IC,834,GØ/86,11:46:00,VN/86,11:56:00,64,21.7,true
IC,834,VN/86,11:57:00,LK/86,12:04:00,64,11.6,true
IC,834,LK/86,12:04:00,KD/86,12:11:00,64,12.9,true
IC,834,KD/86,12:13:00,TL/86,12:18:00,98,11.3,true
IC,834,TL/86,12:18:00,MD/86,12:26:00,98,12.3,true
IC,834,MD/86,12:28:00,KA/86,12:31:00,102,6.1,true
IC,834,KA/86,12:31:00,OD/86,12:52:00,102,44.0,true
IC,834,OD/86,13:00:00,MV/86,13:05:00,164,9.3,true
IC,834,MV/86,13:05:00,NG/86,13:12:00,164,19.4,true
IC,834,NG/86,13:14:00,SPR/86,13:19:00,188,11.4,true
IC,834,SPR/86,13:19:00,KØ/86,13:25:00,188,11.9,true
IC,834,KØ/86,13:27:00,FO/86,13:31:00,193,8.3,true
IC,834,FO/86,13:31:00,SG/86,13:34:00,193,7.1,true
IC,834,SG/86,13:36:00,SO/86,13:43:00,205,14.6,true
IC,834,SO/86,13:45:00,FJ/86,13:48:00,205,6.8,true
IC,834,FJ/86,13:48:00,RG/86,13:52:00,205,7.6,true
IC,834,RG/86,13:54:00,ADA/86,13:58:00,199,5.0,true
IC,834,ADA/86,13:58:00,KJN/86,14:06:00,199,21.4,true
IC,834,KJN/86,14:08:00,JSF/86,14:09:00,155,2.5,true
IC,834,JSF/86,14:09:00,NEL/86,14:21:00,155,28.2,true
IC,834,NEL/86,14:23:00,GB/86,14:24:00,155,1.4,true
IC,834,GB/86,14:24:00,KH/86,14:28:00,155,3.2,true
IC,834,KH/86,14:31:00,KN/86,14:33:00,41,1.5,true
IC,834,KN/86,14:34:00,KK/86,14:37:00,41,1.6,true
IC,834,KK/86,14:40:00,HGL/86,14:43:00,0,2.1,true
IC,468,AR/86,19:50:00,KGV/86,19:52:00,39,3.0,false
IC,468,KGV/86,19:52:00,SD/86,20:02:00,39,19.8,false
IC,468,SD/86,20:03:00,HÅ/86,20:10:00,39,14.1,false
IC,468,HÅ/86,20:10:00,HS/86,20:17:00,39,14.5,false
IC,468,HS/86,20:19:00,HED/86,20:26:00,51,16.3,false
IC,468,HED/86,20:26:00,VJ/86,20:33:00,51,15.1,false
IC,468,VJ/86,20:35:00,BET/86,20:41:00,52,10.9,false
IC,468,BET/86,20:41:00,FA/86,20:49:00,52,14.8,false
IC,862,ES/86,18:32:00,JNE/86,18:34:00,22,2.4,true
IC,862,JNE/86,18:34:00,BM/86,18:41:00,22,14.0,true
IC,862,BM/86,18:43:00,GØ/86,18:46:00,26,6.0,true
IC,862,GØ/86,18:46:00,VN/86,18:56:00,26,21.7,true
IC,862,VN/86,18:57:00,LK/86,19:04:00,26,11.6,true
IC,862,LK/86,19:04:00,KD/86,19:11:00,26,12.9,true
IC,862,KD/86,19:13:00,TL/86,19:18:00,31,11.3,true
IC,862,TL/86,19:18:00,MD/86,19:26:00,31,12.3,true
IC,862,MD/86,19:28:00,KA/86,19:31:00,32,6.1,true
IC,862,KA/86,19:31:00,OD/86,19:52:00,32,44.0,true
IC,862,OD/86,20:00:00,MV/86,20:05:00,80,9.3,true
IC,862,MV/86,20:05:00,NG/86,20:12:00,80,19.4,true
IC,862,NG/86,20:14:00,SPR/86,20:19:00,89,11.4,true
IC,862,SPR/86,20:19:00,KØ/86,20:25:00,89,11.9,true
IC,862,KØ/86,20:27:00,FO/86,20:31:00,93,8.3,true
IC,862,FO/86,20:31:00,SG/86,20:34:00,93,7.1,true
IC,862,SG/86,20:36:00,SO/86,20:43:00,89,14.6,true
IC,862,SO/86,20:45:00,FJ/86,20:48:00,89,6.8,true
IC,862,FJ/86,20:48:00,RG/86,20:52:00,89,7.6,true
IC,862,RG/86,20:54:00,ADA/86,20:58:00,88,5.0,true
IC,862,ADA/86,20:58:00,KJN/86,21:06:00,88,21.4,true
IC,862,KJN/86,21:08:00,JSF/86,21:09:00,86,2.5,true
IC,862,JSF/86,21:09:00,NEL/86,21:21:00,86,28.2,true
IC,862,NEL/86,21:23:00,GB/86,21:24:00,86,1.4,true
IC,862,GB/86,21:24:00,KH/86,21:28:00,86,3.2,true
IC,862,KH/86,21:31:00,KN/86,21:33:00,19,1.5,true
IC,862,KN/86,21:34:00,KK/86,21:37:00,19,1.6,true
IC,866,ES/86,19:32:00,JNE/86,19:34:00,20,2.4,true
IC,866,JNE/86,19:34:00,BM/86,19:41:00,20,14.0,true
IC,866,BM/86,19:43:00,GØ/86,19:46:00,26,6.0,true
IC,866,GØ/86,19:46:00,VN/86,19:56:00,26,21.7,true
IC,866,VN/86,19:57:00,LK/86,20:04:00,26,11.6,true
IC,866,LK/86,20:04:00,KD/86,20:11:00,26,12.9,true
IC,866,KD/86,20:13:00,TL/86,20:18:00,45,11.3,true
IC,866,TL/86,20:18:00,MD/86,20:26:00,45,12.3,true
IC,866,MD/86,20:28:00,KA/86,20:31:00,46,6.1,true
IC,866,KA/86,20:31:00,OD/86,20:52:00,46,44.0,true
IC,866,OD/86,21:00:00,MV/86,21:05:00,61,9.3,true
IC,866,MV/86,21:05:00,NG/86,21:12:00,61,19.4,true
IC,866,NG/86,21:14:00,SPR/86,21:19:00,54,11.4,true
IC,866,SPR/86,21:19:00,KØ/86,21:25:00,54,11.9,true
IC,866,KØ/86,21:27:00,FO/86,21:31:00,52,8.3,true
IC,866,FO/86,21:31:00,SG/86,21:34:00,52,7.1,true
IC,866,SG/86,21:36:00,SO/86,21:43:00,54,14.6,true
IC,866,SO/86,21:45:00,FJ/86,21:48:00,54,6.8,true
IC,866,FJ/86,21:48:00,RG/86,21:52:00,54,7.6,true
IC,866,RG/86,21:54:00,ADA/86,21:58:00,52,5.0,true
IC,866,ADA/86,21:58:00,KJN/86,22:06:00,52,21.4,true
IC,866,KJN/86,22:08:00,JSF/86,22:09:00,46,2.5,true
IC,866,JSF/86,22:09:00,NEL/86,22:21:00,46,28.2,true
IC,866,NEL/86,22:23:00,GB/86,22:24:00,46,1.4,true
IC,866,GB/86,22:24:00,KH/86,22:28:00,46,3.2,true
IC,866,KH/86,22:34:00,KN/86,22:36:00,19,1.5,true
IC,866,KN/86,22:37:00,KK/86,22:40:00,19,1.6,true
IC,810,ES/86,05:32:00,JNE/86,05:34:00,33,2.4,true
IC,810,JNE/86,05:34:00,BM/86,05:41:00,33,14.0,true
IC,810,BM/86,05:43:00,GØ/86,05:46:00,49,6.0,true
IC,810,GØ/86,05:46:00,VN/86,05:56:00,49,21.7,true
IC,810,VN/86,05:57:00,LK/86,06:04:00,49,11.6,true
IC,810,LK/86,06:04:00,KD/86,06:11:00,49,12.9,true
IC,810,KD/86,06:13:00,TL/86,06:18:00,114,11.3,true
IC,810,TL/86,06:18:00,MD/86,06:26:00,114,12.3,true
IC,810,MD/86,06:28:00,KA/86,06:31:00,141,6.1,true
IC,810,KA/86,06:31:00,OD/86,06:52:00,141,44.0,true
IC,810,OD/86,07:00:00,MV/86,07:05:00,210,9.3,true
IC,810,MV/86,07:05:00,NG/86,07:12:00,210,19.4,true
IC,810,NG/86,07:14:00,SPR/86,07:19:00,291,11.4,true
IC,810,SPR/86,07:19:00,KØ/86,07:25:00,291,11.9,true
IC,810,KØ/86,07:27:00,FO/86,07:31:00,300,8.3,true
IC,810,FO/86,07:31:00,SG/86,07:34:00,300,7.1,true
IC,810,SG/86,07:36:00,SO/86,07:43:00,483,14.6,true
IC,810,SO/86,07:45:00,FJ/86,07:48:00,483,6.8,true
IC,810,FJ/86,07:48:00,RG/86,07:52:00,483,7.6,true
IC,810,RG/86,07:54:00,ADA/86,07:58:00,558,5.0,true
IC,810,ADA/86,07:58:00,KJN/86,08:06:00,558,21.4,true
IC,810,KJN/86,08:08:00,JSF/86,08:09:00,543,2.5,true
IC,810,JSF/86,08:09:00,NEL/86,08:21:00,543,28.2,true
IC,810,NEL/86,08:23:00,GB/86,08:24:00,543,1.4,true
IC,810,GB/86,08:24:00,KH/86,08:28:00,543,3.2,true
IC,810,KH/86,08:31:00,KN/86,08:33:00,239,1.5,true
IC,810,KN/86,08:34:00,KK/86,08:37:00,239,1.6,true
IC,810,KK/86,08:40:00,HGL/86,08:43:00,0,2.1,true
IC,182,AR/86,22:50:00,KGV/86,22:52:00,45,3.0,false
IC,182,KGV/86,22:52:00,SD/86,23:02:00,45,19.8,false
IC,182,SD/86,23:04:00,HÅ/86,23:10:00,47,14.1,false
IC,182,HÅ/86,23:10:00,HS/86,23:17:00,47,14.5,false
IC,182,HS/86,23:19:00,HED/86,23:27:00,45,16.3,false
IC,182,HED/86,23:27:00,VJ/86,23:34:00,45,15.1,false
IC,182,VJ/86,23:36:00,BET/86,23:41:00,53,10.9,false
IC,182,BET/86,23:41:00,FA/86,23:51:00,53,14.8,false
IC,182,FA/86,23:56:00,SNO/86,23:59:00,84,4.3,true
IC,182,SNO/86,23:59:00,MD/86,00:04:00,84,5.9,true
IC,182,MD/86,00:05:00,KA/86,00:10:00,83,6.1,true
IC,182,KA/86,00:10:00,OD/86,00:30:00,83,44.0,true
IC,182,OD/86,00:33:00,MV/86,00:38:00,84,9.3,true
IC,182,MV/86,00:38:00,LV/86,00:41:00,84,4.4,true
IC,182,LV/86,00:42:00,UV/86,00:45:00,84,5.1,true
IC,182,UV/86,00:45:00,NG/86,00:51:00,84,9.9,true
IC,182,NG/86,00:53:00,SPR/86,00:59:00,83,11.4,true
IC,182,SPR/86,00:59:00,KØ/86,01:06:00,83,11.9,true
IC,182,KØ/86,01:07:00,FO/86,01:12:00,83,8.3,true
IC,182,FO/86,01:12:00,SG/86,01:16:00,83,7.1,true
IC,182,SG/86,01:18:00,SO/86,01:27:00,82,14.6,true
IC,182,SO/86,01:29:00,FJ/86,01:33:00,82,6.8,true
IC,182,FJ/86,01:33:00,RG/86,01:37:00,82,7.6,true
IC,182,RG/86,01:39:00,KY/86,01:45:00,81,7.3,true
IC,182,KY/86,01:45:00,RO/86,01:56:00,81,25.3,true
IC,182,RO/86,01:58:00,TRK/86,02:01:00,80,3.1,true
IC,182,TRK/86,02:01:00,HTÅ/86,02:06:00,80,8.7,true
IC,182,HTÅ/86,02:07:00,GL/86,02:13:00,79,8.3,true
IC,182,GL/86,02:13:00,VAL/86,02:17:00,79,7.3,true
IC,182,VAL/86,02:19:00,KH/86,02:25:00,79,3.9,true
IC,802,OD/86,05:00:00,MV/86,05:05:00,25,9.3,true
IC,802,MV/86,05:05:00,NG/86,05:12:00,25,19.4,true
IC,802,NG/86,05:14:00,SPR/86,05:19:00,53,11.4,true
IC,802,SPR/86,05:19:00,KØ/86,05:25:00,53,11.9,true
IC,802,KØ/86,05:27:00,FO/86,05:31:00,73,8.3,true
IC,802,FO/86,05:31:00,SG/86,05:34:00,73,7.1,true
IC,802,SG/86,05:36:00,SO/86,05:43:00,145,14.6,true
IC,802,SO/86,05:45:00,FJ/86,05:48:00,145,6.8,true
IC,802,FJ/86,05:48:00,RG/86,05:52:00,145,7.6,true
IC,802,RG/86,05:54:00,ADA/86,05:58:00,246,5.0,true
IC,802,ADA/86,05:58:00,KJN/86,06:06:00,246,21.4,true
IC,802,KJN/86,06:08:00,JSF/86,06:09:00,244,2.5,true
IC,802,JSF/86,06:09:00,NEL/86,06:21:00,244,28.2,true
IC,802,NEL/86,06:23:00,GB/86,06:24:00,244,1.4,true
IC,802,GB/86,06:24:00,KH/86,06:28:00,244,3.2,true
IC,802,KH/86,06:31:00,KN/86,06:33:00,87,1.5,true
IC,802,KN/86,06:34:00,KK/86,06:37:00,87,1.6,true
IC,802,KK/86,06:40:00,HGL/86,06:43:00,0,2.1,true
IC,107,KH/86,02:35:00,VAL/86,02:39:00,47,3.9,true
IC,107,VAL/86,02:40:00,HIF/86,02:43:00,47,3.4,true
IC,107,HIF/86,02:43:00,HTÅ/86,02:49:00,47,12.2,true
IC,107,HTÅ/86,02:51:00,HH/86,02:54:00,44,4.7,true
IC,107,HH/86,02:54:00,RO/86,02:58:00,44,7.1,true
IC,107,RO/86,03:00:00,VY/86,03:06:00,40,11.2,true
IC,107,VY/86,03:06:00,RG/86,03:17:00,40,21.4,true
IC,107,RG/86,03:19:00,FJ/86,03:24:00,41,7.6,true
IC,107,FJ/86,03:24:00,SO/86,03:27:00,41,6.8,true
IC,107,SO/86,03:29:00,SG/86,03:37:00,41,14.6,true
IC,107,SG/86,03:39:00,FO/86,03:44:00,39,7.1,true
IC,107,FO/86,03:44:00,KØ/86,03:48:00,39,8.3,true
IC,107,KØ/86,03:49:00,SPR/86,03:56:00,38,11.9,true
IC,107,SPR/86,03:56:00,NG/86,04:02:00,38,11.4,true
IC,107,NG/86,04:04:00,JU/86,04:07:00,41,5.0,true
IC,107,JU/86,04:07:00,OD/86,04:18:00,41,23.7,true
IC,107,OD/86,04:21:00,HP/86,04:26:00,49,8.6,true
IC,107,HP/86,04:26:00,MD/86,04:45:00,49,41.5,true
IC,107,MD/86,04:46:00,SNO/86,04:51:00,53,5.9,true
IC,107,SNO/86,04:51:00,FA/86,04:55:00,53,4.3,true
IC,107,FA/86,05:05:00,BK/86,05:11:00,46,11.9,false
IC,107,BK/86,05:11:00,VJ/86,05:18:00,46,13.8,false
IC,107,VJ/86,05:20:00,HED/86,05:28:00,69,15.1,false
IC,107,HED/86,05:28:00,HS/86,05:35:00,69,16.3,false
IC,107,HS/86,05:37:00,HÅ/86,05:44:00,80,14.5,false
IC,107,HÅ/86,05:44:00,SD/86,05:51:00,80,14.1,false
IC,107,SD/86,05:52:00,HX/86,05:57:00,96,8.5,false
IC,107,HX/86,05:57:00,AR/86,06:05:00,96,14.3,false
IC,2312,FA/86,06:51:00,TL/86,06:56:00,81,8.6,true
IC,2312,TL/86,06:57:00,KD/86,07:04:00,81,11.3,true
IC,2312,KD/86,07:06:00,LK/86,07:13:00,57,12.9,true
IC,2312,LK/86,07:14:00,VN/86,07:20:00,70,11.6,true
IC,2312,VN/86,07:21:00,BP/86,07:26:00,70,7.8,true
IC,2312,BP/86,07:27:00,HQ/86,07:32:00,70,6.5,true
IC,2312,HQ/86,07:33:00,GØ/86,07:38:00,70,7.4,true
IC,2312,GØ/86,07:38:00,BM/86,07:42:00,70,6.0,true
IC,2312,BM/86,07:44:00,TB/86,07:48:00,64,8.1,true
IC,2312,TB/86,07:48:00,ES/86,07:54:00,64,8.3,true
IC,822,ES/86,08:31:00,JNE/86,08:33:00,31,2.4,true
IC,822,JNE/86,08:33:00,BM/86,08:40:00,31,14.0,true
IC,822,BM/86,08:43:00,GØ/86,08:46:00,44,6.0,true
IC,822,GØ/86,08:46:00,VN/86,08:56:00,44,21.7,true
IC,822,VN/86,08:57:00,LK/86,09:04:00,44,11.6,true
IC,822,LK/86,09:04:00,KD/86,09:11:00,44,12.9,true
IC,822,KD/86,09:13:00,TL/86,09:18:00,68,11.3,true
IC,822,TL/86,09:18:00,MD/86,09:26:00,68,12.3,true
IC,822,MD/86,09:28:00,KA/86,09:31:00,74,6.1,true
IC,822,KA/86,09:31:00,OD/86,09:52:00,74,44.0,true
IC,822,OD/86,10:00:00,MV/86,10:05:00,109,9.3,true
IC,822,MV/86,10:05:00,NG/86,10:12:00,109,19.4,true
IC,822,NG/86,10:14:00,SPR/86,10:19:00,133,11.4,true
IC,822,SPR/86,10:19:00,KØ/86,10:25:00,133,11.9,true
IC,822,KØ/86,10:27:00,FO/86,10:31:00,144,8.3,true
IC,822,FO/86,10:31:00,SG/86,10:34:00,144,7.1,true
IC,822,SG/86,10:36:00,SO/86,10:43:00,155,14.6,true
IC,822,SO/86,10:45:00,FJ/86,10:48:00,155,6.8,true
IC,822,FJ/86,10:48:00,RG/86,10:52:00,155,7.6,true
IC,822,RG/86,10:54:00,ADA/86,10:58:00,158,5.0,true
IC,822,ADA/86,10:58:00,KJN/86,11:06:00,158,21.4,true
IC,822,KJN/86,11:08:00,JSF/86,11:09:00,140,2.5,true
IC,822,JSF/86,11:09:00,NEL/86,11:21:00,140,28.2,true
IC,822,NEL/86,11:23:00,GB/86,11:24:00,140,1.4,true
IC,822,GB/86,11:24:00,KH/86,11:28:00,140,3.2,true
IC,822,KH/86,11:31:00,KN/86,11:33:00,57,1.5,true
IC,822,KN/86,11:34:00,KK/86,11:37:00,57,1.6,true
IC,830,ES/86,10:32:00,JNE/86,10:34:00,41,2.4,true
IC,830,JNE/86,10:34:00,BM/86,10:41:00,41,14.0,true
IC,830,BM/86,10:43:00,GØ/86,10:46:00,61,6.0,true
IC,830,GØ/86,10:46:00,VN/86,10:56:00,61,21.7,true
IC,830,VN/86,10:57:00,LK/86,11:04:00,61,11.6,true
IC,830,LK/86,11:04:00,KD/86,11:11:00,61,12.9,true
IC,830,KD/86,11:13:00,TL/86,11:18:00,93,11.3,true
IC,830,TL/86,11:18:00,MD/86,11:26:00,93,12.3,true
IC,830,MD/86,11:28:00,KA/86,11:31:00,98,6.1,true
IC,830,KA/86,11:31:00,OD/86,11:52:00,98,44.0,true
IC,830,OD/86,12:00:00,MV/86,12:05:00,121,9.3,true
IC,830,MV/86,12:05:00,NG/86,12:12:00,121,19.4,true
IC,830,NG/86,12:14:00,SPR/86,12:19:00,132,11.4,true
IC,830,SPR/86,12:19:00,KØ/86,12:25:00,132,11.9,true
IC,830,KØ/86,12:27:00,FO/86,12:31:00,138,8.3,true
IC,830,FO/86,12:31:00,SG/86,12:34:00,138,7.1,true
IC,830,SG/86,12:36:00,SO/86,12:43:00,154,14.6,true
IC,830,SO/86,12:45:00,FJ/86,12:48:00,154,6.8,true
IC,830,FJ/86,12:48:00,RG/86,12:52:00,154,7.6,true
IC,830,RG/86,12:54:00,ADA/86,12:58:00,155,5.0,true
IC,830,ADA/86,12:58:00,KJN/86,13:06:00,155,21.4,true
IC,830,KJN/86,13:08:00,JSF/86,13:09:00,126,2.5,true
IC,830,JSF/86,13:09:00,NEL/86,13:21:00,126,28.2,true
IC,830,NEL/86,13:23:00,GB/86,13:24:00,126,1.4,true
IC,830,GB/86,13:24:00,KH/86,13:28:00,126,3.2,true
IC,830,KH/86,13:31:00,KN/86,13:33:00,42,1.5,true
IC,830,KN/86,13:34:00,KK/86,13:37:00,42,1.6,true
IC,830,KK/86,13:40:00,HGL/86,13:43:00,0,2.1,true
IC,826,ES/86,09:32:00,JNE/86,09:34:00,28,2.4,true
IC,826,JNE/86,09:34:00,BM/86,09:41:00,28,14.0,true
IC,826,BM/86,09:43:00,GØ/86,09:46:00,38,6.0,true
IC,826,GØ/86,09:46:00,VN/86,09:56:00,38,21.7,true
IC,826,VN/86,09:57:00,LK/86,10:04:00,38,11.6,true
IC,826,LK/86,10:04:00,KD/86,10:11:00,38,12.9,true
IC,826,KD/86,10:13:00,TL/86,10:18:00,48,11.3,true
IC,826,TL/86,10:18:00,MD/86,10:26:00,48,12.3,true
IC,826,MD/86,10:28:00,KA/86,10:31:00,54,6.1,true
IC,826,KA/86,10:31:00,OD/86,10:52:00,54,44.0,true
IC,826,OD/86,11:00:00,MV/86,11:05:00,90,9.3,true
IC,826,MV/86,11:05:00,NG/86,11:12:00,90,19.4,true
IC,826,NG/86,11:14:00,SPR/86,11:19:00,114,11.4,true
IC,826,SPR/86,11:19:00,KØ/86,11:25:00,114,11.9,true
IC,826,KØ/86,11:27:00,FO/86,11:31:00,124,8.3,true
IC,826,FO/86,11:31:00,SG/86,11:34:00,124,7.1,true
IC,826,SG/86,11:36:00,SO/86,11:43:00,128,14.6,true
IC,826,SO/86,11:45:00,FJ/86,11:48:00,128,6.8,true
IC,826,FJ/86,11:48:00,RG/86,11:52:00,128,7.6,true
IC,826,RG/86,11:54:00,ADA/86,11:58:00,140,5.0,true
IC,826,ADA/86,11:58:00,KJN/86,12:06:00,140,21.4,true
IC,826,KJN/86,12:08:00,JSF/86,12:09:00,118,2.5,true
IC,826,JSF/86,12:09:00,NEL/86,12:21:00,118,28.2,true
IC,826,NEL/86,12:23:00,GB/86,12:24:00,118,1.4,true
IC,826,GB/86,12:24:00,KH/86,12:28:00,118,3.2,true
IC,826,KH/86,12:31:00,KN/86,12:33:00,41,1.5,true
IC,826,KN/86,12:34:00,KK/86,12:37:00,41,1.6,true
IC,826,KK/86,12:40:00,HGL/86,12:43:00,0,2.1,true
IC,858,ES/86,17:32:00,JNE/86,17:34:00,45,2.4,true
IC,858,JNE/86,17:34:00,BM/86,17:41:00,45,14.0,true
IC,858,BM/86,17:43:00,GØ/86,17:46:00,53,6.0,true
IC,858,GØ/86,17:46:00,VN/86,17:56:00,53,21.7,true
IC,858,VN/86,17:57:00,LK/86,18:04:00,53,11.6,true
IC,858,LK/86,18:04:00,KD/86,18:11:00,53,12.9,true
IC,858,KD/86,18:13:00,TL/86,18:18:00,66,11.3,true
IC,858,TL/86,18:18:00,MD/86,18:26:00,66,12.3,true
IC,858,MD/86,18:28:00,KA/86,18:31:00,70,6.1,true
IC,858,KA/86,18:31:00,OD/86,18:52:00,70,44.0,true
IC,858,OD/86,19:00:00,MV/86,19:05:00,99,9.3,true
IC,858,MV/86,19:05:00,NG/86,19:12:00,99,19.4,true
IC,858,NG/86,19:14:00,SPR/86,19:19:00,99,11.4,true
IC,858,SPR/86,19:19:00,KØ/86,19:25:00,99,11.9,true
IC,858,KØ/86,19:27:00,FO/86,19:31:00,95,8.3,true
IC,858,FO/86,19:31:00,SG/86,19:34:00,95,7.1,true
IC,858,SG/86,19:36:00,SO/86,19:43:00,78,14.6,true
IC,858,SO/86,19:45:00,FJ/86,19:48:00,78,6.8,true
IC,858,FJ/86,19:48:00,RG/86,19:52:00,78,7.6,true
IC,858,RG/86,19:54:00,ADA/86,19:58:00,76,5.0,true
IC,858,ADA/86,19:58:00,KJN/86,20:06:00,76,21.4,true
IC,858,KJN/86,20:08:00,JSF/86,20:09:00,68,2.5,true
IC,858,JSF/86,20:09:00,NEL/86,20:21:00,68,28.2,true
IC,858,NEL/86,20:23:00,GB/86,20:24:00,68,1.4,true
IC,858,GB/86,20:24:00,KH/86,20:28:00,68,3.2,true
IC,858,KH/86,20:31:00,KN/86,20:33:00,30,1.5,true
IC,858,KN/86,20:34:00,KK/86,20:37:00,30,1.6,true
IC,858,KK/86,20:40:00,HGL/86,20:43:00,0,2.1,true
IC,5765,FA/86,18:30:00,TL/86,18:35:00,38,8.6,true
IC,5765,TL/86,18:35:00,KD/86,18:40:00,38,11.3,true
IC,5765,KD/86,18:43:00,LK/86,18:50:00,33,12.9,true
IC,5765,LK/86,18:51:00,VM/86,18:55:00,33,6.0,true
IC,5765,VM/86,18:56:00,FZ/86,18:59:00,33,5.0,true
IC,5765,FZ/86,18:59:00,OJ/86,19:06:00,33,15.4,true
IC,5765,OJ/86,19:08:00,RQ/86,19:17:00,33,20.4,true
IC,5765,RQ/86,19:19:00,TE/86,19:27:00,33,15.7,true
IC,5765,TE/86,19:29:00,VK/86,19:34:00,12,7.6,true
IC,5765,VK/86,19:34:00,PA/86,19:39:00,12,6.8,true
IC,5765,PA/86,19:42:00,PAGR/86,19:43:00,0,1.0,true
IC,5765,PAGR/86,19:43:00,FLB/80,19:53:00,0,10.9,true
IC,101,KH/86,00:35:00,VAL/86,00:39:00,115,3.9,true
IC,101,VAL/86,00:41:00,HIF/86,00:44:00,115,3.4,true
IC,101,HIF/86,00:44:00,HTÅ/86,00:51:00,115,12.2,true
IC,101,HTÅ/86,00:52:00,HH/86,00:56:00,115,4.7,true
IC,101,HH/86,00:56:00,RO/86,01:00:00,115,7.1,true
IC,101,RO/86,01:02:00,VY/86,01:08:00,104,11.2,true
IC,101,VY/86,01:08:00,RG/86,01:19:00,104,21.4,true
IC,101,RG/86,01:21:00,FJ/86,01:26:00,102,7.6,true
IC,101,FJ/86,01:26:00,SO/86,01:29:00,102,6.8,true
IC,101,SO/86,01:31:00,SG/86,01:39:00,102,14.6,true
IC,101,SG/86,01:41:00,FO/86,01:46:00,93,7.1,true
IC,101,FO/86,01:46:00,KØ/86,01:50:00,93,8.3,true
IC,101,KØ/86,01:51:00,SPR/86,01:58:00,92,11.9,true
IC,101,SPR/86,01:58:00,NG/86,02:04:00,92,11.4,true
IC,101,NG/86,02:06:00,JU/86,02:09:00,86,5.0,true
IC,101,JU/86,02:09:00,OD/86,02:20:00,86,23.7,true
IC,101,OD/86,02:22:00,HP/86,02:28:00,75,8.6,true
IC,101,HP/86,02:28:00,MD/86,02:47:00,75,41.5,true
IC,101,MD/86,02:48:00,SNO/86,02:53:00,73,5.9,true
IC,101,SNO/86,02:53:00,FA/86,02:57:00,73,4.3,true
IC,101,FA/86,03:03:00,BK/86,03:09:00,69,11.9,false
IC,101,BK/86,03:09:00,VJ/86,03:17:00,69,13.8,false
IC,101,VJ/86,03:19:00,HED/86,03:28:00,68,15.1,false
IC,101,HED/86,03:28:00,HS/86,03:35:00,68,16.3,false
IC,101,HS/86,03:37:00,HÅ/86,03:45:00,66,14.5,false
IC,101,HÅ/86,03:45:00,SD/86,03:53:00,66,14.1,false
IC,101,SD/86,03:54:00,HX/86,03:59:00,63,8.5,false
IC,101,HX/86,03:59:00,AR/86,04:08:00,63,14.3,false
IC,850,ES/86,15:32:00,JNE/86,15:34:00,79,2.4,true
IC,850,JNE/86,15:34:00,BM/86,15:41:00,79,14.0,true
IC,850,BM/86,15:43:00,GØ/86,15:46:00,105,6.0,true
IC,850,GØ/86,15:46:00,VN/86,15:56:00,105,21.7,true
IC,850,VN/86,15:57:00,LK/86,16:04:00,105,11.6,true
IC,850,LK/86,16:04:00,KD/86,16:11:00,105,12.9,true
IC,850,KD/86,16:13:00,TL/86,16:18:00,148,11.3,true
IC,850,TL/86,16:18:00,MD/86,16:26:00,148,12.3,true
IC,850,MD/86,16:28:00,KA/86,16:31:00,174,6.1,true
IC,850,KA/86,16:31:00,OD/86,16:52:00,174,44.0,true
IC,850,OD/86,17:00:00,MV/86,17:05:00,165,9.3,true
IC,850,MV/86,17:05:00,NG/86,17:12:00,165,19.4,true
IC,850,NG/86,17:14:00,SPR/86,17:19:00,163,11.4,true
IC,850,SPR/86,17:19:00,KØ/86,17:25:00,163,11.9,true
IC,850,KØ/86,17:27:00,FO/86,17:31:00,162,8.3,true
IC,850,FO/86,17:31:00,SG/86,17:34:00,162,7.1,true
IC,850,SG/86,17:36:00,SO/86,17:43:00,157,14.6,true
IC,850,SO/86,17:45:00,FJ/86,17:48:00,157,6.8,true
IC,850,FJ/86,17:48:00,RG/86,17:52:00,157,7.6,true
IC,850,RG/86,17:54:00,ADA/86,17:58:00,140,5.0,true
IC,850,ADA/86,17:58:00,KJN/86,18:06:00,140,21.4,true
IC,850,KJN/86,18:08:00,JSF/86,18:09:00,109,2.5,true
IC,850,JSF/86,18:09:00,NEL/86,18:21:00,109,28.2,true
IC,850,NEL/86,18:23:00,GB/86,18:24:00,109,1.4,true
IC,850,GB/86,18:24:00,KH/86,18:28:00,109,3.2,true
IC,850,KH/86,18:31:00,KN/86,18:33:00,33,1.5,true
IC,850,KN/86,18:34:00,KK/86,18:37:00,33,1.6,true
IC,850,KK/86,18:40:00,HGL/86,18:43:00,0,2.1,true
IC,842,ES/86,13:32:00,JNE/86,13:34:00,52,2.4,true
IC,842,JNE/86,13:34:00,BM/86,13:41:00,52,14.0,true
IC,842,BM/86,13:43:00,GØ/86,13:46:00,75,6.0,true
IC,842,GØ/86,13:46:00,VN/86,13:56:00,75,21.7,true
IC,842,VN/86,13:57:00,LK/86,14:04:00,75,11.6,true
IC,842,LK/86,14:04:00,KD/86,14:11:00,75,12.9,true
IC,842,KD/86,14:13:00,TL/86,14:18:00,140,11.3,true
IC,842,TL/86,14:18:00,MD/86,14:26:00,140,12.3,true
IC,842,MD/86,14:28:00,KA/86,14:31:00,152,6.1,true
IC,842,KA/86,14:31:00,OD/86,14:52:00,152,44.0,true
IC,842,OD/86,15:00:00,MV/86,15:05:00,202,9.3,true
IC,842,MV/86,15:05:00,NG/86,15:12:00,202,19.4,true
IC,842,NG/86,15:14:00,SPR/86,15:19:00,198,11.4,true
IC,842,SPR/86,15:19:00,KØ/86,15:25:00,198,11.9,true
IC,842,KØ/86,15:27:00,FO/86,15:31:00,200,8.3,true
IC,842,FO/86,15:31:00,SG/86,15:34:00,200,7.1,true
IC,842,SG/86,15:36:00,SO/86,15:43:00,242,14.6,true
IC,842,SO/86,15:45:00,FJ/86,15:48:00,242,6.8,true
IC,842,FJ/86,15:48:00,RG/86,15:52:00,242,7.6,true
IC,842,RG/86,15:54:00,ADA/86,15:58:00,239,5.0,true
IC,842,ADA/86,15:58:00,KJN/86,16:06:00,239,21.4,true
IC,842,KJN/86,16:08:00,JSF/86,16:09:00,199,2.5,true
IC,842,JSF/86,16:09:00,NEL/86,16:21:00,199,28.2,true
IC,842,NEL/86,16:23:00,GB/86,16:24:00,199,1.4,true
IC,842,GB/86,16:24:00,KH/86,16:28:00,199,3.2,true
IC,842,KH/86,16:31:00,KN/86,16:33:00,71,1.5,true
IC,842,KN/86,16:34:00,KK/86,16:37:00,71,1.6,true
IC,842,KK/86,16:40:00,HGL/86,16:43:00,0,2.1,true
IC,847,HGL/86,12:16:00,KK/86,12:20:00,0,2.1,true
IC,847,KK/86,12:23:00,KN/86,12:25:00,51,1.6,true
IC,847,KN/86,12:26:00,KH/86,12:29:00,51,1.5,true
IC,847,KH/86,12:32:00,GB/86,12:34:00,121,3.2,true
IC,847,GB/86,12:34:00,NEL/86,12:36:00,121,1.4,true
IC,847,NEL/86,12:37:00,IG/86,12:38:00,121,1.6,true
IC,847,IG/86,12:38:00,KJN/86,12:50:00,121,29.1,true
IC,847,KJN/86,12:52:00,LEL/86,12:54:00,139,4.3,true
IC,847,LEL/86,12:54:00,RG/86,13:04:00,139,22.1,true
IC,847,RG/86,13:06:00,FJ/86,13:11:00,139,7.6,true
IC,847,FJ/86,13:11:00,SO/86,13:14:00,139,6.8,true
IC,847,SO/86,13:15:00,SG/86,13:22:00,139,14.6,true
IC,847,SG/86,13:24:00,FO/86,13:28:00,134,7.1,true
IC,847,FO/86,13:28:00,KØ/86,13:32:00,134,8.3,true
IC,847,KØ/86,13:33:00,SPR/86,13:39:00,128,11.9,true
IC,847,SPR/86,13:39:00,NG/86,13:44:00,128,11.4,true
IC,847,NG/86,13:46:00,JU/86,13:49:00,116,5.0,true
IC,847,JU/86,13:49:00,OD/86,14:00:00,116,23.7,true
IC,847,OD/86,14:09:00,HP/86,14:14:00,91,8.6,true
IC,847,HP/86,14:14:00,MD/86,14:30:00,91,41.5,true
IC,847,MD/86,14:32:00,SNO/86,14:37:00,80,5.9,true
IC,847,SNO/86,14:37:00,KD/86,14:46:00,80,17.7,true
IC,847,KD/86,14:48:00,LK/86,14:54:00,67,12.9,true
IC,847,LK/86,14:54:00,VN/86,15:01:00,67,11.6,true
IC,847,VN/86,15:02:00,BP/86,15:06:00,67,7.8,true
IC,847,BP/86,15:06:00,BM/86,15:15:00,67,19.9,true
IC,847,BM/86,15:17:00,TB/86,15:21:00,43,8.1,true
IC,847,TB/86,15:21:00,ES/86,15:26:00,43,8.3,true
IC,838,ES/86,12:32:00,JNE/86,12:34:00,52,2.4,true
IC,838,JNE/86,12:34:00,BM/86,12:41:00,52,14.0,true
IC,838,BM/86,12:43:00,GØ/86,12:46:00,71,6.0,true
IC,838,GØ/86,12:46:00,VN/86,12:56:00,71,21.7,true
IC,838,VN/86,12:57:00,LK/86,13:04:00,71,11.6,true
IC,838,LK/86,13:04:00,KD/86,13:11:00,71,12.9,true
IC,838,KD/86,13:13:00,TL/86,13:18:00,102,11.3,true
IC,838,TL/86,13:18:00,MD/86,13:26:00,102,12.3,true
IC,838,MD/86,13:28:00,KA/86,13:31:00,106,6.1,true
IC,838,KA/86,13:31:00,OD/86,13:52:00,106,44.0,true
IC,838,OD/86,14:00:00,MV/86,14:05:00,126,9.3,true
IC,838,MV/86,14:05:00,NG/86,14:12:00,126,19.4,true
IC,838,NG/86,14:14:00,SPR/86,14:19:00,136,11.4,true
IC,838,SPR/86,14:19:00,KØ/86,14:25:00,136,11.9,true
IC,838,KØ/86,14:27:00,FO/86,14:31:00,145,8.3,true
IC,838,FO/86,14:31:00,SG/86,14:34:00,145,7.1,true
IC,838,SG/86,14:36:00,SO/86,14:43:00,175,14.6,true
IC,838,SO/86,14:45:00,FJ/86,14:48:00,175,6.8,true
IC,838,FJ/86,14:48:00,RG/86,14:52:00,175,7.6,true
IC,838,RG/86,14:54:00,ADA/86,14:58:00,174,5.0,true
IC,838,ADA/86,14:58:00,KJN/86,15:06:00,174,21.4,true
IC,838,KJN/86,15:08:00,JSF/86,15:09:00,140,2.5,true
IC,838,JSF/86,15:09:00,NEL/86,15:21:00,140,28.2,true
IC,838,NEL/86,15:23:00,GB/86,15:24:00,140,1.4,true
IC,838,GB/86,15:24:00,KH/86,15:28:00,140,3.2,true
IC,838,KH/86,15:31:00,KN/86,15:33:00,51,1.5,true
IC,838,KN/86,15:34:00,KK/86,15:37:00,51,1.6,true
IC,838,KK/86,15:40:00,HGL/86,15:43:00,0,2.1,true
IC,80108,FA/86,05:56:00,SNO/86,05:59:00,12,4.3,true
IC,80108,SNO/86,05:59:00,MD/86,06:03:00,12,5.9,true
IC,80108,MD/86,06:05:00,KA/86,06:09:00,34,6.1,true
IC,80108,KA/86,06:09:00,OD/86,06:27:00,34,44.0,true
IC,80108,OD/86,06:29:00,MV/86,06:34:00,137,9.3,true
IC,80108,MV/86,06:34:00,LV/86,06:37:00,137,4.4,true
IC,80108,LV/86,06:38:00,UV/86,06:41:00,137,5.1,true
IC,80108,UV/86,06:41:00,NG/86,06:45:00,137,9.9,true
IC,80108,NG/86,06:47:00,SPR/86,06:53:00,160,11.4,true
IC,80108,SPR/86,06:53:00,KØ/86,06:59:00,160,11.9,true
IC,80108,KØ/86,07:00:00,FO/86,07:04:00,192,8.3,true
IC,80108,FO/86,07:04:00,SG/86,07:08:00,192,7.1,true
IC,80108,SG/86,07:10:00,SO/86,07:18:00,359,14.6,true
IC,80108,SO/86,07:19:00,FJ/86,07:23:00,359,6.8,true
IC,80108,FJ/86,07:23:00,RG/86,07:27:00,359,7.6,true
IC,80108,RG/86,07:29:00,KY/86,07:34:00,437,7.3,true
IC,80108,KY/86,07:34:00,RO/86,07:44:00,437,25.3,true
IC,80108,RO/86,07:46:00,TRK/86,07:48:00,445,3.1,true
IC,80108,TRK/86,07:48:00,HTÅ/86,07:53:00,445,8.7,true
IC,80108,HTÅ/86,07:54:00,GL/86,07:59:00,302,8.3,true
IC,80108,GL/86,07:59:00,VAL/86,08:03:00,302,7.3,true
IC,80108,VAL/86,08:04:00,KH/86,08:10:00,302,3.9,true
IC,80108,KH/86,08:13:00,KN/86,08:16:00,46,1.5,true
IC,80108,KN/86,08:16:00,KK/86,08:19:00,46,1.6,true
IC,80108,KK/86,08:22:00,HGL/86,08:25:00,0,2.1,true
IC,104,FA/86,04:56:00,SNO/86,04:59:00,13,4.3,true
IC,104,SNO/86,04:59:00,MD/86,05:03:00,13,5.9,true
IC,104,MD/86,05:05:00,KA/86,05:09:00,24,6.1,true
IC,104,KA/86,05:09:00,OD/86,05:27:00,24,44.0,true
IC,104,OD/86,05:29:00,MV/86,05:34:00,45,9.3,true
IC,104,MV/86,05:34:00,LV/86,05:37:00,45,4.4,true
IC,104,LV/86,05:38:00,UV/86,05:41:00,45,5.1,true
IC,104,UV/86,05:41:00,NG/86,05:45:00,45,9.9,true
IC,104,NG/86,05:47:00,SPR/86,05:53:00,114,11.4,true
IC,104,SPR/86,05:53:00,KØ/86,05:59:00,114,11.9,true
IC,104,KØ/86,06:00:00,FO/86,06:04:00,141,8.3,true
IC,104,FO/86,06:04:00,SG/86,06:08:00,141,7.1,true
IC,104,SG/86,06:10:00,SO/86,06:18:00,241,14.6,true
IC,104,SO/86,06:19:00,FJ/86,06:23:00,241,6.8,true
IC,104,FJ/86,06:23:00,RG/86,06:27:00,241,7.6,true
IC,104,RG/86,06:29:00,KY/86,06:34:00,306,7.3,true
IC,104,KY/86,06:34:00,RO/86,06:44:00,306,25.3,true
IC,104,RO/86,06:46:00,TRK/86,06:48:00,319,3.1,true
IC,104,TRK/86,06:48:00,HTÅ/86,06:53:00,319,8.7,true
IC,104,HTÅ/86,06:54:00,GL/86,06:59:00,254,8.3,true
IC,104,GL/86,06:59:00,VAL/86,07:03:00,254,7.3,true
IC,104,VAL/86,07:04:00,KH/86,07:10:00,254,3.9,true
IC,104,KH/86,07:13:00,KN/86,07:15:00,140,1.5,true
IC,104,KN/86,07:16:00,KK/86,07:19:00,140,1.6,true
IC,835,HGL/86,09:16:00,KK/86,09:20:00,0,2.1,true
IC,835,KK/86,09:23:00,KN/86,09:25:00,32,1.6,true
IC,835,KN/86,09:26:00,KH/86,09:29:00,32,1.5,true
IC,835,KH/86,09:32:00,GB/86,09:35:00,87,3.2,true
IC,835,GB/86,09:35:00,NEL/86,09:36:00,87,1.4,true
IC,835,NEL/86,09:37:00,IG/86,09:38:00,87,1.6,true
IC,835,IG/86,09:38:00,KJN/86,09:50:00,87,29.1,true
IC,835,KJN/86,09:52:00,LEL/86,09:54:00,99,4.3,true
IC,835,LEL/86,09:54:00,RG/86,10:04:00,99,22.1,true
IC,835,RG/86,10:06:00,FJ/86,10:11:00,100,7.6,true
IC,835,FJ/86,10:11:00,SO/86,10:14:00,100,6.8,true
IC,835,SO/86,10:15:00,SG/86,10:22:00,100,14.6,true
IC,835,SG/86,10:24:00,FO/86,10:28:00,114,7.1,true
IC,835,FO/86,10:28:00,KØ/86,10:32:00,114,8.3,true
IC,835,KØ/86,10:33:00,SPR/86,10:39:00,106,11.9,true
IC,835,SPR/86,10:39:00,NG/86,10:44:00,106,11.4,true
IC,835,NG/86,10:46:00,JU/86,10:49:00,102,5.0,true
IC,835,JU/86,10:49:00,OD/86,11:00:00,102,23.7,true
IC,835,OD/86,11:09:00,HP/86,11:14:00,74,8.6,true
IC,835,HP/86,11:14:00,MD/86,11:30:00,74,41.5,true
IC,835,MD/86,11:32:00,SNO/86,11:37:00,63,5.9,true
IC,835,SNO/86,11:37:00,KD/86,11:46:00,63,17.7,true
IC,835,KD/86,11:48:00,LK/86,11:54:00,46,12.9,true
IC,835,LK/86,11:54:00,VN/86,12:01:00,46,11.6,true
IC,835,VN/86,12:02:00,BP/86,12:06:00,46,7.8,true
IC,835,BP/86,12:06:00,BM/86,12:15:00,46,19.9,true
IC,835,BM/86,12:17:00,TB/86,12:21:00,32,8.1,true
IC,835,TB/86,12:21:00,ES/86,12:26:00,32,8.3,true
IC,413,FA/86,06:09:00,BK/86,06:15:00,70,11.9,false
IC,413,BK/86,06:15:00,VJ/86,06:22:00,70,13.8,false
IC,413,VJ/86,06:24:00,HED/86,06:31:00,118,15.1,false
IC,413,HED/86,06:31:00,HS/86,06:38:00,118,16.3,false
IC,413,HS/86,06:40:00,HÅ/86,06:47:00,161,14.5,false
IC,413,HÅ/86,06:47:00,SD/86,06:54:00,161,14.1,false
IC,413,SD/86,06:55:00,HX/86,07:00:00,167,8.5,false
IC,413,HX/86,07:00:00,AR/86,07:08:00,167,14.3,false
IC,424,AR/86,08:50:00,KGV/86,08:52:00,151,3.0,false
IC,424,KGV/86,08:52:00,SD/86,09:02:00,151,19.8,false
IC,424,SD/86,09:03:00,HÅ/86,09:10:00,145,14.1,false
IC,424,HÅ/86,09:10:00,HS/86,09:17:00,145,14.5,false
IC,424,HS/86,09:19:00,HED/86,09:26:00,128,16.3,false
IC,424,HED/86,09:26:00,VJ/86,09:33:00,128,15.1,false
IC,424,VJ/86,09:35:00,BET/86,09:41:00,114,10.9,false
IC,424,BET/86,09:41:00,FA/86,09:49:00,114,14.8,false
IC,223,CPH/86,06:05:00,TÅT/86,06:07:00,32,3.3,true
IC,223,TÅT/86,06:08:00,ØRE/86,06:10:00,32,1.6,true
IC,223,ØRE/86,06:11:00,KLV/86,06:14:00,32,2.1,true
IC,223,KLV/86,06:14:00,NEL/86,06:16:00,32,3.2,true
IC,223,NEL/86,06:18:00,IG/86,06:20:00,32,1.6,true
IC,223,IG/86,06:20:00,HTÅ/86,06:28:00,32,14.3,true
IC,223,HTÅ/86,06:29:00,HH/86,06:32:00,62,4.7,true
IC,223,HH/86,06:32:00,TRK/86,06:35:00,62,4.0,true
IC,223,TRK/86,06:36:00,RO/86,06:39:00,62,3.1,true
IC,223,RO/86,06:41:00,VY/86,06:46:00,128,11.2,true
IC,223,VY/86,06:46:00,RG/86,06:56:00,128,21.4,true
IC,223,RG/86,06:58:00,FJ/86,07:03:00,143,7.6,true
IC,223,FJ/86,07:03:00,SO/86,07:06:00,143,6.8,true
IC,223,SO/86,07:07:00,SG/86,07:15:00,143,14.6,true
IC,223,SG/86,07:17:00,FO/86,07:20:00,162,7.1,true
IC,223,FO/86,07:20:00,NG/86,07:33:00,162,31.6,true
IC,223,NG/86,07:35:00,JU/86,07:38:00,188,5.0,true
IC,223,JU/86,07:38:00,OD/86,07:48:00,188,23.7,true
IC,416,AR/86,06:50:00,KGV/86,06:52:00,221,3.0,false
IC,416,KGV/86,06:52:00,SD/86,07:02:00,221,19.8,false
IC,416,SD/86,07:03:00,HÅ/86,07:10:00,232,14.1,false
IC,416,HÅ/86,07:10:00,HS/86,07:17:00,232,14.5,false
IC,416,HS/86,07:19:00,HED/86,07:26:00,239,16.3,false
IC,416,HED/86,07:26:00,VJ/86,07:33:00,239,15.1,false
IC,416,VJ/86,07:35:00,BET/86,07:41:00,204,10.9,false
IC,416,BET/86,07:41:00,FA/86,07:49:00,204,14.8,false
IC,432,AR/86,10:50:00,KGV/86,10:52:00,92,3.0,false
IC,432,KGV/86,10:52:00,SD/86,11:02:00,92,19.8,false
IC,432,SD/86,11:03:00,HÅ/86,11:10:00,96,14.1,false
IC,432,HÅ/86,11:10:00,HS/86,11:17:00,96,14.5,false
IC,432,HS/86,11:19:00,HED/86,11:26:00,95,16.3,false
IC,432,HED/86,11:26:00,VJ/86,11:33:00,95,15.1,false
IC,432,VJ/86,11:35:00,BET/86,11:41:00,93,10.9,false
IC,432,BET/86,11:41:00,FA/86,11:49:00,93,14.8,false
IC,429,FA/86,10:09:00,BK/86,10:15:00,72,11.9,false
IC,429,BK/86,10:15:00,VJ/86,10:22:00,72,13.8,false
IC,429,VJ/86,10:24:00,HED/86,10:31:00,85,15.1,false
IC,429,HED/86,10:31:00,HS/86,10:38:00,85,16.3,false
IC,429,HS/86,10:40:00,HÅ/86,10:47:00,92,14.5,false
IC,429,HÅ/86,10:47:00,SD/86,10:54:00,92,14.1,false
IC,429,SD/86,10:55:00,HX/86,11:00:00,89,8.5,false
IC,429,HX/86,11:00:00,AR/86,11:08:00,89,14.3,false
IC,471,FA/86,21:09:00,BK/86,21:15:00,49,11.9,false
IC,471,BK/86,21:15:00,VJ/86,21:22:00,49,13.8,false
IC,471,VJ/86,21:24:00,HED/86,21:31:00,46,15.1,false
IC,471,HED/86,21:31:00,HS/86,21:38:00,46,16.3,false
IC,471,HS/86,21:40:00,HÅ/86,21:47:00,41,14.5,false
IC,471,HÅ/86,21:47:00,SD/86,21:54:00,41,14.1,false
IC,471,SD/86,21:55:00,HX/86,22:00:00,39,8.5,false
IC,471,HX/86,22:00:00,AR/86,22:08:00,39,14.3,false
IC,474,AR/86,20:50:00,KGV/86,20:52:00,95,3.0,false
IC,474,KGV/86,20:52:00,SD/86,21:02:00,95,19.8,false
IC,474,SD/86,21:03:00,HÅ/86,21:10:00,82,14.1,false
IC,474,HÅ/86,21:10:00,HS/86,21:17:00,82,14.5,false
IC,474,HS/86,21:19:00,HED/86,21:26:00,63,16.3,false
IC,474,HED/86,21:26:00,VJ/86,21:33:00,63,15.1,false
IC,474,VJ/86,21:35:00,BET/86,21:41:00,53,10.9,false
IC,474,BET/86,21:41:00,FA/86,21:49:00,53,14.8,false
IC,185,KH/86,21:50:00,VAL/86,21:53:00,163,3.9,true
IC,185,VAL/86,21:55:00,HIF/86,21:58:00,163,3.4,true
IC,185,HIF/86,21:58:00,HTÅ/86,22:04:00,163,12.2,true
IC,185,HTÅ/86,22:05:00,HH/86,22:08:00,156,4.7,true
IC,185,HH/86,22:08:00,RO/86,22:12:00,156,7.1,true
IC,185,RO/86,22:14:00,VY/86,22:19:00,113,11.2,true
IC,185,VY/86,22:19:00,RG/86,22:29:00,113,21.4,true
IC,185,RG/86,22:31:00,FJ/86,22:36:00,96,7.6,true
IC,185,FJ/86,22:36:00,SO/86,22:39:00,96,6.8,true
IC,185,SO/86,22:40:00,SG/86,22:48:00,96,14.6,true
IC,185,SG/86,22:50:00,FO/86,22:54:00,71,7.1,true
IC,185,FO/86,22:54:00,KØ/86,22:58:00,71,8.3,true
IC,185,KØ/86,22:59:00,SPR/86,23:05:00,68,11.9,true
IC,185,SPR/86,23:05:00,NG/86,23:10:00,68,11.4,true
IC,185,NG/86,23:12:00,JU/86,23:15:00,57,5.0,true
IC,185,JU/86,23:15:00,LV/86,23:20:00,57,10.0,true
IC,185,LV/86,23:21:00,MV/86,23:24:00,57,4.4,true
IC,185,MV/86,23:24:00,OD/86,23:28:00,57,9.3,true
IC,823,KK/86,06:23:00,KN/86,06:25:00,38,1.6,true
IC,823,KN/86,06:26:00,KH/86,06:29:00,38,1.5,true
IC,823,KH/86,06:32:00,GB/86,06:35:00,132,3.2,true
IC,823,GB/86,06:35:00,NEL/86,06:36:00,132,1.4,true
IC,823,NEL/86,06:37:00,IG/86,06:38:00,132,1.6,true
IC,823,IG/86,06:38:00,KJN/86,06:50:00,132,29.1,true
IC,823,KJN/86,06:52:00,LEL/86,06:54:00,157,4.3,true
IC,823,LEL/86,06:54:00,RG/86,07:04:00,157,22.1,true
IC,823,RG/86,07:06:00,FJ/86,07:11:00,186,7.6,true
IC,823,FJ/86,07:11:00,SO/86,07:14:00,186,6.8,true
IC,823,SO/86,07:15:00,SG/86,07:22:00,186,14.6,true
IC,823,SG/86,07:24:00,FO/86,07:28:00,168,7.1,true
IC,823,FO/86,07:28:00,KØ/86,07:32:00,168,8.3,true
IC,823,KØ/86,07:33:00,SPR/86,07:39:00,164,11.9,true
IC,823,SPR/86,07:39:00,NG/86,07:44:00,164,11.4,true
IC,823,NG/86,07:46:00,JU/86,07:49:00,183,5.0,true
IC,823,JU/86,07:49:00,OD/86,08:00:00,183,23.7,true
IC,823,OD/86,08:09:00,HP/86,08:14:00,137,8.6,true
IC,823,HP/86,08:14:00,MD/86,08:30:00,137,41.5,true
IC,823,MD/86,08:32:00,SNO/86,08:37:00,110,5.9,true
IC,823,SNO/86,08:37:00,KD/86,08:46:00,110,17.7,true
IC,823,KD/86,08:48:00,LK/86,08:55:00,61,12.9,true
IC,823,LK/86,08:55:00,VN/86,09:01:00,61,11.6,true
IC,823,VN/86,09:02:00,BP/86,09:06:00,61,7.8,true
IC,823,BP/86,09:06:00,BM/86,09:15:00,61,19.9,true
IC,823,BM/86,09:17:00,TB/86,09:21:00,49,8.1,true
IC,823,TB/86,09:21:00,ES/86,09:26:00,49,8.3,true
IC,827,HGL/86,07:16:00,KK/86,07:20:00,0,2.1,true
IC,827,KK/86,07:23:00,KN/86,07:25:00,55,1.6,true
IC,827,KN/86,07:26:00,KH/86,07:29:00,55,1.5,true
IC,827,KH/86,07:32:00,GB/86,07:35:00,223,3.2,true
IC,827,GB/86,07:35:00,NEL/86,07:36:00,223,1.4,true
IC,827,NEL/86,07:37:00,IG/86,07:38:00,223,1.6,true
IC,827,IG/86,07:38:00,KJN/86,07:50:00,223,29.1,true
IC,827,KJN/86,07:52:00,LEL/86,07:54:00,259,4.3,true
IC,827,LEL/86,07:54:00,RG/86,08:04:00,259,22.1,true
IC,827,RG/86,08:06:00,FJ/86,08:11:00,243,7.6,true
IC,827,FJ/86,08:11:00,SO/86,08:14:00,243,6.8,true
IC,827,SO/86,08:15:00,SG/86,08:22:00,243,14.6,true
IC,827,SG/86,08:24:00,FO/86,08:28:00,214,7.1,true
IC,827,FO/86,08:28:00,KØ/86,08:31:00,214,8.3,true
IC,827,KØ/86,08:33:00,SPR/86,08:39:00,202,11.9,true
IC,827,SPR/86,08:39:00,NG/86,08:44:00,202,11.4,true
IC,827,NG/86,08:46:00,JU/86,08:49:00,183,5.0,true
IC,827,JU/86,08:49:00,OD/86,09:00:00,183,23.7,true
IC,827,OD/86,09:09:00,HP/86,09:14:00,107,8.6,true
IC,827,HP/86,09:14:00,MD/86,09:30:00,107,41.5,true
IC,827,MD/86,09:32:00,SNO/86,09:37:00,75,5.9,true
IC,827,SNO/86,09:37:00,KD/86,09:46:00,75,17.7,true
IC,827,KD/86,09:48:00,LK/86,09:54:00,35,12.9,true
IC,827,LK/86,09:54:00,VN/86,10:01:00,35,11.6,true
IC,827,VN/86,10:02:00,BP/86,10:06:00,35,7.8,true
IC,827,BP/86,10:06:00,BM/86,10:15:00,35,19.9,true
IC,827,BM/86,10:17:00,TB/86,10:21:00,25,8.1,true
IC,827,TB/86,10:21:00,ES/86,10:26:00,25,8.3,true
IC,839,KK/86,10:23:00,KN/86,10:25:00,54,1.6,true
IC,839,KN/86,10:26:00,KH/86,10:29:00,54,1.5,true
IC,839,KH/86,10:32:00,GB/86,10:35:00,122,3.2,true
IC,839,GB/86,10:35:00,NEL/86,10:36:00,122,1.4,true
IC,839,NEL/86,10:37:00,IG/86,10:38:00,122,1.6,true
IC,839,IG/86,10:38:00,KJN/86,10:50:00,122,29.1,true
IC,839,KJN/86,10:52:00,LEL/86,10:54:00,152,4.3,true
IC,839,LEL/86,10:54:00,RG/86,11:04:00,152,22.1,true
IC,839,RG/86,11:06:00,FJ/86,11:11:00,155,7.6,true
IC,839,FJ/86,11:11:00,SO/86,11:14:00,155,6.8,true
IC,839,SO/86,11:15:00,SG/86,11:22:00,155,14.6,true
IC,839,SG/86,11:24:00,FO/86,11:28:00,157,7.1,true
IC,839,FO/86,11:28:00,KØ/86,11:31:00,157,8.3,true
IC,839,KØ/86,11:33:00,SPR/86,11:39:00,151,11.9,true
IC,839,SPR/86,11:39:00,NG/86,11:44:00,151,11.4,true
IC,839,NG/86,11:46:00,JU/86,11:49:00,134,5.0,true
IC,839,JU/86,11:49:00,OD/86,12:00:00,134,23.7,true
IC,839,OD/86,12:09:00,HP/86,12:14:00,104,8.6,true
IC,839,HP/86,12:14:00,MD/86,12:30:00,104,41.5,true
IC,839,MD/86,12:32:00,SNO/86,12:37:00,91,5.9,true
IC,839,SNO/86,12:37:00,KD/86,12:46:00,91,17.7,true
IC,839,KD/86,12:48:00,LK/86,12:54:00,81,12.9,true
IC,839,LK/86,12:54:00,VN/86,13:01:00,81,11.6,true
IC,839,VN/86,13:02:00,BP/86,13:06:00,81,7.8,true
IC,839,BP/86,13:06:00,BM/86,13:15:00,81,19.9,true
IC,839,BM/86,13:17:00,TB/86,13:21:00,54,8.1,true
IC,839,TB/86,13:21:00,ES/86,13:26:00,54,8.3,true
IC,843,HGL/86,11:16:00,KK/86,11:20:00,0,2.1,true
IC,843,KK/86,11:23:00,KN/86,11:25:00,61,1.6,true
IC,843,KN/86,11:26:00,KH/86,11:29:00,61,1.5,true
IC,843,KH/86,11:32:00,GB/86,11:35:00,128,3.2,true
IC,843,GB/86,11:35:00,NEL/86,11:36:00,128,1.4,true
IC,843,NEL/86,11:37:00,IG/86,11:38:00,128,1.6,true
IC,843,IG/86,11:38:00,KJN/86,11:50:00,128,29.1,true
IC,843,KJN/86,11:52:00,LEL/86,11:54:00,151,4.3,true
IC,843,LEL/86,11:54:00,RG/86,12:04:00,151,22.1,true
IC,843,RG/86,12:06:00,FJ/86,12:11:00,154,7.6,true
IC,843,FJ/86,12:11:00,SO/86,12:14:00,154,6.8,true
IC,843,SO/86,12:15:00,SG/86,12:22:00,154,14.6,true
IC,843,SG/86,12:24:00,FO/86,12:28:00,157,7.1,true
IC,843,FO/86,12:28:00,KØ/86,12:32:00,157,8.3,true
IC,843,KØ/86,12:33:00,SPR/86,12:39:00,151,11.9,true
IC,843,SPR/86,12:39:00,NG/86,12:44:00,151,11.4,true
IC,843,NG/86,12:46:00,JU/86,12:49:00,138,5.0,true
IC,843,JU/86,12:49:00,OD/86,13:00:00,138,23.7,true
IC,843,OD/86,13:09:00,HP/86,13:14:00,116,8.6,true
IC,843,HP/86,13:14:00,MD/86,13:30:00,116,41.5,true
IC,843,MD/86,13:32:00,SNO/86,13:37:00,110,5.9,true
IC,843,SNO/86,13:37:00,KD/86,13:46:00,110,17.7,true
IC,843,KD/86,13:48:00,LK/86,13:54:00,87,12.9,true
IC,843,LK/86,13:54:00,VN/86,14:01:00,87,11.6,true
IC,843,VN/86,14:02:00,BP/86,14:06:00,87,7.8,true
IC,843,BP/86,14:06:00,BM/86,14:15:00,87,19.9,true
IC,843,BM/86,14:17:00,TB/86,14:21:00,57,8.1,true
IC,843,TB/86,14:21:00,ES/86,14:26:00,57,8.3,true
IC,851,HGL/86,13:16:00,KK/86,13:20:00,0,2.1,true
IC,851,KK/86,13:23:00,KN/86,13:25:00,70,1.6,true
IC,851,KN/86,13:26:00,KH/86,13:29:00,70,1.5,true
IC,851,KH/86,13:32:00,GB/86,13:35:00,173,3.2,true
IC,851,GB/86,13:35:00,NEL/86,13:36:00,173,1.4,true
IC,851,NEL/86,13:37:00,IG/86,13:38:00,173,1.6,true
IC,851,IG/86,13:38:00,KJN/86,13:50:00,173,29.1,true
IC,851,KJN/86,13:52:00,LEL/86,13:54:00,189,4.3,true
IC,851,LEL/86,13:54:00,RG/86,14:04:00,189,22.1,true
IC,851,RG/86,14:06:00,FJ/86,14:11:00,180,7.6,true
IC,851,FJ/86,14:11:00,SO/86,14:14:00,180,6.8,true
IC,851,SO/86,14:15:00,SG/86,14:22:00,180,14.6,true
IC,851,SG/86,14:24:00,FO/86,14:28:00,166,7.1,true
IC,851,FO/86,14:28:00,KØ/86,14:31:00,166,8.3,true
IC,851,KØ/86,14:33:00,SPR/86,14:39:00,163,11.9,true
IC,851,SPR/86,14:39:00,NG/86,14:44:00,163,11.4,true
IC,851,NG/86,14:46:00,JU/86,14:49:00,147,5.0,true
IC,851,JU/86,14:49:00,OD/86,15:00:00,147,23.7,true
IC,851,OD/86,15:09:00,HP/86,15:14:00,148,8.6,true
IC,851,HP/86,15:14:00,MD/86,15:30:00,148,41.5,true
IC,851,MD/86,15:32:00,SNO/86,15:37:00,137,5.9,true
IC,851,SNO/86,15:37:00,KD/86,15:46:00,137,17.7,true
IC,851,KD/86,15:48:00,LK/86,15:54:00,90,12.9,true
IC,851,LK/86,15:54:00,VN/86,16:01:00,90,11.6,true
IC,851,VN/86,16:02:00,BP/86,16:06:00,90,7.8,true
IC,851,BP/86,16:06:00,BM/86,16:15:00,90,19.9,true
IC,851,BM/86,16:17:00,TB/86,16:21:00,57,8.1,true
IC,851,TB/86,16:21:00,ES/86,16:26:00,57,8.3,true
IC,855,HGL/86,14:16:00,KK/86,14:20:00,0,2.1,true
IC,855,KK/86,14:23:00,KN/86,14:25:00,124,1.6,true
IC,855,KN/86,14:26:00,KH/86,14:29:00,124,1.5,true
IC,855,KH/86,14:32:00,GB/86,14:35:00,295,3.2,true
IC,855,GB/86,14:35:00,NEL/86,14:36:00,295,1.4,true
IC,855,NEL/86,14:37:00,IG/86,14:38:00,295,1.6,true
IC,855,IG/86,14:38:00,KJN/86,14:50:00,295,29.1,true
IC,855,KJN/86,14:52:00,LEL/86,14:54:00,314,4.3,true
IC,855,LEL/86,14:54:00,RG/86,15:04:00,314,22.1,true
IC,855,RG/86,15:06:00,FJ/86,15:11:00,299,7.6,true
IC,855,FJ/86,15:11:00,SO/86,15:14:00,299,6.8,true
IC,855,SO/86,15:15:00,SG/86,15:22:00,299,14.6,true
IC,855,SG/86,15:24:00,FO/86,15:28:00,224,7.1,true
IC,855,FO/86,15:28:00,KØ/86,15:32:00,224,8.3,true
IC,855,KØ/86,15:33:00,SPR/86,15:39:00,221,11.9,true
IC,855,SPR/86,15:39:00,NG/86,15:44:00,221,11.4,true
IC,855,NG/86,15:46:00,JU/86,15:49:00,193,5.0,true
IC,855,JU/86,15:49:00,OD/86,16:00:00,193,23.7,true
IC,855,OD/86,16:09:00,HP/86,16:14:00,171,8.6,true
IC,855,HP/86,16:14:00,MD/86,16:30:00,171,41.5,true
IC,855,MD/86,16:32:00,SNO/86,16:37:00,157,5.9,true
IC,855,SNO/86,16:37:00,KD/86,16:46:00,157,17.7,true
IC,855,KD/86,16:48:00,LK/86,16:54:00,147,12.9,true
IC,855,LK/86,16:54:00,VN/86,17:01:00,147,11.6,true
IC,855,VN/86,17:02:00,BP/86,17:06:00,147,7.8,true
IC,855,BP/86,17:06:00,BM/86,17:15:00,147,19.9,true
IC,855,BM/86,17:17:00,TB/86,17:21:00,96,8.1,true
IC,855,TB/86,17:21:00,ES/86,17:26:00,96,8.3,true
IC,859,HGL/86,15:16:00,KK/86,15:20:00,0,2.1,true
IC,859,KK/86,15:23:00,KN/86,15:25:00,250,1.6,true
IC,859,KN/86,15:26:00,KH/86,15:29:00,250,1.5,true
IC,859,KH/86,15:32:00,GB/86,15:35:00,533,3.2,true
IC,859,GB/86,15:35:00,NEL/86,15:36:00,533,1.4,true
IC,859,NEL/86,15:37:00,IG/86,15:38:00,533,1.6,true
IC,859,IG/86,15:38:00,KJN/86,15:50:00,533,29.1,true
IC,859,KJN/86,15:52:00,LEL/86,15:54:00,561,4.3,true
IC,859,LEL/86,15:54:00,RG/86,16:04:00,561,22.1,true
IC,859,RG/86,16:06:00,FJ/86,16:11:00,483,7.6,true
IC,859,FJ/86,16:11:00,SO/86,16:14:00,483,6.8,true
IC,859,SO/86,16:15:00,SG/86,16:22:00,483,14.6,true
IC,859,SG/86,16:24:00,FO/86,16:28:00,372,7.1,true
IC,859,FO/86,16:28:00,KØ/86,16:32:00,372,8.3,true
IC,859,KØ/86,16:33:00,SPR/86,16:39:00,373,11.9,true
IC,859,SPR/86,16:39:00,NG/86,16:44:00,373,11.4,true
IC,859,NG/86,16:46:00,JU/86,16:49:00,301,5.0,true
IC,859,JU/86,16:49:00,OD/86,17:00:00,301,23.7,true
IC,859,OD/86,17:09:00,HP/86,17:14:00,205,8.6,true
IC,859,HP/86,17:14:00,MD/86,17:30:00,205,41.5,true
IC,859,MD/86,17:32:00,SNO/86,17:37:00,166,5.9,true
IC,859,SNO/86,17:37:00,KD/86,17:46:00,166,17.7,true
IC,859,KD/86,17:48:00,LK/86,17:54:00,125,12.9,true
IC,859,LK/86,17:54:00,VN/86,18:01:00,125,11.6,true
IC,859,VN/86,18:02:00,BP/86,18:06:00,125,7.8,true
IC,859,BP/86,18:06:00,BM/86,18:15:00,125,19.9,true
IC,859,BM/86,18:17:00,TB/86,18:21:00,83,8.1,true
IC,859,TB/86,18:21:00,ES/86,18:26:00,83,8.3,true
IC,863,HGL/86,16:16:00,KK/86,16:20:00,0,2.1,true
IC,863,KK/86,16:23:00,KN/86,16:25:00,218,1.6,true
IC,863,KN/86,16:26:00,KH/86,16:29:00,218,1.5,true
IC,863,KH/86,16:32:00,GB/86,16:35:00,556,3.2,true
IC,863,GB/86,16:35:00,NEL/86,16:36:00,556,1.4,true
IC,863,NEL/86,16:37:00,IG/86,16:38:00,556,1.6,true
IC,863,IG/86,16:38:00,KJN/86,16:50:00,556,29.1,true
IC,863,KJN/86,16:52:00,LEL/86,16:54:00,583,4.3,true
IC,863,LEL/86,16:54:00,RG/86,17:04:00,583,22.1,true
IC,863,RG/86,17:06:00,FJ/86,17:11:00,517,7.6,true
IC,863,FJ/86,17:11:00,SO/86,17:14:00,517,6.8,true
IC,863,SO/86,17:15:00,SG/86,17:22:00,517,14.6,true
IC,863,SG/86,17:24:00,FO/86,17:28:00,344,7.1,true
IC,863,FO/86,17:28:00,KØ/86,17:32:00,344,8.3,true
IC,863,KØ/86,17:33:00,SPR/86,17:39:00,321,11.9,true
IC,863,SPR/86,17:39:00,NG/86,17:44:00,321,11.4,true
IC,863,NG/86,17:46:00,JU/86,17:49:00,254,5.0,true
IC,863,JU/86,17:49:00,OD/86,18:00:00,254,23.7,true
IC,863,OD/86,18:09:00,HP/86,18:14:00,155,8.6,true
IC,863,HP/86,18:14:00,MD/86,18:30:00,155,41.5,true
IC,863,MD/86,18:32:00,SNO/86,18:37:00,111,5.9,true
IC,863,SNO/86,18:37:00,KD/86,18:46:00,111,17.7,true
IC,863,KD/86,18:48:00,LK/86,18:54:00,88,12.9,true
IC,863,LK/86,18:54:00,VN/86,19:01:00,88,11.6,true
IC,863,VN/86,19:02:00,BP/86,19:06:00,88,7.8,true
IC,863,BP/86,19:06:00,BM/86,19:15:00,88,19.9,true
IC,863,BM/86,19:17:00,TB/86,19:21:00,48,8.1,true
IC,863,TB/86,19:21:00,ES/86,19:26:00,48,8.3,true
IC,867,HGL/86,17:16:00,KK/86,17:20:00,0,2.1,true
IC,867,KK/86,17:23:00,KN/86,17:25:00,149,1.6,true
IC,867,KN/86,17:26:00,KH/86,17:29:00,149,1.5,true
IC,867,KH/86,17:32:00,GB/86,17:35:00,356,3.2,true
IC,867,GB/86,17:35:00,NEL/86,17:36:00,356,1.4,true
IC,867,NEL/86,17:37:00,IG/86,17:38:00,356,1.6,true
IC,867,IG/86,17:38:00,KJN/86,17:50:00,356,29.1,true
IC,867,KJN/86,17:52:00,LEL/86,17:54:00,372,4.3,true
IC,867,LEL/86,17:54:00,RG/86,18:04:00,372,22.1,true
IC,867,RG/86,18:06:00,FJ/86,18:11:00,321,7.6,true
IC,867,FJ/86,18:11:00,SO/86,18:14:00,321,6.8,true
IC,867,SO/86,18:15:00,SG/86,18:22:00,321,14.6,true
IC,867,SG/86,18:24:00,FO/86,18:28:00,239,7.1,true
IC,867,FO/86,18:28:00,KØ/86,18:32:00,239,8.3,true
IC,867,KØ/86,18:33:00,SPR/86,18:39:00,228,11.9,true
IC,867,SPR/86,18:39:00,NG/86,18:44:00,228,11.4,true
IC,867,NG/86,18:46:00,JU/86,18:49:00,190,5.0,true
IC,867,JU/86,18:49:00,OD/86,19:00:00,190,23.7,true
IC,867,OD/86,19:09:00,HP/86,19:14:00,114,8.6,true
IC,867,HP/86,19:14:00,MD/86,19:30:00,114,41.5,true
IC,867,MD/86,19:32:00,SNO/86,19:37:00,97,5.9,true
IC,867,SNO/86,19:37:00,KD/86,19:46:00,97,17.7,true
IC,867,KD/86,19:48:00,LK/86,19:54:00,54,12.9,true
IC,867,LK/86,19:54:00,VN/86,20:01:00,54,11.6,true
IC,867,VN/86,20:02:00,BP/86,20:06:00,54,7.8,true
IC,867,BP/86,20:06:00,BM/86,20:15:00,54,19.9,true
IC,867,BM/86,20:17:00,TB/86,20:21:00,42,8.1,true
IC,867,TB/86,20:21:00,ES/86,20:26:00,42,8.3,true
IC,871,HGL/86,18:16:00,KK/86,18:20:00,0,2.1,true
IC,871,KK/86,18:23:00,KN/86,18:25:00,68,1.6,true
IC,871,KN/86,18:26:00,KH/86,18:29:00,68,1.5,true
IC,871,KH/86,18:32:00,GB/86,18:35:00,154,3.2,true
IC,871,GB/86,18:35:00,NEL/86,18:36:00,154,1.4,true
IC,871,NEL/86,18:37:00,IG/86,18:38:00,154,1.6,true
IC,871,IG/86,18:38:00,KJN/86,18:50:00,154,29.1,true
IC,871,KJN/86,18:52:00,LEL/86,18:54:00,158,4.3,true
IC,871,LEL/86,18:54:00,RG/86,19:04:00,158,22.1,true
IC,871,RG/86,19:06:00,FJ/86,19:11:00,143,7.6,true
IC,871,FJ/86,19:11:00,SO/86,19:14:00,143,6.8,true
IC,871,SO/86,19:15:00,SG/86,19:22:00,143,14.6,true
IC,871,SG/86,19:24:00,FO/86,19:28:00,108,7.1,true
IC,871,FO/86,19:28:00,KØ/86,19:32:00,108,8.3,true
IC,871,KØ/86,19:33:00,SPR/86,19:39:00,97,11.9,true
IC,871,SPR/86,19:39:00,NG/86,19:44:00,97,11.4,true
IC,871,NG/86,19:46:00,JU/86,19:49:00,71,5.0,true
IC,871,JU/86,19:49:00,OD/86,20:00:00,71,23.7,true
IC,871,OD/86,20:09:00,HP/86,20:14:00,75,8.6,true
IC,871,HP/86,20:14:00,MD/86,20:30:00,75,41.5,true
IC,871,MD/86,20:32:00,SNO/86,20:37:00,66,5.9,true
IC,871,SNO/86,20:37:00,KD/86,20:46:00,66,17.7,true
IC,871,KD/86,20:48:00,LK/86,20:54:00,53,12.9,true
IC,871,LK/86,20:54:00,VN/86,21:01:00,53,11.6,true
IC,871,VN/86,21:02:00,BP/86,21:06:00,53,7.8,true
IC,871,BP/86,21:06:00,BM/86,21:15:00,53,19.9,true
IC,871,BM/86,21:17:00,TB/86,21:21:00,36,8.1,true
IC,871,TB/86,21:21:00,ES/86,21:26:00,36,8.3,true
IC,875,HGL/86,19:16:00,KK/86,19:20:00,0,2.1,true
IC,875,KK/86,19:23:00,KN/86,19:25:00,69,1.6,true
IC,875,KN/86,19:26:00,KH/86,19:29:00,69,1.5,true
IC,875,KH/86,19:32:00,GB/86,19:35:00,168,3.2,true
IC,875,GB/86,19:35:00,NEL/86,19:36:00,168,1.4,true
IC,875,NEL/86,19:37:00,IG/86,19:38:00,168,1.6,true
IC,875,IG/86,19:38:00,KJN/86,19:50:00,168,29.1,true
IC,875,KJN/86,19:52:00,LEL/86,19:54:00,174,4.3,true
IC,875,LEL/86,19:54:00,RG/86,20:04:00,174,22.1,true
IC,875,RG/86,20:06:00,FJ/86,20:11:00,161,7.6,true
IC,875,FJ/86,20:11:00,SO/86,20:14:00,161,6.8,true
IC,875,SO/86,20:15:00,SG/86,20:22:00,161,14.6,true
IC,875,SG/86,20:24:00,FO/86,20:28:00,132,7.1,true
IC,875,FO/86,20:28:00,KØ/86,20:32:00,132,8.3,true
IC,875,KØ/86,20:33:00,SPR/86,20:39:00,115,11.9,true
IC,875,SPR/86,20:39:00,NG/86,20:44:00,115,11.4,true
IC,875,NG/86,20:46:00,JU/86,20:49:00,103,5.0,true
IC,875,JU/86,20:49:00,OD/86,21:00:00,103,23.7,true
IC,875,OD/86,21:09:00,HP/86,21:14:00,80,8.6,true
IC,875,HP/86,21:14:00,MD/86,21:30:00,80,41.5,true
IC,875,MD/86,21:32:00,SNO/86,21:37:00,67,5.9,true
IC,875,SNO/86,21:37:00,KD/86,21:46:00,67,17.7,true
IC,875,KD/86,21:48:00,LK/86,21:54:00,58,12.9,true
IC,875,LK/86,21:54:00,VN/86,22:01:00,58,11.6,true
IC,875,VN/86,22:02:00,BP/86,22:06:00,58,7.8,true
IC,875,BP/86,22:06:00,BM/86,22:15:00,58,19.9,true
IC,875,BM/86,22:17:00,TB/86,22:21:00,22,8.1,true
IC,875,TB/86,22:21:00,ES/86,22:26:00,22,8.3,true
IC,879,HGL/86,20:16:00,KK/86,20:20:00,0,2.1,true
IC,879,KK/86,20:23:00,KN/86,20:25:00,58,1.6,true
IC,879,KN/86,20:26:00,KH/86,20:29:00,58,1.5,true
IC,879,KH/86,20:32:00,GB/86,20:35:00,191,3.2,true
IC,879,GB/86,20:35:00,NEL/86,20:36:00,191,1.4,true
IC,879,NEL/86,20:37:00,IG/86,20:38:00,191,1.6,true
IC,879,IG/86,20:38:00,KJN/86,20:50:00,191,29.1,true
IC,879,KJN/86,20:52:00,LEL/86,20:54:00,187,4.3,true
IC,879,LEL/86,20:54:00,RG/86,21:04:00,187,22.1,true
IC,879,RG/86,21:06:00,FJ/86,21:11:00,148,7.6,true
IC,879,FJ/86,21:11:00,SO/86,21:14:00,148,6.8,true
IC,879,SO/86,21:15:00,SG/86,21:22:00,148,14.6,true
IC,879,SG/86,21:24:00,FO/86,21:28:00,116,7.1,true
IC,879,FO/86,21:28:00,KØ/86,21:32:00,116,8.3,true
IC,879,KØ/86,21:33:00,SPR/86,21:39:00,104,11.9,true
IC,879,SPR/86,21:39:00,NG/86,21:44:00,104,11.4,true
IC,879,NG/86,21:46:00,JU/86,21:49:00,68,5.0,true
IC,879,JU/86,21:49:00,OD/86,22:00:00,68,23.7,true
IC,883,HGL/86,21:16:00,KK/86,21:20:00,0,2.1,true
IC,883,KK/86,21:23:00,KN/86,21:25:00,55,1.6,true
IC,883,KN/86,21:26:00,KH/86,21:29:00,55,1.5,true
IC,883,KH/86,21:32:00,GB/86,21:35:00,123,3.2,true
IC,883,GB/86,21:35:00,NEL/86,21:36:00,123,1.4,true
IC,883,NEL/86,21:37:00,IG/86,21:38:00,123,1.6,true
IC,883,IG/86,21:38:00,KJN/86,21:50:00,123,29.1,true
IC,883,KJN/86,21:52:00,LEL/86,21:54:00,115,4.3,true
IC,883,LEL/86,21:54:00,RG/86,22:04:00,115,22.1,true
IC,883,RG/86,22:06:00,FJ/86,22:11:00,96,7.6,true
IC,883,FJ/86,22:11:00,SO/86,22:14:00,96,6.8,true
IC,883,SO/86,22:15:00,SG/86,22:22:00,96,14.6,true
IC,883,SG/86,22:24:00,FO/86,22:28:00,61,7.1,true
IC,883,FO/86,22:28:00,KØ/86,22:32:00,61,8.3,true
IC,883,KØ/86,22:33:00,SPR/86,22:39:00,54,11.9,true
IC,883,SPR/86,22:39:00,NG/86,22:44:00,54,11.4,true
IC,883,NG/86,22:46:00,JU/86,22:49:00,41,5.0,true
IC,883,JU/86,22:49:00,OD/86,23:00:00,41,23.7,true
IC,819,HGL/86,05:16:00,KK/86,05:20:00,0,2.1,true
IC,819,KK/86,05:23:00,KN/86,05:25:00,20,1.6,true
IC,819,KN/86,05:26:00,KH/86,05:29:00,20,1.5,true
IC,819,KH/86,05:32:00,GB/86,05:35:00,50,3.2,true
IC,819,GB/86,05:35:00,NEL/86,05:36:00,50,1.4,true
IC,819,NEL/86,05:37:00,IG/86,05:38:00,50,1.6,true
IC,819,IG/86,05:38:00,KJN/86,05:50:00,50,29.1,true
IC,819,KJN/86,05:52:00,LEL/86,05:54:00,59,4.3,true
IC,819,LEL/86,05:54:00,RG/86,06:04:00,59,22.1,true
IC,819,RG/86,06:06:00,FJ/86,06:11:00,80,7.6,true
IC,819,FJ/86,06:11:00,SO/86,06:14:00,80,6.8,true
IC,819,SO/86,06:15:00,SG/86,06:22:00,80,14.6,true
IC,819,SG/86,06:24:00,FO/86,06:28:00,83,7.1,true
IC,819,FO/86,06:28:00,KØ/86,06:32:00,83,8.3,true
IC,819,KØ/86,06:33:00,SPR/86,06:39:00,86,11.9,true
IC,819,SPR/86,06:39:00,NG/86,06:44:00,86,11.4,true
IC,819,NG/86,06:46:00,JU/86,06:49:00,109,5.0,true
IC,819,JU/86,06:49:00,OD/86,07:00:00,109,23.7,true
IC,819,OD/86,07:09:00,HP/86,07:14:00,145,8.6,true
IC,819,HP/86,07:14:00,MD/86,07:30:00,145,41.5,true
IC,819,MD/86,07:32:00,SNO/86,07:37:00,135,5.9,true
IC,819,SNO/86,07:37:00,KD/86,07:46:00,135,17.7,true
IC,819,KD/86,07:48:00,LK/86,07:54:00,52,12.9,true
IC,819,LK/86,07:54:00,VN/86,08:01:00,52,11.6,true
IC,819,VN/86,08:02:00,BP/86,08:06:00,52,7.8,true
IC,819,BP/86,08:06:00,BM/86,08:15:00,52,19.9,true
IC,819,BM/86,08:17:00,TB/86,08:21:00,42,8.1,true
IC,819,TB/86,08:21:00,ES/86,08:26:00,42,8.3,true
IC,815,OD/86,06:09:00,HP/86,06:14:00,77,8.6,true
IC,815,HP/86,06:14:00,MD/86,06:30:00,77,41.5,true
IC,815,MD/86,06:32:00,SNO/86,06:36:00,78,5.9,true
IC,815,SNO/86,06:36:00,KD/86,06:46:00,78,17.7,true
IC,815,KD/86,06:48:00,LK/86,06:55:00,70,12.9,true
IC,815,LK/86,06:56:00,VN/86,07:03:00,88,11.6,true
IC,815,VN/86,07:04:00,BP/86,07:08:00,88,7.8,true
IC,815,BP/86,07:09:00,HQ/86,07:14:00,88,6.5,true
IC,815,HQ/86,07:15:00,GØ/86,07:20:00,88,7.4,true
IC,815,GØ/86,07:21:00,BM/86,07:25:00,88,6.0,true
IC,815,BM/86,07:26:00,TB/86,07:30:00,74,8.1,true
IC,815,TB/86,07:30:00,ES/86,07:36:00,74,8.3,true
IC,806,ES/86,04:32:00,JNE/86,04:34:00,11,2.4,true
IC,806,JNE/86,04:34:00,BM/86,04:41:00,11,14.0,true
IC,806,BM/86,04:43:00,GØ/86,04:46:00,11,6.0,true
IC,806,GØ/86,04:46:00,VN/86,04:56:00,11,21.7,true
IC,806,VN/86,04:57:00,LK/86,05:04:00,11,11.6,true
IC,806,LK/86,05:04:00,KD/86,05:11:00,11,12.9,true
IC,806,KD/86,05:13:00,TL/86,05:18:00,29,11.3,true
IC,806,TL/86,05:18:00,MD/86,05:26:00,29,12.3,true
IC,806,MD/86,05:28:00,KA/86,05:31:00,35,6.1,true
IC,806,KA/86,05:31:00,OD/86,05:52:00,35,44.0,true
IC,806,OD/86,06:00:00,MV/86,06:05:00,62,9.3,true
IC,806,MV/86,06:05:00,NG/86,06:12:00,62,19.4,true
IC,806,NG/86,06:14:00,SPR/86,06:19:00,90,11.4,true
IC,806,SPR/86,06:19:00,KØ/86,06:25:00,90,11.9,true
IC,806,KØ/86,06:27:00,FO/86,06:31:00,125,8.3,true
IC,806,FO/86,06:31:00,SG/86,06:34:00,125,7.1,true
IC,806,SG/86,06:36:00,SO/86,06:43:00,350,14.6,true
IC,806,SO/86,06:45:00,FJ/86,06:48:00,350,6.8,true
IC,806,FJ/86,06:48:00,RG/86,06:52:00,350,7.6,true
IC,806,RG/86,06:54:00,ADA/86,06:58:00,515,5.0,true
IC,806,ADA/86,06:58:00,KJN/86,07:06:00,515,21.4,true
IC,806,KJN/86,07:08:00,JSF/86,07:09:00,529,2.5,true
IC,806,JSF/86,07:09:00,NEL/86,07:21:00,529,28.2,true
IC,806,NEL/86,07:23:00,GB/86,07:24:00,529,1.4,true
IC,806,GB/86,07:24:00,KH/86,07:28:00,529,3.2,true
IC,806,KH/86,07:31:00,KN/86,07:33:00,214,1.5,true
IC,806,KN/86,07:34:00,KK/86,07:37:00,214,1.6,true
IC,806,KK/86,07:40:00,HGL/86,07:43:00,0,2.1,true
IC,2316,FA/86,07:51:00,TL/86,07:56:00,132,8.6,true
IC,2316,TL/86,07:57:00,KD/86,08:04:00,130,11.3,true
IC,2316,KD/86,08:06:00,LK/86,08:13:00,50,12.9,true
IC,2316,LK/86,08:14:00,VN/86,08:20:00,51,11.6,true
IC,2316,VN/86,08:21:00,BP/86,08:26:00,51,7.8,true
IC,2316,BP/86,08:27:00,HQ/86,08:32:00,51,6.5,true
IC,2316,HQ/86,08:33:00,GØ/86,08:38:00,51,7.4,true
IC,2316,GØ/86,08:38:00,BM/86,08:42:00,51,6.0,true
IC,2316,BM/86,08:44:00,TB/86,08:48:00,34,8.1,true
IC,2316,TB/86,08:48:00,ES/86,08:54:00,34,8.3,true
IC,485,FA/86,00:09:00,BK/86,00:16:00,3,11.9,false
IC,485,BK/86,00:17:00,BET/86,00:19:00,3,2.9,false
IC,485,BET/86,00:20:00,VJ/86,00:27:00,3,10.9,false
IC,485,VJ/86,00:29:00,HED/86,00:37:00,7,15.1,false
IC,485,HED/86,00:38:00,HS/86,00:47:00,7,16.3,false
IC,485,HS/86,00:49:00,HÅ/86,00:55:00,5,14.5,false
IC,485,HÅ/86,00:55:00,SD/86,01:02:00,5,14.1,false
IC,485,SD/86,01:04:00,HX/86,01:09:00,5,8.5,false
IC,485,HX/86,01:09:00,VI/86,01:14:00,5,9.6,false
IC,485,VI/86,01:15:00,KGV/86,01:17:00,5,1.7,false
IC,485,KGV/86,01:17:00,AR/86,01:20:00,5,3.0,false
IC,484,AR/86,23:50:00,KGV/86,23:53:00,27,3.0,false
IC,484,KGV/86,23:53:00,VI/86,23:54:00,27,1.7,false
IC,484,VI/86,23:56:00,HC/86,23:58:00,27,4.8,false
IC,484,HC/86,23:58:00,SD/86,00:05:00,27,13.3,false
IC,484,SD/86,00:06:00,HÅ/86,00:13:00,25,14.1,false
IC,484,HÅ/86,00:13:00,HS/86,00:19:00,25,14.5,false
IC,484,HS/86,00:21:00,HED/86,00:29:00,16,16.3,false
IC,484,HED/86,00:30:00,VJ/86,00:38:00,16,15.1,false
IC,484,VJ/86,00:40:00,BET/86,00:46:00,9,10.9,false
IC,484,BET/86,00:47:00,BK/86,00:50:00,9,2.9,false
IC,484,BK/86,00:51:00,FA/86,01:00:00,9,11.9,false
IC,484,FA/86,01:02:00,TL/86,01:07:00,1,8.6,true
IC,484,TL/86,01:07:00,KD/86,01:13:00,1,11.3,true
IC,421,FA/86,08:09:00,BK/86,08:15:00,138,11.9,false
IC,421,BK/86,08:15:00,VJ/86,08:22:00,138,13.8,false
IC,421,VJ/86,08:24:00,HED/86,08:31:00,128,15.1,false
IC,421,HED/86,08:31:00,HS/86,08:38:00,128,16.3,false
IC,421,HS/86,08:40:00,HÅ/86,08:47:00,126,14.5,false
IC,421,HÅ/86,08:47:00,SD/86,08:54:00,126,14.1,false
IC,421,SD/86,08:55:00,HX/86,09:00:00,119,8.5,false
IC,421,HX/86,09:00:00,AR/86,09:08:00,119,14.3,false
IC,412,AR/86,05:50:00,KGV/86,05:53:00,87,3.0,false
IC,412,KGV/86,05:53:00,SD/86,06:02:00,87,19.8,false
IC,412,SD/86,06:03:00,HÅ/86,06:10:00,127,14.1,false
IC,412,HÅ/86,06:10:00,HS/86,06:17:00,127,14.5,false
IC,412,HS/86,06:19:00,HED/86,06:26:00,162,16.3,false
IC,412,HED/86,06:26:00,VJ/86,06:33:00,162,15.1,false
IC,412,VJ/86,06:35:00,BET/86,06:41:00,158,10.9,false
IC,412,BET/86,06:41:00,FA/86,06:49:00,158,14.8,false
IC,477,FA/86,22:09:00,BK/86,22:16:00,48,11.9,false
IC,477,BK/86,22:17:00,BET/86,22:19:00,48,2.9,false
IC,477,BET/86,22:20:00,VJ/86,22:27:00,48,10.9,false
IC,477,VJ/86,22:29:00,HED/86,22:37:00,44,15.1,false
IC,477,HED/86,22:38:00,HS/86,22:47:00,44,16.3,false
IC,477,HS/86,22:49:00,HÅ/86,22:55:00,35,14.5,false
IC,477,HÅ/86,22:55:00,SD/86,23:02:00,35,14.1,false
IC,477,SD/86,23:04:00,HX/86,23:09:00,29,8.5,false
IC,477,HX/86,23:09:00,VI/86,23:14:00,29,9.6,false
IC,477,VI/86,23:15:00,KGV/86,23:17:00,29,1.7,false
IC,477,KGV/86,23:17:00,AR/86,23:20:00,29,3.0,false
IC,456,AR/86,16:50:00,KGV/86,16:52:00,151,3.0,false
IC,456,KGV/86,16:52:00,SD/86,17:02:00,151,19.8,false
IC,456,SD/86,17:03:00,HÅ/86,17:10:00,142,14.1,false
IC,456,HÅ/86,17:10:00,HS/86,17:17:00,142,14.5,false
IC,456,HS/86,17:19:00,HED/86,17:26:00,124,16.3,false
IC,456,HED/86,17:26:00,VJ/86,17:33:00,124,15.1,false
IC,456,VJ/86,17:35:00,BET/86,17:41:00,118,10.9,false
IC,456,BET/86,17:41:00,FA/86,17:49:00,118,14.8,false
IC,437,FA/86,12:09:00,BK/86,12:15:00,120,11.9,false
IC,437,BK/86,12:15:00,VJ/86,12:22:00,120,13.8,false
IC,437,VJ/86,12:24:00,HED/86,12:31:00,133,15.1,false
IC,437,HED/86,12:31:00,HS/86,12:38:00,133,16.3,false
IC,437,HS/86,12:40:00,HÅ/86,12:47:00,135,14.5,false
IC,437,HÅ/86,12:47:00,SD/86,12:54:00,135,14.1,false
IC,437,SD/86,12:55:00,HX/86,13:00:00,131,8.5,false
IC,437,HX/86,13:00:00,AR/86,13:08:00,131,14.3,false
IC,445,FA/86,14:09:00,BK/86,14:15:00,134,11.9,false
IC,445,BK/86,14:15:00,VJ/86,14:22:00,134,13.8,false
IC,445,VJ/86,14:24:00,HED/86,14:31:00,192,15.1,false
IC,445,HED/86,14:31:00,HS/86,14:38:00,192,16.3,false
IC,445,HS/86,14:40:00,HÅ/86,14:47:00,206,14.5,false
IC,445,HÅ/86,14:47:00,SD/86,14:54:00,206,14.1,false
IC,445,SD/86,14:55:00,HX/86,15:00:00,217,8.5,false
IC,445,HX/86,15:00:00,AR/86,15:08:00,217,14.3,false
IC,453,FA/86,16:09:00,BK/86,16:15:00,199,11.9,false
IC,453,BK/86,16:15:00,VJ/86,16:22:00,199,13.8,false
IC,453,VJ/86,16:24:00,HED/86,16:31:00,231,15.1,false
IC,453,HED/86,16:31:00,HS/86,16:38:00,231,16.3,false
IC,453,HS/86,16:40:00,HÅ/86,16:47:00,219,14.5,false
IC,453,HÅ/86,16:47:00,SD/86,16:54:00,219,14.1,false
IC,453,SD/86,16:55:00,HX/86,17:00:00,196,8.5,false
IC,453,HX/86,17:00:00,AR/86,17:08:00,196,14.3,false
IC,461,FA/86,18:09:00,BK/86,18:15:00,128,11.9,false
IC,461,BK/86,18:15:00,VJ/86,18:22:00,128,13.8,false
IC,461,VJ/86,18:24:00,HED/86,18:31:00,124,15.1,false
IC,461,HED/86,18:31:00,HS/86,18:38:00,124,16.3,false
IC,461,HS/86,18:40:00,HÅ/86,18:47:00,121,14.5,false
IC,461,HÅ/86,18:47:00,SD/86,18:54:00,121,14.1,false
IC,461,SD/86,18:55:00,HX/86,19:00:00,107,8.5,false
IC,461,HX/86,19:00:00,AR/86,19:08:00,107,14.3,false
IC,469,FA/86,20:09:00,BK/86,20:15:00,77,11.9,false
IC,469,BK/86,20:15:00,VJ/86,20:22:00,77,13.8,false
IC,469,VJ/86,20:24:00,HED/86,20:31:00,88,15.1,false
IC,469,HED/86,20:31:00,HS/86,20:38:00,88,16.3,false
IC,469,HS/86,20:40:00,HÅ/86,20:47:00,89,14.5,false
IC,469,HÅ/86,20:47:00,SD/86,20:54:00,89,14.1,false
IC,469,SD/86,20:55:00,HX/86,21:00:00,94,8.5,false
IC,469,HX/86,21:00:00,AR/86,21:08:00,94,14.3,false
IC,440,AR/86,12:50:00,KGV/86,12:52:00,111,3.0,false
IC,440,KGV/86,12:52:00,SD/86,13:02:00,111,19.8,false
IC,440,SD/86,13:03:00,HÅ/86,13:10:00,113,14.1,false
IC,440,HÅ/86,13:10:00,HS/86,13:17:00,113,14.5,false
IC,440,HS/86,13:19:00,HED/86,13:26:00,112,16.3,false
IC,440,HED/86,13:26:00,VJ/86,13:33:00,112,15.1,false
IC,440,VJ/86,13:35:00,BET/86,13:41:00,109,10.9,false
IC,440,BET/86,13:41:00,FA/86,13:49:00,109,14.8,false
IC,448,AR/86,14:50:00,KGV/86,14:52:00,125,3.0,false
IC,448,KGV/86,14:52:00,SD/86,15:02:00,125,19.8,false
IC,448,SD/86,15:03:00,HÅ/86,15:10:00,122,14.1,false
IC,448,HÅ/86,15:10:00,HS/86,15:17:00,122,14.5,false
IC,448,HS/86,15:19:00,HED/86,15:26:00,116,16.3,false
IC,448,HED/86,15:26:00,VJ/86,15:33:00,116,15.1,false
IC,448,VJ/86,15:35:00,BET/86,15:41:00,127,10.9,false
IC,448,BET/86,15:41:00,FA/86,15:49:00,127,14.8,false
IC,464,AR/86,18:50:00,KGV/86,18:52:00,100,3.0,false
IC,464,KGV/86,18:52:00,SD/86,19:02:00,100,19.8,false
IC,464,SD/86,19:03:00,HÅ/86,19:10:00,96,14.1,false
IC,464,HÅ/86,19:10:00,HS/86,19:17:00,96,14.5,false
IC,464,HS/86,19:19:00,HED/86,19:26:00,91,16.3,false
IC,464,HED/86,19:26:00,VJ/86,19:33:00,91,15.1,false
IC,464,VJ/86,19:35:00,BET/86,19:41:00,88,10.9,false
IC,464,BET/86,19:41:00,FA/86,19:49:00,88,14.8,false
IC,444,AR/86,13:50:00,KGV/86,13:52:00,182,3.0,false
IC,444,KGV/86,13:52:00,SD/86,14:02:00,182,19.8,false
IC,444,SD/86,14:03:00,HÅ/86,14:10:00,192,14.1,false
IC,444,HÅ/86,14:10:00,HS/86,14:17:00,192,14.5,false
IC,444,HS/86,14:19:00,HED/86,14:26:00,213,16.3,false
IC,444,HED/86,14:26:00,VJ/86,14:33:00,213,15.1,false
IC,444,VJ/86,14:35:00,BET/86,14:41:00,230,10.9,false
IC,444,BET/86,14:41:00,FA/86,14:49:00,230,14.8,false
IC,449,FA/86,15:09:00,BK/86,15:15:00,174,11.9,false
IC,449,BK/86,15:15:00,VJ/86,15:22:00,174,13.8,false
IC,449,VJ/86,15:24:00,HED/86,15:31:00,265,15.1,false
IC,449,HED/86,15:31:00,HS/86,15:38:00,265,16.3,false
IC,449,HS/86,15:40:00,HÅ/86,15:47:00,273,14.5,false
IC,449,HÅ/86,15:47:00,SD/86,15:54:00,273,14.1,false
IC,449,SD/86,15:55:00,HX/86,16:00:00,286,8.5,false
IC,449,HX/86,16:00:00,AR/86,16:08:00,286,14.3,false
IC,5764,FLB/80,20:05:00,AHAL/80,20:12:00,0,5.6,true
IC,5764,AHAL/80,20:12:00,PA/86,20:15:00,0,6.3,true
IC,5764,PA/86,20:21:00,VK/86,20:25:00,17,6.8,true
IC,5764,VK/86,20:25:00,TE/86,20:30:00,17,7.6,true
IC,5764,TE/86,20:32:00,RQ/86,20:40:00,34,15.7,true
IC,5764,RQ/86,20:41:00,OJ/86,20:51:00,34,20.4,true
IC,5764,OJ/86,20:52:00,SST/86,20:57:00,34,7.4,true
IC,5764,SST/86,20:57:00,VM/86,21:02:00,34,13.0,true
IC,5764,VM/86,21:03:00,LK/86,21:08:00,34,6.0,true
IC,5764,LK/86,21:09:00,KD/86,21:16:00,32,12.9,true
IC,5764,KD/86,21:18:00,TL/86,21:24:00,21,11.3,true
IC,5764,TL/86,21:24:00,FA/86,21:30:00,21,8.6,true
IC,5757,FA/86,10:30:00,TL/86,10:35:00,15,8.6,true
IC,5757,TL/86,10:35:00,KD/86,10:40:00,15,11.3,true
IC,5757,KD/86,10:43:00,LK/86,10:50:00,15,12.9,true
IC,5757,LK/86,10:51:00,VM/86,10:55:00,17,6.0,true
IC,5757,VM/86,10:56:00,FZ/86,10:59:00,17,5.0,true
IC,5757,FZ/86,10:59:00,OJ/86,11:06:00,17,15.4,true
IC,5757,OJ/86,11:08:00,RQ/86,11:17:00,17,20.4,true
IC,5757,RQ/86,11:19:00,TE/86,11:27:00,17,15.7,true
IC,5757,TE/86,11:29:00,VK/86,11:34:00,11,7.6,true
IC,5757,VK/86,11:34:00,PA/86,11:39:00,11,6.8,true
IC,5757,PA/86,11:42:00,PAGR/86,11:43:00,0,1.0,true
IC,5757,PAGR/86,11:43:00,FLB/80,11:53:00,0,10.9,true
IC,465,FA/86,19:09:00,BK/86,19:15:00,102,11.9,false
IC,465,BK/86,19:15:00,VJ/86,19:22:00,102,13.8,false
IC,465,VJ/86,19:24:00,HED/86,19:31:00,106,15.1,false
IC,465,HED/86,19:31:00,HS/86,19:38:00,106,16.3,false
IC,465,HS/86,19:40:00,HÅ/86,19:47:00,93,14.5,false
IC,465,HÅ/86,19:47:00,SD/86,19:54:00,93,14.1,false
IC,465,SD/86,19:55:00,HX/86,20:00:00,80,8.5,false
IC,465,HX/86,20:00:00,AR/86,20:08:00,80,14.3,false
IC,433,FA/86,11:09:00,BK/86,11:15:00,98,11.9,false
IC,433,BK/86,11:15:00,VJ/86,11:22:00,98,13.8,false
IC,433,VJ/86,11:24:00,HED/86,11:31:00,111,15.1,false
IC,433,HED/86,11:31:00,HS/86,11:38:00,111,16.3,false
IC,433,HS/86,11:40:00,HÅ/86,11:47:00,119,14.5,false
IC,433,HÅ/86,11:47:00,SD/86,11:54:00,119,14.1,false
IC,433,SD/86,11:55:00,HX/86,12:00:00,116,8.5,false
IC,433,HX/86,12:00:00,AR/86,12:08:00,116,14.3,false
IC,5755,FA/86,08:30:00,TL/86,08:35:00,65,8.6,true
IC,5755,TL/86,08:35:00,KD/86,08:40:00,65,11.3,true
IC,5755,KD/86,08:43:00,LK/86,08:50:00,27,12.9,true
IC,5755,LK/86,08:51:00,VM/86,08:55:00,29,6.0,true
IC,5755,VM/86,08:56:00,FZ/86,08:59:00,29,5.0,true
IC,5755,FZ/86,08:59:00,OJ/86,09:06:00,29,15.4,true
IC,5755,OJ/86,09:08:00,RQ/86,09:17:00,29,20.4,true
IC,5755,RQ/86,09:19:00,TE/86,09:27:00,29,15.7,true
IC,5755,TE/86,09:29:00,VK/86,09:34:00,7,7.6,true
IC,5755,VK/86,09:34:00,PA/86,09:39:00,7,6.8,true
IC,5755,PA/86,09:42:00,PAGR/86,09:43:00,0,1.0,true
IC,5755,PAGR/86,09:43:00,FLB/80,09:53:00,0,10.9,true
IC,5750,FLB/80,06:05:00,AHAL/80,06:12:00,0,5.6,true
IC,5750,AHAL/80,06:12:00,PA/86,06:15:00,0,6.3,true
IC,5750,PA/86,06:21:00,VK/86,06:25:00,14,6.8,true
IC,5750,VK/86,06:25:00,TE/86,06:30:00,14,7.6,true
IC,5750,TE/86,06:32:00,RQ/86,06:40:00,27,15.7,true
IC,5750,RQ/86,06:41:00,OJ/86,06:51:00,27,20.4,true
IC,5750,OJ/86,06:52:00,SST/86,06:57:00,27,7.4,true
IC,5750,SST/86,06:57:00,VM/86,07:02:00,27,13.0,true
IC,5750,VM/86,07:03:00,LK/86,07:08:00,27,6.0,true
IC,5750,LK/86,07:09:00,KD/86,07:16:00,28,12.9,true
IC,5750,KD/86,07:18:00,TL/86,07:24:00,31,11.3,true
IC,5750,TL/86,07:24:00,FA/86,07:30:00,31,8.6,true
IC,5759,FA/86,12:30:00,TL/86,12:35:00,30,8.6,true
IC,5759,TL/86,12:35:00,KD/86,12:40:00,30,11.3,true
IC,5759,KD/86,12:43:00,LK/86,12:50:00,23,12.9,true
IC,5759,LK/86,12:51:00,VM/86,12:55:00,22,6.0,true
IC,5759,VM/86,12:56:00,FZ/86,12:59:00,22,5.0,true
IC,5759,FZ/86,12:59:00,OJ/86,13:06:00,22,15.4,true
IC,5759,OJ/86,13:08:00,RQ/86,13:17:00,22,20.4,true
IC,5759,RQ/86,13:19:00,TE/86,13:27:00,22,15.7,true
IC,5759,TE/86,13:29:00,VK/86,13:34:00,13,7.6,true
IC,5759,VK/86,13:34:00,PA/86,13:39:00,13,6.8,true
IC,5759,PA/86,13:42:00,PAGR/86,13:43:00,0,1.0,true
IC,5759,PAGR/86,13:43:00,FLB/80,13:53:00,0,10.9,true
IC,5754,FLB/80,10:05:00,AHAL/80,10:12:00,0,5.6,true
IC,5754,AHAL/80,10:12:00,PA/86,10:15:00,0,6.3,true
IC,5754,PA/86,10:21:00,VK/86,10:25:00,5,6.8,true
IC,5754,VK/86,10:25:00,TE/86,10:30:00,5,7.6,true
IC,5754,TE/86,10:32:00,RQ/86,10:40:00,16,15.7,true
IC,5754,RQ/86,10:41:00,OJ/86,10:51:00,16,20.4,true
IC,5754,OJ/86,10:52:00,SST/86,10:57:00,16,7.4,true
IC,5754,SST/86,10:57:00,VM/86,11:02:00,16,13.0,true
IC,5754,VM/86,11:03:00,LK/86,11:08:00,16,6.0,true
IC,5754,LK/86,11:09:00,KD/86,11:16:00,16,12.9,true
IC,5754,KD/86,11:18:00,TL/86,11:24:00,16,11.3,true
IC,5754,TL/86,11:24:00,FA/86,11:30:00,16,8.6,true
IC,5751,FA/86,04:30:00,TL/86,04:35:00,9,8.6,true
IC,5751,TL/86,04:35:00,KD/86,04:40:00,9,11.3,true
IC,5751,KD/86,04:43:00,LK/86,04:50:00,8,12.9,true
IC,5751,LK/86,04:51:00,VM/86,04:55:00,5,6.0,true
IC,5751,VM/86,04:56:00,FZ/86,04:59:00,5,5.0,true
IC,5751,FZ/86,04:59:00,OJ/86,05:06:00,5,15.4,true
IC,5751,OJ/86,05:08:00,RQ/86,05:17:00,5,20.4,true
IC,5751,RQ/86,05:19:00,TE/86,05:27:00,5,15.7,true
IC,5751,TE/86,05:29:00,VK/86,05:34:00,5,7.6,true
IC,5751,VK/86,05:34:00,PA/86,05:39:00,5,6.8,true
IC,5751,PA/86,05:42:00,PAGR/86,05:43:00,0,1.0,true
IC,5751,PAGR/86,05:43:00,FLB/80,05:53:00,0,10.9,true
IC,5766,FLB/80,22:05:00,AHAL/80,22:12:00,0,5.6,true
IC,5766,AHAL/80,22:12:00,PA/86,22:15:00,0,6.3,true
IC,5766,PA/86,22:21:00,VK/86,22:25:00,2,6.8,true
IC,5766,VK/86,22:25:00,TE/86,22:30:00,2,7.6,true
IC,5766,TE/86,22:32:00,RQ/86,22:40:00,5,15.7,true
IC,5766,RQ/86,22:41:00,OJ/86,22:51:00,5,20.4,true
IC,5766,OJ/86,22:54:00,SST/86,22:58:00,5,7.4,true
IC,5766,SST/86,22:58:00,VM/86,23:04:00,5,13.0,true
IC,5766,VM/86,23:05:00,LK/86,23:09:00,5,6.0,true
IC,5766,LK/86,23:10:00,KD/86,23:17:00,4,12.9,true
IC,5766,KD/86,23:19:00,TL/86,23:24:00,4,11.3,true
IC,5766,TL/86,23:24:00,FA/86,23:30:00,4,8.6,true
IC,5763,FA/86,16:30:00,TL/86,16:35:00,74,8.6,true
IC,5763,TL/86,16:35:00,KD/86,16:40:00,74,11.3,true
IC,5763,KD/86,16:43:00,LK/86,16:50:00,45,12.9,true
IC,5763,LK/86,16:51:00,VM/86,16:55:00,44,6.0,true
IC,5763,VM/86,16:56:00,FZ/86,16:59:00,44,5.0,true
IC,5763,FZ/86,16:59:00,OJ/86,17:06:00,44,15.4,true
IC,5763,OJ/86,17:08:00,RQ/86,17:17:00,44,20.4,true
IC,5763,RQ/86,17:19:00,TE/86,17:27:00,44,15.7,true
IC,5763,TE/86,17:29:00,VK/86,17:34:00,12,7.6,true
IC,5763,VK/86,17:34:00,PA/86,17:39:00,12,6.8,true
IC,5763,PA/86,17:42:00,PAGR/86,17:43:00,0,1.0,true
IC,5763,PAGR/86,17:43:00,FLB/80,17:53:00,0,10.9,true
IC,5758,FLB/80,14:05:00,AHAL/80,14:12:00,0,5.6,true
IC,5758,AHAL/80,14:12:00,PA/86,14:15:00,0,6.3,true
IC,5758,PA/86,14:21:00,VK/86,14:25:00,12,6.8,true
IC,5758,VK/86,14:25:00,TE/86,14:30:00,12,7.6,true
IC,5758,TE/86,14:32:00,RQ/86,14:40:00,20,15.7,true
IC,5758,RQ/86,14:41:00,OJ/86,14:51:00,20,20.4,true
IC,5758,OJ/86,14:52:00,SST/86,14:57:00,20,7.4,true
IC,5758,SST/86,14:57:00,VM/86,15:02:00,20,13.0,true
IC,5758,VM/86,15:03:00,LK/86,15:08:00,20,6.0,true
IC,5758,LK/86,15:09:00,KD/86,15:16:00,20,12.9,true
IC,5758,KD/86,15:18:00,TL/86,15:24:00,37,11.3,true
IC,5758,TL/86,15:24:00,FA/86,15:30:00,37,8.6,true
IC,5767,FA/86,20:30:00,TL/86,20:35:00,42,8.6,true
IC,5767,TL/86,20:35:00,KD/86,20:40:00,42,11.3,true
IC,5767,KD/86,20:43:00,LK/86,20:50:00,46,12.9,true
IC,5767,LK/86,20:51:00,VM/86,20:55:00,35,6.0,true
IC,5767,VM/86,20:56:00,FZ/86,20:59:00,35,5.0,true
IC,5767,FZ/86,20:59:00,OJ/86,21:06:00,35,15.4,true
IC,5767,OJ/86,21:08:00,RQ/86,21:17:00,35,20.4,true
IC,5767,RQ/86,21:19:00,TE/86,21:27:00,35,15.7,true
IC,5767,TE/86,21:29:00,VK/86,21:34:00,20,7.6,true
IC,5767,VK/86,21:34:00,PA/86,21:39:00,20,6.8,true
IC,5767,PA/86,21:42:00,PAGR/86,21:43:00,0,1.0,true
IC,5767,PAGR/86,21:43:00,FLB/80,21:53:00,0,10.9,true
IC,5762,FLB/80,18:05:00,AHAL/80,18:12:00,0,5.6,true
IC,5762,AHAL/80,18:12:00,PA/86,18:15:00,0,6.3,true
IC,5762,PA/86,18:21:00,VK/86,18:25:00,7,6.8,true
IC,5762,VK/86,18:25:00,TE/86,18:30:00,7,7.6,true
IC,5762,TE/86,18:32:00,RQ/86,18:40:00,15,15.7,true
IC,5762,RQ/86,18:41:00,OJ/86,18:51:00,15,20.4,true
IC,5762,OJ/86,18:52:00,SST/86,18:57:00,15,7.4,true
IC,5762,SST/86,18:57:00,VM/86,19:02:00,15,13.0,true
IC,5762,VM/86,19:03:00,LK/86,19:08:00,15,6.0,true
IC,5762,LK/86,19:09:00,KD/86,19:16:00,13,12.9,true
IC,5762,KD/86,19:18:00,TL/86,19:24:00,11,11.3,true
IC,5762,TL/86,19:24:00,FA/86,19:30:00,11,8.6,true
IC,417,FA/86,07:09:00,BK/86,07:15:00,184,11.9,false
IC,417,BK/86,07:15:00,VJ/86,07:22:00,184,13.8,false
IC,417,VJ/86,07:24:00,HED/86,07:31:00,203,15.1,false
IC,417,HED/86,07:31:00,HS/86,07:38:00,203,16.3,false
IC,417,HS/86,07:40:00,HÅ/86,07:47:00,213,14.5,false
IC,417,HÅ/86,07:47:00,SD/86,07:54:00,213,14.1,false
IC,417,SD/86,07:55:00,HX/86,08:00:00,197,8.5,false
IC,417,HX/86,08:00:00,AR/86,08:08:00,197,14.3,false
IC,4116,AB/86,05:25:00,OG/86,05:27:00,17,4.3,false
IC,4116,OG/86,05:27:00,SØ/86,05:37:00,17,22.0,false
IC,4116,SØ/86,05:38:00,AD/86,05:42:00,26,7.6,false
IC,4116,AD/86,05:42:00,HB/86,05:50:00,26,15.5,false
IC,4116,HB/86,05:51:00,FP/86,05:59:00,31,16.6,false
IC,4116,FP/86,05:59:00,RD/86,06:05:00,31,14.7,false
IC,4116,RD/86,06:07:00,LG/86,06:15:00,61,13.4,false
IC,4116,LG/86,06:16:00,HA/86,06:23:00,137,13.2,false
IC,4116,HA/86,06:24:00,HN/86,06:29:00,137,9.3,false
IC,4116,HN/86,06:29:00,AR/86,06:43:00,137,23.2,false
IC,4132,ABL/86,09:08:00,LIH/86,09:11:00,1,2.5,false
IC,4132,LIH/86,09:12:00,ABV/86,09:15:00,5,1.8,false
IC,4132,ABV/86,09:16:00,AB/86,09:20:00,5,1.2,false
IC,4132,AB/86,09:25:00,OG/86,09:27:00,26,4.3,false
IC,4132,OG/86,09:27:00,SØ/86,09:37:00,26,22.0,false
IC,4132,SØ/86,09:38:00,AD/86,09:42:00,42,7.6,false
IC,4132,AD/86,09:42:00,HB/86,09:50:00,42,15.5,false
IC,4132,HB/86,09:51:00,FP/86,09:59:00,50,16.6,false
IC,4132,FP/86,09:59:00,RD/86,10:05:00,50,14.7,false
IC,4132,RD/86,10:07:00,LG/86,10:15:00,74,13.4,false
IC,4132,LG/86,10:16:00,HA/86,10:23:00,92,13.2,false
IC,4132,HA/86,10:24:00,HN/86,10:29:00,92,9.3,false
IC,4132,HN/86,10:29:00,AR/86,10:43:00,92,23.2,false
IC,4140,ABL/86,11:08:00,LIH/86,11:11:00,1,2.5,false
IC,4140,LIH/86,11:12:00,ABV/86,11:15:00,4,1.8,false
IC,4140,ABV/86,11:16:00,AB/86,11:20:00,4,1.2,false
IC,4140,AB/86,11:25:00,OG/86,11:27:00,40,4.3,false
IC,4140,OG/86,11:27:00,SØ/86,11:37:00,40,22.0,false
IC,4140,SØ/86,11:38:00,AD/86,11:42:00,58,7.6,false
IC,4140,AD/86,11:42:00,HB/86,11:50:00,58,15.5,false
IC,4140,HB/86,11:51:00,FP/86,11:59:00,67,16.6,false
IC,4140,FP/86,11:59:00,RD/86,12:05:00,67,14.7,false
IC,4140,RD/86,12:07:00,LG/86,12:15:00,90,13.4,false
IC,4140,LG/86,12:16:00,HA/86,12:23:00,103,13.2,false
IC,4140,HA/86,12:24:00,HN/86,12:29:00,103,9.3,false
IC,4140,HN/86,12:29:00,AR/86,12:43:00,103,23.2,false
IC,4148,ABL/86,13:08:00,LIH/86,13:11:00,2,2.5,false
IC,4148,LIH/86,13:12:00,ABV/86,13:15:00,5,1.8,false
IC,4148,ABV/86,13:16:00,AB/86,13:20:00,5,1.2,false
IC,4148,AB/86,13:25:00,OG/86,13:27:00,49,4.3,false
IC,4148,OG/86,13:27:00,SØ/86,13:37:00,49,22.0,false
IC,4148,SØ/86,13:38:00,AD/86,13:42:00,62,7.6,false
IC,4148,AD/86,13:42:00,HB/86,13:50:00,62,15.5,false
IC,4148,HB/86,13:51:00,FP/86,13:59:00,69,16.6,false
IC,4148,FP/86,13:59:00,RD/86,14:05:00,69,14.7,false
IC,4148,RD/86,14:07:00,LG/86,14:15:00,93,13.4,false
IC,4148,LG/86,14:16:00,HA/86,14:23:00,112,13.2,false
IC,4148,HA/86,14:24:00,HN/86,14:29:00,112,9.3,false
IC,4148,HN/86,14:29:00,AR/86,14:43:00,112,23.2,false
IC,4156,ABL/86,15:08:00,LIH/86,15:11:00,2,2.5,false
IC,4156,LIH/86,15:12:00,ABV/86,15:15:00,7,1.8,false
IC,4156,ABV/86,15:16:00,AB/86,15:20:00,7,1.2,false
IC,4156,AB/86,15:25:00,OG/86,15:27:00,82,4.3,false
IC,4156,OG/86,15:27:00,SØ/86,15:37:00,82,22.0,false
IC,4156,SØ/86,15:38:00,AD/86,15:42:00,84,7.6,false
IC,4156,AD/86,15:42:00,HB/86,15:50:00,84,15.5,false
IC,4156,HB/86,15:51:00,FP/86,15:59:00,89,16.6,false
IC,4156,FP/86,15:59:00,RD/86,16:05:00,89,14.7,false
IC,4156,RD/86,16:07:00,LG/86,16:15:00,113,13.4,false
IC,4156,LG/86,16:16:00,HA/86,16:23:00,142,13.2,false
IC,4156,HA/86,16:24:00,HN/86,16:29:00,142,9.3,false
IC,4156,HN/86,16:29:00,AR/86,16:43:00,142,23.2,false
IC,4160,ABL/86,16:08:00,LIH/86,16:11:00,3,2.5,false
IC,4160,LIH/86,16:12:00,ABV/86,16:15:00,5,1.8,false
IC,4160,ABV/86,16:16:00,AB/86,16:20:00,5,1.2,false
IC,4160,AB/86,16:25:00,OG/86,16:27:00,61,4.3,false
IC,4160,OG/86,16:27:00,SØ/86,16:37:00,61,22.0,false
IC,4160,SØ/86,16:38:00,AD/86,16:42:00,78,7.6,false
IC,4160,AD/86,16:42:00,HB/86,16:50:00,78,15.5,false
IC,4160,HB/86,16:51:00,FP/86,16:59:00,84,16.6,false
IC,4160,FP/86,16:59:00,RD/86,17:05:00,84,14.7,false
IC,4160,RD/86,17:07:00,LG/86,17:15:00,98,13.4,false
IC,4160,LG/86,17:16:00,HA/86,17:23:00,113,13.2,false
IC,4160,HA/86,17:24:00,HN/86,17:29:00,113,9.3,false
IC,4160,HN/86,17:29:00,AR/86,17:43:00,113,23.2,false
IC,4164,ABL/86,17:08:00,LIH/86,17:11:00,4,2.5,false
IC,4164,LIH/86,17:12:00,ABV/86,17:15:00,6,1.8,false
IC,4164,ABV/86,17:16:00,AB/86,17:20:00,6,1.2,false
IC,4164,AB/86,17:25:00,OG/86,17:27:00,52,4.3,false
IC,4164,OG/86,17:27:00,SØ/86,17:37:00,52,22.0,false
IC,4164,SØ/86,17:38:00,AD/86,17:42:00,65,7.6,false
IC,4164,AD/86,17:42:00,HB/86,17:50:00,65,15.5,false
IC,4164,HB/86,17:51:00,FP/86,17:59:00,73,16.6,false
IC,4164,FP/86,17:59:00,RD/86,18:05:00,73,14.7,false
IC,4164,RD/86,18:07:00,LG/86,18:15:00,83,13.4,false
IC,4164,LG/86,18:16:00,HA/86,18:23:00,94,13.2,false
IC,4164,HA/86,18:24:00,HN/86,18:29:00,94,9.3,false
IC,4164,HN/86,18:29:00,AR/86,18:43:00,94,23.2,false
IC,4168,ABL/86,18:08:00,LIH/86,18:11:00,3,2.5,false
IC,4168,LIH/86,18:12:00,ABV/86,18:15:00,5,1.8,false
IC,4168,ABV/86,18:16:00,AB/86,18:20:00,5,1.2,false
IC,4168,AB/86,18:25:00,OG/86,18:27:00,20,4.3,false
IC,4168,OG/86,18:27:00,SØ/86,18:37:00,20,22.0,false
IC,4168,SØ/86,18:38:00,AD/86,18:42:00,20,7.6,false
IC,4168,AD/86,18:42:00,HB/86,18:50:00,20,15.5,false
IC,4168,HB/86,18:51:00,FP/86,18:59:00,23,16.6,false
IC,4168,FP/86,18:59:00,RD/86,19:05:00,23,14.7,false
IC,4168,RD/86,19:07:00,LG/86,19:15:00,25,13.4,false
IC,4168,LG/86,19:16:00,HA/86,19:23:00,26,13.2,false
IC,4168,HA/86,19:24:00,HN/86,19:29:00,26,9.3,false
IC,4168,HN/86,19:29:00,AR/86,19:43:00,26,23.2,false
IC,4184,ABL/86,22:08:00,LIH/86,22:11:00,2,2.5,false
IC,4184,LIH/86,22:12:00,ABV/86,22:15:00,2,1.8,false
IC,4184,ABV/86,22:16:00,AB/86,22:20:00,2,1.2,false
IC,4184,AB/86,22:25:00,OG/86,22:27:00,14,4.3,false
IC,4184,OG/86,22:27:00,SØ/86,22:37:00,14,22.0,false
IC,4184,SØ/86,22:38:00,AD/86,22:42:00,13,7.6,false
IC,4184,AD/86,22:42:00,HB/86,22:50:00,13,15.5,false
IC,4184,HB/86,22:51:00,FP/86,22:59:00,15,16.6,false
IC,4184,FP/86,22:59:00,RD/86,23:05:00,15,14.7,false
IC,4184,RD/86,23:07:00,LG/86,23:15:00,15,13.4,false
IC,4184,LG/86,23:16:00,HA/86,23:23:00,16,13.2,false
IC,4184,HA/86,23:24:00,HN/86,23:29:00,16,9.3,false
IC,4184,HN/86,23:29:00,AR/86,23:43:00,16,23.2,false
IC,4172,ABL/86,19:08:00,LIH/86,19:11:00,3,2.5,false
IC,4172,LIH/86,19:12:00,ABV/86,19:15:00,5,1.8,false
IC,4172,ABV/86,19:16:00,AB/86,19:20:00,5,1.2,false
IC,4172,AB/86,19:25:00,OG/86,19:27:00,14,4.3,false
IC,4172,OG/86,19:27:00,SØ/86,19:37:00,14,22.0,false
IC,4172,SØ/86,19:38:00,AD/86,19:42:00,12,7.6,false
IC,4172,AD/86,19:42:00,HB/86,19:50:00,12,15.5,false
IC,4172,HB/86,19:51:00,FP/86,19:59:00,15,16.6,false
IC,4172,FP/86,19:59:00,RD/86,20:05:00,15,14.7,false
IC,4172,RD/86,20:07:00,LG/86,20:15:00,24,13.4,false
IC,4172,LG/86,20:16:00,HA/86,20:23:00,31,13.2,false
IC,4172,HA/86,20:24:00,HN/86,20:29:00,31,9.3,false
IC,4172,HN/86,20:29:00,AR/86,20:43:00,31,23.2,false
IC,4180,AB/86,21:25:00,OG/86,21:27:00,25,4.3,false
IC,4180,OG/86,21:27:00,SØ/86,21:37:00,25,22.0,false
IC,4180,SØ/86,21:38:00,AD/86,21:42:00,23,7.6,false
IC,4180,AD/86,21:42:00,HB/86,21:50:00,23,15.5,false
IC,4180,HB/86,21:51:00,FP/86,21:59:00,28,16.6,false
IC,4180,FP/86,21:59:00,RD/86,22:05:00,28,14.7,false
IC,4180,RD/86,22:07:00,LG/86,22:15:00,30,13.4,false
IC,4180,LG/86,22:16:00,HA/86,22:23:00,30,13.2,false
IC,4180,HA/86,22:24:00,HN/86,22:29:00,30,9.3,false
IC,4180,HN/86,22:29:00,AR/86,22:43:00,30,23.2,false
IC,4124,ABL/86,07:08:00,LIH/86,07:11:00,1,2.5,false
IC,4124,LIH/86,07:12:00,ABV/86,07:15:00,7,1.8,false
IC,4124,ABV/86,07:16:00,AB/86,07:20:00,7,1.2,false
IC,4124,AB/86,07:25:00,OG/86,07:27:00,33,4.3,false
IC,4124,OG/86,07:27:00,SØ/86,07:37:00,33,22.0,false
IC,4124,SØ/86,07:38:00,AD/86,07:42:00,88,7.6,false
IC,4124,AD/86,07:42:00,HB/86,07:50:00,88,15.5,false
IC,4124,HB/86,07:51:00,FP/86,07:59:00,103,16.6,false
IC,4124,FP/86,07:59:00,RD/86,08:05:00,103,14.7,false
IC,4124,RD/86,08:07:00,LG/86,08:15:00,151,13.4,false
IC,4124,LG/86,08:16:00,HA/86,08:23:00,233,13.2,false
IC,4124,HA/86,08:24:00,HN/86,08:29:00,233,9.3,false
IC,4124,HN/86,08:29:00,AR/86,08:43:00,233,23.2,false
IC,4176,ABL/86,20:08:00,LIH/86,20:11:00,7,2.5,false
IC,4176,LIH/86,20:12:00,ABV/86,20:15:00,12,1.8,false
IC,4176,ABV/86,20:16:00,AB/86,20:20:00,12,1.2,false
IC,4176,AB/86,20:25:00,OG/86,20:27:00,53,4.3,false
IC,4176,OG/86,20:27:00,SØ/86,20:37:00,53,22.0,false
IC,4176,SØ/86,20:38:00,AD/86,20:42:00,51,7.6,false
IC,4176,AD/86,20:42:00,HB/86,20:50:00,51,15.5,false
IC,4176,HB/86,20:51:00,FP/86,20:59:00,61,16.6,false
IC,4176,FP/86,20:59:00,RD/86,21:05:00,61,14.7,false
IC,4176,RD/86,21:07:00,LG/86,21:15:00,63,13.4,false
IC,4176,LG/86,21:16:00,HA/86,21:23:00,60,13.2,false
IC,4176,HA/86,21:24:00,HN/86,21:29:00,60,9.3,false
IC,4176,HN/86,21:29:00,AR/86,21:43:00,60,23.2,false
IC,4192,AB/86,00:25:00,OG/86,00:27:00,2,4.3,false
IC,4192,OG/86,00:27:00,SØ/86,00:37:00,2,22.0,false
IC,4192,SØ/86,00:38:00,AD/86,00:42:00,2,7.6,false
IC,4192,AD/86,00:42:00,HB/86,00:50:00,2,15.5,false
IC,4192,HB/86,00:51:00,FP/86,00:59:00,1,16.6,false
IC,4192,FP/86,00:59:00,RD/86,01:05:00,1,14.7,false
IC,4192,RD/86,01:07:00,LG/86,01:15:00,2,13.4,false
IC,4192,LG/86,01:16:00,HA/86,01:23:00,4,13.2,false
IC,4192,HA/86,01:24:00,HN/86,01:29:00,4,9.3,false
IC,4192,HN/86,01:29:00,AR/86,01:43:00,4,23.2,false
IC,4107,AR/86,06:12:00,BR/86,06:16:00,143,6.7,false
IC,4107,BR/86,06:16:00,HA/86,06:28:00,143,25.8,false
IC,4107,HA/86,06:29:00,LG/86,06:36:00,143,13.2,false
IC,4107,LG/86,06:37:00,RD/86,06:44:00,138,13.4,false
IC,4107,RD/86,06:46:00,FP/86,06:53:00,113,14.7,false
IC,4107,FP/86,06:53:00,HB/86,07:01:00,113,16.6,false
IC,4107,HB/86,07:02:00,AD/86,07:10:00,128,15.5,false
IC,4107,AD/86,07:11:00,SØ/86,07:16:00,128,7.6,false
IC,4107,SØ/86,07:17:00,SR/86,07:21:00,121,7.5,false
IC,4107,SR/86,07:21:00,AB/86,07:31:00,121,18.8,false
IC,4107,AB/86,07:34:00,ABV/86,07:36:00,9,1.2,false
IC,4107,ABV/86,07:37:00,LIH/86,07:39:00,9,1.8,false
IC,4107,LIH/86,07:40:00,ABL/86,07:44:00,6,2.5,false
IC,4120,ABL/86,06:08:00,LIH/86,06:11:00,2,2.5,false
IC,4120,LIH/86,06:12:00,ABV/86,06:15:00,18,1.8,false
IC,4120,ABV/86,06:16:00,AB/86,06:20:00,18,1.2,false
IC,4120,AB/86,06:25:00,OG/86,06:27:00,40,4.3,false
IC,4120,OG/86,06:27:00,SØ/86,06:37:00,40,22.0,false
IC,4120,SØ/86,06:38:00,AD/86,06:42:00,115,7.6,false
IC,4120,AD/86,06:42:00,HB/86,06:50:00,115,15.5,false
IC,4120,HB/86,06:51:00,FP/86,06:59:00,129,16.6,false
IC,4120,FP/86,06:59:00,RD/86,07:05:00,129,14.7,false
IC,4120,RD/86,07:07:00,LG/86,07:15:00,201,13.4,false
IC,4120,LG/86,07:16:00,HA/86,07:23:00,377,13.2,false
IC,4120,HA/86,07:24:00,HN/86,07:29:00,377,9.3,false
IC,4120,HN/86,07:29:00,AR/86,07:43:00,377,23.2,false
IC,4128,ABL/86,08:08:00,LIH/86,08:11:00,3,2.5,false
IC,4128,LIH/86,08:12:00,ABV/86,08:15:00,8,1.8,false
IC,4128,ABV/86,08:16:00,AB/86,08:20:00,8,1.2,false
IC,4128,AB/86,08:25:00,OG/86,08:27:00,20,4.3,false
IC,4128,OG/86,08:27:00,SØ/86,08:37:00,20,22.0,false
IC,4128,SØ/86,08:38:00,AD/86,08:42:00,50,7.6,false
IC,4128,AD/86,08:42:00,HB/86,08:50:00,50,15.5,false
IC,4128,HB/86,08:51:00,FP/86,08:59:00,59,16.6,false
IC,4128,FP/86,08:59:00,RD/86,09:05:00,59,14.7,false
IC,4128,RD/86,09:07:00,LG/86,09:15:00,80,13.4,false
IC,4128,LG/86,09:16:00,HA/86,09:23:00,110,13.2,false
IC,4128,HA/86,09:24:00,HN/86,09:29:00,110,9.3,false
IC,4128,HN/86,09:29:00,AR/86,09:43:00,110,23.2,false
IC,4136,ABL/86,10:08:00,LIH/86,10:11:00,1,2.5,false
IC,4136,LIH/86,10:12:00,ABV/86,10:15:00,4,1.8,false
IC,4136,ABV/86,10:16:00,AB/86,10:20:00,4,1.2,false
IC,4136,AB/86,10:25:00,OG/86,10:27:00,23,4.3,false
IC,4136,OG/86,10:27:00,SØ/86,10:37:00,23,22.0,false
IC,4136,SØ/86,10:38:00,AD/86,10:42:00,51,7.6,false
IC,4136,AD/86,10:42:00,HB/86,10:50:00,51,15.5,false
IC,4136,HB/86,10:51:00,FP/86,10:59:00,60,16.6,false
IC,4136,FP/86,10:59:00,RD/86,11:05:00,60,14.7,false
IC,4136,RD/86,11:07:00,LG/86,11:15:00,82,13.4,false
IC,4136,LG/86,11:16:00,HA/86,11:23:00,105,13.2,false
IC,4136,HA/86,11:24:00,HN/86,11:29:00,105,9.3,false
IC,4136,HN/86,11:29:00,AR/86,11:43:00,105,23.2,false
IC,4144,ABL/86,12:08:00,LIH/86,12:11:00,1,2.5,false
IC,4144,LIH/86,12:12:00,ABV/86,12:15:00,5,1.8,false
IC,4144,ABV/86,12:16:00,AB/86,12:20:00,5,1.2,false
IC,4144,AB/86,12:25:00,OG/86,12:27:00,30,4.3,false
IC,4144,OG/86,12:27:00,SØ/86,12:37:00,30,22.0,false
IC,4144,SØ/86,12:38:00,AD/86,12:42:00,46,7.6,false
IC,4144,AD/86,12:42:00,HB/86,12:50:00,46,15.5,false
IC,4144,HB/86,12:51:00,FP/86,12:59:00,57,16.6,false
IC,4144,FP/86,12:59:00,RD/86,13:05:00,57,14.7,false
IC,4144,RD/86,13:07:00,LG/86,13:15:00,73,13.4,false
IC,4144,LG/86,13:16:00,HA/86,13:23:00,99,13.2,false
IC,4144,HA/86,13:24:00,HN/86,13:29:00,99,9.3,false
IC,4144,HN/86,13:29:00,AR/86,13:43:00,99,23.2,false
IC,4152,ABL/86,14:08:00,LIH/86,14:11:00,3,2.5,false
IC,4152,LIH/86,14:12:00,ABV/86,14:15:00,5,1.8,false
IC,4152,ABV/86,14:16:00,AB/86,14:20:00,5,1.2,false
IC,4152,AB/86,14:25:00,OG/86,14:27:00,43,4.3,false
IC,4152,OG/86,14:27:00,SØ/86,14:37:00,43,22.0,false
IC,4152,SØ/86,14:38:00,AD/86,14:42:00,60,7.6,false
IC,4152,AD/86,14:42:00,HB/86,14:50:00,60,15.5,false
IC,4152,HB/86,14:51:00,FP/86,14:59:00,66,16.6,false
IC,4152,FP/86,14:59:00,RD/86,15:05:00,66,14.7,false
IC,4152,RD/86,15:07:00,LG/86,15:15:00,82,13.4,false
IC,4152,LG/86,15:16:00,HA/86,15:23:00,108,13.2,false
IC,4152,HA/86,15:24:00,HN/86,15:29:00,108,9.3,false
IC,4152,HN/86,15:29:00,AR/86,15:43:00,108,23.2,false
IC,4121,AR/86,09:15:00,BR/86,09:19:00,47,6.7,false
IC,4121,BR/86,09:19:00,HA/86,09:31:00,47,25.8,false
IC,4121,HA/86,09:32:00,LG/86,09:39:00,47,13.2,false
IC,4121,LG/86,09:40:00,RD/86,09:47:00,40,13.4,false
IC,4121,RD/86,09:49:00,FP/86,09:57:00,29,14.7,false
IC,4121,FP/86,09:57:00,HB/86,10:04:00,29,16.6,false
IC,4121,HB/86,10:05:00,AD/86,10:13:00,26,15.5,false
IC,4121,AD/86,10:13:00,SØ/86,10:16:00,26,7.6,false
IC,4121,SØ/86,10:17:00,SR/86,10:21:00,25,7.5,false
IC,4121,SR/86,10:21:00,AB/86,10:31:00,25,18.8,false
IC,4121,AB/86,10:34:00,ABV/86,10:36:00,3,1.2,false
IC,4121,ABV/86,10:37:00,LIH/86,10:39:00,3,1.8,false
IC,4121,LIH/86,10:40:00,ABL/86,10:44:00,1,2.5,false
IC,4129,AR/86,11:15:00,BR/86,11:19:00,70,6.7,false
IC,4129,BR/86,11:19:00,HA/86,11:31:00,70,25.8,false
IC,4129,HA/86,11:32:00,LG/86,11:39:00,70,13.2,false
IC,4129,LG/86,11:40:00,RD/86,11:47:00,62,13.4,false
IC,4129,RD/86,11:49:00,FP/86,11:57:00,46,14.7,false
IC,4129,FP/86,11:57:00,HB/86,12:04:00,46,16.6,false
IC,4129,HB/86,12:05:00,AD/86,12:13:00,40,15.5,false
IC,4129,AD/86,12:13:00,SØ/86,12:16:00,40,7.6,false
IC,4129,SØ/86,12:17:00,SR/86,12:21:00,33,7.5,false
IC,4129,SR/86,12:21:00,AB/86,12:31:00,33,18.8,false
IC,4129,AB/86,12:34:00,ABV/86,12:36:00,4,1.2,false
IC,4129,ABV/86,12:37:00,LIH/86,12:39:00,4,1.8,false
IC,4129,LIH/86,12:40:00,ABL/86,12:44:00,2,2.5,false
IC,4137,AR/86,13:15:00,BR/86,13:19:00,127,6.7,false
IC,4137,BR/86,13:19:00,HA/86,13:31:00,127,25.8,false
IC,4137,HA/86,13:32:00,LG/86,13:39:00,127,13.2,false
IC,4137,LG/86,13:40:00,RD/86,13:47:00,103,13.4,false
IC,4137,RD/86,13:49:00,FP/86,13:57:00,77,14.7,false
IC,4137,FP/86,13:57:00,HB/86,14:04:00,77,16.6,false
IC,4137,HB/86,14:05:00,AD/86,14:13:00,67,15.5,false
IC,4137,AD/86,14:13:00,SØ/86,14:16:00,67,7.6,false
IC,4137,SØ/86,14:17:00,SR/86,14:21:00,47,7.5,false
IC,4137,SR/86,14:21:00,AB/86,14:31:00,47,18.8,false
IC,4137,AB/86,14:34:00,ABV/86,14:36:00,7,1.2,false
IC,4137,ABV/86,14:37:00,LIH/86,14:39:00,7,1.8,false
IC,4137,LIH/86,14:40:00,ABL/86,14:44:00,3,2.5,false
IC,4145,AR/86,15:15:00,BR/86,15:19:00,279,6.7,false
IC,4145,BR/86,15:19:00,HA/86,15:31:00,279,25.8,false
IC,4145,HA/86,15:32:00,LG/86,15:39:00,279,13.2,false
IC,4145,LG/86,15:40:00,RD/86,15:47:00,182,13.4,false
IC,4145,RD/86,15:49:00,FP/86,15:57:00,105,14.7,false
IC,4145,FP/86,15:57:00,HB/86,16:04:00,105,16.6,false
IC,4145,HB/86,16:05:00,AD/86,16:13:00,88,15.5,false
IC,4145,AD/86,16:13:00,SØ/86,16:16:00,88,7.6,false
IC,4145,SØ/86,16:17:00,SR/86,16:21:00,45,7.5,false
IC,4145,SR/86,16:21:00,AB/86,16:31:00,45,18.8,false
IC,4145,AB/86,16:34:00,ABV/86,16:36:00,8,1.2,false
IC,4145,ABV/86,16:37:00,LIH/86,16:39:00,8,1.8,false
IC,4145,LIH/86,16:40:00,ABL/86,16:44:00,4,2.5,false
IC,4153,AR/86,17:15:00,BR/86,17:19:00,161,6.7,false
IC,4153,BR/86,17:19:00,HA/86,17:31:00,161,25.8,false
IC,4153,HA/86,17:32:00,LG/86,17:39:00,161,13.2,false
IC,4153,LG/86,17:40:00,RD/86,17:47:00,123,13.4,false
IC,4153,RD/86,17:49:00,FP/86,17:57:00,86,14.7,false
IC,4153,FP/86,17:57:00,HB/86,18:04:00,86,16.6,false
IC,4153,HB/86,18:05:00,AD/86,18:13:00,75,15.5,false
IC,4153,AD/86,18:13:00,SØ/86,18:16:00,75,7.6,false
IC,4153,SØ/86,18:17:00,SR/86,18:21:00,51,7.5,false
IC,4153,SR/86,18:21:00,AB/86,18:31:00,51,18.8,false
IC,4153,AB/86,18:34:00,ABV/86,18:36:00,7,1.2,false
IC,4153,ABV/86,18:37:00,LIH/86,18:39:00,7,1.8,false
IC,4153,LIH/86,18:40:00,ABL/86,18:44:00,3,2.5,false
IC,4161,AR/86,19:15:00,BR/86,19:19:00,55,6.7,false
IC,4161,BR/86,19:19:00,HA/86,19:31:00,55,25.8,false
IC,4161,HA/86,19:32:00,LG/86,19:39:00,55,13.2,false
IC,4161,LG/86,19:40:00,RD/86,19:47:00,46,13.4,false
IC,4161,RD/86,19:49:00,FP/86,19:57:00,36,14.7,false
IC,4161,FP/86,19:57:00,HB/86,20:04:00,36,16.6,false
IC,4161,HB/86,20:05:00,AD/86,20:13:00,31,15.5,false
IC,4161,AD/86,20:13:00,SØ/86,20:16:00,31,7.6,false
IC,4161,SØ/86,20:17:00,SR/86,20:21:00,31,7.5,false
IC,4161,SR/86,20:21:00,AB/86,20:31:00,31,18.8,false
IC,4161,AB/86,20:34:00,ABV/86,20:36:00,16,1.2,false
IC,4161,ABV/86,20:37:00,LIH/86,20:39:00,16,1.8,false
IC,4161,LIH/86,20:40:00,ABL/86,20:44:00,9,2.5,false
IC,227,CPH/86,07:05:00,TÅT/86,07:07:00,150,3.3,true
IC,227,TÅT/86,07:08:00,ØRE/86,07:10:00,150,1.6,true
IC,227,ØRE/86,07:11:00,KLV/86,07:14:00,150,2.1,true
IC,227,KLV/86,07:14:00,NEL/86,07:16:00,150,3.2,true
IC,227,NEL/86,07:18:00,IG/86,07:20:00,150,1.6,true
IC,227,IG/86,07:20:00,HTÅ/86,07:28:00,150,14.3,true
IC,227,HTÅ/86,07:29:00,HH/86,07:32:00,167,4.7,true
IC,227,HH/86,07:32:00,TRK/86,07:35:00,167,4.0,true
IC,227,TRK/86,07:36:00,RO/86,07:39:00,167,3.1,true
IC,227,RO/86,07:41:00,VY/86,07:46:00,205,11.2,true
IC,227,VY/86,07:46:00,RG/86,07:56:00,205,21.4,true
IC,227,RG/86,07:58:00,FJ/86,08:03:00,208,7.6,true
IC,227,FJ/86,08:03:00,SO/86,08:06:00,208,6.8,true
IC,227,SO/86,08:07:00,SG/86,08:15:00,208,14.6,true
IC,227,SG/86,08:17:00,FO/86,08:21:00,178,7.1,true
IC,227,FO/86,08:21:00,NG/86,08:35:00,178,31.6,true
IC,227,NG/86,08:37:00,JU/86,08:40:00,171,5.0,true
IC,227,JU/86,08:40:00,OD/86,08:50:00,171,23.7,true
IC,263,CPH/86,16:05:00,TÅT/86,16:07:00,146,3.3,true
IC,263,TÅT/86,16:08:00,ØRE/86,16:10:00,146,1.6,true
IC,263,ØRE/86,16:11:00,KLV/86,16:14:00,146,2.1,true
IC,263,KLV/86,16:14:00,NEL/86,16:16:00,146,3.2,true
IC,263,NEL/86,16:18:00,IG/86,16:20:00,146,1.6,true
IC,263,IG/86,16:20:00,HTÅ/86,16:28:00,146,14.3,true
IC,263,HTÅ/86,16:29:00,HH/86,16:32:00,190,4.7,true
IC,263,HH/86,16:32:00,TRK/86,16:35:00,190,4.0,true
IC,263,TRK/86,16:36:00,RO/86,16:39:00,190,3.1,true
IC,263,RO/86,16:41:00,VY/86,16:46:00,248,11.2,true
IC,263,VY/86,16:46:00,RG/86,16:56:00,248,21.4,true
IC,263,RG/86,16:58:00,FJ/86,17:03:00,241,7.6,true
IC,263,FJ/86,17:03:00,SO/86,17:06:00,241,6.8,true
IC,263,SO/86,17:07:00,SG/86,17:15:00,241,14.6,true
IC,263,SG/86,17:17:00,FO/86,17:21:00,167,7.1,true
IC,263,FO/86,17:21:00,NG/86,17:35:00,167,31.6,true
IC,263,NG/86,17:37:00,JU/86,17:40:00,131,5.0,true
IC,263,JU/86,17:40:00,OD/86,17:50:00,131,23.7,true
IC,1417,CPH/86,04:26:00,TÅT/86,04:28:00,263,3.3,true
IC,1417,TÅT/86,04:29:00,ØRE/86,04:31:00,263,1.6,true
IC,1417,ØRE/86,04:32:00,KLV/86,04:34:00,263,2.1,true
IC,1417,KLV/86,04:34:00,KH/86,04:39:00,263,4.8,true
IC,208,OD/86,07:09:00,MV/86,07:14:00,104,9.3,true
IC,208,MV/86,07:14:00,NG/86,07:22:00,104,19.4,true
IC,208,NG/86,07:24:00,SPR/86,07:29:00,136,11.4,true
IC,208,SPR/86,07:29:00,SG/86,07:42:00,136,27.3,true
IC,208,SG/86,07:44:00,SO/86,07:51:00,210,14.6,true
IC,208,SO/86,07:53:00,FJ/86,07:57:00,210,6.8,true
IC,208,FJ/86,07:57:00,RG/86,08:02:00,210,7.6,true
IC,208,RG/86,08:04:00,KY/86,08:07:00,238,7.3,true
IC,208,KY/86,08:07:00,RO/86,08:18:00,238,25.3,true
IC,208,RO/86,08:20:00,TRK/86,08:23:00,221,3.1,true
IC,208,TRK/86,08:24:00,HH/86,08:26:00,221,4.0,true
IC,208,HH/86,08:26:00,HTÅ/86,08:29:00,221,4.7,true
IC,208,HTÅ/86,08:31:00,GL/86,08:35:00,219,8.3,true
IC,208,GL/86,08:35:00,NEL/86,08:40:00,219,7.6,true
IC,208,NEL/86,08:42:00,KLV/86,08:44:00,219,3.2,true
IC,208,KLV/86,08:44:00,ØRE/86,08:46:00,219,2.1,true
IC,208,ØRE/86,08:47:00,TÅT/86,08:49:00,219,1.6,true
IC,208,TÅT/86,08:50:00,CPH/86,08:54:00,219,3.3,true
IC,428,AR/86,09:50:00,KGV/86,09:52:00,69,3.0,false
IC,428,KGV/86,09:52:00,SD/86,10:02:00,69,19.8,false
IC,428,SD/86,10:03:00,HÅ/86,10:10:00,68,14.1,false
IC,428,HÅ/86,10:10:00,HS/86,10:17:00,68,14.5,false
IC,428,HS/86,10:19:00,HED/86,10:26:00,65,16.3,false
IC,428,HED/86,10:26:00,VJ/86,10:33:00,65,15.1,false
IC,428,VJ/86,10:35:00,BET/86,10:41:00,58,10.9,false
IC,428,BET/86,10:41:00,FA/86,10:49:00,58,14.8,false
IC,460,AR/86,17:50:00,KGV/86,17:52:00,87,3.0,false
IC,460,KGV/86,17:52:00,SD/86,18:02:00,87,19.8,false
IC,460,SD/86,18:03:00,HÅ/86,18:10:00,83,14.1,false
IC,460,HÅ/86,18:10:00,HS/86,18:17:00,83,14.5,false
IC,460,HS/86,18:19:00,HED/86,18:26:00,80,16.3,false
IC,460,HED/86,18:26:00,VJ/86,18:33:00,80,15.1,false
IC,460,VJ/86,18:35:00,BET/86,18:41:00,66,10.9,false
IC,460,BET/86,18:41:00,FA/86,18:49:00,66,14.8,false
IC,1490,KH/86,04:39:00,BAN/86,04:42:00,132,2.4,true
IC,1490,BAN/86,04:42:00,ØRE/86,04:45:00,132,4.5,true
IC,1490,ØRE/86,04:46:00,TÅT/86,04:48:00,132,1.6,true
IC,1490,TÅT/86,04:49:00,CPH/86,04:52:00,132,3.3,true
IC,4101,AR/86,04:15:00,BR/86,04:19:00,69,6.7,false
IC,4101,BR/86,04:19:00,HA/86,04:31:00,69,25.8,false
IC,4101,HA/86,04:32:00,LG/86,04:39:00,69,13.2,false
IC,4101,LG/86,04:40:00,RD/86,04:47:00,56,13.4,false
IC,4101,RD/86,04:49:00,FP/86,04:57:00,43,14.7,false
IC,4101,FP/86,04:57:00,HB/86,05:04:00,43,16.6,false
IC,4101,HB/86,05:05:00,AD/86,05:13:00,38,15.5,false
IC,4101,AD/86,05:13:00,SØ/86,05:16:00,38,7.6,false
IC,4101,SØ/86,05:17:00,SR/86,05:21:00,40,7.5,false
IC,4101,SR/86,05:21:00,AB/86,05:31:00,40,18.8,false
IC,4101,AB/86,05:34:00,ABV/86,05:36:00,9,1.2,false
IC,4101,ABV/86,05:37:00,LIH/86,05:39:00,9,1.8,false
IC,4101,LIH/86,05:40:00,ABL/86,05:44:00,7,2.5,false
IC,4105,AR/86,05:12:00,BR/86,05:16:00,7,6.7,false
IC,4105,BR/86,05:16:00,HA/86,05:28:00,7,25.8,false
IC,4105,HA/86,05:29:00,LG/86,05:36:00,7,13.2,false
IC,4105,LG/86,05:37:00,RD/86,05:44:00,8,13.4,false
IC,4105,RD/86,05:46:00,FP/86,05:53:00,7,14.7,false
IC,4105,FP/86,05:53:00,HB/86,06:01:00,7,16.6,false
IC,4105,HB/86,06:02:00,AD/86,06:10:00,11,15.5,false
IC,4105,AD/86,06:11:00,SØ/86,06:16:00,11,7.6,false
IC,4105,SØ/86,06:17:00,SR/86,06:21:00,21,7.5,false
IC,4105,SR/86,06:21:00,AB/86,06:31:00,21,18.8,false
IC,4105,AB/86,06:34:00,ABV/86,06:36:00,4,1.2,false
IC,4105,ABV/86,06:37:00,LIH/86,06:39:00,4,1.8,false
IC,4105,LIH/86,06:40:00,ABL/86,06:44:00,4,2.5,false
IC,4113,AR/86,07:15:00,BR/86,07:19:00,178,6.7,false
IC,4113,BR/86,07:19:00,HA/86,07:31:00,178,25.8,false
IC,4113,HA/86,07:32:00,LG/86,07:39:00,178,13.2,false
IC,4113,LG/86,07:40:00,RD/86,07:47:00,135,13.4,false
IC,4113,RD/86,07:49:00,FP/86,07:57:00,86,14.7,false
IC,4113,FP/86,07:57:00,HB/86,08:04:00,86,16.6,false
IC,4113,HB/86,08:05:00,AD/86,08:13:00,80,15.5,false
IC,4113,AD/86,08:13:00,SØ/86,08:16:00,80,7.6,false
IC,4113,SØ/86,08:17:00,SR/86,08:21:00,68,7.5,false
IC,4113,SR/86,08:21:00,AB/86,08:31:00,68,18.8,false
IC,4113,AB/86,08:34:00,ABV/86,08:36:00,7,1.2,false
IC,4113,ABV/86,08:37:00,LIH/86,08:39:00,7,1.8,false
IC,4113,LIH/86,08:40:00,ABL/86,08:44:00,3,2.5,false
IC,4117,AR/86,08:15:00,BR/86,08:19:00,88,6.7,false
IC,4117,BR/86,08:19:00,HA/86,08:31:00,88,25.8,false
IC,4117,HA/86,08:32:00,LG/86,08:39:00,88,13.2,false
IC,4117,LG/86,08:40:00,RD/86,08:47:00,71,13.4,false
IC,4117,RD/86,08:49:00,FP/86,08:57:00,55,14.7,false
IC,4117,FP/86,08:57:00,HB/86,09:04:00,55,16.6,false
IC,4117,HB/86,09:05:00,AD/86,09:13:00,51,15.5,false
IC,4117,AD/86,09:13:00,SØ/86,09:16:00,51,7.6,false
IC,4117,SØ/86,09:17:00,SR/86,09:21:00,49,7.5,false
IC,4117,SR/86,09:21:00,AB/86,09:31:00,49,18.8,false
IC,4117,AB/86,09:34:00,ABV/86,09:36:00,5,1.2,false
IC,4117,ABV/86,09:37:00,LIH/86,09:39:00,5,1.8,false
IC,4117,LIH/86,09:40:00,ABL/86,09:44:00,3,2.5,false
IC,4125,AR/86,10:15:00,BR/86,10:19:00,77,6.7,false
IC,4125,BR/86,10:19:00,HA/86,10:31:00,77,25.8,false
IC,4125,HA/86,10:32:00,LG/86,10:39:00,77,13.2,false
IC,4125,LG/86,10:40:00,RD/86,10:47:00,69,13.4,false
IC,4125,RD/86,10:49:00,FP/86,10:57:00,57,14.7,false
IC,4125,FP/86,10:57:00,HB/86,11:04:00,57,16.6,false
IC,4125,HB/86,11:05:00,AD/86,11:13:00,53,15.5,false
IC,4125,AD/86,11:13:00,SØ/86,11:16:00,53,7.6,false
IC,4125,SØ/86,11:17:00,SR/86,11:21:00,38,7.5,false
IC,4125,SR/86,11:21:00,AB/86,11:31:00,38,18.8,false
IC,4125,AB/86,11:34:00,ABV/86,11:36:00,6,1.2,false
IC,4125,ABV/86,11:37:00,LIH/86,11:39:00,6,1.8,false
IC,4125,LIH/86,11:40:00,ABL/86,11:44:00,2,2.5,false
IC,4141,AR/86,14:15:00,BR/86,14:19:00,150,6.7,false
IC,4141,BR/86,14:19:00,HA/86,14:31:00,150,25.8,false
IC,4141,HA/86,14:32:00,LG/86,14:39:00,150,13.2,false
IC,4141,LG/86,14:40:00,RD/86,14:47:00,103,13.4,false
IC,4141,RD/86,14:49:00,FP/86,14:57:00,67,14.7,false
IC,4141,FP/86,14:57:00,HB/86,15:04:00,67,16.6,false
IC,4141,HB/86,15:05:00,AD/86,15:13:00,60,15.5,false
IC,4141,AD/86,15:13:00,SØ/86,15:16:00,60,7.6,false
IC,4141,SØ/86,15:17:00,SR/86,15:21:00,29,7.5,false
IC,4141,SR/86,15:21:00,AB/86,15:31:00,29,18.8,false
IC,4141,AB/86,15:34:00,ABV/86,15:36:00,10,1.2,false
IC,4141,ABV/86,15:37:00,LIH/86,15:39:00,10,1.8,false
IC,4141,LIH/86,15:40:00,ABL/86,15:44:00,5,2.5,false
IC,4149,AR/86,16:15:00,BR/86,16:19:00,302,6.7,false
IC,4149,BR/86,16:19:00,HA/86,16:31:00,302,25.8,false
IC,4149,HA/86,16:32:00,LG/86,16:39:00,302,13.2,false
IC,4149,LG/86,16:40:00,RD/86,16:47:00,204,13.4,false
IC,4149,RD/86,16:49:00,FP/86,16:57:00,112,14.7,false
IC,4149,FP/86,16:57:00,HB/86,17:04:00,112,16.6,false
IC,4149,HB/86,17:05:00,AD/86,17:13:00,93,15.5,false
IC,4149,AD/86,17:13:00,SØ/86,17:16:00,93,7.6,false
IC,4149,SØ/86,17:17:00,SR/86,17:21:00,44,7.5,false
IC,4149,SR/86,17:21:00,AB/86,17:31:00,44,18.8,false
IC,4149,AB/86,17:34:00,ABV/86,17:36:00,6,1.2,false
IC,4149,ABV/86,17:37:00,LIH/86,17:39:00,6,1.8,false
IC,4149,LIH/86,17:40:00,ABL/86,17:44:00,2,2.5,false
IC,4157,AR/86,18:15:00,BR/86,18:19:00,61,6.7,false
IC,4157,BR/86,18:19:00,HA/86,18:31:00,61,25.8,false
IC,4157,HA/86,18:32:00,LG/86,18:39:00,61,13.2,false
IC,4157,LG/86,18:40:00,RD/86,18:47:00,47,13.4,false
IC,4157,RD/86,18:49:00,FP/86,18:57:00,36,14.7,false
IC,4157,FP/86,18:57:00,HB/86,19:04:00,36,16.6,false
IC,4157,HB/86,19:05:00,AD/86,19:13:00,33,15.5,false
IC,4157,AD/86,19:13:00,SØ/86,19:16:00,33,7.6,false
IC,4157,SØ/86,19:17:00,SR/86,19:21:00,31,7.5,false
IC,4157,SR/86,19:21:00,AB/86,19:31:00,31,18.8,false
IC,4157,AB/86,19:34:00,ABV/86,19:36:00,12,1.2,false
IC,4157,ABV/86,19:37:00,LIH/86,19:39:00,12,1.8,false
IC,4157,LIH/86,19:40:00,ABL/86,19:44:00,6,2.5,false
IC,4165,AR/86,20:15:00,BR/86,20:19:00,55,6.7,false
IC,4165,BR/86,20:19:00,HA/86,20:31:00,55,25.8,false
IC,4165,HA/86,20:32:00,LG/86,20:39:00,55,13.2,false
IC,4165,LG/86,20:40:00,RD/86,20:47:00,44,13.4,false
IC,4165,RD/86,20:49:00,FP/86,20:57:00,44,14.7,false
IC,4165,FP/86,20:57:00,HB/86,21:04:00,44,16.6,false
IC,4165,HB/86,21:05:00,AD/86,21:13:00,30,15.5,false
IC,4165,AD/86,21:13:00,SØ/86,21:16:00,30,7.6,false
IC,4165,SØ/86,21:17:00,SR/86,21:21:00,30,7.5,false
IC,4165,SR/86,21:21:00,AB/86,21:31:00,30,18.8,false
IC,4165,AB/86,21:34:00,ABV/86,21:36:00,8,1.2,false
IC,4165,ABV/86,21:37:00,LIH/86,21:39:00,8,1.8,false
IC,4165,LIH/86,21:40:00,ABL/86,21:44:00,4,2.5,false
IC,4171,AR/86,21:45:00,BR/86,21:49:00,49,6.7,false
IC,4171,BR/86,21:49:00,HA/86,22:01:00,49,25.8,false
IC,4171,HA/86,22:02:00,LG/86,22:09:00,49,13.2,false
IC,4171,LG/86,22:10:00,RD/86,22:17:00,45,13.4,false
IC,4171,RD/86,22:19:00,FP/86,22:26:00,34,14.7,false
IC,4171,FP/86,22:26:00,HB/86,22:33:00,34,16.6,false
IC,4171,HB/86,22:34:00,AD/86,22:41:00,25,15.5,false
IC,4171,AD/86,22:41:00,SØ/86,22:45:00,25,7.6,false
IC,4171,SØ/86,22:46:00,SR/86,22:50:00,23,7.5,false
IC,4171,SR/86,22:50:00,AB/86,22:59:00,23,18.8,false
IC,4133,AR/86,12:15:00,BR/86,12:19:00,106,6.7,false
IC,4133,BR/86,12:19:00,HA/86,12:31:00,106,25.8,false
IC,4133,HA/86,12:32:00,LG/86,12:39:00,106,13.2,false
IC,4133,LG/86,12:40:00,RD/86,12:47:00,84,13.4,false
IC,4133,RD/86,12:49:00,FP/86,12:57:00,57,14.7,false
IC,4133,FP/86,12:57:00,HB/86,13:04:00,57,16.6,false
IC,4133,HB/86,13:05:00,AD/86,13:13:00,47,15.5,false
IC,4133,AD/86,13:13:00,SØ/86,13:16:00,47,7.6,false
IC,4133,SØ/86,13:17:00,SR/86,13:21:00,35,7.5,false
IC,4133,SR/86,13:21:00,AB/86,13:31:00,35,18.8,false
IC,4133,AB/86,13:34:00,ABV/86,13:36:00,7,1.2,false
IC,4133,ABV/86,13:37:00,LIH/86,13:39:00,7,1.8,false
IC,4133,LIH/86,13:40:00,ABL/86,13:44:00,3,2.5,false
IC,4190,ABL/86,22:58:00,LIH/86,23:01:00,2,2.5,false
IC,4190,LIH/86,23:02:00,ABV/86,23:05:00,3,1.8,false
IC,4190,ABV/86,23:06:00,AB/86,23:10:00,3,1.2,false
IC,4190,AB/86,23:15:00,OG/86,23:17:00,7,4.3,false
IC,4190,OG/86,23:17:00,SØ/86,23:27:00,7,22.0,false
IC,4190,SØ/86,23:28:00,AD/86,23:32:00,6,7.6,false
IC,4190,AD/86,23:32:00,HB/86,23:40:00,6,15.5,false
IC,4190,HB/86,23:41:00,FP/86,23:49:00,20,16.6,false
IC,4190,FP/86,23:49:00,RD/86,23:55:00,20,14.7,false
IC,4190,RD/86,23:57:00,LG/86,00:05:00,19,13.4,false
IC,4190,LG/86,00:06:00,HA/86,00:13:00,19,13.2,false
IC,4190,HA/86,00:14:00,HN/86,00:19:00,19,9.3,false
IC,4190,HN/86,00:19:00,AR/86,00:33:00,19,23.2,false
IC,1401,CPH/86,00:12:00,TÅT/86,00:14:00,74,3.3,true
IC,1401,TÅT/86,00:15:00,ØRE/86,00:17:00,74,1.6,true
IC,1401,ØRE/86,00:18:00,KLV/86,00:20:00,74,2.1,true
IC,1401,KLV/86,00:20:00,KH/86,00:25:00,74,4.8,true
IC,1472,KH/86,00:19:00,BAN/86,00:23:00,3,2.4,true
IC,1472,BAN/86,00:23:00,CPH/86,00:32:00,3,9.4,true
IC,1476,KH/86,01:19:00,BAN/86,01:21:00,22,2.4,true
IC,1476,BAN/86,01:21:00,ØRE/86,01:25:00,22,4.5,true
IC,1476,ØRE/86,01:26:00,TÅT/86,01:28:00,22,1.6,true
IC,1476,TÅT/86,01:29:00,CPH/86,01:32:00,22,3.3,true
IC,1489,CPH/86,22:26:00,TÅT/86,22:28:00,53,3.3,true
IC,1489,TÅT/86,22:28:00,KH/86,22:40:00,53,8.5,true
IC,1493,CPH/86,23:26:00,TÅT/86,23:28:00,59,3.3,true
IC,1493,TÅT/86,23:28:00,KH/86,23:40:00,59,8.5,true
IC,1407,CPH/86,02:12:00,TÅT/86,02:15:00,15,3.3,true
IC,1407,TÅT/86,02:16:00,ØRE/86,02:18:00,15,1.6,true
IC,1407,ØRE/86,02:19:00,KLV/86,02:20:00,15,2.1,true
IC,1407,KLV/86,02:20:00,KH/86,02:25:00,15,4.8,true
IC,1413,CPH/86,03:26:00,TÅT/86,03:28:00,4,3.3,true
IC,1413,TÅT/86,03:29:00,ØRE/86,03:31:00,4,1.6,true
IC,1413,ØRE/86,03:32:00,KLV/86,03:34:00,4,2.1,true
IC,1413,KLV/86,03:34:00,KH/86,03:39:00,4,4.8,true
IC,2304,FA/86,05:07:00,TL/86,05:12:00,12,8.6,true
IC,2304,TL/86,05:13:00,KD/86,05:20:00,14,11.3,true
IC,2304,KD/86,05:22:00,LK/86,05:29:00,18,12.9,true
IC,2304,LK/86,05:30:00,VN/86,05:36:00,19,11.6,true
IC,2304,VN/86,05:37:00,BP/86,05:42:00,19,7.8,true
IC,2304,BP/86,05:43:00,HQ/86,05:48:00,19,6.5,true
IC,2304,HQ/86,05:49:00,GØ/86,05:54:00,19,7.4,true
IC,2304,GØ/86,05:54:00,BM/86,05:58:00,19,6.0,true
IC,2304,BM/86,06:00:00,TB/86,06:04:00,15,8.1,true
IC,2304,TB/86,06:04:00,ES/86,06:10:00,15,8.3,true
IC,2308,FA/86,06:07:00,TL/86,06:12:00,24,8.6,true
IC,2308,TL/86,06:13:00,KD/86,06:20:00,25,11.3,true
IC,2308,KD/86,06:22:00,LK/86,06:29:00,30,12.9,true
IC,2308,LK/86,06:30:00,VN/86,06:36:00,44,11.6,true
IC,2308,VN/86,06:37:00,BP/86,06:42:00,44,7.8,true
IC,2308,BP/86,06:43:00,HQ/86,06:48:00,44,6.5,true
IC,2308,HQ/86,06:49:00,GØ/86,06:54:00,44,7.4,true
IC,2308,GØ/86,06:54:00,BM/86,06:58:00,44,6.0,true
IC,2308,BM/86,07:00:00,TB/86,07:04:00,38,8.1,true
IC,2308,TB/86,07:04:00,ES/86,07:10:00,38,8.3,true
IC,2383,ES/86,22:41:00,JNE/86,22:43:00,12,2.4,true
IC,2383,JNE/86,22:43:00,BM/86,22:51:00,12,14.0,true
IC,2383,BM/86,22:52:00,GØ/86,22:56:00,26,6.0,true
IC,2383,GØ/86,22:56:00,HQ/86,23:01:00,26,7.4,true
IC,2383,HQ/86,23:02:00,BP/86,23:06:00,26,6.5,true
IC,2383,BP/86,23:07:00,VN/86,23:12:00,26,7.8,true
IC,2383,VN/86,23:13:00,LK/86,23:21:00,26,11.6,true
IC,2383,LK/86,23:22:00,KD/86,23:29:00,24,12.9,true
IC,2383,KD/86,23:31:00,TL/86,23:37:00,25,11.3,true
IC,2383,TL/86,23:38:00,FA/86,23:45:00,25,8.6,true
IC,2387,ES/86,23:41:00,JNE/86,23:43:00,3,2.4,true
IC,2387,JNE/86,23:43:00,BM/86,23:51:00,3,14.0,true
IC,2387,BM/86,23:52:00,GØ/86,23:56:00,2,6.0,true
IC,2387,GØ/86,23:56:00,HQ/86,00:01:00,2,7.4,true
IC,2387,HQ/86,00:02:00,BP/86,00:06:00,2,6.5,true
IC,2387,BP/86,00:07:00,VN/86,00:12:00,2,7.8,true
IC,2387,VN/86,00:13:00,LK/86,00:21:00,2,11.6,true
IC,2387,LK/86,00:22:00,KD/86,00:29:00,1,12.9,true
IC,2387,KD/86,00:31:00,TL/86,00:37:00,1,11.3,true
IC,2387,TL/86,00:38:00,FA/86,00:45:00,1,8.6,true
IC,2313,ES/86,05:03:00,JNE/86,05:05:00,17,2.4,true
IC,2313,JNE/86,05:05:00,BM/86,05:13:00,17,14.0,true
IC,2313,BM/86,05:14:00,GØ/86,05:18:00,25,6.0,true
IC,2313,GØ/86,05:18:00,HQ/86,05:23:00,25,7.4,true
IC,2313,HQ/86,05:24:00,BP/86,05:28:00,25,6.5,true
IC,2313,BP/86,05:29:00,VN/86,05:34:00,25,7.8,true
IC,2313,VN/86,05:35:00,LK/86,05:43:00,25,11.6,true
IC,2313,LK/86,05:44:00,KD/86,05:51:00,22,12.9,true
IC,2313,KD/86,05:53:00,TL/86,05:59:00,45,11.3,true
IC,2313,TL/86,06:00:00,FA/86,06:07:00,49,8.6,true
IC,2317,ES/86,06:02:00,JNE/86,06:04:00,20,2.4,true
IC,2317,JNE/86,06:04:00,BM/86,06:12:00,20,14.0,true
IC,2317,BM/86,06:14:00,GØ/86,06:18:00,42,6.0,true
IC,2317,GØ/86,06:18:00,HQ/86,06:23:00,42,7.4,true
IC,2317,HQ/86,06:24:00,BP/86,06:28:00,42,6.5,true
IC,2317,BP/86,06:29:00,VN/86,06:34:00,42,7.8,true
IC,2317,VN/86,06:35:00,LK/86,06:43:00,42,11.6,true
IC,2317,LK/86,06:44:00,KD/86,06:51:00,44,12.9,true
IC,2317,KD/86,06:53:00,TL/86,07:00:00,80,11.3,true
IC,2317,TL/86,07:01:00,FA/86,07:07:00,86,8.6,true
IC,2321,ES/86,07:02:00,JNE/86,07:04:00,29,2.4,true
IC,2321,JNE/86,07:04:00,BM/86,07:12:00,29,14.0,true
IC,2321,BM/86,07:14:00,GØ/86,07:18:00,67,6.0,true
IC,2321,GØ/86,07:18:00,HQ/86,07:23:00,67,7.4,true
IC,2321,HQ/86,07:24:00,BP/86,07:28:00,67,6.5,true
IC,2321,BP/86,07:29:00,VN/86,07:34:00,67,7.8,true
IC,2321,VN/86,07:35:00,LK/86,07:43:00,67,11.6,true
IC,2321,LK/86,07:44:00,KD/86,07:51:00,53,12.9,true
IC,2321,KD/86,07:53:00,TL/86,08:00:00,55,11.3,true
IC,2321,TL/86,08:01:00,FA/86,08:07:00,56,8.6,true
IC,2329,ES/86,09:03:00,JNE/86,09:05:00,19,2.4,true
IC,2329,JNE/86,09:05:00,BM/86,09:13:00,19,14.0,true
IC,2329,BM/86,09:14:00,GØ/86,09:18:00,30,6.0,true
IC,2329,GØ/86,09:18:00,HQ/86,09:23:00,30,7.4,true
IC,2329,HQ/86,09:24:00,BP/86,09:28:00,30,6.5,true
IC,2329,BP/86,09:29:00,VN/86,09:34:00,30,7.8,true
IC,2329,VN/86,09:35:00,LK/86,09:43:00,30,11.6,true
IC,2329,LK/86,09:44:00,KD/86,09:51:00,27,12.9,true
IC,2329,KD/86,09:53:00,TL/86,10:00:00,30,11.3,true
IC,2329,TL/86,10:01:00,FA/86,10:07:00,30,8.6,true
IC,2324,FA/86,09:51:00,TL/86,09:56:00,99,8.6,true
IC,2324,TL/86,09:57:00,KD/86,10:04:00,100,11.3,true
IC,2324,KD/86,10:06:00,LK/86,10:13:00,28,12.9,true
IC,2324,LK/86,10:14:00,VN/86,10:20:00,28,11.6,true
IC,2324,VN/86,10:21:00,BP/86,10:26:00,28,7.8,true
IC,2324,BP/86,10:27:00,HQ/86,10:32:00,28,6.5,true
IC,2324,HQ/86,10:33:00,GØ/86,10:38:00,28,7.4,true
IC,2324,GØ/86,10:38:00,BM/86,10:42:00,28,6.0,true
IC,2324,BM/86,10:44:00,TB/86,10:48:00,20,8.1,true
IC,2324,TB/86,10:48:00,ES/86,10:54:00,20,8.3,true
IC,2333,ES/86,10:03:00,JNE/86,10:05:00,27,2.4,true
IC,2333,JNE/86,10:05:00,BM/86,10:13:00,27,14.0,true
IC,2333,BM/86,10:14:00,GØ/86,10:18:00,42,6.0,true
IC,2333,GØ/86,10:18:00,HQ/86,10:23:00,42,7.4,true
IC,2333,HQ/86,10:24:00,BP/86,10:28:00,42,6.5,true
IC,2333,BP/86,10:29:00,VN/86,10:34:00,42,7.8,true
IC,2333,VN/86,10:35:00,LK/86,10:43:00,42,11.6,true
IC,2333,LK/86,10:44:00,KD/86,10:51:00,41,12.9,true
IC,2333,KD/86,10:53:00,TL/86,11:00:00,59,11.3,true
IC,2333,TL/86,11:01:00,FA/86,11:07:00,58,8.6,true
IC,2328,FA/86,10:51:00,TL/86,10:56:00,37,8.6,true
IC,2328,TL/86,10:57:00,KD/86,11:04:00,37,11.3,true
IC,2328,KD/86,11:06:00,LK/86,11:13:00,25,12.9,true
IC,2328,LK/86,11:14:00,VN/86,11:20:00,27,11.6,true
IC,2328,VN/86,11:21:00,BP/86,11:26:00,27,7.8,true
IC,2328,BP/86,11:27:00,HQ/86,11:32:00,27,6.5,true
IC,2328,HQ/86,11:33:00,GØ/86,11:38:00,27,7.4,true
IC,2328,GØ/86,11:38:00,BM/86,11:42:00,27,6.0,true
IC,2328,BM/86,11:44:00,TB/86,11:48:00,19,8.1,true
IC,2328,TB/86,11:48:00,ES/86,11:54:00,19,8.3,true
IC,2337,ES/86,11:03:00,JNE/86,11:05:00,24,2.4,true
IC,2337,JNE/86,11:05:00,BM/86,11:13:00,24,14.0,true
IC,2337,BM/86,11:14:00,GØ/86,11:18:00,34,6.0,true
IC,2337,GØ/86,11:18:00,HQ/86,11:23:00,34,7.4,true
IC,2337,HQ/86,11:24:00,BP/86,11:28:00,34,6.5,true
IC,2337,BP/86,11:29:00,VN/86,11:34:00,34,7.8,true
IC,2337,VN/86,11:35:00,LK/86,11:43:00,34,11.6,true
IC,2337,LK/86,11:44:00,KD/86,11:51:00,33,12.9,true
IC,2337,KD/86,11:53:00,TL/86,12:00:00,69,11.3,true
IC,2337,TL/86,12:01:00,FA/86,12:07:00,69,8.6,true
IC,2332,FA/86,11:51:00,TL/86,11:56:00,82,8.6,true
IC,2332,TL/86,11:57:00,KD/86,12:04:00,82,11.3,true
IC,2332,KD/86,12:06:00,LK/86,12:13:00,26,12.9,true
IC,2332,LK/86,12:14:00,VN/86,12:20:00,28,11.6,true
IC,2332,VN/86,12:21:00,BP/86,12:26:00,28,7.8,true
IC,2332,BP/86,12:27:00,HQ/86,12:32:00,28,6.5,true
IC,2332,HQ/86,12:33:00,GØ/86,12:38:00,28,7.4,true
IC,2332,GØ/86,12:38:00,BM/86,12:42:00,28,6.0,true
IC,2332,BM/86,12:44:00,TB/86,12:48:00,17,8.1,true
IC,2332,TB/86,12:48:00,ES/86,12:54:00,17,8.3,true
IC,2345,ES/86,13:03:00,JNE/86,13:05:00,38,2.4,true
IC,2345,JNE/86,13:05:00,BM/86,13:13:00,38,14.0,true
IC,2345,BM/86,13:14:00,GØ/86,13:18:00,46,6.0,true
IC,2345,GØ/86,13:18:00,HQ/86,13:23:00,46,7.4,true
IC,2345,HQ/86,13:24:00,BP/86,13:28:00,46,6.5,true
IC,2345,BP/86,13:29:00,VN/86,13:34:00,46,7.8,true
IC,2345,VN/86,13:35:00,LK/86,13:43:00,46,11.6,true
IC,2345,LK/86,13:44:00,KD/86,13:51:00,38,12.9,true
IC,2345,KD/86,13:53:00,TL/86,14:00:00,82,11.3,true
IC,2345,TL/86,14:01:00,FA/86,14:07:00,81,8.6,true
IC,2340,FA/86,13:51:00,TL/86,13:56:00,108,8.6,true
IC,2340,TL/86,13:57:00,KD/86,14:04:00,106,11.3,true
IC,2340,KD/86,14:06:00,LK/86,14:13:00,54,12.9,true
IC,2340,LK/86,14:14:00,VN/86,14:20:00,56,11.6,true
IC,2340,VN/86,14:21:00,BP/86,14:26:00,56,7.8,true
IC,2340,BP/86,14:27:00,HQ/86,14:32:00,56,6.5,true
IC,2340,HQ/86,14:33:00,GØ/86,14:38:00,56,7.4,true
IC,2340,GØ/86,14:38:00,BM/86,14:42:00,56,6.0,true
IC,2340,BM/86,14:44:00,TB/86,14:48:00,36,8.1,true
IC,2340,TB/86,14:48:00,ES/86,14:54:00,36,8.3,true
IC,2349,ES/86,14:03:00,JNE/86,14:05:00,50,2.4,true
IC,2349,JNE/86,14:05:00,BM/86,14:13:00,50,14.0,true
IC,2349,BM/86,14:14:00,GØ/86,14:18:00,60,6.0,true
IC,2349,GØ/86,14:18:00,HQ/86,14:23:00,60,7.4,true
IC,2349,HQ/86,14:24:00,BP/86,14:28:00,60,6.5,true
IC,2349,BP/86,14:29:00,VN/86,14:34:00,60,7.8,true
IC,2349,VN/86,14:35:00,LK/86,14:43:00,60,11.6,true
IC,2349,LK/86,14:44:00,KD/86,14:51:00,52,12.9,true
IC,2349,KD/86,14:53:00,TL/86,15:00:00,88,11.3,true
IC,2349,TL/86,15:01:00,FA/86,15:07:00,85,8.6,true
IC,2344,FA/86,14:51:00,TL/86,14:56:00,124,8.6,true
IC,2344,TL/86,14:57:00,KD/86,15:04:00,116,11.3,true
IC,2344,KD/86,15:06:00,LK/86,15:13:00,78,12.9,true
IC,2344,LK/86,15:14:00,VN/86,15:20:00,74,11.6,true
IC,2344,VN/86,15:21:00,BP/86,15:26:00,74,7.8,true
IC,2344,BP/86,15:27:00,HQ/86,15:32:00,74,6.5,true
IC,2344,HQ/86,15:33:00,GØ/86,15:38:00,74,7.4,true
IC,2344,GØ/86,15:38:00,BM/86,15:42:00,74,6.0,true
IC,2344,BM/86,15:44:00,TB/86,15:48:00,44,8.1,true
IC,2344,TB/86,15:48:00,ES/86,15:54:00,44,8.3,true
IC,2353,ES/86,15:03:00,JNE/86,15:05:00,61,2.4,true
IC,2353,JNE/86,15:05:00,BM/86,15:13:00,61,14.0,true
IC,2353,BM/86,15:14:00,GØ/86,15:18:00,70,6.0,true
IC,2353,GØ/86,15:18:00,HQ/86,15:23:00,70,7.4,true
IC,2353,HQ/86,15:24:00,BP/86,15:28:00,70,6.5,true
IC,2353,BP/86,15:29:00,VN/86,15:34:00,70,7.8,true
IC,2353,VN/86,15:35:00,LK/86,15:43:00,70,11.6,true
IC,2353,LK/86,15:44:00,KD/86,15:51:00,56,12.9,true
IC,2353,KD/86,15:53:00,TL/86,16:00:00,147,11.3,true
IC,2353,TL/86,16:01:00,FA/86,16:07:00,145,8.6,true
IC,2348,FA/86,15:51:00,TL/86,15:56:00,109,8.6,true
IC,2348,TL/86,15:57:00,KD/86,16:04:00,107,11.3,true
IC,2348,KD/86,16:06:00,LK/86,16:13:00,37,12.9,true
IC,2348,LK/86,16:14:00,VN/86,16:20:00,37,11.6,true
IC,2348,VN/86,16:21:00,BP/86,16:26:00,37,7.8,true
IC,2348,BP/86,16:27:00,HQ/86,16:32:00,37,6.5,true
IC,2348,HQ/86,16:33:00,GØ/86,16:38:00,37,7.4,true
IC,2348,GØ/86,16:38:00,BM/86,16:42:00,37,6.0,true
IC,2348,BM/86,16:44:00,TB/86,16:48:00,25,8.1,true
IC,2348,TB/86,16:48:00,ES/86,16:54:00,25,8.3,true
IC,2361,ES/86,17:03:00,JNE/86,17:05:00,27,2.4,true
IC,2361,JNE/86,17:05:00,BM/86,17:13:00,27,14.0,true
IC,2361,BM/86,17:14:00,GØ/86,17:18:00,32,6.0,true
IC,2361,GØ/86,17:18:00,HQ/86,17:23:00,32,7.4,true
IC,2361,HQ/86,17:24:00,BP/86,17:28:00,32,6.5,true
IC,2361,BP/86,17:29:00,VN/86,17:34:00,32,7.8,true
IC,2361,VN/86,17:35:00,LK/86,17:43:00,32,11.6,true
IC,2361,LK/86,17:44:00,KD/86,17:51:00,30,12.9,true
IC,2361,KD/86,17:53:00,TL/86,18:00:00,72,11.3,true
IC,2361,TL/86,18:01:00,FA/86,18:07:00,70,8.6,true
IC,2356,FA/86,17:51:00,TL/86,17:56:00,82,8.6,true
IC,2356,TL/86,17:57:00,KD/86,18:04:00,81,11.3,true
IC,2356,KD/86,18:06:00,LK/86,18:13:00,44,12.9,true
IC,2356,LK/86,18:14:00,VN/86,18:20:00,44,11.6,true
IC,2356,VN/86,18:21:00,BP/86,18:26:00,44,7.8,true
IC,2356,BP/86,18:27:00,HQ/86,18:32:00,44,6.5,true
IC,2356,HQ/86,18:33:00,GØ/86,18:38:00,44,7.4,true
IC,2356,GØ/86,18:38:00,BM/86,18:42:00,44,6.0,true
IC,2356,BM/86,18:44:00,TB/86,18:48:00,26,8.1,true
IC,2356,TB/86,18:48:00,ES/86,18:54:00,26,8.3,true
IC,2360,FA/86,18:51:00,TL/86,18:56:00,44,8.6,true
IC,2360,TL/86,18:57:00,KD/86,19:04:00,41,11.3,true
IC,2360,KD/86,19:06:00,LK/86,19:13:00,33,12.9,true
IC,2360,LK/86,19:14:00,VN/86,19:20:00,32,11.6,true
IC,2360,VN/86,19:21:00,BP/86,19:26:00,32,7.8,true
IC,2360,BP/86,19:27:00,HQ/86,19:32:00,32,6.5,true
IC,2360,HQ/86,19:33:00,GØ/86,19:38:00,32,7.4,true
IC,2360,GØ/86,19:38:00,BM/86,19:42:00,32,6.0,true
IC,2360,BM/86,19:44:00,TB/86,19:48:00,16,8.1,true
IC,2360,TB/86,19:48:00,ES/86,19:54:00,16,8.3,true
IC,2365,ES/86,18:03:00,JNE/86,18:05:00,26,2.4,true
IC,2365,JNE/86,18:05:00,BM/86,18:13:00,26,14.0,true
IC,2365,BM/86,18:14:00,GØ/86,18:18:00,34,6.0,true
IC,2365,GØ/86,18:18:00,HQ/86,18:23:00,34,7.4,true
IC,2365,HQ/86,18:24:00,BP/86,18:28:00,34,6.5,true
IC,2365,BP/86,18:29:00,VN/86,18:34:00,34,7.8,true
IC,2365,VN/86,18:35:00,LK/86,18:43:00,34,11.6,true
IC,2365,LK/86,18:44:00,KD/86,18:51:00,32,12.9,true
IC,2365,KD/86,18:53:00,TL/86,19:00:00,46,11.3,true
IC,2365,TL/86,19:01:00,FA/86,19:07:00,44,8.6,true
IC,2364,FA/86,19:51:00,TL/86,19:56:00,73,8.6,true
IC,2364,TL/86,19:57:00,KD/86,20:04:00,68,11.3,true
IC,2364,KD/86,20:06:00,LK/86,20:13:00,30,12.9,true
IC,2364,LK/86,20:14:00,VN/86,20:20:00,46,11.6,true
IC,2364,VN/86,20:21:00,BP/86,20:26:00,46,7.8,true
IC,2364,BP/86,20:27:00,HQ/86,20:32:00,46,6.5,true
IC,2364,HQ/86,20:33:00,GØ/86,20:38:00,46,7.4,true
IC,2364,GØ/86,20:38:00,BM/86,20:42:00,46,6.0,true
IC,2364,BM/86,20:44:00,TB/86,20:48:00,33,8.1,true
IC,2364,TB/86,20:48:00,ES/86,20:54:00,33,8.3,true
IC,2369,ES/86,19:03:00,JNE/86,19:05:00,14,2.4,true
IC,2369,JNE/86,19:05:00,BM/86,19:13:00,14,14.0,true
IC,2369,BM/86,19:14:00,GØ/86,19:18:00,15,6.0,true
IC,2369,GØ/86,19:18:00,HQ/86,19:23:00,15,7.4,true
IC,2369,HQ/86,19:24:00,BP/86,19:28:00,15,6.5,true
IC,2369,BP/86,19:29:00,VN/86,19:34:00,15,7.8,true
IC,2369,VN/86,19:35:00,LK/86,19:43:00,15,11.6,true
IC,2369,LK/86,19:44:00,KD/86,19:51:00,13,12.9,true
IC,2369,KD/86,19:53:00,TL/86,20:00:00,55,11.3,true
IC,2369,TL/86,20:01:00,FA/86,20:07:00,55,8.6,true
IC,2371,ES/86,20:03:00,JNE/86,20:05:00,22,2.4,true
IC,2371,JNE/86,20:05:00,BM/86,20:13:00,22,14.0,true
IC,2371,BM/86,20:14:00,GØ/86,20:18:00,43,6.0,true
IC,2371,GØ/86,20:18:00,HQ/86,20:23:00,43,7.4,true
IC,2371,HQ/86,20:24:00,BP/86,20:28:00,43,6.5,true
IC,2371,BP/86,20:29:00,VN/86,20:34:00,43,7.8,true
IC,2371,VN/86,20:35:00,LK/86,20:43:00,43,11.6,true
IC,2371,LK/86,20:44:00,KD/86,20:51:00,34,12.9,true
IC,2371,KD/86,20:53:00,TL/86,21:00:00,78,11.3,true
IC,2371,TL/86,21:01:00,FA/86,21:07:00,76,8.6,true
IC,2368,FA/86,20:51:00,TL/86,20:56:00,55,8.6,true
IC,2368,TL/86,20:57:00,KD/86,21:04:00,52,11.3,true
IC,2368,KD/86,21:06:00,LK/86,21:13:00,24,12.9,true
IC,2368,LK/86,21:14:00,VN/86,21:20:00,28,11.6,true
IC,2368,VN/86,21:21:00,BP/86,21:26:00,28,7.8,true
IC,2368,BP/86,21:27:00,HQ/86,21:32:00,28,6.5,true
IC,2368,HQ/86,21:33:00,GØ/86,21:38:00,28,7.4,true
IC,2368,GØ/86,21:38:00,BM/86,21:42:00,28,6.0,true
IC,2368,BM/86,21:44:00,TB/86,21:48:00,12,8.1,true
IC,2368,TB/86,21:48:00,ES/86,21:54:00,12,8.3,true
IC,2377,ES/86,21:03:00,JNE/86,21:05:00,48,2.4,true
IC,2377,JNE/86,21:05:00,BM/86,21:13:00,48,14.0,true
IC,2377,BM/86,21:14:00,GØ/86,21:18:00,43,6.0,true
IC,2377,GØ/86,21:18:00,HQ/86,21:23:00,43,7.4,true
IC,2377,HQ/86,21:24:00,BP/86,21:28:00,43,6.5,true
IC,2377,BP/86,21:29:00,VN/86,21:34:00,43,7.8,true
IC,2377,VN/86,21:35:00,LK/86,21:43:00,43,11.6,true
IC,2377,LK/86,21:44:00,KD/86,21:51:00,25,12.9,true
IC,2377,KD/86,21:53:00,TL/86,22:00:00,33,11.3,true
IC,2377,TL/86,22:01:00,FA/86,22:07:00,33,8.6,true
IC,2374,FA/86,21:51:00,TL/86,21:56:00,35,8.6,true
IC,2374,TL/86,21:57:00,KD/86,22:04:00,34,11.3,true
IC,2374,KD/86,22:06:00,LK/86,22:13:00,20,12.9,true
IC,2374,LK/86,22:14:00,VN/86,22:20:00,20,11.6,true
IC,2374,VN/86,22:21:00,BP/86,22:26:00,20,7.8,true
IC,2374,BP/86,22:27:00,HQ/86,22:32:00,20,6.5,true
IC,2374,HQ/86,22:33:00,GØ/86,22:38:00,20,7.4,true
IC,2374,GØ/86,22:38:00,BM/86,22:42:00,20,6.0,true
IC,2374,BM/86,22:44:00,TB/86,22:48:00,13,8.1,true
IC,2374,TB/86,22:48:00,ES/86,22:54:00,13,8.3,true
IC,4175,AR/86,22:45:00,BR/86,22:49:00,25,6.7,false
IC,4175,BR/86,22:49:00,HA/86,23:01:00,25,25.8,false
IC,4175,HA/86,23:02:00,LG/86,23:09:00,25,13.2,false
IC,4175,LG/86,23:10:00,RD/86,23:17:00,24,13.4,false
IC,4175,RD/86,23:19:00,FP/86,23:26:00,15,14.7,false
IC,4175,FP/86,23:26:00,HB/86,23:33:00,15,16.6,false
IC,4175,HB/86,23:34:00,AD/86,23:41:00,12,15.5,false
IC,4175,AD/86,23:41:00,SØ/86,23:45:00,12,7.6,false
IC,4175,SØ/86,23:46:00,SR/86,23:50:00,12,7.5,false
IC,4175,SR/86,23:50:00,AB/86,23:59:00,12,18.8,false
IC,4179,AR/86,23:45:00,BR/86,23:49:00,10,6.7,false
IC,4179,BR/86,23:49:00,HA/86,00:01:00,10,25.8,false
IC,4179,HA/86,00:02:00,LG/86,00:09:00,10,13.2,false
IC,4179,LG/86,00:10:00,RD/86,00:17:00,11,13.4,false
IC,4179,RD/86,00:19:00,FP/86,00:26:00,9,14.7,false
IC,4179,FP/86,00:26:00,HB/86,00:33:00,9,16.6,false
IC,4179,HB/86,00:34:00,AD/86,00:41:00,6,15.5,false
IC,4179,AD/86,00:41:00,SØ/86,00:45:00,6,7.6,false
IC,4179,SØ/86,00:46:00,SR/86,00:50:00,6,7.5,false
IC,4179,SR/86,00:50:00,AB/86,00:59:00,6,18.8,false
IC,4178,ABL/86,21:08:00,LIH/86,21:11:00,9,2.5,false
IC,4178,LIH/86,21:12:00,ABV/86,21:15:00,10,1.8,false
IC,4178,ABV/86,21:16:00,AB/86,21:20:00,10,1.2,false
L,71,CPH/86,18:26:00,TÅT/86,18:29:00,44,3.3,true
L,71,TÅT/86,18:29:00,KH/86,18:40:00,44,8.5,true
L,71,KH/86,18:52:00,GB/86,18:55:00,232,3.2,true
L,71,GB/86,18:55:00,OD/86,20:03:00,232,154.9,true
L,71,OD/86,20:06:00,HP/86,20:10:00,179,8.6,true
L,71,HP/86,20:10:00,FA/86,20:34:00,179,51.7,true
L,71,FA/86,20:38:00,BK/86,20:44:00,208,11.9,false
L,71,BK/86,20:44:00,VJ/86,20:51:00,208,13.8,false
L,71,VJ/86,20:53:00,HED/86,21:01:00,205,15.1,false
L,71,HED/86,21:01:00,HS/86,21:08:00,205,16.3,false
L,71,HS/86,21:10:00,HÅ/86,21:17:00,184,14.5,false
L,71,HÅ/86,21:17:00,SD/86,21:24:00,184,14.1,false
L,71,SD/86,21:25:00,HX/86,21:30:00,158,8.5,false
L,71,HX/86,21:30:00,AR/86,21:38:00,158,14.3,false
L,731,FA/86,10:43:00,BK/86,10:49:00,71,11.9,false
L,731,BK/86,10:49:00,VJ/86,10:57:00,71,13.8,false
L,731,VJ/86,10:59:00,VJS/86,11:01:00,72,1.0,false
L,731,VJS/86,11:01:00,GES/86,11:06:00,72,3.6,false
L,731,GES/86,11:06:00,JL/86,11:16:00,72,9.4,false
L,731,JL/86,11:16:00,GG/86,11:21:00,72,6.8,false
L,731,GG/86,11:21:00,GW/86,11:28:00,72,10.6,false
L,731,GW/86,11:29:00,TY/86,11:34:00,72,7.9,false
L,731,TY/86,11:35:00,BB/86,11:41:00,72,9.5,false
L,731,BB/86,11:42:00,FT/86,11:46:00,72,7.8,false
L,731,FT/86,11:46:00,HR/86,11:56:00,72,16.4,false
L,731,HR/86,11:58:00,GP/86,12:03:00,39,6.3,false
L,731,GP/86,12:03:00,IB/86,12:06:00,39,3.3,false
L,731,IB/86,12:06:00,ID/86,12:10:00,39,6.3,false
L,731,ID/86,12:11:00,UU/86,12:16:00,39,7.6,false
L,731,UU/86,12:17:00,TS/86,12:23:00,39,8.2,false
L,731,TS/86,12:25:00,HO/86,12:32:00,39,9.5,false
L,731,HO/86,12:34:00,HM/86,12:40:00,22,8.5,false
L,731,HM/86,12:41:00,STR/86,12:48:00,22,7.0,false
L,6,AR/86,04:14:00,KGV/86,04:19:00,42,3.0,false
L,6,KGV/86,04:19:00,SD/86,04:31:00,42,19.8,false
L,6,SD/86,04:34:00,HÅ/86,04:41:00,42,14.1,false
L,6,HÅ/86,04:41:00,HS/86,04:47:00,42,14.5,false
L,6,HS/86,04:49:00,HED/86,04:57:00,54,16.3,false
L,6,HED/86,04:57:00,VJ/86,05:04:00,54,15.1,false
L,6,VJ/86,05:06:00,BET/86,05:11:00,58,10.9,false
L,6,BET/86,05:11:00,FA/86,05:21:00,58,14.8,false
L,6,FA/86,05:27:00,SNO/86,05:29:00,66,4.3,true
L,6,SNO/86,05:29:00,OD/86,05:54:00,66,56.0,true
L,6,OD/86,05:57:00,MV/86,06:02:00,246,9.3,true
L,6,MV/86,06:02:00,KH/86,07:06:00,246,148.8,true
L,6,KH/86,07:18:00,BAN/86,07:21:00,65,2.4,true
L,6,BAN/86,07:21:00,CPH/86,07:32:00,65,9.4,true
L,10,AR/86,05:20:00,KGV/86,05:23:00,92,3.0,false
L,10,KGV/86,05:23:00,SD/86,05:32:00,92,19.8,false
L,10,SD/86,05:34:00,HÅ/86,05:41:00,121,14.1,false
L,10,HÅ/86,05:41:00,HS/86,05:47:00,121,14.5,false
L,10,HS/86,05:49:00,HED/86,05:57:00,153,16.3,false
L,10,HED/86,05:57:00,VJ/86,06:04:00,153,15.1,false
L,10,VJ/86,06:06:00,BET/86,06:11:00,203,10.9,false
L,10,BET/86,06:11:00,FA/86,06:21:00,203,14.8,false
L,10,FA/86,06:27:00,SNO/86,06:29:00,302,4.3,true
L,10,SNO/86,06:29:00,OD/86,06:54:00,302,56.0,true
L,10,OD/86,06:57:00,MV/86,07:02:00,614,9.3,true
L,10,MV/86,07:02:00,KH/86,08:06:00,614,148.8,true
L,10,KH/86,08:18:00,BAN/86,08:21:00,83,2.4,true
L,10,BAN/86,08:21:00,CPH/86,08:32:00,83,9.4,true
L,11,OD/86,05:03:00,HP/86,05:07:00,9,8.6,true
L,11,HP/86,05:07:00,MD/86,05:24:00,9,41.5,true
L,11,MD/86,05:26:00,SNO/86,05:31:00,10,5.9,true
L,11,SNO/86,05:31:00,FA/86,05:34:00,10,4.3,true
L,11,FA/86,05:38:00,BK/86,05:44:00,15,11.9,false
L,11,BK/86,05:44:00,VJ/86,05:51:00,15,13.8,false
L,11,VJ/86,05:53:00,HED/86,06:01:00,31,15.1,false
L,11,HED/86,06:01:00,HS/86,06:08:00,31,16.3,false
L,11,HS/86,06:10:00,HÅ/86,06:17:00,66,14.5,false
L,11,HÅ/86,06:17:00,SD/86,06:24:00,66,14.1,false
L,11,SD/86,06:25:00,HX/86,06:30:00,69,8.5,false
L,11,HX/86,06:30:00,AR/86,06:38:00,69,14.3,false
L,14,AR/86,06:20:00,KGV/86,06:23:00,306,3.0,false
L,14,KGV/86,06:23:00,SD/86,06:32:00,306,19.8,false
L,14,SD/86,06:34:00,HÅ/86,06:41:00,386,14.1,false
L,14,HÅ/86,06:41:00,HS/86,06:47:00,386,14.5,false
L,14,HS/86,06:49:00,HED/86,06:57:00,413,16.3,false
L,14,HED/86,06:57:00,VJ/86,07:04:00,413,15.1,false
L,14,VJ/86,07:06:00,BET/86,07:11:00,462,10.9,false
L,14,BET/86,07:11:00,FA/86,07:21:00,462,14.8,false
L,14,FA/86,07:27:00,SNO/86,07:29:00,491,4.3,true
L,14,SNO/86,07:29:00,OD/86,07:54:00,491,56.0,true
L,14,OD/86,07:57:00,MV/86,08:02:00,663,9.3,true
L,14,MV/86,08:02:00,KH/86,09:06:00,663,148.8,true
L,14,KH/86,09:18:00,BAN/86,09:21:00,98,2.4,true
L,14,BAN/86,09:21:00,CPH/86,09:32:00,98,9.4,true
L,15,OD/86,06:06:00,HP/86,06:10:00,92,8.6,true
L,15,HP/86,06:10:00,FA/86,06:34:00,92,51.7,true
L,15,FA/86,06:36:00,BK/86,06:42:00,126,11.9,false
L,15,BK/86,06:42:00,VJ/86,06:49:00,126,13.8,false
L,15,VJ/86,06:51:00,HED/86,06:58:00,154,15.1,false
L,15,HED/86,06:58:00,HS/86,07:05:00,154,16.3,false
L,15,HS/86,07:07:00,HÅ/86,07:14:00,182,14.5,false
L,15,HÅ/86,07:14:00,SD/86,07:21:00,182,14.1,false
L,15,SD/86,07:22:00,HX/86,07:27:00,156,8.5,false
L,15,HX/86,07:27:00,AR/86,07:35:00,156,14.3,false
L,18,AR/86,07:20:00,KGV/86,07:23:00,347,3.0,false
L,18,KGV/86,07:23:00,SD/86,07:32:00,347,19.8,false
L,18,SD/86,07:34:00,HÅ/86,07:41:00,485,14.1,false
L,18,HÅ/86,07:41:00,HS/86,07:47:00,485,14.5,false
L,18,HS/86,07:49:00,HED/86,07:57:00,465,16.3,false
L,18,HED/86,07:57:00,VJ/86,08:04:00,465,15.1,false
L,18,VJ/86,08:06:00,BET/86,08:11:00,467,10.9,false
L,18,BET/86,08:11:00,FA/86,08:21:00,467,14.8,false
L,18,FA/86,08:27:00,SNO/86,08:29:00,454,4.3,true
L,18,SNO/86,08:29:00,OD/86,08:54:00,454,56.0,true
L,18,OD/86,08:57:00,MV/86,09:02:00,492,9.3,true
L,18,MV/86,09:02:00,KH/86,10:06:00,492,148.8,true
L,18,KH/86,10:18:00,BAN/86,10:21:00,119,2.4,true
L,18,BAN/86,10:21:00,CPH/86,10:32:00,119,9.4,true
L,19,CPH/86,05:26:00,TÅT/86,05:29:00,6,3.3,true
L,19,TÅT/86,05:29:00,KH/86,05:40:00,6,8.5,true
L,19,KH/86,05:52:00,GB/86,05:55:00,224,3.2,true
L,19,GB/86,05:55:00,OD/86,07:03:00,224,154.9,true
L,19,OD/86,07:06:00,HP/86,07:10:00,332,8.6,true
L,19,HP/86,07:10:00,FA/86,07:34:00,332,51.7,true
L,19,FA/86,07:38:00,BK/86,07:44:00,300,11.9,false
L,19,BK/86,07:44:00,VJ/86,07:51:00,300,13.8,false
L,19,VJ/86,07:53:00,HED/86,08:01:00,232,15.1,false
L,19,HED/86,08:01:00,HS/86,08:08:00,232,16.3,false
L,19,HS/86,08:10:00,HÅ/86,08:17:00,228,14.5,false
L,19,HÅ/86,08:17:00,SD/86,08:24:00,228,14.1,false
L,19,SD/86,08:25:00,HX/86,08:30:00,215,8.5,false
L,19,HX/86,08:30:00,AR/86,08:38:00,215,14.3,false
L,23,CPH/86,06:26:00,TÅT/86,06:29:00,6,3.3,true
L,23,TÅT/86,06:29:00,KH/86,06:40:00,6,8.5,true
L,23,KH/86,06:52:00,GB/86,06:55:00,414,3.2,true
L,23,GB/86,06:55:00,OD/86,08:03:00,414,154.9,true
L,23,OD/86,08:06:00,HP/86,08:10:00,346,8.6,true
L,23,HP/86,08:10:00,FA/86,08:34:00,346,51.7,true
L,23,FA/86,08:38:00,BK/86,08:44:00,253,11.9,false
L,23,BK/86,08:44:00,VJ/86,08:51:00,253,13.8,false
L,23,VJ/86,08:53:00,HED/86,09:01:00,226,15.1,false
L,23,HED/86,09:01:00,HS/86,09:08:00,226,16.3,false
L,23,HS/86,09:10:00,HÅ/86,09:17:00,220,14.5,false
L,23,HÅ/86,09:17:00,SD/86,09:24:00,220,14.1,false
L,23,SD/86,09:25:00,HX/86,09:30:00,197,8.5,false
L,23,HX/86,09:30:00,AR/86,09:38:00,197,14.3,false
L,26,AR/86,09:20:00,KGV/86,09:23:00,194,3.0,false
L,26,KGV/86,09:23:00,SD/86,09:32:00,194,19.8,false
L,26,SD/86,09:34:00,HÅ/86,09:41:00,219,14.1,false
L,26,HÅ/86,09:41:00,HS/86,09:47:00,219,14.5,false
L,26,HS/86,09:49:00,HED/86,09:57:00,226,16.3,false
L,26,HED/86,09:57:00,VJ/86,10:04:00,226,15.1,false
L,26,VJ/86,10:06:00,BET/86,10:11:00,257,10.9,false
L,26,BET/86,10:11:00,FA/86,10:21:00,257,14.8,false
L,26,FA/86,10:27:00,SNO/86,10:29:00,335,4.3,true
L,26,SNO/86,10:29:00,OD/86,10:54:00,335,56.0,true
L,26,OD/86,10:57:00,MV/86,11:02:00,373,9.3,true
L,26,MV/86,11:02:00,KH/86,12:06:00,373,148.8,true
L,26,KH/86,12:18:00,BAN/86,12:21:00,90,2.4,true
L,26,BAN/86,12:21:00,CPH/86,12:32:00,90,9.4,true
L,27,CPH/86,07:26:00,TÅT/86,07:29:00,17,3.3,true
L,27,TÅT/86,07:29:00,KH/86,07:40:00,17,8.5,true
L,27,KH/86,07:52:00,GB/86,07:55:00,482,3.2,true
L,27,GB/86,07:55:00,OD/86,09:03:00,482,154.9,true
L,27,OD/86,09:06:00,HP/86,09:10:00,282,8.6,true
L,27,HP/86,09:10:00,FA/86,09:34:00,282,51.7,true
L,27,FA/86,09:38:00,BK/86,09:44:00,231,11.9,false
L,27,BK/86,09:44:00,VJ/86,09:51:00,231,13.8,false
L,27,VJ/86,09:53:00,HED/86,10:01:00,195,15.1,false
L,27,HED/86,10:01:00,HS/86,10:08:00,195,16.3,false
L,27,HS/86,10:10:00,HÅ/86,10:17:00,189,14.5,false
L,27,HÅ/86,10:17:00,SD/86,10:24:00,189,14.1,false
L,27,SD/86,10:25:00,HX/86,10:30:00,166,8.5,false
L,27,HX/86,10:30:00,AR/86,10:38:00,166,14.3,false
L,42,AR/86,13:20:00,KGV/86,13:23:00,235,3.0,false
L,42,KGV/86,13:23:00,SD/86,13:32:00,235,19.8,false
L,42,SD/86,13:34:00,HÅ/86,13:41:00,248,14.1,false
L,42,HÅ/86,13:41:00,HS/86,13:47:00,248,14.5,false
L,42,HS/86,13:49:00,HED/86,13:57:00,267,16.3,false
L,42,HED/86,13:57:00,VJ/86,14:04:00,267,15.1,false
L,42,VJ/86,14:06:00,BET/86,14:11:00,298,10.9,false
L,42,BET/86,14:11:00,FA/86,14:21:00,298,14.8,false
L,42,FA/86,14:27:00,SNO/86,14:29:00,336,4.3,true
L,42,SNO/86,14:29:00,OD/86,14:54:00,336,56.0,true
L,42,OD/86,14:57:00,MV/86,15:02:00,419,9.3,true
L,42,MV/86,15:02:00,KH/86,16:06:00,419,148.8,true
L,42,KH/86,16:18:00,BAN/86,16:21:00,47,2.4,true
L,42,BAN/86,16:21:00,CPH/86,16:32:00,47,9.4,true
L,43,CPH/86,11:26:00,TÅT/86,11:29:00,40,3.3,true
L,43,TÅT/86,11:29:00,KH/86,11:40:00,40,8.5,true
L,43,KH/86,11:52:00,GB/86,11:55:00,324,3.2,true
L,43,GB/86,11:55:00,OD/86,13:03:00,324,154.9,true
L,43,OD/86,13:06:00,HP/86,13:10:00,309,8.6,true
L,43,HP/86,13:10:00,FA/86,13:34:00,309,51.7,true
L,43,FA/86,13:38:00,BK/86,13:44:00,278,11.9,false
L,43,BK/86,13:44:00,VJ/86,13:51:00,278,13.8,false
L,43,VJ/86,13:53:00,HED/86,14:01:00,261,15.1,false
L,43,HED/86,14:01:00,HS/86,14:08:00,261,16.3,false
L,43,HS/86,14:10:00,HÅ/86,14:17:00,256,14.5,false
L,43,HÅ/86,14:17:00,SD/86,14:24:00,256,14.1,false
L,43,SD/86,14:25:00,HX/86,14:30:00,237,8.5,false
L,43,HX/86,14:30:00,AR/86,14:38:00,237,14.3,false
L,46,AR/86,14:20:00,KGV/86,14:23:00,235,3.0,false
L,46,KGV/86,14:23:00,SD/86,14:32:00,235,19.8,false
L,46,SD/86,14:34:00,HÅ/86,14:41:00,243,14.1,false
L,46,HÅ/86,14:41:00,HS/86,14:47:00,243,14.5,false
L,46,HS/86,14:49:00,HED/86,14:57:00,247,16.3,false
L,46,HED/86,14:57:00,VJ/86,15:04:00,247,15.1,false
L,46,VJ/86,15:06:00,BET/86,15:11:00,264,10.9,false
L,46,BET/86,15:11:00,FA/86,15:21:00,264,14.8,false
L,46,FA/86,15:27:00,SNO/86,15:29:00,349,4.3,true
L,46,SNO/86,15:29:00,OD/86,15:54:00,349,56.0,true
L,46,OD/86,15:57:00,MV/86,16:02:00,409,9.3,true
L,46,MV/86,16:02:00,KH/86,17:06:00,409,148.8,true
L,46,KH/86,17:18:00,BAN/86,17:21:00,51,2.4,true
L,46,BAN/86,17:21:00,CPH/86,17:32:00,51,9.4,true
L,47,CPH/86,12:26:00,TÅT/86,12:29:00,51,3.3,true
L,47,TÅT/86,12:29:00,KH/86,12:40:00,51,8.5,true
L,47,KH/86,12:52:00,GB/86,12:55:00,347,3.2,true
L,47,GB/86,12:55:00,OD/86,14:03:00,347,154.9,true
L,47,OD/86,14:06:00,HP/86,14:10:00,365,8.6,true
L,47,HP/86,14:10:00,FA/86,14:34:00,365,51.7,true
L,47,FA/86,14:38:00,BK/86,14:44:00,383,11.9,false
L,47,BK/86,14:44:00,VJ/86,14:51:00,383,13.8,false
L,47,VJ/86,14:53:00,HED/86,15:01:00,305,15.1,false
L,47,HED/86,15:01:00,HS/86,15:08:00,305,16.3,false
L,47,HS/86,15:10:00,HÅ/86,15:17:00,305,14.5,false
L,47,HÅ/86,15:17:00,SD/86,15:24:00,305,14.1,false
L,47,SD/86,15:25:00,HX/86,15:30:00,293,8.5,false
L,47,HX/86,15:30:00,AR/86,15:38:00,293,14.3,false
L,50,AR/86,15:20:00,KGV/86,15:23:00,278,3.0,false
L,50,KGV/86,15:23:00,SD/86,15:32:00,278,19.8,false
L,50,SD/86,15:34:00,HÅ/86,15:41:00,293,14.1,false
L,50,HÅ/86,15:41:00,HS/86,15:47:00,293,14.5,false
L,50,HS/86,15:49:00,HED/86,15:57:00,306,16.3,false
L,50,HED/86,15:57:00,VJ/86,16:04:00,306,15.1,false
L,50,VJ/86,16:06:00,BET/86,16:11:00,360,10.9,false
L,50,BET/86,16:11:00,FA/86,16:21:00,360,14.8,false
L,50,FA/86,16:27:00,SNO/86,16:29:00,430,4.3,true
L,50,SNO/86,16:29:00,OD/86,16:54:00,430,56.0,true
L,50,OD/86,16:57:00,MV/86,17:02:00,494,9.3,true
L,50,MV/86,17:02:00,KH/86,18:06:00,494,148.8,true
L,50,KH/86,18:18:00,BAN/86,18:21:00,50,2.4,true
L,50,BAN/86,18:21:00,CPH/86,18:32:00,50,9.4,true
L,51,CPH/86,13:26:00,TÅT/86,13:29:00,54,3.3,true
L,51,TÅT/86,13:29:00,KH/86,13:40:00,54,8.5,true
L,51,KH/86,13:52:00,GB/86,13:55:00,384,3.2,true
L,51,GB/86,13:55:00,OD/86,15:03:00,384,154.9,true
L,51,OD/86,15:06:00,HP/86,15:10:00,386,8.6,true
L,51,HP/86,15:10:00,FA/86,15:34:00,386,51.7,true
L,51,FA/86,15:38:00,BK/86,15:44:00,322,11.9,false
L,51,BK/86,15:44:00,VJ/86,15:51:00,322,13.8,false
L,51,VJ/86,15:53:00,HED/86,16:01:00,298,15.1,false
L,51,HED/86,16:01:00,HS/86,16:08:00,298,16.3,false
L,51,HS/86,16:10:00,HÅ/86,16:17:00,295,14.5,false
L,51,HÅ/86,16:17:00,SD/86,16:24:00,295,14.1,false
L,51,SD/86,16:25:00,HX/86,16:30:00,265,8.5,false
L,51,HX/86,16:30:00,AR/86,16:38:00,265,14.3,false
L,54,AR/86,16:20:00,KGV/86,16:23:00,340,3.0,false
L,54,KGV/86,16:23:00,SD/86,16:32:00,340,19.8,false
L,54,SD/86,16:34:00,HÅ/86,16:41:00,339,14.1,false
L,54,HÅ/86,16:41:00,HS/86,16:47:00,339,14.5,false
L,54,HS/86,16:49:00,HED/86,16:57:00,336,16.3,false
L,54,HED/86,16:57:00,VJ/86,17:04:00,336,15.1,false
L,54,VJ/86,17:06:00,BET/86,17:11:00,385,10.9,false
L,54,BET/86,17:11:00,FA/86,17:21:00,385,14.8,false
L,54,FA/86,17:27:00,SNO/86,17:29:00,378,4.3,true
L,54,SNO/86,17:29:00,OD/86,17:54:00,378,56.0,true
L,54,OD/86,17:57:00,MV/86,18:02:00,393,9.3,true
L,54,MV/86,18:02:00,KH/86,19:06:00,393,148.8,true
L,54,KH/86,19:18:00,BAN/86,19:21:00,35,2.4,true
L,54,BAN/86,19:21:00,CPH/86,19:32:00,35,9.4,true
L,55,CPH/86,14:26:00,TÅT/86,14:29:00,54,3.3,true
L,55,TÅT/86,14:29:00,KH/86,14:40:00,54,8.5,true
L,55,KH/86,14:52:00,GB/86,14:55:00,441,3.2,true
L,55,GB/86,14:55:00,OD/86,16:03:00,441,154.9,true
L,55,OD/86,16:06:00,HP/86,16:10:00,392,8.6,true
L,55,HP/86,16:10:00,FA/86,16:34:00,392,51.7,true
L,55,FA/86,16:38:00,BK/86,16:44:00,379,11.9,false
L,55,BK/86,16:44:00,VJ/86,16:51:00,379,13.8,false
L,55,VJ/86,16:53:00,HED/86,17:01:00,330,15.1,false
L,55,HED/86,17:01:00,HS/86,17:08:00,330,16.3,false
L,55,HS/86,17:10:00,HÅ/86,17:17:00,329,14.5,false
L,55,HÅ/86,17:17:00,SD/86,17:24:00,329,14.1,false
L,55,SD/86,17:25:00,HX/86,17:30:00,288,8.5,false
L,55,HX/86,17:30:00,AR/86,17:38:00,288,14.3,false
L,59,CPH/86,15:26:00,TÅT/86,15:29:00,60,3.3,true
L,59,TÅT/86,15:29:00,KH/86,15:40:00,60,8.5,true
L,59,KH/86,15:52:00,GB/86,15:55:00,653,3.2,true
L,59,GB/86,15:55:00,OD/86,17:03:00,653,154.9,true
L,59,OD/86,17:06:00,HP/86,17:10:00,487,8.6,true
L,59,HP/86,17:10:00,FA/86,17:34:00,487,51.7,true
L,59,FA/86,17:38:00,BK/86,17:44:00,407,11.9,false
L,59,BK/86,17:44:00,VJ/86,17:51:00,407,13.8,false
L,59,VJ/86,17:53:00,HED/86,18:01:00,355,15.1,false
L,59,HED/86,18:01:00,HS/86,18:08:00,355,16.3,false
L,59,HS/86,18:10:00,HÅ/86,18:17:00,337,14.5,false
L,59,HÅ/86,18:17:00,SD/86,18:24:00,337,14.1,false
L,59,SD/86,18:25:00,HX/86,18:30:00,293,8.5,false
L,59,HX/86,18:30:00,AR/86,18:38:00,293,14.3,false
L,63,CPH/86,16:26:00,TÅT/86,16:29:00,50,3.3,true
L,63,TÅT/86,16:29:00,KH/86,16:40:00,50,8.5,true
L,63,KH/86,16:52:00,GB/86,16:55:00,589,3.2,true
L,63,GB/86,16:55:00,OD/86,18:03:00,589,154.9,true
L,63,OD/86,18:06:00,HP/86,18:10:00,470,8.6,true
L,63,HP/86,18:10:00,FA/86,18:34:00,470,51.7,true
L,63,FA/86,18:38:00,BK/86,18:44:00,364,11.9,false
L,63,BK/86,18:44:00,VJ/86,18:51:00,364,13.8,false
L,63,VJ/86,18:53:00,HED/86,19:01:00,337,15.1,false
L,63,HED/86,19:01:00,HS/86,19:08:00,337,16.3,false
L,63,HS/86,19:10:00,HÅ/86,19:17:00,319,14.5,false
L,63,HÅ/86,19:17:00,SD/86,19:24:00,319,14.1,false
L,63,SD/86,19:25:00,HX/86,19:30:00,264,8.5,false
L,63,HX/86,19:30:00,AR/86,19:38:00,264,14.3,false
L,75,CPH/86,19:26:00,TÅT/86,19:29:00,36,3.3,true
L,75,TÅT/86,19:29:00,KH/86,19:40:00,36,8.5,true
L,75,KH/86,19:52:00,GB/86,19:55:00,248,3.2,true
L,75,GB/86,19:55:00,OD/86,21:03:00,248,154.9,true
L,75,OD/86,21:06:00,HP/86,21:10:00,199,8.6,true
L,75,HP/86,21:10:00,FA/86,21:34:00,199,51.7,true
L,75,FA/86,21:38:00,BK/86,21:44:00,161,11.9,false
L,75,BK/86,21:44:00,VJ/86,21:51:00,161,13.8,false
L,75,VJ/86,21:53:00,HED/86,22:01:00,131,15.1,false
L,75,HED/86,22:01:00,HS/86,22:08:00,131,16.3,false
L,75,HS/86,22:10:00,HÅ/86,22:17:00,127,14.5,false
L,75,HÅ/86,22:17:00,SD/86,22:24:00,127,14.1,false
L,75,SD/86,22:25:00,HX/86,22:30:00,111,8.5,false
L,75,HX/86,22:30:00,AR/86,22:38:00,111,14.3,false
L,746,STR/86,13:04:00,HM/86,13:10:00,33,7.0,false
L,746,HM/86,13:11:00,HO/86,13:17:00,33,8.5,false
L,746,HO/86,13:18:00,TS/86,13:25:00,51,9.5,false
L,746,TS/86,13:25:00,UU/86,13:31:00,51,8.2,false
L,746,UU/86,13:31:00,ID/86,13:37:00,51,7.6,false
L,746,ID/86,13:40:00,IB/86,13:44:00,51,6.3,false
L,746,IB/86,13:44:00,GP/86,13:46:00,51,3.3,false
L,746,GP/86,13:47:00,HR/86,13:52:00,51,6.3,false
L,746,HR/86,13:59:00,KE/86,14:05:00,124,10.0,false
L,746,KE/86,14:05:00,BB/86,14:13:00,124,14.2,false
L,746,BB/86,14:14:00,TY/86,14:20:00,124,9.5,false
L,746,TY/86,14:21:00,GW/86,14:27:00,124,7.9,false
L,746,GW/86,14:28:00,GG/86,14:35:00,124,10.6,false
L,746,GG/86,14:35:00,JL/86,14:40:00,124,6.8,false
L,746,JL/86,14:40:00,GES/86,14:49:00,124,9.4,false
L,746,GES/86,14:49:00,VJS/86,14:52:00,124,3.6,false
L,746,VJS/86,14:53:00,VJ/86,14:55:00,124,1.0,false
L,746,VJ/86,14:58:00,BET/86,15:04:00,91,10.9,false
L,746,BET/86,15:04:00,FA/86,15:14:00,91,14.8,false
L,62,AR/86,18:20:00,KGV/86,18:23:00,147,3.0,false
L,62,KGV/86,18:23:00,SD/86,18:32:00,147,19.8,false
L,62,SD/86,18:34:00,HÅ/86,18:41:00,144,14.1,false
L,62,HÅ/86,18:41:00,HS/86,18:47:00,144,14.5,false
L,62,HS/86,18:49:00,HED/86,18:57:00,140,16.3,false
L,62,HED/86,18:57:00,VJ/86,19:04:00,140,15.1,false
L,62,VJ/86,19:06:00,BET/86,19:11:00,139,10.9,false
L,62,BET/86,19:11:00,FA/86,19:21:00,139,14.8,false
L,62,FA/86,19:27:00,SNO/86,19:29:00,166,4.3,true
L,62,SNO/86,19:29:00,OD/86,19:54:00,166,56.0,true
L,62,OD/86,19:57:00,MV/86,20:02:00,205,9.3,true
L,62,MV/86,20:02:00,KH/86,21:06:00,205,148.8,true
L,62,KH/86,21:18:00,BAN/86,21:21:00,62,2.4,true
L,62,BAN/86,21:21:00,CPH/86,21:32:00,62,9.4,true
L,22,AR/86,08:20:00,KGV/86,08:23:00,253,3.0,false
L,22,KGV/86,08:23:00,SD/86,08:32:00,253,19.8,false
L,22,SD/86,08:34:00,HÅ/86,08:41:00,275,14.1,false
L,22,HÅ/86,08:41:00,HS/86,08:47:00,275,14.5,false
L,22,HS/86,08:49:00,HED/86,08:57:00,280,16.3,false
L,22,HED/86,08:57:00,VJ/86,09:04:00,280,15.1,false
L,22,VJ/86,09:06:00,BET/86,09:11:00,268,10.9,false
L,22,BET/86,09:11:00,FA/86,09:21:00,268,14.8,false
L,22,FA/86,09:27:00,SNO/86,09:29:00,314,4.3,true
L,22,SNO/86,09:29:00,OD/86,09:54:00,314,56.0,true
L,22,OD/86,09:57:00,MV/86,10:02:00,337,9.3,true
L,22,MV/86,10:02:00,KH/86,11:06:00,337,148.8,true
L,22,KH/86,11:18:00,BAN/86,11:21:00,96,2.4,true
L,22,BAN/86,11:21:00,CPH/86,11:32:00,96,9.4,true
L,67,CPH/86,17:27:00,TÅT/86,17:30:00,47,3.3,true
L,67,TÅT/86,17:30:00,KH/86,17:40:00,47,8.5,true
L,67,KH/86,17:52:00,GB/86,17:55:00,380,3.2,true
L,67,GB/86,17:55:00,OD/86,19:03:00,380,154.9,true
L,67,OD/86,19:06:00,HP/86,19:10:00,315,8.6,true
L,67,HP/86,19:10:00,FA/86,19:34:00,315,51.7,true
L,67,FA/86,19:38:00,BK/86,19:44:00,270,11.9,false
L,67,BK/86,19:44:00,VJ/86,19:51:00,270,13.8,false
L,67,VJ/86,19:53:00,HED/86,20:01:00,233,15.1,false
L,67,HED/86,20:01:00,HS/86,20:08:00,233,16.3,false
L,67,HS/86,20:10:00,HÅ/86,20:17:00,227,14.5,false
L,67,HÅ/86,20:17:00,SD/86,20:24:00,227,14.1,false
L,67,SD/86,20:25:00,HX/86,20:30:00,201,8.5,false
L,67,HX/86,20:30:00,AR/86,20:38:00,201,14.3,false
L,723,FA/86,08:43:00,BK/86,08:49:00,67,11.9,false
L,723,BK/86,08:49:00,VJ/86,08:57:00,67,13.8,false
L,723,VJ/86,08:59:00,VJS/86,09:01:00,67,1.0,false
L,723,VJS/86,09:01:00,GES/86,09:06:00,67,3.6,false
L,723,GES/86,09:06:00,JL/86,09:16:00,67,9.4,false
L,723,JL/86,09:16:00,GG/86,09:21:00,67,6.8,false
L,723,GG/86,09:21:00,GW/86,09:28:00,67,10.6,false
L,723,GW/86,09:29:00,TY/86,09:34:00,67,7.9,false
L,723,TY/86,09:35:00,BB/86,09:41:00,67,9.5,false
L,723,BB/86,09:42:00,FT/86,09:46:00,67,7.8,false
L,723,FT/86,09:46:00,HR/86,09:56:00,67,16.4,false
L,723,HR/86,09:58:00,GP/86,10:03:00,22,6.3,false
L,723,GP/86,10:03:00,IB/86,10:06:00,22,3.3,false
L,723,IB/86,10:06:00,ID/86,10:10:00,22,6.3,false
L,723,ID/86,10:11:00,UU/86,10:16:00,22,7.6,false
L,723,UU/86,10:17:00,TS/86,10:23:00,22,8.2,false
L,723,TS/86,10:25:00,HO/86,10:32:00,22,9.5,false
L,723,HO/86,10:34:00,HM/86,10:40:00,9,8.5,false
L,723,HM/86,10:41:00,STR/86,10:48:00,9,7.0,false
L,58,AR/86,17:20:00,KGV/86,17:23:00,242,3.0,false
L,58,KGV/86,17:23:00,SD/86,17:32:00,242,19.8,false
L,58,SD/86,17:34:00,HÅ/86,17:41:00,249,14.1,false
L,58,HÅ/86,17:41:00,HS/86,17:47:00,249,14.5,false
L,58,HS/86,17:49:00,HED/86,17:57:00,251,16.3,false
L,58,HED/86,17:57:00,VJ/86,18:04:00,251,15.1,false
L,58,VJ/86,18:06:00,BET/86,18:11:00,280,10.9,false
L,58,BET/86,18:11:00,FA/86,18:21:00,280,14.8,false
L,58,FA/86,18:27:00,SNO/86,18:29:00,309,4.3,true
L,58,SNO/86,18:29:00,OD/86,18:54:00,309,56.0,true
L,58,OD/86,18:57:00,MV/86,19:02:00,302,9.3,true
L,58,MV/86,19:02:00,KH/86,20:06:00,302,148.8,true
L,58,KH/86,20:18:00,BAN/86,20:21:00,207,2.4,true
L,58,BAN/86,20:21:00,CPH/86,20:32:00,207,9.4,true
L,747,VJ/86,14:59:00,VJS/86,15:01:00,76,1.0,false
L,747,VJS/86,15:01:00,GES/86,15:06:00,76,3.6,false
L,747,GES/86,15:06:00,JL/86,15:16:00,76,9.4,false
L,747,JL/86,15:16:00,GG/86,15:21:00,76,6.8,false
L,747,GG/86,15:21:00,GW/86,15:28:00,76,10.6,false
L,747,GW/86,15:29:00,TY/86,15:34:00,76,7.9,false
L,747,TY/86,15:35:00,BB/86,15:41:00,76,9.5,false
L,747,BB/86,15:42:00,FT/86,15:46:00,76,7.8,false
L,747,FT/86,15:46:00,HR/86,15:56:00,76,16.4,false
L,747,HR/86,15:58:00,GP/86,16:03:00,42,6.3,false
L,747,GP/86,16:03:00,IB/86,16:06:00,42,3.3,false
L,747,IB/86,16:06:00,ID/86,16:10:00,42,6.3,false
L,747,ID/86,16:11:00,UU/86,16:16:00,42,7.6,false
L,747,UU/86,16:17:00,TS/86,16:23:00,42,8.2,false
L,747,TS/86,16:25:00,HO/86,16:32:00,42,9.5,false
L,747,HO/86,16:34:00,HM/86,16:40:00,15,8.5,false
L,747,HM/86,16:41:00,STR/86,16:48:00,15,7.0,false
L,763,FA/86,18:43:00,BK/86,18:49:00,96,11.9,false
L,763,BK/86,18:49:00,VJ/86,18:57:00,96,13.8,false
L,763,VJ/86,18:59:00,VJS/86,19:01:00,97,1.0,false
L,763,VJS/86,19:01:00,GES/86,19:06:00,97,3.6,false
L,763,GES/86,19:06:00,JL/86,19:16:00,97,9.4,false
L,763,JL/86,19:16:00,GG/86,19:21:00,97,6.8,false
L,763,GG/86,19:21:00,GW/86,19:28:00,97,10.6,false
L,763,GW/86,19:29:00,TY/86,19:34:00,97,7.9,false
L,763,TY/86,19:35:00,BB/86,19:41:00,97,9.5,false
L,763,BB/86,19:42:00,FT/86,19:46:00,97,7.8,false
L,763,FT/86,19:46:00,HR/86,19:56:00,97,16.4,false
L,763,HR/86,19:58:00,GP/86,20:03:00,60,6.3,false
L,763,GP/86,20:03:00,IB/86,20:06:00,60,3.3,false
L,763,IB/86,20:06:00,ID/86,20:10:00,60,6.3,false
L,763,ID/86,20:11:00,UU/86,20:16:00,60,7.6,false
L,763,UU/86,20:17:00,TS/86,20:23:00,60,8.2,false
L,763,TS/86,20:25:00,HO/86,20:32:00,60,9.5,false
L,763,HO/86,20:34:00,HM/86,20:40:00,44,8.5,false
L,763,HM/86,20:41:00,STR/86,20:48:00,44,7.0,false
L,722,STR/86,07:04:00,HM/86,07:10:00,26,7.0,false
L,722,HM/86,07:11:00,HO/86,07:17:00,26,8.5,false
L,722,HO/86,07:18:00,TS/86,07:25:00,50,9.5,false
L,722,TS/86,07:25:00,UU/86,07:31:00,50,8.2,false
L,722,UU/86,07:31:00,ID/86,07:37:00,50,7.6,false
L,722,ID/86,07:40:00,IB/86,07:44:00,50,6.3,false
L,722,IB/86,07:44:00,GP/86,07:46:00,50,3.3,false
L,722,GP/86,07:47:00,HR/86,07:52:00,50,6.3,false
L,722,HR/86,07:59:00,KE/86,08:05:00,75,10.0,false
L,722,KE/86,08:05:00,BB/86,08:13:00,75,14.2,false
L,722,BB/86,08:14:00,TY/86,08:20:00,75,9.5,false
L,722,TY/86,08:21:00,GW/86,08:27:00,75,7.9,false
L,722,GW/86,08:28:00,GG/86,08:35:00,75,10.6,false
L,722,GG/86,08:35:00,JL/86,08:40:00,75,6.8,false
L,722,JL/86,08:40:00,GES/86,08:49:00,75,9.4,false
L,722,GES/86,08:49:00,VJS/86,08:52:00,75,3.6,false
L,722,VJS/86,08:53:00,VJ/86,08:55:00,75,1.0,false
L,722,VJ/86,08:58:00,BET/86,09:04:00,71,10.9,false
L,722,BET/86,09:04:00,FA/86,09:14:00,71,14.8,false
L,943,FA/86,13:41:00,TL/86,13:46:00,87,8.6,true
L,943,TL/86,13:46:00,KD/86,13:52:00,87,11.3,true
L,943,KD/86,13:54:00,LK/86,14:01:00,105,12.9,true
L,943,LK/86,14:02:00,VM/86,14:06:00,98,6.0,true
L,943,VM/86,14:07:00,FZ/86,14:10:00,98,5.0,true
L,943,FZ/86,14:10:00,OJ/86,14:17:00,98,15.4,true
L,943,OJ/86,14:19:00,RQ/86,14:28:00,98,20.4,true
L,943,RQ/86,14:30:00,TE/86,14:38:00,98,15.7,true
L,943,TE/86,14:40:00,KW/86,14:47:00,48,9.9,true
L,943,KW/86,14:48:00,GST/86,14:58:00,48,15.0,true
L,943,GST/86,14:59:00,SDB/86,15:12:00,48,16.3,true
L,66,AR/86,19:20:00,KGV/86,19:23:00,104,3.0,false
L,66,KGV/86,19:23:00,SD/86,19:32:00,104,19.8,false
L,66,SD/86,19:34:00,HÅ/86,19:41:00,106,14.1,false
L,66,HÅ/86,19:41:00,HS/86,19:47:00,106,14.5,false
L,66,HS/86,19:49:00,HED/86,19:57:00,101,16.3,false
L,66,HED/86,19:57:00,VJ/86,20:04:00,101,15.1,false
L,66,VJ/86,20:06:00,BET/86,20:11:00,119,10.9,false
L,66,BET/86,20:11:00,FA/86,20:21:00,119,14.8,false
L,66,FA/86,20:27:00,SNO/86,20:29:00,117,4.3,true
L,66,SNO/86,20:29:00,OD/86,20:54:00,117,56.0,true
L,66,OD/86,20:57:00,MV/86,21:02:00,182,9.3,true
L,66,MV/86,21:02:00,KH/86,22:06:00,182,148.8,true
L,66,KH/86,22:18:00,BAN/86,22:21:00,25,2.4,true
L,66,BAN/86,22:21:00,CPH/86,22:32:00,25,9.4,true
L,70,AR/86,20:20:00,KGV/86,20:23:00,183,3.0,false
L,70,KGV/86,20:23:00,SD/86,20:32:00,183,19.8,false
L,70,SD/86,20:34:00,HÅ/86,20:41:00,181,14.1,false
L,70,HÅ/86,20:41:00,HS/86,20:47:00,181,14.5,false
L,70,HS/86,20:49:00,HED/86,20:57:00,178,16.3,false
L,70,HED/86,20:57:00,VJ/86,21:04:00,178,15.1,false
L,70,VJ/86,21:06:00,BET/86,21:11:00,173,10.9,false
L,70,BET/86,21:11:00,FA/86,21:21:00,173,14.8,false
L,70,FA/86,21:27:00,SNO/86,21:29:00,170,4.3,true
L,70,SNO/86,21:29:00,OD/86,21:54:00,170,56.0,true
L,70,OD/86,21:57:00,MV/86,22:02:00,166,9.3,true
L,70,MV/86,22:02:00,KH/86,23:06:00,166,148.8,true
L,70,KH/86,23:18:00,BAN/86,23:21:00,4,2.4,true
L,70,BAN/86,23:21:00,CPH/86,23:32:00,4,9.4,true
L,74,AR/86,21:20:00,KGV/86,21:23:00,32,3.0,false
L,74,KGV/86,21:23:00,SD/86,21:32:00,32,19.8,false
L,74,SD/86,21:34:00,HÅ/86,21:41:00,38,14.1,false
L,74,HÅ/86,21:41:00,HS/86,21:47:00,38,14.5,false
L,74,HS/86,21:49:00,HED/86,21:57:00,18,16.3,false
L,74,HED/86,21:57:00,VJ/86,22:04:00,18,15.1,false
L,74,VJ/86,22:06:00,BET/86,22:11:00,15,10.9,false
L,74,BET/86,22:11:00,FA/86,22:21:00,15,14.8,false
L,738,STR/86,11:04:00,HM/86,11:10:00,20,7.0,false
L,738,HM/86,11:11:00,HO/86,11:17:00,20,8.5,false
L,738,HO/86,11:18:00,TS/86,11:25:00,42,9.5,false
L,738,TS/86,11:25:00,UU/86,11:31:00,42,8.2,false
L,738,UU/86,11:31:00,ID/86,11:37:00,42,7.6,false
L,738,ID/86,11:40:00,IB/86,11:44:00,42,6.3,false
L,738,IB/86,11:44:00,GP/86,11:46:00,42,3.3,false
L,738,GP/86,11:47:00,HR/86,11:52:00,42,6.3,false
L,738,HR/86,11:59:00,KE/86,12:05:00,82,10.0,false
L,738,KE/86,12:05:00,BB/86,12:13:00,82,14.2,false
L,738,BB/86,12:14:00,TY/86,12:20:00,82,9.5,false
L,738,TY/86,12:21:00,GW/86,12:27:00,82,7.9,false
L,738,GW/86,12:28:00,GG/86,12:35:00,82,10.6,false
L,738,GG/86,12:35:00,JL/86,12:40:00,82,6.8,false
L,738,JL/86,12:40:00,GES/86,12:49:00,82,9.4,false
L,738,GES/86,12:49:00,VJS/86,12:52:00,82,3.6,false
L,738,VJS/86,12:53:00,VJ/86,12:55:00,82,1.0,false
L,738,VJ/86,12:58:00,BET/86,13:04:00,73,10.9,false
L,738,BET/86,13:04:00,FA/86,13:14:00,73,14.8,false
L,762,STR/86,17:04:00,HM/86,17:10:00,11,7.0,false
L,762,HM/86,17:11:00,HO/86,17:17:00,11,8.5,false
L,762,HO/86,17:18:00,TS/86,17:25:00,27,9.5,false
L,762,TS/86,17:25:00,UU/86,17:31:00,27,8.2,false
L,762,UU/86,17:31:00,ID/86,17:37:00,27,7.6,false
L,762,ID/86,17:40:00,IB/86,17:44:00,27,6.3,false
L,762,IB/86,17:44:00,GP/86,17:46:00,27,3.3,false
L,762,GP/86,17:47:00,HR/86,17:52:00,27,6.3,false
L,762,HR/86,17:59:00,KE/86,18:05:00,52,10.0,false
L,762,KE/86,18:05:00,BB/86,18:13:00,52,14.2,false
L,762,BB/86,18:14:00,TY/86,18:20:00,52,9.5,false
L,762,TY/86,18:21:00,GW/86,18:27:00,52,7.9,false
L,762,GW/86,18:28:00,GG/86,18:35:00,52,10.6,false
L,762,GG/86,18:35:00,JL/86,18:40:00,52,6.8,false
L,762,JL/86,18:40:00,GES/86,18:49:00,52,9.4,false
L,762,GES/86,18:49:00,VJS/86,18:52:00,52,3.6,false
L,762,VJS/86,18:53:00,VJ/86,18:55:00,52,1.0,false
L,762,VJ/86,18:58:00,BET/86,19:04:00,50,10.9,false
L,762,BET/86,19:04:00,FA/86,19:14:00,50,14.8,false
L,31,CPH/86,08:26:00,TÅT/86,08:29:00,43,3.3,true
L,31,TÅT/86,08:29:00,KH/86,08:40:00,43,8.5,true
L,31,KH/86,08:52:00,GB/86,08:55:00,350,3.2,true
L,31,GB/86,08:55:00,OD/86,10:03:00,350,154.9,true
L,31,OD/86,10:06:00,HP/86,10:10:00,294,8.6,true
L,31,HP/86,10:10:00,FA/86,10:34:00,294,51.7,true
L,31,FA/86,10:38:00,BK/86,10:44:00,227,11.9,false
L,31,BK/86,10:44:00,VJ/86,10:51:00,227,13.8,false
L,31,VJ/86,10:53:00,HED/86,11:01:00,218,15.1,false
L,31,HED/86,11:01:00,HS/86,11:08:00,218,16.3,false
L,31,HS/86,11:10:00,HÅ/86,11:17:00,209,14.5,false
L,31,HÅ/86,11:17:00,SD/86,11:24:00,209,14.1,false
L,31,SD/86,11:25:00,HX/86,11:30:00,190,8.5,false
L,31,HX/86,11:30:00,AR/86,11:38:00,190,14.3,false
L,35,CPH/86,09:26:00,TÅT/86,09:29:00,39,3.3,true
L,35,TÅT/86,09:29:00,KH/86,09:40:00,39,8.5,true
L,35,KH/86,09:52:00,GB/86,09:55:00,237,3.2,true
L,35,GB/86,09:55:00,OD/86,11:03:00,237,154.9,true
L,35,OD/86,11:06:00,HP/86,11:10:00,198,8.6,true
L,35,HP/86,11:10:00,FA/86,11:34:00,198,51.7,true
L,35,FA/86,11:38:00,BK/86,11:44:00,160,11.9,false
L,35,BK/86,11:44:00,VJ/86,11:51:00,160,13.8,false
L,35,VJ/86,11:53:00,HED/86,12:01:00,146,15.1,false
L,35,HED/86,12:01:00,HS/86,12:08:00,146,16.3,false
L,35,HS/86,12:10:00,HÅ/86,12:17:00,145,14.5,false
L,35,HÅ/86,12:17:00,SD/86,12:24:00,145,14.1,false
L,35,SD/86,12:25:00,HX/86,12:30:00,128,8.5,false
L,35,HX/86,12:30:00,AR/86,12:38:00,128,14.3,false
L,39,CPH/86,10:26:00,TÅT/86,10:29:00,41,3.3,true
L,39,TÅT/86,10:29:00,KH/86,10:40:00,41,8.5,true
L,39,KH/86,10:52:00,GB/86,10:55:00,322,3.2,true
L,39,GB/86,10:55:00,OD/86,12:03:00,322,154.9,true
L,39,OD/86,12:06:00,HP/86,12:10:00,290,8.6,true
L,39,HP/86,12:10:00,FA/86,12:34:00,290,51.7,true
L,39,FA/86,12:38:00,BK/86,12:44:00,295,11.9,false
L,39,BK/86,12:44:00,VJ/86,12:51:00,295,13.8,false
L,39,VJ/86,12:53:00,HED/86,13:01:00,263,15.1,false
L,39,HED/86,13:01:00,HS/86,13:08:00,263,16.3,false
L,39,HS/86,13:10:00,HÅ/86,13:17:00,254,14.5,false
L,39,HÅ/86,13:17:00,SD/86,13:24:00,254,14.1,false
L,39,SD/86,13:25:00,HX/86,13:30:00,230,8.5,false
L,39,HX/86,13:30:00,AR/86,13:38:00,230,14.3,false
L,79,CPH/86,20:26:00,TÅT/86,20:29:00,308,3.3,true
L,79,TÅT/86,20:29:00,KH/86,20:40:00,308,8.5,true
L,79,KH/86,20:52:00,GB/86,20:55:00,251,3.2,true
L,79,GB/86,20:55:00,OD/86,22:03:00,251,154.9,true
L,79,OD/86,22:06:00,HP/86,22:10:00,116,8.6,true
L,79,HP/86,22:10:00,FA/86,22:34:00,116,51.7,true
L,79,FA/86,22:38:00,BK/86,22:44:00,116,11.9,false
L,79,BK/86,22:44:00,VJ/86,22:51:00,116,13.8,false
L,79,VJ/86,22:53:00,HED/86,23:01:00,113,15.1,false
L,79,HED/86,23:01:00,HS/86,23:08:00,113,16.3,false
L,79,HS/86,23:10:00,HÅ/86,23:17:00,115,14.5,false
L,79,HÅ/86,23:17:00,SD/86,23:24:00,115,14.1,false
L,79,SD/86,23:25:00,HX/86,23:30:00,114,8.5,false
L,79,HX/86,23:30:00,AR/86,23:38:00,114,14.3,false
L,659,KH/86,15:22:00,GB/86,15:25:00,176,3.2,true
L,659,GB/86,15:25:00,OD/86,16:33:00,176,154.9,true
L,659,OD/86,16:36:00,HP/86,16:41:00,42,8.6,true
L,659,HP/86,16:41:00,FA/86,17:07:00,42,51.7,true
L,30,AR/86,10:20:00,KGV/86,10:23:00,212,3.0,false
L,30,KGV/86,10:23:00,SD/86,10:32:00,212,19.8,false
L,30,SD/86,10:34:00,HÅ/86,10:41:00,235,14.1,false
L,30,HÅ/86,10:41:00,HS/86,10:47:00,235,14.5,false
L,30,HS/86,10:49:00,HED/86,10:57:00,253,16.3,false
L,30,HED/86,10:57:00,VJ/86,11:04:00,253,15.1,false
L,30,VJ/86,11:06:00,BET/86,11:11:00,278,10.9,false
L,30,BET/86,11:11:00,FA/86,11:21:00,278,14.8,false
L,30,FA/86,11:27:00,SNO/86,11:29:00,274,4.3,true
L,30,SNO/86,11:29:00,OD/86,11:54:00,274,56.0,true
L,30,OD/86,11:57:00,MV/86,12:02:00,333,9.3,true
L,30,MV/86,12:02:00,KH/86,13:06:00,333,148.8,true
L,30,KH/86,13:18:00,BAN/86,13:21:00,59,2.4,true
L,30,BAN/86,13:21:00,CPH/86,13:32:00,59,9.4,true
L,34,AR/86,11:20:00,KGV/86,11:23:00,202,3.0,false
L,34,KGV/86,11:23:00,SD/86,11:32:00,202,19.8,false
L,34,SD/86,11:34:00,HÅ/86,11:41:00,214,14.1,false
L,34,HÅ/86,11:41:00,HS/86,11:47:00,214,14.5,false
L,34,HS/86,11:49:00,HED/86,11:57:00,226,16.3,false
L,34,HED/86,11:57:00,VJ/86,12:04:00,226,15.1,false
L,34,VJ/86,12:06:00,BET/86,12:11:00,248,10.9,false
L,34,BET/86,12:11:00,FA/86,12:21:00,248,14.8,false
L,34,FA/86,12:27:00,SNO/86,12:29:00,302,4.3,true
L,34,SNO/86,12:29:00,OD/86,12:54:00,302,56.0,true
L,34,OD/86,12:57:00,MV/86,13:02:00,348,9.3,true
L,34,MV/86,13:02:00,KH/86,14:06:00,348,148.8,true
L,34,KH/86,14:18:00,BAN/86,14:21:00,70,2.4,true
L,34,BAN/86,14:21:00,CPH/86,14:32:00,70,9.4,true
L,38,AR/86,12:20:00,KGV/86,12:23:00,198,3.0,false
L,38,KGV/86,12:23:00,SD/86,12:32:00,198,19.8,false
L,38,SD/86,12:34:00,HÅ/86,12:41:00,214,14.1,false
L,38,HÅ/86,12:41:00,HS/86,12:47:00,214,14.5,false
L,38,HS/86,12:49:00,HED/86,12:57:00,221,16.3,false
L,38,HED/86,12:57:00,VJ/86,13:04:00,221,15.1,false
L,38,VJ/86,13:06:00,BET/86,13:11:00,229,10.9,false
L,38,BET/86,13:11:00,FA/86,13:21:00,229,14.8,false
L,38,FA/86,13:27:00,SNO/86,13:29:00,289,4.3,true
L,38,SNO/86,13:29:00,OD/86,13:54:00,289,56.0,true
L,38,OD/86,13:57:00,MV/86,14:02:00,388,9.3,true
L,38,MV/86,14:02:00,KH/86,15:06:00,388,148.8,true
L,38,KH/86,15:18:00,BAN/86,15:21:00,67,2.4,true
L,38,BAN/86,15:21:00,CPH/86,15:32:00,67,9.4,true
L,911,FA/86,05:41:00,TL/86,05:46:00,11,8.6,true
L,911,TL/86,05:46:00,KD/86,05:52:00,11,11.3,true
L,911,KD/86,05:54:00,LK/86,06:01:00,13,12.9,true
L,911,LK/86,06:02:00,VM/86,06:06:00,12,6.0,true
L,911,VM/86,06:07:00,FZ/86,06:10:00,12,5.0,true
L,911,FZ/86,06:10:00,OJ/86,06:17:00,12,15.4,true
L,911,OJ/86,06:19:00,RQ/86,06:28:00,12,20.4,true
L,911,RQ/86,06:30:00,TE/86,06:38:00,12,15.7,true
L,911,TE/86,06:40:00,KW/86,06:47:00,9,9.9,true
L,911,KW/86,06:48:00,GST/86,06:58:00,9,15.0,true
L,911,GST/86,06:59:00,SDB/86,07:12:00,9,16.3,true
L,919,FA/86,07:41:00,TL/86,07:46:00,64,8.6,true
L,919,TL/86,07:46:00,KD/86,07:52:00,64,11.3,true
L,919,KD/86,07:54:00,LK/86,08:01:00,43,12.9,true
L,919,LK/86,08:02:00,VM/86,08:06:00,44,6.0,true
L,919,VM/86,08:07:00,FZ/86,08:10:00,44,5.0,true
L,919,FZ/86,08:10:00,OJ/86,08:17:00,44,15.4,true
L,919,OJ/86,08:19:00,RQ/86,08:28:00,44,20.4,true
L,919,RQ/86,08:30:00,TE/86,08:38:00,44,15.7,true
L,919,TE/86,08:40:00,KW/86,08:47:00,24,9.9,true
L,919,KW/86,08:48:00,GST/86,08:58:00,24,15.0,true
L,919,GST/86,08:59:00,SDB/86,09:12:00,24,16.3,true
L,927,FA/86,09:41:00,TL/86,09:46:00,64,8.6,true
L,927,TL/86,09:46:00,KD/86,09:52:00,64,11.3,true
L,927,KD/86,09:54:00,LK/86,10:01:00,57,12.9,true
L,927,LK/86,10:02:00,VM/86,10:06:00,57,6.0,true
L,927,VM/86,10:07:00,FZ/86,10:10:00,57,5.0,true
L,927,FZ/86,10:10:00,OJ/86,10:17:00,57,15.4,true
L,927,OJ/86,10:19:00,RQ/86,10:28:00,57,20.4,true
L,927,RQ/86,10:30:00,TE/86,10:38:00,57,15.7,true
L,927,TE/86,10:40:00,KW/86,10:47:00,32,9.9,true
L,927,KW/86,10:48:00,GST/86,10:58:00,32,15.0,true
L,927,GST/86,10:59:00,SDB/86,11:12:00,32,16.3,true
L,935,FA/86,11:41:00,TL/86,11:46:00,59,8.6,true
L,935,TL/86,11:46:00,KD/86,11:52:00,59,11.3,true
L,935,KD/86,11:54:00,LK/86,12:01:00,63,12.9,true
L,935,LK/86,12:02:00,VM/86,12:06:00,59,6.0,true
L,935,VM/86,12:07:00,FZ/86,12:10:00,59,5.0,true
L,935,FZ/86,12:10:00,OJ/86,12:17:00,59,15.4,true
L,935,OJ/86,12:19:00,RQ/86,12:28:00,59,20.4,true
L,935,RQ/86,12:30:00,TE/86,12:38:00,59,15.7,true
L,935,TE/86,12:40:00,KW/86,12:47:00,32,9.9,true
L,935,KW/86,12:48:00,GST/86,12:58:00,32,15.0,true
L,935,GST/86,12:59:00,SDB/86,13:12:00,32,16.3,true
L,951,FA/86,15:41:00,TL/86,15:46:00,98,8.6,true
L,951,TL/86,15:46:00,KD/86,15:52:00,98,11.3,true
L,951,KD/86,15:54:00,LK/86,16:01:00,111,12.9,true
L,951,LK/86,16:02:00,VM/86,16:06:00,106,6.0,true
L,951,VM/86,16:07:00,FZ/86,16:10:00,106,5.0,true
L,951,FZ/86,16:10:00,OJ/86,16:17:00,106,15.4,true
L,951,OJ/86,16:19:00,RQ/86,16:28:00,106,20.4,true
L,951,RQ/86,16:30:00,TE/86,16:38:00,106,15.7,true
L,951,TE/86,16:40:00,KW/86,16:47:00,46,9.9,true
L,951,KW/86,16:48:00,GST/86,16:58:00,46,15.0,true
L,951,GST/86,16:59:00,SDB/86,17:12:00,46,16.3,true
L,959,FA/86,17:41:00,TL/86,17:46:00,109,8.6,true
L,959,TL/86,17:46:00,KD/86,17:52:00,109,11.3,true
L,959,KD/86,17:54:00,LK/86,18:01:00,105,12.9,true
L,959,LK/86,18:02:00,VM/86,18:06:00,101,6.0,true
L,959,VM/86,18:07:00,FZ/86,18:10:00,101,5.0,true
L,959,FZ/86,18:10:00,OJ/86,18:17:00,101,15.4,true
L,959,OJ/86,18:19:00,RQ/86,18:28:00,101,20.4,true
L,959,RQ/86,18:30:00,TE/86,18:38:00,101,15.7,true
L,959,TE/86,18:40:00,KW/86,18:47:00,45,9.9,true
L,959,KW/86,18:48:00,GST/86,18:58:00,45,15.0,true
L,959,GST/86,18:59:00,SDB/86,19:12:00,45,16.3,true
L,967,FA/86,19:41:00,TL/86,19:46:00,63,8.6,true
L,967,TL/86,19:46:00,KD/86,19:52:00,63,11.3,true
L,967,KD/86,19:54:00,LK/86,20:01:00,65,12.9,true
L,967,LK/86,20:02:00,VM/86,20:06:00,63,6.0,true
L,967,VM/86,20:07:00,FZ/86,20:10:00,63,5.0,true
L,967,FZ/86,20:10:00,OJ/86,20:17:00,63,15.4,true
L,967,OJ/86,20:19:00,RQ/86,20:28:00,63,20.4,true
L,967,RQ/86,20:30:00,TE/86,20:38:00,63,15.7,true
L,967,TE/86,20:40:00,KW/86,20:47:00,32,9.9,true
L,967,KW/86,20:48:00,GST/86,20:58:00,32,15.0,true
L,967,GST/86,20:59:00,SDB/86,21:12:00,32,16.3,true
L,975,FA/86,21:41:00,TL/86,21:46:00,43,8.6,true
L,975,TL/86,21:46:00,KD/86,21:52:00,43,11.3,true
L,975,KD/86,21:54:00,LK/86,22:01:00,39,12.9,true
L,975,LK/86,22:02:00,VM/86,22:06:00,38,6.0,true
L,975,VM/86,22:07:00,FZ/86,22:10:00,38,5.0,true
L,975,FZ/86,22:10:00,OJ/86,22:17:00,38,15.4,true
L,975,OJ/86,22:19:00,RQ/86,22:28:00,38,20.4,true
L,975,RQ/86,22:30:00,TE/86,22:38:00,38,15.7,true
L,975,TE/86,22:40:00,KW/86,22:47:00,16,9.9,true
L,975,KW/86,22:48:00,GST/86,22:58:00,16,15.0,true
L,975,GST/86,22:59:00,SDB/86,23:12:00,16,16.3,true
L,926,SDB/86,08:44:00,GST/86,08:56:00,39,16.3,true
L,926,GST/86,08:59:00,KW/86,09:09:00,39,15.0,true
L,926,KW/86,09:10:00,TE/86,09:17:00,39,9.9,true
L,926,TE/86,09:19:00,RQ/86,09:27:00,84,15.7,true
L,926,RQ/86,09:29:00,OJ/86,09:38:00,84,20.4,true
L,926,OJ/86,09:39:00,SST/86,09:44:00,84,7.4,true
L,926,SST/86,09:44:00,VM/86,09:49:00,84,13.0,true
L,926,VM/86,09:50:00,LK/86,09:55:00,84,6.0,true
L,926,LK/86,09:56:00,KD/86,10:03:00,87,12.9,true
L,926,KD/86,10:05:00,TL/86,10:11:00,83,11.3,true
L,926,TL/86,10:11:00,FA/86,10:17:00,83,8.6,true
L,934,SDB/86,10:44:00,GST/86,10:56:00,39,16.3,true
L,934,GST/86,10:59:00,KW/86,11:09:00,39,15.0,true
L,934,KW/86,11:10:00,TE/86,11:17:00,39,9.9,true
L,934,TE/86,11:19:00,RQ/86,11:27:00,71,15.7,true
L,934,RQ/86,11:29:00,OJ/86,11:38:00,71,20.4,true
L,934,OJ/86,11:39:00,SST/86,11:44:00,71,7.4,true
L,934,SST/86,11:44:00,VM/86,11:49:00,71,13.0,true
L,934,VM/86,11:50:00,LK/86,11:55:00,71,6.0,true
L,934,LK/86,11:56:00,KD/86,12:03:00,73,12.9,true
L,934,KD/86,12:05:00,TL/86,12:11:00,72,11.3,true
L,934,TL/86,12:11:00,FA/86,12:17:00,72,8.6,true
L,942,SDB/86,12:44:00,GST/86,12:56:00,31,16.3,true
L,942,GST/86,12:59:00,KW/86,13:09:00,31,15.0,true
L,942,KW/86,13:10:00,TE/86,13:17:00,31,9.9,true
L,942,TE/86,13:19:00,RQ/86,13:27:00,56,15.7,true
L,942,RQ/86,13:29:00,OJ/86,13:38:00,56,20.4,true
L,942,OJ/86,13:39:00,SST/86,13:44:00,56,7.4,true
L,942,SST/86,13:44:00,VM/86,13:49:00,56,13.0,true
L,942,VM/86,13:50:00,LK/86,13:55:00,56,6.0,true
L,942,LK/86,13:56:00,KD/86,14:03:00,58,12.9,true
L,942,KD/86,14:05:00,TL/86,14:11:00,67,11.3,true
L,942,TL/86,14:11:00,FA/86,14:17:00,67,8.6,true
L,950,SDB/86,14:44:00,GST/86,14:56:00,41,16.3,true
L,950,GST/86,14:59:00,KW/86,15:09:00,41,15.0,true
L,950,KW/86,15:10:00,TE/86,15:17:00,41,9.9,true
L,950,TE/86,15:19:00,RQ/86,15:27:00,74,15.7,true
L,950,RQ/86,15:29:00,OJ/86,15:38:00,74,20.4,true
L,950,OJ/86,15:39:00,SST/86,15:44:00,74,7.4,true
L,950,SST/86,15:44:00,VM/86,15:49:00,74,13.0,true
L,950,VM/86,15:50:00,LK/86,15:55:00,74,6.0,true
L,950,LK/86,15:56:00,KD/86,16:03:00,72,12.9,true
L,950,KD/86,16:05:00,TL/86,16:11:00,78,11.3,true
L,950,TL/86,16:11:00,FA/86,16:17:00,78,8.6,true
L,958,SDB/86,16:44:00,GST/86,16:56:00,32,16.3,true
L,958,GST/86,16:59:00,KW/86,17:09:00,32,15.0,true
L,958,KW/86,17:10:00,TE/86,17:17:00,32,9.9,true
L,958,TE/86,17:19:00,RQ/86,17:27:00,55,15.7,true
L,958,RQ/86,17:29:00,OJ/86,17:38:00,55,20.4,true
L,958,OJ/86,17:39:00,SST/86,17:44:00,55,7.4,true
L,958,SST/86,17:44:00,VM/86,17:49:00,55,13.0,true
L,958,VM/86,17:50:00,LK/86,17:55:00,55,6.0,true
L,958,LK/86,17:56:00,KD/86,18:03:00,54,12.9,true
L,958,KD/86,18:05:00,TL/86,18:11:00,53,11.3,true
L,958,TL/86,18:11:00,FA/86,18:17:00,53,8.6,true
L,966,SDB/86,18:44:00,GST/86,18:56:00,13,16.3,true
L,966,GST/86,18:59:00,KW/86,19:09:00,13,15.0,true
L,966,KW/86,19:10:00,TE/86,19:17:00,13,9.9,true
L,966,TE/86,19:19:00,RQ/86,19:27:00,24,15.7,true
L,966,RQ/86,19:29:00,OJ/86,19:38:00,24,20.4,true
L,966,OJ/86,19:39:00,SST/86,19:44:00,24,7.4,true
L,966,SST/86,19:44:00,VM/86,19:49:00,24,13.0,true
L,966,VM/86,19:50:00,LK/86,19:55:00,24,6.0,true
L,966,LK/86,19:56:00,KD/86,20:03:00,25,12.9,true
L,966,KD/86,20:05:00,TL/86,20:11:00,32,11.3,true
L,966,TL/86,20:11:00,FA/86,20:17:00,32,8.6,true
L,910,SDB/86,04:44:00,GST/86,04:56:00,14,16.3,true
L,910,GST/86,04:59:00,KW/86,05:09:00,14,15.0,true
L,910,KW/86,05:10:00,TE/86,05:17:00,14,9.9,true
L,910,TE/86,05:19:00,RQ/86,05:27:00,51,15.7,true
L,910,RQ/86,05:29:00,OJ/86,05:38:00,51,20.4,true
L,910,OJ/86,05:39:00,SST/86,05:44:00,51,7.4,true
L,910,SST/86,05:44:00,VM/86,05:49:00,51,13.0,true
L,910,VM/86,05:50:00,LK/86,05:55:00,51,6.0,true
L,910,LK/86,05:56:00,KD/86,06:03:00,56,12.9,true
L,910,KD/86,06:05:00,TL/86,06:11:00,67,11.3,true
L,910,TL/86,06:11:00,FA/86,06:17:00,67,8.6,true
L,918,SDB/86,06:44:00,GST/86,06:56:00,32,16.3,true
L,918,GST/86,06:59:00,KW/86,07:09:00,32,15.0,true
L,918,KW/86,07:10:00,TE/86,07:17:00,32,9.9,true
L,918,TE/86,07:19:00,RQ/86,07:27:00,83,15.7,true
L,918,RQ/86,07:29:00,OJ/86,07:38:00,83,20.4,true
L,918,OJ/86,07:39:00,SST/86,07:44:00,83,7.4,true
L,918,SST/86,07:44:00,VM/86,07:49:00,83,13.0,true
L,918,VM/86,07:50:00,LK/86,07:55:00,83,6.0,true
L,918,LK/86,07:56:00,KD/86,08:03:00,87,12.9,true
L,918,KD/86,08:05:00,TL/86,08:11:00,76,11.3,true
L,918,TL/86,08:11:00,FA/86,08:17:00,76,8.6,true
L,608,OD/86,06:19:00,MV/86,06:23:00,174,9.3,true
L,608,MV/86,06:23:00,NG/86,06:31:00,174,19.4,true
L,608,NG/86,06:33:00,SPR/86,06:39:00,247,11.4,true
L,608,SPR/86,06:39:00,SG/86,06:51:00,247,27.3,true
L,608,SG/86,06:53:00,SO/86,07:00:00,368,14.6,true
L,608,SO/86,07:00:00,KH/86,07:38:00,368,76.1,true
L,4014,AB/86,05:03:00,OG/86,05:05:00,23,4.3,false
L,4014,OG/86,05:05:00,HB/86,05:25:00,23,45.1,false
L,4014,HB/86,05:26:00,FP/86,05:34:00,43,16.6,false
L,4014,FP/86,05:34:00,RD/86,05:40:00,43,14.7,false
L,4014,RD/86,05:42:00,LG/86,05:49:00,74,13.4,false
L,4014,LG/86,05:49:00,AR/86,06:12:00,74,45.7,false
L,4018,AB/86,06:03:00,OG/86,06:05:00,29,4.3,false
L,4018,OG/86,06:05:00,HB/86,06:25:00,29,45.1,false
L,4018,HB/86,06:26:00,FP/86,06:34:00,102,16.6,false
L,4018,FP/86,06:34:00,RD/86,06:41:00,102,14.7,false
L,4018,RD/86,06:43:00,LG/86,06:50:00,197,13.4,false
L,4018,LG/86,06:50:00,AR/86,07:13:00,197,45.7,false
L,4022,ABL/86,06:46:00,LIH/86,06:49:00,2,2.5,false
L,4022,LIH/86,06:50:00,ABV/86,06:53:00,22,1.8,false
L,4022,ABV/86,06:54:00,AB/86,06:58:00,22,1.2,false
L,4022,AB/86,07:03:00,OG/86,07:05:00,92,4.3,false
L,4022,OG/86,07:05:00,HB/86,07:25:00,92,45.1,false
L,4022,HB/86,07:26:00,FP/86,07:34:00,158,16.6,false
L,4022,FP/86,07:34:00,RD/86,07:41:00,158,14.7,false
L,4022,RD/86,07:43:00,LG/86,07:50:00,234,13.4,false
L,4022,LG/86,07:50:00,AR/86,08:13:00,234,45.7,false
L,4026,ABL/86,07:46:00,LIH/86,07:49:00,4,2.5,false
L,4026,LIH/86,07:50:00,ABV/86,07:53:00,19,1.8,false
L,4026,ABV/86,07:54:00,AB/86,07:58:00,19,1.2,false
L,4026,AB/86,08:03:00,OG/86,08:05:00,60,4.3,false
L,4026,OG/86,08:05:00,HB/86,08:25:00,60,45.1,false
L,4026,HB/86,08:26:00,FP/86,08:34:00,108,16.6,false
L,4026,FP/86,08:34:00,RD/86,08:41:00,108,14.7,false
L,4026,RD/86,08:43:00,LG/86,08:50:00,141,13.4,false
L,4026,LG/86,08:50:00,AR/86,09:13:00,141,45.7,false
L,4030,ABL/86,08:46:00,LIH/86,08:49:00,4,2.5,false
L,4030,LIH/86,08:50:00,ABV/86,08:53:00,12,1.8,false
L,4030,ABV/86,08:54:00,AB/86,08:58:00,12,1.2,false
L,4030,AB/86,09:03:00,OG/86,09:05:00,62,4.3,false
L,4030,OG/86,09:05:00,HB/86,09:25:00,62,45.1,false
L,4030,HB/86,09:26:00,FP/86,09:34:00,96,16.6,false
L,4030,FP/86,09:34:00,RD/86,09:41:00,96,14.7,false
L,4030,RD/86,09:43:00,LG/86,09:50:00,119,13.4,false
L,4030,LG/86,09:50:00,AR/86,10:13:00,119,45.7,false
L,4034,ABL/86,09:46:00,LIH/86,09:49:00,4,2.5,false
L,4034,LIH/86,09:50:00,ABV/86,09:53:00,9,1.8,false
L,4034,ABV/86,09:54:00,AB/86,09:58:00,9,1.2,false
L,4034,AB/86,10:03:00,OG/86,10:05:00,70,4.3,false
L,4034,OG/86,10:05:00,HB/86,10:25:00,70,45.1,false
L,4034,HB/86,10:26:00,FP/86,10:34:00,103,16.6,false
L,4034,FP/86,10:34:00,RD/86,10:41:00,103,14.7,false
L,4034,RD/86,10:43:00,LG/86,10:50:00,125,13.4,false
L,4034,LG/86,10:50:00,AR/86,11:13:00,125,45.7,false
L,4038,ABL/86,10:46:00,LIH/86,10:49:00,5,2.5,false
L,4038,LIH/86,10:50:00,ABV/86,10:53:00,9,1.8,false
L,4038,ABV/86,10:54:00,AB/86,10:58:00,9,1.2,false
L,4038,AB/86,11:03:00,OG/86,11:05:00,52,4.3,false
L,4038,OG/86,11:05:00,HB/86,11:25:00,52,45.1,false
L,4038,HB/86,11:26:00,FP/86,11:34:00,85,16.6,false
L,4038,FP/86,11:34:00,RD/86,11:41:00,85,14.7,false
L,4038,RD/86,11:43:00,LG/86,11:50:00,106,13.4,false
L,4038,LG/86,11:50:00,AR/86,12:13:00,106,45.7,false
L,4042,ABL/86,11:46:00,LIH/86,11:49:00,5,2.5,false
L,4042,LIH/86,11:50:00,ABV/86,11:53:00,10,1.8,false
L,4042,ABV/86,11:54:00,AB/86,11:58:00,10,1.2,false
L,4042,AB/86,12:03:00,OG/86,12:05:00,52,4.3,false
L,4042,OG/86,12:05:00,HB/86,12:25:00,52,45.1,false
L,4042,HB/86,12:26:00,FP/86,12:34:00,90,16.6,false
L,4042,FP/86,12:34:00,RD/86,12:41:00,90,14.7,false
L,4042,RD/86,12:43:00,LG/86,12:50:00,109,13.4,false
L,4042,LG/86,12:50:00,AR/86,13:13:00,109,45.7,false
L,4046,ABL/86,12:46:00,LIH/86,12:49:00,2,2.5,false
L,4046,LIH/86,12:50:00,ABV/86,12:53:00,7,1.8,false
L,4046,ABV/86,12:54:00,AB/86,12:58:00,7,1.2,false
L,4046,AB/86,13:03:00,OG/86,13:05:00,50,4.3,false
L,4046,OG/86,13:05:00,HB/86,13:25:00,50,45.1,false
L,4046,HB/86,13:26:00,FP/86,13:34:00,94,16.6,false
L,4046,FP/86,13:34:00,RD/86,13:41:00,94,14.7,false
L,4046,RD/86,13:43:00,LG/86,13:50:00,111,13.4,false
L,4046,LG/86,13:50:00,AR/86,14:13:00,111,45.7,false
L,4050,ABL/86,13:46:00,LIH/86,13:49:00,2,2.5,false
L,4050,LIH/86,13:50:00,ABV/86,13:53:00,9,1.8,false
L,4050,ABV/86,13:54:00,AB/86,13:58:00,9,1.2,false
L,4050,AB/86,14:03:00,OG/86,14:05:00,66,4.3,false
L,4050,OG/86,14:05:00,HB/86,14:25:00,66,45.1,false
L,4050,HB/86,14:26:00,FP/86,14:34:00,95,16.6,false
L,4050,FP/86,14:34:00,RD/86,14:41:00,95,14.7,false
L,4050,RD/86,14:43:00,LG/86,14:50:00,123,13.4,false
L,4050,LG/86,14:50:00,AR/86,15:13:00,123,45.7,false
L,4054,ABL/86,14:46:00,LIH/86,14:49:00,5,2.5,false
L,4054,LIH/86,14:50:00,ABV/86,14:53:00,16,1.8,false
L,4054,ABV/86,14:54:00,AB/86,14:58:00,16,1.2,false
L,4054,AB/86,15:03:00,OG/86,15:05:00,94,4.3,false
L,4054,OG/86,15:05:00,HB/86,15:25:00,94,45.1,false
L,4054,HB/86,15:26:00,FP/86,15:34:00,142,16.6,false
L,4054,FP/86,15:34:00,RD/86,15:41:00,142,14.7,false
L,4054,RD/86,15:43:00,LG/86,15:50:00,169,13.4,false
L,4054,LG/86,15:50:00,AR/86,16:13:00,169,45.7,false
L,4058,ABL/86,15:46:00,LIH/86,15:49:00,5,2.5,false
L,4058,LIH/86,15:50:00,ABV/86,15:53:00,12,1.8,false
L,4058,ABV/86,15:54:00,AB/86,15:58:00,12,1.2,false
L,4058,AB/86,16:03:00,OG/86,16:05:00,105,4.3,false
L,4058,OG/86,16:05:00,HB/86,16:25:00,105,45.1,false
L,4058,HB/86,16:26:00,FP/86,16:34:00,136,16.6,false
L,4058,FP/86,16:34:00,RD/86,16:41:00,136,14.7,false
L,4058,RD/86,16:43:00,LG/86,16:50:00,160,13.4,false
L,4058,LG/86,16:50:00,AR/86,17:13:00,160,45.7,false
L,4062,ABL/86,16:46:00,LIH/86,16:49:00,3,2.5,false
L,4062,LIH/86,16:50:00,ABV/86,16:53:00,11,1.8,false
L,4062,ABV/86,16:54:00,AB/86,16:58:00,11,1.2,false
L,4062,AB/86,17:03:00,OG/86,17:05:00,55,4.3,false
L,4062,OG/86,17:05:00,HB/86,17:25:00,55,45.1,false
L,4062,HB/86,17:26:00,FP/86,17:34:00,77,16.6,false
L,4062,FP/86,17:34:00,RD/86,17:41:00,77,14.7,false
L,4062,RD/86,17:43:00,LG/86,17:50:00,90,13.4,false
L,4062,LG/86,17:50:00,AR/86,18:13:00,90,45.7,false
L,4066,ABL/86,17:46:00,LIH/86,17:49:00,6,2.5,false
L,4066,LIH/86,17:50:00,ABV/86,17:53:00,11,1.8,false
L,4066,ABV/86,17:54:00,AB/86,17:58:00,11,1.2,false
L,4066,AB/86,18:03:00,OG/86,18:05:00,40,4.3,false
L,4066,OG/86,18:05:00,HB/86,18:25:00,40,45.1,false
L,4066,HB/86,18:26:00,FP/86,18:34:00,50,16.6,false
L,4066,FP/86,18:34:00,RD/86,18:41:00,50,14.7,false
L,4066,RD/86,18:43:00,LG/86,18:50:00,56,13.4,false
L,4066,LG/86,18:50:00,AR/86,19:13:00,56,45.7,false
L,4070,ABL/86,18:46:00,LIH/86,18:49:00,7,2.5,false
L,4070,LIH/86,18:50:00,ABV/86,18:53:00,9,1.8,false
L,4070,ABV/86,18:54:00,AB/86,18:58:00,9,1.2,false
L,4070,AB/86,19:03:00,OG/86,19:05:00,23,4.3,false
L,4070,OG/86,19:05:00,HB/86,19:25:00,23,45.1,false
L,4070,HB/86,19:26:00,FP/86,19:34:00,31,16.6,false
L,4070,FP/86,19:34:00,RD/86,19:41:00,31,14.7,false
L,4070,RD/86,19:43:00,LG/86,19:50:00,37,13.4,false
L,4070,LG/86,19:50:00,AR/86,20:13:00,37,45.7,false
L,4074,AB/86,20:03:00,OG/86,20:05:00,8,4.3,false
L,4074,OG/86,20:05:00,HB/86,20:25:00,8,45.1,false
L,4074,HB/86,20:26:00,FP/86,20:34:00,19,16.6,false
L,4074,FP/86,20:34:00,RD/86,20:41:00,19,14.7,false
L,4074,RD/86,20:43:00,LG/86,20:50:00,28,13.4,false
L,4074,LG/86,20:50:00,AR/86,21:13:00,28,45.7,false
L,649,KH/86,13:22:00,GB/86,13:25:00,50,3.2,true
L,649,GB/86,13:25:00,OD/86,14:33:00,50,154.9,true
L,649,OD/86,14:36:00,HP/86,14:41:00,11,8.6,true
L,649,HP/86,14:41:00,FA/86,15:07:00,11,51.7,true
L,4007,AR/86,05:45:00,BR/86,05:50:00,35,6.7,false
L,4007,BR/86,05:50:00,RD/86,06:13:00,35,52.4,false
L,4007,RD/86,06:15:00,FP/86,06:22:00,40,14.7,false
L,4007,FP/86,06:22:00,HB/86,06:29:00,40,16.6,false
L,4007,HB/86,06:30:00,AD/86,06:38:00,48,15.5,false
L,4007,AD/86,06:38:00,AB/86,06:53:00,48,33.9,false
L,4007,AB/86,06:58:00,ABV/86,07:00:00,10,1.2,false
L,4007,ABV/86,07:01:00,LIH/86,07:03:00,10,1.8,false
L,4007,LIH/86,07:04:00,ABL/86,07:08:00,6,2.5,false
L,4011,AR/86,06:45:00,BR/86,06:50:00,125,6.7,false
L,4011,BR/86,06:50:00,RD/86,07:13:00,125,52.4,false
L,4011,RD/86,07:15:00,FP/86,07:22:00,110,14.7,false
L,4011,FP/86,07:22:00,HB/86,07:29:00,110,16.6,false
L,4011,HB/86,07:30:00,AD/86,07:38:00,88,15.5,false
L,4011,AD/86,07:38:00,AB/86,07:53:00,88,33.9,false
L,4011,AB/86,07:58:00,ABV/86,08:00:00,23,1.2,false
L,4011,ABV/86,08:01:00,LIH/86,08:03:00,23,1.8,false
L,4011,LIH/86,08:04:00,ABL/86,08:08:00,9,2.5,false
L,4015,AR/86,07:45:00,BR/86,07:50:00,81,6.7,false
L,4015,BR/86,07:50:00,RD/86,08:13:00,81,52.4,false
L,4015,RD/86,08:15:00,FP/86,08:22:00,65,14.7,false
L,4015,FP/86,08:22:00,HB/86,08:29:00,65,16.6,false
L,4015,HB/86,08:30:00,AD/86,08:38:00,56,15.5,false
L,4015,AD/86,08:38:00,AB/86,08:53:00,56,33.9,false
L,4015,AB/86,08:58:00,ABV/86,09:00:00,8,1.2,false
L,4015,ABV/86,09:01:00,LIH/86,09:03:00,8,1.8,false
L,4015,LIH/86,09:04:00,ABL/86,09:08:00,5,2.5,false
L,4019,AR/86,08:45:00,BR/86,08:50:00,63,6.7,false
L,4019,BR/86,08:50:00,RD/86,09:13:00,63,52.4,false
L,4019,RD/86,09:15:00,FP/86,09:22:00,54,14.7,false
L,4019,FP/86,09:22:00,HB/86,09:29:00,54,16.6,false
L,4019,HB/86,09:30:00,AD/86,09:38:00,42,15.5,false
L,4019,AD/86,09:38:00,AB/86,09:53:00,42,33.9,false
L,4019,AB/86,09:58:00,ABV/86,10:00:00,5,1.2,false
L,4019,ABV/86,10:01:00,LIH/86,10:03:00,5,1.8,false
L,4019,LIH/86,10:04:00,ABL/86,10:08:00,3,2.5,false
L,4023,AR/86,09:45:00,BR/86,09:50:00,49,6.7,false
L,4023,BR/86,09:50:00,RD/86,10:13:00,49,52.4,false
L,4023,RD/86,10:15:00,FP/86,10:22:00,44,14.7,false
L,4023,FP/86,10:22:00,HB/86,10:29:00,44,16.6,false
L,4023,HB/86,10:30:00,AD/86,10:38:00,28,15.5,false
L,4023,AD/86,10:38:00,AB/86,10:53:00,28,33.9,false
L,4023,AB/86,10:58:00,ABV/86,11:00:00,5,1.2,false
L,4023,ABV/86,11:01:00,LIH/86,11:03:00,5,1.8,false
L,4023,LIH/86,11:04:00,ABL/86,11:08:00,2,2.5,false
L,4027,AR/86,10:45:00,BR/86,10:50:00,65,6.7,false
L,4027,BR/86,10:50:00,RD/86,11:13:00,65,52.4,false
L,4027,RD/86,11:15:00,FP/86,11:22:00,57,14.7,false
L,4027,FP/86,11:22:00,HB/86,11:29:00,57,16.6,false
L,4027,HB/86,11:30:00,AD/86,11:38:00,40,15.5,false
L,4027,AD/86,11:38:00,AB/86,11:53:00,40,33.9,false
L,4027,AB/86,11:58:00,ABV/86,12:00:00,6,1.2,false
L,4027,ABV/86,12:01:00,LIH/86,12:03:00,6,1.8,false
L,4027,LIH/86,12:04:00,ABL/86,12:08:00,3,2.5,false
L,4031,AR/86,11:45:00,BR/86,11:50:00,80,6.7,false
L,4031,BR/86,11:50:00,RD/86,12:13:00,80,52.4,false
L,4031,RD/86,12:15:00,FP/86,12:22:00,68,14.7,false
L,4031,FP/86,12:22:00,HB/86,12:29:00,68,16.6,false
L,4031,HB/86,12:30:00,AD/86,12:38:00,43,15.5,false
L,4031,AD/86,12:38:00,AB/86,12:53:00,43,33.9,false
L,4031,AB/86,12:58:00,ABV/86,13:00:00,7,1.2,false
L,4031,ABV/86,13:01:00,LIH/86,13:03:00,7,1.8,false
L,4031,LIH/86,13:04:00,ABL/86,13:08:00,3,2.5,false
L,4035,AR/86,12:45:00,BR/86,12:50:00,72,6.7,false
L,4035,BR/86,12:50:00,RD/86,13:13:00,72,52.4,false
L,4035,RD/86,13:15:00,FP/86,13:22:00,59,14.7,false
L,4035,FP/86,13:22:00,HB/86,13:29:00,59,16.6,false
L,4035,HB/86,13:30:00,AD/86,13:38:00,35,15.5,false
L,4035,AD/86,13:38:00,AB/86,13:53:00,35,33.9,false
L,4035,AB/86,13:58:00,ABV/86,14:00:00,8,1.2,false
L,4035,ABV/86,14:01:00,LIH/86,14:03:00,8,1.8,false
L,4035,LIH/86,14:04:00,ABL/86,14:08:00,4,2.5,false
L,4039,AR/86,13:45:00,BR/86,13:50:00,141,6.7,false
L,4039,BR/86,13:50:00,RD/86,14:13:00,141,52.4,false
L,4039,RD/86,14:15:00,FP/86,14:22:00,118,14.7,false
L,4039,FP/86,14:22:00,HB/86,14:29:00,118,16.6,false
L,4039,HB/86,14:30:00,AD/86,14:38:00,78,15.5,false
L,4039,AD/86,14:38:00,AB/86,14:53:00,78,33.9,false
L,4039,AB/86,14:58:00,ABV/86,15:00:00,15,1.2,false
L,4039,ABV/86,15:01:00,LIH/86,15:03:00,15,1.8,false
L,4039,LIH/86,15:04:00,ABL/86,15:08:00,7,2.5,false
L,4043,AR/86,14:45:00,BR/86,14:50:00,169,6.7,false
L,4043,BR/86,14:50:00,RD/86,15:13:00,169,52.4,false
L,4043,RD/86,15:15:00,FP/86,15:22:00,138,14.7,false
L,4043,FP/86,15:22:00,HB/86,15:29:00,138,16.6,false
L,4043,HB/86,15:30:00,AD/86,15:38:00,89,15.5,false
L,4043,AD/86,15:38:00,AB/86,15:53:00,89,33.9,false
L,4043,AB/86,15:58:00,ABV/86,16:00:00,18,1.2,false
L,4043,ABV/86,16:01:00,LIH/86,16:03:00,18,1.8,false
L,4043,LIH/86,16:04:00,ABL/86,16:08:00,8,2.5,false
L,4047,AR/86,15:45:00,BR/86,15:50:00,249,6.7,false
L,4047,BR/86,15:50:00,RD/86,16:13:00,249,52.4,false
L,4047,RD/86,16:15:00,FP/86,16:22:00,190,14.7,false
L,4047,FP/86,16:22:00,HB/86,16:29:00,190,16.6,false
L,4047,HB/86,16:30:00,AD/86,16:38:00,123,15.5,false
L,4047,AD/86,16:38:00,AB/86,16:53:00,123,33.9,false
L,4047,AB/86,16:58:00,ABV/86,17:00:00,22,1.2,false
L,4047,ABV/86,17:01:00,LIH/86,17:03:00,22,1.8,false
L,4047,LIH/86,17:04:00,ABL/86,17:08:00,4,2.5,false
L,4051,AR/86,16:45:00,BR/86,16:50:00,156,6.7,false
L,4051,BR/86,16:50:00,RD/86,17:13:00,156,52.4,false
L,4051,RD/86,17:15:00,FP/86,17:22:00,124,14.7,false
L,4051,FP/86,17:22:00,HB/86,17:29:00,124,16.6,false
L,4051,HB/86,17:30:00,AD/86,17:38:00,78,15.5,false
L,4051,AD/86,17:38:00,AB/86,17:53:00,78,33.9,false
L,4051,AB/86,17:58:00,ABV/86,18:00:00,11,1.2,false
L,4051,ABV/86,18:01:00,LIH/86,18:03:00,11,1.8,false
L,4051,LIH/86,18:04:00,ABL/86,18:08:00,3,2.5,false
L,4055,AR/86,17:45:00,BR/86,17:50:00,111,6.7,false
L,4055,BR/86,17:50:00,RD/86,18:13:00,111,52.4,false
L,4055,RD/86,18:15:00,FP/86,18:22:00,79,14.7,false
L,4055,FP/86,18:22:00,HB/86,18:29:00,79,16.6,false
L,4055,HB/86,18:30:00,AD/86,18:38:00,54,15.5,false
L,4055,AD/86,18:38:00,AB/86,18:53:00,54,33.9,false
L,4059,AR/86,18:45:00,BR/86,18:50:00,90,6.7,false
L,4059,BR/86,18:50:00,RD/86,19:13:00,90,52.4,false
L,4059,RD/86,19:15:00,FP/86,19:22:00,72,14.7,false
L,4059,FP/86,19:22:00,HB/86,19:29:00,72,16.6,false
L,4059,HB/86,19:30:00,AD/86,19:38:00,44,15.5,false
L,4059,AD/86,19:38:00,AB/86,19:53:00,44,33.9,false
L,4063,AR/86,19:45:00,BR/86,19:50:00,78,6.7,false
L,4063,BR/86,19:50:00,RD/86,20:13:00,78,52.4,false
L,4063,RD/86,20:15:00,FP/86,20:22:00,69,14.7,false
L,4063,FP/86,20:22:00,HB/86,20:29:00,69,16.6,false
L,4063,HB/86,20:30:00,AD/86,20:38:00,43,15.5,false
L,4063,AD/86,20:38:00,AB/86,20:53:00,43,33.9,false
L,4067,AR/86,20:45:00,BR/86,20:50:00,87,6.7,false
L,4067,BR/86,20:50:00,RD/86,21:13:00,87,52.4,false
L,4067,RD/86,21:15:00,FP/86,21:22:00,63,14.7,false
L,4067,FP/86,21:22:00,HB/86,21:29:00,63,16.6,false
L,4067,HB/86,21:30:00,AD/86,21:38:00,49,15.5,false
L,4067,AD/86,21:38:00,AB/86,21:53:00,49,33.9,false
RR,4708,FA/86,05:34:00,SNO/86,05:37:00,9,4.3,true
RR,4708,SNO/86,05:37:00,MD/86,05:40:00,9,5.9,true
RR,4708,MD/86,05:41:00,KA/86,05:45:00,57,6.1,true
RR,4708,KA/86,05:45:00,NA/86,05:47:00,57,4.2,true
RR,4708,NA/86,05:48:00,EB/86,05:51:00,57,5.3,true
RR,4708,EB/86,05:52:00,GD/86,05:56:00,57,4.6,true
RR,4708,GD/86,05:57:00,AP/86,06:01:00,57,5.5,true
RR,4708,AP/86,06:02:00,BD/86,06:04:00,57,3.6,true
RR,4708,BD/86,06:04:00,TP/86,06:07:00,57,5.6,true
RR,4708,TP/86,06:08:00,HP/86,06:11:00,57,6.6,true
RR,4708,HP/86,06:11:00,OD/86,06:16:00,57,8.6,true
RR,4714,FA/86,07:02:00,SNO/86,07:04:00,7,4.3,true
RR,4714,SNO/86,07:04:00,MD/86,07:08:00,7,5.9,true
RR,4714,MD/86,07:09:00,KA/86,07:12:00,70,6.1,true
RR,4714,KA/86,07:12:00,NA/86,07:14:00,70,4.2,true
RR,4714,NA/86,07:15:00,EB/86,07:19:00,70,5.3,true
RR,4714,EB/86,07:20:00,GD/86,07:23:00,70,4.6,true
RR,4714,GD/86,07:24:00,AP/86,07:28:00,70,5.5,true
RR,4714,AP/86,07:29:00,BD/86,07:31:00,70,3.6,true
RR,4714,BD/86,07:32:00,SC/86,07:33:00,70,2.4,true
RR,4714,SC/86,07:33:00,TP/86,07:36:00,70,3.2,true
RR,4714,TP/86,07:37:00,HP/86,07:41:00,70,6.6,true
RR,4714,HP/86,07:41:00,OD/86,07:48:00,70,8.6,true
RR,2776,FA/86,22:27:00,SNO/86,22:30:00,15,4.3,true
RR,2776,SNO/86,22:30:00,MD/86,22:34:00,15,5.9,true
RR,2776,MD/86,22:35:00,KA/86,22:39:00,12,6.1,true
RR,2776,KA/86,22:40:00,NA/86,22:43:00,12,4.2,true
RR,2776,NA/86,22:44:00,EB/86,22:48:00,12,5.3,true
RR,2776,EB/86,22:49:00,GD/86,22:53:00,12,4.6,true
RR,2776,GD/86,22:54:00,AP/86,22:58:00,12,5.5,true
RR,2776,AP/86,22:59:00,BD/86,23:02:00,12,3.6,true
RR,2776,BD/86,23:03:00,SC/86,23:05:00,12,2.4,true
RR,2776,SC/86,23:05:00,TP/86,23:08:00,12,3.2,true
RR,2776,TP/86,23:09:00,HP/86,23:14:00,12,6.6,true
RR,2776,HP/86,23:15:00,OD/86,23:21:00,12,8.6,true
RR,983,FA/86,23:56:00,TL/86,00:01:00,8,8.6,true
RR,983,TL/86,00:01:00,KD/86,00:07:00,8,11.3,true
RR,983,KD/86,00:09:00,LK/86,00:16:00,4,12.9,true
RR,983,LK/86,00:17:00,VM/86,00:21:00,4,6.0,true
RR,983,VM/86,00:22:00,FZ/86,00:25:00,4,5.0,true
RR,983,FZ/86,00:25:00,OJ/86,00:32:00,4,15.4,true
RR,983,OJ/86,00:34:00,RQ/86,00:43:00,4,20.4,true
RR,983,RQ/86,00:45:00,TE/86,00:53:00,4,15.7,true
RR,983,TE/86,00:55:00,KW/86,01:02:00,1,9.9,true
RR,983,KW/86,01:03:00,GST/86,01:13:00,1,15.0,true
RR,983,GST/86,01:14:00,SDB/86,01:27:00,1,16.3,true
RR,974,SDB/86,20:44:00,GST/86,20:56:00,17,16.3,true
RR,974,GST/86,20:59:00,KW/86,21:09:00,17,15.0,true
RR,974,KW/86,21:10:00,TE/86,21:17:00,17,9.9,true
RR,974,TE/86,21:19:00,RQ/86,21:27:00,15,15.7,true
RR,974,RQ/86,21:29:00,OJ/86,21:38:00,15,20.4,true
RR,974,OJ/86,21:39:00,SST/86,21:44:00,15,7.4,true
RR,974,SST/86,21:44:00,VM/86,21:49:00,15,13.0,true
RR,974,VM/86,21:50:00,LK/86,21:55:00,15,6.0,true
RR,974,LK/86,21:56:00,KD/86,22:03:00,16,12.9,true
RR,974,KD/86,22:05:00,TL/86,22:11:00,15,11.3,true
RR,974,TL/86,22:11:00,FA/86,22:17:00,15,8.6,true
RR,982,SDB/86,22:44:00,GST/86,22:56:00,2,16.3,true
RR,982,GST/86,22:59:00,KW/86,23:09:00,2,15.0,true
RR,982,KW/86,23:10:00,TE/86,23:17:00,2,9.9,true
RR,982,TE/86,23:19:00,RQ/86,23:27:00,2,15.7,true
RR,982,RQ/86,23:29:00,OJ/86,23:38:00,2,20.4,true
RR,982,OJ/86,23:39:00,SST/86,23:44:00,2,7.4,true
RR,982,SST/86,23:44:00,VM/86,23:49:00,2,13.0,true
RR,982,VM/86,23:50:00,LK/86,23:55:00,2,6.0,true
RR,982,LK/86,23:56:00,KD/86,00:03:00,0,12.9,true
RR,982,KD/86,00:05:00,TL/86,00:11:00,0,11.3,true
RR,982,TL/86,00:11:00,FA/86,00:17:00,0,8.6,true
RR,3408,KH/86,07:46:00,KN/86,07:48:00,71,1.5,true
RR,3408,KN/86,07:49:00,KK/86,07:52:00,71,1.6,true
RR,3408,KK/86,07:53:00,HGL/86,07:56:00,109,2.1,true
RR,3408,HGL/86,07:56:00,HL/86,07:59:00,109,2.6,true
RR,3408,HL/86,08:00:00,KL/86,08:05:00,109,5.5,true
RR,3408,KL/86,08:05:00,OK/86,08:17:00,109,15.8,true
RR,3408,OK/86,08:18:00,NI/86,08:21:00,109,3.4,true
RR,3408,NI/86,08:22:00,HUM/86,08:25:00,94,3.8,true
RR,3408,HUM/86,08:26:00,GÆ/86,08:29:00,94,3.7,true
RR,3408,GÆ/86,08:30:00,SQ/86,08:33:00,94,2.7,true
RR,3408,SQ/86,08:33:00,HG/86,08:36:00,94,3.5,true
RV,2320,FA/86,08:51:00,TL/86,08:56:00,37,8.6,true
RV,2320,TL/86,08:57:00,KD/86,09:04:00,35,11.3,true
RV,2320,KD/86,09:06:00,LK/86,09:13:00,12,12.9,true
RV,2320,LK/86,09:14:00,VN/86,09:20:00,14,11.6,true
RV,2320,VN/86,09:21:00,BP/86,09:26:00,14,7.8,true
RV,2320,BP/86,09:27:00,HQ/86,09:32:00,14,6.5,true
RV,2320,HQ/86,09:33:00,GØ/86,09:38:00,14,7.4,true
RV,2320,GØ/86,09:38:00,BM/86,09:42:00,14,6.0,true
RV,2320,BM/86,09:44:00,TB/86,09:48:00,12,8.1,true
RV,2320,TB/86,09:48:00,ES/86,09:54:00,12,8.3,true
RV,2336,FA/86,12:51:00,TL/86,12:56:00,43,8.6,true
RV,2336,TL/86,12:57:00,KD/86,13:04:00,43,11.3,true
RV,2336,KD/86,13:06:00,LK/86,13:13:00,28,12.9,true
RV,2336,LK/86,13:14:00,VN/86,13:20:00,32,11.6,true
RV,2336,VN/86,13:21:00,BP/86,13:26:00,32,7.8,true
RV,2336,BP/86,13:27:00,HQ/86,13:32:00,32,6.5,true
RV,2336,HQ/86,13:33:00,GØ/86,13:38:00,32,7.4,true
RV,2336,GØ/86,13:38:00,BM/86,13:42:00,32,6.0,true
RV,2336,BM/86,13:44:00,TB/86,13:48:00,16,8.1,true
RV,2336,TB/86,13:48:00,ES/86,13:54:00,16,8.3,true
RV,2352,FA/86,16:51:00,TL/86,16:56:00,54,8.6,true
RV,2352,TL/86,16:57:00,KD/86,17:04:00,55,11.3,true
RV,2352,KD/86,17:06:00,LK/86,17:13:00,27,12.9,true
RV,2352,LK/86,17:14:00,VN/86,17:20:00,27,11.6,true
RV,2352,VN/86,17:21:00,BP/86,17:26:00,27,7.8,true
RV,2352,BP/86,17:27:00,HQ/86,17:32:00,27,6.5,true
RV,2352,HQ/86,17:33:00,GØ/86,17:38:00,27,7.4,true
RV,2352,GØ/86,17:38:00,BM/86,17:42:00,27,6.0,true
RV,2352,BM/86,17:44:00,TB/86,17:48:00,14,8.1,true
RV,2352,TB/86,17:48:00,ES/86,17:54:00,14,8.3,true
RV,2912,AR/86,05:38:00,KGV/86,05:40:00,16,3.0,false
RV,2912,KGV/86,05:40:00,VI/86,05:42:00,16,1.7,false
RV,2912,VI/86,05:43:00,HC/86,05:46:00,16,4.8,false
RV,2912,HC/86,05:46:00,SD/86,05:52:00,16,13.3,false
RV,2912,SD/86,05:53:00,HÅ/86,06:00:00,18,14.1,false
RV,2912,HÅ/86,06:00:00,HS/86,06:06:00,18,14.5,false
RV,2912,HS/86,06:08:00,HED/86,06:16:00,75,16.3,false
RV,2912,HED/86,06:17:00,VJ/86,06:25:00,75,15.1,false
RV,2912,VJ/86,06:27:00,BET/86,06:33:00,85,10.9,false
RV,2912,BET/86,06:34:00,BK/86,06:37:00,85,2.9,false
RV,2912,BK/86,06:38:00,FA/86,06:46:00,85,11.9,false
RV,2768,FA/86,20:30:00,SNO/86,20:33:00,33,4.3,true
RV,2768,SNO/86,20:33:00,MD/86,20:37:00,33,5.9,true
RV,2768,MD/86,20:38:00,KA/86,20:42:00,58,6.1,true
RV,2768,KA/86,20:43:00,NA/86,20:46:00,58,4.2,true
RV,2768,NA/86,20:47:00,EB/86,20:51:00,58,5.3,true
RV,2768,EB/86,20:52:00,GD/86,20:56:00,58,4.6,true
RV,2768,GD/86,20:57:00,AP/86,21:01:00,58,5.5,true
RV,2768,AP/86,21:02:00,BD/86,21:05:00,58,3.6,true
RV,2768,BD/86,21:05:00,SC/86,21:08:00,58,2.4,true
RV,2768,SC/86,21:08:00,TP/86,21:11:00,58,3.2,true
RV,2768,TP/86,21:12:00,HP/86,21:17:00,58,6.6,true
RV,2768,HP/86,21:17:00,OD/86,21:24:00,58,8.6,true
RV,3915,FA/86,06:41:00,BK/86,06:47:00,37,11.9,false
RV,3915,BK/86,06:48:00,BET/86,06:51:00,37,2.9,false
RV,3915,BET/86,06:52:00,VJ/86,06:59:00,37,10.9,false
RV,3915,VJ/86,07:00:00,HED/86,07:09:00,65,15.1,false
RV,3915,HED/86,07:10:00,HS/86,07:18:00,65,16.3,false
RV,3915,HS/86,07:19:00,HÅ/86,07:26:00,85,14.5,false
RV,3915,HÅ/86,07:26:00,SD/86,07:33:00,85,14.1,false
RV,3915,SD/86,07:34:00,HX/86,07:38:00,81,8.5,false
RV,3915,HX/86,07:38:00,VI/86,07:43:00,81,9.6,false
RV,3915,VI/86,07:44:00,KGV/86,07:46:00,81,1.7,false
RV,3915,KGV/86,07:46:00,AR/86,07:49:00,81,3.0,false
RV,3919,FA/86,07:41:00,BK/86,07:47:00,29,11.9,false
RV,3919,BK/86,07:48:00,BET/86,07:51:00,29,2.9,false
RV,3919,BET/86,07:52:00,VJ/86,07:59:00,29,10.9,false
RV,3919,VJ/86,08:00:00,HED/86,08:09:00,24,15.1,false
RV,3919,HED/86,08:10:00,HS/86,08:18:00,24,16.3,false
RV,3919,HS/86,08:19:00,HÅ/86,08:26:00,30,14.5,false
RV,3919,HÅ/86,08:26:00,SD/86,08:33:00,30,14.1,false
RV,3919,SD/86,08:34:00,HX/86,08:38:00,26,8.5,false
RV,3919,HX/86,08:38:00,VI/86,08:43:00,26,9.6,false
RV,3919,VI/86,08:44:00,KGV/86,08:46:00,26,1.7,false
RV,3919,KGV/86,08:46:00,AR/86,08:49:00,26,3.0,false
RV,3947,FA/86,14:41:00,BK/86,14:47:00,105,11.9,false
RV,3947,BK/86,14:48:00,BET/86,14:51:00,105,2.9,false
RV,3947,BET/86,14:52:00,VJ/86,14:59:00,105,10.9,false
RV,3947,VJ/86,15:00:00,HED/86,15:09:00,165,15.1,false
RV,3947,HED/86,15:10:00,HS/86,15:18:00,165,16.3,false
RV,3947,HS/86,15:19:00,HÅ/86,15:26:00,140,14.5,false
RV,3947,HÅ/86,15:26:00,SD/86,15:33:00,140,14.1,false
RV,3947,SD/86,15:34:00,HX/86,15:38:00,110,8.5,false
RV,3947,HX/86,15:38:00,VI/86,15:43:00,110,9.6,false
RV,3947,VI/86,15:44:00,KGV/86,15:46:00,110,1.7,false
RV,3947,KGV/86,15:46:00,AR/86,15:49:00,110,3.0,false
RV,3951,FA/86,15:41:00,BK/86,15:47:00,65,11.9,false
RV,3951,BK/86,15:48:00,BET/86,15:51:00,65,2.9,false
RV,3951,BET/86,15:52:00,VJ/86,15:59:00,65,10.9,false
RV,3951,VJ/86,16:00:00,HED/86,16:09:00,98,15.1,false
RV,3951,HED/86,16:10:00,HS/86,16:18:00,98,16.3,false
RV,3951,HS/86,16:19:00,HÅ/86,16:26:00,82,14.5,false
RV,3951,HÅ/86,16:26:00,SD/86,16:33:00,82,14.1,false
RV,3951,SD/86,16:34:00,HX/86,16:38:00,66,8.5,false
RV,3951,HX/86,16:38:00,VI/86,16:43:00,66,9.6,false
RV,3951,VI/86,16:44:00,KGV/86,16:46:00,66,1.7,false
RV,3951,KGV/86,16:46:00,AR/86,16:49:00,66,3.0,false
RV,2759,OD/86,16:45:00,HP/86,16:51:00,45,8.6,true
RV,2759,HP/86,16:51:00,TP/86,16:56:00,45,6.6,true
RV,2759,TP/86,16:57:00,SC/86,17:00:00,45,3.2,true
RV,2759,SC/86,17:00:00,BD/86,17:03:00,45,2.4,true
RV,2759,BD/86,17:03:00,AP/86,17:06:00,45,3.6,true
RV,2759,AP/86,17:07:00,GD/86,17:12:00,45,5.5,true
RV,2759,GD/86,17:13:00,EB/86,17:17:00,45,4.6,true
RV,2759,EB/86,17:27:00,NA/86,17:31:00,45,5.3,true
RV,2759,NA/86,17:32:00,KA/86,17:35:00,45,4.2,true
RV,2759,KA/86,17:36:00,MD/86,17:40:00,45,6.1,true
RV,2759,MD/86,17:41:00,SNO/86,17:44:00,3,5.9,true
RV,2759,SNO/86,17:44:00,FA/86,17:48:00,3,4.3,true
RV,2940,AR/86,12:38:00,KGV/86,12:40:00,73,3.0,false
RV,2940,KGV/86,12:40:00,VI/86,12:42:00,73,1.7,false
RV,2940,VI/86,12:43:00,HC/86,12:46:00,73,4.8,false
RV,2940,HC/86,12:46:00,SD/86,12:52:00,73,13.3,false
RV,2940,SD/86,12:53:00,HÅ/86,13:00:00,117,14.1,false
RV,2940,HÅ/86,13:00:00,HS/86,13:06:00,117,14.5,false
RV,2940,HS/86,13:08:00,HED/86,13:16:00,141,16.3,false
RV,2940,HED/86,13:17:00,VJ/86,13:25:00,141,15.1,false
RV,2940,VJ/86,13:27:00,BET/86,13:33:00,164,10.9,false
RV,2940,BET/86,13:34:00,BK/86,13:37:00,164,2.9,false
RV,2940,BK/86,13:38:00,FA/86,13:46:00,164,11.9,false
RV,2944,AR/86,13:38:00,KGV/86,13:40:00,47,3.0,false
RV,2944,KGV/86,13:40:00,VI/86,13:42:00,47,1.7,false
RV,2944,VI/86,13:43:00,HC/86,13:46:00,47,4.8,false
RV,2944,HC/86,13:46:00,SD/86,13:52:00,47,13.3,false
RV,2944,SD/86,13:53:00,HÅ/86,14:00:00,63,14.1,false
RV,2944,HÅ/86,14:00:00,HS/86,14:06:00,63,14.5,false
RV,2944,HS/86,14:08:00,HED/86,14:16:00,83,16.3,false
RV,2944,HED/86,14:17:00,VJ/86,14:25:00,83,15.1,false
RV,2944,VJ/86,14:27:00,BET/86,14:33:00,110,10.9,false
RV,2944,BET/86,14:34:00,BK/86,14:37:00,110,2.9,false
RV,2944,BK/86,14:38:00,FA/86,14:46:00,110,11.9,false
RV,2956,AR/86,16:38:00,KGV/86,16:40:00,110,3.0,false
RV,2956,KGV/86,16:40:00,VI/86,16:42:00,110,1.7,false
RV,2956,VI/86,16:43:00,HC/86,16:46:00,110,4.8,false
RV,2956,HC/86,16:46:00,SD/86,16:52:00,110,13.3,false
RV,2956,SD/86,16:53:00,HÅ/86,17:00:00,193,14.1,false
RV,2956,HÅ/86,17:00:00,HS/86,17:06:00,193,14.5,false
RV,2956,HS/86,17:08:00,HED/86,17:16:00,170,16.3,false
RV,2956,HED/86,17:17:00,VJ/86,17:25:00,170,15.1,false
RV,2956,VJ/86,17:27:00,BET/86,17:33:00,168,10.9,false
RV,2956,BET/86,17:34:00,BK/86,17:37:00,168,2.9,false
RV,2956,BK/86,17:38:00,FA/86,17:46:00,168,11.9,false
RV,2960,AR/86,17:38:00,KGV/86,17:40:00,51,3.0,false
RV,2960,KGV/86,17:40:00,VI/86,17:42:00,51,1.7,false
RV,2960,VI/86,17:43:00,HC/86,17:46:00,51,4.8,false
RV,2960,HC/86,17:46:00,SD/86,17:52:00,51,13.3,false
RV,2960,SD/86,17:53:00,HÅ/86,18:00:00,94,14.1,false
RV,2960,HÅ/86,18:00:00,HS/86,18:06:00,94,14.5,false
RV,2960,HS/86,18:08:00,HED/86,18:16:00,86,16.3,false
RV,2960,HED/86,18:17:00,VJ/86,18:25:00,86,15.1,false
RV,2960,VJ/86,18:27:00,BET/86,18:33:00,90,10.9,false
RV,2960,BET/86,18:34:00,BK/86,18:37:00,90,2.9,false
RV,2960,BK/86,18:38:00,FA/86,18:46:00,90,11.9,false
RV,2964,AR/86,18:38:00,KGV/86,18:40:00,53,3.0,false
RV,2964,KGV/86,18:40:00,VI/86,18:42:00,53,1.7,false
RV,2964,VI/86,18:43:00,HC/86,18:46:00,53,4.8,false
RV,2964,HC/86,18:46:00,SD/86,18:52:00,53,13.3,false
RV,2964,SD/86,18:53:00,HÅ/86,19:00:00,81,14.1,false
RV,2964,HÅ/86,19:00:00,HS/86,19:06:00,81,14.5,false
RV,2964,HS/86,19:08:00,HED/86,19:16:00,95,16.3,false
RV,2964,HED/86,19:17:00,VJ/86,19:25:00,95,15.1,false
RV,2964,VJ/86,19:27:00,BET/86,19:33:00,112,10.9,false
RV,2964,BET/86,19:34:00,BK/86,19:37:00,112,2.9,false
RV,2964,BK/86,19:38:00,FA/86,19:46:00,112,11.9,false
RV,2968,AR/86,19:38:00,KGV/86,19:40:00,16,3.0,false
RV,2968,KGV/86,19:40:00,VI/86,19:42:00,16,1.7,false
RV,2968,VI/86,19:43:00,HC/86,19:46:00,16,4.8,false
RV,2968,HC/86,19:46:00,SD/86,19:52:00,16,13.3,false
RV,2968,SD/86,19:53:00,HÅ/86,20:00:00,18,14.1,false
RV,2968,HÅ/86,20:00:00,HS/86,20:06:00,18,14.5,false
RV,2968,HS/86,20:08:00,HED/86,20:16:00,38,16.3,false
RV,2968,HED/86,20:17:00,VJ/86,20:25:00,38,15.1,false
RV,2968,VJ/86,20:27:00,BET/86,20:33:00,30,10.9,false
RV,2968,BET/86,20:34:00,BK/86,20:37:00,30,2.9,false
RV,2968,BK/86,20:38:00,FA/86,20:46:00,30,11.9,false
RV,2974,FA/86,22:28:00,TL/86,22:33:00,3,8.6,true
RV,2974,TL/86,22:33:00,KD/86,22:39:00,3,11.3,true
RV,2917,FA/86,07:12:00,BK/86,07:18:00,104,11.9,false
RV,2917,BK/86,07:19:00,BET/86,07:22:00,104,2.9,false
RV,2917,BET/86,07:23:00,VJ/86,07:30:00,104,10.9,false
RV,2917,VJ/86,07:31:00,HED/86,07:40:00,76,15.1,false
RV,2917,HED/86,07:41:00,HS/86,07:49:00,76,16.3,false
RV,2917,HS/86,07:50:00,HÅ/86,07:57:00,97,14.5,false
RV,2917,HÅ/86,07:57:00,SD/86,08:04:00,97,14.1,false
RV,2917,SD/86,08:05:00,HX/86,08:09:00,78,8.5,false
RV,2917,HX/86,08:09:00,VI/86,08:14:00,78,9.6,false
RV,2917,VI/86,08:15:00,KGV/86,08:17:00,78,1.7,false
RV,2917,KGV/86,08:17:00,AR/86,08:20:00,78,3.0,false
RV,2921,FA/86,08:14:00,BK/86,08:20:00,30,11.9,false
RV,2921,BK/86,08:21:00,BET/86,08:24:00,30,2.9,false
RV,2921,BET/86,08:25:00,VJ/86,08:32:00,30,10.9,false
RV,2921,VJ/86,08:33:00,HED/86,08:42:00,23,15.1,false
RV,2921,HED/86,08:43:00,HS/86,08:51:00,23,16.3,false
RV,2921,HS/86,08:52:00,HÅ/86,08:59:00,33,14.5,false
RV,2921,HÅ/86,08:59:00,SD/86,09:06:00,33,14.1,false
RV,2921,SD/86,09:07:00,HX/86,09:11:00,25,8.5,false
RV,2921,HX/86,09:11:00,VI/86,09:16:00,25,9.6,false
RV,2921,VI/86,09:17:00,KGV/86,09:19:00,25,1.7,false
RV,2921,KGV/86,09:19:00,AR/86,09:23:00,25,3.0,false
RV,2925,FA/86,09:14:00,BK/86,09:20:00,98,11.9,false
RV,2925,BK/86,09:21:00,BET/86,09:24:00,98,2.9,false
RV,2925,BET/86,09:25:00,VJ/86,09:32:00,98,10.9,false
RV,2925,VJ/86,09:33:00,HED/86,09:42:00,66,15.1,false
RV,2925,HED/86,09:43:00,HS/86,09:51:00,66,16.3,false
RV,2925,HS/86,09:52:00,HÅ/86,09:59:00,60,14.5,false
RV,2925,HÅ/86,09:59:00,SD/86,10:06:00,60,14.1,false
RV,2925,SD/86,10:07:00,HX/86,10:11:00,42,8.5,false
RV,2925,HX/86,10:11:00,VI/86,10:16:00,42,9.6,false
RV,2925,VI/86,10:17:00,KGV/86,10:19:00,42,1.7,false
RV,2925,KGV/86,10:19:00,AR/86,10:23:00,42,3.0,false
RV,2929,FA/86,10:14:00,BK/86,10:20:00,30,11.9,false
RV,2929,BK/86,10:21:00,BET/86,10:24:00,30,2.9,false
RV,2929,BET/86,10:25:00,VJ/86,10:32:00,30,10.9,false
RV,2929,VJ/86,10:33:00,HED/86,10:42:00,28,15.1,false
RV,2929,HED/86,10:43:00,HS/86,10:51:00,28,16.3,false
RV,2929,HS/86,10:52:00,HÅ/86,10:59:00,34,14.5,false
RV,2929,HÅ/86,10:59:00,SD/86,11:06:00,34,14.1,false
RV,2929,SD/86,11:07:00,HX/86,11:11:00,22,8.5,false
RV,2929,HX/86,11:11:00,VI/86,11:16:00,22,9.6,false
RV,2929,VI/86,11:17:00,KGV/86,11:19:00,22,1.7,false
RV,2929,KGV/86,11:19:00,AR/86,11:23:00,22,3.0,false
RV,2933,FA/86,11:14:00,BK/86,11:20:00,19,11.9,false
RV,2933,BK/86,11:21:00,BET/86,11:24:00,19,2.9,false
RV,2933,BET/86,11:25:00,VJ/86,11:32:00,19,10.9,false
RV,2933,VJ/86,11:33:00,HED/86,11:42:00,20,15.1,false
RV,2933,HED/86,11:43:00,HS/86,11:51:00,20,16.3,false
RV,2933,HS/86,11:52:00,HÅ/86,11:59:00,30,14.5,false
RV,2933,HÅ/86,11:59:00,SD/86,12:06:00,30,14.1,false
RV,2933,SD/86,12:07:00,HX/86,12:11:00,19,8.5,false
RV,2933,HX/86,12:11:00,VI/86,12:16:00,19,9.6,false
RV,2933,VI/86,12:17:00,KGV/86,12:19:00,19,1.7,false
RV,2933,KGV/86,12:19:00,AR/86,12:23:00,19,3.0,false
RV,2937,FA/86,12:14:00,BK/86,12:20:00,29,11.9,false
RV,2937,BK/86,12:21:00,BET/86,12:24:00,29,2.9,false
RV,2937,BET/86,12:25:00,VJ/86,12:32:00,29,10.9,false
RV,2937,VJ/86,12:33:00,HED/86,12:42:00,28,15.1,false
RV,2937,HED/86,12:43:00,HS/86,12:51:00,28,16.3,false
RV,2937,HS/86,12:52:00,HÅ/86,12:59:00,35,14.5,false
RV,2937,HÅ/86,12:59:00,SD/86,13:06:00,35,14.1,false
RV,2937,SD/86,13:07:00,HX/86,13:11:00,19,8.5,false
RV,2937,HX/86,13:11:00,VI/86,13:16:00,19,9.6,false
RV,2937,VI/86,13:17:00,KGV/86,13:19:00,19,1.7,false
RV,2937,KGV/86,13:19:00,AR/86,13:23:00,19,3.0,false
RV,2941,FA/86,13:14:00,BK/86,13:20:00,37,11.9,false
RV,2941,BK/86,13:21:00,BET/86,13:24:00,37,2.9,false
RV,2941,BET/86,13:25:00,VJ/86,13:32:00,37,10.9,false
RV,2941,VJ/86,13:33:00,HED/86,13:42:00,43,15.1,false
RV,2941,HED/86,13:43:00,HS/86,13:51:00,43,16.3,false
RV,2941,HS/86,13:52:00,HÅ/86,13:59:00,42,14.5,false
RV,2941,HÅ/86,13:59:00,SD/86,14:06:00,42,14.1,false
RV,2941,SD/86,14:07:00,HX/86,14:11:00,28,8.5,false
RV,2941,HX/86,14:11:00,VI/86,14:16:00,28,9.6,false
RV,2941,VI/86,14:17:00,KGV/86,14:19:00,28,1.7,false
RV,2941,KGV/86,14:19:00,AR/86,14:23:00,28,3.0,false
RV,2945,FA/86,14:14:00,BK/86,14:20:00,29,11.9,false
RV,2945,BK/86,14:21:00,BET/86,14:24:00,29,2.9,false
RV,2945,BET/86,14:25:00,VJ/86,14:32:00,29,10.9,false
RV,2945,VJ/86,14:33:00,HED/86,14:42:00,47,15.1,false
RV,2945,HED/86,14:43:00,HS/86,14:51:00,47,16.3,false
RV,2945,HS/86,14:52:00,HÅ/86,14:59:00,51,14.5,false
RV,2945,HÅ/86,14:59:00,SD/86,15:06:00,51,14.1,false
RV,2945,SD/86,15:07:00,HX/86,15:11:00,27,8.5,false
RV,2945,HX/86,15:11:00,VI/86,15:16:00,27,9.6,false
RV,2945,VI/86,15:17:00,KGV/86,15:19:00,27,1.7,false
RV,2945,KGV/86,15:19:00,AR/86,15:23:00,27,3.0,false
RV,2949,FA/86,15:14:00,BK/86,15:20:00,80,11.9,false
RV,2949,BK/86,15:21:00,BET/86,15:24:00,80,2.9,false
RV,2949,BET/86,15:25:00,VJ/86,15:32:00,80,10.9,false
RV,2949,VJ/86,15:33:00,HED/86,15:42:00,99,15.1,false
RV,2949,HED/86,15:43:00,HS/86,15:51:00,99,16.3,false
RV,2949,HS/86,15:52:00,HÅ/86,15:59:00,100,14.5,false
RV,2949,HÅ/86,15:59:00,SD/86,16:06:00,100,14.1,false
RV,2949,SD/86,16:07:00,HX/86,16:11:00,80,8.5,false
RV,2949,HX/86,16:11:00,VI/86,16:16:00,80,9.6,false
RV,2949,VI/86,16:17:00,KGV/86,16:19:00,80,1.7,false
RV,2949,KGV/86,16:19:00,AR/86,16:23:00,80,3.0,false
RV,2953,FA/86,16:14:00,BK/86,16:20:00,93,11.9,false
RV,2953,BK/86,16:21:00,BET/86,16:24:00,93,2.9,false
RV,2953,BET/86,16:25:00,VJ/86,16:32:00,93,10.9,false
RV,2953,VJ/86,16:33:00,HED/86,16:42:00,102,15.1,false
RV,2953,HED/86,16:43:00,HS/86,16:51:00,102,16.3,false
RV,2953,HS/86,16:52:00,HÅ/86,16:59:00,99,14.5,false
RV,2953,HÅ/86,16:59:00,SD/86,17:06:00,99,14.1,false
RV,2953,SD/86,17:07:00,HX/86,17:11:00,66,8.5,false
RV,2953,HX/86,17:11:00,VI/86,17:16:00,66,9.6,false
RV,2953,VI/86,17:17:00,KGV/86,17:19:00,66,1.7,false
RV,2953,KGV/86,17:19:00,AR/86,17:23:00,66,3.0,false
RV,2957,FA/86,17:14:00,BK/86,17:20:00,243,11.9,false
RV,2957,BK/86,17:21:00,BET/86,17:24:00,243,2.9,false
RV,2957,BET/86,17:25:00,VJ/86,17:32:00,243,10.9,false
RV,2957,VJ/86,17:33:00,HED/86,17:42:00,225,15.1,false
RV,2957,HED/86,17:43:00,HS/86,17:51:00,225,16.3,false
RV,2957,HS/86,17:52:00,HÅ/86,17:59:00,165,14.5,false
RV,2957,HÅ/86,17:59:00,SD/86,18:06:00,165,14.1,false
RV,2957,SD/86,18:07:00,HX/86,18:11:00,100,8.5,false
RV,2957,HX/86,18:11:00,VI/86,18:16:00,100,9.6,false
RV,2957,VI/86,18:17:00,KGV/86,18:19:00,100,1.7,false
RV,2957,KGV/86,18:19:00,AR/86,18:23:00,100,3.0,false
RV,2961,FA/86,18:14:00,BK/86,18:20:00,25,11.9,false
RV,2961,BK/86,18:21:00,BET/86,18:24:00,25,2.9,false
RV,2961,BET/86,18:25:00,VJ/86,18:32:00,25,10.9,false
RV,2961,VJ/86,18:33:00,HED/86,18:42:00,30,15.1,false
RV,2961,HED/86,18:43:00,HS/86,18:51:00,30,16.3,false
RV,2961,HS/86,18:52:00,HÅ/86,18:59:00,20,14.5,false
RV,2961,HÅ/86,18:59:00,SD/86,19:06:00,20,14.1,false
RV,2961,SD/86,19:07:00,HX/86,19:11:00,16,8.5,false
RV,2961,HX/86,19:11:00,VI/86,19:16:00,16,9.6,false
RV,2961,VI/86,19:17:00,KGV/86,19:19:00,16,1.7,false
RV,2961,KGV/86,19:19:00,AR/86,19:23:00,16,3.0,false
RV,2965,FA/86,19:14:00,BK/86,19:20:00,17,11.9,false
RV,2965,BK/86,19:21:00,BET/86,19:24:00,17,2.9,false
RV,2965,BET/86,19:25:00,VJ/86,19:32:00,17,10.9,false
RV,2965,VJ/86,19:33:00,HED/86,19:42:00,19,15.1,false
RV,2965,HED/86,19:43:00,HS/86,19:51:00,19,16.3,false
RV,2965,HS/86,19:52:00,HÅ/86,19:59:00,16,14.5,false
RV,2965,HÅ/86,19:59:00,SD/86,20:06:00,16,14.1,false
RV,2965,SD/86,20:07:00,HX/86,20:11:00,16,8.5,false
RV,2965,HX/86,20:11:00,VI/86,20:16:00,16,9.6,false
RV,2965,VI/86,20:17:00,KGV/86,20:19:00,16,1.7,false
RV,2965,KGV/86,20:19:00,AR/86,20:23:00,16,3.0,false
RV,2969,FA/86,20:14:00,BK/86,20:20:00,40,11.9,false
RV,2969,BK/86,20:21:00,BET/86,20:24:00,40,2.9,false
RV,2969,BET/86,20:25:00,VJ/86,20:32:00,40,10.9,false
RV,2969,VJ/86,20:33:00,HED/86,20:42:00,55,15.1,false
RV,2969,HED/86,20:43:00,HS/86,20:51:00,55,16.3,false
RV,2969,HS/86,20:52:00,HÅ/86,20:59:00,38,14.5,false
RV,2969,HÅ/86,20:59:00,SD/86,21:06:00,38,14.1,false
RV,2969,SD/86,21:07:00,HX/86,21:11:00,36,8.5,false
RV,2969,HX/86,21:11:00,VI/86,21:16:00,36,9.6,false
RV,2969,VI/86,21:17:00,KGV/86,21:19:00,36,1.7,false
RV,2969,KGV/86,21:19:00,AR/86,21:23:00,36,3.0,false
RV,2754,FA/86,16:40:00,SNO/86,16:43:00,6,4.3,true
RV,2754,SNO/86,16:43:00,MD/86,16:47:00,6,5.9,true
RV,2754,MD/86,16:48:00,KA/86,16:52:00,12,6.1,true
RV,2754,KA/86,16:53:00,NA/86,16:56:00,12,4.2,true
RV,2754,NA/86,16:57:00,EB/86,17:03:00,12,5.3,true
RV,2754,EB/86,17:15:00,GD/86,17:19:00,12,4.6,true
RV,2754,GD/86,17:20:00,AP/86,17:24:00,12,5.5,true
RV,2754,AP/86,17:25:00,BD/86,17:28:00,12,3.6,true
RV,2754,BD/86,17:29:00,SC/86,17:31:00,12,2.4,true
RV,2754,SC/86,17:32:00,TP/86,17:35:00,12,3.2,true
RV,2754,TP/86,17:36:00,HP/86,17:40:00,12,6.6,true
RV,2754,HP/86,17:41:00,OD/86,17:47:00,12,8.6,true
RV,2710,FA/86,06:11:00,SNO/86,06:14:00,2,4.3,true
RV,2710,SNO/86,06:14:00,MD/86,06:18:00,2,5.9,true
RV,2710,MD/86,06:19:00,KA/86,06:23:00,29,6.1,true
RV,2710,KA/86,06:23:00,NA/86,06:27:00,29,4.2,true
RV,2710,NA/86,06:28:00,EB/86,06:32:00,29,5.3,true
RV,2710,EB/86,06:43:00,GD/86,06:47:00,29,4.6,true
RV,2710,GD/86,06:48:00,AP/86,06:52:00,29,5.5,true
RV,2710,AP/86,06:53:00,BD/86,06:56:00,29,3.6,true
RV,2710,BD/86,06:57:00,SC/86,06:59:00,29,2.4,true
RV,2710,SC/86,07:00:00,TP/86,07:03:00,29,3.2,true
RV,2710,TP/86,07:04:00,HP/86,07:09:00,29,6.6,true
RV,2710,HP/86,07:09:00,OD/86,07:16:00,29,8.6,true
RV,2715,OD/86,06:40:00,HP/86,06:45:00,29,8.6,true
RV,2715,HP/86,06:46:00,TP/86,06:50:00,29,6.6,true
RV,2715,TP/86,06:51:00,SC/86,06:53:00,29,3.2,true
RV,2715,SC/86,06:54:00,BD/86,06:56:00,29,2.4,true
RV,2715,BD/86,06:57:00,AP/86,07:00:00,29,3.6,true
RV,2715,AP/86,07:01:00,GD/86,07:04:00,29,5.5,true
RV,2715,GD/86,07:05:00,EB/86,07:09:00,29,4.6,true
RV,2715,EB/86,07:10:00,NA/86,07:13:00,29,5.3,true
RV,2715,NA/86,07:14:00,KA/86,07:18:00,29,4.2,true
RV,2715,KA/86,07:18:00,MD/86,07:22:00,29,6.1,true
RV,2715,MD/86,07:23:00,SNO/86,07:27:00,19,5.9,true
RV,2715,SNO/86,07:27:00,FA/86,07:30:00,19,4.3,true
RV,2720,FA/86,08:30:00,SNO/86,08:33:00,16,4.3,true
RV,2720,SNO/86,08:33:00,MD/86,08:37:00,16,5.9,true
RV,2720,MD/86,08:38:00,KA/86,08:42:00,27,6.1,true
RV,2720,KA/86,08:43:00,NA/86,08:46:00,27,4.2,true
RV,2720,NA/86,08:47:00,EB/86,08:51:00,27,5.3,true
RV,2720,EB/86,08:52:00,GD/86,08:56:00,27,4.6,true
RV,2720,GD/86,08:57:00,AP/86,09:01:00,27,5.5,true
RV,2720,AP/86,09:02:00,BD/86,09:05:00,27,3.6,true
RV,2720,BD/86,09:05:00,SC/86,09:08:00,27,2.4,true
RV,2720,SC/86,09:08:00,TP/86,09:11:00,27,3.2,true
RV,2720,TP/86,09:12:00,HP/86,09:17:00,27,6.6,true
RV,2720,HP/86,09:17:00,OD/86,09:24:00,27,8.6,true
RV,2728,FA/86,10:35:00,SNO/86,10:38:00,2,4.3,true
RV,2728,SNO/86,10:38:00,MD/86,10:42:00,2,5.9,true
RV,2728,MD/86,10:43:00,KA/86,10:47:00,11,6.1,true
RV,2728,KA/86,10:47:00,NA/86,10:51:00,11,4.2,true
RV,2728,NA/86,10:52:00,EB/86,10:56:00,11,5.3,true
RV,2728,EB/86,10:57:00,GD/86,11:01:00,11,4.6,true
RV,2728,GD/86,11:02:00,AP/86,11:06:00,11,5.5,true
RV,2728,AP/86,11:07:00,BD/86,11:10:00,11,3.6,true
RV,2728,BD/86,11:10:00,SC/86,11:13:00,11,2.4,true
RV,2728,SC/86,11:13:00,TP/86,11:16:00,11,3.2,true
RV,2728,TP/86,11:23:00,HP/86,11:27:00,11,6.6,true
RV,2728,HP/86,11:28:00,OD/86,11:34:00,11,8.6,true
RV,2733,OD/86,10:39:00,HP/86,10:45:00,8,8.6,true
RV,2733,HP/86,10:45:00,TP/86,10:50:00,8,6.6,true
RV,2733,TP/86,10:51:00,SC/86,10:53:00,8,3.2,true
RV,2733,SC/86,10:54:00,BD/86,10:56:00,8,2.4,true
RV,2733,BD/86,10:56:00,AP/86,10:59:00,8,3.6,true
RV,2733,AP/86,11:00:00,GD/86,11:04:00,8,5.5,true
RV,2733,GD/86,11:05:00,EB/86,11:08:00,8,4.6,true
RV,2733,EB/86,11:09:00,NA/86,11:13:00,8,5.3,true
RV,2733,NA/86,11:14:00,KA/86,11:17:00,8,4.2,true
RV,2733,KA/86,11:18:00,MD/86,11:22:00,8,6.1,true
RV,2733,MD/86,11:23:00,SNO/86,11:26:00,5,5.9,true
RV,2733,SNO/86,11:26:00,FA/86,11:29:00,5,4.3,true
RV,2736,FA/86,12:30:00,SNO/86,12:33:00,5,4.3,true
RV,2736,SNO/86,12:33:00,MD/86,12:37:00,5,5.9,true
RV,2736,MD/86,12:38:00,KA/86,12:42:00,15,6.1,true
RV,2736,KA/86,12:42:00,NA/86,12:45:00,15,4.2,true
RV,2736,NA/86,12:46:00,EB/86,12:50:00,15,5.3,true
RV,2736,EB/86,12:51:00,GD/86,12:54:00,15,4.6,true
RV,2736,GD/86,12:55:00,AP/86,12:59:00,15,5.5,true
RV,2736,AP/86,13:00:00,BD/86,13:03:00,15,3.6,true
RV,2736,BD/86,13:03:00,SC/86,13:06:00,15,2.4,true
RV,2736,SC/86,13:06:00,TP/86,13:09:00,15,3.2,true
RV,2736,TP/86,13:10:00,HP/86,13:14:00,15,6.6,true
RV,2736,HP/86,13:15:00,OD/86,13:21:00,15,8.6,true
RV,2741,OD/86,12:38:00,HP/86,12:44:00,19,8.6,true
RV,2741,HP/86,12:44:00,TP/86,12:49:00,19,6.6,true
RV,2741,TP/86,12:50:00,SC/86,12:53:00,19,3.2,true
RV,2741,SC/86,12:53:00,BD/86,12:56:00,19,2.4,true
RV,2741,BD/86,12:56:00,AP/86,12:59:00,19,3.6,true
RV,2741,AP/86,13:00:00,GD/86,13:04:00,19,5.5,true
RV,2741,GD/86,13:05:00,EB/86,13:09:00,19,4.6,true
RV,2741,EB/86,13:10:00,NA/86,13:14:00,19,5.3,true
RV,2741,NA/86,13:15:00,KA/86,13:18:00,19,4.2,true
RV,2741,KA/86,13:18:00,MD/86,13:23:00,19,6.1,true
RV,2741,MD/86,13:24:00,SNO/86,13:28:00,7,5.9,true
RV,2741,SNO/86,13:28:00,FA/86,13:31:00,7,4.3,true
RV,2760,FA/86,18:30:00,SNO/86,18:33:00,11,4.3,true
RV,2760,SNO/86,18:33:00,MD/86,18:37:00,11,5.9,true
RV,2760,MD/86,18:38:00,KA/86,18:42:00,16,6.1,true
RV,2760,KA/86,18:43:00,NA/86,18:46:00,16,4.2,true
RV,2760,NA/86,18:47:00,EB/86,18:51:00,16,5.3,true
RV,2760,EB/86,18:52:00,GD/86,18:56:00,16,4.6,true
RV,2760,GD/86,18:57:00,AP/86,19:01:00,16,5.5,true
RV,2760,AP/86,19:02:00,BD/86,19:05:00,16,3.6,true
RV,2760,BD/86,19:05:00,SC/86,19:08:00,16,2.4,true
RV,2760,SC/86,19:08:00,TP/86,19:11:00,16,3.2,true
RV,2760,TP/86,19:12:00,HP/86,19:17:00,16,6.6,true
RV,2760,HP/86,19:17:00,OD/86,19:24:00,16,8.6,true
RV,2765,OD/86,18:36:00,HP/86,18:42:00,19,8.6,true
RV,2765,HP/86,18:42:00,TP/86,18:47:00,19,6.6,true
RV,2765,TP/86,18:48:00,SC/86,18:51:00,19,3.2,true
RV,2765,SC/86,18:52:00,BD/86,18:54:00,19,2.4,true
RV,2765,BD/86,18:54:00,AP/86,18:58:00,19,3.6,true
RV,2765,AP/86,18:59:00,GD/86,19:03:00,19,5.5,true
RV,2765,GD/86,19:04:00,EB/86,19:07:00,19,4.6,true
RV,2765,EB/86,19:08:00,NA/86,19:12:00,19,5.3,true
RV,2765,NA/86,19:13:00,KA/86,19:17:00,19,4.2,true
RV,2765,KA/86,19:17:00,MD/86,19:22:00,19,6.1,true
RV,2765,MD/86,19:23:00,SNO/86,19:27:00,2,5.9,true
RV,2765,SNO/86,19:27:00,FA/86,19:30:00,2,4.3,true
RV,2777,OD/86,21:36:00,HP/86,21:42:00,37,8.6,true
RV,2777,HP/86,21:42:00,TP/86,21:47:00,37,6.6,true
RV,2777,TP/86,21:48:00,SC/86,21:51:00,37,3.2,true
RV,2777,SC/86,21:52:00,BD/86,21:54:00,37,2.4,true
RV,2777,BD/86,21:54:00,AP/86,21:58:00,37,3.6,true
RV,2777,AP/86,21:59:00,GD/86,22:03:00,37,5.5,true
RV,2777,GD/86,22:04:00,EB/86,22:07:00,37,4.6,true
RV,2777,EB/86,22:08:00,NA/86,22:12:00,37,5.3,true
RV,2777,NA/86,22:13:00,KA/86,22:17:00,37,4.2,true
RV,2777,KA/86,22:17:00,MD/86,22:22:00,37,6.1,true
RV,2777,MD/86,22:23:00,SNO/86,22:27:00,1,5.9,true
RV,2777,SNO/86,22:27:00,FA/86,22:30:00,1,4.3,true
RV,2909,FA/86,05:14:00,BK/86,05:20:00,33,11.9,false
RV,2909,BK/86,05:21:00,BET/86,05:24:00,33,2.9,false
RV,2909,BET/86,05:25:00,VJ/86,05:32:00,33,10.9,false
RV,2909,VJ/86,05:33:00,HED/86,05:42:00,31,15.1,false
RV,2909,HED/86,05:43:00,HS/86,05:51:00,31,16.3,false
RV,2909,HS/86,05:52:00,HÅ/86,05:59:00,41,14.5,false
RV,2909,HÅ/86,05:59:00,SD/86,06:06:00,41,14.1,false
RV,2909,SD/86,06:07:00,HX/86,06:11:00,31,8.5,false
RV,2909,HX/86,06:11:00,VI/86,06:16:00,31,9.6,false
RV,2909,VI/86,06:17:00,KGV/86,06:19:00,31,1.7,false
RV,2909,KGV/86,06:19:00,AR/86,06:23:00,31,3.0,false
RV,4716,FA/86,07:30:00,SNO/86,07:33:00,15,4.3,true
RV,4716,SNO/86,07:33:00,MD/86,07:37:00,15,5.9,true
RV,4716,MD/86,07:38:00,KA/86,07:41:00,45,6.1,true
RV,4716,KA/86,07:41:00,NA/86,07:44:00,45,4.2,true
RV,4716,NA/86,07:45:00,EB/86,07:49:00,45,5.3,true
RV,4716,EB/86,07:50:00,GD/86,07:54:00,45,4.6,true
RV,4716,GD/86,07:55:00,AP/86,07:59:00,45,5.5,true
RV,4716,AP/86,08:00:00,BD/86,08:02:00,45,3.6,true
RV,4716,BD/86,08:02:00,TP/86,08:06:00,45,5.6,true
RV,4716,TP/86,08:07:00,HP/86,08:11:00,45,6.6,true
RV,4716,HP/86,08:11:00,OD/86,08:16:00,45,8.6,true
RV,2916,AR/86,06:38:00,KGV/86,06:40:00,88,3.0,false
RV,2916,KGV/86,06:40:00,VI/86,06:42:00,88,1.7,false
RV,2916,VI/86,06:43:00,HC/86,06:46:00,88,4.8,false
RV,2916,HC/86,06:46:00,SD/86,06:52:00,88,13.3,false
RV,2916,SD/86,06:53:00,HÅ/86,07:00:00,101,14.1,false
RV,2916,HÅ/86,07:00:00,HS/86,07:06:00,101,14.5,false
RV,2916,HS/86,07:08:00,HED/86,07:16:00,117,16.3,false
RV,2916,HED/86,07:17:00,VJ/86,07:25:00,117,15.1,false
RV,2916,VJ/86,07:27:00,BET/86,07:33:00,86,10.9,false
RV,2916,BET/86,07:34:00,BK/86,07:37:00,86,2.9,false
RV,2916,BK/86,07:38:00,FA/86,07:46:00,86,11.9,false
RV,2920,AR/86,07:38:00,KGV/86,07:40:00,117,3.0,false
RV,2920,KGV/86,07:40:00,VI/86,07:42:00,117,1.7,false
RV,2920,VI/86,07:43:00,HC/86,07:46:00,117,4.8,false
RV,2920,HC/86,07:46:00,SD/86,07:52:00,117,13.3,false
RV,2920,SD/86,07:53:00,HÅ/86,08:00:00,138,14.1,false
RV,2920,HÅ/86,08:00:00,HS/86,08:06:00,138,14.5,false
RV,2920,HS/86,08:08:00,HED/86,08:16:00,126,16.3,false
RV,2920,HED/86,08:17:00,VJ/86,08:25:00,126,15.1,false
RV,2920,VJ/86,08:27:00,BET/86,08:33:00,101,10.9,false
RV,2920,BET/86,08:34:00,BK/86,08:37:00,101,2.9,false
RV,2920,BK/86,08:38:00,FA/86,08:46:00,101,11.9,false
RV,2924,AR/86,08:38:00,KGV/86,08:40:00,62,3.0,false
RV,2924,KGV/86,08:40:00,VI/86,08:42:00,62,1.7,false
RV,2924,VI/86,08:43:00,HC/86,08:46:00,62,4.8,false
RV,2924,HC/86,08:46:00,SD/86,08:52:00,62,13.3,false
RV,2924,SD/86,08:53:00,HÅ/86,09:00:00,117,14.1,false
RV,2924,HÅ/86,09:00:00,HS/86,09:06:00,117,14.5,false
RV,2924,HS/86,09:08:00,HED/86,09:16:00,139,16.3,false
RV,2924,HED/86,09:17:00,VJ/86,09:25:00,139,15.1,false
RV,2924,VJ/86,09:27:00,BET/86,09:33:00,118,10.9,false
RV,2924,BET/86,09:34:00,BK/86,09:37:00,118,2.9,false
RV,2924,BK/86,09:38:00,FA/86,09:46:00,118,11.9,false
RV,2928,AR/86,09:38:00,KGV/86,09:40:00,40,3.0,false
RV,2928,KGV/86,09:40:00,VI/86,09:42:00,40,1.7,false
RV,2928,VI/86,09:43:00,HC/86,09:46:00,40,4.8,false
RV,2928,HC/86,09:46:00,SD/86,09:52:00,40,13.3,false
RV,2928,SD/86,09:53:00,HÅ/86,10:00:00,74,14.1,false
RV,2928,HÅ/86,10:00:00,HS/86,10:06:00,74,14.5,false
RV,2928,HS/86,10:08:00,HED/86,10:16:00,101,16.3,false
RV,2928,HED/86,10:17:00,VJ/86,10:25:00,101,15.1,false
RV,2928,VJ/86,10:27:00,BET/86,10:33:00,101,10.9,false
RV,2928,BET/86,10:34:00,BK/86,10:37:00,101,2.9,false
RV,2928,BK/86,10:38:00,FA/86,10:46:00,101,11.9,false
RV,2952,AR/86,15:38:00,KGV/86,15:40:00,128,3.0,false
RV,2952,KGV/86,15:40:00,VI/86,15:42:00,128,1.7,false
RV,2952,VI/86,15:43:00,HC/86,15:46:00,128,4.8,false
RV,2952,HC/86,15:46:00,SD/86,15:52:00,128,13.3,false
RV,2952,SD/86,15:53:00,HÅ/86,16:00:00,157,14.1,false
RV,2952,HÅ/86,16:00:00,HS/86,16:06:00,157,14.5,false
RV,2952,HS/86,16:08:00,HED/86,16:16:00,143,16.3,false
RV,2952,HED/86,16:17:00,VJ/86,16:25:00,143,15.1,false
RV,2952,VJ/86,16:27:00,BET/86,16:33:00,141,10.9,false
RV,2952,BET/86,16:34:00,BK/86,16:37:00,141,2.9,false
RV,2952,BK/86,16:38:00,FA/86,16:46:00,141,11.9,false
RV,4713,OD/86,05:40:00,HP/86,05:45:00,17,8.6,true
RV,4713,HP/86,05:45:00,TP/86,05:49:00,17,6.6,true
RV,4713,TP/86,05:50:00,SC/86,05:52:00,17,3.2,true
RV,4713,SC/86,05:52:00,AP/86,05:55:00,17,6.0,true
RV,4713,AP/86,05:56:00,GD/86,06:01:00,17,5.5,true
RV,4713,GD/86,06:02:00,EB/86,06:05:00,17,4.6,true
RV,4713,EB/86,06:06:00,NA/86,06:10:00,17,5.3,true
RV,4713,NA/86,06:11:00,KA/86,06:14:00,17,4.2,true
RV,4713,KA/86,06:14:00,MD/86,06:18:00,17,6.1,true
RV,4713,MD/86,06:19:00,SNO/86,06:22:00,12,5.9,true
RV,4713,SNO/86,06:22:00,FA/86,06:26:00,12,4.3,true
RV,4721,OD/86,07:40:00,HP/86,07:45:00,30,8.6,true
RV,4721,HP/86,07:45:00,TP/86,07:49:00,30,6.6,true
RV,4721,TP/86,07:50:00,SC/86,07:52:00,30,3.2,true
RV,4721,SC/86,07:52:00,AP/86,07:55:00,30,6.0,true
RV,4721,AP/86,07:56:00,GD/86,08:01:00,30,5.5,true
RV,4721,GD/86,08:02:00,EB/86,08:05:00,30,4.6,true
RV,4721,EB/86,08:06:00,NA/86,08:10:00,30,5.3,true
RV,4721,NA/86,08:11:00,KA/86,08:14:00,30,4.2,true
RV,4721,KA/86,08:14:00,MD/86,08:18:00,30,6.1,true
RV,4721,MD/86,08:19:00,SNO/86,08:22:00,4,5.9,true
RV,4721,SNO/86,08:22:00,FA/86,08:26:00,4,4.3,true
RV,4729,OD/86,09:40:00,HP/86,09:45:00,10,8.6,true
RV,4729,HP/86,09:45:00,TP/86,09:49:00,10,6.6,true
RV,4729,TP/86,09:50:00,SC/86,09:52:00,10,3.2,true
RV,4729,SC/86,09:52:00,AP/86,09:55:00,10,6.0,true
RV,4729,AP/86,09:56:00,GD/86,10:01:00,10,5.5,true
RV,4729,GD/86,10:02:00,EB/86,10:05:00,10,4.6,true
RV,4729,EB/86,10:06:00,NA/86,10:10:00,10,5.3,true
RV,4729,NA/86,10:11:00,KA/86,10:14:00,10,4.2,true
RV,4729,KA/86,10:14:00,MD/86,10:18:00,10,6.1,true
RV,4729,MD/86,10:19:00,SNO/86,10:22:00,3,5.9,true
RV,4729,SNO/86,10:22:00,FA/86,10:26:00,3,4.3,true
RV,4737,OD/86,11:44:00,HP/86,11:49:00,15,8.6,true
RV,4737,HP/86,11:49:00,TP/86,11:53:00,15,6.6,true
RV,4737,TP/86,11:54:00,SC/86,11:56:00,15,3.2,true
RV,4737,SC/86,11:56:00,AP/86,11:59:00,15,6.0,true
RV,4737,AP/86,12:00:00,GD/86,12:05:00,15,5.5,true
RV,4737,GD/86,12:06:00,EB/86,12:09:00,15,4.6,true
RV,4737,EB/86,12:10:00,NA/86,12:14:00,15,5.3,true
RV,4737,NA/86,12:15:00,KA/86,12:18:00,15,4.2,true
RV,4737,KA/86,12:18:00,MD/86,12:22:00,15,6.1,true
RV,4737,MD/86,12:23:00,SNO/86,12:26:00,4,5.9,true
RV,4737,SNO/86,12:26:00,FA/86,12:30:00,4,4.3,true
RV,4745,OD/86,13:40:00,HP/86,13:45:00,28,8.6,true
RV,4745,HP/86,13:45:00,TP/86,13:49:00,28,6.6,true
RV,4745,TP/86,13:50:00,SC/86,13:52:00,28,3.2,true
RV,4745,SC/86,13:52:00,AP/86,13:55:00,28,6.0,true
RV,4745,AP/86,13:56:00,GD/86,14:01:00,28,5.5,true
RV,4745,GD/86,14:02:00,EB/86,14:05:00,28,4.6,true
RV,4745,EB/86,14:06:00,NA/86,14:10:00,28,5.3,true
RV,4745,NA/86,14:11:00,KA/86,14:14:00,28,4.2,true
RV,4745,KA/86,14:14:00,MD/86,14:18:00,28,6.1,true
RV,4745,MD/86,14:19:00,SNO/86,14:22:00,10,5.9,true
RV,4745,SNO/86,14:22:00,FA/86,14:26:00,10,4.3,true
RV,4753,OD/86,15:43:00,HP/86,15:48:00,72,8.6,true
RV,4753,HP/86,15:48:00,TP/86,15:52:00,72,6.6,true
RV,4753,TP/86,15:53:00,SC/86,15:55:00,72,3.2,true
RV,4753,SC/86,15:55:00,AP/86,15:58:00,72,6.0,true
RV,4753,AP/86,15:59:00,GD/86,16:04:00,72,5.5,true
RV,4753,GD/86,16:05:00,EB/86,16:08:00,72,4.6,true
RV,4753,EB/86,16:09:00,NA/86,16:13:00,72,5.3,true
RV,4753,NA/86,16:14:00,KA/86,16:17:00,72,4.2,true
RV,4753,KA/86,16:17:00,MD/86,16:21:00,72,6.1,true
RV,4753,MD/86,16:22:00,SNO/86,16:25:00,9,5.9,true
RV,4753,SNO/86,16:25:00,FA/86,16:29:00,9,4.3,true
RV,4761,OD/86,17:43:00,HP/86,17:48:00,24,8.6,true
RV,4761,HP/86,17:48:00,TP/86,17:52:00,24,6.6,true
RV,4761,TP/86,17:53:00,SC/86,17:55:00,24,3.2,true
RV,4761,SC/86,17:55:00,AP/86,17:58:00,24,6.0,true
RV,4761,AP/86,17:59:00,GD/86,18:04:00,24,5.5,true
RV,4761,GD/86,18:05:00,EB/86,18:08:00,24,4.6,true
RV,4761,EB/86,18:09:00,NA/86,18:13:00,24,5.3,true
RV,4761,NA/86,18:14:00,KA/86,18:17:00,24,4.2,true
RV,4761,KA/86,18:17:00,MD/86,18:21:00,24,6.1,true
RV,4761,MD/86,18:22:00,SNO/86,18:25:00,3,5.9,true
RV,4761,SNO/86,18:25:00,FA/86,18:29:00,3,4.3,true
RV,4719,OD/86,07:12:00,HP/86,07:17:00,29,8.6,true
RV,4719,HP/86,07:17:00,TP/86,07:21:00,29,6.6,true
RV,4719,TP/86,07:22:00,SC/86,07:24:00,29,3.2,true
RV,4719,SC/86,07:24:00,AP/86,07:27:00,29,6.0,true
RV,4719,AP/86,07:28:00,GD/86,07:32:00,29,5.5,true
RV,4719,GD/86,07:33:00,EB/86,07:37:00,29,4.6,true
RV,4719,EB/86,07:38:00,NA/86,07:42:00,29,5.3,true
RV,4719,NA/86,07:43:00,KA/86,07:45:00,29,4.2,true
RV,4719,KA/86,07:45:00,MD/86,07:49:00,29,6.1,true
RV,4719,MD/86,07:50:00,SNO/86,07:54:00,6,5.9,true
RV,4719,SNO/86,07:54:00,FA/86,07:57:00,6,4.3,true
RV,3918,AR/86,07:04:00,KGV/86,07:06:00,119,3.0,false
RV,3918,KGV/86,07:06:00,VI/86,07:08:00,119,1.7,false
RV,3918,VI/86,07:09:00,HC/86,07:12:00,119,4.8,false
RV,3918,HC/86,07:12:00,SD/86,07:19:00,119,13.3,false
RV,3918,SD/86,07:20:00,HÅ/86,07:26:00,149,14.1,false
RV,3918,HÅ/86,07:26:00,HS/86,07:33:00,149,14.5,false
RV,3918,HS/86,07:35:00,HED/86,07:43:00,153,16.3,false
RV,3918,HED/86,07:44:00,VJ/86,07:52:00,153,15.1,false
RV,3918,VJ/86,07:53:00,BET/86,08:00:00,74,10.9,false
RV,3918,BET/86,08:01:00,BK/86,08:03:00,74,2.9,false
RV,3918,BK/86,08:04:00,FA/86,08:12:00,74,11.9,false
RV,3922,AR/86,08:09:00,KGV/86,08:11:00,35,3.0,false
RV,3922,KGV/86,08:11:00,VI/86,08:13:00,35,1.7,false
RV,3922,VI/86,08:14:00,HC/86,08:17:00,35,4.8,false
RV,3922,HC/86,08:17:00,SD/86,08:24:00,35,13.3,false
RV,3922,SD/86,08:25:00,HÅ/86,08:31:00,59,14.1,false
RV,3922,HÅ/86,08:31:00,HS/86,08:38:00,59,14.5,false
RV,3922,HS/86,08:40:00,HED/86,08:48:00,53,16.3,false
RV,3922,HED/86,08:49:00,VJ/86,08:59:00,53,15.1,false
RV,3922,VJ/86,09:09:00,BET/86,09:15:00,64,10.9,false
RV,3922,BET/86,09:16:00,BK/86,09:18:00,64,2.9,false
RV,3922,BK/86,09:19:00,FA/86,09:27:00,64,11.9,false
RV,3950,AR/86,15:09:00,KGV/86,15:11:00,77,3.0,false
RV,3950,KGV/86,15:11:00,VI/86,15:13:00,77,1.7,false
RV,3950,VI/86,15:14:00,HC/86,15:17:00,77,4.8,false
RV,3950,HC/86,15:17:00,SD/86,15:24:00,77,13.3,false
RV,3950,SD/86,15:25:00,HÅ/86,15:31:00,105,14.1,false
RV,3950,HÅ/86,15:31:00,HS/86,15:38:00,105,14.5,false
RV,3950,HS/86,15:40:00,HED/86,15:48:00,118,16.3,false
RV,3950,HED/86,15:49:00,VJ/86,15:57:00,118,15.1,false
RV,3950,VJ/86,15:58:00,BET/86,16:05:00,96,10.9,false
RV,3950,BET/86,16:06:00,BK/86,16:08:00,96,2.9,false
RV,3950,BK/86,16:09:00,FA/86,16:17:00,96,11.9,false
RV,3954,AR/86,16:09:00,KGV/86,16:11:00,101,3.0,false
RV,3954,KGV/86,16:11:00,VI/86,16:13:00,101,1.7,false
RV,3954,VI/86,16:14:00,HC/86,16:17:00,101,4.8,false
RV,3954,HC/86,16:17:00,SD/86,16:24:00,101,13.3,false
RV,3954,SD/86,16:25:00,HÅ/86,16:31:00,161,14.1,false
RV,3954,HÅ/86,16:31:00,HS/86,16:38:00,161,14.5,false
RV,3954,HS/86,16:40:00,HED/86,16:48:00,153,16.3,false
RV,3954,HED/86,16:49:00,VJ/86,16:57:00,153,15.1,false
RV,3954,VJ/86,16:58:00,BET/86,17:05:00,133,10.9,false
RV,3954,BET/86,17:06:00,BK/86,17:08:00,133,2.9,false
RV,3954,BK/86,17:09:00,FA/86,17:17:00,133,11.9,false
RV,3958,AR/86,17:09:00,KGV/86,17:11:00,40,3.0,false
RV,3958,KGV/86,17:11:00,VI/86,17:13:00,40,1.7,false
RV,3958,VI/86,17:14:00,HC/86,17:17:00,40,4.8,false
RV,3958,HC/86,17:17:00,SD/86,17:24:00,40,13.3,false
RV,3958,SD/86,17:25:00,HÅ/86,17:31:00,75,14.1,false
RV,3958,HÅ/86,17:31:00,HS/86,17:38:00,75,14.5,false
RV,3958,HS/86,17:40:00,HED/86,17:48:00,70,16.3,false
RV,3958,HED/86,17:49:00,VJ/86,17:57:00,70,15.1,false
RV,3958,VJ/86,17:58:00,BET/86,18:05:00,71,10.9,false
RV,3958,BET/86,18:06:00,BK/86,18:08:00,71,2.9,false
RV,3958,BK/86,18:09:00,FA/86,18:17:00,71,11.9,false
RV,2936,AR/86,11:38:00,KGV/86,11:40:00,67,3.0,false
RV,2936,KGV/86,11:40:00,VI/86,11:42:00,67,1.7,false
RV,2936,VI/86,11:43:00,HC/86,11:46:00,67,4.8,false
RV,2936,HC/86,11:46:00,SD/86,11:52:00,67,13.3,false
RV,2936,SD/86,11:53:00,HÅ/86,12:00:00,98,14.1,false
RV,2936,HÅ/86,12:00:00,HS/86,12:06:00,98,14.5,false
RV,2936,HS/86,12:08:00,HED/86,12:16:00,123,16.3,false
RV,2936,HED/86,12:17:00,VJ/86,12:25:00,123,15.1,false
RV,2936,VJ/86,12:27:00,BET/86,12:33:00,142,10.9,false
RV,2936,BET/86,12:34:00,BK/86,12:37:00,142,2.9,false
RV,2936,BK/86,12:38:00,FA/86,12:46:00,142,11.9,false
RV,2948,AR/86,14:38:00,KGV/86,14:40:00,100,3.0,false
RV,2948,KGV/86,14:40:00,VI/86,14:42:00,100,1.7,false
RV,2948,VI/86,14:43:00,HC/86,14:46:00,100,4.8,false
RV,2948,HC/86,14:46:00,SD/86,14:52:00,100,13.3,false
RV,2948,SD/86,14:53:00,HÅ/86,15:00:00,175,14.1,false
RV,2948,HÅ/86,15:00:00,HS/86,15:06:00,175,14.5,false
RV,2948,HS/86,15:08:00,HED/86,15:16:00,205,16.3,false
RV,2948,HED/86,15:17:00,VJ/86,15:25:00,205,15.1,false
RV,2948,VJ/86,15:27:00,BET/86,15:33:00,230,10.9,false
RV,2948,BET/86,15:34:00,BK/86,15:37:00,230,2.9,false
RV,2948,BK/86,15:38:00,FA/86,15:46:00,230,11.9,false
RV,2932,AR/86,10:38:00,KGV/86,10:40:00,44,3.0,false
RV,2932,KGV/86,10:40:00,VI/86,10:42:00,44,1.7,false
RV,2932,VI/86,10:43:00,HC/86,10:46:00,44,4.8,false
RV,2932,HC/86,10:46:00,SD/86,10:52:00,44,13.3,false
RV,2932,SD/86,10:53:00,HÅ/86,11:00:00,75,14.1,false
RV,2932,HÅ/86,11:00:00,HS/86,11:06:00,75,14.5,false
RV,2932,HS/86,11:08:00,HED/86,11:16:00,97,16.3,false
RV,2932,HED/86,11:17:00,VJ/86,11:25:00,97,15.1,false
RV,2932,VJ/86,11:27:00,BET/86,11:33:00,99,10.9,false
RV,2932,BET/86,11:34:00,BK/86,11:37:00,99,2.9,false
RV,2932,BK/86,11:38:00,FA/86,11:46:00,99,11.9,false
RV,2913,FA/86,06:16:00,BK/86,06:22:00,30,11.9,false
RV,2913,BK/86,06:23:00,BET/86,06:26:00,30,2.9,false
RV,2913,BET/86,06:27:00,VJ/86,06:34:00,30,10.9,false
RV,2913,VJ/86,06:35:00,HED/86,06:44:00,34,15.1,false
RV,2913,HED/86,06:45:00,HS/86,06:53:00,34,16.3,false
RV,2913,HS/86,06:55:00,HÅ/86,07:02:00,54,14.5,false
RV,2913,HÅ/86,07:02:00,SD/86,07:09:00,54,14.1,false
RV,2913,SD/86,07:10:00,HX/86,07:15:00,50,8.5,false
RV,2913,HX/86,07:15:00,VI/86,07:20:00,50,9.6,false
RV,2913,VI/86,07:21:00,KGV/86,07:23:00,50,1.7,false
RV,2913,KGV/86,07:23:00,AR/86,07:26:00,50,3.0,false
RV,2751,OD/86,14:45:00,HP/86,14:51:00,52,8.6,true
RV,2751,HP/86,14:51:00,TP/86,14:56:00,52,6.6,true
RV,2751,TP/86,14:57:00,SC/86,15:00:00,52,3.2,true
RV,2751,SC/86,15:00:00,BD/86,15:03:00,52,2.4,true
RV,2751,BD/86,15:03:00,AP/86,15:06:00,52,3.6,true
RV,2751,AP/86,15:07:00,GD/86,15:11:00,52,5.5,true
RV,2751,GD/86,15:12:00,EB/86,15:17:00,52,4.6,true
RV,2751,EB/86,15:27:00,NA/86,15:31:00,52,5.3,true
RV,2751,NA/86,15:32:00,KA/86,15:35:00,52,4.2,true
RV,2751,KA/86,15:36:00,MD/86,15:40:00,52,6.1,true
RV,2751,MD/86,15:41:00,SNO/86,15:44:00,21,5.9,true
RV,2751,SNO/86,15:44:00,FA/86,15:48:00,21,4.3,true
RV,2742,FA/86,14:33:00,SNO/86,14:36:00,8,4.3,true
RV,2742,SNO/86,14:36:00,MD/86,14:40:00,8,5.9,true
RV,2742,MD/86,14:41:00,KA/86,14:45:00,30,6.1,true
RV,2742,KA/86,14:45:00,NA/86,14:48:00,30,4.2,true
RV,2742,NA/86,14:49:00,EB/86,14:53:00,30,5.3,true
RV,2742,EB/86,14:54:00,GD/86,14:57:00,30,4.6,true
RV,2742,GD/86,14:58:00,AP/86,15:02:00,30,5.5,true
RV,2742,AP/86,15:03:00,BD/86,15:06:00,30,3.6,true
RV,2742,BD/86,15:06:00,SC/86,15:08:00,30,2.4,true
RV,2742,SC/86,15:09:00,TP/86,15:11:00,30,3.2,true
RV,2742,TP/86,15:23:00,HP/86,15:27:00,30,6.6,true
RV,2742,HP/86,15:28:00,OD/86,15:34:00,30,8.6,true
RV,4724,FA/86,09:30:00,SNO/86,09:33:00,10,4.3,true
RV,4724,SNO/86,09:33:00,MD/86,09:37:00,10,5.9,true
RV,4724,MD/86,09:38:00,KA/86,09:41:00,16,6.1,true
RV,4724,KA/86,09:41:00,NA/86,09:44:00,16,4.2,true
RV,4724,NA/86,09:45:00,EB/86,09:49:00,16,5.3,true
RV,4724,EB/86,09:50:00,GD/86,09:54:00,16,4.6,true
RV,4724,GD/86,09:55:00,AP/86,09:59:00,16,5.5,true
RV,4724,AP/86,10:00:00,BD/86,10:02:00,16,3.6,true
RV,4724,BD/86,10:02:00,TP/86,10:06:00,16,5.6,true
RV,4724,TP/86,10:07:00,HP/86,10:11:00,16,6.6,true
RV,4724,HP/86,10:11:00,OD/86,10:16:00,16,8.6,true
RV,4732,FA/86,11:30:00,SNO/86,11:33:00,4,4.3,true
RV,4732,SNO/86,11:33:00,MD/86,11:37:00,4,5.9,true
RV,4732,MD/86,11:38:00,KA/86,11:41:00,8,6.1,true
RV,4732,KA/86,11:41:00,NA/86,11:44:00,8,4.2,true
RV,4732,NA/86,11:45:00,EB/86,11:49:00,8,5.3,true
RV,4732,EB/86,11:50:00,GD/86,11:54:00,8,4.6,true
RV,4732,GD/86,11:55:00,AP/86,11:59:00,8,5.5,true
RV,4732,AP/86,12:00:00,BD/86,12:02:00,8,3.6,true
RV,4732,BD/86,12:02:00,TP/86,12:06:00,8,5.6,true
RV,4732,TP/86,12:07:00,HP/86,12:11:00,8,6.6,true
RV,4732,HP/86,12:11:00,OD/86,12:16:00,8,8.6,true
RV,4740,FA/86,13:30:00,SNO/86,13:33:00,8,4.3,true
RV,4740,SNO/86,13:33:00,MD/86,13:37:00,8,5.9,true
RV,4740,MD/86,13:38:00,KA/86,13:41:00,37,6.1,true
RV,4740,KA/86,13:41:00,NA/86,13:44:00,37,4.2,true
RV,4740,NA/86,13:45:00,EB/86,13:49:00,37,5.3,true
RV,4740,EB/86,13:50:00,GD/86,13:54:00,37,4.6,true
RV,4740,GD/86,13:55:00,AP/86,13:59:00,37,5.5,true
RV,4740,AP/86,14:00:00,BD/86,14:02:00,37,3.6,true
RV,4740,BD/86,14:02:00,TP/86,14:06:00,37,5.6,true
RV,4740,TP/86,14:07:00,HP/86,14:11:00,37,6.6,true
RV,4740,HP/86,14:11:00,OD/86,14:16:00,37,8.6,true
RV,4748,FA/86,15:30:00,SNO/86,15:33:00,21,4.3,true
RV,4748,SNO/86,15:33:00,MD/86,15:37:00,21,5.9,true
RV,4748,MD/86,15:38:00,KA/86,15:41:00,31,6.1,true
RV,4748,KA/86,15:41:00,NA/86,15:44:00,31,4.2,true
RV,4748,NA/86,15:45:00,EB/86,15:49:00,31,5.3,true
RV,4748,EB/86,15:50:00,GD/86,15:54:00,31,4.6,true
RV,4748,GD/86,15:55:00,AP/86,15:59:00,31,5.5,true
RV,4748,AP/86,16:00:00,BD/86,16:02:00,31,3.6,true
RV,4748,BD/86,16:02:00,TP/86,16:06:00,31,5.6,true
RV,4748,TP/86,16:07:00,HP/86,16:11:00,31,6.6,true
RV,4748,HP/86,16:11:00,OD/86,16:16:00,31,8.6,true
RV,4756,FA/86,17:30:00,SNO/86,17:33:00,26,4.3,true
RV,4756,SNO/86,17:33:00,MD/86,17:37:00,26,5.9,true
RV,4756,MD/86,17:38:00,KA/86,17:41:00,31,6.1,true
RV,4756,KA/86,17:41:00,NA/86,17:44:00,31,4.2,true
RV,4756,NA/86,17:45:00,EB/86,17:49:00,31,5.3,true
RV,4756,EB/86,17:50:00,GD/86,17:54:00,31,4.6,true
RV,4756,GD/86,17:55:00,AP/86,17:59:00,31,5.5,true
RV,4756,AP/86,18:00:00,BD/86,18:02:00,31,3.6,true
RV,4756,BD/86,18:02:00,TP/86,18:06:00,31,5.6,true
RV,4756,TP/86,18:07:00,HP/86,18:11:00,31,6.6,true
RV,4756,HP/86,18:11:00,OD/86,18:16:00,31,8.6,true
RV,4764,FA/86,19:30:00,SNO/86,19:33:00,5,4.3,true
RV,4764,SNO/86,19:33:00,MD/86,19:37:00,5,5.9,true
RV,4764,MD/86,19:38:00,KA/86,19:41:00,14,6.1,true
RV,4764,KA/86,19:41:00,NA/86,19:44:00,14,4.2,true
RV,4764,NA/86,19:45:00,EB/86,19:49:00,14,5.3,true
RV,4764,EB/86,19:50:00,GD/86,19:54:00,14,4.6,true
RV,4764,GD/86,19:55:00,AP/86,19:59:00,14,5.5,true
RV,4764,AP/86,20:00:00,BD/86,20:02:00,14,3.6,true
RV,4764,BD/86,20:02:00,TP/86,20:06:00,14,5.6,true
RV,4764,TP/86,20:07:00,HP/86,20:10:00,14,6.6,true
RV,4764,HP/86,20:10:00,OD/86,20:16:00,14,8.6,true
RV,2785,OD/86,23:36:00,HP/86,23:42:00,14,8.6,true
RV,2785,HP/86,23:42:00,TP/86,23:47:00,14,6.6,true
RV,2785,TP/86,23:48:00,SC/86,23:51:00,14,3.2,true
RV,2785,SC/86,23:52:00,BD/86,23:54:00,14,2.4,true
RV,2785,BD/86,23:54:00,AP/86,23:58:00,14,3.6,true
RV,2785,AP/86,23:59:00,GD/86,00:03:00,14,5.5,true
RV,2785,GD/86,00:04:00,EB/86,00:07:00,14,4.6,true
RV,2785,EB/86,00:08:00,NA/86,00:12:00,14,5.3,true
RV,2785,NA/86,00:13:00,KA/86,00:17:00,14,4.2,true
RV,2785,KA/86,00:17:00,MD/86,00:22:00,14,6.1,true
RV,2785,MD/86,00:23:00,SNO/86,00:27:00,1,5.9,true
RV,2785,SNO/86,00:27:00,FA/86,00:30:00,1,4.3,true
RV,2727,OD/86,08:46:00,HP/86,08:52:00,10,8.6,true
RV,2727,HP/86,08:52:00,TP/86,08:57:00,10,6.6,true
RV,2727,TP/86,08:58:00,SC/86,09:01:00,10,3.2,true
RV,2727,SC/86,09:01:00,BD/86,09:04:00,10,2.4,true
RV,2727,BD/86,09:04:00,AP/86,09:07:00,10,3.6,true
RV,2727,AP/86,09:08:00,GD/86,09:13:00,10,5.5,true
RV,2727,GD/86,09:14:00,EB/86,09:18:00,10,4.6,true
RV,2727,EB/86,09:27:00,NA/86,09:31:00,10,5.3,true
RV,2727,NA/86,09:32:00,KA/86,09:35:00,10,4.2,true
RV,2727,KA/86,09:36:00,MD/86,09:40:00,10,6.1,true
RV,2727,MD/86,09:41:00,SNO/86,09:45:00,3,5.9,true
RV,2727,SNO/86,09:45:00,FA/86,09:48:00,3,4.3,true
RV,4772,FA/86,21:30:00,SNO/86,21:33:00,4,4.3,true
RV,4772,SNO/86,21:33:00,MD/86,21:37:00,4,5.9,true
RV,4772,MD/86,21:38:00,KA/86,21:41:00,9,6.1,true
RV,4772,KA/86,21:41:00,NA/86,21:44:00,9,4.2,true
RV,4772,NA/86,21:45:00,EB/86,21:49:00,9,5.3,true
RV,4772,EB/86,21:50:00,GD/86,21:54:00,9,4.6,true
RV,4772,GD/86,21:55:00,AP/86,21:59:00,9,5.5,true
RV,4772,AP/86,22:00:00,BD/86,22:02:00,9,3.6,true
RV,4772,BD/86,22:02:00,TP/86,22:06:00,9,5.6,true
RV,4772,TP/86,22:07:00,HP/86,22:10:00,9,6.6,true
RV,4772,HP/86,22:10:00,OD/86,22:16:00,9,8.6,true
RV,4769,OD/86,19:40:00,HP/86,19:45:00,40,8.6,true
RV,4769,HP/86,19:45:00,TP/86,19:49:00,40,6.6,true
RV,4769,TP/86,19:50:00,SC/86,19:52:00,40,3.2,true
RV,4769,SC/86,19:52:00,AP/86,19:55:00,40,6.0,true
RV,4769,AP/86,19:56:00,GD/86,20:01:00,40,5.5,true
RV,4769,GD/86,20:02:00,EB/86,20:05:00,40,4.6,true
RV,4769,EB/86,20:06:00,NA/86,20:10:00,40,5.3,true
RV,4769,NA/86,20:11:00,KA/86,20:14:00,40,4.2,true
RV,4769,KA/86,20:14:00,MD/86,20:18:00,40,6.1,true
RV,4769,MD/86,20:19:00,SNO/86,20:22:00,19,5.9,true
RV,4769,SNO/86,20:22:00,FA/86,20:26:00,19,4.3,true
RV,2973,FA/86,21:14:00,BK/86,21:20:00,14,11.9,false
RV,2973,BK/86,21:21:00,BET/86,21:24:00,14,2.9,false
RV,2973,BET/86,21:25:00,VJ/86,21:32:00,14,10.9,false
RV,2973,VJ/86,21:33:00,HED/86,21:42:00,13,15.1,false
RV,2973,HED/86,21:43:00,HS/86,21:51:00,13,16.3,false
RV,2973,HS/86,21:52:00,HÅ/86,21:59:00,11,14.5,false
RV,2973,HÅ/86,21:59:00,SD/86,22:06:00,11,14.1,false
RV,2973,SD/86,22:07:00,HX/86,22:11:00,11,8.5,false
RV,2973,HX/86,22:11:00,VI/86,22:16:00,11,9.6,false
RV,2973,VI/86,22:17:00,KGV/86,22:19:00,11,1.7,false
RV,2973,KGV/86,22:19:00,AR/86,22:23:00,11,3.0,false
RV,2972,AR/86,20:38:00,KGV/86,20:40:00,53,3.0,false
RV,2972,KGV/86,20:40:00,VI/86,20:42:00,53,1.7,false
RV,2972,VI/86,20:43:00,HC/86,20:46:00,53,4.8,false
RV,2972,HC/86,20:46:00,SD/86,20:52:00,53,13.3,false
RV,2972,SD/86,20:53:00,HÅ/86,21:00:00,61,14.1,false
RV,2972,HÅ/86,21:00:00,HS/86,21:06:00,61,14.5,false
RV,2972,HS/86,21:08:00,HED/86,21:16:00,54,16.3,false
RV,2972,HED/86,21:17:00,VJ/86,21:25:00,54,15.1,false
RV,2972,VJ/86,21:27:00,BET/86,21:33:00,42,10.9,false
RV,2972,BET/86,21:34:00,BK/86,21:37:00,42,2.9,false
RV,2972,BK/86,21:38:00,FA/86,21:46:00,42,11.9,false
RV,2976,AR/86,21:38:00,KGV/86,21:40:00,42,3.0,false
RV,2976,KGV/86,21:40:00,VI/86,21:42:00,42,1.7,false
RV,2976,VI/86,21:43:00,HC/86,21:46:00,42,4.8,false
RV,2976,HC/86,21:46:00,SD/86,21:52:00,42,13.3,false
RV,2976,SD/86,21:53:00,HÅ/86,22:00:00,45,14.1,false
RV,2976,HÅ/86,22:00:00,HS/86,22:06:00,45,14.5,false
RV,2976,HS/86,22:08:00,HED/86,22:16:00,42,16.3,false
RV,2976,HED/86,22:17:00,VJ/86,22:25:00,42,15.1,false
RV,2976,VJ/86,22:27:00,BET/86,22:33:00,40,10.9,false
RV,2976,BET/86,22:34:00,BK/86,22:37:00,40,2.9,false
RV,2976,BK/86,22:38:00,FA/86,22:46:00,40,11.9,false
RV,2980,AR/86,22:38:00,KGV/86,22:40:00,51,3.0,false
RV,2980,KGV/86,22:40:00,VI/86,22:42:00,51,1.7,false
RV,2980,VI/86,22:43:00,HC/86,22:46:00,51,4.8,false
RV,2980,HC/86,22:46:00,SD/86,22:52:00,51,13.3,false
RV,2980,SD/86,22:53:00,HÅ/86,23:00:00,54,14.1,false
RV,2980,HÅ/86,23:00:00,HS/86,23:06:00,54,14.5,false
RV,2980,HS/86,23:08:00,HED/86,23:16:00,42,16.3,false
RV,2980,HED/86,23:17:00,VJ/86,23:25:00,42,15.1,false
RV,2980,VJ/86,23:27:00,BET/86,23:33:00,43,10.9,false
RV,2980,BET/86,23:34:00,BK/86,23:37:00,43,2.9,false
RV,2980,BK/86,23:38:00,FA/86,23:46:00,43,11.9,false
RV,2325,ES/86,08:04:00,JNE/86,08:06:00,21,2.4,true
RV,2325,JNE/86,08:06:00,BM/86,08:14:00,21,14.0,true
RV,2325,BM/86,08:15:00,GØ/86,08:19:00,37,6.0,true
RV,2325,GØ/86,08:20:00,HQ/86,08:25:00,37,7.4,true
RV,2325,HQ/86,08:26:00,BP/86,08:30:00,37,6.5,true
RV,2325,BP/86,08:31:00,VN/86,08:36:00,37,7.8,true
RV,2325,VN/86,08:37:00,LK/86,08:45:00,37,11.6,true
RV,2325,LK/86,08:46:00,KD/86,08:53:00,40,12.9,true
RV,2325,KD/86,08:55:00,TL/86,09:01:00,53,11.3,true
RV,2325,TL/86,09:02:00,FA/86,09:09:00,54,8.6,true
RV,2341,ES/86,12:04:00,JNE/86,12:06:00,17,2.4,true
RV,2341,JNE/86,12:06:00,BM/86,12:14:00,17,14.0,true
RV,2341,BM/86,12:15:00,GØ/86,12:19:00,21,6.0,true
RV,2341,GØ/86,12:20:00,HQ/86,12:25:00,21,7.4,true
RV,2341,HQ/86,12:26:00,BP/86,12:30:00,21,6.5,true
RV,2341,BP/86,12:31:00,VN/86,12:36:00,21,7.8,true
RV,2341,VN/86,12:37:00,LK/86,12:45:00,21,11.6,true
RV,2341,LK/86,12:46:00,KD/86,12:53:00,21,12.9,true
RV,2341,KD/86,12:55:00,TL/86,13:01:00,25,11.3,true
RV,2341,TL/86,13:02:00,FA/86,13:09:00,26,8.6,true
RV,2357,ES/86,16:04:00,JNE/86,16:06:00,54,2.4,true
RV,2357,JNE/86,16:06:00,BM/86,16:14:00,54,14.0,true
RV,2357,BM/86,16:15:00,GØ/86,16:19:00,69,6.0,true
RV,2357,GØ/86,16:20:00,HQ/86,16:25:00,69,7.4,true
RV,2357,HQ/86,16:26:00,BP/86,16:30:00,69,6.5,true
RV,2357,BP/86,16:31:00,VN/86,16:36:00,69,7.8,true
RV,2357,VN/86,16:37:00,LK/86,16:45:00,69,11.6,true
RV,2357,LK/86,16:46:00,KD/86,16:53:00,75,12.9,true
RV,2357,KD/86,16:55:00,TL/86,17:01:00,141,11.3,true
RV,2357,TL/86,17:02:00,FA/86,17:09:00,146,8.6,true
RV,4169,AB/86,22:34:00,ABV/86,22:36:00,1,1.2,false
RV,4169,ABV/86,22:37:00,LIH/86,22:39:00,1,1.8,false
RV,4169,LIH/86,22:40:00,ABL/86,22:44:00,1,2.5,false
RV,4003,AB/86,05:58:00,ABV/86,06:00:00,3,1.2,false
RV,4003,ABV/86,06:01:00,LIH/86,06:03:00,3,1.8,false
RV,4003,LIH/86,06:04:00,ABL/86,06:08:00,3,2.5,false
RV,2981,KD/86,22:49:00,TL/86,22:55:00,2,11.3,true
RV,2981,TL/86,22:55:00,FA/86,23:01:00,2,8.6,true
RØ,1504,KB/86,05:37:00,KBØ/86,05:39:00,58,2.0,false
RØ,1504,KBØ/86,05:40:00,VÆ/86,05:44:00,58,5.8,false
RØ,1504,VÆ/86,05:44:00,SE/86,05:48:00,58,5.6,false
RØ,1504,SE/86,05:49:00,JY/86,05:54:00,58,7.7,false
RØ,1504,JY/86,05:55:00,MØ/86,06:00:00,58,6.6,false
RØ,1504,MØ/86,06:01:00,KS/86,06:04:00,58,3.5,false
RØ,1504,KS/86,06:05:00,RT/86,06:08:00,58,4.2,false
RØ,1504,RT/86,06:09:00,HK/86,06:15:00,58,8.1,false
RØ,1504,HK/86,06:17:00,PE/86,06:21:00,112,5.9,true
RØ,1504,PE/86,06:21:00,RO/86,06:34:00,112,29.9,true
RØ,1504,RO/86,06:36:00,TRK/86,06:38:00,182,3.1,true
RØ,1504,TRK/86,06:38:00,HTÅ/86,06:43:00,182,8.7,true
RØ,1504,HTÅ/86,06:44:00,GL/86,06:49:00,179,8.3,true
RØ,1504,GL/86,06:49:00,KH/86,06:57:00,179,11.2,true
RØ,1504,KH/86,07:01:00,KN/86,07:03:00,79,1.5,true
RØ,1504,KN/86,07:04:00,KK/86,07:07:00,79,1.6,true
RØ,1544,KB/86,15:37:00,KBØ/86,15:39:00,127,2.0,false
RØ,1544,KBØ/86,15:40:00,VÆ/86,15:44:00,127,5.8,false
RØ,1544,VÆ/86,15:44:00,SE/86,15:48:00,127,5.6,false
RØ,1544,SE/86,15:49:00,JY/86,15:54:00,127,7.7,false
RØ,1544,JY/86,15:55:00,MØ/86,16:00:00,127,6.6,false
RØ,1544,MØ/86,16:01:00,KS/86,16:04:00,127,3.5,false
RØ,1544,KS/86,16:05:00,RT/86,16:08:00,127,4.2,false
RØ,1544,RT/86,16:09:00,HK/86,16:15:00,127,8.1,false
RØ,1544,HK/86,16:17:00,PE/86,16:21:00,150,5.9,true
RØ,1544,PE/86,16:21:00,RO/86,16:34:00,150,29.9,true
RØ,1544,RO/86,16:36:00,TRK/86,16:38:00,220,3.1,true
RØ,1544,TRK/86,16:38:00,HTÅ/86,16:43:00,220,8.7,true
RØ,1544,HTÅ/86,16:44:00,GL/86,16:49:00,216,8.3,true
RØ,1544,GL/86,16:49:00,KH/86,16:57:00,216,11.2,true
RØ,1544,KH/86,17:01:00,KN/86,17:03:00,74,1.5,true
RØ,1544,KN/86,17:04:00,KK/86,17:07:00,74,1.6,true
RØ,4536,HK/86,14:23:00,PE/86,14:27:00,81,5.9,true
RØ,4536,PE/86,14:28:00,TØ/86,14:33:00,81,6.6,true
RØ,4536,TØ/86,14:34:00,HV/86,14:38:00,81,6.3,true
RØ,4536,HV/86,14:39:00,LJ/86,14:43:00,81,7.5,true
RØ,4536,LJ/86,14:44:00,RO/86,14:50:00,81,9.5,true
RØ,4536,RO/86,14:52:00,TRK/86,14:54:00,190,3.1,true
RØ,4536,TRK/86,14:55:00,HH/86,14:58:00,190,4.0,true
RØ,4536,HH/86,14:59:00,HTÅ/86,15:03:00,190,4.7,true
RØ,4536,HTÅ/86,15:04:00,GL/86,15:09:00,219,8.3,true
RØ,4536,GL/86,15:09:00,VAL/86,15:13:00,219,7.3,true
RØ,4536,VAL/86,15:14:00,KH/86,15:19:00,219,3.9,true
RØ,4536,KH/86,15:22:00,KN/86,15:24:00,173,1.5,true
RØ,4536,KN/86,15:25:00,KK/86,15:28:00,173,1.6,true
RØ,4536,KK/86,15:29:00,HGL/86,15:31:00,267,2.1,true
RØ,4536,HGL/86,15:31:00,HL/86,15:34:00,267,2.6,true
RØ,4536,HL/86,15:35:00,KL/86,15:39:00,267,5.5,true
RØ,4536,KL/86,15:40:00,SÅ/86,15:44:00,267,5.5,true
RØ,4536,SÅ/86,15:45:00,VB/86,15:48:00,267,3.3,true
RØ,4536,VB/86,15:49:00,RU/86,15:52:00,267,4.0,true
RØ,4536,RU/86,15:53:00,OK/86,15:56:00,267,3.0,true
RØ,4536,OK/86,15:57:00,NI/86,16:00:00,267,3.4,true
RØ,4536,NI/86,16:01:00,HUM/86,16:04:00,108,3.8,true
RØ,4536,HUM/86,16:05:00,GÆ/86,16:08:00,108,3.7,true
RØ,4536,GÆ/86,16:09:00,SQ/86,16:12:00,108,2.7,true
RØ,4536,SQ/86,16:13:00,HG/86,16:17:00,108,3.5,true
RØ,4540,HK/86,15:23:00,PE/86,15:27:00,110,5.9,true
RØ,4540,PE/86,15:28:00,TØ/86,15:33:00,110,6.6,true
RØ,4540,TØ/86,15:34:00,HV/86,15:38:00,110,6.3,true
RØ,4540,HV/86,15:39:00,LJ/86,15:43:00,110,7.5,true
RØ,4540,LJ/86,15:44:00,RO/86,15:50:00,110,9.5,true
RØ,4540,RO/86,15:52:00,TRK/86,15:54:00,243,3.1,true
RØ,4540,TRK/86,15:55:00,HH/86,15:58:00,243,4.0,true
RØ,4540,HH/86,15:59:00,HTÅ/86,16:03:00,243,4.7,true
RØ,4540,HTÅ/86,16:04:00,GL/86,16:09:00,283,8.3,true
RØ,4540,GL/86,16:09:00,VAL/86,16:13:00,283,7.3,true
RØ,4540,VAL/86,16:14:00,KH/86,16:19:00,283,3.9,true
RØ,4540,KH/86,16:22:00,KN/86,16:24:00,212,1.5,true
RØ,4540,KN/86,16:25:00,KK/86,16:28:00,212,1.6,true
RØ,4540,KK/86,16:29:00,HGL/86,16:31:00,316,2.1,true
RØ,4540,HGL/86,16:31:00,HL/86,16:34:00,316,2.6,true
RØ,4540,HL/86,16:35:00,KL/86,16:39:00,316,5.5,true
RØ,4540,KL/86,16:40:00,SÅ/86,16:44:00,316,5.5,true
RØ,4540,SÅ/86,16:45:00,VB/86,16:48:00,316,3.3,true
RØ,4540,VB/86,16:49:00,RU/86,16:52:00,316,4.0,true
RØ,4540,RU/86,16:53:00,OK/86,16:56:00,316,3.0,true
RØ,4540,OK/86,16:57:00,NI/86,17:00:00,316,3.4,true
RØ,4540,NI/86,17:01:00,HUM/86,17:04:00,119,3.8,true
RØ,4540,HUM/86,17:05:00,GÆ/86,17:08:00,119,3.7,true
RØ,4540,GÆ/86,17:09:00,SQ/86,17:12:00,119,2.7,true
RØ,4540,SQ/86,17:13:00,HG/86,17:17:00,119,3.5,true
RØ,4544,HK/86,16:23:00,PE/86,16:27:00,70,5.9,true
RØ,4544,PE/86,16:28:00,TØ/86,16:33:00,70,6.6,true
RØ,4544,TØ/86,16:34:00,HV/86,16:38:00,70,6.3,true
RØ,4544,HV/86,16:39:00,LJ/86,16:43:00,70,7.5,true
RØ,4544,LJ/86,16:44:00,RO/86,16:50:00,70,9.5,true
RØ,4544,RO/86,16:52:00,TRK/86,16:54:00,156,3.1,true
RØ,4544,TRK/86,16:55:00,HH/86,16:58:00,156,4.0,true
RØ,4544,HH/86,16:59:00,HTÅ/86,17:03:00,156,4.7,true
RØ,4544,HTÅ/86,17:04:00,GL/86,17:09:00,180,8.3,true
RØ,4544,GL/86,17:09:00,VAL/86,17:13:00,180,7.3,true
RØ,4544,VAL/86,17:14:00,KH/86,17:19:00,180,3.9,true
RØ,4544,KH/86,17:22:00,KN/86,17:24:00,138,1.5,true
RØ,4544,KN/86,17:25:00,KK/86,17:28:00,138,1.6,true
RØ,4544,KK/86,17:29:00,HGL/86,17:31:00,194,2.1,true
RØ,4544,HGL/86,17:31:00,HL/86,17:34:00,194,2.6,true
RØ,4544,HL/86,17:35:00,KL/86,17:39:00,194,5.5,true
RØ,4544,KL/86,17:40:00,SÅ/86,17:44:00,194,5.5,true
RØ,4544,SÅ/86,17:45:00,VB/86,17:48:00,194,3.3,true
RØ,4544,VB/86,17:49:00,RU/86,17:52:00,194,4.0,true
RØ,4544,RU/86,17:53:00,OK/86,17:56:00,194,3.0,true
RØ,4544,OK/86,17:57:00,NI/86,18:00:00,194,3.4,true
RØ,4544,NI/86,18:01:00,HUM/86,18:04:00,63,3.8,true
RØ,4544,HUM/86,18:05:00,GÆ/86,18:08:00,63,3.7,true
RØ,4544,GÆ/86,18:09:00,SQ/86,18:12:00,63,2.7,true
RØ,4544,SQ/86,18:13:00,HG/86,18:17:00,63,3.5,true
RØ,4548,HK/86,17:23:00,PE/86,17:27:00,52,5.9,true
RØ,4548,PE/86,17:28:00,TØ/86,17:33:00,52,6.6,true
RØ,4548,TØ/86,17:34:00,HV/86,17:38:00,52,6.3,true
RØ,4548,HV/86,17:39:00,LJ/86,17:43:00,52,7.5,true
RØ,4548,LJ/86,17:44:00,RO/86,17:50:00,52,9.5,true
RØ,4548,RO/86,17:52:00,TRK/86,17:54:00,101,3.1,true
RØ,4548,TRK/86,17:55:00,HH/86,17:58:00,101,4.0,true
RØ,4548,HH/86,17:59:00,HTÅ/86,18:03:00,101,4.7,true
RØ,4548,HTÅ/86,18:04:00,GL/86,18:09:00,121,8.3,true
RØ,4548,GL/86,18:09:00,VAL/86,18:13:00,121,7.3,true
RØ,4548,VAL/86,18:14:00,KH/86,18:19:00,121,3.9,true
RØ,4548,KH/86,18:22:00,KN/86,18:24:00,59,1.5,true
RØ,4548,KN/86,18:25:00,KK/86,18:28:00,59,1.6,true
RØ,4548,KK/86,18:29:00,HGL/86,18:31:00,80,2.1,true
RØ,4548,HGL/86,18:31:00,HL/86,18:34:00,80,2.6,true
RØ,4548,HL/86,18:35:00,KL/86,18:39:00,80,5.5,true
RØ,4548,KL/86,18:40:00,SÅ/86,18:44:00,80,5.5,true
RØ,4548,SÅ/86,18:45:00,VB/86,18:48:00,80,3.3,true
RØ,4548,VB/86,18:49:00,RU/86,18:52:00,80,4.0,true
RØ,4548,RU/86,18:53:00,OK/86,18:56:00,80,3.0,true
RØ,4548,OK/86,18:57:00,NI/86,19:00:00,80,3.4,true
RØ,4548,NI/86,19:01:00,HUM/86,19:04:00,31,3.8,true
RØ,4548,HUM/86,19:05:00,GÆ/86,19:08:00,31,3.7,true
RØ,4548,GÆ/86,19:09:00,SQ/86,19:12:00,31,2.7,true
RØ,4548,SQ/86,19:13:00,HG/86,19:17:00,31,3.5,true
RØ,4552,HK/86,18:23:00,PE/86,18:27:00,27,5.9,true
RØ,4552,PE/86,18:28:00,TØ/86,18:33:00,27,6.6,true
RØ,4552,TØ/86,18:34:00,HV/86,18:38:00,27,6.3,true
RØ,4552,HV/86,18:39:00,LJ/86,18:43:00,27,7.5,true
RØ,4552,LJ/86,18:44:00,RO/86,18:50:00,27,9.5,true
RØ,4552,RO/86,18:52:00,TRK/86,18:54:00,53,3.1,true
RØ,4552,TRK/86,18:55:00,HH/86,18:58:00,53,4.0,true
RØ,4552,HH/86,18:59:00,HTÅ/86,19:03:00,53,4.7,true
RØ,4552,HTÅ/86,19:04:00,GL/86,19:09:00,64,8.3,true
RØ,4552,GL/86,19:09:00,VAL/86,19:13:00,64,7.3,true
RØ,4552,VAL/86,19:14:00,KH/86,19:19:00,64,3.9,true
RØ,4552,KH/86,19:22:00,KN/86,19:24:00,62,1.5,true
RØ,4552,KN/86,19:25:00,KK/86,19:28:00,62,1.6,true
RØ,4552,KK/86,19:29:00,HGL/86,19:31:00,100,2.1,true
RØ,4552,HGL/86,19:31:00,HL/86,19:34:00,100,2.6,true
RØ,4552,HL/86,19:35:00,KL/86,19:39:00,100,5.5,true
RØ,4552,KL/86,19:40:00,SÅ/86,19:44:00,100,5.5,true
RØ,4552,SÅ/86,19:45:00,VB/86,19:48:00,100,3.3,true
RØ,4552,VB/86,19:49:00,RU/86,19:52:00,100,4.0,true
RØ,4552,RU/86,19:53:00,OK/86,19:56:00,100,3.0,true
RØ,4552,OK/86,19:57:00,NI/86,20:00:00,100,3.4,true
RØ,4552,NI/86,20:01:00,HUM/86,20:04:00,55,3.8,true
RØ,4552,HUM/86,20:05:00,GÆ/86,20:08:00,55,3.7,true
RØ,4552,GÆ/86,20:09:00,SQ/86,20:12:00,55,2.7,true
RØ,4552,SQ/86,20:13:00,HG/86,20:17:00,55,3.5,true
RØ,3427,HG/86,06:24:00,SQ/86,06:26:00,88,3.5,true
RØ,3427,SQ/86,06:26:00,GÆ/86,06:29:00,88,2.7,true
RØ,3427,GÆ/86,06:30:00,HUM/86,06:33:00,88,3.7,true
RØ,3427,HUM/86,06:34:00,NI/86,06:37:00,88,3.8,true
RØ,3427,NI/86,06:38:00,OK/86,06:41:00,140,3.4,true
RØ,3427,OK/86,06:42:00,RU/86,06:45:00,140,3.0,true
RØ,3427,RU/86,06:45:00,HL/86,06:59:00,140,18.3,true
RØ,3427,HL/86,07:00:00,HGL/86,07:02:00,140,2.6,true
RØ,3427,HGL/86,07:02:00,KK/86,07:05:00,140,2.1,true
RØ,3427,KK/86,07:08:00,KN/86,07:10:00,71,1.6,true
RØ,3427,KN/86,07:11:00,KH/86,07:14:00,71,1.5,true
RØ,3431,HG/86,07:24:00,SQ/86,07:26:00,192,3.5,true
RØ,3431,SQ/86,07:26:00,GÆ/86,07:29:00,192,2.7,true
RØ,3431,GÆ/86,07:30:00,HUM/86,07:33:00,192,3.7,true
RØ,3431,HUM/86,07:34:00,NI/86,07:37:00,192,3.8,true
RØ,3431,NI/86,07:38:00,OK/86,07:41:00,302,3.4,true
RØ,3431,OK/86,07:42:00,RU/86,07:45:00,302,3.0,true
RØ,3431,RU/86,07:45:00,HL/86,07:59:00,302,18.3,true
RØ,3431,HL/86,08:00:00,HGL/86,08:02:00,302,2.6,true
RØ,3431,HGL/86,08:02:00,KK/86,08:05:00,302,2.1,true
RØ,3431,KK/86,08:08:00,KN/86,08:10:00,152,1.6,true
RØ,3431,KN/86,08:11:00,KH/86,08:14:00,152,1.5,true
RØ,3435,HG/86,08:24:00,SQ/86,08:26:00,132,3.5,true
RØ,3435,SQ/86,08:26:00,GÆ/86,08:29:00,132,2.7,true
RØ,3435,GÆ/86,08:30:00,HUM/86,08:33:00,132,3.7,true
RØ,3435,HUM/86,08:34:00,NI/86,08:37:00,132,3.8,true
RØ,3435,NI/86,08:38:00,OK/86,08:41:00,198,3.4,true
RØ,3435,OK/86,08:42:00,RU/86,08:45:00,198,3.0,true
RØ,3435,RU/86,08:45:00,HL/86,08:59:00,198,18.3,true
RØ,3435,HL/86,09:00:00,HGL/86,09:02:00,198,2.6,true
RØ,3435,HGL/86,09:02:00,KK/86,09:05:00,198,2.1,true
RØ,3435,KK/86,09:08:00,KN/86,09:10:00,97,1.6,true
RØ,3435,KN/86,09:11:00,KH/86,09:14:00,97,1.5,true
RØ,4202,NÆ/86,04:25:00,GZ/86,04:33:00,21,14.8,true
RØ,4202,GZ/86,04:34:00,RG/86,04:40:00,21,12.0,true
RØ,4202,RG/86,04:41:00,KY/86,04:45:00,58,7.3,true
RØ,4202,KY/86,04:45:00,BO/86,04:49:00,58,6.9,true
RØ,4202,BO/86,04:50:00,VY/86,04:55:00,58,7.2,true
RØ,4202,VY/86,04:56:00,RO/86,05:02:00,58,11.2,true
RØ,4202,RO/86,05:04:00,TRK/86,05:06:00,106,3.1,true
RØ,4202,TRK/86,05:07:00,HH/86,05:10:00,106,4.0,true
RØ,4202,HH/86,05:11:00,HTÅ/86,05:15:00,106,4.7,true
RØ,4202,HTÅ/86,05:16:00,GL/86,05:20:00,103,8.3,true
RØ,4202,GL/86,05:20:00,VAL/86,05:24:00,103,7.3,true
RØ,4202,VAL/86,05:25:00,KH/86,05:31:00,103,3.9,true
RØ,4202,KH/86,05:37:00,KN/86,05:39:00,36,1.5,true
RØ,4202,KN/86,05:40:00,KK/86,05:43:00,36,1.6,true
RØ,4202,KK/86,05:44:00,HGL/86,05:46:00,28,2.1,true
RØ,4202,HGL/86,05:46:00,HL/86,05:49:00,28,2.6,true
RØ,4202,HL/86,05:50:00,KL/86,05:54:00,28,5.5,true
RØ,4202,KL/86,05:55:00,SÅ/86,05:59:00,28,5.5,true
RØ,4202,SÅ/86,06:00:00,VB/86,06:03:00,28,3.3,true
RØ,4202,VB/86,06:04:00,RU/86,06:07:00,28,4.0,true
RØ,4202,RU/86,06:08:00,OK/86,06:11:00,28,3.0,true
RØ,4202,OK/86,06:12:00,NI/86,06:15:00,28,3.4,true
RØ,4202,NI/86,06:16:00,HUM/86,06:19:00,15,3.8,true
RØ,4202,HUM/86,06:20:00,GÆ/86,06:23:00,15,3.7,true
RØ,4202,GÆ/86,06:24:00,SQ/86,06:27:00,15,2.7,true
RØ,4202,SQ/86,06:28:00,HG/86,06:32:00,15,3.5,true
RØ,4204,VO/86,05:10:00,LU/86,05:16:00,47,11.4,true
RØ,4204,LU/86,05:17:00,MOG/86,05:22:00,47,7.5,true
RØ,4204,MOG/86,05:22:00,NÆ/86,05:26:00,47,8.5,true
RØ,4204,NÆ/86,05:28:00,GZ/86,05:36:00,109,14.8,true
RØ,4204,GZ/86,05:37:00,RG/86,05:43:00,109,12.0,true
RØ,4204,RG/86,05:44:00,KY/86,05:48:00,170,7.3,true
RØ,4204,KY/86,05:48:00,BO/86,05:52:00,170,6.9,true
RØ,4204,BO/86,05:53:00,VY/86,05:58:00,170,7.2,true
RØ,4204,VY/86,05:59:00,RO/86,06:05:00,170,11.2,true
RØ,4204,RO/86,06:07:00,TRK/86,06:09:00,222,3.1,true
RØ,4204,TRK/86,06:10:00,HH/86,06:13:00,222,4.0,true
RØ,4204,HH/86,06:14:00,HTÅ/86,06:18:00,222,4.7,true
RØ,4204,HTÅ/86,06:19:00,GL/86,06:23:00,198,8.3,true
RØ,4204,GL/86,06:23:00,VAL/86,06:27:00,198,7.3,true
RØ,4204,VAL/86,06:28:00,KH/86,06:34:00,198,3.9,true
RØ,4204,KH/86,06:37:00,KN/86,06:39:00,80,1.5,true
RØ,4204,KN/86,06:40:00,KK/86,06:43:00,80,1.6,true
RØ,4204,KK/86,06:44:00,HGL/86,06:46:00,55,2.1,true
RØ,4204,HGL/86,06:46:00,HL/86,06:49:00,55,2.6,true
RØ,4204,HL/86,06:50:00,KL/86,06:54:00,55,5.5,true
RØ,4204,KL/86,06:55:00,SÅ/86,06:59:00,55,5.5,true
RØ,4204,SÅ/86,07:00:00,VB/86,07:03:00,55,3.3,true
RØ,4204,VB/86,07:04:00,RU/86,07:07:00,55,4.0,true
RØ,4204,RU/86,07:08:00,OK/86,07:11:00,55,3.0,true
RØ,4204,OK/86,07:12:00,NI/86,07:15:00,55,3.4,true
RØ,4204,NI/86,07:16:00,HUM/86,07:19:00,28,3.8,true
RØ,4204,HUM/86,07:20:00,GÆ/86,07:23:00,28,3.7,true
RØ,4204,GÆ/86,07:24:00,SQ/86,07:27:00,28,2.7,true
RØ,4204,SQ/86,07:28:00,HG/86,07:32:00,28,3.5,true
RØ,4210,NÆ/86,07:28:00,GZ/86,07:36:00,178,14.8,true
RØ,4210,GZ/86,07:37:00,RG/86,07:43:00,178,12.0,true
RØ,4210,RG/86,07:44:00,KY/86,07:48:00,367,7.3,true
RØ,4210,KY/86,07:48:00,BO/86,07:52:00,367,6.9,true
RØ,4210,BO/86,07:53:00,VY/86,07:58:00,367,7.2,true
RØ,4210,VY/86,07:59:00,RO/86,08:05:00,367,11.2,true
RØ,4210,RO/86,08:07:00,TRK/86,08:09:00,520,3.1,true
RØ,4210,TRK/86,08:10:00,HH/86,08:13:00,520,4.0,true
RØ,4210,HH/86,08:14:00,HTÅ/86,08:18:00,520,4.7,true
RØ,4210,HTÅ/86,08:19:00,GL/86,08:23:00,499,8.3,true
RØ,4210,GL/86,08:23:00,VAL/86,08:27:00,499,7.3,true
RØ,4210,VAL/86,08:28:00,KH/86,08:34:00,499,3.9,true
RØ,4210,KH/86,08:37:00,KN/86,08:39:00,160,1.5,true
RØ,4210,KN/86,08:40:00,KK/86,08:43:00,160,1.6,true
RØ,4210,KK/86,08:44:00,HGL/86,08:46:00,95,2.1,true
RØ,4210,HGL/86,08:46:00,HL/86,08:49:00,95,2.6,true
RØ,4210,HL/86,08:50:00,KL/86,08:54:00,95,5.5,true
RØ,4210,KL/86,08:55:00,SÅ/86,08:59:00,95,5.5,true
RØ,4210,SÅ/86,09:00:00,VB/86,09:03:00,95,3.3,true
RØ,4210,VB/86,09:04:00,RU/86,09:07:00,95,4.0,true
RØ,4210,RU/86,09:08:00,OK/86,09:11:00,95,3.0,true
RØ,4210,OK/86,09:12:00,NI/86,09:15:00,95,3.4,true
RØ,4210,NI/86,09:16:00,HUM/86,09:19:00,56,3.8,true
RØ,4210,HUM/86,09:20:00,GÆ/86,09:23:00,56,3.7,true
RØ,4210,GÆ/86,09:24:00,SQ/86,09:27:00,56,2.7,true
RØ,4210,SQ/86,09:28:00,HG/86,09:32:00,56,3.5,true
RØ,4262,RO/86,21:07:00,TRK/86,21:09:00,40,3.1,true
RØ,4262,TRK/86,21:10:00,HH/86,21:13:00,40,4.0,true
RØ,4262,HH/86,21:14:00,HTÅ/86,21:18:00,40,4.7,true
RØ,4262,HTÅ/86,21:19:00,GL/86,21:23:00,50,8.3,true
RØ,4262,GL/86,21:23:00,VAL/86,21:27:00,50,7.3,true
RØ,4262,VAL/86,21:28:00,KH/86,21:34:00,50,3.9,true
RØ,4262,KH/86,21:37:00,KN/86,21:39:00,57,1.5,true
RØ,4262,KN/86,21:40:00,KK/86,21:43:00,57,1.6,true
RØ,4262,KK/86,21:44:00,HGL/86,21:46:00,92,2.1,true
RØ,4262,HGL/86,21:46:00,HL/86,21:49:00,92,2.6,true
RØ,4262,HL/86,21:50:00,KL/86,21:54:00,92,5.5,true
RØ,4262,KL/86,21:55:00,SÅ/86,21:59:00,92,5.5,true
RØ,4262,SÅ/86,22:00:00,VB/86,22:03:00,92,3.3,true
RØ,4262,VB/86,22:04:00,RU/86,22:07:00,92,4.0,true
RØ,4262,RU/86,22:08:00,OK/86,22:11:00,92,3.0,true
RØ,4262,OK/86,22:12:00,NI/86,22:15:00,92,3.4,true
RØ,4262,NI/86,22:16:00,HUM/86,22:19:00,46,3.8,true
RØ,4262,HUM/86,22:20:00,GÆ/86,22:23:00,46,3.7,true
RØ,4262,GÆ/86,22:24:00,SQ/86,22:27:00,46,2.7,true
RØ,4262,SQ/86,22:28:00,HG/86,22:32:00,46,3.5,true
RØ,4266,RO/86,22:07:00,TRK/86,22:09:00,32,3.1,true
RØ,4266,TRK/86,22:10:00,HH/86,22:13:00,32,4.0,true
RØ,4266,HH/86,22:14:00,HTÅ/86,22:18:00,32,4.7,true
RØ,4266,HTÅ/86,22:19:00,GL/86,22:23:00,39,8.3,true
RØ,4266,GL/86,22:23:00,VAL/86,22:27:00,39,7.3,true
RØ,4266,VAL/86,22:28:00,KH/86,22:34:00,39,3.9,true
RØ,4266,KH/86,22:37:00,KN/86,22:39:00,76,1.5,true
RØ,4266,KN/86,22:40:00,KK/86,22:43:00,76,1.6,true
RØ,4266,KK/86,22:44:00,HGL/86,22:46:00,137,2.1,true
RØ,4266,HGL/86,22:46:00,HL/86,22:49:00,137,2.6,true
RØ,4266,HL/86,22:50:00,KL/86,22:54:00,137,5.5,true
RØ,4266,KL/86,22:55:00,SÅ/86,22:59:00,137,5.5,true
RØ,4266,SÅ/86,23:00:00,VB/86,23:03:00,137,3.3,true
RØ,4266,VB/86,23:04:00,RU/86,23:07:00,137,4.0,true
RØ,4266,RU/86,23:08:00,OK/86,23:11:00,137,3.0,true
RØ,4266,OK/86,23:12:00,NI/86,23:15:00,137,3.4,true
RØ,4266,NI/86,23:16:00,HUM/86,23:19:00,67,3.8,true
RØ,4266,HUM/86,23:20:00,GÆ/86,23:23:00,67,3.7,true
RØ,4266,GÆ/86,23:24:00,SQ/86,23:27:00,67,2.7,true
RØ,4266,SQ/86,23:28:00,HG/86,23:32:00,67,3.5,true
RØ,4414,NÆ/86,08:06:00,NÆN/86,08:09:00,42,3.1,true
RØ,4414,NÆN/86,08:10:00,OL/86,08:14:00,42,4.3,true
RØ,4414,OL/86,08:15:00,HZ/86,08:21:00,42,10.9,true
RØ,4414,HZ/86,08:22:00,TH/86,08:27:00,42,8.8,true
RØ,4414,TH/86,08:30:00,HF/86,08:34:00,42,6.4,true
RØ,4414,HF/86,08:35:00,KJ/86,08:39:00,42,5.5,true
RØ,4414,KJ/86,08:45:00,ØLB/86,08:47:00,104,2.7,true
RØ,4414,ØLB/86,08:48:00,KJN/86,08:51:00,104,2.2,true
RØ,4414,KJN/86,08:52:00,JSF/86,08:53:00,124,2.5,true
RØ,4414,JSF/86,08:53:00,NEL/86,09:06:20,124,28.2,true
RØ,4414,NEL/86,09:07:20,GB/86,09:09:00,124,1.4,true
RØ,4414,GB/86,09:09:00,KH/86,09:13:00,124,3.2,true
RØ,4414,KH/86,09:16:00,KN/86,09:18:00,46,1.5,true
RØ,4414,KN/86,09:19:00,KK/86,09:22:00,46,1.6,true
RØ,4418,NÆ/86,09:06:00,NÆN/86,09:09:00,39,3.1,true
RØ,4418,NÆN/86,09:10:00,OL/86,09:14:00,39,4.3,true
RØ,4418,OL/86,09:15:00,HZ/86,09:21:00,39,10.9,true
RØ,4418,HZ/86,09:22:00,TH/86,09:27:00,39,8.8,true
RØ,4418,TH/86,09:30:00,HF/86,09:34:00,39,6.4,true
RØ,4418,HF/86,09:35:00,KJ/86,09:39:00,39,5.5,true
RØ,4418,KJ/86,09:45:00,ØLB/86,09:47:00,74,2.7,true
RØ,4418,ØLB/86,09:48:00,KJN/86,09:51:00,74,2.2,true
RØ,4418,KJN/86,09:52:00,JSF/86,09:53:00,85,2.5,true
RØ,4418,JSF/86,09:53:00,NEL/86,10:06:20,85,28.2,true
RØ,4418,NEL/86,10:07:20,GB/86,10:09:00,85,1.4,true
RØ,4418,GB/86,10:09:00,KH/86,10:13:00,85,3.2,true
RØ,4418,KH/86,10:16:00,KN/86,10:18:00,41,1.5,true
RØ,4418,KN/86,10:19:00,KK/86,10:22:00,41,1.6,true
RØ,4421,KH/86,05:47:00,GB/86,05:50:00,28,3.2,true
RØ,4421,GB/86,05:50:00,NEL/86,05:51:00,28,1.4,true
RØ,4421,NEL/86,05:52:00,IG/86,05:53:00,28,1.6,true
RØ,4421,IG/86,05:53:00,KJN/86,06:06:00,28,29.1,true
RØ,4421,KJN/86,06:07:00,ØLB/86,06:10:00,25,2.2,true
RØ,4421,ØLB/86,06:11:00,KJ/86,06:13:00,25,2.7,true
RØ,4421,KJ/86,06:19:00,HF/86,06:23:00,14,5.5,true
RØ,4421,HF/86,06:24:00,TH/86,06:29:00,14,6.4,true
RØ,4421,TH/86,06:30:00,HZ/86,06:35:00,14,8.8,true
RØ,4421,HZ/86,06:36:00,OL/86,06:42:00,14,10.9,true
RØ,4421,OL/86,06:44:00,NÆN/86,06:47:00,14,4.3,true
RØ,4421,NÆN/86,06:48:00,NÆ/86,06:52:00,14,3.1,true
RØ,4422,NÆ/86,10:06:00,NÆN/86,10:09:00,23,3.1,true
RØ,4422,NÆN/86,10:10:00,OL/86,10:14:00,23,4.3,true
RØ,4422,OL/86,10:15:00,HZ/86,10:21:00,23,10.9,true
RØ,4422,HZ/86,10:22:00,TH/86,10:27:00,23,8.8,true
RØ,4422,TH/86,10:30:00,HF/86,10:34:00,23,6.4,true
RØ,4422,HF/86,10:35:00,KJ/86,10:39:00,23,5.5,true
RØ,4422,KJ/86,10:45:00,ØLB/86,10:47:00,52,2.7,true
RØ,4422,ØLB/86,10:48:00,KJN/86,10:51:00,52,2.2,true
RØ,4422,KJN/86,10:52:00,JSF/86,10:53:00,61,2.5,true
RØ,4422,JSF/86,10:53:00,NEL/86,11:06:20,61,28.2,true
RØ,4422,NEL/86,11:07:20,GB/86,11:09:00,61,1.4,true
RØ,4422,GB/86,11:09:00,KH/86,11:13:00,61,3.2,true
RØ,4422,KH/86,11:16:00,KN/86,11:18:00,31,1.5,true
RØ,4422,KN/86,11:19:00,KK/86,11:22:00,31,1.6,true
RØ,4457,KK/86,14:38:00,KN/86,14:40:00,62,1.6,true
RØ,4457,KN/86,14:41:00,KH/86,14:44:00,62,1.5,true
RØ,4457,KH/86,14:47:00,GB/86,14:50:00,169,3.2,true
RØ,4457,GB/86,14:50:00,NEL/86,14:51:00,169,1.4,true
RØ,4457,NEL/86,14:52:00,IG/86,14:53:00,169,1.6,true
RØ,4457,IG/86,14:53:00,KJN/86,15:06:00,169,29.1,true
RØ,4457,KJN/86,15:07:00,ØLB/86,15:10:00,145,2.2,true
RØ,4457,ØLB/86,15:11:00,KJ/86,15:13:00,145,2.7,true
RØ,4457,KJ/86,15:19:00,HF/86,15:23:00,74,5.5,true
RØ,4457,HF/86,15:24:00,TH/86,15:29:00,74,6.4,true
RØ,4457,TH/86,15:30:00,HZ/86,15:35:00,74,8.8,true
RØ,4457,HZ/86,15:36:00,OL/86,15:42:00,74,10.9,true
RØ,4457,OL/86,15:44:00,NÆN/86,15:47:00,74,4.3,true
RØ,4457,NÆN/86,15:48:00,NÆ/86,15:52:00,74,3.1,true
RØ,4504,HK/86,06:23:00,PE/86,06:27:00,179,5.9,true
RØ,4504,PE/86,06:28:00,TØ/86,06:33:00,179,6.6,true
RØ,4504,TØ/86,06:34:00,HV/86,06:38:00,179,6.3,true
RØ,4504,HV/86,06:39:00,LJ/86,06:43:00,179,7.5,true
RØ,4504,LJ/86,06:44:00,RO/86,06:50:00,179,9.5,true
RØ,4504,RO/86,06:52:00,TRK/86,06:54:00,313,3.1,true
RØ,4504,TRK/86,06:55:00,HH/86,06:58:00,313,4.0,true
RØ,4504,HH/86,06:59:00,HTÅ/86,07:03:00,313,4.7,true
RØ,4504,HTÅ/86,07:04:00,GL/86,07:09:00,314,8.3,true
RØ,4504,GL/86,07:09:00,VAL/86,07:13:00,314,7.3,true
RØ,4504,VAL/86,07:14:00,KH/86,07:19:00,314,3.9,true
RØ,4504,KH/86,07:22:00,KN/86,07:24:00,160,1.5,true
RØ,4504,KN/86,07:25:00,KK/86,07:28:00,160,1.6,true
RØ,4504,KK/86,07:29:00,HGL/86,07:31:00,89,2.1,true
RØ,4504,HGL/86,07:31:00,HL/86,07:34:00,89,2.6,true
RØ,4504,HL/86,07:35:00,KL/86,07:39:00,89,5.5,true
RØ,4504,KL/86,07:40:00,SÅ/86,07:44:00,89,5.5,true
RØ,4504,SÅ/86,07:45:00,VB/86,07:48:00,89,3.3,true
RØ,4504,VB/86,07:49:00,RU/86,07:52:00,89,4.0,true
RØ,4504,RU/86,07:53:00,OK/86,07:56:00,89,3.0,true
RØ,4504,OK/86,07:57:00,NI/86,08:00:00,89,3.4,true
RØ,4504,NI/86,08:01:00,HUM/86,08:04:00,62,3.8,true
RØ,4504,HUM/86,08:05:00,GÆ/86,08:08:00,62,3.7,true
RØ,4504,GÆ/86,08:09:00,SQ/86,08:12:00,62,2.7,true
RØ,4504,SQ/86,08:13:00,HG/86,08:17:00,62,3.5,true
RØ,4508,HK/86,07:23:00,PE/86,07:27:00,389,5.9,true
RØ,4508,PE/86,07:28:00,TØ/86,07:33:00,389,6.6,true
RØ,4508,TØ/86,07:34:00,HV/86,07:38:00,389,6.3,true
RØ,4508,HV/86,07:39:00,LJ/86,07:43:00,389,7.5,true
RØ,4508,LJ/86,07:44:00,RO/86,07:50:00,389,9.5,true
RØ,4508,RO/86,07:52:00,TRK/86,07:54:00,507,3.1,true
RØ,4508,TRK/86,07:55:00,HH/86,07:58:00,507,4.0,true
RØ,4508,HH/86,07:59:00,HTÅ/86,08:03:00,507,4.7,true
RØ,4508,HTÅ/86,08:04:00,GL/86,08:09:00,505,8.3,true
RØ,4508,GL/86,08:09:00,VAL/86,08:13:00,505,7.3,true
RØ,4508,VAL/86,08:14:00,KH/86,08:19:00,505,3.9,true
RØ,4508,KH/86,08:22:00,KN/86,08:24:00,218,1.5,true
RØ,4508,KN/86,08:25:00,KK/86,08:28:00,218,1.6,true
RØ,4508,KK/86,08:29:00,HGL/86,08:31:00,117,2.1,true
RØ,4508,HGL/86,08:31:00,HL/86,08:34:00,117,2.6,true
RØ,4508,HL/86,08:35:00,KL/86,08:39:00,117,5.5,true
RØ,4508,KL/86,08:40:00,SÅ/86,08:44:00,117,5.5,true
RØ,4508,SÅ/86,08:45:00,VB/86,08:48:00,117,3.3,true
RØ,4508,VB/86,08:49:00,RU/86,08:52:00,117,4.0,true
RØ,4508,RU/86,08:53:00,OK/86,08:56:00,117,3.0,true
RØ,4508,OK/86,08:57:00,NI/86,09:00:00,117,3.4,true
RØ,4508,NI/86,09:01:00,HUM/86,09:04:00,75,3.8,true
RØ,4508,HUM/86,09:05:00,GÆ/86,09:08:00,75,3.7,true
RØ,4508,GÆ/86,09:09:00,SQ/86,09:12:00,75,2.7,true
RØ,4508,SQ/86,09:13:00,HG/86,09:17:00,75,3.5,true
RØ,4512,HK/86,08:23:00,PE/86,08:27:00,144,5.9,true
RØ,4512,PE/86,08:28:00,TØ/86,08:33:00,144,6.6,true
RØ,4512,TØ/86,08:34:00,HV/86,08:38:00,144,6.3,true
RØ,4512,HV/86,08:39:00,LJ/86,08:43:00,144,7.5,true
RØ,4512,LJ/86,08:44:00,RO/86,08:50:00,144,9.5,true
RØ,4512,RO/86,08:52:00,TRK/86,08:54:00,230,3.1,true
RØ,4512,TRK/86,08:55:00,HH/86,08:58:00,230,4.0,true
RØ,4512,HH/86,08:59:00,HTÅ/86,09:03:00,230,4.7,true
RØ,4512,HTÅ/86,09:04:00,GL/86,09:09:00,259,8.3,true
RØ,4512,GL/86,09:09:00,VAL/86,09:13:00,259,7.3,true
RØ,4512,VAL/86,09:14:00,KH/86,09:19:00,259,3.9,true
RØ,4512,KH/86,09:22:00,KN/86,09:24:00,100,1.5,true
RØ,4512,KN/86,09:25:00,KK/86,09:28:00,100,1.6,true
RØ,4512,KK/86,09:29:00,HGL/86,09:31:00,80,2.1,true
RØ,4512,HGL/86,09:31:00,HL/86,09:34:00,80,2.6,true
RØ,4512,HL/86,09:35:00,KL/86,09:39:00,80,5.5,true
RØ,4512,KL/86,09:40:00,SÅ/86,09:44:00,80,5.5,true
RØ,4512,SÅ/86,09:45:00,VB/86,09:48:00,80,3.3,true
RØ,4512,VB/86,09:49:00,RU/86,09:52:00,80,4.0,true
RØ,4512,RU/86,09:53:00,OK/86,09:56:00,80,3.0,true
RØ,4512,OK/86,09:57:00,NI/86,10:00:00,80,3.4,true
RØ,4512,NI/86,10:01:00,HUM/86,10:04:00,49,3.8,true
RØ,4512,HUM/86,10:05:00,GÆ/86,10:08:00,49,3.7,true
RØ,4512,GÆ/86,10:09:00,SQ/86,10:12:00,49,2.7,true
RØ,4512,SQ/86,10:13:00,HG/86,10:17:00,49,3.5,true
RØ,4520,HK/86,10:23:00,PE/86,10:27:00,76,5.9,true
RØ,4520,PE/86,10:28:00,TØ/86,10:33:00,76,6.6,true
RØ,4520,TØ/86,10:34:00,HV/86,10:38:00,76,6.3,true
RØ,4520,HV/86,10:39:00,LJ/86,10:43:00,76,7.5,true
RØ,4520,LJ/86,10:44:00,RO/86,10:50:00,76,9.5,true
RØ,4520,RO/86,10:52:00,TRK/86,10:54:00,113,3.1,true
RØ,4520,TRK/86,10:55:00,HH/86,10:58:00,113,4.0,true
RØ,4520,HH/86,10:59:00,HTÅ/86,11:03:00,113,4.7,true
RØ,4520,HTÅ/86,11:04:00,GL/86,11:09:00,126,8.3,true
RØ,4520,GL/86,11:09:00,VAL/86,11:13:00,126,7.3,true
RØ,4520,VAL/86,11:14:00,KH/86,11:19:00,126,3.9,true
RØ,4520,KH/86,11:22:00,KN/86,11:24:00,68,1.5,true
RØ,4520,KN/86,11:25:00,KK/86,11:28:00,68,1.6,true
RØ,4520,KK/86,11:29:00,HGL/86,11:31:00,98,2.1,true
RØ,4520,HGL/86,11:31:00,HL/86,11:34:00,98,2.6,true
RØ,4520,HL/86,11:35:00,KL/86,11:39:00,98,5.5,true
RØ,4520,KL/86,11:40:00,SÅ/86,11:44:00,98,5.5,true
RØ,4520,SÅ/86,11:45:00,VB/86,11:48:00,98,3.3,true
RØ,4520,VB/86,11:49:00,RU/86,11:52:00,98,4.0,true
RØ,4520,RU/86,11:53:00,OK/86,11:56:00,98,3.0,true
RØ,4520,OK/86,11:57:00,NI/86,12:00:00,98,3.4,true
RØ,4520,NI/86,12:01:00,HUM/86,12:04:00,63,3.8,true
RØ,4520,HUM/86,12:05:00,GÆ/86,12:08:00,63,3.7,true
RØ,4520,GÆ/86,12:09:00,SQ/86,12:12:00,63,2.7,true
RØ,4520,SQ/86,12:13:00,HG/86,12:17:00,63,3.5,true
RØ,4521,KK/86,05:32:00,KN/86,05:34:00,19,1.6,true
RØ,4521,KN/86,05:35:00,KH/86,05:38:00,19,1.5,true
RØ,4521,KH/86,05:42:00,VAL/86,05:45:00,50,3.9,true
RØ,4521,VAL/86,05:46:00,HIF/86,05:49:00,50,3.4,true
RØ,4521,HIF/86,05:49:00,HTÅ/86,05:55:00,50,12.2,true
RØ,4521,HTÅ/86,05:56:00,HH/86,06:00:00,43,4.7,true
RØ,4521,HH/86,06:01:00,TRK/86,06:04:00,43,4.0,true
RØ,4521,TRK/86,06:05:00,RO/86,06:08:00,43,3.1,true
RØ,4521,RO/86,06:09:00,LJ/86,06:15:00,16,9.5,true
RØ,4521,LJ/86,06:16:00,HV/86,06:21:00,16,7.5,true
RØ,4521,HV/86,06:22:00,TØ/86,06:26:00,16,6.3,true
RØ,4521,TØ/86,06:27:00,PE/86,06:31:00,16,6.6,true
RØ,4521,PE/86,06:32:00,HK/86,06:37:00,16,5.9,true
RØ,4524,HK/86,11:23:00,PE/86,11:27:00,56,5.9,true
RØ,4524,PE/86,11:28:00,TØ/86,11:33:00,56,6.6,true
RØ,4524,TØ/86,11:34:00,HV/86,11:38:00,56,6.3,true
RØ,4524,HV/86,11:39:00,LJ/86,11:43:00,56,7.5,true
RØ,4524,LJ/86,11:44:00,RO/86,11:50:00,56,9.5,true
RØ,4524,RO/86,11:52:00,TRK/86,11:54:00,124,3.1,true
RØ,4524,TRK/86,11:55:00,HH/86,11:58:00,124,4.0,true
RØ,4524,HH/86,11:59:00,HTÅ/86,12:03:00,124,4.7,true
RØ,4524,HTÅ/86,12:04:00,GL/86,12:09:00,135,8.3,true
RØ,4524,GL/86,12:09:00,VAL/86,12:13:00,135,7.3,true
RØ,4524,VAL/86,12:14:00,KH/86,12:19:00,135,3.9,true
RØ,4524,KH/86,12:22:00,KN/86,12:24:00,77,1.5,true
RØ,4524,KN/86,12:25:00,KK/86,12:28:00,77,1.6,true
RØ,4524,KK/86,12:29:00,HGL/86,12:31:00,128,2.1,true
RØ,4524,HGL/86,12:31:00,HL/86,12:34:00,128,2.6,true
RØ,4524,HL/86,12:35:00,KL/86,12:39:00,128,5.5,true
RØ,4524,KL/86,12:40:00,SÅ/86,12:44:00,128,5.5,true
RØ,4524,SÅ/86,12:45:00,VB/86,12:48:00,128,3.3,true
RØ,4524,VB/86,12:49:00,RU/86,12:52:00,128,4.0,true
RØ,4524,RU/86,12:53:00,OK/86,12:56:00,128,3.0,true
RØ,4524,OK/86,12:57:00,NI/86,13:00:00,128,3.4,true
RØ,4524,NI/86,13:01:00,HUM/86,13:04:00,76,3.8,true
RØ,4524,HUM/86,13:05:00,GÆ/86,13:08:00,76,3.7,true
RØ,4524,GÆ/86,13:09:00,SQ/86,13:12:00,76,2.7,true
RØ,4524,SQ/86,13:13:00,HG/86,13:17:00,76,3.5,true
RØ,4525,HG/86,05:43:00,SQ/86,05:46:00,69,3.5,true
RØ,4525,SQ/86,05:47:00,GÆ/86,05:49:00,69,2.7,true
RØ,4525,GÆ/86,05:50:00,HUM/86,05:53:00,69,3.7,true
RØ,4525,HUM/86,05:54:00,NI/86,05:57:00,69,3.8,true
RØ,4525,NI/86,05:58:00,OK/86,06:02:00,108,3.4,true
RØ,4525,OK/86,06:03:00,RU/86,06:05:00,108,3.0,true
RØ,4525,RU/86,06:06:00,VB/86,06:09:00,108,4.0,true
RØ,4525,VB/86,06:10:00,SÅ/86,06:13:00,108,3.3,true
RØ,4525,SÅ/86,06:14:00,KL/86,06:18:00,108,5.5,true
RØ,4525,KL/86,06:19:00,HL/86,06:24:00,108,5.5,true
RØ,4525,HL/86,06:25:00,HGL/86,06:27:00,108,2.6,true
RØ,4525,HGL/86,06:27:00,KK/86,06:30:00,108,2.1,true
RØ,4525,KK/86,06:32:00,KN/86,06:34:00,71,1.6,true
RØ,4525,KN/86,06:35:00,KH/86,06:38:00,71,1.5,true
RØ,4525,KH/86,06:42:00,VAL/86,06:45:00,81,3.9,true
RØ,4525,VAL/86,06:46:00,HIF/86,06:49:00,81,3.4,true
RØ,4525,HIF/86,06:49:00,HTÅ/86,06:55:00,81,12.2,true
RØ,4525,HTÅ/86,06:56:00,HH/86,07:00:00,88,4.7,true
RØ,4525,HH/86,07:01:00,TRK/86,07:04:00,88,4.0,true
RØ,4525,TRK/86,07:05:00,RO/86,07:08:00,88,3.1,true
RØ,4525,RO/86,07:09:00,LJ/86,07:15:00,34,9.5,true
RØ,4525,LJ/86,07:16:00,HV/86,07:21:00,34,7.5,true
RØ,4525,HV/86,07:22:00,TØ/86,07:26:00,34,6.3,true
RØ,4525,TØ/86,07:27:00,PE/86,07:31:00,34,6.6,true
RØ,4525,PE/86,07:32:00,HK/86,07:37:00,34,5.9,true
RØ,4528,HK/86,12:23:00,PE/86,12:27:00,61,5.9,true
RØ,4528,PE/86,12:28:00,TØ/86,12:33:00,61,6.6,true
RØ,4528,TØ/86,12:34:00,HV/86,12:38:00,61,6.3,true
RØ,4528,HV/86,12:39:00,LJ/86,12:43:00,61,7.5,true
RØ,4528,LJ/86,12:44:00,RO/86,12:50:00,61,9.5,true
RØ,4528,RO/86,12:52:00,TRK/86,12:54:00,118,3.1,true
RØ,4528,TRK/86,12:55:00,HH/86,12:58:00,118,4.0,true
RØ,4528,HH/86,12:59:00,HTÅ/86,13:03:00,118,4.7,true
RØ,4528,HTÅ/86,13:04:00,GL/86,13:09:00,126,8.3,true
RØ,4528,GL/86,13:09:00,VAL/86,13:13:00,126,7.3,true
RØ,4528,VAL/86,13:14:00,KH/86,13:19:00,126,3.9,true
RØ,4528,KH/86,13:22:00,KN/86,13:24:00,80,1.5,true
RØ,4528,KN/86,13:25:00,KK/86,13:28:00,80,1.6,true
RØ,4528,KK/86,13:29:00,HGL/86,13:31:00,147,2.1,true
RØ,4528,HGL/86,13:31:00,HL/86,13:34:00,147,2.6,true
RØ,4528,HL/86,13:35:00,KL/86,13:39:00,147,5.5,true
RØ,4528,KL/86,13:40:00,SÅ/86,13:44:00,147,5.5,true
RØ,4528,SÅ/86,13:45:00,VB/86,13:48:00,147,3.3,true
RØ,4528,VB/86,13:49:00,RU/86,13:52:00,147,4.0,true
RØ,4528,RU/86,13:53:00,OK/86,13:56:00,147,3.0,true
RØ,4528,OK/86,13:57:00,NI/86,14:00:00,147,3.4,true
RØ,4528,NI/86,14:01:00,HUM/86,14:04:00,89,3.8,true
RØ,4528,HUM/86,14:05:00,GÆ/86,14:08:00,89,3.7,true
RØ,4528,GÆ/86,14:09:00,SQ/86,14:12:00,89,2.7,true
RØ,4528,SQ/86,14:13:00,HG/86,14:17:00,89,3.5,true
RØ,4532,HK/86,13:23:00,PE/86,13:27:00,69,5.9,true
RØ,4532,PE/86,13:28:00,TØ/86,13:33:00,69,6.6,true
RØ,4532,TØ/86,13:34:00,HV/86,13:38:00,69,6.3,true
RØ,4532,HV/86,13:39:00,LJ/86,13:43:00,69,7.5,true
RØ,4532,LJ/86,13:44:00,RO/86,13:50:00,69,9.5,true
RØ,4532,RO/86,13:52:00,TRK/86,13:54:00,162,3.1,true
RØ,4532,TRK/86,13:55:00,HH/86,13:58:00,162,4.0,true
RØ,4532,HH/86,13:59:00,HTÅ/86,14:03:00,162,4.7,true
RØ,4532,HTÅ/86,14:04:00,GL/86,14:09:00,169,8.3,true
RØ,4532,GL/86,14:09:00,VAL/86,14:13:00,169,7.3,true
RØ,4532,VAL/86,14:14:00,KH/86,14:19:00,169,3.9,true
RØ,4532,KH/86,14:22:00,KN/86,14:24:00,91,1.5,true
RØ,4532,KN/86,14:25:00,KK/86,14:28:00,91,1.6,true
RØ,4532,KK/86,14:29:00,HGL/86,14:31:00,127,2.1,true
RØ,4532,HGL/86,14:31:00,HL/86,14:34:00,127,2.6,true
RØ,4532,HL/86,14:35:00,KL/86,14:39:00,127,5.5,true
RØ,4532,KL/86,14:40:00,SÅ/86,14:44:00,127,5.5,true
RØ,4532,SÅ/86,14:45:00,VB/86,14:48:00,127,3.3,true
RØ,4532,VB/86,14:49:00,RU/86,14:52:00,127,4.0,true
RØ,4532,RU/86,14:53:00,OK/86,14:56:00,127,3.0,true
RØ,4532,OK/86,14:57:00,NI/86,15:00:00,127,3.4,true
RØ,4532,NI/86,15:01:00,HUM/86,15:04:00,70,3.8,true
RØ,4532,HUM/86,15:05:00,GÆ/86,15:08:00,70,3.7,true
RØ,4532,GÆ/86,15:09:00,SQ/86,15:12:00,70,2.7,true
RØ,4532,SQ/86,15:13:00,HG/86,15:17:00,70,3.5,true
RØ,4557,HG/86,13:43:00,SQ/86,13:46:00,69,3.5,true
RØ,4557,SQ/86,13:47:00,GÆ/86,13:49:00,69,2.7,true
RØ,4557,GÆ/86,13:50:00,HUM/86,13:53:00,69,3.7,true
RØ,4557,HUM/86,13:54:00,NI/86,13:57:00,69,3.8,true
RØ,4557,NI/86,13:58:00,OK/86,14:02:00,111,3.4,true
RØ,4557,OK/86,14:03:00,RU/86,14:05:00,111,3.0,true
RØ,4557,RU/86,14:06:00,VB/86,14:09:00,111,4.0,true
RØ,4557,VB/86,14:10:00,SÅ/86,14:13:00,111,3.3,true
RØ,4557,SÅ/86,14:14:00,KL/86,14:18:00,111,5.5,true
RØ,4557,KL/86,14:19:00,HL/86,14:24:00,111,5.5,true
RØ,4557,HL/86,14:25:00,HGL/86,14:27:00,111,2.6,true
RØ,4557,HGL/86,14:27:00,KK/86,14:30:00,111,2.1,true
RØ,4557,KK/86,14:32:00,KN/86,14:34:00,121,1.6,true
RØ,4557,KN/86,14:35:00,KH/86,14:38:00,121,1.5,true
RØ,4557,KH/86,14:42:00,VAL/86,14:45:00,216,3.9,true
RØ,4557,VAL/86,14:46:00,HIF/86,14:49:00,216,3.4,true
RØ,4557,HIF/86,14:49:00,HTÅ/86,14:55:00,216,12.2,true
RØ,4557,HTÅ/86,14:56:00,HH/86,15:00:00,211,4.7,true
RØ,4557,HH/86,15:01:00,TRK/86,15:04:00,211,4.0,true
RØ,4557,TRK/86,15:05:00,RO/86,15:08:00,211,3.1,true
RØ,4557,RO/86,15:09:00,LJ/86,15:15:00,136,9.5,true
RØ,4557,LJ/86,15:16:00,HV/86,15:21:00,136,7.5,true
RØ,4557,HV/86,15:22:00,TØ/86,15:26:00,136,6.3,true
RØ,4557,TØ/86,15:27:00,PE/86,15:31:00,136,6.6,true
RØ,4557,PE/86,15:32:00,HK/86,15:37:00,136,5.9,true
RØ,4561,HG/86,14:43:00,SQ/86,14:46:00,86,3.5,true
RØ,4561,SQ/86,14:47:00,GÆ/86,14:49:00,86,2.7,true
RØ,4561,GÆ/86,14:50:00,HUM/86,14:53:00,86,3.7,true
RØ,4561,HUM/86,14:54:00,NI/86,14:57:00,86,3.8,true
RØ,4561,NI/86,14:58:00,OK/86,15:02:00,145,3.4,true
RØ,4561,OK/86,15:03:00,RU/86,15:05:00,145,3.0,true
RØ,4561,RU/86,15:06:00,VB/86,15:09:00,145,4.0,true
RØ,4561,VB/86,15:10:00,SÅ/86,15:13:00,145,3.3,true
RØ,4561,SÅ/86,15:14:00,KL/86,15:18:00,145,5.5,true
RØ,4561,KL/86,15:19:00,HL/86,15:24:00,145,5.5,true
RØ,4561,HL/86,15:25:00,HGL/86,15:27:00,145,2.6,true
RØ,4561,HGL/86,15:27:00,KK/86,15:30:00,145,2.1,true
RØ,4561,KK/86,15:32:00,KN/86,15:34:00,196,1.6,true
RØ,4561,KN/86,15:35:00,KH/86,15:38:00,196,1.5,true
RØ,4561,KH/86,15:42:00,VAL/86,15:45:00,340,3.9,true
RØ,4561,VAL/86,15:46:00,HIF/86,15:49:00,340,3.4,true
RØ,4561,HIF/86,15:49:00,HTÅ/86,15:55:00,340,12.2,true
RØ,4561,HTÅ/86,15:56:00,HH/86,16:00:00,340,4.7,true
RØ,4561,HH/86,16:01:00,TRK/86,16:04:00,340,4.0,true
RØ,4561,TRK/86,16:05:00,RO/86,16:08:00,340,3.1,true
RØ,4561,RO/86,16:09:00,LJ/86,16:15:00,178,9.5,true
RØ,4561,LJ/86,16:16:00,HV/86,16:21:00,178,7.5,true
RØ,4561,HV/86,16:22:00,TØ/86,16:26:00,178,6.3,true
RØ,4561,TØ/86,16:27:00,PE/86,16:31:00,178,6.6,true
RØ,4561,PE/86,16:32:00,HK/86,16:37:00,178,5.9,true
RØ,4565,HG/86,15:43:00,SQ/86,15:46:00,56,3.5,true
RØ,4565,SQ/86,15:47:00,GÆ/86,15:49:00,56,2.7,true
RØ,4565,GÆ/86,15:50:00,HUM/86,15:53:00,56,3.7,true
RØ,4565,HUM/86,15:54:00,NI/86,15:57:00,56,3.8,true
RØ,4565,NI/86,15:58:00,OK/86,16:02:00,106,3.4,true
RØ,4565,OK/86,16:03:00,RU/86,16:05:00,106,3.0,true
RØ,4565,RU/86,16:06:00,VB/86,16:09:00,106,4.0,true
RØ,4565,VB/86,16:10:00,SÅ/86,16:13:00,106,3.3,true
RØ,4565,SÅ/86,16:14:00,KL/86,16:18:00,106,5.5,true
RØ,4565,KL/86,16:19:00,HL/86,16:24:00,106,5.5,true
RØ,4565,HL/86,16:25:00,HGL/86,16:27:00,106,2.6,true
RØ,4565,HGL/86,16:27:00,KK/86,16:30:00,106,2.1,true
RØ,4565,KK/86,16:32:00,KN/86,16:34:00,189,1.6,true
RØ,4565,KN/86,16:35:00,KH/86,16:38:00,189,1.5,true
RØ,4565,KH/86,16:42:00,VAL/86,16:45:00,352,3.9,true
RØ,4565,VAL/86,16:46:00,HIF/86,16:49:00,352,3.4,true
RØ,4565,HIF/86,16:49:00,HTÅ/86,16:55:00,352,12.2,true
RØ,4565,HTÅ/86,16:56:00,HH/86,17:00:00,345,4.7,true
RØ,4565,HH/86,17:01:00,TRK/86,17:04:00,345,4.0,true
RØ,4565,TRK/86,17:05:00,RO/86,17:08:00,345,3.1,true
RØ,4565,RO/86,17:09:00,LJ/86,17:15:00,171,9.5,true
RØ,4565,LJ/86,17:16:00,HV/86,17:21:00,171,7.5,true
RØ,4565,HV/86,17:22:00,TØ/86,17:26:00,171,6.3,true
RØ,4565,TØ/86,17:27:00,PE/86,17:31:00,171,6.6,true
RØ,4565,PE/86,17:32:00,HK/86,17:37:00,171,5.9,true
RØ,1232,NF/86,12:38:00,TN/86,12:41:00,53,6.0,false
RØ,1232,TN/86,12:41:00,VO/86,12:53:00,53,22.8,false
RØ,1232,VO/86,12:55:00,LU/86,13:00:00,76,11.4,true
RØ,1232,LU/86,13:00:00,NÆ/86,13:07:00,76,16.0,true
RØ,1232,NÆ/86,13:10:00,GZ/86,13:16:00,99,14.8,true
RØ,1232,GZ/86,13:16:00,RG/86,13:22:00,99,12.0,true
RØ,1232,RG/86,13:23:00,ADA/86,13:27:00,92,5.0,true
RØ,1232,ADA/86,13:27:00,NEL/86,13:47:00,92,52.1,true
RØ,1232,NEL/86,13:49:00,GB/86,13:50:00,92,1.4,true
RØ,1232,GB/86,13:50:00,KH/86,13:55:00,92,3.2,true
RØ,2270,NÆ/86,22:45:00,GZ/86,22:53:00,3,14.8,true
RØ,2270,GZ/86,22:54:00,RG/86,23:00:00,3,12.0,true
RØ,2270,RG/86,23:01:00,KY/86,23:05:00,7,7.3,true
RØ,2270,KY/86,23:05:00,BO/86,23:09:00,7,6.9,true
RØ,2270,BO/86,23:10:00,VY/86,23:14:00,7,7.2,true
RØ,2270,VY/86,23:15:00,RO/86,23:22:00,7,11.2,true
RØ,2270,RO/86,23:23:00,TRK/86,23:26:00,20,3.1,true
RØ,2270,TRK/86,23:27:00,HH/86,23:30:00,20,4.0,true
RØ,2270,HH/86,23:31:00,HTÅ/86,23:34:00,20,4.7,true
RØ,2270,HTÅ/86,23:36:00,GL/86,23:40:00,15,8.3,true
RØ,2270,GL/86,23:40:00,VAL/86,23:44:00,15,7.3,true
RØ,2270,VAL/86,23:45:00,KH/86,23:50:00,15,3.9,true
RØ,2538,HK/86,14:53:00,PE/86,14:57:00,126,5.9,true
RØ,2538,PE/86,14:58:00,TØ/86,15:03:00,126,6.6,true
RØ,2538,TØ/86,15:04:00,HV/86,15:08:00,126,6.3,true
RØ,2538,HV/86,15:09:00,LJ/86,15:13:00,126,7.5,true
RØ,2538,LJ/86,15:14:00,RO/86,15:20:00,126,9.5,true
RØ,2538,RO/86,15:22:00,TRK/86,15:24:00,325,3.1,true
RØ,2538,TRK/86,15:25:00,HH/86,15:28:00,325,4.0,true
RØ,2538,HH/86,15:29:00,HTÅ/86,15:33:00,325,4.7,true
RØ,2538,HTÅ/86,15:34:00,GL/86,15:39:00,354,8.3,true
RØ,2538,GL/86,15:39:00,VAL/86,15:43:00,354,7.3,true
RØ,2538,VAL/86,15:44:00,KH/86,15:49:00,354,3.9,true
RØ,2538,KH/86,15:52:00,KN/86,15:54:00,204,1.5,true
RØ,2538,KN/86,15:55:00,KK/86,15:58:00,204,1.6,true
RØ,2538,KK/86,15:59:00,HGL/86,16:01:00,274,2.1,true
RØ,2538,HGL/86,16:01:00,HL/86,16:04:00,274,2.6,true
RØ,2538,HL/86,16:05:00,KL/86,16:09:00,274,5.5,true
RØ,2538,KL/86,16:10:00,SÅ/86,16:14:00,274,5.5,true
RØ,2538,SÅ/86,16:15:00,VB/86,16:18:00,274,3.3,true
RØ,2538,VB/86,16:19:00,RU/86,16:22:00,274,4.0,true
RØ,2538,RU/86,16:23:00,OK/86,16:26:00,274,3.0,true
RØ,2538,OK/86,16:27:00,NI/86,16:30:00,274,3.4,true
RØ,2538,NI/86,16:31:00,HUM/86,16:34:00,120,3.8,true
RØ,2538,HUM/86,16:35:00,GÆ/86,16:38:00,120,3.7,true
RØ,2538,GÆ/86,16:39:00,SQ/86,16:42:00,120,2.7,true
RØ,2538,SQ/86,16:43:00,HG/86,16:47:00,120,3.5,true
RØ,2542,HK/86,15:53:00,PE/86,15:57:00,84,5.9,true
RØ,2542,PE/86,15:58:00,TØ/86,16:03:00,84,6.6,true
RØ,2542,TØ/86,16:04:00,HV/86,16:08:00,84,6.3,true
RØ,2542,HV/86,16:09:00,LJ/86,16:13:00,84,7.5,true
RØ,2542,LJ/86,16:14:00,RO/86,16:20:00,84,9.5,true
RØ,2542,RO/86,16:22:00,TRK/86,16:24:00,275,3.1,true
RØ,2542,TRK/86,16:25:00,HH/86,16:28:00,275,4.0,true
RØ,2542,HH/86,16:29:00,HTÅ/86,16:33:00,275,4.7,true
RØ,2542,HTÅ/86,16:34:00,GL/86,16:39:00,315,8.3,true
RØ,2542,GL/86,16:39:00,VAL/86,16:43:00,315,7.3,true
RØ,2542,VAL/86,16:44:00,KH/86,16:49:00,315,3.9,true
RØ,2542,KH/86,16:52:00,KN/86,16:54:00,180,1.5,true
RØ,2542,KN/86,16:55:00,KK/86,16:58:00,180,1.6,true
RØ,2542,KK/86,16:59:00,HGL/86,17:01:00,231,2.1,true
RØ,2542,HGL/86,17:01:00,HL/86,17:04:00,231,2.6,true
RØ,2542,HL/86,17:05:00,KL/86,17:09:00,231,5.5,true
RØ,2542,KL/86,17:10:00,SÅ/86,17:14:00,231,5.5,true
RØ,2542,SÅ/86,17:15:00,VB/86,17:18:00,231,3.3,true
RØ,2542,VB/86,17:19:00,RU/86,17:22:00,231,4.0,true
RØ,2542,RU/86,17:23:00,OK/86,17:26:00,231,3.0,true
RØ,2542,OK/86,17:27:00,NI/86,17:30:00,231,3.4,true
RØ,2542,NI/86,17:31:00,HUM/86,17:34:00,94,3.8,true
RØ,2542,HUM/86,17:35:00,GÆ/86,17:38:00,94,3.7,true
RØ,2542,GÆ/86,17:39:00,SQ/86,17:42:00,94,2.7,true
RØ,2542,SQ/86,17:43:00,HG/86,17:47:00,94,3.5,true
RØ,1233,KH/86,09:08:00,GB/86,09:11:00,71,3.2,true
RØ,1233,GB/86,09:11:00,NEL/86,09:12:00,71,1.4,true
RØ,1233,NEL/86,09:13:00,IG/86,09:14:00,71,1.6,true
RØ,1233,IG/86,09:14:00,RG/86,09:37:00,71,55.5,true
RØ,1233,RG/86,09:39:00,GZ/86,09:44:00,65,12.0,true
RØ,1233,GZ/86,09:44:00,NÆ/86,09:51:00,65,14.8,true
RØ,1233,NÆ/86,09:53:00,MOG/86,09:56:00,50,8.5,true
RØ,1233,MOG/86,09:56:00,VO/86,10:05:00,50,18.9,true
RØ,1233,VO/86,10:07:00,MN/86,10:10:00,32,3.8,false
RØ,1233,MN/86,10:10:00,NF/86,10:23:00,32,25.0,false
RØ,1237,KH/86,10:08:00,GB/86,10:11:00,68,3.2,true
RØ,1237,GB/86,10:11:00,NEL/86,10:12:00,68,1.4,true
RØ,1237,NEL/86,10:13:00,IG/86,10:14:00,68,1.6,true
RØ,1237,IG/86,10:14:00,RG/86,10:37:00,68,55.5,true
RØ,1237,RG/86,10:39:00,GZ/86,10:44:00,71,12.0,true
RØ,1237,GZ/86,10:44:00,NÆ/86,10:51:00,71,14.8,true
RØ,1237,NÆ/86,10:53:00,MOG/86,10:56:00,57,8.5,true
RØ,1237,MOG/86,10:56:00,VO/86,11:05:00,57,18.9,true
RØ,1237,VO/86,11:07:00,MN/86,11:10:00,42,3.8,false
RØ,1237,MN/86,11:10:00,NF/86,11:23:00,42,25.0,false
RØ,1244,NF/86,15:38:00,TN/86,15:41:00,88,6.0,false
RØ,1244,TN/86,15:41:00,VO/86,15:53:00,88,22.8,false
RØ,1244,VO/86,15:55:00,LU/86,16:00:00,137,11.4,true
RØ,1244,LU/86,16:00:00,NÆ/86,16:07:00,137,16.0,true
RØ,1244,NÆ/86,16:10:00,GZ/86,16:16:00,179,14.8,true
RØ,1244,GZ/86,16:16:00,RG/86,16:22:00,179,12.0,true
RØ,1244,RG/86,16:23:00,ADA/86,16:27:00,160,5.0,true
RØ,1244,ADA/86,16:27:00,NEL/86,16:47:00,160,52.1,true
RØ,1244,NEL/86,16:49:00,GB/86,16:50:00,160,1.4,true
RØ,1244,GB/86,16:50:00,KH/86,16:55:00,160,3.2,true
RØ,1245,KH/86,12:08:00,GB/86,12:11:00,72,3.2,true
RØ,1245,GB/86,12:11:00,NEL/86,12:12:00,72,1.4,true
RØ,1245,NEL/86,12:13:00,IG/86,12:14:00,72,1.6,true
RØ,1245,IG/86,12:14:00,RG/86,12:37:00,72,55.5,true
RØ,1245,RG/86,12:39:00,GZ/86,12:44:00,76,12.0,true
RØ,1245,GZ/86,12:44:00,NÆ/86,12:51:00,76,14.8,true
RØ,1245,NÆ/86,12:53:00,MOG/86,12:56:00,62,8.5,true
RØ,1245,MOG/86,12:56:00,VO/86,13:05:00,62,18.9,true
RØ,1245,VO/86,13:07:00,MN/86,13:10:00,47,3.8,false
RØ,1245,MN/86,13:10:00,NF/86,13:23:00,47,25.0,false
RØ,1248,NF/86,16:38:00,TN/86,16:41:00,59,6.0,false
RØ,1248,TN/86,16:41:00,VO/86,16:53:00,59,22.8,false
RØ,1248,VO/86,16:55:00,LU/86,17:00:00,81,11.4,true
RØ,1248,LU/86,17:00:00,NÆ/86,17:07:00,81,16.0,true
RØ,1248,NÆ/86,17:10:00,GZ/86,17:16:00,104,14.8,true
RØ,1248,GZ/86,17:16:00,RG/86,17:22:00,104,12.0,true
RØ,1248,RG/86,17:23:00,ADA/86,17:27:00,94,5.0,true
RØ,1248,ADA/86,17:27:00,NEL/86,17:47:00,94,52.1,true
RØ,1248,NEL/86,17:49:00,GB/86,17:50:00,94,1.4,true
RØ,1248,GB/86,17:50:00,KH/86,17:55:00,94,3.2,true
RØ,1249,KH/86,13:08:00,GB/86,13:11:00,94,3.2,true
RØ,1249,GB/86,13:11:00,NEL/86,13:12:00,94,1.4,true
RØ,1249,NEL/86,13:13:00,IG/86,13:14:00,94,1.6,true
RØ,1249,IG/86,13:14:00,RG/86,13:37:00,94,55.5,true
RØ,1249,RG/86,13:39:00,GZ/86,13:44:00,99,12.0,true
RØ,1249,GZ/86,13:44:00,NÆ/86,13:51:00,99,14.8,true
RØ,1249,NÆ/86,13:53:00,MOG/86,13:56:00,84,8.5,true
RØ,1249,MOG/86,13:56:00,VO/86,14:05:00,84,18.9,true
RØ,1249,VO/86,14:07:00,MN/86,14:10:00,61,3.8,false
RØ,1249,MN/86,14:10:00,NF/86,14:23:00,61,25.0,false
RØ,1252,NF/86,17:38:00,TN/86,17:41:00,39,6.0,false
RØ,1252,TN/86,17:41:00,VO/86,17:53:00,39,22.8,false
RØ,1252,VO/86,17:55:00,LU/86,18:00:00,52,11.4,true
RØ,1252,LU/86,18:00:00,NÆ/86,18:07:00,52,16.0,true
RØ,1252,NÆ/86,18:10:00,GZ/86,18:16:00,64,14.8,true
RØ,1252,GZ/86,18:16:00,RG/86,18:22:00,64,12.0,true
RØ,1252,RG/86,18:23:00,ADA/86,18:27:00,61,5.0,true
RØ,1252,ADA/86,18:27:00,NEL/86,18:47:00,61,52.1,true
RØ,1252,NEL/86,18:49:00,GB/86,18:50:00,61,1.4,true
RØ,1252,GB/86,18:50:00,KH/86,18:55:00,61,3.2,true
RØ,1253,KH/86,14:08:00,GB/86,14:11:00,157,3.2,true
RØ,1253,GB/86,14:11:00,NEL/86,14:12:00,157,1.4,true
RØ,1253,NEL/86,14:13:00,IG/86,14:14:00,157,1.6,true
RØ,1253,IG/86,14:14:00,RG/86,14:37:00,157,55.5,true
RØ,1253,RG/86,14:39:00,GZ/86,14:44:00,161,12.0,true
RØ,1253,GZ/86,14:44:00,NÆ/86,14:51:00,161,14.8,true
RØ,1253,NÆ/86,14:53:00,MOG/86,14:56:00,123,8.5,true
RØ,1253,MOG/86,14:56:00,VO/86,15:05:00,123,18.9,true
RØ,1253,VO/86,15:07:00,MN/86,15:10:00,90,3.8,false
RØ,1253,MN/86,15:10:00,NF/86,15:23:00,90,25.0,false
RØ,1260,NF/86,19:38:00,TN/86,19:41:00,19,6.0,false
RØ,1260,TN/86,19:41:00,VO/86,19:53:00,19,22.8,false
RØ,1260,VO/86,19:55:00,LU/86,20:00:00,25,11.4,true
RØ,1260,LU/86,20:00:00,NÆ/86,20:07:00,25,16.0,true
RØ,1260,NÆ/86,20:10:00,GZ/86,20:16:00,59,14.8,true
RØ,1260,GZ/86,20:16:00,RG/86,20:22:00,59,12.0,true
RØ,1260,RG/86,20:23:00,ADA/86,20:27:00,69,5.0,true
RØ,1260,ADA/86,20:27:00,NEL/86,20:47:00,69,52.1,true
RØ,1260,NEL/86,20:49:00,GB/86,20:50:00,69,1.4,true
RØ,1260,GB/86,20:50:00,KH/86,20:55:00,69,3.2,true
RØ,1261,KH/86,16:08:00,GB/86,16:11:00,417,3.2,true
RØ,1261,GB/86,16:11:00,NEL/86,16:12:00,417,1.4,true
RØ,1261,NEL/86,16:13:00,IG/86,16:14:00,417,1.6,true
RØ,1261,IG/86,16:14:00,RG/86,16:37:00,417,55.5,true
RØ,1261,RG/86,16:39:00,GZ/86,16:44:00,331,12.0,true
RØ,1261,GZ/86,16:44:00,NÆ/86,16:51:00,331,14.8,true
RØ,1261,NÆ/86,16:53:00,MOG/86,16:56:00,171,8.5,true
RØ,1261,MOG/86,16:56:00,VO/86,17:05:00,171,18.9,true
RØ,1261,VO/86,17:07:00,MN/86,17:10:00,102,3.8,false
RØ,1261,MN/86,17:10:00,NF/86,17:23:00,102,25.0,false
RØ,1264,NF/86,20:29:00,TN/86,20:32:00,77,6.0,false
RØ,1264,TN/86,20:32:00,EK/86,20:34:00,77,4.1,false
RØ,1264,EK/86,20:35:00,NV/86,20:39:00,77,4.5,false
RØ,1264,NV/86,20:40:00,OH/86,20:43:00,77,5.0,false
RØ,1264,OH/86,20:43:00,VO/86,20:51:00,77,9.2,false
RØ,1264,VO/86,20:52:00,LU/86,20:58:00,59,11.4,true
RØ,1264,LU/86,20:59:00,MOG/86,21:04:00,59,7.5,true
RØ,1264,MOG/86,21:04:00,NÆ/86,21:07:00,59,8.5,true
RØ,1264,NÆ/86,21:10:00,GZ/86,21:16:00,53,14.8,true
RØ,1264,GZ/86,21:16:00,RG/86,21:22:00,53,12.0,true
RØ,1264,RG/86,21:24:00,ADA/86,21:28:00,50,5.0,true
RØ,1264,ADA/86,21:28:00,NEL/86,21:47:20,50,52.1,true
RØ,1264,NEL/86,21:49:20,GB/86,21:50:00,50,1.4,true
RØ,1264,GB/86,21:50:00,KH/86,21:55:00,50,3.2,true
RØ,1269,KH/86,18:08:00,GB/86,18:11:00,138,3.2,true
RØ,1269,GB/86,18:11:00,NEL/86,18:12:00,138,1.4,true
RØ,1269,NEL/86,18:13:00,IG/86,18:14:00,138,1.6,true
RØ,1269,IG/86,18:14:00,RG/86,18:37:00,138,55.5,true
RØ,1269,RG/86,18:39:00,GZ/86,18:44:00,137,12.0,true
RØ,1269,GZ/86,18:44:00,NÆ/86,18:51:00,137,14.8,true
RØ,1269,NÆ/86,18:53:00,MOG/86,18:56:00,93,8.5,true
RØ,1269,MOG/86,18:56:00,VO/86,19:05:00,93,18.9,true
RØ,1269,VO/86,19:07:00,MN/86,19:10:00,52,3.8,false
RØ,1269,MN/86,19:10:00,NF/86,19:23:00,52,25.0,false
RØ,1277,KH/86,20:07:00,GB/86,20:10:00,94,3.2,true
RØ,1277,GB/86,20:10:00,NEL/86,20:11:00,94,1.4,true
RØ,1277,NEL/86,20:13:00,IG/86,20:13:20,94,1.6,true
RØ,1277,IG/86,20:13:20,RG/86,20:37:00,94,55.5,true
RØ,1277,RG/86,20:38:00,GZ/86,20:44:00,91,12.0,true
RØ,1277,GZ/86,20:44:00,NÆ/86,20:50:00,91,14.8,true
RØ,1277,NÆ/86,20:52:00,MOG/86,20:56:00,61,8.5,true
RØ,1277,MOG/86,20:56:00,LU/86,21:00:00,61,7.5,true
RØ,1277,LU/86,21:01:00,VO/86,21:08:00,61,11.4,true
RØ,1277,VO/86,21:09:00,MN/86,21:12:00,45,3.8,false
RØ,1277,MN/86,21:12:00,NV/86,21:20:00,45,10.4,false
RØ,1277,NV/86,21:21:00,EK/86,21:24:00,45,4.5,false
RØ,1277,EK/86,21:25:00,TN/86,21:28:00,45,4.1,false
RØ,1277,TN/86,21:28:00,NF/86,21:31:00,45,6.0,false
RØ,1281,KH/86,21:07:00,GB/86,21:10:00,99,3.2,true
RØ,1281,GB/86,21:10:00,NEL/86,21:11:00,99,1.4,true
RØ,1281,NEL/86,21:13:00,IG/86,21:13:20,99,1.6,true
RØ,1281,IG/86,21:13:20,RG/86,21:37:00,99,55.5,true
RØ,1281,RG/86,21:38:00,GZ/86,21:44:00,81,12.0,true
RØ,1281,GZ/86,21:44:00,NÆ/86,21:50:00,81,14.8,true
RØ,1281,NÆ/86,21:52:00,MOG/86,21:56:00,48,8.5,true
RØ,1281,MOG/86,21:56:00,LU/86,22:00:00,48,7.5,true
RØ,1281,LU/86,22:01:00,VO/86,22:08:00,48,11.4,true
RØ,1281,VO/86,22:09:00,MN/86,22:12:00,34,3.8,false
RØ,1281,MN/86,22:12:00,NV/86,22:20:00,34,10.4,false
RØ,1281,NV/86,22:21:00,EK/86,22:24:00,34,4.5,false
RØ,1281,EK/86,22:25:00,TN/86,22:28:00,34,4.1,false
RØ,1281,TN/86,22:28:00,NF/86,22:31:00,34,6.0,false
RØ,1285,KH/86,22:07:00,GB/86,22:10:00,87,3.2,true
RØ,1285,GB/86,22:10:00,NEL/86,22:11:00,87,1.4,true
RØ,1285,NEL/86,22:13:00,IG/86,22:13:20,87,1.6,true
RØ,1285,IG/86,22:13:20,KJN/86,22:26:00,87,29.1,true
RØ,1285,KJN/86,22:28:00,LEL/86,22:30:00,77,4.3,true
RØ,1285,LEL/86,22:30:00,RG/86,22:41:00,77,22.1,true
RØ,1285,RG/86,22:42:00,GZ/86,22:48:00,73,12.0,true
RØ,1285,GZ/86,22:48:00,NÆ/86,22:54:00,73,14.8,true
RØ,1285,NÆ/86,22:56:00,MOG/86,23:00:00,41,8.5,true
RØ,1285,MOG/86,23:00:00,LU/86,23:04:00,41,7.5,true
RØ,1285,LU/86,23:05:00,VO/86,23:12:00,41,11.4,true
RØ,1285,VO/86,23:13:00,MN/86,23:16:00,27,3.8,false
RØ,1285,MN/86,23:16:00,NV/86,23:24:00,27,10.4,false
RØ,1285,NV/86,23:25:00,EK/86,23:28:00,27,4.5,false
RØ,1285,EK/86,23:29:00,TN/86,23:32:00,27,4.1,false
RØ,1285,TN/86,23:32:00,NF/86,23:35:00,27,6.0,false
RØ,1289,KH/86,23:07:00,GB/86,23:10:00,117,3.2,true
RØ,1289,GB/86,23:10:00,NEL/86,23:11:00,117,1.4,true
RØ,1289,NEL/86,23:13:00,IG/86,23:13:20,117,1.6,true
RØ,1289,IG/86,23:13:20,KJN/86,23:26:00,117,29.1,true
RØ,1289,KJN/86,23:28:00,LEL/86,23:30:00,112,4.3,true
RØ,1289,LEL/86,23:30:00,RG/86,23:41:00,112,22.1,true
RØ,1289,RG/86,23:42:00,GZ/86,23:48:00,105,12.0,true
RØ,1289,GZ/86,23:48:00,NÆ/86,23:54:00,105,14.8,true
RØ,1289,NÆ/86,23:56:00,MOG/86,00:00:00,70,8.5,true
RØ,1289,MOG/86,00:00:00,LU/86,00:04:00,70,7.5,true
RØ,1289,LU/86,00:05:00,VO/86,00:12:00,70,11.4,true
RØ,1289,VO/86,00:13:00,MN/86,00:16:00,32,3.8,false
RØ,1289,MN/86,00:16:00,NV/86,00:24:00,32,10.4,false
RØ,1289,NV/86,00:25:00,EK/86,00:28:00,32,4.5,false
RØ,1289,EK/86,00:29:00,TN/86,00:32:00,32,4.1,false
RØ,1289,TN/86,00:32:00,NF/86,00:35:00,32,6.0,false
RØ,1512,KB/86,07:37:00,KBØ/86,07:39:00,127,2.0,false
RØ,1512,KBØ/86,07:40:00,VÆ/86,07:44:00,127,5.8,false
RØ,1512,VÆ/86,07:44:00,SE/86,07:48:00,127,5.6,false
RØ,1512,SE/86,07:49:00,JY/86,07:54:00,127,7.7,false
RØ,1512,JY/86,07:55:00,MØ/86,08:00:00,127,6.6,false
RØ,1512,MØ/86,08:01:00,KS/86,08:04:00,127,3.5,false
RØ,1512,KS/86,08:05:00,RT/86,08:08:00,127,4.2,false
RØ,1512,RT/86,08:09:00,HK/86,08:15:00,127,8.1,false
RØ,1512,HK/86,08:17:00,PE/86,08:21:00,170,5.9,true
RØ,1512,PE/86,08:21:00,RO/86,08:34:00,170,29.9,true
RØ,1512,RO/86,08:36:00,TRK/86,08:38:00,242,3.1,true
RØ,1512,TRK/86,08:38:00,HTÅ/86,08:43:00,242,8.7,true
RØ,1512,HTÅ/86,08:44:00,GL/86,08:49:00,239,8.3,true
RØ,1512,GL/86,08:49:00,KH/86,08:57:00,239,11.2,true
RØ,1512,KH/86,09:01:00,KN/86,09:03:00,131,1.5,true
RØ,1512,KN/86,09:04:00,KK/86,09:07:00,131,1.6,true
RØ,1516,KB/86,08:37:00,KBØ/86,08:39:00,86,2.0,false
RØ,1516,KBØ/86,08:40:00,VÆ/86,08:44:00,86,5.8,false
RØ,1516,VÆ/86,08:44:00,SE/86,08:48:00,86,5.6,false
RØ,1516,SE/86,08:49:00,JY/86,08:54:00,86,7.7,false
RØ,1516,JY/86,08:55:00,MØ/86,09:00:00,86,6.6,false
RØ,1516,MØ/86,09:01:00,KS/86,09:04:00,86,3.5,false
RØ,1516,KS/86,09:05:00,RT/86,09:08:00,86,4.2,false
RØ,1516,RT/86,09:09:00,HK/86,09:15:00,86,8.1,false
RØ,1516,HK/86,09:17:00,PE/86,09:21:00,112,5.9,true
RØ,1516,PE/86,09:21:00,RO/86,09:34:00,112,29.9,true
RØ,1516,RO/86,09:36:00,TRK/86,09:38:00,177,3.1,true
RØ,1516,TRK/86,09:38:00,HTÅ/86,09:43:00,177,8.7,true
RØ,1516,HTÅ/86,09:44:00,GL/86,09:49:00,183,8.3,true
RØ,1516,GL/86,09:49:00,KH/86,09:57:00,183,11.2,true
RØ,1516,KH/86,10:01:00,KN/86,10:03:00,115,1.5,true
RØ,1516,KN/86,10:04:00,KK/86,10:07:00,115,1.6,true
RØ,1520,KB/86,09:37:00,KBØ/86,09:39:00,54,2.0,false
RØ,1520,KBØ/86,09:40:00,VÆ/86,09:44:00,54,5.8,false
RØ,1520,VÆ/86,09:44:00,SE/86,09:48:00,54,5.6,false
RØ,1520,SE/86,09:49:00,JY/86,09:54:00,54,7.7,false
RØ,1520,JY/86,09:55:00,MØ/86,10:00:00,54,6.6,false
RØ,1520,MØ/86,10:01:00,KS/86,10:04:00,54,3.5,false
RØ,1520,KS/86,10:05:00,RT/86,10:08:00,54,4.2,false
RØ,1520,RT/86,10:09:00,HK/86,10:15:00,54,8.1,false
RØ,1520,HK/86,10:17:00,PE/86,10:21:00,72,5.9,true
RØ,1520,PE/86,10:21:00,RO/86,10:34:00,72,29.9,true
RØ,1520,RO/86,10:36:00,TRK/86,10:38:00,99,3.1,true
RØ,1520,TRK/86,10:38:00,HTÅ/86,10:43:00,99,8.7,true
RØ,1520,HTÅ/86,10:44:00,GL/86,10:49:00,98,8.3,true
RØ,1520,GL/86,10:49:00,KH/86,10:57:00,98,11.2,true
RØ,1520,KH/86,11:01:00,KN/86,11:03:00,51,1.5,true
RØ,1520,KN/86,11:04:00,KK/86,11:07:00,51,1.6,true
RØ,1524,KB/86,10:37:00,KBØ/86,10:39:00,57,2.0,false
RØ,1524,KBØ/86,10:40:00,VÆ/86,10:44:00,57,5.8,false
RØ,1524,VÆ/86,10:44:00,SE/86,10:48:00,57,5.6,false
RØ,1524,SE/86,10:49:00,JY/86,10:54:00,57,7.7,false
RØ,1524,JY/86,10:55:00,MØ/86,11:00:00,57,6.6,false
RØ,1524,MØ/86,11:01:00,KS/86,11:04:00,57,3.5,false
RØ,1524,KS/86,11:05:00,RT/86,11:08:00,57,4.2,false
RØ,1524,RT/86,11:09:00,HK/86,11:15:00,57,8.1,false
RØ,1524,HK/86,11:17:00,PE/86,11:21:00,79,5.9,true
RØ,1524,PE/86,11:21:00,RO/86,11:35:00,79,29.9,true
RØ,1524,RO/86,11:37:00,TRK/86,11:39:00,129,3.1,true
RØ,1524,TRK/86,11:39:00,HTÅ/86,11:43:00,129,8.7,true
RØ,1524,HTÅ/86,11:45:00,GL/86,11:50:00,127,8.3,true
RØ,1524,GL/86,11:50:00,KH/86,11:57:00,127,11.2,true
RØ,1524,KH/86,12:01:00,KN/86,12:03:00,72,1.5,true
RØ,1524,KN/86,12:04:00,KK/86,12:07:00,72,1.6,true
RØ,1528,KB/86,11:37:00,KBØ/86,11:39:00,51,2.0,false
RØ,1528,KBØ/86,11:40:00,VÆ/86,11:44:00,51,5.8,false
RØ,1528,VÆ/86,11:44:00,SE/86,11:48:00,51,5.6,false
RØ,1528,SE/86,11:49:00,JY/86,11:54:00,51,7.7,false
RØ,1528,JY/86,11:55:00,MØ/86,12:00:00,51,6.6,false
RØ,1528,MØ/86,12:01:00,KS/86,12:04:00,51,3.5,false
RØ,1528,KS/86,12:05:00,RT/86,12:08:00,51,4.2,false
RØ,1528,RT/86,12:09:00,HK/86,12:15:00,51,8.1,false
RØ,1528,HK/86,12:17:00,PE/86,12:21:00,66,5.9,true
RØ,1528,PE/86,12:21:00,RO/86,12:34:00,66,29.9,true
RØ,1528,RO/86,12:36:00,TRK/86,12:38:00,102,3.1,true
RØ,1528,TRK/86,12:38:00,HTÅ/86,12:43:00,102,8.7,true
RØ,1528,HTÅ/86,12:44:00,GL/86,12:49:00,96,8.3,true
RØ,1528,GL/86,12:49:00,KH/86,12:57:00,96,11.2,true
RØ,1528,KH/86,13:01:00,KN/86,13:03:00,48,1.5,true
RØ,1528,KN/86,13:04:00,KK/86,13:07:00,48,1.6,true
RØ,1529,KK/86,07:53:00,KN/86,07:55:00,82,1.6,true
RØ,1529,KN/86,07:56:00,KH/86,07:59:00,82,1.5,true
RØ,1529,KH/86,08:02:00,VAL/86,08:05:00,166,3.9,true
RØ,1529,VAL/86,08:05:00,HTÅ/86,08:13:00,166,15.6,true
RØ,1529,HTÅ/86,08:15:00,HH/86,08:18:00,161,4.7,true
RØ,1529,HH/86,08:18:00,RO/86,08:22:00,161,7.1,true
RØ,1529,RO/86,08:24:00,LJ/86,08:29:00,114,9.5,true
RØ,1529,LJ/86,08:29:00,HK/86,08:41:00,114,26.3,true
RØ,1529,HK/86,08:43:00,RT/86,08:49:00,68,8.1,false
RØ,1529,RT/86,08:50:00,KS/86,08:53:00,68,4.2,false
RØ,1529,KS/86,08:54:00,MØ/86,08:57:00,68,3.5,false
RØ,1529,MØ/86,09:01:00,JY/86,09:06:00,68,6.6,false
RØ,1529,JY/86,09:07:00,SE/86,09:12:00,68,7.7,false
RØ,1529,SE/86,09:13:00,VÆ/86,09:17:00,68,5.6,false
RØ,1529,VÆ/86,09:17:00,KBØ/86,09:20:00,68,5.8,false
RØ,1529,KBØ/86,09:21:00,KB/86,09:25:00,68,2.0,false
RØ,1532,KB/86,12:37:00,KBØ/86,12:39:00,54,2.0,false
RØ,1532,KBØ/86,12:40:00,VÆ/86,12:44:00,54,5.8,false
RØ,1532,VÆ/86,12:44:00,SE/86,12:48:00,54,5.6,false
RØ,1532,SE/86,12:49:00,JY/86,12:54:00,54,7.7,false
RØ,1532,JY/86,12:55:00,MØ/86,13:00:00,54,6.6,false
RØ,1532,MØ/86,13:01:00,KS/86,13:04:00,54,3.5,false
RØ,1532,KS/86,13:05:00,RT/86,13:08:00,54,4.2,false
RØ,1532,RT/86,13:09:00,HK/86,13:15:00,54,8.1,false
RØ,1532,HK/86,13:17:00,PE/86,13:21:00,92,5.9,true
RØ,1532,PE/86,13:21:00,RO/86,13:34:00,92,29.9,true
RØ,1532,RO/86,13:36:00,TRK/86,13:38:00,142,3.1,true
RØ,1532,TRK/86,13:38:00,HTÅ/86,13:43:00,142,8.7,true
RØ,1532,HTÅ/86,13:44:00,GL/86,13:49:00,125,8.3,true
RØ,1532,GL/86,13:49:00,KH/86,13:57:00,125,11.2,true
RØ,1532,KH/86,14:01:00,KN/86,14:03:00,46,1.5,true
RØ,1532,KN/86,14:04:00,KK/86,14:07:00,46,1.6,true
RØ,1533,KK/86,08:53:00,KN/86,08:55:00,50,1.6,true
RØ,1533,KN/86,08:56:00,KH/86,08:59:00,50,1.5,true
RØ,1533,KH/86,09:02:00,VAL/86,09:05:00,91,3.9,true
RØ,1533,VAL/86,09:05:00,HTÅ/86,09:13:00,91,15.6,true
RØ,1533,HTÅ/86,09:15:00,HH/86,09:18:00,95,4.7,true
RØ,1533,HH/86,09:18:00,RO/86,09:22:00,95,7.1,true
RØ,1533,RO/86,09:24:00,LJ/86,09:29:00,59,9.5,true
RØ,1533,LJ/86,09:29:00,HK/86,09:41:00,59,26.3,true
RØ,1533,HK/86,09:43:00,RT/86,09:49:00,32,8.1,false
RØ,1533,RT/86,09:50:00,KS/86,09:53:00,32,4.2,false
RØ,1533,KS/86,09:54:00,MØ/86,09:57:00,32,3.5,false
RØ,1533,MØ/86,10:01:00,JY/86,10:06:00,32,6.6,false
RØ,1533,JY/86,10:07:00,SE/86,10:12:00,32,7.7,false
RØ,1533,SE/86,10:13:00,VÆ/86,10:17:00,32,5.6,false
RØ,1533,VÆ/86,10:17:00,KBØ/86,10:20:00,32,5.8,false
RØ,1533,KBØ/86,10:21:00,KB/86,10:25:00,32,2.0,false
RØ,1537,KK/86,09:53:00,KN/86,09:55:00,36,1.6,true
RØ,1537,KN/86,09:56:00,KH/86,09:59:00,36,1.5,true
RØ,1537,KH/86,10:02:00,VAL/86,10:05:00,69,3.9,true
RØ,1537,VAL/86,10:05:00,HTÅ/86,10:13:00,69,15.6,true
RØ,1537,HTÅ/86,10:15:00,HH/86,10:18:00,71,4.7,true
RØ,1537,HH/86,10:18:00,RO/86,10:22:00,71,7.1,true
RØ,1537,RO/86,10:24:00,LJ/86,10:29:00,51,9.5,true
RØ,1537,LJ/86,10:29:00,HK/86,10:41:00,51,26.3,true
RØ,1537,HK/86,10:43:00,RT/86,10:49:00,30,8.1,false
RØ,1537,RT/86,10:50:00,KS/86,10:53:00,30,4.2,false
RØ,1537,KS/86,10:54:00,MØ/86,10:57:00,30,3.5,false
RØ,1537,MØ/86,11:01:00,JY/86,11:06:00,30,6.6,false
RØ,1537,JY/86,11:07:00,SE/86,11:12:00,30,7.7,false
RØ,1537,SE/86,11:13:00,VÆ/86,11:17:00,30,5.6,false
RØ,1537,VÆ/86,11:17:00,KBØ/86,11:20:00,30,5.8,false
RØ,1537,KBØ/86,11:21:00,KB/86,11:25:00,30,2.0,false
RØ,1541,KH/86,11:02:00,VAL/86,11:05:00,37,3.9,true
RØ,1541,VAL/86,11:05:00,HTÅ/86,11:13:00,37,15.6,true
RØ,1541,HTÅ/86,11:15:00,HH/86,11:18:00,44,4.7,true
RØ,1541,HH/86,11:18:00,RO/86,11:22:00,44,7.1,true
RØ,1541,RO/86,11:24:00,LJ/86,11:29:00,41,9.5,true
RØ,1541,LJ/86,11:29:00,HK/86,11:41:00,41,26.3,true
RØ,1541,HK/86,11:43:00,RT/86,11:49:00,38,8.1,false
RØ,1541,RT/86,11:50:00,KS/86,11:53:00,38,4.2,false
RØ,1541,KS/86,11:54:00,MØ/86,11:57:00,38,3.5,false
RØ,1541,MØ/86,12:01:00,JY/86,12:06:00,38,6.6,false
RØ,1541,JY/86,12:07:00,SE/86,12:12:00,38,7.7,false
RØ,1541,SE/86,12:13:00,VÆ/86,12:17:00,38,5.6,false
RØ,1541,VÆ/86,12:17:00,KBØ/86,12:20:00,38,5.8,false
RØ,1541,KBØ/86,12:21:00,KB/86,12:25:00,38,2.0,false
RØ,1545,KK/86,11:53:00,KN/86,11:55:00,31,1.6,true
RØ,1545,KN/86,11:56:00,KH/86,11:59:00,31,1.5,true
RØ,1545,KH/86,12:02:00,VAL/86,12:05:00,75,3.9,true
RØ,1545,VAL/86,12:05:00,HTÅ/86,12:13:00,75,15.6,true
RØ,1545,HTÅ/86,12:15:00,HH/86,12:18:00,80,4.7,true
RØ,1545,HH/86,12:18:00,RO/86,12:22:00,80,7.1,true
RØ,1545,RO/86,12:24:00,LJ/86,12:29:00,66,9.5,true
RØ,1545,LJ/86,12:29:00,HK/86,12:41:00,66,26.3,true
RØ,1545,HK/86,12:43:00,RT/86,12:49:00,49,8.1,false
RØ,1545,RT/86,12:50:00,KS/86,12:53:00,49,4.2,false
RØ,1545,KS/86,12:54:00,MØ/86,12:57:00,49,3.5,false
RØ,1545,MØ/86,13:01:00,JY/86,13:06:00,49,6.6,false
RØ,1545,JY/86,13:07:00,SE/86,13:12:00,49,7.7,false
RØ,1545,SE/86,13:13:00,VÆ/86,13:17:00,49,5.6,false
RØ,1545,VÆ/86,13:17:00,KBØ/86,13:20:00,49,5.8,false
RØ,1545,KBØ/86,13:21:00,KB/86,13:25:00,49,2.0,false
RØ,1549,KK/86,12:53:00,KN/86,12:55:00,41,1.6,true
RØ,1549,KN/86,12:56:00,KH/86,12:59:00,41,1.5,true
RØ,1549,KH/86,13:02:00,VAL/86,13:05:00,86,3.9,true
RØ,1549,VAL/86,13:05:00,HTÅ/86,13:13:00,86,15.6,true
RØ,1549,HTÅ/86,13:15:00,HH/86,13:18:00,89,4.7,true
RØ,1549,HH/86,13:18:00,RO/86,13:22:00,89,7.1,true
RØ,1549,RO/86,13:24:00,LJ/86,13:29:00,72,9.5,true
RØ,1549,LJ/86,13:29:00,HK/86,13:41:00,72,26.3,true
RØ,1549,HK/86,13:43:00,RT/86,13:49:00,71,8.1,false
RØ,1549,RT/86,13:50:00,KS/86,13:53:00,71,4.2,false
RØ,1549,KS/86,13:54:00,MØ/86,13:57:00,71,3.5,false
RØ,1549,MØ/86,14:01:00,JY/86,14:06:00,71,6.6,false
RØ,1549,JY/86,14:07:00,SE/86,14:12:00,71,7.7,false
RØ,1549,SE/86,14:13:00,VÆ/86,14:17:00,71,5.6,false
RØ,1549,VÆ/86,14:17:00,KBØ/86,14:20:00,71,5.8,false
RØ,1549,KBØ/86,14:21:00,KB/86,14:25:00,71,2.0,false
RØ,1553,KK/86,13:53:00,KN/86,13:55:00,62,1.6,true
RØ,1553,KN/86,13:56:00,KH/86,13:59:00,62,1.5,true
RØ,1553,KH/86,14:02:00,VAL/86,14:05:00,126,3.9,true
RØ,1553,VAL/86,14:05:00,HTÅ/86,14:13:00,126,15.6,true
RØ,1553,HTÅ/86,14:15:00,HH/86,14:18:00,126,4.7,true
RØ,1553,HH/86,14:18:00,RO/86,14:22:00,126,7.1,true
RØ,1553,RO/86,14:24:00,LJ/86,14:29:00,118,9.5,true
RØ,1553,LJ/86,14:29:00,HK/86,14:41:00,118,26.3,true
RØ,1553,HK/86,14:43:00,RT/86,14:49:00,114,8.1,false
RØ,1553,RT/86,14:50:00,KS/86,14:53:00,114,4.2,false
RØ,1553,KS/86,14:54:00,MØ/86,14:57:00,114,3.5,false
RØ,1553,MØ/86,15:01:00,JY/86,15:06:00,114,6.6,false
RØ,1553,JY/86,15:07:00,SE/86,15:12:00,114,7.7,false
RØ,1553,SE/86,15:13:00,VÆ/86,15:17:00,114,5.6,false
RØ,1553,VÆ/86,15:17:00,KBØ/86,15:20:00,114,5.8,false
RØ,1553,KBØ/86,15:21:00,KB/86,15:25:00,114,2.0,false
RØ,2221,KH/86,05:56:00,VAL/86,06:00:00,23,3.9,true
RØ,2221,VAL/86,06:01:00,HIF/86,06:03:00,23,3.4,true
RØ,2221,HIF/86,06:03:00,HTÅ/86,06:10:00,23,12.2,true
RØ,2221,HTÅ/86,06:11:00,HH/86,06:15:00,53,4.7,true
RØ,2221,HH/86,06:16:00,TRK/86,06:19:00,53,4.0,true
RØ,2221,TRK/86,06:20:00,RO/86,06:23:00,53,3.1,true
RØ,2221,RO/86,06:24:00,VY/86,06:30:00,55,11.2,true
RØ,2221,VY/86,06:31:00,BO/86,06:36:00,55,7.2,true
RØ,2221,BO/86,06:37:00,KY/86,06:40:00,55,6.9,true
RØ,2221,KY/86,06:40:00,RG/86,06:45:00,55,7.3,true
RØ,2221,RG/86,06:46:00,GZ/86,06:52:00,36,12.0,true
RØ,2221,GZ/86,06:53:00,NÆ/86,07:02:00,36,14.8,true
RØ,2225,HG/86,05:58:00,SQ/86,06:01:00,79,3.5,true
RØ,2225,SQ/86,06:02:00,GÆ/86,06:04:00,79,2.7,true
RØ,2225,GÆ/86,06:05:00,HUM/86,06:08:00,79,3.7,true
RØ,2225,HUM/86,06:09:00,NI/86,06:12:00,79,3.8,true
RØ,2225,NI/86,06:13:00,OK/86,06:17:00,137,3.4,true
RØ,2225,OK/86,06:18:00,RU/86,06:20:00,137,3.0,true
RØ,2225,RU/86,06:21:00,VB/86,06:24:00,137,4.0,true
RØ,2225,VB/86,06:25:00,SÅ/86,06:28:00,137,3.3,true
RØ,2225,SÅ/86,06:29:00,KL/86,06:33:00,137,5.5,true
RØ,2225,KL/86,06:34:00,HL/86,06:39:00,137,5.5,true
RØ,2225,HL/86,06:40:00,HGL/86,06:42:00,137,2.6,true
RØ,2225,HGL/86,06:42:00,KK/86,06:45:00,137,2.1,true
RØ,2225,KK/86,06:47:00,KN/86,06:49:00,86,1.6,true
RØ,2225,KN/86,06:50:00,KH/86,06:53:00,86,1.5,true
RØ,2225,KH/86,06:56:00,VAL/86,07:00:00,140,3.9,true
RØ,2225,VAL/86,07:01:00,HIF/86,07:03:00,140,3.4,true
RØ,2225,HIF/86,07:03:00,HTÅ/86,07:10:00,140,12.2,true
RØ,2225,HTÅ/86,07:11:00,HH/86,07:15:00,192,4.7,true
RØ,2225,HH/86,07:16:00,TRK/86,07:19:00,192,4.0,true
RØ,2225,TRK/86,07:20:00,RO/86,07:23:00,192,3.1,true
RØ,2225,RO/86,07:24:00,VY/86,07:30:00,84,11.2,true
RØ,2225,VY/86,07:31:00,BO/86,07:36:00,84,7.2,true
RØ,2225,BO/86,07:37:00,KY/86,07:40:00,84,6.9,true
RØ,2225,KY/86,07:40:00,RG/86,07:45:00,84,7.3,true
RØ,2225,RG/86,07:46:00,GZ/86,07:52:00,48,12.0,true
RØ,2225,GZ/86,07:53:00,NÆ/86,08:02:00,48,14.8,true
RØ,2229,HG/86,06:58:00,SQ/86,07:01:00,152,3.5,true
RØ,2229,SQ/86,07:02:00,GÆ/86,07:04:00,152,2.7,true
RØ,2229,GÆ/86,07:05:00,HUM/86,07:08:00,152,3.7,true
RØ,2229,HUM/86,07:09:00,NI/86,07:12:00,152,3.8,true
RØ,2229,NI/86,07:13:00,OK/86,07:17:00,398,3.4,true
RØ,2229,OK/86,07:18:00,RU/86,07:20:00,398,3.0,true
RØ,2229,RU/86,07:21:00,VB/86,07:24:00,398,4.0,true
RØ,2229,VB/86,07:25:00,SÅ/86,07:28:00,398,3.3,true
RØ,2229,SÅ/86,07:29:00,KL/86,07:33:00,398,5.5,true
RØ,2229,KL/86,07:34:00,HL/86,07:39:00,398,5.5,true
RØ,2229,HL/86,07:40:00,HGL/86,07:42:00,398,2.6,true
RØ,2229,HGL/86,07:42:00,KK/86,07:45:00,398,2.1,true
RØ,2229,KK/86,07:47:00,KN/86,07:49:00,260,1.6,true
RØ,2229,KN/86,07:50:00,KH/86,07:53:00,260,1.5,true
RØ,2229,KH/86,07:56:00,VAL/86,08:00:00,269,3.9,true
RØ,2229,VAL/86,08:01:00,HIF/86,08:03:00,269,3.4,true
RØ,2229,HIF/86,08:03:00,HTÅ/86,08:10:00,269,12.2,true
RØ,2229,HTÅ/86,08:11:00,HH/86,08:15:00,244,4.7,true
RØ,2229,HH/86,08:16:00,TRK/86,08:19:00,244,4.0,true
RØ,2229,TRK/86,08:20:00,RO/86,08:23:00,244,3.1,true
RØ,2229,RO/86,08:24:00,VY/86,08:30:00,102,11.2,true
RØ,2229,VY/86,08:31:00,BO/86,08:36:00,102,7.2,true
RØ,2229,BO/86,08:37:00,KY/86,08:40:00,102,6.9,true
RØ,2229,KY/86,08:40:00,RG/86,08:45:00,102,7.3,true
RØ,2229,RG/86,08:46:00,GZ/86,08:52:00,45,12.0,true
RØ,2229,GZ/86,08:53:00,NÆ/86,09:02:00,45,14.8,true
RØ,2233,HG/86,07:58:00,SQ/86,08:01:00,124,3.5,true
RØ,2233,SQ/86,08:02:00,GÆ/86,08:04:00,124,2.7,true
RØ,2233,GÆ/86,08:05:00,HUM/86,08:08:00,124,3.7,true
RØ,2233,HUM/86,08:09:00,NI/86,08:12:00,124,3.8,true
RØ,2233,NI/86,08:13:00,OK/86,08:17:00,377,3.4,true
RØ,2233,OK/86,08:18:00,RU/86,08:20:00,377,3.0,true
RØ,2233,RU/86,08:21:00,VB/86,08:24:00,377,4.0,true
RØ,2233,VB/86,08:25:00,SÅ/86,08:28:00,377,3.3,true
RØ,2233,SÅ/86,08:29:00,KL/86,08:33:00,377,5.5,true
RØ,2233,KL/86,08:34:00,HL/86,08:39:00,377,5.5,true
RØ,2233,HL/86,08:40:00,HGL/86,08:42:00,377,2.6,true
RØ,2233,HGL/86,08:42:00,KK/86,08:45:00,377,2.1,true
RØ,2233,KK/86,08:47:00,KN/86,08:49:00,220,1.6,true
RØ,2233,KN/86,08:50:00,KH/86,08:53:00,220,1.5,true
RØ,2233,KH/86,08:56:00,VAL/86,09:00:00,136,3.9,true
RØ,2233,VAL/86,09:01:00,HIF/86,09:03:00,136,3.4,true
RØ,2233,HIF/86,09:03:00,HTÅ/86,09:10:00,136,12.2,true
RØ,2233,HTÅ/86,09:11:00,HH/86,09:15:00,140,4.7,true
RØ,2233,HH/86,09:16:00,TRK/86,09:19:00,140,4.0,true
RØ,2233,TRK/86,09:20:00,RO/86,09:23:00,140,3.1,true
RØ,2233,RO/86,09:24:00,VY/86,09:30:00,59,11.2,true
RØ,2233,VY/86,09:31:00,BO/86,09:36:00,59,7.2,true
RØ,2233,BO/86,09:37:00,KY/86,09:40:00,59,6.9,true
RØ,2233,KY/86,09:40:00,RG/86,09:45:00,59,7.3,true
RØ,2233,RG/86,09:46:00,GZ/86,09:52:00,33,12.0,true
RØ,2233,GZ/86,09:53:00,NÆ/86,10:02:00,33,14.8,true
RØ,2237,HG/86,08:58:00,SQ/86,09:01:00,39,3.5,true
RØ,2237,SQ/86,09:02:00,GÆ/86,09:04:00,39,2.7,true
RØ,2237,GÆ/86,09:05:00,HUM/86,09:08:00,39,3.7,true
RØ,2237,HUM/86,09:09:00,NI/86,09:12:00,39,3.8,true
RØ,2237,NI/86,09:13:00,OK/86,09:17:00,99,3.4,true
RØ,2237,OK/86,09:18:00,RU/86,09:20:00,99,3.0,true
RØ,2237,RU/86,09:21:00,VB/86,09:24:00,99,4.0,true
RØ,2237,VB/86,09:25:00,SÅ/86,09:28:00,99,3.3,true
RØ,2237,SÅ/86,09:29:00,KL/86,09:33:00,99,5.5,true
RØ,2237,KL/86,09:34:00,HL/86,09:39:00,99,5.5,true
RØ,2237,HL/86,09:40:00,HGL/86,09:42:00,99,2.6,true
RØ,2237,HGL/86,09:42:00,KK/86,09:45:00,99,2.1,true
RØ,2237,KK/86,09:47:00,KN/86,09:49:00,64,1.6,true
RØ,2237,KN/86,09:50:00,KH/86,09:53:00,64,1.5,true
RØ,2237,KH/86,09:56:00,VAL/86,10:00:00,75,3.9,true
RØ,2237,VAL/86,10:01:00,HIF/86,10:03:00,75,3.4,true
RØ,2237,HIF/86,10:03:00,HTÅ/86,10:10:00,75,12.2,true
RØ,2237,HTÅ/86,10:11:00,HH/86,10:15:00,81,4.7,true
RØ,2237,HH/86,10:16:00,TRK/86,10:19:00,81,4.0,true
RØ,2237,TRK/86,10:20:00,RO/86,10:23:00,81,3.1,true
RØ,2237,RO/86,10:24:00,VY/86,10:30:00,45,11.2,true
RØ,2237,VY/86,10:31:00,BO/86,10:36:00,45,7.2,true
RØ,2237,BO/86,10:37:00,KY/86,10:40:00,45,6.9,true
RØ,2237,KY/86,10:40:00,RG/86,10:45:00,45,7.3,true
RØ,2237,RG/86,10:46:00,GZ/86,10:52:00,23,12.0,true
RØ,2237,GZ/86,10:53:00,NÆ/86,11:02:00,23,14.8,true
RØ,2241,HG/86,09:58:00,SQ/86,10:01:00,55,3.5,true
RØ,2241,SQ/86,10:02:00,GÆ/86,10:04:00,55,2.7,true
RØ,2241,GÆ/86,10:05:00,HUM/86,10:08:00,55,3.7,true
RØ,2241,HUM/86,10:09:00,NI/86,10:12:00,55,3.8,true
RØ,2241,NI/86,10:13:00,OK/86,10:17:00,106,3.4,true
RØ,2241,OK/86,10:18:00,RU/86,10:20:00,106,3.0,true
RØ,2241,RU/86,10:21:00,VB/86,10:24:00,106,4.0,true
RØ,2241,VB/86,10:25:00,SÅ/86,10:28:00,106,3.3,true
RØ,2241,SÅ/86,10:29:00,KL/86,10:33:00,106,5.5,true
RØ,2241,KL/86,10:34:00,HL/86,10:39:00,106,5.5,true
RØ,2241,HL/86,10:40:00,HGL/86,10:42:00,106,2.6,true
RØ,2241,HGL/86,10:42:00,KK/86,10:45:00,106,2.1,true
RØ,2241,KK/86,10:47:00,KN/86,10:49:00,73,1.6,true
RØ,2241,KN/86,10:50:00,KH/86,10:53:00,73,1.5,true
RØ,2241,KH/86,10:56:00,VAL/86,11:00:00,75,3.9,true
RØ,2241,VAL/86,11:01:00,HIF/86,11:03:00,75,3.4,true
RØ,2241,HIF/86,11:03:00,HTÅ/86,11:10:00,75,12.2,true
RØ,2241,HTÅ/86,11:11:00,HH/86,11:15:00,82,4.7,true
RØ,2241,HH/86,11:16:00,TRK/86,11:19:00,82,4.0,true
RØ,2241,TRK/86,11:20:00,RO/86,11:23:00,82,3.1,true
RØ,2241,RO/86,11:24:00,VY/86,11:30:00,51,11.2,true
RØ,2241,VY/86,11:31:00,BO/86,11:36:00,51,7.2,true
RØ,2241,BO/86,11:37:00,KY/86,11:40:00,51,6.9,true
RØ,2241,KY/86,11:40:00,RG/86,11:45:00,51,7.3,true
RØ,2241,RG/86,11:46:00,GZ/86,11:52:00,28,12.0,true
RØ,2241,GZ/86,11:53:00,NÆ/86,12:02:00,28,14.8,true
RØ,2245,HG/86,10:58:00,SQ/86,11:01:00,59,3.5,true
RØ,2245,SQ/86,11:02:00,GÆ/86,11:04:00,59,2.7,true
RØ,2245,GÆ/86,11:05:00,HUM/86,11:08:00,59,3.7,true
RØ,2245,HUM/86,11:09:00,NI/86,11:12:00,59,3.8,true
RØ,2245,NI/86,11:13:00,OK/86,11:17:00,109,3.4,true
RØ,2245,OK/86,11:18:00,RU/86,11:20:00,109,3.0,true
RØ,2245,RU/86,11:21:00,VB/86,11:24:00,109,4.0,true
RØ,2245,VB/86,11:25:00,SÅ/86,11:28:00,109,3.3,true
RØ,2245,SÅ/86,11:29:00,KL/86,11:33:00,109,5.5,true
RØ,2245,KL/86,11:34:00,HL/86,11:39:00,109,5.5,true
RØ,2245,HL/86,11:40:00,HGL/86,11:42:00,109,2.6,true
RØ,2245,HGL/86,11:42:00,KK/86,11:45:00,109,2.1,true
RØ,2245,KK/86,11:47:00,KN/86,11:49:00,68,1.6,true
RØ,2245,KN/86,11:50:00,KH/86,11:53:00,68,1.5,true
RØ,2245,KH/86,11:56:00,VAL/86,12:00:00,94,3.9,true
RØ,2245,VAL/86,12:01:00,HIF/86,12:03:00,94,3.4,true
RØ,2245,HIF/86,12:03:00,HTÅ/86,12:10:00,94,12.2,true
RØ,2245,HTÅ/86,12:11:00,HH/86,12:15:00,110,4.7,true
RØ,2245,HH/86,12:16:00,TRK/86,12:19:00,110,4.0,true
RØ,2245,TRK/86,12:20:00,RO/86,12:23:00,110,3.1,true
RØ,2245,RO/86,12:24:00,VY/86,12:30:00,73,11.2,true
RØ,2245,VY/86,12:31:00,BO/86,12:36:00,73,7.2,true
RØ,2245,BO/86,12:37:00,KY/86,12:40:00,73,6.9,true
RØ,2245,KY/86,12:40:00,RG/86,12:45:00,73,7.3,true
RØ,2245,RG/86,12:46:00,GZ/86,12:52:00,36,12.0,true
RØ,2245,GZ/86,12:53:00,NÆ/86,13:02:00,36,14.8,true
RØ,2249,HG/86,11:58:00,SQ/86,12:01:00,57,3.5,true
RØ,2249,SQ/86,12:02:00,GÆ/86,12:04:00,57,2.7,true
RØ,2249,GÆ/86,12:05:00,HUM/86,12:08:00,57,3.7,true
RØ,2249,HUM/86,12:09:00,NI/86,12:12:00,57,3.8,true
RØ,2249,NI/86,12:13:00,OK/86,12:17:00,99,3.4,true
RØ,2249,OK/86,12:18:00,RU/86,12:20:00,99,3.0,true
RØ,2249,RU/86,12:21:00,VB/86,12:24:00,99,4.0,true
RØ,2249,VB/86,12:25:00,SÅ/86,12:28:00,99,3.3,true
RØ,2249,SÅ/86,12:29:00,KL/86,12:33:00,99,5.5,true
RØ,2249,KL/86,12:34:00,HL/86,12:39:00,99,5.5,true
RØ,2249,HL/86,12:40:00,HGL/86,12:42:00,99,2.6,true
RØ,2249,HGL/86,12:42:00,KK/86,12:45:00,99,2.1,true
RØ,2249,KK/86,12:47:00,KN/86,12:49:00,66,1.6,true
RØ,2249,KN/86,12:50:00,KH/86,12:53:00,66,1.5,true
RØ,2249,KH/86,12:56:00,VAL/86,13:00:00,95,3.9,true
RØ,2249,VAL/86,13:01:00,HIF/86,13:03:00,95,3.4,true
RØ,2249,HIF/86,13:03:00,HTÅ/86,13:10:00,95,12.2,true
RØ,2249,HTÅ/86,13:11:00,HH/86,13:15:00,109,4.7,true
RØ,2249,HH/86,13:16:00,TRK/86,13:19:00,109,4.0,true
RØ,2249,TRK/86,13:20:00,RO/86,13:23:00,109,3.1,true
RØ,2249,RO/86,13:24:00,VY/86,13:30:00,88,11.2,true
RØ,2249,VY/86,13:31:00,BO/86,13:36:00,88,7.2,true
RØ,2249,BO/86,13:37:00,KY/86,13:40:00,88,6.9,true
RØ,2249,KY/86,13:40:00,RG/86,13:45:00,88,7.3,true
RØ,2249,RG/86,13:46:00,GZ/86,13:52:00,46,12.0,true
RØ,2249,GZ/86,13:53:00,NÆ/86,14:02:00,46,14.8,true
RØ,2253,HG/86,12:58:00,SQ/86,13:01:00,58,3.5,true
RØ,2253,SQ/86,13:02:00,GÆ/86,13:04:00,58,2.7,true
RØ,2253,GÆ/86,13:05:00,HUM/86,13:08:00,58,3.7,true
RØ,2253,HUM/86,13:09:00,NI/86,13:12:00,58,3.8,true
RØ,2253,NI/86,13:13:00,OK/86,13:17:00,99,3.4,true
RØ,2253,OK/86,13:18:00,RU/86,13:20:00,99,3.0,true
RØ,2253,RU/86,13:21:00,VB/86,13:24:00,99,4.0,true
RØ,2253,VB/86,13:25:00,SÅ/86,13:28:00,99,3.3,true
RØ,2253,SÅ/86,13:29:00,KL/86,13:33:00,99,5.5,true
RØ,2253,KL/86,13:34:00,HL/86,13:39:00,99,5.5,true
RØ,2253,HL/86,13:40:00,HGL/86,13:42:00,99,2.6,true
RØ,2253,HGL/86,13:42:00,KK/86,13:45:00,99,2.1,true
RØ,2253,KK/86,13:47:00,KN/86,13:49:00,81,1.6,true
RØ,2253,KN/86,13:50:00,KH/86,13:53:00,81,1.5,true
RØ,2253,KH/86,13:56:00,VAL/86,14:00:00,154,3.9,true
RØ,2253,VAL/86,14:01:00,HIF/86,14:03:00,154,3.4,true
RØ,2253,HIF/86,14:03:00,HTÅ/86,14:10:00,154,12.2,true
RØ,2253,HTÅ/86,14:11:00,HH/86,14:15:00,190,4.7,true
RØ,2253,HH/86,14:16:00,TRK/86,14:19:00,190,4.0,true
RØ,2253,TRK/86,14:20:00,RO/86,14:23:00,190,3.1,true
RØ,2253,RO/86,14:24:00,VY/86,14:30:00,197,11.2,true
RØ,2253,VY/86,14:31:00,BO/86,14:36:00,197,7.2,true
RØ,2253,BO/86,14:37:00,KY/86,14:40:00,197,6.9,true
RØ,2253,KY/86,14:40:00,RG/86,14:45:00,197,7.3,true
RØ,2253,RG/86,14:46:00,GZ/86,14:52:00,93,12.0,true
RØ,2253,GZ/86,14:53:00,NÆ/86,15:02:00,93,14.8,true
RØ,2256,NÆ/86,18:58:00,GZ/86,19:06:00,19,14.8,true
RØ,2256,GZ/86,19:07:00,RG/86,19:13:00,19,12.0,true
RØ,2256,RG/86,19:14:00,KY/86,19:18:00,31,7.3,true
RØ,2256,KY/86,19:18:00,BO/86,19:22:00,31,6.9,true
RØ,2256,BO/86,19:23:00,VY/86,19:28:00,31,7.2,true
RØ,2256,VY/86,19:29:00,RO/86,19:35:00,31,11.2,true
RØ,2256,RO/86,19:37:00,TRK/86,19:39:00,34,3.1,true
RØ,2256,TRK/86,19:40:00,HH/86,19:43:00,34,4.0,true
RØ,2256,HH/86,19:44:00,HTÅ/86,19:48:00,34,4.7,true
RØ,2256,HTÅ/86,19:49:00,GL/86,19:53:00,37,8.3,true
RØ,2256,GL/86,19:53:00,VAL/86,19:57:00,37,7.3,true
RØ,2256,VAL/86,19:58:00,KH/86,20:04:00,37,3.9,true
RØ,2256,KH/86,20:07:00,KN/86,20:09:00,86,1.5,true
RØ,2256,KN/86,20:10:00,KK/86,20:13:00,86,1.6,true
RØ,2256,KK/86,20:14:00,HGL/86,20:16:00,104,2.1,true
RØ,2256,HGL/86,20:16:00,HL/86,20:19:00,104,2.6,true
RØ,2256,HL/86,20:20:00,KL/86,20:24:00,104,5.5,true
RØ,2256,KL/86,20:25:00,SÅ/86,20:29:00,104,5.5,true
RØ,2256,SÅ/86,20:30:00,VB/86,20:33:00,104,3.3,true
RØ,2256,VB/86,20:34:00,RU/86,20:37:00,104,4.0,true
RØ,2256,RU/86,20:38:00,OK/86,20:41:00,104,3.0,true
RØ,2256,OK/86,20:42:00,NI/86,20:45:00,104,3.4,true
RØ,2256,NI/86,20:46:00,HUM/86,20:49:00,75,3.8,true
RØ,2256,HUM/86,20:50:00,GÆ/86,20:53:00,75,3.7,true
RØ,2256,GÆ/86,20:54:00,SQ/86,20:57:00,75,2.7,true
RØ,2256,SQ/86,20:58:00,HG/86,21:02:00,75,3.5,true
RØ,2257,HG/86,13:58:00,SQ/86,14:01:00,73,3.5,true
RØ,2257,SQ/86,14:02:00,GÆ/86,14:04:00,73,2.7,true
RØ,2257,GÆ/86,14:05:00,HUM/86,14:08:00,73,3.7,true
RØ,2257,HUM/86,14:09:00,NI/86,14:12:00,73,3.8,true
RØ,2257,NI/86,14:13:00,OK/86,14:17:00,117,3.4,true
RØ,2257,OK/86,14:18:00,RU/86,14:20:00,117,3.0,true
RØ,2257,RU/86,14:21:00,VB/86,14:24:00,117,4.0,true
RØ,2257,VB/86,14:25:00,SÅ/86,14:28:00,117,3.3,true
RØ,2257,SÅ/86,14:29:00,KL/86,14:33:00,117,5.5,true
RØ,2257,KL/86,14:34:00,HL/86,14:39:00,117,5.5,true
RØ,2257,HL/86,14:40:00,HGL/86,14:42:00,117,2.6,true
RØ,2257,HGL/86,14:42:00,KK/86,14:45:00,117,2.1,true
RØ,2257,KK/86,14:47:00,KN/86,14:49:00,115,1.6,true
RØ,2257,KN/86,14:50:00,KH/86,14:53:00,115,1.5,true
RØ,2257,KH/86,14:56:00,VAL/86,15:00:00,249,3.9,true
RØ,2257,VAL/86,15:01:00,HIF/86,15:03:00,249,3.4,true
RØ,2257,HIF/86,15:03:00,HTÅ/86,15:10:00,249,12.2,true
RØ,2257,HTÅ/86,15:11:00,HH/86,15:15:00,305,4.7,true
RØ,2257,HH/86,15:16:00,TRK/86,15:19:00,305,4.0,true
RØ,2257,TRK/86,15:20:00,RO/86,15:23:00,305,3.1,true
RØ,2257,RO/86,15:24:00,VY/86,15:30:00,275,11.2,true
RØ,2257,VY/86,15:31:00,BO/86,15:36:00,275,7.2,true
RØ,2257,BO/86,15:37:00,KY/86,15:40:00,275,6.9,true
RØ,2257,KY/86,15:40:00,RG/86,15:45:00,275,7.3,true
RØ,2257,RG/86,15:46:00,GZ/86,15:52:00,154,12.0,true
RØ,2257,GZ/86,15:53:00,NÆ/86,16:02:00,154,14.8,true
RØ,2261,HG/86,14:58:00,SQ/86,15:01:00,100,3.5,true
RØ,2261,SQ/86,15:02:00,GÆ/86,15:04:00,100,2.7,true
RØ,2261,GÆ/86,15:05:00,HUM/86,15:08:00,100,3.7,true
RØ,2261,HUM/86,15:09:00,NI/86,15:12:00,100,3.8,true
RØ,2261,NI/86,15:13:00,OK/86,15:17:00,168,3.4,true
RØ,2261,OK/86,15:18:00,RU/86,15:20:00,168,3.0,true
RØ,2261,RU/86,15:21:00,VB/86,15:24:00,168,4.0,true
RØ,2261,VB/86,15:25:00,SÅ/86,15:28:00,168,3.3,true
RØ,2261,SÅ/86,15:29:00,KL/86,15:33:00,168,5.5,true
RØ,2261,KL/86,15:34:00,HL/86,15:39:00,168,5.5,true
RØ,2261,HL/86,15:40:00,HGL/86,15:42:00,168,2.6,true
RØ,2261,HGL/86,15:42:00,KK/86,15:45:00,168,2.1,true
RØ,2261,KK/86,15:47:00,KN/86,15:49:00,189,1.6,true
RØ,2261,KN/86,15:50:00,KH/86,15:53:00,189,1.5,true
RØ,2261,KH/86,15:56:00,VAL/86,16:00:00,370,3.9,true
RØ,2261,VAL/86,16:01:00,HIF/86,16:03:00,370,3.4,true
RØ,2261,HIF/86,16:03:00,HTÅ/86,16:10:00,370,12.2,true
RØ,2261,HTÅ/86,16:11:00,HH/86,16:15:00,437,4.7,true
RØ,2261,HH/86,16:16:00,TRK/86,16:19:00,437,4.0,true
RØ,2261,TRK/86,16:20:00,RO/86,16:23:00,437,3.1,true
RØ,2261,RO/86,16:24:00,VY/86,16:30:00,325,11.2,true
RØ,2261,VY/86,16:31:00,BO/86,16:36:00,325,7.2,true
RØ,2261,BO/86,16:37:00,KY/86,16:40:00,325,6.9,true
RØ,2261,KY/86,16:40:00,RG/86,16:45:00,325,7.3,true
RØ,2261,RG/86,16:46:00,GZ/86,16:52:00,181,12.0,true
RØ,2261,GZ/86,16:53:00,NÆ/86,17:02:00,181,14.8,true
RØ,2265,HG/86,15:58:00,SQ/86,16:01:00,56,3.5,true
RØ,2265,SQ/86,16:02:00,GÆ/86,16:04:00,56,2.7,true
RØ,2265,GÆ/86,16:05:00,HUM/86,16:08:00,56,3.7,true
RØ,2265,HUM/86,16:09:00,NI/86,16:12:00,56,3.8,true
RØ,2265,NI/86,16:13:00,OK/86,16:17:00,110,3.4,true
RØ,2265,OK/86,16:18:00,RU/86,16:20:00,110,3.0,true
RØ,2265,RU/86,16:21:00,VB/86,16:24:00,110,4.0,true
RØ,2265,VB/86,16:25:00,SÅ/86,16:28:00,110,3.3,true
RØ,2265,SÅ/86,16:29:00,KL/86,16:33:00,110,5.5,true
RØ,2265,KL/86,16:34:00,HL/86,16:39:00,110,5.5,true
RØ,2265,HL/86,16:40:00,HGL/86,16:42:00,110,2.6,true
RØ,2265,HGL/86,16:42:00,KK/86,16:45:00,110,2.1,true
RØ,2265,KK/86,16:47:00,KN/86,16:49:00,168,1.6,true
RØ,2265,KN/86,16:50:00,KH/86,16:53:00,168,1.5,true
RØ,2265,KH/86,16:56:00,VAL/86,17:00:00,308,3.9,true
RØ,2265,VAL/86,17:01:00,HIF/86,17:03:00,308,3.4,true
RØ,2265,HIF/86,17:03:00,HTÅ/86,17:10:00,308,12.2,true
RØ,2265,HTÅ/86,17:11:00,HH/86,17:15:00,340,4.7,true
RØ,2265,HH/86,17:16:00,TRK/86,17:19:00,340,4.0,true
RØ,2265,TRK/86,17:20:00,RO/86,17:23:00,340,3.1,true
RØ,2265,RO/86,17:24:00,VY/86,17:30:00,215,11.2,true
RØ,2265,VY/86,17:31:00,BO/86,17:36:00,215,7.2,true
RØ,2265,BO/86,17:37:00,KY/86,17:40:00,215,6.9,true
RØ,2265,KY/86,17:40:00,RG/86,17:45:00,215,7.3,true
RØ,2265,RG/86,17:46:00,GZ/86,17:52:00,96,12.0,true
RØ,2265,GZ/86,17:53:00,NÆ/86,18:02:00,96,14.8,true
RØ,2269,HG/86,16:58:00,SQ/86,17:01:00,33,3.5,true
RØ,2269,SQ/86,17:02:00,GÆ/86,17:04:00,33,2.7,true
RØ,2269,GÆ/86,17:05:00,HUM/86,17:08:00,33,3.7,true
RØ,2269,HUM/86,17:09:00,NI/86,17:12:00,33,3.8,true
RØ,2269,NI/86,17:13:00,OK/86,17:17:00,87,3.4,true
RØ,2269,OK/86,17:18:00,RU/86,17:20:00,87,3.0,true
RØ,2269,RU/86,17:21:00,VB/86,17:24:00,87,4.0,true
RØ,2269,VB/86,17:25:00,SÅ/86,17:28:00,87,3.3,true
RØ,2269,SÅ/86,17:29:00,KL/86,17:33:00,87,5.5,true
RØ,2269,KL/86,17:34:00,HL/86,17:39:00,87,5.5,true
RØ,2269,HL/86,17:40:00,HGL/86,17:42:00,87,2.6,true
RØ,2269,HGL/86,17:42:00,KK/86,17:45:00,87,2.1,true
RØ,2269,KK/86,17:47:00,KN/86,17:49:00,89,1.6,true
RØ,2269,KN/86,17:50:00,KH/86,17:53:00,89,1.5,true
RØ,2269,KH/86,17:56:00,VAL/86,18:00:00,145,3.9,true
RØ,2269,VAL/86,18:01:00,HIF/86,18:03:00,145,3.4,true
RØ,2269,HIF/86,18:03:00,HTÅ/86,18:10:00,145,12.2,true
RØ,2269,HTÅ/86,18:11:00,HH/86,18:15:00,155,4.7,true
RØ,2269,HH/86,18:16:00,TRK/86,18:19:00,155,4.0,true
RØ,2269,TRK/86,18:20:00,RO/86,18:23:00,155,3.1,true
RØ,2269,RO/86,18:24:00,VY/86,18:30:00,113,11.2,true
RØ,2269,VY/86,18:31:00,BO/86,18:36:00,113,7.2,true
RØ,2269,BO/86,18:37:00,KY/86,18:40:00,113,6.9,true
RØ,2269,KY/86,18:40:00,RG/86,18:45:00,113,7.3,true
RØ,2269,RG/86,18:46:00,GZ/86,18:52:00,54,12.0,true
RØ,2269,GZ/86,18:53:00,NÆ/86,19:02:00,54,14.8,true
RØ,2273,HG/86,17:58:00,SQ/86,18:01:00,20,3.5,true
RØ,2273,SQ/86,18:02:00,GÆ/86,18:04:00,20,2.7,true
RØ,2273,GÆ/86,18:05:00,HUM/86,18:08:00,20,3.7,true
RØ,2273,HUM/86,18:09:00,NI/86,18:12:00,20,3.8,true
RØ,2273,NI/86,18:13:00,OK/86,18:17:00,50,3.4,true
RØ,2273,OK/86,18:18:00,RU/86,18:20:00,50,3.0,true
RØ,2273,RU/86,18:21:00,VB/86,18:24:00,50,4.0,true
RØ,2273,VB/86,18:25:00,SÅ/86,18:28:00,50,3.3,true
RØ,2273,SÅ/86,18:29:00,KL/86,18:33:00,50,5.5,true
RØ,2273,KL/86,18:34:00,HL/86,18:39:00,50,5.5,true
RØ,2273,HL/86,18:40:00,HGL/86,18:42:00,50,2.6,true
RØ,2273,HGL/86,18:42:00,KK/86,18:45:00,50,2.1,true
RØ,2273,KK/86,18:47:00,KN/86,18:49:00,58,1.6,true
RØ,2273,KN/86,18:50:00,KH/86,18:53:00,58,1.5,true
RØ,2273,KH/86,18:56:00,VAL/86,19:00:00,90,3.9,true
RØ,2273,VAL/86,19:01:00,HIF/86,19:03:00,90,3.4,true
RØ,2273,HIF/86,19:03:00,HTÅ/86,19:10:00,90,12.2,true
RØ,2273,HTÅ/86,19:11:00,HH/86,19:15:00,98,4.7,true
RØ,2273,HH/86,19:16:00,TRK/86,19:19:00,98,4.0,true
RØ,2273,TRK/86,19:20:00,RO/86,19:23:00,98,3.1,true
RØ,2273,RO/86,19:24:00,VY/86,19:30:00,76,11.2,true
RØ,2273,VY/86,19:31:00,BO/86,19:36:00,76,7.2,true
RØ,2273,BO/86,19:37:00,KY/86,19:40:00,76,6.9,true
RØ,2273,KY/86,19:40:00,RG/86,19:45:00,76,7.3,true
RØ,2273,RG/86,19:46:00,GZ/86,19:52:00,42,12.0,true
RØ,2273,GZ/86,19:53:00,NÆ/86,20:02:00,42,14.8,true
RØ,2277,HG/86,18:58:00,SQ/86,19:01:00,29,3.5,true
RØ,2277,SQ/86,19:02:00,GÆ/86,19:04:00,29,2.7,true
RØ,2277,GÆ/86,19:05:00,HUM/86,19:08:00,29,3.7,true
RØ,2277,HUM/86,19:09:00,NI/86,19:12:00,29,3.8,true
RØ,2277,NI/86,19:13:00,OK/86,19:17:00,44,3.4,true
RØ,2277,OK/86,19:18:00,RU/86,19:20:00,44,3.0,true
RØ,2277,RU/86,19:21:00,VB/86,19:24:00,44,4.0,true
RØ,2277,VB/86,19:25:00,SÅ/86,19:28:00,44,3.3,true
RØ,2277,SÅ/86,19:29:00,KL/86,19:33:00,44,5.5,true
RØ,2277,KL/86,19:34:00,HL/86,19:39:00,44,5.5,true
RØ,2277,HL/86,19:40:00,HGL/86,19:42:00,44,2.6,true
RØ,2277,HGL/86,19:42:00,KK/86,19:45:00,44,2.1,true
RØ,2277,KK/86,19:47:00,KN/86,19:49:00,57,1.6,true
RØ,2277,KN/86,19:50:00,KH/86,19:53:00,57,1.5,true
RØ,2277,KH/86,19:56:00,VAL/86,20:00:00,90,3.9,true
RØ,2277,VAL/86,20:01:00,HIF/86,20:03:00,90,3.4,true
RØ,2277,HIF/86,20:03:00,HTÅ/86,20:10:00,90,12.2,true
RØ,2277,HTÅ/86,20:11:00,HH/86,20:15:00,95,4.7,true
RØ,2277,HH/86,20:16:00,TRK/86,20:19:00,95,4.0,true
RØ,2277,TRK/86,20:20:00,RO/86,20:23:00,95,3.1,true
RØ,2277,RO/86,20:24:00,VY/86,20:30:00,65,11.2,true
RØ,2277,VY/86,20:31:00,BO/86,20:36:00,65,7.2,true
RØ,2277,BO/86,20:37:00,KY/86,20:40:00,65,6.9,true
RØ,2277,KY/86,20:40:00,RG/86,20:45:00,65,7.3,true
RØ,2277,RG/86,20:46:00,GZ/86,20:52:00,46,12.0,true
RØ,2277,GZ/86,20:53:00,NÆ/86,21:02:00,46,14.8,true
RØ,2281,HG/86,19:58:00,SQ/86,20:01:00,31,3.5,true
RØ,2281,SQ/86,20:02:00,GÆ/86,20:04:00,31,2.7,true
RØ,2281,GÆ/86,20:05:00,HUM/86,20:08:00,31,3.7,true
RØ,2281,HUM/86,20:09:00,NI/86,20:12:00,31,3.8,true
RØ,2281,NI/86,20:13:00,OK/86,20:17:00,65,3.4,true
RØ,2281,OK/86,20:18:00,RU/86,20:20:00,65,3.0,true
RØ,2281,RU/86,20:21:00,VB/86,20:24:00,65,4.0,true
RØ,2281,VB/86,20:25:00,SÅ/86,20:28:00,65,3.3,true
RØ,2281,SÅ/86,20:29:00,KL/86,20:33:00,65,5.5,true
RØ,2281,KL/86,20:34:00,HL/86,20:39:00,65,5.5,true
RØ,2281,HL/86,20:40:00,HGL/86,20:42:00,65,2.6,true
RØ,2281,HGL/86,20:42:00,KK/86,20:45:00,65,2.1,true
RØ,2281,KK/86,20:47:00,KN/86,20:49:00,81,1.6,true
RØ,2281,KN/86,20:50:00,KH/86,20:53:00,81,1.5,true
RØ,2281,KH/86,20:56:00,VAL/86,21:00:00,87,3.9,true
RØ,2281,VAL/86,21:01:00,HIF/86,21:03:00,87,3.4,true
RØ,2281,HIF/86,21:03:00,HTÅ/86,21:10:00,87,12.2,true
RØ,2281,HTÅ/86,21:11:00,HH/86,21:15:00,76,4.7,true
RØ,2281,HH/86,21:16:00,TRK/86,21:19:00,76,4.0,true
RØ,2281,TRK/86,21:20:00,RO/86,21:23:00,76,3.1,true
RØ,2281,RO/86,21:24:00,VY/86,21:30:00,60,11.2,true
RØ,2281,VY/86,21:31:00,BO/86,21:36:00,60,7.2,true
RØ,2281,BO/86,21:37:00,KY/86,21:40:00,60,6.9,true
RØ,2281,KY/86,21:40:00,RG/86,21:45:00,60,7.3,true
RØ,2281,RG/86,21:46:00,GZ/86,21:52:00,27,12.0,true
RØ,2281,GZ/86,21:53:00,NÆ/86,22:02:00,27,14.8,true
RØ,2408,NÆ/86,06:36:00,NÆN/86,06:39:00,126,3.1,true
RØ,2408,NÆN/86,06:40:00,OL/86,06:44:00,126,4.3,true
RØ,2408,OL/86,06:45:00,HZ/86,06:51:00,126,10.9,true
RØ,2408,HZ/86,06:52:00,TH/86,06:57:00,126,8.8,true
RØ,2408,TH/86,07:00:00,HF/86,07:04:00,126,6.4,true
RØ,2408,HF/86,07:05:00,KJ/86,07:09:00,126,5.5,true
RØ,2408,KJ/86,07:15:00,ØLB/86,07:17:00,245,2.7,true
RØ,2408,ØLB/86,07:18:00,KJN/86,07:21:00,245,2.2,true
RØ,2408,KJN/86,07:22:00,JSF/86,07:23:00,300,2.5,true
RØ,2408,JSF/86,07:23:00,NEL/86,07:36:20,300,28.2,true
RØ,2408,NEL/86,07:37:20,GB/86,07:39:00,300,1.4,true
RØ,2408,GB/86,07:39:00,KH/86,07:43:00,300,3.2,true
RØ,2412,NÆ/86,07:36:00,NÆN/86,07:39:00,84,3.1,true
RØ,2412,NÆN/86,07:40:00,OL/86,07:44:00,84,4.3,true
RØ,2412,OL/86,07:45:00,HZ/86,07:51:00,84,10.9,true
RØ,2412,HZ/86,07:52:00,TH/86,07:57:00,84,8.8,true
RØ,2412,TH/86,08:00:00,HF/86,08:04:00,84,6.4,true
RØ,2412,HF/86,08:05:00,KJ/86,08:09:00,84,5.5,true
RØ,2412,KJ/86,08:15:00,ØLB/86,08:17:00,185,2.7,true
RØ,2412,ØLB/86,08:18:00,KJN/86,08:21:00,185,2.2,true
RØ,2412,KJN/86,08:22:00,JSF/86,08:23:00,231,2.5,true
RØ,2412,JSF/86,08:23:00,NEL/86,08:36:20,231,28.2,true
RØ,2412,NEL/86,08:37:20,GB/86,08:39:00,231,1.4,true
RØ,2412,GB/86,08:39:00,KH/86,08:43:00,231,3.2,true
RØ,2412,KH/86,08:46:00,KN/86,08:48:00,91,1.5,true
RØ,2412,KN/86,08:49:00,KK/86,08:52:00,91,1.6,true
RØ,2416,NÆ/86,08:36:00,NÆN/86,08:39:00,59,3.1,true
RØ,2416,NÆN/86,08:40:00,OL/86,08:44:00,59,4.3,true
RØ,2416,OL/86,08:45:00,HZ/86,08:51:00,59,10.9,true
RØ,2416,HZ/86,08:52:00,TH/86,08:57:00,59,8.8,true
RØ,2416,TH/86,09:00:00,HF/86,09:04:00,59,6.4,true
RØ,2416,HF/86,09:05:00,KJ/86,09:09:00,59,5.5,true
RØ,2416,KJ/86,09:15:00,ØLB/86,09:17:00,103,2.7,true
RØ,2416,ØLB/86,09:18:00,KJN/86,09:21:00,103,2.2,true
RØ,2416,KJN/86,09:22:00,JSF/86,09:23:00,123,2.5,true
RØ,2416,JSF/86,09:23:00,NEL/86,09:36:20,123,28.2,true
RØ,2416,NEL/86,09:37:20,GB/86,09:39:00,123,1.4,true
RØ,2416,GB/86,09:39:00,KH/86,09:43:00,123,3.2,true
RØ,2416,KH/86,09:46:00,KN/86,09:48:00,56,1.5,true
RØ,2416,KN/86,09:49:00,KK/86,09:52:00,56,1.6,true
RØ,2420,NÆ/86,09:36:00,NÆN/86,09:39:00,26,3.1,true
RØ,2420,NÆN/86,09:40:00,OL/86,09:44:00,26,4.3,true
RØ,2420,OL/86,09:45:00,HZ/86,09:51:00,26,10.9,true
RØ,2420,HZ/86,09:52:00,TH/86,09:57:00,26,8.8,true
RØ,2420,TH/86,10:00:00,HF/86,10:04:00,26,6.4,true
RØ,2420,HF/86,10:05:00,KJ/86,10:09:00,26,5.5,true
RØ,2420,KJ/86,10:15:00,ØLB/86,10:17:00,54,2.7,true
RØ,2420,ØLB/86,10:18:00,KJN/86,10:21:00,54,2.2,true
RØ,2420,KJN/86,10:22:00,JSF/86,10:23:00,64,2.5,true
RØ,2420,JSF/86,10:23:00,NEL/86,10:36:20,64,28.2,true
RØ,2420,NEL/86,10:37:20,GB/86,10:39:00,64,1.4,true
RØ,2420,GB/86,10:39:00,KH/86,10:43:00,64,3.2,true
RØ,2420,KH/86,10:46:00,KN/86,10:48:00,30,1.5,true
RØ,2420,KN/86,10:49:00,KK/86,10:52:00,30,1.6,true
RØ,2424,NÆ/86,10:36:00,NÆN/86,10:39:00,22,3.1,true
RØ,2424,NÆN/86,10:40:00,OL/86,10:44:00,22,4.3,true
RØ,2424,OL/86,10:45:00,HZ/86,10:51:00,22,10.9,true
RØ,2424,HZ/86,10:52:00,TH/86,10:57:00,22,8.8,true
RØ,2424,TH/86,11:00:00,HF/86,11:04:00,22,6.4,true
RØ,2424,HF/86,11:05:00,KJ/86,11:09:00,22,5.5,true
RØ,2424,KJ/86,11:15:00,ØLB/86,11:17:00,45,2.7,true
RØ,2424,ØLB/86,11:18:00,KJN/86,11:21:00,45,2.2,true
RØ,2424,KJN/86,11:22:00,JSF/86,11:23:00,51,2.5,true
RØ,2424,JSF/86,11:23:00,NEL/86,11:36:20,51,28.2,true
RØ,2424,NEL/86,11:37:20,GB/86,11:39:00,51,1.4,true
RØ,2424,GB/86,11:39:00,KH/86,11:43:00,51,3.2,true
RØ,2428,NÆ/86,11:36:00,NÆN/86,11:39:00,26,3.1,true
RØ,2428,NÆN/86,11:40:00,OL/86,11:44:00,26,4.3,true
RØ,2428,OL/86,11:45:00,HZ/86,11:51:00,26,10.9,true
RØ,2428,HZ/86,11:52:00,TH/86,11:57:00,26,8.8,true
RØ,2428,TH/86,12:00:00,HF/86,12:04:00,26,6.4,true
RØ,2428,HF/86,12:05:00,KJ/86,12:09:00,26,5.5,true
RØ,2428,KJ/86,12:15:00,ØLB/86,12:17:00,57,2.7,true
RØ,2428,ØLB/86,12:18:00,KJN/86,12:21:00,57,2.2,true
RØ,2428,KJN/86,12:22:00,JSF/86,12:23:00,64,2.5,true
RØ,2428,JSF/86,12:23:00,NEL/86,12:36:20,64,28.2,true
RØ,2428,NEL/86,12:37:20,GB/86,12:39:00,64,1.4,true
RØ,2428,GB/86,12:39:00,KH/86,12:43:00,64,3.2,true
RØ,2428,KH/86,12:46:00,KN/86,12:48:00,23,1.5,true
RØ,2428,KN/86,12:49:00,KK/86,12:52:00,23,1.6,true
RØ,2432,NÆ/86,12:36:00,NÆN/86,12:39:00,25,3.1,true
RØ,2432,NÆN/86,12:40:00,OL/86,12:44:00,25,4.3,true
RØ,2432,OL/86,12:45:00,HZ/86,12:51:00,25,10.9,true
RØ,2432,HZ/86,12:52:00,TH/86,12:57:00,25,8.8,true
RØ,2432,TH/86,13:00:00,HF/86,13:04:00,25,6.4,true
RØ,2432,HF/86,13:05:00,KJ/86,13:09:00,25,5.5,true
RØ,2432,KJ/86,13:15:00,ØLB/86,13:17:00,42,2.7,true
RØ,2432,ØLB/86,13:18:00,KJN/86,13:21:00,42,2.2,true
RØ,2432,KJN/86,13:22:00,JSF/86,13:23:00,47,2.5,true
RØ,2432,JSF/86,13:23:00,NEL/86,13:36:20,47,28.2,true
RØ,2432,NEL/86,13:37:20,GB/86,13:39:00,47,1.4,true
RØ,2432,GB/86,13:39:00,KH/86,13:43:00,47,3.2,true
RØ,2432,KH/86,13:46:00,KN/86,13:48:00,18,1.5,true
RØ,2432,KN/86,13:49:00,KK/86,13:52:00,18,1.6,true
RØ,2436,NÆ/86,13:36:00,NÆN/86,13:39:00,33,3.1,true
RØ,2436,NÆN/86,13:40:00,OL/86,13:44:00,33,4.3,true
RØ,2436,OL/86,13:45:00,HZ/86,13:51:00,33,10.9,true
RØ,2436,HZ/86,13:52:00,TH/86,13:57:00,33,8.8,true
RØ,2436,TH/86,14:00:00,HF/86,14:04:00,33,6.4,true
RØ,2436,HF/86,14:05:00,KJ/86,14:09:00,33,5.5,true
RØ,2436,KJ/86,14:15:00,ØLB/86,14:17:00,75,2.7,true
RØ,2436,ØLB/86,14:18:00,KJN/86,14:21:00,75,2.2,true
RØ,2436,KJN/86,14:22:00,JSF/86,14:23:00,84,2.5,true
RØ,2436,JSF/86,14:23:00,NEL/86,14:36:20,84,28.2,true
RØ,2436,NEL/86,14:37:20,GB/86,14:39:00,84,1.4,true
RØ,2436,GB/86,14:39:00,KH/86,14:43:00,84,3.2,true
RØ,2440,NÆ/86,14:36:00,NÆN/86,14:39:00,35,3.1,true
RØ,2440,NÆN/86,14:40:00,OL/86,14:44:00,35,4.3,true
RØ,2440,OL/86,14:45:00,HZ/86,14:51:00,35,10.9,true
RØ,2440,HZ/86,14:52:00,TH/86,14:57:00,35,8.8,true
RØ,2440,TH/86,15:00:00,HF/86,15:04:00,35,6.4,true
RØ,2440,HF/86,15:05:00,KJ/86,15:09:00,35,5.5,true
RØ,2440,KJ/86,15:15:00,ØLB/86,15:17:00,76,2.7,true
RØ,2440,ØLB/86,15:18:00,KJN/86,15:21:00,76,2.2,true
RØ,2440,KJN/86,15:22:00,JSF/86,15:23:00,90,2.5,true
RØ,2440,JSF/86,15:23:00,NEL/86,15:36:20,90,28.2,true
RØ,2440,NEL/86,15:37:20,GB/86,15:39:00,90,1.4,true
RØ,2440,GB/86,15:39:00,KH/86,15:43:00,90,3.2,true
RØ,2444,NÆ/86,15:36:00,NÆN/86,15:39:00,37,3.1,true
RØ,2444,NÆN/86,15:40:00,OL/86,15:44:00,37,4.3,true
RØ,2444,OL/86,15:45:00,HZ/86,15:51:00,37,10.9,true
RØ,2444,HZ/86,15:52:00,TH/86,15:57:00,37,8.8,true
RØ,2444,TH/86,16:00:00,HF/86,16:04:00,37,6.4,true
RØ,2444,HF/86,16:05:00,KJ/86,16:09:00,37,5.5,true
RØ,2444,KJ/86,16:15:00,ØLB/86,16:17:00,82,2.7,true
RØ,2444,ØLB/86,16:18:00,KJN/86,16:21:00,82,2.2,true
RØ,2444,KJN/86,16:22:00,JSF/86,16:23:00,107,2.5,true
RØ,2444,JSF/86,16:23:00,NEL/86,16:36:20,107,28.2,true
RØ,2444,NEL/86,16:37:20,GB/86,16:39:00,107,1.4,true
RØ,2444,GB/86,16:39:00,KH/86,16:43:00,107,3.2,true
RØ,2448,NÆ/86,16:36:00,NÆN/86,16:39:00,22,3.1,true
RØ,2448,NÆN/86,16:40:00,OL/86,16:44:00,22,4.3,true
RØ,2448,OL/86,16:45:00,HZ/86,16:51:00,22,10.9,true
RØ,2448,HZ/86,16:52:00,TH/86,16:57:00,22,8.8,true
RØ,2448,TH/86,17:00:00,HF/86,17:04:00,22,6.4,true
RØ,2448,HF/86,17:05:00,KJ/86,17:09:00,22,5.5,true
RØ,2448,KJ/86,17:15:00,ØLB/86,17:17:00,42,2.7,true
RØ,2448,ØLB/86,17:18:00,KJN/86,17:21:00,42,2.2,true
RØ,2448,KJN/86,17:22:00,JSF/86,17:23:00,56,2.5,true
RØ,2448,JSF/86,17:23:00,NEL/86,17:36:20,56,28.2,true
RØ,2448,NEL/86,17:37:20,GB/86,17:39:00,56,1.4,true
RØ,2448,GB/86,17:39:00,KH/86,17:43:00,56,3.2,true
RØ,2252,NÆ/86,17:58:00,GZ/86,18:06:00,20,14.8,true
RØ,2252,GZ/86,18:07:00,RG/86,18:13:00,20,12.0,true
RØ,2252,RG/86,18:14:00,KY/86,18:18:00,23,7.3,true
RØ,2252,KY/86,18:18:00,BO/86,18:22:00,23,6.9,true
RØ,2252,BO/86,18:23:00,VY/86,18:28:00,23,7.2,true
RØ,2252,VY/86,18:29:00,RO/86,18:35:00,23,11.2,true
RØ,2252,RO/86,18:37:00,TRK/86,18:39:00,40,3.1,true
RØ,2252,TRK/86,18:40:00,HH/86,18:43:00,40,4.0,true
RØ,2252,HH/86,18:44:00,HTÅ/86,18:48:00,40,4.7,true
RØ,2252,HTÅ/86,18:49:00,GL/86,18:53:00,53,8.3,true
RØ,2252,GL/86,18:53:00,VAL/86,18:57:00,53,7.3,true
RØ,2252,VAL/86,18:58:00,KH/86,19:04:00,53,3.9,true
RØ,2252,KH/86,19:07:00,KN/86,19:09:00,51,1.5,true
RØ,2252,KN/86,19:10:00,KK/86,19:13:00,51,1.6,true
RØ,2252,KK/86,19:14:00,HGL/86,19:16:00,89,2.1,true
RØ,2252,HGL/86,19:16:00,HL/86,19:19:00,89,2.6,true
RØ,2252,HL/86,19:20:00,KL/86,19:24:00,89,5.5,true
RØ,2252,KL/86,19:25:00,SÅ/86,19:29:00,89,5.5,true
RØ,2252,SÅ/86,19:30:00,VB/86,19:33:00,89,3.3,true
RØ,2252,VB/86,19:34:00,RU/86,19:37:00,89,4.0,true
RØ,2252,RU/86,19:38:00,OK/86,19:41:00,89,3.0,true
RØ,2252,OK/86,19:42:00,NI/86,19:45:00,89,3.4,true
RØ,2252,NI/86,19:46:00,HUM/86,19:49:00,48,3.8,true
RØ,2252,HUM/86,19:50:00,GÆ/86,19:53:00,48,3.7,true
RØ,2252,GÆ/86,19:54:00,SQ/86,19:57:00,48,2.7,true
RØ,2252,SQ/86,19:58:00,HG/86,20:02:00,48,3.5,true
RØ,2248,NÆ/86,16:58:00,GZ/86,17:06:00,38,14.8,true
RØ,2248,GZ/86,17:07:00,RG/86,17:13:00,38,12.0,true
RØ,2248,RG/86,17:14:00,KY/86,17:18:00,52,7.3,true
RØ,2248,KY/86,17:18:00,BO/86,17:22:00,52,6.9,true
RØ,2248,BO/86,17:23:00,VY/86,17:28:00,52,7.2,true
RØ,2248,VY/86,17:29:00,RO/86,17:35:00,52,11.2,true
RØ,2248,RO/86,17:37:00,TRK/86,17:39:00,77,3.1,true
RØ,2248,TRK/86,17:40:00,HH/86,17:43:00,77,4.0,true
RØ,2248,HH/86,17:44:00,HTÅ/86,17:48:00,77,4.7,true
RØ,2248,HTÅ/86,17:49:00,GL/86,17:53:00,98,8.3,true
RØ,2248,GL/86,17:53:00,VAL/86,17:57:00,98,7.3,true
RØ,2248,VAL/86,17:58:00,KH/86,18:04:00,98,3.9,true
RØ,2248,KH/86,18:07:00,KN/86,18:09:00,70,1.5,true
RØ,2248,KN/86,18:10:00,KK/86,18:13:00,70,1.6,true
RØ,2248,KK/86,18:14:00,HGL/86,18:16:00,109,2.1,true
RØ,2248,HGL/86,18:16:00,HL/86,18:19:00,109,2.6,true
RØ,2248,HL/86,18:20:00,KL/86,18:24:00,109,5.5,true
RØ,2248,KL/86,18:25:00,SÅ/86,18:29:00,109,5.5,true
RØ,2248,SÅ/86,18:30:00,VB/86,18:33:00,109,3.3,true
RØ,2248,VB/86,18:34:00,RU/86,18:37:00,109,4.0,true
RØ,2248,RU/86,18:38:00,OK/86,18:41:00,109,3.0,true
RØ,2248,OK/86,18:42:00,NI/86,18:45:00,109,3.4,true
RØ,2248,NI/86,18:46:00,HUM/86,18:49:00,44,3.8,true
RØ,2248,HUM/86,18:50:00,GÆ/86,18:53:00,44,3.7,true
RØ,2248,GÆ/86,18:54:00,SQ/86,18:57:00,44,2.7,true
RØ,2248,SQ/86,18:58:00,HG/86,19:02:00,44,3.5,true
RØ,1257,KH/86,15:08:00,GB/86,15:11:00,320,3.2,true
RØ,1257,GB/86,15:11:00,NEL/86,15:12:00,320,1.4,true
RØ,1257,NEL/86,15:13:00,IG/86,15:14:00,320,1.6,true
RØ,1257,IG/86,15:14:00,RG/86,15:37:00,320,55.5,true
RØ,1257,RG/86,15:39:00,GZ/86,15:44:00,316,12.0,true
RØ,1257,GZ/86,15:44:00,NÆ/86,15:51:00,316,14.8,true
RØ,1257,NÆ/86,15:53:00,MOG/86,15:56:00,197,8.5,true
RØ,1257,MOG/86,15:56:00,VO/86,16:05:00,197,18.9,true
RØ,1257,VO/86,16:07:00,MN/86,16:10:00,126,3.8,false
RØ,1257,MN/86,16:10:00,NF/86,16:23:00,126,25.0,false
RØ,2217,KH/86,04:56:00,VAL/86,05:00:00,18,3.9,true
RØ,2217,VAL/86,05:01:00,HIF/86,05:03:00,18,3.4,true
RØ,2217,HIF/86,05:03:00,HTÅ/86,05:10:00,18,12.2,true
RØ,2217,HTÅ/86,05:11:00,HH/86,05:15:00,33,4.7,true
RØ,2217,HH/86,05:16:00,TRK/86,05:19:00,33,4.0,true
RØ,2217,TRK/86,05:20:00,RO/86,05:23:00,33,3.1,true
RØ,2217,RO/86,05:24:00,VY/86,05:30:00,36,11.2,true
RØ,2217,VY/86,05:31:00,BO/86,05:36:00,36,7.2,true
RØ,2217,BO/86,05:37:00,KY/86,05:40:00,36,6.9,true
RØ,2217,KY/86,05:40:00,RG/86,05:45:00,36,7.3,true
RØ,2217,RG/86,05:46:00,GZ/86,05:52:00,23,12.0,true
RØ,2217,GZ/86,05:53:00,NÆ/86,06:02:00,23,14.8,true
RØ,2202,KH/86,06:07:00,KN/86,06:09:00,7,1.5,true
RØ,2202,KN/86,06:10:00,KK/86,06:13:00,7,1.6,true
RØ,2202,KK/86,06:14:00,HGL/86,06:16:00,19,2.1,true
RØ,2202,HGL/86,06:16:00,HL/86,06:19:00,19,2.6,true
RØ,2202,HL/86,06:20:00,KL/86,06:24:00,19,5.5,true
RØ,2202,KL/86,06:25:00,SÅ/86,06:29:00,19,5.5,true
RØ,2202,SÅ/86,06:30:00,VB/86,06:33:00,19,3.3,true
RØ,2202,VB/86,06:34:00,RU/86,06:37:00,19,4.0,true
RØ,2202,RU/86,06:38:00,OK/86,06:41:00,19,3.0,true
RØ,2202,OK/86,06:42:00,NI/86,06:45:00,19,3.4,true
RØ,2202,NI/86,06:46:00,HUM/86,06:49:00,11,3.8,true
RØ,2202,HUM/86,06:50:00,GÆ/86,06:53:00,11,3.7,true
RØ,2202,GÆ/86,06:54:00,SQ/86,06:57:00,11,2.7,true
RØ,2202,SQ/86,06:58:00,HG/86,07:02:00,11,3.5,true
RØ,4206,VO/86,06:10:00,LU/86,06:16:00,37,11.4,true
RØ,4206,LU/86,06:17:00,MOG/86,06:22:00,37,7.5,true
RØ,4206,MOG/86,06:22:00,NÆ/86,06:26:00,37,8.5,true
RØ,4206,NÆ/86,06:28:00,GZ/86,06:36:00,138,14.8,true
RØ,4206,GZ/86,06:37:00,RG/86,06:43:00,138,12.0,true
RØ,4206,RG/86,06:44:00,KY/86,06:48:00,323,7.3,true
RØ,4206,KY/86,06:48:00,BO/86,06:52:00,323,6.9,true
RØ,4206,BO/86,06:53:00,VY/86,06:58:00,323,7.2,true
RØ,4206,VY/86,06:59:00,RO/86,07:05:00,323,11.2,true
RØ,4206,RO/86,07:07:00,TRK/86,07:09:00,463,3.1,true
RØ,4206,TRK/86,07:10:00,HH/86,07:13:00,463,4.0,true
RØ,4206,HH/86,07:14:00,HTÅ/86,07:18:00,463,4.7,true
RØ,4206,HTÅ/86,07:19:00,GL/86,07:23:00,429,8.3,true
RØ,4206,GL/86,07:23:00,VAL/86,07:27:00,429,7.3,true
RØ,4206,VAL/86,07:28:00,KH/86,07:34:00,429,3.9,true
RØ,4206,KH/86,07:37:00,KN/86,07:39:00,136,1.5,true
RØ,4206,KN/86,07:40:00,KK/86,07:43:00,136,1.6,true
RØ,4206,KK/86,07:44:00,HGL/86,07:46:00,89,2.1,true
RØ,4206,HGL/86,07:46:00,HL/86,07:49:00,89,2.6,true
RØ,4206,HL/86,07:50:00,KL/86,07:54:00,89,5.5,true
RØ,4206,KL/86,07:55:00,SÅ/86,07:59:00,89,5.5,true
RØ,4206,SÅ/86,08:00:00,VB/86,08:03:00,89,3.3,true
RØ,4206,VB/86,08:04:00,RU/86,08:07:00,89,4.0,true
RØ,4206,RU/86,08:08:00,OK/86,08:11:00,89,3.0,true
RØ,4206,OK/86,08:12:00,NI/86,08:15:00,89,3.4,true
RØ,4206,NI/86,08:16:00,HUM/86,08:19:00,59,3.8,true
RØ,4206,HUM/86,08:20:00,GÆ/86,08:23:00,59,3.7,true
RØ,4206,GÆ/86,08:24:00,SQ/86,08:27:00,59,2.7,true
RØ,4206,SQ/86,08:28:00,HG/86,08:32:00,59,3.5,true
RØ,3402,KH/86,06:16:00,KN/86,06:18:00,38,1.5,true
RØ,3402,KN/86,06:19:00,KK/86,06:22:00,38,1.6,true
RØ,3402,KK/86,06:23:00,HGL/86,06:26:00,26,2.1,true
RØ,3402,HGL/86,06:26:00,HL/86,06:29:00,26,2.6,true
RØ,3402,HL/86,06:30:00,KL/86,06:35:00,26,5.5,true
RØ,3402,KL/86,06:35:00,OK/86,06:47:00,26,15.8,true
RØ,3402,OK/86,06:48:00,NI/86,06:51:00,26,3.4,true
RØ,3402,NI/86,06:52:00,HUM/86,06:55:00,19,3.8,true
RØ,3402,HUM/86,06:56:00,GÆ/86,06:59:00,19,3.7,true
RØ,3402,GÆ/86,07:00:00,SQ/86,07:03:00,19,2.7,true
RØ,3402,SQ/86,07:03:00,HG/86,07:06:00,19,3.5,true
RØ,3406,KH/86,07:16:00,KN/86,07:18:00,134,1.5,true
RØ,3406,KN/86,07:19:00,KK/86,07:22:00,134,1.6,true
RØ,3406,KK/86,07:23:00,HGL/86,07:26:00,117,2.1,true
RØ,3406,HGL/86,07:26:00,HL/86,07:29:00,117,2.6,true
RØ,3406,HL/86,07:30:00,KL/86,07:35:00,117,5.5,true
RØ,3406,KL/86,07:35:00,OK/86,07:47:00,117,15.8,true
RØ,3406,OK/86,07:48:00,NI/86,07:51:00,117,3.4,true
RØ,3406,NI/86,07:52:00,HUM/86,07:55:00,91,3.8,true
RØ,3406,HUM/86,07:56:00,GÆ/86,07:59:00,91,3.7,true
RØ,3406,GÆ/86,08:00:00,SQ/86,08:03:00,91,2.7,true
RØ,3406,SQ/86,08:03:00,HG/86,08:06:00,91,3.5,true
RØ,3438,KH/86,15:16:00,KN/86,15:18:00,92,1.5,true
RØ,3438,KN/86,15:19:00,KK/86,15:22:00,92,1.6,true
RØ,3438,KK/86,15:23:00,HGL/86,15:26:00,187,2.1,true
RØ,3438,HGL/86,15:26:00,HL/86,15:29:00,187,2.6,true
RØ,3438,HL/86,15:30:00,KL/86,15:35:00,187,5.5,true
RØ,3438,KL/86,15:35:00,OK/86,15:47:00,187,15.8,true
RØ,3438,OK/86,15:48:00,NI/86,15:51:00,187,3.4,true
RØ,3438,NI/86,15:52:00,HUM/86,15:55:00,131,3.8,true
RØ,3438,HUM/86,15:56:00,GÆ/86,15:59:00,131,3.7,true
RØ,3438,GÆ/86,16:00:00,SQ/86,16:03:00,131,2.7,true
RØ,3438,SQ/86,16:03:00,HG/86,16:06:00,131,3.5,true
RØ,3446,KH/86,17:16:00,KN/86,17:18:00,83,1.5,true
RØ,3446,KN/86,17:19:00,KK/86,17:22:00,83,1.6,true
RØ,3446,KK/86,17:23:00,HGL/86,17:26:00,153,2.1,true
RØ,3446,HGL/86,17:26:00,HL/86,17:29:00,153,2.6,true
RØ,3446,HL/86,17:30:00,KL/86,17:35:00,153,5.5,true
RØ,3446,KL/86,17:35:00,OK/86,17:47:00,153,15.8,true
RØ,3446,OK/86,17:48:00,NI/86,17:51:00,153,3.4,true
RØ,3446,NI/86,17:52:00,HUM/86,17:55:00,95,3.8,true
RØ,3446,HUM/86,17:56:00,GÆ/86,17:59:00,95,3.7,true
RØ,3446,GÆ/86,18:00:00,SQ/86,18:03:00,95,2.7,true
RØ,3446,SQ/86,18:03:00,HG/86,18:06:00,95,3.5,true
RØ,3450,KH/86,18:16:00,KN/86,18:18:00,74,1.5,true
RØ,3450,KN/86,18:19:00,KK/86,18:22:00,74,1.6,true
RØ,3450,KK/86,18:23:00,HGL/86,18:26:00,139,2.1,true
RØ,3450,HGL/86,18:26:00,HL/86,18:29:00,139,2.6,true
RØ,3450,HL/86,18:30:00,KL/86,18:35:00,139,5.5,true
RØ,3450,KL/86,18:35:00,OK/86,18:47:00,139,15.8,true
RØ,3450,OK/86,18:48:00,NI/86,18:51:00,139,3.4,true
RØ,3450,NI/86,18:52:00,HUM/86,18:55:00,85,3.8,true
RØ,3450,HUM/86,18:56:00,GÆ/86,18:59:00,85,3.7,true
RØ,3450,GÆ/86,19:00:00,SQ/86,19:03:00,85,2.7,true
RØ,3450,SQ/86,19:03:00,HG/86,19:06:00,85,3.5,true
RØ,2460,NÆ/86,19:36:00,NÆN/86,19:39:00,14,3.1,true
RØ,2460,NÆN/86,19:40:00,OL/86,19:44:00,14,4.3,true
RØ,2460,OL/86,19:45:00,HZ/86,19:51:00,14,10.9,true
RØ,2460,HZ/86,19:52:00,TH/86,19:57:00,14,8.8,true
RØ,2460,TH/86,20:00:00,HF/86,20:04:00,14,6.4,true
RØ,2460,HF/86,20:05:00,KJ/86,20:09:00,14,5.5,true
RØ,2460,KJ/86,20:15:00,ØLB/86,20:17:00,38,2.7,true
RØ,2460,ØLB/86,20:18:00,KJN/86,20:21:00,38,2.2,true
RØ,2460,KJN/86,20:22:00,JSF/86,20:23:00,52,2.5,true
RØ,2460,JSF/86,20:23:00,NEL/86,20:36:20,52,28.2,true
RØ,2460,NEL/86,20:37:20,GB/86,20:39:00,52,1.4,true
RØ,2460,GB/86,20:39:00,KH/86,20:43:00,52,3.2,true
RØ,2464,NÆ/86,20:36:00,NÆN/86,20:39:00,46,3.1,true
RØ,2464,NÆN/86,20:40:00,OL/86,20:44:00,46,4.3,true
RØ,2464,OL/86,20:45:00,HZ/86,20:51:00,46,10.9,true
RØ,2464,HZ/86,20:52:00,TH/86,20:57:00,46,8.8,true
RØ,2464,TH/86,21:00:00,HF/86,21:04:00,46,6.4,true
RØ,2464,HF/86,21:05:00,KJ/86,21:09:00,46,5.5,true
RØ,2464,KJ/86,21:15:00,ØLB/86,21:17:00,34,2.7,true
RØ,2464,ØLB/86,21:18:00,KJN/86,21:21:00,34,2.2,true
RØ,2464,KJN/86,21:22:00,JSF/86,21:23:00,34,2.5,true
RØ,2464,JSF/86,21:23:00,NEL/86,21:36:20,34,28.2,true
RØ,2464,NEL/86,21:37:20,GB/86,21:39:00,34,1.4,true
RØ,2464,GB/86,21:39:00,KH/86,21:43:00,34,3.2,true
RØ,2476,NÆ/86,23:36:00,NÆN/86,23:39:00,1,3.1,true
RØ,2476,NÆN/86,23:40:00,OL/86,23:44:00,1,4.3,true
RØ,2476,OL/86,23:45:00,HZ/86,23:51:00,1,10.9,true
RØ,2476,HZ/86,23:52:00,TH/86,23:57:00,1,8.8,true
RØ,2476,TH/86,00:00:00,HF/86,00:04:00,1,6.4,true
RØ,2476,HF/86,00:05:00,KJ/86,00:09:00,1,5.5,true
RØ,2476,KJ/86,00:15:00,ØLB/86,00:17:00,1,2.7,true
RØ,2476,ØLB/86,00:18:00,KJN/86,00:21:00,1,2.2,true
RØ,2476,KJN/86,00:22:00,JSF/86,00:23:00,1,2.5,true
RØ,2476,JSF/86,00:23:00,NEL/86,00:36:20,1,28.2,true
RØ,2476,NEL/86,00:37:20,GB/86,00:39:00,1,1.4,true
RØ,2476,GB/86,00:39:00,KH/86,00:43:00,1,3.2,true
RØ,2476,KH/86,00:54:00,KN/86,00:56:00,0,1.5,true
RØ,2476,KN/86,00:57:00,KK/86,01:00:00,0,1.6,true
RØ,2476,KK/86,01:03:00,HGL/86,01:06:00,0,2.1,true
RØ,2419,KH/86,05:17:00,GB/86,05:20:00,19,3.2,true
RØ,2419,GB/86,05:20:00,NEL/86,05:21:00,19,1.4,true
RØ,2419,NEL/86,05:22:00,IG/86,05:23:00,19,1.6,true
RØ,2419,IG/86,05:23:00,KJN/86,05:36:00,19,29.1,true
RØ,2419,KJN/86,05:37:00,ØLB/86,05:40:00,15,2.2,true
RØ,2419,ØLB/86,05:41:00,KJ/86,05:43:00,15,2.7,true
RØ,2419,KJ/86,05:49:00,HF/86,05:53:00,18,5.5,true
RØ,2419,HF/86,05:54:00,TH/86,05:59:00,18,6.4,true
RØ,2419,TH/86,06:00:00,HZ/86,06:05:00,18,8.8,true
RØ,2419,HZ/86,06:06:00,OL/86,06:12:00,18,10.9,true
RØ,2419,OL/86,06:14:00,NÆN/86,06:17:00,18,4.3,true
RØ,2419,NÆN/86,06:18:00,NÆ/86,06:22:00,18,3.1,true
RØ,2423,KH/86,06:17:00,GB/86,06:20:00,43,3.2,true
RØ,2423,GB/86,06:20:00,NEL/86,06:21:00,43,1.4,true
RØ,2423,NEL/86,06:22:00,IG/86,06:23:00,43,1.6,true
RØ,2423,IG/86,06:23:00,KJN/86,06:36:00,43,29.1,true
RØ,2423,KJN/86,06:37:00,ØLB/86,06:40:00,39,2.2,true
RØ,2423,ØLB/86,06:41:00,KJ/86,06:43:00,39,2.7,true
RØ,2423,KJ/86,06:49:00,HF/86,06:53:00,24,5.5,true
RØ,2423,HF/86,06:54:00,TH/86,06:59:00,24,6.4,true
RØ,2423,TH/86,07:00:00,HZ/86,07:05:00,24,8.8,true
RØ,2423,HZ/86,07:06:00,OL/86,07:12:00,24,10.9,true
RØ,2423,OL/86,07:14:00,NÆN/86,07:17:00,24,4.3,true
RØ,2423,NÆN/86,07:18:00,NÆ/86,07:22:00,24,3.1,true
RØ,2427,KH/86,07:17:00,GB/86,07:20:00,85,3.2,true
RØ,2427,GB/86,07:20:00,NEL/86,07:21:00,85,1.4,true
RØ,2427,NEL/86,07:22:00,IG/86,07:23:00,85,1.6,true
RØ,2427,IG/86,07:23:00,KJN/86,07:36:00,85,29.1,true
RØ,2427,KJN/86,07:37:00,ØLB/86,07:40:00,69,2.2,true
RØ,2427,ØLB/86,07:41:00,KJ/86,07:43:00,69,2.7,true
RØ,2427,KJ/86,07:49:00,HF/86,07:53:00,24,5.5,true
RØ,2427,HF/86,07:54:00,TH/86,07:59:00,24,6.4,true
RØ,2427,TH/86,08:00:00,HZ/86,08:05:00,24,8.8,true
RØ,2427,HZ/86,08:06:00,OL/86,08:12:00,24,10.9,true
RØ,2427,OL/86,08:14:00,NÆN/86,08:17:00,24,4.3,true
RØ,2427,NÆN/86,08:18:00,NÆ/86,08:22:00,24,3.1,true
RØ,2431,KH/86,08:17:00,GB/86,08:20:00,63,3.2,true
RØ,2431,GB/86,08:20:00,NEL/86,08:21:00,63,1.4,true
RØ,2431,NEL/86,08:22:00,IG/86,08:23:00,63,1.6,true
RØ,2431,IG/86,08:23:00,KJN/86,08:36:00,63,29.1,true
RØ,2431,KJN/86,08:37:00,ØLB/86,08:40:00,56,2.2,true
RØ,2431,ØLB/86,08:41:00,KJ/86,08:43:00,56,2.7,true
RØ,2431,KJ/86,08:49:00,HF/86,08:53:00,17,5.5,true
RØ,2431,HF/86,08:54:00,TH/86,08:59:00,17,6.4,true
RØ,2431,TH/86,09:00:00,HZ/86,09:05:00,17,8.8,true
RØ,2431,HZ/86,09:06:00,OL/86,09:12:00,17,10.9,true
RØ,2431,OL/86,09:14:00,NÆN/86,09:17:00,17,4.3,true
RØ,2431,NÆN/86,09:18:00,NÆ/86,09:22:00,17,3.1,true
RØ,2435,KH/86,09:17:00,GB/86,09:20:00,45,3.2,true
RØ,2435,GB/86,09:20:00,NEL/86,09:21:00,45,1.4,true
RØ,2435,NEL/86,09:22:00,IG/86,09:23:00,45,1.6,true
RØ,2435,IG/86,09:23:00,KJN/86,09:36:00,45,29.1,true
RØ,2435,KJN/86,09:37:00,ØLB/86,09:40:00,43,2.2,true
RØ,2435,ØLB/86,09:41:00,KJ/86,09:43:00,43,2.7,true
RØ,2435,KJ/86,09:49:00,HF/86,09:53:00,12,5.5,true
RØ,2435,HF/86,09:54:00,TH/86,09:59:00,12,6.4,true
RØ,2435,TH/86,10:00:00,HZ/86,10:05:00,12,8.8,true
RØ,2435,HZ/86,10:06:00,OL/86,10:12:00,12,10.9,true
RØ,2435,OL/86,10:14:00,NÆN/86,10:17:00,12,4.3,true
RØ,2435,NÆN/86,10:18:00,NÆ/86,10:22:00,12,3.1,true
RØ,2439,KK/86,10:08:00,KN/86,10:10:00,13,1.6,true
RØ,2439,KN/86,10:11:00,KH/86,10:14:00,13,1.5,true
RØ,2439,KH/86,10:17:00,GB/86,10:20:00,33,3.2,true
RØ,2439,GB/86,10:20:00,NEL/86,10:21:00,33,1.4,true
RØ,2439,NEL/86,10:22:00,IG/86,10:23:00,33,1.6,true
RØ,2439,IG/86,10:23:00,KJN/86,10:36:00,33,29.1,true
RØ,2439,KJN/86,10:37:00,ØLB/86,10:40:00,31,2.2,true
RØ,2439,ØLB/86,10:41:00,KJ/86,10:43:00,31,2.7,true
RØ,2439,KJ/86,10:49:00,HF/86,10:53:00,12,5.5,true
RØ,2439,HF/86,10:54:00,TH/86,10:59:00,12,6.4,true
RØ,2439,TH/86,11:00:00,HZ/86,11:05:00,12,8.8,true
RØ,2439,HZ/86,11:06:00,OL/86,11:12:00,12,10.9,true
RØ,2439,OL/86,11:14:00,NÆN/86,11:17:00,12,4.3,true
RØ,2439,NÆN/86,11:18:00,NÆ/86,11:22:00,12,3.1,true
RØ,2443,KK/86,11:08:00,KN/86,11:10:00,15,1.6,true
RØ,2443,KN/86,11:11:00,KH/86,11:14:00,15,1.5,true
RØ,2443,KH/86,11:17:00,GB/86,11:20:00,42,3.2,true
RØ,2443,GB/86,11:20:00,NEL/86,11:21:00,42,1.4,true
RØ,2443,NEL/86,11:22:00,IG/86,11:23:00,42,1.6,true
RØ,2443,IG/86,11:23:00,KJN/86,11:36:00,42,29.1,true
RØ,2443,KJN/86,11:37:00,ØLB/86,11:40:00,39,2.2,true
RØ,2443,ØLB/86,11:41:00,KJ/86,11:43:00,39,2.7,true
RØ,2443,KJ/86,11:49:00,HF/86,11:53:00,16,5.5,true
RØ,2443,HF/86,11:54:00,TH/86,11:59:00,16,6.4,true
RØ,2443,TH/86,12:00:00,HZ/86,12:05:00,16,8.8,true
RØ,2443,HZ/86,12:06:00,OL/86,12:12:00,16,10.9,true
RØ,2443,OL/86,12:14:00,NÆN/86,12:17:00,16,4.3,true
RØ,2443,NÆN/86,12:18:00,NÆ/86,12:22:00,16,3.1,true
RØ,2447,KK/86,12:08:00,KN/86,12:10:00,20,1.6,true
RØ,2447,KN/86,12:11:00,KH/86,12:14:00,20,1.5,true
RØ,2447,KH/86,12:17:00,GB/86,12:20:00,55,3.2,true
RØ,2447,GB/86,12:20:00,NEL/86,12:21:00,55,1.4,true
RØ,2447,NEL/86,12:22:00,IG/86,12:23:00,55,1.6,true
RØ,2447,IG/86,12:23:00,KJN/86,12:36:00,55,29.1,true
RØ,2447,KJN/86,12:37:00,ØLB/86,12:40:00,50,2.2,true
RØ,2447,ØLB/86,12:41:00,KJ/86,12:43:00,50,2.7,true
RØ,2447,KJ/86,12:49:00,HF/86,12:53:00,21,5.5,true
RØ,2447,HF/86,12:54:00,TH/86,12:59:00,21,6.4,true
RØ,2447,TH/86,13:00:00,HZ/86,13:05:00,21,8.8,true
RØ,2447,HZ/86,13:06:00,OL/86,13:12:00,21,10.9,true
RØ,2447,OL/86,13:14:00,NÆN/86,13:17:00,21,4.3,true
RØ,2447,NÆN/86,13:18:00,NÆ/86,13:22:00,21,3.1,true
RØ,2451,KK/86,13:08:00,KN/86,13:10:00,31,1.6,true
RØ,2451,KN/86,13:11:00,KH/86,13:14:00,31,1.5,true
RØ,2451,KH/86,13:17:00,GB/86,13:20:00,78,3.2,true
RØ,2451,GB/86,13:20:00,NEL/86,13:21:00,78,1.4,true
RØ,2451,NEL/86,13:22:00,IG/86,13:23:00,78,1.6,true
RØ,2451,IG/86,13:23:00,KJN/86,13:36:00,78,29.1,true
RØ,2451,KJN/86,13:37:00,ØLB/86,13:40:00,71,2.2,true
RØ,2451,ØLB/86,13:41:00,KJ/86,13:43:00,71,2.7,true
RØ,2451,KJ/86,13:49:00,HF/86,13:53:00,36,5.5,true
RØ,2451,HF/86,13:54:00,TH/86,13:59:00,36,6.4,true
RØ,2451,TH/86,14:00:00,HZ/86,14:05:00,36,8.8,true
RØ,2451,HZ/86,14:06:00,OL/86,14:12:00,36,10.9,true
RØ,2451,OL/86,14:14:00,NÆN/86,14:17:00,36,4.3,true
RØ,2451,NÆN/86,14:18:00,NÆ/86,14:22:00,36,3.1,true
RØ,2455,KK/86,14:08:00,KN/86,14:10:00,49,1.6,true
RØ,2455,KN/86,14:11:00,KH/86,14:14:00,49,1.5,true
RØ,2455,KH/86,14:17:00,GB/86,14:20:00,132,3.2,true
RØ,2455,GB/86,14:20:00,NEL/86,14:21:00,132,1.4,true
RØ,2455,NEL/86,14:22:00,IG/86,14:23:00,132,1.6,true
RØ,2455,IG/86,14:23:00,KJN/86,14:36:00,132,29.1,true
RØ,2455,KJN/86,14:37:00,ØLB/86,14:40:00,118,2.2,true
RØ,2455,ØLB/86,14:41:00,KJ/86,14:43:00,118,2.7,true
RØ,2455,KJ/86,14:49:00,HF/86,14:53:00,56,5.5,true
RØ,2455,HF/86,14:54:00,TH/86,14:59:00,56,6.4,true
RØ,2455,TH/86,15:00:00,HZ/86,15:05:00,56,8.8,true
RØ,2455,HZ/86,15:06:00,OL/86,15:12:00,56,10.9,true
RØ,2455,OL/86,15:14:00,NÆN/86,15:17:00,56,4.3,true
RØ,2455,NÆN/86,15:18:00,NÆ/86,15:22:00,56,3.1,true
RØ,2459,KK/86,15:08:00,KN/86,15:10:00,91,1.6,true
RØ,2459,KN/86,15:11:00,KH/86,15:14:00,91,1.5,true
RØ,2459,KH/86,15:17:00,GB/86,15:20:00,235,3.2,true
RØ,2459,GB/86,15:20:00,NEL/86,15:21:00,235,1.4,true
RØ,2459,NEL/86,15:22:00,IG/86,15:23:00,235,1.6,true
RØ,2459,IG/86,15:23:00,KJN/86,15:36:00,235,29.1,true
RØ,2459,KJN/86,15:37:00,ØLB/86,15:40:00,197,2.2,true
RØ,2459,ØLB/86,15:41:00,KJ/86,15:43:00,197,2.7,true
RØ,2459,KJ/86,15:49:00,HF/86,15:53:00,87,5.5,true
RØ,2459,HF/86,15:54:00,TH/86,15:59:00,87,6.4,true
RØ,2459,TH/86,16:00:00,HZ/86,16:05:00,87,8.8,true
RØ,2459,HZ/86,16:06:00,OL/86,16:12:00,87,10.9,true
RØ,2459,OL/86,16:14:00,NÆN/86,16:17:00,87,4.3,true
RØ,2459,NÆN/86,16:18:00,NÆ/86,16:22:00,87,3.1,true
RØ,2463,KH/86,16:17:00,GB/86,16:20:00,386,3.2,true
RØ,2463,GB/86,16:20:00,NEL/86,16:21:00,386,1.4,true
RØ,2463,NEL/86,16:22:00,IG/86,16:23:00,386,1.6,true
RØ,2463,IG/86,16:23:00,KJN/86,16:36:00,386,29.1,true
RØ,2463,KJN/86,16:37:00,ØLB/86,16:40:00,330,2.2,true
RØ,2463,ØLB/86,16:41:00,KJ/86,16:43:00,330,2.7,true
RØ,2463,KJ/86,16:49:00,HF/86,16:53:00,111,5.5,true
RØ,2463,HF/86,16:54:00,TH/86,16:59:00,111,6.4,true
RØ,2463,TH/86,17:00:00,HZ/86,17:05:00,111,8.8,true
RØ,2463,HZ/86,17:06:00,OL/86,17:12:00,111,10.9,true
RØ,2463,OL/86,17:14:00,NÆN/86,17:17:00,111,4.3,true
RØ,2463,NÆN/86,17:18:00,NÆ/86,17:22:00,111,3.1,true
RØ,2467,KH/86,17:17:00,GB/86,17:20:00,176,3.2,true
RØ,2467,GB/86,17:20:00,NEL/86,17:21:00,176,1.4,true
RØ,2467,NEL/86,17:22:00,IG/86,17:23:00,176,1.6,true
RØ,2467,IG/86,17:23:00,KJN/86,17:36:00,176,29.1,true
RØ,2467,KJN/86,17:37:00,ØLB/86,17:40:00,135,2.2,true
RØ,2467,ØLB/86,17:41:00,KJ/86,17:43:00,135,2.7,true
RØ,2467,KJ/86,17:49:00,HF/86,17:53:00,46,5.5,true
RØ,2467,HF/86,17:54:00,TH/86,17:59:00,46,6.4,true
RØ,2467,TH/86,18:00:00,HZ/86,18:05:00,46,8.8,true
RØ,2467,HZ/86,18:06:00,OL/86,18:12:00,46,10.9,true
RØ,2467,OL/86,18:14:00,NÆN/86,18:17:00,46,4.3,true
RØ,2467,NÆN/86,18:18:00,NÆ/86,18:22:00,46,3.1,true
RØ,2471,KH/86,18:17:00,GB/86,18:20:00,88,3.2,true
RØ,2471,GB/86,18:20:00,NEL/86,18:21:00,88,1.4,true
RØ,2471,NEL/86,18:22:00,IG/86,18:23:00,88,1.6,true
RØ,2471,IG/86,18:23:00,KJN/86,18:36:00,88,29.1,true
RØ,2471,KJN/86,18:37:00,ØLB/86,18:40:00,71,2.2,true
RØ,2471,ØLB/86,18:41:00,KJ/86,18:43:00,71,2.7,true
RØ,2471,KJ/86,18:49:00,HF/86,18:53:00,31,5.5,true
RØ,2471,HF/86,18:54:00,TH/86,18:59:00,31,6.4,true
RØ,2471,TH/86,19:00:00,HZ/86,19:05:00,31,8.8,true
RØ,2471,HZ/86,19:06:00,OL/86,19:12:00,31,10.9,true
RØ,2471,OL/86,19:14:00,NÆN/86,19:17:00,31,4.3,true
RØ,2471,NÆN/86,19:18:00,NÆ/86,19:22:00,31,3.1,true
RØ,2475,KH/86,19:17:00,GB/86,19:20:00,71,3.2,true
RØ,2475,GB/86,19:20:00,NEL/86,19:21:00,71,1.4,true
RØ,2475,NEL/86,19:22:00,IG/86,19:23:00,71,1.6,true
RØ,2475,IG/86,19:23:00,KJN/86,19:36:00,71,29.1,true
RØ,2475,KJN/86,19:37:00,ØLB/86,19:40:00,59,2.2,true
RØ,2475,ØLB/86,19:41:00,KJ/86,19:43:00,59,2.7,true
RØ,2475,KJ/86,19:49:00,HF/86,19:53:00,27,5.5,true
RØ,2475,HF/86,19:54:00,TH/86,19:59:00,27,6.4,true
RØ,2475,TH/86,20:00:00,HZ/86,20:05:00,27,8.8,true
RØ,2475,HZ/86,20:06:00,OL/86,20:12:00,27,10.9,true
RØ,2475,OL/86,20:14:00,NÆN/86,20:17:00,27,4.3,true
RØ,2475,NÆN/86,20:18:00,NÆ/86,20:22:00,27,3.1,true
RØ,2479,KK/86,20:08:00,KN/86,20:10:00,29,1.6,true
RØ,2479,KN/86,20:11:00,KH/86,20:14:00,29,1.5,true
RØ,2479,KH/86,20:17:00,GB/86,20:20:00,75,3.2,true
RØ,2479,GB/86,20:20:00,NEL/86,20:21:00,75,1.4,true
RØ,2479,NEL/86,20:22:00,IG/86,20:23:00,75,1.6,true
RØ,2479,IG/86,20:23:00,KJN/86,20:36:00,75,29.1,true
RØ,2479,KJN/86,20:37:00,ØLB/86,20:40:00,61,2.2,true
RØ,2479,ØLB/86,20:41:00,KJ/86,20:43:00,61,2.7,true
RØ,2479,KJ/86,20:49:00,HF/86,20:53:00,38,5.5,true
RØ,2479,HF/86,20:54:00,TH/86,20:59:00,38,6.4,true
RØ,2479,TH/86,21:00:00,HZ/86,21:05:00,38,8.8,true
RØ,2479,HZ/86,21:06:00,OL/86,21:12:00,38,10.9,true
RØ,2479,OL/86,21:14:00,NÆN/86,21:17:00,38,4.3,true
RØ,2479,NÆN/86,21:18:00,NÆ/86,21:22:00,38,3.1,true
RØ,3429,HG/86,06:54:00,SQ/86,06:56:00,193,3.5,true
RØ,3429,SQ/86,06:56:00,GÆ/86,06:59:00,193,2.7,true
RØ,3429,GÆ/86,07:00:00,HUM/86,07:03:00,193,3.7,true
RØ,3429,HUM/86,07:04:00,NI/86,07:07:00,193,3.8,true
RØ,3429,NI/86,07:08:00,OK/86,07:11:00,292,3.4,true
RØ,3429,OK/86,07:12:00,RU/86,07:15:00,292,3.0,true
RØ,3429,RU/86,07:15:00,HL/86,07:29:00,292,18.3,true
RØ,3429,HL/86,07:30:00,HGL/86,07:32:00,292,2.6,true
RØ,3429,HGL/86,07:32:00,KK/86,07:35:00,292,2.1,true
RØ,3429,KK/86,07:38:00,KN/86,07:40:00,149,1.6,true
RØ,3429,KN/86,07:41:00,KH/86,07:44:00,149,1.5,true
RØ,3433,HG/86,07:54:00,SQ/86,07:56:00,232,3.5,true
RØ,3433,SQ/86,07:56:00,GÆ/86,07:59:00,232,2.7,true
RØ,3433,GÆ/86,08:00:00,HUM/86,08:03:00,232,3.7,true
RØ,3433,HUM/86,08:04:00,NI/86,08:07:00,232,3.8,true
RØ,3433,NI/86,08:08:00,OK/86,08:11:00,332,3.4,true
RØ,3433,OK/86,08:12:00,RU/86,08:15:00,332,3.0,true
RØ,3433,RU/86,08:15:00,HL/86,08:29:00,332,18.3,true
RØ,3433,HL/86,08:30:00,HGL/86,08:32:00,332,2.6,true
RØ,3433,HGL/86,08:32:00,KK/86,08:35:00,332,2.1,true
RØ,3433,KK/86,08:38:00,KN/86,08:40:00,163,1.6,true
RØ,3433,KN/86,08:41:00,KH/86,08:44:00,163,1.5,true
RØ,3437,HG/86,08:54:00,SQ/86,08:56:00,130,3.5,true
RØ,3437,SQ/86,08:56:00,GÆ/86,08:59:00,130,2.7,true
RØ,3437,GÆ/86,09:00:00,HUM/86,09:03:00,130,3.7,true
RØ,3437,HUM/86,09:04:00,NI/86,09:07:00,130,3.8,true
RØ,3437,NI/86,09:08:00,OK/86,09:11:00,212,3.4,true
RØ,3437,OK/86,09:12:00,RU/86,09:15:00,212,3.0,true
RØ,3437,RU/86,09:15:00,HL/86,09:29:00,212,18.3,true
RØ,3437,HL/86,09:30:00,HGL/86,09:32:00,212,2.6,true
RØ,3437,HGL/86,09:32:00,KK/86,09:35:00,212,2.1,true
RØ,3437,KK/86,09:38:00,KN/86,09:40:00,109,1.6,true
RØ,3437,KN/86,09:41:00,KH/86,09:44:00,109,1.5,true
RØ,2452,NÆ/86,17:36:00,NÆN/86,17:39:00,15,3.1,true
RØ,2452,NÆN/86,17:40:00,OL/86,17:44:00,15,4.3,true
RØ,2452,OL/86,17:45:00,HZ/86,17:51:00,15,10.9,true
RØ,2452,HZ/86,17:52:00,TH/86,17:57:00,15,8.8,true
RØ,2452,TH/86,18:00:00,HF/86,18:04:00,15,6.4,true
RØ,2452,HF/86,18:05:00,KJ/86,18:09:00,15,5.5,true
RØ,2452,KJ/86,18:15:00,ØLB/86,18:17:00,38,2.7,true
RØ,2452,ØLB/86,18:18:00,KJN/86,18:21:00,38,2.2,true
RØ,2452,KJN/86,18:22:00,JSF/86,18:23:00,44,2.5,true
RØ,2452,JSF/86,18:23:00,NEL/86,18:36:20,44,28.2,true
RØ,2452,NEL/86,18:37:20,GB/86,18:39:00,44,1.4,true
RØ,2452,GB/86,18:39:00,KH/86,18:43:00,44,3.2,true
RØ,2456,NÆ/86,18:36:00,NÆN/86,18:39:00,11,3.1,true
RØ,2456,NÆN/86,18:40:00,OL/86,18:44:00,11,4.3,true
RØ,2456,OL/86,18:45:00,HZ/86,18:51:00,11,10.9,true
RØ,2456,HZ/86,18:52:00,TH/86,18:57:00,11,8.8,true
RØ,2456,TH/86,19:00:00,HF/86,19:04:00,11,6.4,true
RØ,2456,HF/86,19:05:00,KJ/86,19:09:00,11,5.5,true
RØ,2456,KJ/86,19:15:00,ØLB/86,19:17:00,31,2.7,true
RØ,2456,ØLB/86,19:18:00,KJN/86,19:21:00,31,2.2,true
RØ,2456,KJN/86,19:22:00,JSF/86,19:23:00,33,2.5,true
RØ,2456,JSF/86,19:23:00,NEL/86,19:36:20,33,28.2,true
RØ,2456,NEL/86,19:37:20,GB/86,19:39:00,33,1.4,true
RØ,2456,GB/86,19:39:00,KH/86,19:43:00,33,3.2,true
RØ,2456,KH/86,19:46:00,KN/86,19:48:00,11,1.5,true
RØ,2456,KN/86,19:49:00,KK/86,19:52:00,11,1.6,true
RØ,1265,KH/86,17:08:00,GB/86,17:11:00,240,3.2,true
RØ,1265,GB/86,17:11:00,NEL/86,17:12:00,240,1.4,true
RØ,1265,NEL/86,17:13:00,IG/86,17:14:00,240,1.6,true
RØ,1265,IG/86,17:14:00,RG/86,17:37:00,240,55.5,true
RØ,1265,RG/86,17:39:00,GZ/86,17:44:00,193,12.0,true
RØ,1265,GZ/86,17:44:00,NÆ/86,17:51:00,193,14.8,true
RØ,1265,NÆ/86,17:53:00,MOG/86,17:56:00,96,8.5,true
RØ,1265,MOG/86,17:56:00,VO/86,18:05:00,96,18.9,true
RØ,1265,VO/86,18:07:00,MN/86,18:10:00,57,3.8,false
RØ,1265,MN/86,18:10:00,NF/86,18:23:00,57,25.0,false
RØ,1508,KB/86,06:37:00,KBØ/86,06:39:00,157,2.0,false
RØ,1508,KBØ/86,06:40:00,VÆ/86,06:44:00,157,5.8,false
RØ,1508,VÆ/86,06:44:00,SE/86,06:48:00,157,5.6,false
RØ,1508,SE/86,06:49:00,JY/86,06:54:00,157,7.7,false
RØ,1508,JY/86,06:55:00,MØ/86,07:00:00,157,6.6,false
RØ,1508,MØ/86,07:01:00,KS/86,07:04:00,157,3.5,false
RØ,1508,KS/86,07:05:00,RT/86,07:08:00,157,4.2,false
RØ,1508,RT/86,07:09:00,HK/86,07:15:00,157,8.1,false
RØ,1508,HK/86,07:17:00,PE/86,07:21:00,273,5.9,true
RØ,1508,PE/86,07:21:00,RO/86,07:34:00,273,29.9,true
RØ,1508,RO/86,07:36:00,TRK/86,07:38:00,402,3.1,true
RØ,1508,TRK/86,07:38:00,HTÅ/86,07:43:00,402,8.7,true
RØ,1508,HTÅ/86,07:44:00,GL/86,07:49:00,382,8.3,true
RØ,1508,GL/86,07:49:00,KH/86,07:57:00,382,11.2,true
RØ,1508,KH/86,08:01:00,KN/86,08:03:00,171,1.5,true
RØ,1508,KN/86,08:04:00,KK/86,08:07:00,171,1.6,true
RØ,1508,KK/86,08:10:00,HGL/86,08:13:00,0,2.1,true
RØ,1536,KB/86,13:37:00,KBØ/86,13:39:00,86,2.0,false
RØ,1536,KBØ/86,13:40:00,VÆ/86,13:44:00,86,5.8,false
RØ,1536,VÆ/86,13:44:00,SE/86,13:48:00,86,5.6,false
RØ,1536,SE/86,13:49:00,JY/86,13:54:00,86,7.7,false
RØ,1536,JY/86,13:55:00,MØ/86,14:00:00,86,6.6,false
RØ,1536,MØ/86,14:01:00,KS/86,14:04:00,86,3.5,false
RØ,1536,KS/86,14:05:00,RT/86,14:08:00,86,4.2,false
RØ,1536,RT/86,14:09:00,HK/86,14:15:00,86,8.1,false
RØ,1536,HK/86,14:17:00,PE/86,14:21:00,128,5.9,true
RØ,1536,PE/86,14:21:00,RO/86,14:34:00,128,29.9,true
RØ,1536,RO/86,14:36:00,TRK/86,14:38:00,181,3.1,true
RØ,1536,TRK/86,14:38:00,HTÅ/86,14:43:00,181,8.7,true
RØ,1536,HTÅ/86,14:44:00,GL/86,14:49:00,158,8.3,true
RØ,1536,GL/86,14:49:00,KH/86,14:57:00,158,11.2,true
RØ,1536,KH/86,15:01:00,KN/86,15:03:00,55,1.5,true
RØ,1536,KN/86,15:04:00,KK/86,15:07:00,55,1.6,true
RØ,1540,KB/86,14:37:00,KBØ/86,14:39:00,132,2.0,false
RØ,1540,KBØ/86,14:40:00,VÆ/86,14:44:00,132,5.8,false
RØ,1540,VÆ/86,14:44:00,SE/86,14:48:00,132,5.6,false
RØ,1540,SE/86,14:49:00,JY/86,14:54:00,132,7.7,false
RØ,1540,JY/86,14:55:00,MØ/86,15:00:00,132,6.6,false
RØ,1540,MØ/86,15:01:00,KS/86,15:04:00,132,3.5,false
RØ,1540,KS/86,15:05:00,RT/86,15:08:00,132,4.2,false
RØ,1540,RT/86,15:09:00,HK/86,15:15:00,132,8.1,false
RØ,1540,HK/86,15:17:00,PE/86,15:21:00,197,5.9,true
RØ,1540,PE/86,15:21:00,RO/86,15:34:00,197,29.9,true
RØ,1540,RO/86,15:36:00,TRK/86,15:38:00,282,3.1,true
RØ,1540,TRK/86,15:38:00,HTÅ/86,15:43:00,282,8.7,true
RØ,1540,HTÅ/86,15:44:00,GL/86,15:49:00,256,8.3,true
RØ,1540,GL/86,15:49:00,KH/86,15:57:00,256,11.2,true
RØ,1540,KH/86,16:01:00,KN/86,16:03:00,82,1.5,true
RØ,1540,KN/86,16:04:00,KK/86,16:07:00,82,1.6,true
RØ,1517,KK/86,04:53:00,KN/86,04:55:00,51,1.6,true
RØ,1517,KN/86,04:56:00,KH/86,04:59:00,51,1.5,true
RØ,1517,KH/86,05:02:00,VAL/86,05:05:00,35,3.9,true
RØ,1517,VAL/86,05:05:00,HTÅ/86,05:13:00,35,15.6,true
RØ,1517,HTÅ/86,05:15:00,HH/86,05:18:00,30,4.7,true
RØ,1517,HH/86,05:18:00,RO/86,05:22:00,30,7.1,true
RØ,1517,RO/86,05:24:00,LJ/86,05:29:00,33,9.5,true
RØ,1517,LJ/86,05:29:00,HK/86,05:42:00,33,26.3,true
RØ,1517,HK/86,05:44:00,RT/86,05:49:00,25,8.1,false
RØ,1517,RT/86,05:50:00,KS/86,05:54:00,25,4.2,false
RØ,1517,KS/86,05:55:00,MØ/86,05:58:00,25,3.5,false
RØ,1517,MØ/86,06:01:00,JY/86,06:06:00,25,6.6,false
RØ,1517,JY/86,06:07:00,SE/86,06:12:00,25,7.7,false
RØ,1517,SE/86,06:13:00,VÆ/86,06:17:00,25,5.6,false
RØ,1517,VÆ/86,06:17:00,KBØ/86,06:20:00,25,5.8,false
RØ,1517,KBØ/86,06:21:00,KB/86,06:25:00,25,2.0,false
RØ,1521,HGL/86,05:47:00,KK/86,05:51:00,0,2.1,true
RØ,1521,KK/86,05:53:00,KN/86,05:55:00,39,1.6,true
RØ,1521,KN/86,05:56:00,KH/86,05:59:00,39,1.5,true
RØ,1521,KH/86,06:02:00,VAL/86,06:05:00,71,3.9,true
RØ,1521,VAL/86,06:05:00,HTÅ/86,06:13:00,71,15.6,true
RØ,1521,HTÅ/86,06:15:00,HH/86,06:18:00,96,4.7,true
RØ,1521,HH/86,06:18:00,RO/86,06:22:00,96,7.1,true
RØ,1521,RO/86,06:24:00,LJ/86,06:29:00,106,9.5,true
RØ,1521,LJ/86,06:29:00,HK/86,06:42:00,106,26.3,true
RØ,1521,HK/86,06:44:00,RT/86,06:49:00,151,8.1,false
RØ,1521,RT/86,06:50:00,KS/86,06:54:00,151,4.2,false
RØ,1521,KS/86,06:55:00,MØ/86,06:58:00,151,3.5,false
RØ,1521,MØ/86,07:01:00,JY/86,07:06:00,151,6.6,false
RØ,1521,JY/86,07:07:00,SE/86,07:12:00,151,7.7,false
RØ,1521,SE/86,07:13:00,VÆ/86,07:17:00,151,5.6,false
RØ,1521,VÆ/86,07:17:00,KBØ/86,07:20:00,151,5.8,false
RØ,1521,KBØ/86,07:21:00,KB/86,07:25:00,151,2.0,false
RØ,1525,KK/86,06:53:00,KN/86,06:55:00,57,1.6,true
RØ,1525,KN/86,06:56:00,KH/86,06:59:00,57,1.5,true
RØ,1525,KH/86,07:02:00,VAL/86,07:05:00,182,3.9,true
RØ,1525,VAL/86,07:05:00,HTÅ/86,07:13:00,182,15.6,true
RØ,1525,HTÅ/86,07:15:00,HH/86,07:18:00,219,4.7,true
RØ,1525,HH/86,07:18:00,RO/86,07:22:00,219,7.1,true
RØ,1525,RO/86,07:24:00,LJ/86,07:29:00,144,9.5,true
RØ,1525,LJ/86,07:29:00,HK/86,07:42:00,144,26.3,true
RØ,1525,HK/86,07:44:00,RT/86,07:49:00,121,8.1,false
RØ,1525,RT/86,07:50:00,KS/86,07:54:00,121,4.2,false
RØ,1525,KS/86,07:55:00,MØ/86,07:58:00,121,3.5,false
RØ,1525,MØ/86,08:01:00,JY/86,08:06:00,121,6.6,false
RØ,1525,JY/86,08:07:00,SE/86,08:12:00,121,7.7,false
RØ,1525,SE/86,08:13:00,VÆ/86,08:17:00,121,5.6,false
RØ,1525,VÆ/86,08:17:00,KBØ/86,08:20:00,121,5.8,false
RØ,1525,KBØ/86,08:21:00,KB/86,08:25:00,121,2.0,false
RØ,4500,KH/86,06:22:00,KN/86,06:24:00,8,1.5,true
RØ,4500,KN/86,06:25:00,KK/86,06:28:00,8,1.6,true
RØ,4500,KK/86,06:29:00,HGL/86,06:31:00,26,2.1,true
RØ,4500,HGL/86,06:31:00,HL/86,06:34:00,26,2.6,true
RØ,4500,HL/86,06:35:00,KL/86,06:39:00,26,5.5,true
RØ,4500,KL/86,06:40:00,SÅ/86,06:44:00,26,5.5,true
RØ,4500,SÅ/86,06:45:00,VB/86,06:48:00,26,3.3,true
RØ,4500,VB/86,06:49:00,RU/86,06:52:00,26,4.0,true
RØ,4500,RU/86,06:53:00,OK/86,06:56:00,26,3.0,true
RØ,4500,OK/86,06:57:00,NI/86,07:00:00,26,3.4,true
RØ,4500,NI/86,07:01:00,HUM/86,07:04:00,19,3.8,true
RØ,4500,HUM/86,07:05:00,GÆ/86,07:08:00,19,3.7,true
RØ,4500,GÆ/86,07:09:00,SQ/86,07:12:00,19,2.7,true
RØ,4500,SQ/86,07:13:00,HG/86,07:17:00,19,3.5,true
RØ,4529,HG/86,06:43:00,SQ/86,06:46:00,112,3.5,true
RØ,4529,SQ/86,06:47:00,GÆ/86,06:49:00,112,2.7,true
RØ,4529,GÆ/86,06:50:00,HUM/86,06:53:00,112,3.7,true
RØ,4529,HUM/86,06:54:00,NI/86,06:57:00,112,3.8,true
RØ,4529,NI/86,06:58:00,OK/86,07:02:00,310,3.4,true
RØ,4529,OK/86,07:03:00,RU/86,07:05:00,310,3.0,true
RØ,4529,RU/86,07:06:00,VB/86,07:09:00,310,4.0,true
RØ,4529,VB/86,07:10:00,SÅ/86,07:13:00,310,3.3,true
RØ,4529,SÅ/86,07:14:00,KL/86,07:18:00,310,5.5,true
RØ,4529,KL/86,07:19:00,HL/86,07:24:00,310,5.5,true
RØ,4529,HL/86,07:25:00,HGL/86,07:27:00,310,2.6,true
RØ,4529,HGL/86,07:27:00,KK/86,07:30:00,310,2.1,true
RØ,4529,KK/86,07:32:00,KN/86,07:34:00,214,1.6,true
RØ,4529,KN/86,07:35:00,KH/86,07:38:00,214,1.5,true
RØ,4529,KH/86,07:42:00,VAL/86,07:45:00,324,3.9,true
RØ,4529,VAL/86,07:46:00,HIF/86,07:49:00,324,3.4,true
RØ,4529,HIF/86,07:49:00,HTÅ/86,07:55:00,324,12.2,true
RØ,4529,HTÅ/86,07:56:00,HH/86,08:00:00,322,4.7,true
RØ,4529,HH/86,08:01:00,TRK/86,08:04:00,322,4.0,true
RØ,4529,TRK/86,08:05:00,RO/86,08:08:00,322,3.1,true
RØ,4529,RO/86,08:09:00,LJ/86,08:15:00,99,9.5,true
RØ,4529,LJ/86,08:16:00,HV/86,08:21:00,99,7.5,true
RØ,4529,HV/86,08:22:00,TØ/86,08:26:00,99,6.3,true
RØ,4529,TØ/86,08:27:00,PE/86,08:31:00,99,6.6,true
RØ,4529,PE/86,08:32:00,HK/86,08:37:00,99,5.9,true
RØ,4533,HG/86,07:43:00,SQ/86,07:46:00,186,3.5,true
RØ,4533,SQ/86,07:47:00,GÆ/86,07:49:00,186,2.7,true
RØ,4533,GÆ/86,07:50:00,HUM/86,07:53:00,186,3.7,true
RØ,4533,HUM/86,07:54:00,NI/86,07:57:00,186,3.8,true
RØ,4533,NI/86,07:58:00,OK/86,08:02:00,475,3.4,true
RØ,4533,OK/86,08:03:00,RU/86,08:05:00,475,3.0,true
RØ,4533,RU/86,08:06:00,VB/86,08:09:00,475,4.0,true
RØ,4533,VB/86,08:10:00,SÅ/86,08:13:00,475,3.3,true
RØ,4533,SÅ/86,08:14:00,KL/86,08:18:00,475,5.5,true
RØ,4533,KL/86,08:19:00,HL/86,08:24:00,475,5.5,true
RØ,4533,HL/86,08:25:00,HGL/86,08:27:00,475,2.6,true
RØ,4533,HGL/86,08:27:00,KK/86,08:30:00,475,2.1,true
RØ,4533,KK/86,08:32:00,KN/86,08:34:00,252,1.6,true
RØ,4533,KN/86,08:35:00,KH/86,08:38:00,252,1.5,true
RØ,4533,KH/86,08:42:00,VAL/86,08:45:00,233,3.9,true
RØ,4533,VAL/86,08:46:00,HIF/86,08:49:00,233,3.4,true
RØ,4533,HIF/86,08:49:00,HTÅ/86,08:55:00,233,12.2,true
RØ,4533,HTÅ/86,08:56:00,HH/86,09:00:00,198,4.7,true
RØ,4533,HH/86,09:01:00,TRK/86,09:04:00,198,4.0,true
RØ,4533,TRK/86,09:05:00,RO/86,09:08:00,198,3.1,true
RØ,4533,RO/86,09:09:00,LJ/86,09:15:00,61,9.5,true
RØ,4533,LJ/86,09:16:00,HV/86,09:21:00,61,7.5,true
RØ,4533,HV/86,09:22:00,TØ/86,09:26:00,61,6.3,true
RØ,4533,TØ/86,09:27:00,PE/86,09:31:00,61,6.6,true
RØ,4533,PE/86,09:32:00,HK/86,09:37:00,61,5.9,true
RØ,4537,HG/86,08:43:00,SQ/86,08:46:00,66,3.5,true
RØ,4537,SQ/86,08:47:00,GÆ/86,08:49:00,66,2.7,true
RØ,4537,GÆ/86,08:50:00,HUM/86,08:53:00,66,3.7,true
RØ,4537,HUM/86,08:54:00,NI/86,08:57:00,66,3.8,true
RØ,4537,NI/86,08:58:00,OK/86,09:02:00,148,3.4,true
RØ,4537,OK/86,09:03:00,RU/86,09:05:00,148,3.0,true
RØ,4537,RU/86,09:06:00,VB/86,09:09:00,148,4.0,true
RØ,4537,VB/86,09:10:00,SÅ/86,09:13:00,148,3.3,true
RØ,4537,SÅ/86,09:14:00,KL/86,09:18:00,148,5.5,true
RØ,4537,KL/86,09:19:00,HL/86,09:24:00,148,5.5,true
RØ,4537,HL/86,09:25:00,HGL/86,09:27:00,148,2.6,true
RØ,4537,HGL/86,09:27:00,KK/86,09:30:00,148,2.1,true
RØ,4537,KK/86,09:32:00,KN/86,09:34:00,115,1.6,true
RØ,4537,KN/86,09:35:00,KH/86,09:38:00,115,1.5,true
RØ,4537,KH/86,09:42:00,VAL/86,09:45:00,145,3.9,true
RØ,4537,VAL/86,09:46:00,HIF/86,09:49:00,145,3.4,true
RØ,4537,HIF/86,09:49:00,HTÅ/86,09:55:00,145,12.2,true
RØ,4537,HTÅ/86,09:56:00,HH/86,10:00:00,142,4.7,true
RØ,4537,HH/86,10:01:00,TRK/86,10:04:00,142,4.0,true
RØ,4537,TRK/86,10:05:00,RO/86,10:08:00,142,3.1,true
RØ,4537,RO/86,10:09:00,LJ/86,10:15:00,39,9.5,true
RØ,4537,LJ/86,10:16:00,HV/86,10:21:00,39,7.5,true
RØ,4537,HV/86,10:22:00,TØ/86,10:26:00,39,6.3,true
RØ,4537,TØ/86,10:27:00,PE/86,10:31:00,39,6.6,true
RØ,4537,PE/86,10:32:00,HK/86,10:37:00,39,5.9,true
RØ,4541,HG/86,09:43:00,SQ/86,09:46:00,62,3.5,true
RØ,4541,SQ/86,09:47:00,GÆ/86,09:49:00,62,2.7,true
RØ,4541,GÆ/86,09:50:00,HUM/86,09:53:00,62,3.7,true
RØ,4541,HUM/86,09:54:00,NI/86,09:57:00,62,3.8,true
RØ,4541,NI/86,09:58:00,OK/86,10:02:00,119,3.4,true
RØ,4541,OK/86,10:03:00,RU/86,10:05:00,119,3.0,true
RØ,4541,RU/86,10:06:00,VB/86,10:09:00,119,4.0,true
RØ,4541,VB/86,10:10:00,SÅ/86,10:13:00,119,3.3,true
RØ,4541,SÅ/86,10:14:00,KL/86,10:18:00,119,5.5,true
RØ,4541,KL/86,10:19:00,HL/86,10:24:00,119,5.5,true
RØ,4541,HL/86,10:25:00,HGL/86,10:27:00,119,2.6,true
RØ,4541,HGL/86,10:27:00,KK/86,10:30:00,119,2.1,true
RØ,4541,KK/86,10:32:00,KN/86,10:34:00,91,1.6,true
RØ,4541,KN/86,10:35:00,KH/86,10:38:00,91,1.5,true
RØ,4541,KH/86,10:42:00,VAL/86,10:45:00,86,3.9,true
RØ,4541,VAL/86,10:46:00,HIF/86,10:49:00,86,3.4,true
RØ,4541,HIF/86,10:49:00,HTÅ/86,10:55:00,86,12.2,true
RØ,4541,HTÅ/86,10:56:00,HH/86,11:00:00,79,4.7,true
RØ,4541,HH/86,11:01:00,TRK/86,11:04:00,79,4.0,true
RØ,4541,TRK/86,11:05:00,RO/86,11:08:00,79,3.1,true
RØ,4541,RO/86,11:09:00,LJ/86,11:15:00,43,9.5,true
RØ,4541,LJ/86,11:16:00,HV/86,11:21:00,43,7.5,true
RØ,4541,HV/86,11:22:00,TØ/86,11:26:00,43,6.3,true
RØ,4541,TØ/86,11:27:00,PE/86,11:31:00,43,6.6,true
RØ,4541,PE/86,11:32:00,HK/86,11:37:00,43,5.9,true
RØ,4545,HG/86,10:43:00,SQ/86,10:46:00,54,3.5,true
RØ,4545,SQ/86,10:47:00,GÆ/86,10:49:00,54,2.7,true
RØ,4545,GÆ/86,10:50:00,HUM/86,10:53:00,54,3.7,true
RØ,4545,HUM/86,10:54:00,NI/86,10:57:00,54,3.8,true
RØ,4545,NI/86,10:58:00,OK/86,11:02:00,100,3.4,true
RØ,4545,OK/86,11:03:00,RU/86,11:05:00,100,3.0,true
RØ,4545,RU/86,11:06:00,VB/86,11:09:00,100,4.0,true
RØ,4545,VB/86,11:10:00,SÅ/86,11:13:00,100,3.3,true
RØ,4545,SÅ/86,11:14:00,KL/86,11:18:00,100,5.5,true
RØ,4545,KL/86,11:19:00,HL/86,11:24:00,100,5.5,true
RØ,4545,HL/86,11:25:00,HGL/86,11:27:00,100,2.6,true
RØ,4545,HGL/86,11:27:00,KK/86,11:30:00,100,2.1,true
RØ,4545,KK/86,11:32:00,KN/86,11:34:00,80,1.6,true
RØ,4545,KN/86,11:35:00,KH/86,11:38:00,80,1.5,true
RØ,4545,KH/86,11:42:00,VAL/86,11:45:00,137,3.9,true
RØ,4545,VAL/86,11:46:00,HIF/86,11:49:00,137,3.4,true
RØ,4545,HIF/86,11:49:00,HTÅ/86,11:55:00,137,12.2,true
RØ,4545,HTÅ/86,11:56:00,HH/86,12:00:00,132,4.7,true
RØ,4545,HH/86,12:01:00,TRK/86,12:04:00,132,4.0,true
RØ,4545,TRK/86,12:05:00,RO/86,12:08:00,132,3.1,true
RØ,4545,RO/86,12:09:00,LJ/86,12:15:00,59,9.5,true
RØ,4545,LJ/86,12:16:00,HV/86,12:21:00,59,7.5,true
RØ,4545,HV/86,12:22:00,TØ/86,12:26:00,59,6.3,true
RØ,4545,TØ/86,12:27:00,PE/86,12:31:00,59,6.6,true
RØ,4545,PE/86,12:32:00,HK/86,12:37:00,59,5.9,true
RØ,4549,HG/86,11:43:00,SQ/86,11:46:00,50,3.5,true
RØ,4549,SQ/86,11:47:00,GÆ/86,11:49:00,50,2.7,true
RØ,4549,GÆ/86,11:50:00,HUM/86,11:53:00,50,3.7,true
RØ,4549,HUM/86,11:54:00,NI/86,11:57:00,50,3.8,true
RØ,4549,NI/86,11:58:00,OK/86,12:02:00,88,3.4,true
RØ,4549,OK/86,12:03:00,RU/86,12:05:00,88,3.0,true
RØ,4549,RU/86,12:06:00,VB/86,12:09:00,88,4.0,true
RØ,4549,VB/86,12:10:00,SÅ/86,12:13:00,88,3.3,true
RØ,4549,SÅ/86,12:14:00,KL/86,12:18:00,88,5.5,true
RØ,4549,KL/86,12:19:00,HL/86,12:24:00,88,5.5,true
RØ,4549,HL/86,12:25:00,HGL/86,12:27:00,88,2.6,true
RØ,4549,HGL/86,12:27:00,KK/86,12:30:00,88,2.1,true
RØ,4549,KK/86,12:32:00,KN/86,12:34:00,74,1.6,true
RØ,4549,KN/86,12:35:00,KH/86,12:38:00,74,1.5,true
RØ,4549,KH/86,12:42:00,VAL/86,12:45:00,138,3.9,true
RØ,4549,VAL/86,12:46:00,HIF/86,12:49:00,138,3.4,true
RØ,4549,HIF/86,12:49:00,HTÅ/86,12:55:00,138,12.2,true
RØ,4549,HTÅ/86,12:56:00,HH/86,13:00:00,127,4.7,true
RØ,4549,HH/86,13:01:00,TRK/86,13:04:00,127,4.0,true
RØ,4549,TRK/86,13:05:00,RO/86,13:08:00,127,3.1,true
RØ,4549,RO/86,13:09:00,LJ/86,13:15:00,84,9.5,true
RØ,4549,LJ/86,13:16:00,HV/86,13:21:00,84,7.5,true
RØ,4549,HV/86,13:22:00,TØ/86,13:26:00,84,6.3,true
RØ,4549,TØ/86,13:27:00,PE/86,13:31:00,84,6.6,true
RØ,4549,PE/86,13:32:00,HK/86,13:37:00,84,5.9,true
RØ,4553,HG/86,12:43:00,SQ/86,12:46:00,63,3.5,true
RØ,4553,SQ/86,12:47:00,GÆ/86,12:49:00,63,2.7,true
RØ,4553,GÆ/86,12:50:00,HUM/86,12:53:00,63,3.7,true
RØ,4553,HUM/86,12:54:00,NI/86,12:57:00,63,3.8,true
RØ,4553,NI/86,12:58:00,OK/86,13:02:00,105,3.4,true
RØ,4553,OK/86,13:03:00,RU/86,13:05:00,105,3.0,true
RØ,4553,RU/86,13:06:00,VB/86,13:09:00,105,4.0,true
RØ,4553,VB/86,13:10:00,SÅ/86,13:13:00,105,3.3,true
RØ,4553,SÅ/86,13:14:00,KL/86,13:18:00,105,5.5,true
RØ,4553,KL/86,13:19:00,HL/86,13:24:00,105,5.5,true
RØ,4553,HL/86,13:25:00,HGL/86,13:27:00,105,2.6,true
RØ,4553,HGL/86,13:27:00,KK/86,13:30:00,105,2.1,true
RØ,4553,KK/86,13:32:00,KN/86,13:34:00,99,1.6,true
RØ,4553,KN/86,13:35:00,KH/86,13:38:00,99,1.5,true
RØ,4553,KH/86,13:42:00,VAL/86,13:45:00,182,3.9,true
RØ,4553,VAL/86,13:46:00,HIF/86,13:49:00,182,3.4,true
RØ,4553,HIF/86,13:49:00,HTÅ/86,13:55:00,182,12.2,true
RØ,4553,HTÅ/86,13:56:00,HH/86,14:00:00,171,4.7,true
RØ,4553,HH/86,14:01:00,TRK/86,14:04:00,171,4.0,true
RØ,4553,TRK/86,14:05:00,RO/86,14:08:00,171,3.1,true
RØ,4553,RO/86,14:09:00,LJ/86,14:15:00,126,9.5,true
RØ,4553,LJ/86,14:16:00,HV/86,14:21:00,126,7.5,true
RØ,4553,HV/86,14:22:00,TØ/86,14:26:00,126,6.3,true
RØ,4553,TØ/86,14:27:00,PE/86,14:31:00,126,6.6,true
RØ,4553,PE/86,14:32:00,HK/86,14:37:00,126,5.9,true
RØ,2518,HK/86,09:53:00,PE/86,09:57:00,73,5.9,true
RØ,2518,PE/86,09:58:00,TØ/86,10:03:00,73,6.6,true
RØ,2518,TØ/86,10:04:00,HV/86,10:08:00,73,6.3,true
RØ,2518,HV/86,10:09:00,LJ/86,10:13:00,73,7.5,true
RØ,2518,LJ/86,10:14:00,RO/86,10:20:00,73,9.5,true
RØ,2518,RO/86,10:22:00,TRK/86,10:24:00,120,3.1,true
RØ,2518,TRK/86,10:25:00,HH/86,10:28:00,120,4.0,true
RØ,2518,HH/86,10:29:00,HTÅ/86,10:33:00,120,4.7,true
RØ,2518,HTÅ/86,10:34:00,GL/86,10:39:00,131,8.3,true
RØ,2518,GL/86,10:39:00,VAL/86,10:43:00,131,7.3,true
RØ,2518,VAL/86,10:44:00,KH/86,10:49:00,131,3.9,true
RØ,2518,KH/86,10:52:00,KN/86,10:54:00,67,1.5,true
RØ,2518,KN/86,10:55:00,KK/86,10:58:00,67,1.6,true
RØ,2518,KK/86,10:59:00,HGL/86,11:01:00,93,2.1,true
RØ,2518,HGL/86,11:01:00,HL/86,11:04:00,93,2.6,true
RØ,2518,HL/86,11:05:00,KL/86,11:09:00,93,5.5,true
RØ,2518,KL/86,11:10:00,SÅ/86,11:14:00,93,5.5,true
RØ,2518,SÅ/86,11:15:00,VB/86,11:18:00,93,3.3,true
RØ,2518,VB/86,11:19:00,RU/86,11:22:00,93,4.0,true
RØ,2518,RU/86,11:23:00,OK/86,11:26:00,93,3.0,true
RØ,2518,OK/86,11:27:00,NI/86,11:30:00,93,3.4,true
RØ,2518,NI/86,11:31:00,HUM/86,11:34:00,62,3.8,true
RØ,2518,HUM/86,11:35:00,GÆ/86,11:38:00,62,3.7,true
RØ,2518,GÆ/86,11:39:00,SQ/86,11:42:00,62,2.7,true
RØ,2518,SQ/86,11:43:00,HG/86,11:47:00,62,3.5,true
RØ,2522,HK/86,10:53:00,PE/86,10:57:00,70,5.9,true
RØ,2522,PE/86,10:58:00,TØ/86,11:03:00,70,6.6,true
RØ,2522,TØ/86,11:04:00,HV/86,11:08:00,70,6.3,true
RØ,2522,HV/86,11:09:00,LJ/86,11:13:00,70,7.5,true
RØ,2522,LJ/86,11:14:00,RO/86,11:20:00,70,9.5,true
RØ,2522,RO/86,11:22:00,TRK/86,11:24:00,138,3.1,true
RØ,2522,TRK/86,11:25:00,HH/86,11:28:00,138,4.0,true
RØ,2522,HH/86,11:29:00,HTÅ/86,11:33:00,138,4.7,true
RØ,2522,HTÅ/86,11:34:00,GL/86,11:39:00,148,8.3,true
RØ,2522,GL/86,11:39:00,VAL/86,11:43:00,148,7.3,true
RØ,2522,VAL/86,11:44:00,KH/86,11:49:00,148,3.9,true
RØ,2522,KH/86,11:52:00,KN/86,11:54:00,75,1.5,true
RØ,2522,KN/86,11:55:00,KK/86,11:58:00,75,1.6,true
RØ,2522,KK/86,11:59:00,HGL/86,12:01:00,112,2.1,true
RØ,2522,HGL/86,12:01:00,HL/86,12:04:00,112,2.6,true
RØ,2522,HL/86,12:05:00,KL/86,12:09:00,112,5.5,true
RØ,2522,KL/86,12:10:00,SÅ/86,12:14:00,112,5.5,true
RØ,2522,SÅ/86,12:15:00,VB/86,12:18:00,112,3.3,true
RØ,2522,VB/86,12:19:00,RU/86,12:22:00,112,4.0,true
RØ,2522,RU/86,12:23:00,OK/86,12:26:00,112,3.0,true
RØ,2522,OK/86,12:27:00,NI/86,12:30:00,112,3.4,true
RØ,2522,NI/86,12:31:00,HUM/86,12:34:00,70,3.8,true
RØ,2522,HUM/86,12:35:00,GÆ/86,12:38:00,70,3.7,true
RØ,2522,GÆ/86,12:39:00,SQ/86,12:42:00,70,2.7,true
RØ,2522,SQ/86,12:43:00,HG/86,12:47:00,70,3.5,true
RØ,2526,HK/86,11:53:00,PE/86,11:57:00,73,5.9,true
RØ,2526,PE/86,11:58:00,TØ/86,12:03:00,73,6.6,true
RØ,2526,TØ/86,12:04:00,HV/86,12:08:00,73,6.3,true
RØ,2526,HV/86,12:09:00,LJ/86,12:13:00,73,7.5,true
RØ,2526,LJ/86,12:14:00,RO/86,12:20:00,73,9.5,true
RØ,2526,RO/86,12:22:00,TRK/86,12:24:00,158,3.1,true
RØ,2526,TRK/86,12:25:00,HH/86,12:28:00,158,4.0,true
RØ,2526,HH/86,12:29:00,HTÅ/86,12:33:00,158,4.7,true
RØ,2526,HTÅ/86,12:34:00,GL/86,12:39:00,163,8.3,true
RØ,2526,GL/86,12:39:00,VAL/86,12:43:00,163,7.3,true
RØ,2526,VAL/86,12:44:00,KH/86,12:49:00,163,3.9,true
RØ,2526,KH/86,12:52:00,KN/86,12:54:00,72,1.5,true
RØ,2526,KN/86,12:55:00,KK/86,12:58:00,72,1.6,true
RØ,2526,KK/86,12:59:00,HGL/86,13:01:00,121,2.1,true
RØ,2526,HGL/86,13:01:00,HL/86,13:04:00,121,2.6,true
RØ,2526,HL/86,13:05:00,KL/86,13:09:00,121,5.5,true
RØ,2526,KL/86,13:10:00,SÅ/86,13:14:00,121,5.5,true
RØ,2526,SÅ/86,13:15:00,VB/86,13:18:00,121,3.3,true
RØ,2526,VB/86,13:19:00,RU/86,13:22:00,121,4.0,true
RØ,2526,RU/86,13:23:00,OK/86,13:26:00,121,3.0,true
RØ,2526,OK/86,13:27:00,NI/86,13:30:00,121,3.4,true
RØ,2526,NI/86,13:31:00,HUM/86,13:34:00,79,3.8,true
RØ,2526,HUM/86,13:35:00,GÆ/86,13:38:00,79,3.7,true
RØ,2526,GÆ/86,13:39:00,SQ/86,13:42:00,79,2.7,true
RØ,2526,SQ/86,13:43:00,HG/86,13:47:00,79,3.5,true
RØ,2530,HK/86,12:53:00,PE/86,12:57:00,64,5.9,true
RØ,2530,PE/86,12:58:00,TØ/86,13:03:00,64,6.6,true
RØ,2530,TØ/86,13:04:00,HV/86,13:08:00,64,6.3,true
RØ,2530,HV/86,13:09:00,LJ/86,13:13:00,64,7.5,true
RØ,2530,LJ/86,13:14:00,RO/86,13:20:00,64,9.5,true
RØ,2530,RO/86,13:22:00,TRK/86,13:24:00,142,3.1,true
RØ,2530,TRK/86,13:25:00,HH/86,13:28:00,142,4.0,true
RØ,2530,HH/86,13:29:00,HTÅ/86,13:33:00,142,4.7,true
RØ,2530,HTÅ/86,13:34:00,GL/86,13:39:00,146,8.3,true
RØ,2530,GL/86,13:39:00,VAL/86,13:43:00,146,7.3,true
RØ,2530,VAL/86,13:44:00,KH/86,13:49:00,146,3.9,true
RØ,2530,KH/86,13:52:00,KN/86,13:54:00,84,1.5,true
RØ,2530,KN/86,13:55:00,KK/86,13:58:00,84,1.6,true
RØ,2530,KK/86,13:59:00,HGL/86,14:01:00,161,2.1,true
RØ,2530,HGL/86,14:01:00,HL/86,14:04:00,161,2.6,true
RØ,2530,HL/86,14:05:00,KL/86,14:09:00,161,5.5,true
RØ,2530,KL/86,14:10:00,SÅ/86,14:14:00,161,5.5,true
RØ,2530,SÅ/86,14:15:00,VB/86,14:18:00,161,3.3,true
RØ,2530,VB/86,14:19:00,RU/86,14:22:00,161,4.0,true
RØ,2530,RU/86,14:23:00,OK/86,14:26:00,161,3.0,true
RØ,2530,OK/86,14:27:00,NI/86,14:30:00,161,3.4,true
RØ,2530,NI/86,14:31:00,HUM/86,14:34:00,96,3.8,true
RØ,2530,HUM/86,14:35:00,GÆ/86,14:38:00,96,3.7,true
RØ,2530,GÆ/86,14:39:00,SQ/86,14:42:00,96,2.7,true
RØ,2530,SQ/86,14:43:00,HG/86,14:47:00,96,3.5,true
RØ,2534,HK/86,13:53:00,PE/86,13:57:00,83,5.9,true
RØ,2534,PE/86,13:58:00,TØ/86,14:03:00,83,6.6,true
RØ,2534,TØ/86,14:04:00,HV/86,14:08:00,83,6.3,true
RØ,2534,HV/86,14:09:00,LJ/86,14:13:00,83,7.5,true
RØ,2534,LJ/86,14:14:00,RO/86,14:20:00,83,9.5,true
RØ,2534,RO/86,14:22:00,TRK/86,14:24:00,196,3.1,true
RØ,2534,TRK/86,14:25:00,HH/86,14:28:00,196,4.0,true
RØ,2534,HH/86,14:29:00,HTÅ/86,14:33:00,196,4.7,true
RØ,2534,HTÅ/86,14:34:00,GL/86,14:39:00,211,8.3,true
RØ,2534,GL/86,14:39:00,VAL/86,14:43:00,211,7.3,true
RØ,2534,VAL/86,14:44:00,KH/86,14:49:00,211,3.9,true
RØ,2534,KH/86,14:52:00,KN/86,14:54:00,129,1.5,true
RØ,2534,KN/86,14:55:00,KK/86,14:58:00,129,1.6,true
RØ,2534,KK/86,14:59:00,HGL/86,15:01:00,198,2.1,true
RØ,2534,HGL/86,15:01:00,HL/86,15:04:00,198,2.6,true
RØ,2534,HL/86,15:05:00,KL/86,15:09:00,198,5.5,true
RØ,2534,KL/86,15:10:00,SÅ/86,15:14:00,198,5.5,true
RØ,2534,SÅ/86,15:15:00,VB/86,15:18:00,198,3.3,true
RØ,2534,VB/86,15:19:00,RU/86,15:22:00,198,4.0,true
RØ,2534,RU/86,15:23:00,OK/86,15:26:00,198,3.0,true
RØ,2534,OK/86,15:27:00,NI/86,15:30:00,198,3.4,true
RØ,2534,NI/86,15:31:00,HUM/86,15:34:00,105,3.8,true
RØ,2534,HUM/86,15:35:00,GÆ/86,15:38:00,105,3.7,true
RØ,2534,GÆ/86,15:39:00,SQ/86,15:42:00,105,2.7,true
RØ,2534,SQ/86,15:43:00,HG/86,15:47:00,105,3.5,true
RØ,2519,KH/86,05:12:00,VAL/86,05:15:00,17,3.9,true
RØ,2519,VAL/86,05:16:00,HIF/86,05:18:00,17,3.4,true
RØ,2519,HIF/86,05:18:00,HTÅ/86,05:25:00,17,12.2,true
RØ,2519,HTÅ/86,05:26:00,HH/86,05:30:00,16,4.7,true
RØ,2519,HH/86,05:31:00,TRK/86,05:34:00,16,4.0,true
RØ,2519,TRK/86,05:35:00,RO/86,05:38:00,16,3.1,true
RØ,2519,RO/86,05:39:00,LJ/86,05:45:00,18,9.5,true
RØ,2519,LJ/86,05:46:00,HV/86,05:51:00,18,7.5,true
RØ,2519,HV/86,05:52:00,TØ/86,05:56:00,18,6.3,true
RØ,2519,TØ/86,05:57:00,PE/86,06:01:00,18,6.6,true
RØ,2519,PE/86,06:02:00,HK/86,06:07:00,18,5.9,true
RØ,2523,HGL/86,05:56:00,KK/86,06:00:00,0,2.1,true
RØ,2523,KK/86,06:02:00,KN/86,06:04:00,17,1.6,true
RØ,2523,KN/86,06:05:00,KH/86,06:08:00,17,1.5,true
RØ,2523,KH/86,06:12:00,VAL/86,06:15:00,55,3.9,true
RØ,2523,VAL/86,06:16:00,HIF/86,06:18:00,55,3.4,true
RØ,2523,HIF/86,06:18:00,HTÅ/86,06:25:00,55,12.2,true
RØ,2523,HTÅ/86,06:26:00,HH/86,06:30:00,44,4.7,true
RØ,2523,HH/86,06:31:00,TRK/86,06:34:00,44,4.0,true
RØ,2523,TRK/86,06:35:00,RO/86,06:38:00,44,3.1,true
RØ,2523,RO/86,06:39:00,LJ/86,06:45:00,21,9.5,true
RØ,2523,LJ/86,06:46:00,HV/86,06:51:00,21,7.5,true
RØ,2523,HV/86,06:52:00,TØ/86,06:56:00,21,6.3,true
RØ,2523,TØ/86,06:57:00,PE/86,07:01:00,21,6.6,true
RØ,2523,PE/86,07:02:00,HK/86,07:07:00,21,5.9,true
RØ,1204,NF/86,05:38:00,TN/86,05:41:00,42,6.0,false
RØ,1204,TN/86,05:41:00,VO/86,05:53:00,42,22.8,false
RØ,1204,VO/86,05:55:00,LU/86,06:00:00,85,11.4,true
RØ,1204,LU/86,06:00:00,NÆ/86,06:07:00,85,16.0,true
RØ,1204,NÆ/86,06:10:00,GZ/86,06:16:00,184,14.8,true
RØ,1204,GZ/86,06:16:00,RG/86,06:22:00,184,12.0,true
RØ,1204,RG/86,06:23:00,ADA/86,06:27:00,224,5.0,true
RØ,1204,ADA/86,06:27:00,NEL/86,06:47:00,224,52.1,true
RØ,1204,NEL/86,06:49:00,GB/86,06:50:00,224,1.4,true
RØ,1204,GB/86,06:50:00,KH/86,06:55:00,224,3.2,true
RØ,1208,NF/86,06:38:00,TN/86,06:41:00,98,6.0,false
RØ,1208,TN/86,06:41:00,VO/86,06:53:00,98,22.8,false
RØ,1208,VO/86,06:55:00,LU/86,07:00:00,167,11.4,true
RØ,1208,LU/86,07:00:00,NÆ/86,07:07:00,167,16.0,true
RØ,1208,NÆ/86,07:10:00,GZ/86,07:16:00,350,14.8,true
RØ,1208,GZ/86,07:16:00,RG/86,07:22:00,350,12.0,true
RØ,1208,RG/86,07:23:00,ADA/86,07:27:00,395,5.0,true
RØ,1208,ADA/86,07:27:00,NEL/86,07:47:00,395,52.1,true
RØ,1208,NEL/86,07:49:00,GB/86,07:50:00,395,1.4,true
RØ,1208,GB/86,07:50:00,KH/86,07:55:00,395,3.2,true
RØ,1212,NF/86,07:38:00,TN/86,07:41:00,96,6.0,false
RØ,1212,TN/86,07:41:00,VO/86,07:53:00,96,22.8,false
RØ,1212,VO/86,07:55:00,LU/86,08:00:00,152,11.4,true
RØ,1212,LU/86,08:00:00,NÆ/86,08:07:00,152,16.0,true
RØ,1212,NÆ/86,08:10:00,GZ/86,08:16:00,233,14.8,true
RØ,1212,GZ/86,08:16:00,RG/86,08:22:00,233,12.0,true
RØ,1212,RG/86,08:23:00,ADA/86,08:27:00,258,5.0,true
RØ,1212,ADA/86,08:27:00,NEL/86,08:47:00,258,52.1,true
RØ,1212,NEL/86,08:49:00,GB/86,08:50:00,258,1.4,true
RØ,1212,GB/86,08:50:00,KH/86,08:55:00,258,3.2,true
RØ,1216,NF/86,08:38:00,TN/86,08:41:00,64,6.0,false
RØ,1216,TN/86,08:41:00,VO/86,08:53:00,64,22.8,false
RØ,1216,VO/86,08:55:00,LU/86,09:00:00,102,11.4,true
RØ,1216,LU/86,09:00:00,NÆ/86,09:07:00,102,16.0,true
RØ,1216,NÆ/86,09:10:00,GZ/86,09:16:00,152,14.8,true
RØ,1216,GZ/86,09:16:00,RG/86,09:22:00,152,12.0,true
RØ,1216,RG/86,09:23:00,ADA/86,09:27:00,183,5.0,true
RØ,1216,ADA/86,09:27:00,NEL/86,09:47:00,183,52.1,true
RØ,1216,NEL/86,09:49:00,GB/86,09:50:00,183,1.4,true
RØ,1216,GB/86,09:50:00,KH/86,09:55:00,183,3.2,true
RØ,1220,NF/86,09:38:00,TN/86,09:41:00,43,6.0,false
RØ,1220,TN/86,09:41:00,VO/86,09:53:00,43,22.8,false
RØ,1220,VO/86,09:55:00,LU/86,10:00:00,62,11.4,true
RØ,1220,LU/86,10:00:00,NÆ/86,10:07:00,62,16.0,true
RØ,1220,NÆ/86,10:10:00,GZ/86,10:16:00,100,14.8,true
RØ,1220,GZ/86,10:16:00,RG/86,10:22:00,100,12.0,true
RØ,1220,RG/86,10:23:00,ADA/86,10:27:00,97,5.0,true
RØ,1220,ADA/86,10:27:00,NEL/86,10:47:00,97,52.1,true
RØ,1220,NEL/86,10:49:00,GB/86,10:50:00,97,1.4,true
RØ,1220,GB/86,10:50:00,KH/86,10:55:00,97,3.2,true
RØ,1221,KH/86,06:04:00,GB/86,06:07:00,55,3.2,true
RØ,1221,GB/86,06:07:00,NEL/86,06:08:00,55,1.4,true
RØ,1221,NEL/86,06:10:00,IG/86,06:10:20,55,1.6,true
RØ,1221,IG/86,06:10:20,RG/86,06:34:00,55,55.5,true
RØ,1221,RG/86,06:36:00,GZ/86,06:41:00,74,12.0,true
RØ,1221,GZ/86,06:41:00,NÆ/86,06:48:00,74,14.8,true
RØ,1221,NÆ/86,06:50:00,MOG/86,06:53:00,76,8.5,true
RØ,1221,MOG/86,06:53:00,LU/86,06:58:00,76,7.5,true
RØ,1221,LU/86,06:59:00,VO/86,07:05:00,76,11.4,true
RØ,1221,VO/86,07:07:00,MN/86,07:10:00,79,3.8,false
RØ,1221,MN/86,07:10:00,NV/86,07:17:00,79,10.4,false
RØ,1221,NV/86,07:18:00,EK/86,07:22:00,79,4.5,false
RØ,1221,EK/86,07:23:00,TN/86,07:26:00,79,4.1,false
RØ,1221,TN/86,07:26:00,NF/86,07:29:00,79,6.0,false
RØ,1225,KH/86,07:08:00,GB/86,07:11:00,165,3.2,true
RØ,1225,GB/86,07:11:00,NEL/86,07:12:00,165,1.4,true
RØ,1225,NEL/86,07:13:00,IG/86,07:14:00,165,1.6,true
RØ,1225,IG/86,07:14:00,RG/86,07:37:00,165,55.5,true
RØ,1225,RG/86,07:39:00,GZ/86,07:44:00,165,12.0,true
RØ,1225,GZ/86,07:44:00,NÆ/86,07:51:00,165,14.8,true
RØ,1225,NÆ/86,07:53:00,MOG/86,07:56:00,114,8.5,true
RØ,1225,MOG/86,07:56:00,VO/86,08:05:00,114,18.9,true
RØ,1225,VO/86,08:07:00,MN/86,08:10:00,81,3.8,false
RØ,1225,MN/86,08:10:00,NF/86,08:23:00,81,25.0,false
RØ,1228,NF/86,11:38:00,TN/86,11:41:00,52,6.0,false
RØ,1228,TN/86,11:41:00,VO/86,11:53:00,52,22.8,false
RØ,1228,VO/86,11:55:00,LU/86,12:00:00,74,11.4,true
RØ,1228,LU/86,12:00:00,NÆ/86,12:07:00,74,16.0,true
RØ,1228,NÆ/86,12:10:00,GZ/86,12:16:00,98,14.8,true
RØ,1228,GZ/86,12:16:00,RG/86,12:22:00,98,12.0,true
RØ,1228,RG/86,12:23:00,ADA/86,12:27:00,94,5.0,true
RØ,1228,ADA/86,12:27:00,NEL/86,12:47:00,94,52.1,true
RØ,1228,NEL/86,12:49:00,GB/86,12:50:00,94,1.4,true
RØ,1228,GB/86,12:50:00,KH/86,12:55:00,94,3.2,true
RØ,1229,KH/86,08:08:00,GB/86,08:11:00,128,3.2,true
RØ,1229,GB/86,08:11:00,NEL/86,08:12:00,128,1.4,true
RØ,1229,NEL/86,08:13:00,IG/86,08:14:00,128,1.6,true
RØ,1229,IG/86,08:14:00,RG/86,08:37:00,128,55.5,true
RØ,1229,RG/86,08:39:00,GZ/86,08:44:00,119,12.0,true
RØ,1229,GZ/86,08:44:00,NÆ/86,08:51:00,119,14.8,true
RØ,1229,NÆ/86,08:53:00,MOG/86,08:56:00,78,8.5,true
RØ,1229,MOG/86,08:56:00,VO/86,09:05:00,78,18.9,true
RØ,1229,VO/86,09:07:00,MN/86,09:10:00,53,3.8,false
RØ,1229,MN/86,09:10:00,NF/86,09:23:00,53,25.0,false
RØ,2527,HG/86,06:13:00,SQ/86,06:16:00,60,3.5,true
RØ,2527,SQ/86,06:17:00,GÆ/86,06:19:00,60,2.7,true
RØ,2527,GÆ/86,06:20:00,HUM/86,06:23:00,60,3.7,true
RØ,2527,HUM/86,06:24:00,NI/86,06:27:00,60,3.8,true
RØ,2527,NI/86,06:28:00,OK/86,06:32:00,134,3.4,true
RØ,2527,OK/86,06:33:00,RU/86,06:35:00,134,3.0,true
RØ,2527,RU/86,06:36:00,VB/86,06:39:00,134,4.0,true
RØ,2527,VB/86,06:40:00,SÅ/86,06:43:00,134,3.3,true
RØ,2527,SÅ/86,06:44:00,KL/86,06:48:00,134,5.5,true
RØ,2527,KL/86,06:49:00,HL/86,06:54:00,134,5.5,true
RØ,2527,HL/86,06:55:00,HGL/86,06:57:00,134,2.6,true
RØ,2527,HGL/86,06:57:00,KK/86,07:00:00,134,2.1,true
RØ,2527,KK/86,07:02:00,KN/86,07:04:00,144,1.6,true
RØ,2527,KN/86,07:05:00,KH/86,07:08:00,144,1.5,true
RØ,2527,KH/86,07:12:00,VAL/86,07:15:00,360,3.9,true
RØ,2527,VAL/86,07:16:00,HIF/86,07:19:00,360,3.4,true
RØ,2527,HIF/86,07:19:00,HTÅ/86,07:25:00,360,12.2,true
RØ,2527,HTÅ/86,07:26:00,HH/86,07:30:00,341,4.7,true
RØ,2527,HH/86,07:31:00,TRK/86,07:34:00,341,4.0,true
RØ,2527,TRK/86,07:35:00,RO/86,07:38:00,341,3.1,true
RØ,2527,RO/86,07:39:00,LJ/86,07:45:00,103,9.5,true
RØ,2527,LJ/86,07:46:00,HV/86,07:51:00,103,7.5,true
RØ,2527,HV/86,07:52:00,TØ/86,07:56:00,103,6.3,true
RØ,2527,TØ/86,07:57:00,PE/86,08:01:00,103,6.6,true
RØ,2527,PE/86,08:02:00,HK/86,08:07:00,103,5.9,true
RØ,2531,HG/86,07:13:00,SQ/86,07:16:00,195,3.5,true
RØ,2531,SQ/86,07:17:00,GÆ/86,07:19:00,195,2.7,true
RØ,2531,GÆ/86,07:20:00,HUM/86,07:23:00,195,3.7,true
RØ,2531,HUM/86,07:24:00,NI/86,07:27:00,195,3.8,true
RØ,2531,NI/86,07:28:00,OK/86,07:32:00,421,3.4,true
RØ,2531,OK/86,07:33:00,RU/86,07:35:00,421,3.0,true
RØ,2531,RU/86,07:36:00,VB/86,07:39:00,421,4.0,true
RØ,2531,VB/86,07:40:00,SÅ/86,07:43:00,421,3.3,true
RØ,2531,SÅ/86,07:44:00,KL/86,07:48:00,421,5.5,true
RØ,2531,KL/86,07:49:00,HL/86,07:54:00,421,5.5,true
RØ,2531,HL/86,07:55:00,HGL/86,07:57:00,421,2.6,true
RØ,2531,HGL/86,07:57:00,KK/86,08:00:00,421,2.1,true
RØ,2531,KK/86,08:02:00,KN/86,08:04:00,253,1.6,true
RØ,2531,KN/86,08:05:00,KH/86,08:08:00,253,1.5,true
RØ,2531,KH/86,08:12:00,VAL/86,08:15:00,330,3.9,true
RØ,2531,VAL/86,08:16:00,HIF/86,08:19:00,330,3.4,true
RØ,2531,HIF/86,08:19:00,HTÅ/86,08:25:00,330,12.2,true
RØ,2531,HTÅ/86,08:26:00,HH/86,08:30:00,244,4.7,true
RØ,2531,HH/86,08:31:00,TRK/86,08:34:00,244,4.0,true
RØ,2531,TRK/86,08:35:00,RO/86,08:38:00,244,3.1,true
RØ,2531,RO/86,08:39:00,LJ/86,08:45:00,70,9.5,true
RØ,2531,LJ/86,08:46:00,HV/86,08:51:00,70,7.5,true
RØ,2531,HV/86,08:52:00,TØ/86,08:56:00,70,6.3,true
RØ,2531,TØ/86,08:57:00,PE/86,09:01:00,70,6.6,true
RØ,2531,PE/86,09:02:00,HK/86,09:07:00,70,5.9,true
RØ,2535,HG/86,08:13:00,SQ/86,08:16:00,135,3.5,true
RØ,2535,SQ/86,08:17:00,GÆ/86,08:19:00,135,2.7,true
RØ,2535,GÆ/86,08:20:00,HUM/86,08:23:00,135,3.7,true
RØ,2535,HUM/86,08:24:00,NI/86,08:27:00,135,3.8,true
RØ,2535,NI/86,08:28:00,OK/86,08:32:00,259,3.4,true
RØ,2535,OK/86,08:33:00,RU/86,08:35:00,259,3.0,true
RØ,2535,RU/86,08:36:00,VB/86,08:39:00,259,4.0,true
RØ,2535,VB/86,08:40:00,SÅ/86,08:43:00,259,3.3,true
RØ,2535,SÅ/86,08:44:00,KL/86,08:48:00,259,5.5,true
RØ,2535,KL/86,08:49:00,HL/86,08:54:00,259,5.5,true
RØ,2535,HL/86,08:55:00,HGL/86,08:57:00,259,2.6,true
RØ,2535,HGL/86,08:57:00,KK/86,09:00:00,259,2.1,true
RØ,2535,KK/86,09:02:00,KN/86,09:04:00,169,1.6,true
RØ,2535,KN/86,09:05:00,KH/86,09:08:00,169,1.5,true
RØ,2535,KH/86,09:12:00,VAL/86,09:15:00,162,3.9,true
RØ,2535,VAL/86,09:16:00,HIF/86,09:19:00,162,3.4,true
RØ,2535,HIF/86,09:19:00,HTÅ/86,09:25:00,162,12.2,true
RØ,2535,HTÅ/86,09:26:00,HH/86,09:30:00,131,4.7,true
RØ,2535,HH/86,09:31:00,TRK/86,09:34:00,131,4.0,true
RØ,2535,TRK/86,09:35:00,RO/86,09:38:00,131,3.1,true
RØ,2535,RO/86,09:39:00,LJ/86,09:45:00,31,9.5,true
RØ,2535,LJ/86,09:46:00,HV/86,09:51:00,31,7.5,true
RØ,2535,HV/86,09:52:00,TØ/86,09:56:00,31,6.3,true
RØ,2535,TØ/86,09:57:00,PE/86,10:01:00,31,6.6,true
RØ,2535,PE/86,10:02:00,HK/86,10:07:00,31,5.9,true
RØ,2539,HG/86,09:13:00,SQ/86,09:16:00,103,3.5,true
RØ,2539,SQ/86,09:17:00,GÆ/86,09:19:00,103,2.7,true
RØ,2539,GÆ/86,09:20:00,HUM/86,09:23:00,103,3.7,true
RØ,2539,HUM/86,09:24:00,NI/86,09:27:00,103,3.8,true
RØ,2539,NI/86,09:28:00,OK/86,09:32:00,198,3.4,true
RØ,2539,OK/86,09:33:00,RU/86,09:35:00,198,3.0,true
RØ,2539,RU/86,09:36:00,VB/86,09:39:00,198,4.0,true
RØ,2539,VB/86,09:40:00,SÅ/86,09:43:00,198,3.3,true
RØ,2539,SÅ/86,09:44:00,KL/86,09:48:00,198,5.5,true
RØ,2539,KL/86,09:49:00,HL/86,09:54:00,198,5.5,true
RØ,2539,HL/86,09:55:00,HGL/86,09:57:00,198,2.6,true
RØ,2539,HGL/86,09:57:00,KK/86,10:00:00,198,2.1,true
RØ,2539,KK/86,10:02:00,KN/86,10:04:00,81,1.6,true
RØ,2539,KN/86,10:05:00,KH/86,10:08:00,81,1.5,true
RØ,2539,KH/86,10:12:00,VAL/86,10:15:00,82,3.9,true
RØ,2539,VAL/86,10:16:00,HIF/86,10:19:00,82,3.4,true
RØ,2539,HIF/86,10:19:00,HTÅ/86,10:25:00,82,12.2,true
RØ,2539,HTÅ/86,10:26:00,HH/86,10:30:00,65,4.7,true
RØ,2539,HH/86,10:31:00,TRK/86,10:34:00,65,4.0,true
RØ,2539,TRK/86,10:35:00,RO/86,10:38:00,65,3.1,true
RØ,2539,RO/86,10:39:00,LJ/86,10:45:00,27,9.5,true
RØ,2539,LJ/86,10:46:00,HV/86,10:51:00,27,7.5,true
RØ,2539,HV/86,10:52:00,TØ/86,10:56:00,27,6.3,true
RØ,2539,TØ/86,10:57:00,PE/86,11:01:00,27,6.6,true
RØ,2539,PE/86,11:02:00,HK/86,11:07:00,27,5.9,true
RØ,2543,HG/86,10:13:00,SQ/86,10:16:00,52,3.5,true
RØ,2543,SQ/86,10:17:00,GÆ/86,10:19:00,52,2.7,true
RØ,2543,GÆ/86,10:20:00,HUM/86,10:23:00,52,3.7,true
RØ,2543,HUM/86,10:24:00,NI/86,10:27:00,52,3.8,true
RØ,2543,NI/86,10:28:00,OK/86,10:32:00,90,3.4,true
RØ,2543,OK/86,10:33:00,RU/86,10:35:00,90,3.0,true
RØ,2543,RU/86,10:36:00,VB/86,10:39:00,90,4.0,true
RØ,2543,VB/86,10:40:00,SÅ/86,10:43:00,90,3.3,true
RØ,2543,SÅ/86,10:44:00,KL/86,10:48:00,90,5.5,true
RØ,2543,KL/86,10:49:00,HL/86,10:54:00,90,5.5,true
RØ,2543,HL/86,10:55:00,HGL/86,10:57:00,90,2.6,true
RØ,2543,HGL/86,10:57:00,KK/86,11:00:00,90,2.1,true
RØ,2543,KK/86,11:02:00,KN/86,11:04:00,66,1.6,true
RØ,2543,KN/86,11:05:00,KH/86,11:08:00,66,1.5,true
RØ,2543,KH/86,11:12:00,VAL/86,11:15:00,104,3.9,true
RØ,2543,VAL/86,11:16:00,HIF/86,11:19:00,104,3.4,true
RØ,2543,HIF/86,11:19:00,HTÅ/86,11:25:00,104,12.2,true
RØ,2543,HTÅ/86,11:26:00,HH/86,11:30:00,90,4.7,true
RØ,2543,HH/86,11:31:00,TRK/86,11:34:00,90,4.0,true
RØ,2543,TRK/86,11:35:00,RO/86,11:38:00,90,3.1,true
RØ,2543,RO/86,11:39:00,LJ/86,11:45:00,38,9.5,true
RØ,2543,LJ/86,11:46:00,HV/86,11:51:00,38,7.5,true
RØ,2543,HV/86,11:52:00,TØ/86,11:56:00,38,6.3,true
RØ,2543,TØ/86,11:57:00,PE/86,12:01:00,38,6.6,true
RØ,2543,PE/86,12:02:00,HK/86,12:07:00,38,5.9,true
RØ,2547,HG/86,11:13:00,SQ/86,11:16:00,53,3.5,true
RØ,2547,SQ/86,11:17:00,GÆ/86,11:19:00,53,2.7,true
RØ,2547,GÆ/86,11:20:00,HUM/86,11:23:00,53,3.7,true
RØ,2547,HUM/86,11:24:00,NI/86,11:27:00,53,3.8,true
RØ,2547,NI/86,11:28:00,OK/86,11:32:00,91,3.4,true
RØ,2547,OK/86,11:33:00,RU/86,11:35:00,91,3.0,true
RØ,2547,RU/86,11:36:00,VB/86,11:39:00,91,4.0,true
RØ,2547,VB/86,11:40:00,SÅ/86,11:43:00,91,3.3,true
RØ,2547,SÅ/86,11:44:00,KL/86,11:48:00,91,5.5,true
RØ,2547,KL/86,11:49:00,HL/86,11:54:00,91,5.5,true
RØ,2547,HL/86,11:55:00,HGL/86,11:57:00,91,2.6,true
RØ,2547,HGL/86,11:57:00,KK/86,12:00:00,91,2.1,true
RØ,2547,KK/86,12:02:00,KN/86,12:04:00,69,1.6,true
RØ,2547,KN/86,12:05:00,KH/86,12:08:00,69,1.5,true
RØ,2547,KH/86,12:12:00,VAL/86,12:15:00,122,3.9,true
RØ,2547,VAL/86,12:16:00,HIF/86,12:19:00,122,3.4,true
RØ,2547,HIF/86,12:19:00,HTÅ/86,12:25:00,122,12.2,true
RØ,2547,HTÅ/86,12:26:00,HH/86,12:30:00,105,4.7,true
RØ,2547,HH/86,12:31:00,TRK/86,12:34:00,105,4.0,true
RØ,2547,TRK/86,12:35:00,RO/86,12:38:00,105,3.1,true
RØ,2547,RO/86,12:39:00,LJ/86,12:45:00,63,9.5,true
RØ,2547,LJ/86,12:46:00,HV/86,12:51:00,63,7.5,true
RØ,2547,HV/86,12:52:00,TØ/86,12:56:00,63,6.3,true
RØ,2547,TØ/86,12:57:00,PE/86,13:01:00,63,6.6,true
RØ,2547,PE/86,13:02:00,HK/86,13:07:00,63,5.9,true
RØ,2551,HG/86,12:13:00,SQ/86,12:16:00,55,3.5,true
RØ,2551,SQ/86,12:17:00,GÆ/86,12:19:00,55,2.7,true
RØ,2551,GÆ/86,12:20:00,HUM/86,12:23:00,55,3.7,true
RØ,2551,HUM/86,12:24:00,NI/86,12:27:00,55,3.8,true
RØ,2551,NI/86,12:28:00,OK/86,12:32:00,91,3.4,true
RØ,2551,OK/86,12:33:00,RU/86,12:35:00,91,3.0,true
RØ,2551,RU/86,12:36:00,VB/86,12:39:00,91,4.0,true
RØ,2551,VB/86,12:40:00,SÅ/86,12:43:00,91,3.3,true
RØ,2551,SÅ/86,12:44:00,KL/86,12:48:00,91,5.5,true
RØ,2551,KL/86,12:49:00,HL/86,12:54:00,91,5.5,true
RØ,2551,HL/86,12:55:00,HGL/86,12:57:00,91,2.6,true
RØ,2551,HGL/86,12:57:00,KK/86,13:00:00,91,2.1,true
RØ,2551,KK/86,13:02:00,KN/86,13:04:00,71,1.6,true
RØ,2551,KN/86,13:05:00,KH/86,13:08:00,71,1.5,true
RØ,2551,KH/86,13:12:00,VAL/86,13:15:00,144,3.9,true
RØ,2551,VAL/86,13:16:00,HIF/86,13:19:00,144,3.4,true
RØ,2551,HIF/86,13:19:00,HTÅ/86,13:25:00,144,12.2,true
RØ,2551,HTÅ/86,13:26:00,HH/86,13:30:00,130,4.7,true
RØ,2551,HH/86,13:31:00,TRK/86,13:34:00,130,4.0,true
RØ,2551,TRK/86,13:35:00,RO/86,13:38:00,130,3.1,true
RØ,2551,RO/86,13:39:00,LJ/86,13:45:00,96,9.5,true
RØ,2551,LJ/86,13:46:00,HV/86,13:51:00,96,7.5,true
RØ,2551,HV/86,13:52:00,TØ/86,13:56:00,96,6.3,true
RØ,2551,TØ/86,13:57:00,PE/86,14:01:00,96,6.6,true
RØ,2551,PE/86,14:02:00,HK/86,14:07:00,96,5.9,true
RØ,2559,HG/86,14:13:00,SQ/86,14:16:00,65,3.5,true
RØ,2559,SQ/86,14:17:00,GÆ/86,14:19:00,65,2.7,true
RØ,2559,GÆ/86,14:20:00,HUM/86,14:23:00,65,3.7,true
RØ,2559,HUM/86,14:24:00,NI/86,14:27:00,65,3.8,true
RØ,2559,NI/86,14:28:00,OK/86,14:32:00,106,3.4,true
RØ,2559,OK/86,14:33:00,RU/86,14:35:00,106,3.0,true
RØ,2559,RU/86,14:36:00,VB/86,14:39:00,106,4.0,true
RØ,2559,VB/86,14:40:00,SÅ/86,14:43:00,106,3.3,true
RØ,2559,SÅ/86,14:44:00,KL/86,14:48:00,106,5.5,true
RØ,2559,KL/86,14:49:00,HL/86,14:54:00,106,5.5,true
RØ,2559,HL/86,14:55:00,HGL/86,14:57:00,106,2.6,true
RØ,2559,HGL/86,14:57:00,KK/86,15:00:00,106,2.1,true
RØ,2559,KK/86,15:02:00,KN/86,15:04:00,170,1.6,true
RØ,2559,KN/86,15:05:00,KH/86,15:08:00,170,1.5,true
RØ,2559,KH/86,15:12:00,VAL/86,15:15:00,354,3.9,true
RØ,2559,VAL/86,15:16:00,HIF/86,15:19:00,354,3.4,true
RØ,2559,HIF/86,15:19:00,HTÅ/86,15:25:00,354,12.2,true
RØ,2559,HTÅ/86,15:26:00,HH/86,15:30:00,334,4.7,true
RØ,2559,HH/86,15:31:00,TRK/86,15:34:00,334,4.0,true
RØ,2559,TRK/86,15:35:00,RO/86,15:38:00,334,3.1,true
RØ,2559,RO/86,15:39:00,LJ/86,15:45:00,200,9.5,true
RØ,2559,LJ/86,15:46:00,HV/86,15:51:00,200,7.5,true
RØ,2559,HV/86,15:52:00,TØ/86,15:56:00,200,6.3,true
RØ,2559,TØ/86,15:57:00,PE/86,16:01:00,200,6.6,true
RØ,2559,PE/86,16:02:00,HK/86,16:07:00,200,5.9,true
RØ,2558,HK/86,19:53:00,PE/86,19:57:00,22,5.9,true
RØ,2558,PE/86,19:58:00,TØ/86,20:03:00,22,6.6,true
RØ,2558,TØ/86,20:04:00,HV/86,20:08:00,22,6.3,true
RØ,2558,HV/86,20:09:00,LJ/86,20:13:00,22,7.5,true
RØ,2558,LJ/86,20:14:00,RO/86,20:20:00,22,9.5,true
RØ,2558,RO/86,20:22:00,TRK/86,20:24:00,51,3.1,true
RØ,2558,TRK/86,20:25:00,HH/86,20:28:00,51,4.0,true
RØ,2558,HH/86,20:29:00,HTÅ/86,20:33:00,51,4.7,true
RØ,2558,HTÅ/86,20:34:00,GL/86,20:39:00,75,8.3,true
RØ,2558,GL/86,20:39:00,VAL/86,20:43:00,75,7.3,true
RØ,2558,VAL/86,20:44:00,KH/86,20:49:00,75,3.9,true
RØ,2558,KH/86,20:52:00,KN/86,20:54:00,110,1.5,true
RØ,2558,KN/86,20:55:00,KK/86,20:58:00,110,1.6,true
RØ,2558,KK/86,20:59:00,HGL/86,21:01:00,135,2.1,true
RØ,2558,HGL/86,21:01:00,HL/86,21:04:00,135,2.6,true
RØ,2558,HL/86,21:05:00,KL/86,21:09:00,135,5.5,true
RØ,2558,KL/86,21:10:00,SÅ/86,21:14:00,135,5.5,true
RØ,2558,SÅ/86,21:15:00,VB/86,21:18:00,135,3.3,true
RØ,2558,VB/86,21:19:00,RU/86,21:22:00,135,4.0,true
RØ,2558,RU/86,21:23:00,OK/86,21:26:00,135,3.0,true
RØ,2558,OK/86,21:27:00,NI/86,21:30:00,135,3.4,true
RØ,2558,NI/86,21:31:00,HUM/86,21:34:00,88,3.8,true
RØ,2558,HUM/86,21:35:00,GÆ/86,21:38:00,88,3.7,true
RØ,2558,GÆ/86,21:39:00,SQ/86,21:42:00,88,2.7,true
RØ,2558,SQ/86,21:43:00,HG/86,21:47:00,88,3.5,true
RØ,2555,HG/86,13:13:00,SQ/86,13:16:00,60,3.5,true
RØ,2555,SQ/86,13:17:00,GÆ/86,13:19:00,60,2.7,true
RØ,2555,GÆ/86,13:20:00,HUM/86,13:23:00,60,3.7,true
RØ,2555,HUM/86,13:24:00,NI/86,13:27:00,60,3.8,true
RØ,2555,NI/86,13:28:00,OK/86,13:32:00,92,3.4,true
RØ,2555,OK/86,13:33:00,RU/86,13:35:00,92,3.0,true
RØ,2555,RU/86,13:36:00,VB/86,13:39:00,92,4.0,true
RØ,2555,VB/86,13:40:00,SÅ/86,13:43:00,92,3.3,true
RØ,2555,SÅ/86,13:44:00,KL/86,13:48:00,92,5.5,true
RØ,2555,KL/86,13:49:00,HL/86,13:54:00,92,5.5,true
RØ,2555,HL/86,13:55:00,HGL/86,13:57:00,92,2.6,true
RØ,2555,HGL/86,13:57:00,KK/86,14:00:00,92,2.1,true
RØ,2555,KK/86,14:02:00,KN/86,14:04:00,111,1.6,true
RØ,2555,KN/86,14:05:00,KH/86,14:08:00,111,1.5,true
RØ,2555,KH/86,14:12:00,VAL/86,14:15:00,233,3.9,true
RØ,2555,VAL/86,14:16:00,HIF/86,14:19:00,233,3.4,true
RØ,2555,HIF/86,14:19:00,HTÅ/86,14:25:00,233,12.2,true
RØ,2555,HTÅ/86,14:26:00,HH/86,14:30:00,206,4.7,true
RØ,2555,HH/86,14:31:00,TRK/86,14:34:00,206,4.0,true
RØ,2555,TRK/86,14:35:00,RO/86,14:38:00,206,3.1,true
RØ,2555,RO/86,14:39:00,LJ/86,14:45:00,127,9.5,true
RØ,2555,LJ/86,14:46:00,HV/86,14:51:00,127,7.5,true
RØ,2555,HV/86,14:52:00,TØ/86,14:56:00,127,6.3,true
RØ,2555,TØ/86,14:57:00,PE/86,15:01:00,127,6.6,true
RØ,2555,PE/86,15:02:00,HK/86,15:07:00,127,5.9,true
RØ,2563,HG/86,15:13:00,SQ/86,15:16:00,61,3.5,true
RØ,2563,SQ/86,15:17:00,GÆ/86,15:19:00,61,2.7,true
RØ,2563,GÆ/86,15:20:00,HUM/86,15:23:00,61,3.7,true
RØ,2563,HUM/86,15:24:00,NI/86,15:27:00,61,3.8,true
RØ,2563,NI/86,15:28:00,OK/86,15:32:00,111,3.4,true
RØ,2563,OK/86,15:33:00,RU/86,15:35:00,111,3.0,true
RØ,2563,RU/86,15:36:00,VB/86,15:39:00,111,4.0,true
RØ,2563,VB/86,15:40:00,SÅ/86,15:43:00,111,3.3,true
RØ,2563,SÅ/86,15:44:00,KL/86,15:48:00,111,5.5,true
RØ,2563,KL/86,15:49:00,HL/86,15:54:00,111,5.5,true
RØ,2563,HL/86,15:55:00,HGL/86,15:57:00,111,2.6,true
RØ,2563,HGL/86,15:57:00,KK/86,16:00:00,111,2.1,true
RØ,2563,KK/86,16:02:00,KN/86,16:04:00,211,1.6,true
RØ,2563,KN/86,16:05:00,KH/86,16:08:00,211,1.5,true
RØ,2563,KH/86,16:12:00,VAL/86,16:15:00,431,3.9,true
RØ,2563,VAL/86,16:16:00,HIF/86,16:19:00,431,3.4,true
RØ,2563,HIF/86,16:19:00,HTÅ/86,16:25:00,431,12.2,true
RØ,2563,HTÅ/86,16:26:00,HH/86,16:30:00,399,4.7,true
RØ,2563,HH/86,16:31:00,TRK/86,16:34:00,399,4.0,true
RØ,2563,TRK/86,16:35:00,RO/86,16:38:00,399,3.1,true
RØ,2563,RO/86,16:39:00,LJ/86,16:45:00,202,9.5,true
RØ,2563,LJ/86,16:46:00,HV/86,16:51:00,202,7.5,true
RØ,2563,HV/86,16:52:00,TØ/86,16:56:00,202,6.3,true
RØ,2563,TØ/86,16:57:00,PE/86,17:01:00,202,6.6,true
RØ,2563,PE/86,17:02:00,HK/86,17:07:00,202,5.9,true
RØ,2567,HG/86,16:13:00,SQ/86,16:16:00,100,3.5,true
RØ,2567,SQ/86,16:17:00,GÆ/86,16:19:00,100,2.7,true
RØ,2567,GÆ/86,16:20:00,HUM/86,16:23:00,100,3.7,true
RØ,2567,HUM/86,16:24:00,NI/86,16:27:00,100,3.8,true
RØ,2567,NI/86,16:28:00,OK/86,16:32:00,168,3.4,true
RØ,2567,OK/86,16:33:00,RU/86,16:35:00,168,3.0,true
RØ,2567,RU/86,16:36:00,VB/86,16:39:00,168,4.0,true
RØ,2567,VB/86,16:40:00,SÅ/86,16:43:00,168,3.3,true
RØ,2567,SÅ/86,16:44:00,KL/86,16:48:00,168,5.5,true
RØ,2567,KL/86,16:49:00,HL/86,16:54:00,168,5.5,true
RØ,2567,HL/86,16:55:00,HGL/86,16:57:00,168,2.6,true
RØ,2567,HGL/86,16:57:00,KK/86,17:00:00,168,2.1,true
RØ,2567,KK/86,17:02:00,KN/86,17:04:00,189,1.6,true
RØ,2567,KN/86,17:05:00,KH/86,17:08:00,189,1.5,true
RØ,2567,KH/86,17:12:00,VAL/86,17:15:00,354,3.9,true
RØ,2567,VAL/86,17:16:00,HIF/86,17:19:00,354,3.4,true
RØ,2567,HIF/86,17:19:00,HTÅ/86,17:25:00,354,12.2,true
RØ,2567,HTÅ/86,17:26:00,HH/86,17:30:00,320,4.7,true
RØ,2567,HH/86,17:31:00,TRK/86,17:34:00,320,4.0,true
RØ,2567,TRK/86,17:35:00,RO/86,17:38:00,320,3.1,true
RØ,2567,RO/86,17:39:00,LJ/86,17:45:00,161,9.5,true
RØ,2567,LJ/86,17:46:00,HV/86,17:51:00,161,7.5,true
RØ,2567,HV/86,17:52:00,TØ/86,17:56:00,161,6.3,true
RØ,2567,TØ/86,17:57:00,PE/86,18:01:00,161,6.6,true
RØ,2567,PE/86,18:02:00,HK/86,18:07:00,161,5.9,true
RØ,2571,HG/86,17:13:00,SQ/86,17:16:00,46,3.5,true
RØ,2571,SQ/86,17:17:00,GÆ/86,17:19:00,46,2.7,true
RØ,2571,GÆ/86,17:20:00,HUM/86,17:23:00,46,3.7,true
RØ,2571,HUM/86,17:24:00,NI/86,17:27:00,46,3.8,true
RØ,2571,NI/86,17:28:00,OK/86,17:32:00,94,3.4,true
RØ,2571,OK/86,17:33:00,RU/86,17:35:00,94,3.0,true
RØ,2571,RU/86,17:36:00,VB/86,17:39:00,94,4.0,true
RØ,2571,VB/86,17:40:00,SÅ/86,17:43:00,94,3.3,true
RØ,2571,SÅ/86,17:44:00,KL/86,17:48:00,94,5.5,true
RØ,2571,KL/86,17:49:00,HL/86,17:54:00,94,5.5,true
RØ,2571,HL/86,17:55:00,HGL/86,17:57:00,94,2.6,true
RØ,2571,HGL/86,17:57:00,KK/86,18:00:00,94,2.1,true
RØ,2571,KK/86,18:02:00,KN/86,18:04:00,95,1.6,true
RØ,2571,KN/86,18:05:00,KH/86,18:08:00,95,1.5,true
RØ,2571,KH/86,18:12:00,VAL/86,18:15:00,161,3.9,true
RØ,2571,VAL/86,18:16:00,HIF/86,18:19:00,161,3.4,true
RØ,2571,HIF/86,18:19:00,HTÅ/86,18:25:00,161,12.2,true
RØ,2571,HTÅ/86,18:26:00,HH/86,18:30:00,136,4.7,true
RØ,2571,HH/86,18:31:00,TRK/86,18:34:00,136,4.0,true
RØ,2571,TRK/86,18:35:00,RO/86,18:38:00,136,3.1,true
RØ,2571,RO/86,18:39:00,LJ/86,18:45:00,69,9.5,true
RØ,2571,LJ/86,18:46:00,HV/86,18:51:00,69,7.5,true
RØ,2571,HV/86,18:52:00,TØ/86,18:56:00,69,6.3,true
RØ,2571,TØ/86,18:57:00,PE/86,19:01:00,69,6.6,true
RØ,2571,PE/86,19:02:00,HK/86,19:07:00,69,5.9,true
RØ,2575,HG/86,18:13:00,SQ/86,18:16:00,28,3.5,true
RØ,2575,SQ/86,18:17:00,GÆ/86,18:19:00,28,2.7,true
RØ,2575,GÆ/86,18:20:00,HUM/86,18:23:00,28,3.7,true
RØ,2575,HUM/86,18:24:00,NI/86,18:27:00,28,3.8,true
RØ,2575,NI/86,18:28:00,OK/86,18:32:00,50,3.4,true
RØ,2575,OK/86,18:33:00,RU/86,18:35:00,50,3.0,true
RØ,2575,RU/86,18:36:00,VB/86,18:39:00,50,4.0,true
RØ,2575,VB/86,18:40:00,SÅ/86,18:43:00,50,3.3,true
RØ,2575,SÅ/86,18:44:00,KL/86,18:48:00,50,5.5,true
RØ,2575,KL/86,18:49:00,HL/86,18:54:00,50,5.5,true
RØ,2575,HL/86,18:55:00,HGL/86,18:57:00,50,2.6,true
RØ,2575,HGL/86,18:57:00,KK/86,19:00:00,50,2.1,true
RØ,2575,KK/86,19:02:00,KN/86,19:04:00,49,1.6,true
RØ,2575,KN/86,19:05:00,KH/86,19:08:00,49,1.5,true
RØ,2575,KH/86,19:12:00,VAL/86,19:15:00,106,3.9,true
RØ,2575,VAL/86,19:16:00,HIF/86,19:19:00,106,3.4,true
RØ,2575,HIF/86,19:19:00,HTÅ/86,19:25:00,106,12.2,true
RØ,2575,HTÅ/86,19:26:00,HH/86,19:30:00,87,4.7,true
RØ,2575,HH/86,19:31:00,TRK/86,19:34:00,87,4.0,true
RØ,2575,TRK/86,19:35:00,RO/86,19:38:00,87,3.1,true
RØ,2575,RO/86,19:39:00,LJ/86,19:45:00,42,9.5,true
RØ,2575,LJ/86,19:46:00,HV/86,19:51:00,42,7.5,true
RØ,2575,HV/86,19:52:00,TØ/86,19:56:00,42,6.3,true
RØ,2575,TØ/86,19:57:00,PE/86,20:01:00,42,6.6,true
RØ,2575,PE/86,20:02:00,HK/86,20:07:00,42,5.9,true
RØ,2502,HK/86,05:53:00,PE/86,05:57:00,108,5.9,true
RØ,2502,PE/86,05:58:00,TØ/86,06:03:00,108,6.6,true
RØ,2502,TØ/86,06:04:00,HV/86,06:08:00,108,6.3,true
RØ,2502,HV/86,06:09:00,LJ/86,06:13:00,108,7.5,true
RØ,2502,LJ/86,06:14:00,RO/86,06:20:00,108,9.5,true
RØ,2502,RO/86,06:22:00,TRK/86,06:24:00,192,3.1,true
RØ,2502,TRK/86,06:25:00,HH/86,06:28:00,192,4.0,true
RØ,2502,HH/86,06:29:00,HTÅ/86,06:33:00,192,4.7,true
RØ,2502,HTÅ/86,06:34:00,GL/86,06:39:00,206,8.3,true
RØ,2502,GL/86,06:39:00,VAL/86,06:43:00,206,7.3,true
RØ,2502,VAL/86,06:44:00,KH/86,06:49:00,206,3.9,true
RØ,2502,KH/86,06:52:00,KN/86,06:54:00,80,1.5,true
RØ,2502,KN/86,06:55:00,KK/86,06:58:00,80,1.6,true
RØ,2502,KK/86,06:59:00,HGL/86,07:01:00,53,2.1,true
RØ,2502,HGL/86,07:01:00,HL/86,07:04:00,53,2.6,true
RØ,2502,HL/86,07:05:00,KL/86,07:09:00,53,5.5,true
RØ,2502,KL/86,07:10:00,SÅ/86,07:14:00,53,5.5,true
RØ,2502,SÅ/86,07:15:00,VB/86,07:18:00,53,3.3,true
RØ,2502,VB/86,07:19:00,RU/86,07:22:00,53,4.0,true
RØ,2502,RU/86,07:23:00,OK/86,07:26:00,53,3.0,true
RØ,2502,OK/86,07:27:00,NI/86,07:30:00,53,3.4,true
RØ,2502,NI/86,07:31:00,HUM/86,07:34:00,33,3.8,true
RØ,2502,HUM/86,07:35:00,GÆ/86,07:38:00,33,3.7,true
RØ,2502,GÆ/86,07:39:00,SQ/86,07:42:00,33,2.7,true
RØ,2502,SQ/86,07:43:00,HG/86,07:47:00,33,3.5,true
RØ,2506,HK/86,06:53:00,PE/86,06:57:00,356,5.9,true
RØ,2506,PE/86,06:58:00,TØ/86,07:03:00,356,6.6,true
RØ,2506,TØ/86,07:04:00,HV/86,07:08:00,356,6.3,true
RØ,2506,HV/86,07:09:00,LJ/86,07:13:00,356,7.5,true
RØ,2506,LJ/86,07:14:00,RO/86,07:20:00,356,9.5,true
RØ,2506,RO/86,07:22:00,TRK/86,07:24:00,523,3.1,true
RØ,2506,TRK/86,07:25:00,HH/86,07:28:00,523,4.0,true
RØ,2506,HH/86,07:29:00,HTÅ/86,07:33:00,523,4.7,true
RØ,2506,HTÅ/86,07:34:00,GL/86,07:39:00,510,8.3,true
RØ,2506,GL/86,07:39:00,VAL/86,07:43:00,510,7.3,true
RØ,2506,VAL/86,07:44:00,KH/86,07:49:00,510,3.9,true
RØ,2506,KH/86,07:52:00,KN/86,07:54:00,190,1.5,true
RØ,2506,KN/86,07:55:00,KK/86,07:58:00,190,1.6,true
RØ,2506,KK/86,07:59:00,HGL/86,08:01:00,105,2.1,true
RØ,2506,HGL/86,08:01:00,HL/86,08:04:00,105,2.6,true
RØ,2506,HL/86,08:05:00,KL/86,08:09:00,105,5.5,true
RØ,2506,KL/86,08:10:00,SÅ/86,08:14:00,105,5.5,true
RØ,2506,SÅ/86,08:15:00,VB/86,08:18:00,105,3.3,true
RØ,2506,VB/86,08:19:00,RU/86,08:22:00,105,4.0,true
RØ,2506,RU/86,08:23:00,OK/86,08:26:00,105,3.0,true
RØ,2506,OK/86,08:27:00,NI/86,08:30:00,105,3.4,true
RØ,2506,NI/86,08:31:00,HUM/86,08:34:00,72,3.8,true
RØ,2506,HUM/86,08:35:00,GÆ/86,08:38:00,72,3.7,true
RØ,2506,GÆ/86,08:39:00,SQ/86,08:42:00,72,2.7,true
RØ,2506,SQ/86,08:43:00,HG/86,08:47:00,72,3.5,true
RØ,2510,HK/86,07:53:00,PE/86,07:57:00,295,5.9,true
RØ,2510,PE/86,07:58:00,TØ/86,08:03:00,295,6.6,true
RØ,2510,TØ/86,08:04:00,HV/86,08:08:00,295,6.3,true
RØ,2510,HV/86,08:09:00,LJ/86,08:13:00,295,7.5,true
RØ,2510,LJ/86,08:14:00,RO/86,08:20:00,295,9.5,true
RØ,2510,RO/86,08:22:00,TRK/86,08:24:00,424,3.1,true
RØ,2510,TRK/86,08:25:00,HH/86,08:28:00,424,4.0,true
RØ,2510,HH/86,08:29:00,HTÅ/86,08:33:00,424,4.7,true
RØ,2510,HTÅ/86,08:34:00,GL/86,08:39:00,424,8.3,true
RØ,2510,GL/86,08:39:00,VAL/86,08:43:00,424,7.3,true
RØ,2510,VAL/86,08:44:00,KH/86,08:49:00,424,3.9,true
RØ,2510,KH/86,08:52:00,KN/86,08:54:00,173,1.5,true
RØ,2510,KN/86,08:55:00,KK/86,08:58:00,173,1.6,true
RØ,2510,KK/86,08:59:00,HGL/86,09:01:00,90,2.1,true
RØ,2510,HGL/86,09:01:00,HL/86,09:04:00,90,2.6,true
RØ,2510,HL/86,09:05:00,KL/86,09:09:00,90,5.5,true
RØ,2510,KL/86,09:10:00,SÅ/86,09:14:00,90,5.5,true
RØ,2510,SÅ/86,09:15:00,VB/86,09:18:00,90,3.3,true
RØ,2510,VB/86,09:19:00,RU/86,09:22:00,90,4.0,true
RØ,2510,RU/86,09:23:00,OK/86,09:26:00,90,3.0,true
RØ,2510,OK/86,09:27:00,NI/86,09:30:00,90,3.4,true
RØ,2510,NI/86,09:31:00,HUM/86,09:34:00,57,3.8,true
RØ,2510,HUM/86,09:35:00,GÆ/86,09:38:00,57,3.7,true
RØ,2510,GÆ/86,09:39:00,SQ/86,09:42:00,57,2.7,true
RØ,2510,SQ/86,09:43:00,HG/86,09:47:00,57,3.5,true
RØ,2514,HK/86,08:53:00,PE/86,08:57:00,157,5.9,true
RØ,2514,PE/86,08:58:00,TØ/86,09:03:00,157,6.6,true
RØ,2514,TØ/86,09:04:00,HV/86,09:08:00,157,6.3,true
RØ,2514,HV/86,09:09:00,LJ/86,09:13:00,157,7.5,true
RØ,2514,LJ/86,09:14:00,RO/86,09:20:00,157,9.5,true
RØ,2514,RO/86,09:22:00,TRK/86,09:24:00,266,3.1,true
RØ,2514,TRK/86,09:25:00,HH/86,09:28:00,266,4.0,true
RØ,2514,HH/86,09:29:00,HTÅ/86,09:33:00,266,4.7,true
RØ,2514,HTÅ/86,09:34:00,GL/86,09:39:00,279,8.3,true
RØ,2514,GL/86,09:39:00,VAL/86,09:43:00,279,7.3,true
RØ,2514,VAL/86,09:44:00,KH/86,09:49:00,279,3.9,true
RØ,2514,KH/86,09:52:00,KN/86,09:54:00,94,1.5,true
RØ,2514,KN/86,09:55:00,KK/86,09:58:00,94,1.6,true
RØ,2514,KK/86,09:59:00,HGL/86,10:01:00,99,2.1,true
RØ,2514,HGL/86,10:01:00,HL/86,10:04:00,99,2.6,true
RØ,2514,HL/86,10:05:00,KL/86,10:09:00,99,5.5,true
RØ,2514,KL/86,10:10:00,SÅ/86,10:14:00,99,5.5,true
RØ,2514,SÅ/86,10:15:00,VB/86,10:18:00,99,3.3,true
RØ,2514,VB/86,10:19:00,RU/86,10:22:00,99,4.0,true
RØ,2514,RU/86,10:23:00,OK/86,10:26:00,99,3.0,true
RØ,2514,OK/86,10:27:00,NI/86,10:30:00,99,3.4,true
RØ,2514,NI/86,10:31:00,HUM/86,10:34:00,67,3.8,true
RØ,2514,HUM/86,10:35:00,GÆ/86,10:38:00,67,3.7,true
RØ,2514,GÆ/86,10:39:00,SQ/86,10:42:00,67,2.7,true
RØ,2514,SQ/86,10:43:00,HG/86,10:47:00,67,3.5,true
RØ,2562,HK/86,20:53:00,PE/86,20:57:00,46,5.9,true
RØ,2562,PE/86,20:58:00,TØ/86,21:03:00,46,6.6,true
RØ,2562,TØ/86,21:04:00,HV/86,21:08:00,46,6.3,true
RØ,2562,HV/86,21:09:00,LJ/86,21:13:00,46,7.5,true
RØ,2562,LJ/86,21:14:00,RO/86,21:20:00,46,9.5,true
RØ,2562,RO/86,21:22:00,TRK/86,21:24:00,52,3.1,true
RØ,2562,TRK/86,21:25:00,HH/86,21:28:00,52,4.0,true
RØ,2562,HH/86,21:29:00,HTÅ/86,21:33:00,52,4.7,true
RØ,2562,HTÅ/86,21:34:00,GL/86,21:39:00,52,8.3,true
RØ,2562,GL/86,21:39:00,VAL/86,21:43:00,52,7.3,true
RØ,2562,VAL/86,21:44:00,KH/86,21:49:00,52,3.9,true
RØ,2562,KH/86,21:52:00,KN/86,21:54:00,13,1.5,true
RØ,2562,KN/86,21:55:00,KK/86,21:58:00,13,1.6,true
RØ,2562,KK/86,22:01:00,HGL/86,22:04:00,0,2.1,true
RØ,2566,HK/86,21:53:00,PE/86,21:57:00,17,5.9,true
RØ,2566,PE/86,21:58:00,TØ/86,22:03:00,17,6.6,true
RØ,2566,TØ/86,22:04:00,HV/86,22:08:00,17,6.3,true
RØ,2566,HV/86,22:09:00,LJ/86,22:13:00,17,7.5,true
RØ,2566,LJ/86,22:14:00,RO/86,22:20:00,17,9.5,true
RØ,2566,RO/86,22:22:00,TRK/86,22:24:00,40,3.1,true
RØ,2566,TRK/86,22:25:00,HH/86,22:28:00,40,4.0,true
RØ,2566,HH/86,22:29:00,HTÅ/86,22:33:00,40,4.7,true
RØ,2566,HTÅ/86,22:34:00,GL/86,22:39:00,38,8.3,true
RØ,2566,GL/86,22:39:00,VAL/86,22:43:00,38,7.3,true
RØ,2566,VAL/86,22:44:00,KH/86,22:49:00,38,3.9,true
RØ,2566,KH/86,22:52:00,KN/86,22:54:00,10,1.5,true
RØ,2566,KN/86,22:55:00,KK/86,22:58:00,10,1.6,true
RØ,2566,KK/86,23:01:00,HGL/86,23:04:00,0,2.1,true
RØ,4246,NÆ/86,16:28:00,GZ/86,16:36:00,40,14.8,true
RØ,4246,GZ/86,16:37:00,RG/86,16:43:00,40,12.0,true
RØ,4246,RG/86,16:44:00,KY/86,16:48:00,60,7.3,true
RØ,4246,KY/86,16:48:00,BO/86,16:52:00,60,6.9,true
RØ,4246,BO/86,16:53:00,VY/86,16:58:00,60,7.2,true
RØ,4246,VY/86,16:59:00,RO/86,17:05:00,60,11.2,true
RØ,4246,RO/86,17:07:00,TRK/86,17:09:00,151,3.1,true
RØ,4246,TRK/86,17:10:00,HH/86,17:13:00,151,4.0,true
RØ,4246,HH/86,17:14:00,HTÅ/86,17:18:00,151,4.7,true
RØ,4246,HTÅ/86,17:19:00,GL/86,17:23:00,187,8.3,true
RØ,4246,GL/86,17:23:00,VAL/86,17:27:00,187,7.3,true
RØ,4246,VAL/86,17:28:00,KH/86,17:34:00,187,3.9,true
RØ,4246,KH/86,17:37:00,KN/86,17:39:00,118,1.5,true
RØ,4246,KN/86,17:40:00,KK/86,17:43:00,118,1.6,true
RØ,4246,KK/86,17:44:00,HGL/86,17:46:00,208,2.1,true
RØ,4246,HGL/86,17:46:00,HL/86,17:49:00,208,2.6,true
RØ,4246,HL/86,17:50:00,KL/86,17:54:00,208,5.5,true
RØ,4246,KL/86,17:55:00,SÅ/86,17:59:00,208,5.5,true
RØ,4246,SÅ/86,18:00:00,VB/86,18:03:00,208,3.3,true
RØ,4246,VB/86,18:04:00,RU/86,18:07:00,208,4.0,true
RØ,4246,RU/86,18:08:00,OK/86,18:11:00,208,3.0,true
RØ,4246,OK/86,18:12:00,NI/86,18:15:00,208,3.4,true
RØ,4246,NI/86,18:16:00,HUM/86,18:19:00,75,3.8,true
RØ,4246,HUM/86,18:20:00,GÆ/86,18:23:00,75,3.7,true
RØ,4246,GÆ/86,18:24:00,SQ/86,18:27:00,75,2.7,true
RØ,4246,SQ/86,18:28:00,HG/86,18:32:00,75,3.5,true
RØ,4291,HG/86,22:28:00,SQ/86,22:31:00,24,3.5,true
RØ,4291,SQ/86,22:32:00,GÆ/86,22:34:00,24,2.7,true
RØ,4291,GÆ/86,22:35:00,HUM/86,22:38:00,24,3.7,true
RØ,4291,HUM/86,22:39:00,NI/86,22:42:00,24,3.8,true
RØ,4291,NI/86,22:43:00,OK/86,22:47:00,36,3.4,true
RØ,4291,OK/86,22:48:00,RU/86,22:50:00,36,3.0,true
RØ,4291,RU/86,22:51:00,VB/86,22:54:00,36,4.0,true
RØ,4291,VB/86,22:55:00,SÅ/86,22:58:00,36,3.3,true
RØ,4291,SÅ/86,22:59:00,KL/86,23:03:00,36,5.5,true
RØ,4291,KL/86,23:04:00,HL/86,23:09:00,36,5.5,true
RØ,4291,HL/86,23:10:00,HGL/86,23:12:00,36,2.6,true
RØ,4291,HGL/86,23:12:00,KK/86,23:15:00,36,2.1,true
RØ,4291,KK/86,23:17:00,KN/86,23:19:00,23,1.6,true
RØ,4291,KN/86,23:20:00,KH/86,23:23:00,23,1.5,true
RØ,4270,KH/86,23:37:00,KN/86,23:39:00,78,1.5,true
RØ,4270,KN/86,23:40:00,KK/86,23:43:00,78,1.6,true
RØ,4270,KK/86,23:44:00,HGL/86,23:46:00,137,2.1,true
RØ,4270,HGL/86,23:46:00,HL/86,23:49:00,137,2.6,true
RØ,4270,HL/86,23:50:00,KL/86,23:54:00,137,5.5,true
RØ,4270,KL/86,23:55:00,SÅ/86,23:59:00,137,5.5,true
RØ,4270,SÅ/86,00:00:00,VB/86,00:03:00,137,3.3,true
RØ,4270,VB/86,00:04:00,RU/86,00:07:00,137,4.0,true
RØ,4270,RU/86,00:08:00,OK/86,00:11:00,137,3.0,true
RØ,4270,OK/86,00:12:00,NI/86,00:15:00,137,3.4,true
RØ,4270,NI/86,00:16:00,HUM/86,00:19:00,63,3.8,true
RØ,4270,HUM/86,00:20:00,GÆ/86,00:23:00,63,3.7,true
RØ,4270,GÆ/86,00:24:00,SQ/86,00:27:00,63,2.7,true
RØ,4270,SQ/86,00:28:00,HG/86,00:32:00,63,3.5,true
RØ,4274,KH/86,00:37:00,KN/86,00:39:00,25,1.5,true
RØ,4274,KN/86,00:40:00,KK/86,00:43:00,25,1.6,true
RØ,4274,KK/86,00:44:00,HGL/86,00:46:00,32,2.1,true
RØ,4274,HGL/86,00:46:00,HL/86,00:49:00,32,2.6,true
RØ,4274,HL/86,00:50:00,KL/86,00:54:00,32,5.5,true
RØ,4274,KL/86,00:55:00,SÅ/86,00:59:00,32,5.5,true
RØ,4274,SÅ/86,01:00:00,VB/86,01:03:00,32,3.3,true
RØ,4274,VB/86,01:04:00,RU/86,01:07:00,32,4.0,true
RØ,4274,RU/86,01:08:00,OK/86,01:11:00,32,3.0,true
RØ,4274,OK/86,01:12:00,NI/86,01:15:00,32,3.4,true
RØ,4274,NI/86,01:16:00,HUM/86,01:19:00,12,3.8,true
RØ,4274,HUM/86,01:20:00,GÆ/86,01:23:00,12,3.7,true
RØ,4274,GÆ/86,01:24:00,SQ/86,01:27:00,12,2.7,true
RØ,4274,SQ/86,01:28:00,HG/86,01:32:00,12,3.5,true
RØ,2500,KH/86,05:52:00,KN/86,05:54:00,6,1.5,true
RØ,2500,KN/86,05:55:00,KK/86,05:58:00,6,1.6,true
RØ,2500,KK/86,05:59:00,HGL/86,06:01:00,13,2.1,true
RØ,2500,HGL/86,06:01:00,HL/86,06:04:00,13,2.6,true
RØ,2500,HL/86,06:05:00,KL/86,06:09:00,13,5.5,true
RØ,2500,KL/86,06:10:00,SÅ/86,06:14:00,13,5.5,true
RØ,2500,SÅ/86,06:15:00,VB/86,06:18:00,13,3.3,true
RØ,2500,VB/86,06:19:00,RU/86,06:22:00,13,4.0,true
RØ,2500,RU/86,06:23:00,OK/86,06:26:00,13,3.0,true
RØ,2500,OK/86,06:27:00,NI/86,06:30:00,13,3.4,true
RØ,2500,NI/86,06:31:00,HUM/86,06:34:00,10,3.8,true
RØ,2500,HUM/86,06:35:00,GÆ/86,06:38:00,10,3.7,true
RØ,2500,GÆ/86,06:39:00,SQ/86,06:42:00,10,2.7,true
RØ,2500,SQ/86,06:43:00,HG/86,06:47:00,10,3.5,true
RØ,2546,HK/86,16:53:00,PE/86,16:57:00,56,5.9,true
RØ,2546,PE/86,16:58:00,TØ/86,17:03:00,56,6.6,true
RØ,2546,TØ/86,17:04:00,HV/86,17:08:00,56,6.3,true
RØ,2546,HV/86,17:09:00,LJ/86,17:13:00,56,7.5,true
RØ,2546,LJ/86,17:14:00,RO/86,17:20:00,56,9.5,true
RØ,2546,RO/86,17:22:00,TRK/86,17:24:00,147,3.1,true
RØ,2546,TRK/86,17:25:00,HH/86,17:28:00,147,4.0,true
RØ,2546,HH/86,17:29:00,HTÅ/86,17:33:00,147,4.7,true
RØ,2546,HTÅ/86,17:34:00,GL/86,17:39:00,170,8.3,true
RØ,2546,GL/86,17:39:00,VAL/86,17:43:00,170,7.3,true
RØ,2546,VAL/86,17:44:00,KH/86,17:49:00,170,3.9,true
RØ,2546,KH/86,17:52:00,KN/86,17:54:00,105,1.5,true
RØ,2546,KN/86,17:55:00,KK/86,17:58:00,105,1.6,true
RØ,2546,KK/86,17:59:00,HGL/86,18:01:00,132,2.1,true
RØ,2546,HGL/86,18:01:00,HL/86,18:04:00,132,2.6,true
RØ,2546,HL/86,18:05:00,KL/86,18:09:00,132,5.5,true
RØ,2546,KL/86,18:10:00,SÅ/86,18:14:00,132,5.5,true
RØ,2546,SÅ/86,18:15:00,VB/86,18:18:00,132,3.3,true
RØ,2546,VB/86,18:19:00,RU/86,18:22:00,132,4.0,true
RØ,2546,RU/86,18:23:00,OK/86,18:26:00,132,3.0,true
RØ,2546,OK/86,18:27:00,NI/86,18:30:00,132,3.4,true
RØ,2546,NI/86,18:31:00,HUM/86,18:34:00,52,3.8,true
RØ,2546,HUM/86,18:35:00,GÆ/86,18:38:00,52,3.7,true
RØ,2546,GÆ/86,18:39:00,SQ/86,18:42:00,52,2.7,true
RØ,2546,SQ/86,18:43:00,HG/86,18:47:00,52,3.5,true
RØ,2550,HK/86,17:53:00,PE/86,17:57:00,45,5.9,true
RØ,2550,PE/86,17:58:00,TØ/86,18:03:00,45,6.6,true
RØ,2550,TØ/86,18:04:00,HV/86,18:08:00,45,6.3,true
RØ,2550,HV/86,18:09:00,LJ/86,18:13:00,45,7.5,true
RØ,2550,LJ/86,18:14:00,RO/86,18:20:00,45,9.5,true
RØ,2550,RO/86,18:22:00,TRK/86,18:24:00,97,3.1,true
RØ,2550,TRK/86,18:25:00,HH/86,18:28:00,97,4.0,true
RØ,2550,HH/86,18:29:00,HTÅ/86,18:33:00,97,4.7,true
RØ,2550,HTÅ/86,18:34:00,GL/86,18:39:00,107,8.3,true
RØ,2550,GL/86,18:39:00,VAL/86,18:43:00,107,7.3,true
RØ,2550,VAL/86,18:44:00,KH/86,18:49:00,107,3.9,true
RØ,2550,KH/86,18:52:00,KN/86,18:54:00,64,1.5,true
RØ,2550,KN/86,18:55:00,KK/86,18:58:00,64,1.6,true
RØ,2550,KK/86,18:59:00,HGL/86,19:01:00,95,2.1,true
RØ,2550,HGL/86,19:01:00,HL/86,19:04:00,95,2.6,true
RØ,2550,HL/86,19:05:00,KL/86,19:09:00,95,5.5,true
RØ,2550,KL/86,19:10:00,SÅ/86,19:14:00,95,5.5,true
RØ,2550,SÅ/86,19:15:00,VB/86,19:18:00,95,3.3,true
RØ,2550,VB/86,19:19:00,RU/86,19:22:00,95,4.0,true
RØ,2550,RU/86,19:23:00,OK/86,19:26:00,95,3.0,true
RØ,2550,OK/86,19:27:00,NI/86,19:30:00,95,3.4,true
RØ,2550,NI/86,19:31:00,HUM/86,19:34:00,47,3.8,true
RØ,2550,HUM/86,19:35:00,GÆ/86,19:38:00,47,3.7,true
RØ,2550,GÆ/86,19:39:00,SQ/86,19:42:00,47,2.7,true
RØ,2550,SQ/86,19:43:00,HG/86,19:47:00,47,3.5,true
RØ,2554,HK/86,18:53:00,PE/86,18:57:00,30,5.9,true
RØ,2554,PE/86,18:58:00,TØ/86,19:03:00,30,6.6,true
RØ,2554,TØ/86,19:04:00,HV/86,19:08:00,30,6.3,true
RØ,2554,HV/86,19:09:00,LJ/86,19:13:00,30,7.5,true
RØ,2554,LJ/86,19:14:00,RO/86,19:20:00,30,9.5,true
RØ,2554,RO/86,19:22:00,TRK/86,19:24:00,68,3.1,true
RØ,2554,TRK/86,19:25:00,HH/86,19:28:00,68,4.0,true
RØ,2554,HH/86,19:29:00,HTÅ/86,19:33:00,68,4.7,true
RØ,2554,HTÅ/86,19:34:00,GL/86,19:39:00,66,8.3,true
RØ,2554,GL/86,19:39:00,VAL/86,19:43:00,66,7.3,true
RØ,2554,VAL/86,19:44:00,KH/86,19:49:00,66,3.9,true
RØ,2554,KH/86,19:52:00,KN/86,19:54:00,55,1.5,true
RØ,2554,KN/86,19:55:00,KK/86,19:58:00,55,1.6,true
RØ,2554,KK/86,19:59:00,HGL/86,20:01:00,80,2.1,true
RØ,2554,HGL/86,20:01:00,HL/86,20:04:00,80,2.6,true
RØ,2554,HL/86,20:05:00,KL/86,20:09:00,80,5.5,true
RØ,2554,KL/86,20:10:00,SÅ/86,20:14:00,80,5.5,true
RØ,2554,SÅ/86,20:15:00,VB/86,20:18:00,80,3.3,true
RØ,2554,VB/86,20:19:00,RU/86,20:22:00,80,4.0,true
RØ,2554,RU/86,20:23:00,OK/86,20:26:00,80,3.0,true
RØ,2554,OK/86,20:27:00,NI/86,20:30:00,80,3.4,true
RØ,2554,NI/86,20:31:00,HUM/86,20:34:00,47,3.8,true
RØ,2554,HUM/86,20:35:00,GÆ/86,20:38:00,47,3.7,true
RØ,2554,GÆ/86,20:39:00,SQ/86,20:42:00,47,2.7,true
RØ,2554,SQ/86,20:43:00,HG/86,20:47:00,47,3.5,true
RØ,4516,HK/86,09:23:00,PE/86,09:27:00,90,5.9,true
RØ,4516,PE/86,09:28:00,TØ/86,09:33:00,90,6.6,true
RØ,4516,TØ/86,09:34:00,HV/86,09:38:00,90,6.3,true
RØ,4516,HV/86,09:39:00,LJ/86,09:43:00,90,7.5,true
RØ,4516,LJ/86,09:44:00,RO/86,09:50:00,90,9.5,true
RØ,4516,RO/86,09:52:00,TRK/86,09:54:00,134,3.1,true
RØ,4516,TRK/86,09:55:00,HH/86,09:58:00,134,4.0,true
RØ,4516,HH/86,09:59:00,HTÅ/86,10:03:00,134,4.7,true
RØ,4516,HTÅ/86,10:04:00,GL/86,10:09:00,144,8.3,true
RØ,4516,GL/86,10:09:00,VAL/86,10:13:00,144,7.3,true
RØ,4516,VAL/86,10:14:00,KH/86,10:19:00,144,3.9,true
RØ,4516,KH/86,10:22:00,KN/86,10:24:00,81,1.5,true
RØ,4516,KN/86,10:25:00,KK/86,10:28:00,81,1.6,true
RØ,4516,KK/86,10:29:00,HGL/86,10:31:00,101,2.1,true
RØ,4516,HGL/86,10:31:00,HL/86,10:34:00,101,2.6,true
RØ,4516,HL/86,10:35:00,KL/86,10:39:00,101,5.5,true
RØ,4516,KL/86,10:40:00,SÅ/86,10:44:00,101,5.5,true
RØ,4516,SÅ/86,10:45:00,VB/86,10:48:00,101,3.3,true
RØ,4516,VB/86,10:49:00,RU/86,10:52:00,101,4.0,true
RØ,4516,RU/86,10:53:00,OK/86,10:56:00,101,3.0,true
RØ,4516,OK/86,10:57:00,NI/86,11:00:00,101,3.4,true
RØ,4516,NI/86,11:01:00,HUM/86,11:04:00,65,3.8,true
RØ,4516,HUM/86,11:05:00,GÆ/86,11:08:00,65,3.7,true
RØ,4516,GÆ/86,11:09:00,SQ/86,11:12:00,65,2.7,true
RØ,4516,SQ/86,11:13:00,HG/86,11:17:00,65,3.5,true
RØ,3465,HG/86,15:54:00,SQ/86,15:56:00,132,3.5,true
RØ,3465,SQ/86,15:56:00,GÆ/86,15:59:00,132,2.7,true
RØ,3465,GÆ/86,16:00:00,HUM/86,16:03:00,132,3.7,true
RØ,3465,HUM/86,16:04:00,NI/86,16:07:00,132,3.8,true
RØ,3465,NI/86,16:08:00,OK/86,16:11:00,180,3.4,true
RØ,3465,OK/86,16:12:00,RU/86,16:15:00,180,3.0,true
RØ,3465,RU/86,16:15:00,HL/86,16:29:00,180,18.3,true
RØ,3465,HL/86,16:30:00,HGL/86,16:32:00,180,2.6,true
RØ,3465,HGL/86,16:32:00,KK/86,16:35:00,180,2.1,true
RØ,3465,KK/86,16:38:00,KN/86,16:40:00,140,1.6,true
RØ,3465,KN/86,16:41:00,KH/86,16:44:00,140,1.5,true
RØ,3469,HG/86,16:54:00,SQ/86,16:56:00,59,3.5,true
RØ,3469,SQ/86,16:56:00,GÆ/86,16:59:00,59,2.7,true
RØ,3469,GÆ/86,17:00:00,HUM/86,17:03:00,59,3.7,true
RØ,3469,HUM/86,17:04:00,NI/86,17:07:00,59,3.8,true
RØ,3469,NI/86,17:08:00,OK/86,17:11:00,78,3.4,true
RØ,3469,OK/86,17:12:00,RU/86,17:15:00,78,3.0,true
RØ,3469,RU/86,17:15:00,HL/86,17:29:00,78,18.3,true
RØ,3469,HL/86,17:30:00,HGL/86,17:32:00,78,2.6,true
RØ,3469,HGL/86,17:32:00,KK/86,17:35:00,78,2.1,true
RØ,3469,KK/86,17:38:00,KN/86,17:40:00,62,1.6,true
RØ,3469,KN/86,17:41:00,KH/86,17:44:00,62,1.5,true
RØ,3442,KH/86,16:16:00,KN/86,16:18:00,111,1.5,true
RØ,3442,KN/86,16:19:00,KK/86,16:22:00,111,1.6,true
RØ,3442,KK/86,16:23:00,HGL/86,16:26:00,214,2.1,true
RØ,3442,HGL/86,16:26:00,HL/86,16:29:00,214,2.6,true
RØ,3442,HL/86,16:30:00,KL/86,16:35:00,214,5.5,true
RØ,3442,KL/86,16:35:00,OK/86,16:47:00,214,15.8,true
RØ,3442,OK/86,16:48:00,NI/86,16:51:00,214,3.4,true
RØ,3442,NI/86,16:52:00,HUM/86,16:55:00,142,3.8,true
RØ,3442,HUM/86,16:56:00,GÆ/86,16:59:00,142,3.7,true
RØ,3442,GÆ/86,17:00:00,SQ/86,17:03:00,142,2.7,true
RØ,3442,SQ/86,17:03:00,HG/86,17:06:00,142,3.5,true
RØ,4817,NÆ/86,06:13:00,MOG/86,06:16:00,29,8.5,true
RØ,4817,MOG/86,06:16:00,LU/86,06:21:00,29,7.5,true
RØ,4817,LU/86,06:22:00,VO/86,06:28:00,29,11.4,true
RØ,4817,VO/86,06:30:00,MN/86,06:33:00,41,3.8,false
RØ,4817,MN/86,06:33:00,NV/86,06:40:00,41,10.4,false
RØ,4817,NV/86,06:41:00,EK/86,06:45:00,41,4.5,false
RØ,4817,EK/86,06:46:00,TN/86,06:49:00,41,4.1,false
RØ,4817,TN/86,06:49:00,NF/86,06:52:00,41,6.0,false
RØ,1236,NF/86,13:38:00,TN/86,13:41:00,62,6.0,false
RØ,1236,TN/86,13:41:00,VO/86,13:53:00,62,22.8,false
RØ,1236,VO/86,13:55:00,LU/86,14:00:00,87,11.4,true
RØ,1236,LU/86,14:00:00,NÆ/86,14:07:00,87,16.0,true
RØ,1236,NÆ/86,14:10:00,GZ/86,14:16:00,120,14.8,true
RØ,1236,GZ/86,14:16:00,RG/86,14:22:00,120,12.0,true
RØ,1236,RG/86,14:23:00,ADA/86,14:27:00,119,5.0,true
RØ,1236,ADA/86,14:27:00,NEL/86,14:47:00,119,52.1,true
RØ,1236,NEL/86,14:49:00,GB/86,14:50:00,119,1.4,true
RØ,1236,GB/86,14:50:00,KH/86,14:55:00,119,3.2,true
RØ,2204,NÆ/86,05:58:00,GZ/86,06:06:00,60,14.8,true
RØ,2204,GZ/86,06:07:00,RG/86,06:13:00,60,12.0,true
RØ,2204,RG/86,06:14:00,KY/86,06:18:00,145,7.3,true
RØ,2204,KY/86,06:18:00,BO/86,06:22:00,145,6.9,true
RØ,2204,BO/86,06:23:00,VY/86,06:28:00,145,7.2,true
RØ,2204,VY/86,06:29:00,RO/86,06:35:00,145,11.2,true
RØ,2204,RO/86,06:37:00,TRK/86,06:39:00,212,3.1,true
RØ,2204,TRK/86,06:40:00,HH/86,06:43:00,212,4.0,true
RØ,2204,HH/86,06:44:00,HTÅ/86,06:48:00,212,4.7,true
RØ,2204,HTÅ/86,06:49:00,GL/86,06:53:00,229,8.3,true
RØ,2204,GL/86,06:53:00,VAL/86,06:57:00,229,7.3,true
RØ,2204,VAL/86,06:58:00,KH/86,07:04:00,229,3.9,true
RØ,2204,KH/86,07:07:00,KN/86,07:09:00,90,1.5,true
RØ,2204,KN/86,07:10:00,KK/86,07:13:00,90,1.6,true
RØ,2204,KK/86,07:14:00,HGL/86,07:16:00,75,2.1,true
RØ,2204,HGL/86,07:16:00,HL/86,07:19:00,75,2.6,true
RØ,2204,HL/86,07:20:00,KL/86,07:24:00,75,5.5,true
RØ,2204,KL/86,07:25:00,SÅ/86,07:29:00,75,5.5,true
RØ,2204,SÅ/86,07:30:00,VB/86,07:33:00,75,3.3,true
RØ,2204,VB/86,07:34:00,RU/86,07:37:00,75,4.0,true
RØ,2204,RU/86,07:38:00,OK/86,07:41:00,75,3.0,true
RØ,2204,OK/86,07:42:00,NI/86,07:45:00,75,3.4,true
RØ,2204,NI/86,07:46:00,HUM/86,07:49:00,37,3.8,true
RØ,2204,HUM/86,07:50:00,GÆ/86,07:53:00,37,3.7,true
RØ,2204,GÆ/86,07:54:00,SQ/86,07:57:00,37,2.7,true
RØ,2204,SQ/86,07:58:00,HG/86,08:02:00,37,3.5,true
RØ,1557,KK/86,14:53:00,KN/86,14:55:00,85,1.6,true
RØ,1557,KN/86,14:56:00,KH/86,14:59:00,85,1.5,true
RØ,1557,KH/86,15:02:00,VAL/86,15:05:00,192,3.9,true
RØ,1557,VAL/86,15:05:00,HTÅ/86,15:13:00,192,15.6,true
RØ,1557,HTÅ/86,15:15:00,HH/86,15:18:00,198,4.7,true
RØ,1557,HH/86,15:18:00,RO/86,15:22:00,198,7.1,true
RØ,1557,RO/86,15:24:00,LJ/86,15:29:00,149,9.5,true
RØ,1557,LJ/86,15:29:00,HK/86,15:41:00,149,26.3,true
RØ,1557,HK/86,15:43:00,RT/86,15:49:00,94,8.1,false
RØ,1557,RT/86,15:50:00,KS/86,15:53:00,94,4.2,false
RØ,1557,KS/86,15:54:00,MØ/86,15:57:00,94,3.5,false
RØ,1557,MØ/86,16:01:00,JY/86,16:06:00,94,6.6,false
RØ,1557,JY/86,16:07:00,SE/86,16:12:00,94,7.7,false
RØ,1557,SE/86,16:13:00,VÆ/86,16:17:00,94,5.6,false
RØ,1557,VÆ/86,16:17:00,KBØ/86,16:20:00,94,5.8,false
RØ,1557,KBØ/86,16:21:00,KB/86,16:25:00,94,2.0,false
RØ,1561,KK/86,15:53:00,KN/86,15:55:00,127,1.6,true
RØ,1561,KN/86,15:56:00,KH/86,15:59:00,127,1.5,true
RØ,1561,KH/86,16:02:00,VAL/86,16:05:00,270,3.9,true
RØ,1561,VAL/86,16:05:00,HTÅ/86,16:13:00,270,15.6,true
RØ,1561,HTÅ/86,16:15:00,HH/86,16:18:00,280,4.7,true
RØ,1561,HH/86,16:18:00,RO/86,16:22:00,280,7.1,true
RØ,1561,RO/86,16:24:00,LJ/86,16:29:00,162,9.5,true
RØ,1561,LJ/86,16:29:00,HK/86,16:41:00,162,26.3,true
RØ,1561,HK/86,16:43:00,RT/86,16:49:00,87,8.1,false
RØ,1561,RT/86,16:50:00,KS/86,16:53:00,87,4.2,false
RØ,1561,KS/86,16:54:00,MØ/86,16:57:00,87,3.5,false
RØ,1561,MØ/86,17:01:00,JY/86,17:06:00,87,6.6,false
RØ,1561,JY/86,17:07:00,SE/86,17:12:00,87,7.7,false
RØ,1561,SE/86,17:13:00,VÆ/86,17:17:00,87,5.6,false
RØ,1561,VÆ/86,17:17:00,KBØ/86,17:20:00,87,5.8,false
RØ,1561,KBØ/86,17:21:00,KB/86,17:25:00,87,2.0,false
RØ,4219,HG/86,04:28:00,SQ/86,04:31:00,44,3.5,true
RØ,4219,SQ/86,04:32:00,GÆ/86,04:34:00,44,2.7,true
RØ,4219,GÆ/86,04:35:00,HUM/86,04:38:00,44,3.7,true
RØ,4219,HUM/86,04:39:00,NI/86,04:42:00,44,3.8,true
RØ,4219,NI/86,04:43:00,OK/86,04:47:00,60,3.4,true
RØ,4219,OK/86,04:48:00,RU/86,04:50:00,60,3.0,true
RØ,4219,RU/86,04:51:00,VB/86,04:54:00,60,4.0,true
RØ,4219,VB/86,04:55:00,SÅ/86,04:58:00,60,3.3,true
RØ,4219,SÅ/86,04:59:00,KL/86,05:03:00,60,5.5,true
RØ,4219,KL/86,05:04:00,HL/86,05:09:00,60,5.5,true
RØ,4219,HL/86,05:10:00,HGL/86,05:12:00,60,2.6,true
RØ,4219,HGL/86,05:12:00,KK/86,05:15:00,60,2.1,true
RØ,4219,KK/86,05:17:00,KN/86,05:19:00,28,1.6,true
RØ,4219,KN/86,05:20:00,KH/86,05:23:00,28,1.5,true
RØ,2264,NÆ/86,20:58:00,GZ/86,21:06:00,25,14.8,true
RØ,2264,GZ/86,21:07:00,RG/86,21:13:00,25,12.0,true
RØ,2264,RG/86,21:14:00,KY/86,21:18:00,24,7.3,true
RØ,2264,KY/86,21:18:00,BO/86,21:22:00,24,6.9,true
RØ,2264,BO/86,21:23:00,VY/86,21:28:00,24,7.2,true
RØ,2264,VY/86,21:29:00,RO/86,21:35:00,24,11.2,true
RØ,2264,RO/86,21:37:00,TRK/86,21:39:00,30,3.1,true
RØ,2264,TRK/86,21:40:00,HH/86,21:43:00,30,4.0,true
RØ,2264,HH/86,21:44:00,HTÅ/86,21:48:00,30,4.7,true
RØ,2264,HTÅ/86,21:49:00,GL/86,21:53:00,33,8.3,true
RØ,2264,GL/86,21:53:00,VAL/86,21:57:00,33,7.3,true
RØ,2264,VAL/86,21:58:00,KH/86,22:04:00,33,3.9,true
RØ,2264,KH/86,22:07:00,KN/86,22:09:00,82,1.5,true
RØ,2264,KN/86,22:10:00,KK/86,22:13:00,82,1.6,true
RØ,2264,KK/86,22:14:00,HGL/86,22:16:00,125,2.1,true
RØ,2264,HGL/86,22:16:00,HL/86,22:19:00,125,2.6,true
RØ,2264,HL/86,22:20:00,KL/86,22:24:00,125,5.5,true
RØ,2264,KL/86,22:25:00,SÅ/86,22:29:00,125,5.5,true
RØ,2264,SÅ/86,22:30:00,VB/86,22:33:00,125,3.3,true
RØ,2264,VB/86,22:34:00,RU/86,22:37:00,125,4.0,true
RØ,2264,RU/86,22:38:00,OK/86,22:41:00,125,3.0,true
RØ,2264,OK/86,22:42:00,NI/86,22:45:00,125,3.4,true
RØ,2264,NI/86,22:46:00,HUM/86,22:49:00,62,3.8,true
RØ,2264,HUM/86,22:50:00,GÆ/86,22:53:00,62,3.7,true
RØ,2264,GÆ/86,22:54:00,SQ/86,22:57:00,62,2.7,true
RØ,2264,SQ/86,22:58:00,HG/86,23:02:00,62,3.5,true
RØ,2268,NÆ/86,21:58:00,GZ/86,22:06:00,10,14.8,true
RØ,2268,GZ/86,22:07:00,RG/86,22:13:00,10,12.0,true
RØ,2268,RG/86,22:14:00,KY/86,22:18:00,30,7.3,true
RØ,2268,KY/86,22:18:00,BO/86,22:22:00,30,6.9,true
RØ,2268,BO/86,22:23:00,VY/86,22:28:00,30,7.2,true
RØ,2268,VY/86,22:29:00,RO/86,22:35:00,30,11.2,true
RØ,2268,RO/86,22:37:00,TRK/86,22:39:00,53,3.1,true
RØ,2268,TRK/86,22:40:00,HH/86,22:43:00,53,4.0,true
RØ,2268,HH/86,22:44:00,HTÅ/86,22:48:00,53,4.7,true
RØ,2268,HTÅ/86,22:49:00,GL/86,22:53:00,50,8.3,true
RØ,2268,GL/86,22:53:00,VAL/86,22:57:00,50,7.3,true
RØ,2268,VAL/86,22:58:00,KH/86,23:04:00,50,3.9,true
RØ,2268,KH/86,23:07:00,KN/86,23:09:00,63,1.5,true
RØ,2268,KN/86,23:10:00,KK/86,23:13:00,63,1.6,true
RØ,2268,KK/86,23:14:00,HGL/86,23:16:00,94,2.1,true
RØ,2268,HGL/86,23:16:00,HL/86,23:19:00,94,2.6,true
RØ,2268,HL/86,23:20:00,KL/86,23:24:00,94,5.5,true
RØ,2268,KL/86,23:25:00,SÅ/86,23:29:00,94,5.5,true
RØ,2268,SÅ/86,23:30:00,VB/86,23:33:00,94,3.3,true
RØ,2268,VB/86,23:34:00,RU/86,23:37:00,94,4.0,true
RØ,2268,RU/86,23:38:00,OK/86,23:41:00,94,3.0,true
RØ,2268,OK/86,23:42:00,NI/86,23:45:00,94,3.4,true
RØ,2268,NI/86,23:46:00,HUM/86,23:49:00,49,3.8,true
RØ,2268,HUM/86,23:50:00,GÆ/86,23:53:00,49,3.7,true
RØ,2268,GÆ/86,23:54:00,SQ/86,23:57:00,49,2.7,true
RØ,2268,SQ/86,23:58:00,HG/86,00:02:00,49,3.5,true
RØ,4275,HG/86,18:28:00,SQ/86,18:31:00,15,3.5,true
RØ,4275,SQ/86,18:32:00,GÆ/86,18:34:00,15,2.7,true
RØ,4275,GÆ/86,18:35:00,HUM/86,18:38:00,15,3.7,true
RØ,4275,HUM/86,18:39:00,NI/86,18:42:00,15,3.8,true
RØ,4275,NI/86,18:43:00,OK/86,18:47:00,32,3.4,true
RØ,4275,OK/86,18:48:00,RU/86,18:50:00,32,3.0,true
RØ,4275,RU/86,18:51:00,VB/86,18:54:00,32,4.0,true
RØ,4275,VB/86,18:55:00,SÅ/86,18:58:00,32,3.3,true
RØ,4275,SÅ/86,18:59:00,KL/86,19:03:00,32,5.5,true
RØ,4275,KL/86,19:04:00,HL/86,19:09:00,32,5.5,true
RØ,4275,HL/86,19:10:00,HGL/86,19:12:00,32,2.6,true
RØ,4275,HGL/86,19:12:00,KK/86,19:15:00,32,2.1,true
RØ,4275,KK/86,19:17:00,KN/86,19:19:00,46,1.6,true
RØ,4275,KN/86,19:20:00,KH/86,19:23:00,46,1.5,true
RØ,4275,KH/86,19:26:00,VAL/86,19:30:00,84,3.9,true
RØ,4275,VAL/86,19:31:00,HIF/86,19:33:00,84,3.4,true
RØ,4275,HIF/86,19:33:00,HTÅ/86,19:40:00,84,12.2,true
RØ,4275,HTÅ/86,19:41:00,HH/86,19:45:00,78,4.7,true
RØ,4275,HH/86,19:46:00,TRK/86,19:49:00,78,4.0,true
RØ,4275,TRK/86,19:50:00,RO/86,19:53:00,78,3.1,true
RØ,2474,NÆ/86,22:36:00,NÆN/86,22:39:00,3,3.1,true
RØ,2474,NÆN/86,22:40:00,OL/86,22:44:00,3,4.3,true
RØ,2474,OL/86,22:45:00,HZ/86,22:51:00,3,10.9,true
RØ,2474,HZ/86,22:52:00,TH/86,22:57:00,3,8.8,true
RØ,2474,TH/86,23:00:00,HF/86,23:04:00,3,6.4,true
RØ,2474,HF/86,23:05:00,KJ/86,23:09:00,3,5.5,true
RØ,2474,KJ/86,23:15:00,ØLB/86,23:17:00,13,2.7,true
RØ,2474,ØLB/86,23:18:00,KJN/86,23:21:00,13,2.2,true
RØ,2474,KJN/86,23:22:00,JSF/86,23:23:00,25,2.5,true
RØ,2474,JSF/86,23:23:00,NEL/86,23:36:20,25,28.2,true
RØ,2474,NEL/86,23:37:20,GB/86,23:39:00,25,1.4,true
RØ,2474,GB/86,23:39:00,KH/86,23:43:00,25,3.2,true
RØ,2474,KH/86,23:54:00,KN/86,23:56:00,5,1.5,true
RØ,2474,KN/86,23:57:00,KK/86,00:00:00,5,1.6,true
RØ,2219,HG/86,04:58:00,SQ/86,05:01:00,36,3.5,true
RØ,2219,SQ/86,05:02:00,GÆ/86,05:04:00,36,2.7,true
RØ,2219,GÆ/86,05:05:00,HUM/86,05:08:00,36,3.7,true
RØ,2219,HUM/86,05:09:00,NI/86,05:12:00,36,3.8,true
RØ,2219,NI/86,05:13:00,OK/86,05:17:00,57,3.4,true
RØ,2219,OK/86,05:18:00,RU/86,05:20:00,57,3.0,true
RØ,2219,RU/86,05:21:00,VB/86,05:24:00,57,4.0,true
RØ,2219,VB/86,05:25:00,SÅ/86,05:28:00,57,3.3,true
RØ,2219,SÅ/86,05:29:00,KL/86,05:33:00,57,5.5,true
RØ,2219,KL/86,05:34:00,HL/86,05:39:00,57,5.5,true
RØ,2219,HL/86,05:40:00,HGL/86,05:42:00,57,2.6,true
RØ,2219,HGL/86,05:42:00,KK/86,05:45:00,57,2.1,true
RØ,2219,KK/86,05:47:00,KN/86,05:49:00,30,1.6,true
RØ,2219,KN/86,05:50:00,KH/86,05:53:00,30,1.5,true
RØ,4287,HG/86,21:28:00,SQ/86,21:31:00,19,3.5,true
RØ,4287,SQ/86,21:32:00,GÆ/86,21:34:00,19,2.7,true
RØ,4287,GÆ/86,21:35:00,HUM/86,21:38:00,19,3.7,true
RØ,4287,HUM/86,21:39:00,NI/86,21:42:00,19,3.8,true
RØ,4287,NI/86,21:43:00,OK/86,21:47:00,26,3.4,true
RØ,4287,OK/86,21:48:00,RU/86,21:50:00,26,3.0,true
RØ,4287,RU/86,21:51:00,VB/86,21:54:00,26,4.0,true
RØ,4287,VB/86,21:55:00,SÅ/86,21:58:00,26,3.3,true
RØ,4287,SÅ/86,21:59:00,KL/86,22:03:00,26,5.5,true
RØ,4287,KL/86,22:04:00,HL/86,22:09:00,26,5.5,true
RØ,4287,HL/86,22:10:00,HGL/86,22:12:00,26,2.6,true
RØ,4287,HGL/86,22:12:00,KK/86,22:15:00,26,2.1,true
RØ,4287,KK/86,22:17:00,KN/86,22:19:00,15,1.6,true
RØ,4287,KN/86,22:20:00,KH/86,22:23:00,15,1.5,true
RØ,3559,KK/86,15:26:00,KN/86,15:28:00,143,1.6,true
RØ,3559,KN/86,15:29:00,KH/86,15:32:00,143,1.5,true
RØ,3559,KH/86,15:36:00,VAL/86,15:39:00,343,3.9,true
RØ,3559,VAL/86,15:39:00,HTÅ/86,15:47:00,343,15.6,true
RØ,3559,HTÅ/86,15:48:00,HH/86,15:51:00,330,4.7,true
RØ,3559,HH/86,15:51:00,RO/86,15:55:00,330,7.1,true
RØ,3559,RO/86,15:57:00,LJ/86,16:03:00,238,9.5,true
RØ,3559,LJ/86,16:03:00,HV/86,16:06:00,238,7.5,true
RØ,3559,HV/86,16:08:00,TØ/86,16:11:00,238,6.3,true
RØ,3559,TØ/86,16:11:00,HK/86,16:18:00,238,12.5,true
RØ,3559,HK/86,16:20:00,RT/86,16:25:00,99,8.1,false
RØ,3559,RT/86,16:25:00,MØ/86,16:30:00,99,7.7,false
RØ,3559,MØ/86,16:33:00,JY/86,16:38:00,99,6.6,false
RØ,3559,JY/86,16:39:00,SE/86,16:45:00,99,7.7,false
RØ,3559,SE/86,16:48:00,VÆ/86,16:52:00,99,5.6,false
RØ,3559,VÆ/86,16:52:00,KBØ/86,16:55:00,99,5.8,false
RØ,3559,KBØ/86,16:56:00,KB/86,17:00:00,99,2.0,false
RØ,3563,KK/86,16:26:00,KN/86,16:28:00,152,1.6,true
RØ,3563,KN/86,16:29:00,KH/86,16:32:00,152,1.5,true
RØ,3563,KH/86,16:36:00,VAL/86,16:39:00,361,3.9,true
RØ,3563,VAL/86,16:39:00,HTÅ/86,16:47:00,361,15.6,true
RØ,3563,HTÅ/86,16:48:00,HH/86,16:51:00,339,4.7,true
RØ,3563,HH/86,16:51:00,RO/86,16:55:00,339,7.1,true
RØ,3563,RO/86,16:57:00,LJ/86,17:03:00,214,9.5,true
RØ,3563,LJ/86,17:03:00,HV/86,17:06:00,214,7.5,true
RØ,3563,HV/86,17:08:00,TØ/86,17:11:00,214,6.3,true
RØ,3563,TØ/86,17:11:00,HK/86,17:18:00,214,12.5,true
RØ,3563,HK/86,17:20:00,RT/86,17:25:00,89,8.1,false
RØ,3563,RT/86,17:25:00,MØ/86,17:30:00,89,7.7,false
RØ,3563,MØ/86,17:33:00,JY/86,17:38:00,89,6.6,false
RØ,3563,JY/86,17:39:00,SE/86,17:45:00,89,7.7,false
RØ,3563,SE/86,17:48:00,VÆ/86,17:52:00,89,5.6,false
RØ,3563,VÆ/86,17:52:00,KBØ/86,17:55:00,89,5.8,false
RØ,3563,KBØ/86,17:56:00,KB/86,18:00:00,89,2.0,false
RØ,2244,NÆ/86,15:58:00,GZ/86,16:06:00,72,14.8,true
RØ,2244,GZ/86,16:07:00,RG/86,16:13:00,72,12.0,true
RØ,2244,RG/86,16:14:00,KY/86,16:18:00,108,7.3,true
RØ,2244,KY/86,16:18:00,BO/86,16:22:00,108,6.9,true
RØ,2244,BO/86,16:23:00,VY/86,16:28:00,108,7.2,true
RØ,2244,VY/86,16:29:00,RO/86,16:35:00,108,11.2,true
RØ,2244,RO/86,16:37:00,TRK/86,16:39:00,191,3.1,true
RØ,2244,TRK/86,16:40:00,HH/86,16:43:00,191,4.0,true
RØ,2244,HH/86,16:44:00,HTÅ/86,16:48:00,191,4.7,true
RØ,2244,HTÅ/86,16:49:00,GL/86,16:53:00,250,8.3,true
RØ,2244,GL/86,16:53:00,VAL/86,16:57:00,250,7.3,true
RØ,2244,VAL/86,16:58:00,KH/86,17:04:00,250,3.9,true
RØ,2244,KH/86,17:07:00,KN/86,17:09:00,206,1.5,true
RØ,2244,KN/86,17:10:00,KK/86,17:13:00,206,1.6,true
RØ,2244,KK/86,17:14:00,HGL/86,17:16:00,319,2.1,true
RØ,2244,HGL/86,17:16:00,HL/86,17:19:00,319,2.6,true
RØ,2244,HL/86,17:20:00,KL/86,17:24:00,319,5.5,true
RØ,2244,KL/86,17:25:00,SÅ/86,17:29:00,319,5.5,true
RØ,2244,SÅ/86,17:30:00,VB/86,17:33:00,319,3.3,true
RØ,2244,VB/86,17:34:00,RU/86,17:37:00,319,4.0,true
RØ,2244,RU/86,17:38:00,OK/86,17:41:00,319,3.0,true
RØ,2244,OK/86,17:42:00,NI/86,17:45:00,319,3.4,true
RØ,2244,NI/86,17:46:00,HUM/86,17:49:00,119,3.8,true
RØ,2244,HUM/86,17:50:00,GÆ/86,17:53:00,119,3.7,true
RØ,2244,GÆ/86,17:54:00,SQ/86,17:57:00,119,2.7,true
RØ,2244,SQ/86,17:58:00,HG/86,18:02:00,119,3.5,true
RØ,4861,NÆ/86,17:13:00,MOG/86,17:16:00,25,8.5,true
RØ,4861,MOG/86,17:16:00,LU/86,17:21:00,25,7.5,true
RØ,4861,LU/86,17:22:00,VO/86,17:28:00,25,11.4,true
RØ,4861,VO/86,17:30:00,MN/86,17:33:00,17,3.8,false
RØ,4861,MN/86,17:33:00,NV/86,17:40:00,17,10.4,false
RØ,4861,NV/86,17:41:00,EK/86,17:45:00,17,4.5,false
RØ,4861,EK/86,17:46:00,TN/86,17:49:00,17,4.1,false
RØ,4861,TN/86,17:49:00,NF/86,17:52:00,17,6.0,false
RØ,3463,HG/86,15:24:00,SQ/86,15:26:00,99,3.5,true
RØ,3463,SQ/86,15:26:00,GÆ/86,15:29:00,99,2.7,true
RØ,3463,GÆ/86,15:30:00,HUM/86,15:33:00,99,3.7,true
RØ,3463,HUM/86,15:34:00,NI/86,15:37:00,99,3.8,true
RØ,3463,NI/86,15:38:00,OK/86,15:41:00,146,3.4,true
RØ,3463,OK/86,15:42:00,RU/86,15:45:00,146,3.0,true
RØ,3463,RU/86,15:45:00,HL/86,15:59:00,146,18.3,true
RØ,3463,HL/86,16:00:00,HGL/86,16:02:00,146,2.6,true
RØ,3463,HGL/86,16:02:00,KK/86,16:05:00,146,2.1,true
RØ,3463,KK/86,16:08:00,KN/86,16:10:00,191,1.6,true
RØ,3463,KN/86,16:11:00,KH/86,16:14:00,191,1.5,true
RØ,4242,NÆ/86,15:28:00,GZ/86,15:36:00,68,14.8,true
RØ,4242,GZ/86,15:37:00,RG/86,15:43:00,68,12.0,true
RØ,4242,RG/86,15:44:00,KY/86,15:48:00,107,7.3,true
RØ,4242,KY/86,15:48:00,BO/86,15:52:00,107,6.9,true
RØ,4242,BO/86,15:53:00,VY/86,15:58:00,107,7.2,true
RØ,4242,VY/86,15:59:00,RO/86,16:05:00,107,11.2,true
RØ,4242,RO/86,16:07:00,TRK/86,16:09:00,301,3.1,true
RØ,4242,TRK/86,16:10:00,HH/86,16:13:00,301,4.0,true
RØ,4242,HH/86,16:14:00,HTÅ/86,16:18:00,301,4.7,true
RØ,4242,HTÅ/86,16:19:00,GL/86,16:23:00,344,8.3,true
RØ,4242,GL/86,16:23:00,VAL/86,16:27:00,344,7.3,true
RØ,4242,VAL/86,16:28:00,KH/86,16:34:00,344,3.9,true
RØ,4242,KH/86,16:37:00,KN/86,16:39:00,212,1.5,true
RØ,4242,KN/86,16:40:00,KK/86,16:43:00,212,1.6,true
RØ,4242,KK/86,16:44:00,HGL/86,16:46:00,411,2.1,true
RØ,4242,HGL/86,16:46:00,HL/86,16:49:00,411,2.6,true
RØ,4242,HL/86,16:50:00,KL/86,16:54:00,411,5.5,true
RØ,4242,KL/86,16:55:00,SÅ/86,16:59:00,411,5.5,true
RØ,4242,SÅ/86,17:00:00,VB/86,17:03:00,411,3.3,true
RØ,4242,VB/86,17:04:00,RU/86,17:07:00,411,4.0,true
RØ,4242,RU/86,17:08:00,OK/86,17:11:00,411,3.0,true
RØ,4242,OK/86,17:12:00,NI/86,17:15:00,411,3.4,true
RØ,4242,NI/86,17:16:00,HUM/86,17:19:00,155,3.8,true
RØ,4242,HUM/86,17:20:00,GÆ/86,17:23:00,155,3.7,true
RØ,4242,GÆ/86,17:24:00,SQ/86,17:27:00,155,2.7,true
RØ,4242,SQ/86,17:28:00,HG/86,17:32:00,155,3.5,true
RØ,4255,HG/86,13:28:00,SQ/86,13:31:00,68,3.5,true
RØ,4255,SQ/86,13:32:00,GÆ/86,13:34:00,68,2.7,true
RØ,4255,GÆ/86,13:35:00,HUM/86,13:38:00,68,3.7,true
RØ,4255,HUM/86,13:39:00,NI/86,13:42:00,68,3.8,true
RØ,4255,NI/86,13:43:00,OK/86,13:47:00,106,3.4,true
RØ,4255,OK/86,13:48:00,RU/86,13:50:00,106,3.0,true
RØ,4255,RU/86,13:51:00,VB/86,13:54:00,106,4.0,true
RØ,4255,VB/86,13:55:00,SÅ/86,13:58:00,106,3.3,true
RØ,4255,SÅ/86,13:59:00,KL/86,14:03:00,106,5.5,true
RØ,4255,KL/86,14:04:00,HL/86,14:09:00,106,5.5,true
RØ,4255,HL/86,14:10:00,HGL/86,14:12:00,106,2.6,true
RØ,4255,HGL/86,14:12:00,KK/86,14:15:00,106,2.1,true
RØ,4255,KK/86,14:17:00,KN/86,14:19:00,121,1.6,true
RØ,4255,KN/86,14:20:00,KH/86,14:23:00,121,1.5,true
RØ,4255,KH/86,14:26:00,VAL/86,14:30:00,267,3.9,true
RØ,4255,VAL/86,14:31:00,HIF/86,14:33:00,267,3.4,true
RØ,4255,HIF/86,14:33:00,HTÅ/86,14:40:00,267,12.2,true
RØ,4255,HTÅ/86,14:41:00,HH/86,14:45:00,306,4.7,true
RØ,4255,HH/86,14:46:00,TRK/86,14:49:00,306,4.0,true
RØ,4255,TRK/86,14:50:00,RO/86,14:53:00,306,3.1,true
RØ,4255,RO/86,14:54:00,VY/86,15:00:00,240,11.2,true
RØ,4255,VY/86,15:01:00,BO/86,15:06:00,240,7.2,true
RØ,4255,BO/86,15:07:00,KY/86,15:10:00,240,6.9,true
RØ,4255,KY/86,15:10:00,RG/86,15:15:00,240,7.3,true
RØ,4255,RG/86,15:16:00,GZ/86,15:22:00,132,12.0,true
RØ,4255,GZ/86,15:23:00,NÆ/86,15:32:00,132,14.8,true
RØ,4259,HG/86,14:28:00,SQ/86,14:31:00,84,3.5,true
RØ,4259,SQ/86,14:32:00,GÆ/86,14:34:00,84,2.7,true
RØ,4259,GÆ/86,14:35:00,HUM/86,14:38:00,84,3.7,true
RØ,4259,HUM/86,14:39:00,NI/86,14:42:00,84,3.8,true
RØ,4259,NI/86,14:43:00,OK/86,14:47:00,137,3.4,true
RØ,4259,OK/86,14:48:00,RU/86,14:50:00,137,3.0,true
RØ,4259,RU/86,14:51:00,VB/86,14:54:00,137,4.0,true
RØ,4259,VB/86,14:55:00,SÅ/86,14:58:00,137,3.3,true
RØ,4259,SÅ/86,14:59:00,KL/86,15:03:00,137,5.5,true
RØ,4259,KL/86,15:04:00,HL/86,15:09:00,137,5.5,true
RØ,4259,HL/86,15:10:00,HGL/86,15:12:00,137,2.6,true
RØ,4259,HGL/86,15:12:00,KK/86,15:15:00,137,2.1,true
RØ,4259,KK/86,15:17:00,KN/86,15:19:00,188,1.6,true
RØ,4259,KN/86,15:20:00,KH/86,15:23:00,188,1.5,true
RØ,4259,KH/86,15:26:00,VAL/86,15:30:00,383,3.9,true
RØ,4259,VAL/86,15:31:00,HIF/86,15:33:00,383,3.4,true
RØ,4259,HIF/86,15:33:00,HTÅ/86,15:40:00,383,12.2,true
RØ,4259,HTÅ/86,15:41:00,HH/86,15:45:00,435,4.7,true
RØ,4259,HH/86,15:46:00,TRK/86,15:49:00,435,4.0,true
RØ,4259,TRK/86,15:50:00,RO/86,15:53:00,435,3.1,true
RØ,4259,RO/86,15:54:00,VY/86,16:00:00,310,11.2,true
RØ,4259,VY/86,16:01:00,BO/86,16:06:00,310,7.2,true
RØ,4259,BO/86,16:07:00,KY/86,16:10:00,310,6.9,true
RØ,4259,KY/86,16:10:00,RG/86,16:15:00,310,7.3,true
RØ,4259,RG/86,16:16:00,GZ/86,16:22:00,193,12.0,true
RØ,4259,GZ/86,16:23:00,NÆ/86,16:32:00,193,14.8,true
RØ,2579,HG/86,19:13:00,SQ/86,19:16:00,37,3.5,true
RØ,2579,SQ/86,19:17:00,GÆ/86,19:19:00,37,2.7,true
RØ,2579,GÆ/86,19:20:00,HUM/86,19:23:00,37,3.7,true
RØ,2579,HUM/86,19:24:00,NI/86,19:27:00,37,3.8,true
RØ,2579,NI/86,19:28:00,OK/86,19:32:00,52,3.4,true
RØ,2579,OK/86,19:33:00,RU/86,19:35:00,52,3.0,true
RØ,2579,RU/86,19:36:00,VB/86,19:39:00,52,4.0,true
RØ,2579,VB/86,19:40:00,SÅ/86,19:43:00,52,3.3,true
RØ,2579,SÅ/86,19:44:00,KL/86,19:48:00,52,5.5,true
RØ,2579,KL/86,19:49:00,HL/86,19:54:00,52,5.5,true
RØ,2579,HL/86,19:55:00,HGL/86,19:57:00,52,2.6,true
RØ,2579,HGL/86,19:57:00,KK/86,20:00:00,52,2.1,true
RØ,2579,KK/86,20:02:00,KN/86,20:04:00,30,1.6,true
RØ,2579,KN/86,20:05:00,KH/86,20:08:00,30,1.5,true
RØ,3434,KH/86,14:16:00,KN/86,14:18:00,100,1.5,true
RØ,3434,KN/86,14:19:00,KK/86,14:22:00,100,1.6,true
RØ,3434,KK/86,14:23:00,HGL/86,14:26:00,194,2.1,true
RØ,3434,HGL/86,14:26:00,HL/86,14:29:00,194,2.6,true
RØ,3434,HL/86,14:30:00,KL/86,14:35:00,194,5.5,true
RØ,3434,KL/86,14:35:00,OK/86,14:47:00,194,15.8,true
RØ,3434,OK/86,14:48:00,NI/86,14:51:00,194,3.4,true
RØ,3434,NI/86,14:52:00,HUM/86,14:55:00,138,3.8,true
RØ,3434,HUM/86,14:56:00,GÆ/86,14:59:00,138,3.7,true
RØ,3434,GÆ/86,15:00:00,SQ/86,15:03:00,138,2.7,true
RØ,3434,SQ/86,15:03:00,HG/86,15:06:00,138,3.5,true
RØ,2216,NÆ/86,08:58:00,GZ/86,09:06:00,56,14.8,true
RØ,2216,GZ/86,09:07:00,RG/86,09:13:00,56,12.0,true
RØ,2216,RG/86,09:14:00,KY/86,09:18:00,130,7.3,true
RØ,2216,KY/86,09:18:00,BO/86,09:22:00,130,6.9,true
RØ,2216,BO/86,09:23:00,VY/86,09:28:00,130,7.2,true
RØ,2216,VY/86,09:29:00,RO/86,09:35:00,130,11.2,true
RØ,2216,RO/86,09:37:00,TRK/86,09:39:00,187,3.1,true
RØ,2216,TRK/86,09:40:00,HH/86,09:43:00,187,4.0,true
RØ,2216,HH/86,09:44:00,HTÅ/86,09:48:00,187,4.7,true
RØ,2216,HTÅ/86,09:49:00,GL/86,09:53:00,199,8.3,true
RØ,2216,GL/86,09:53:00,VAL/86,09:57:00,199,7.3,true
RØ,2216,VAL/86,09:58:00,KH/86,10:04:00,199,3.9,true
RØ,2216,KH/86,10:07:00,KN/86,10:09:00,151,1.5,true
RØ,2216,KN/86,10:10:00,KK/86,10:13:00,151,1.6,true
RØ,2216,KK/86,10:14:00,HGL/86,10:16:00,84,2.1,true
RØ,2216,HGL/86,10:16:00,HL/86,10:19:00,84,2.6,true
RØ,2216,HL/86,10:20:00,KL/86,10:24:00,84,5.5,true
RØ,2216,KL/86,10:25:00,SÅ/86,10:29:00,84,5.5,true
RØ,2216,SÅ/86,10:30:00,VB/86,10:33:00,84,3.3,true
RØ,2216,VB/86,10:34:00,RU/86,10:37:00,84,4.0,true
RØ,2216,RU/86,10:38:00,OK/86,10:41:00,84,3.0,true
RØ,2216,OK/86,10:42:00,NI/86,10:45:00,84,3.4,true
RØ,2216,NI/86,10:46:00,HUM/86,10:49:00,56,3.8,true
RØ,2216,HUM/86,10:50:00,GÆ/86,10:53:00,56,3.7,true
RØ,2216,GÆ/86,10:54:00,SQ/86,10:57:00,56,2.7,true
RØ,2216,SQ/86,10:58:00,HG/86,11:02:00,56,3.5,true
RØ,4556,HK/86,19:23:00,PE/86,19:27:00,17,5.9,true
RØ,4556,PE/86,19:28:00,TØ/86,19:33:00,17,6.6,true
RØ,4556,TØ/86,19:34:00,HV/86,19:38:00,17,6.3,true
RØ,4556,HV/86,19:39:00,LJ/86,19:43:00,17,7.5,true
RØ,4556,LJ/86,19:44:00,RO/86,19:50:00,17,9.5,true
RØ,4556,RO/86,19:52:00,TRK/86,19:54:00,38,3.1,true
RØ,4556,TRK/86,19:55:00,HH/86,19:58:00,38,4.0,true
RØ,4556,HH/86,19:59:00,HTÅ/86,20:03:00,38,4.7,true
RØ,4556,HTÅ/86,20:04:00,GL/86,20:09:00,53,8.3,true
RØ,4556,GL/86,20:09:00,VAL/86,20:13:00,53,7.3,true
RØ,4556,VAL/86,20:14:00,KH/86,20:19:00,53,3.9,true
RØ,4556,KH/86,20:22:00,KN/86,20:24:00,98,1.5,true
RØ,4556,KN/86,20:25:00,KK/86,20:28:00,98,1.6,true
RØ,4556,KK/86,20:29:00,HGL/86,20:31:00,118,2.1,true
RØ,4556,HGL/86,20:31:00,HL/86,20:34:00,118,2.6,true
RØ,4556,HL/86,20:35:00,KL/86,20:39:00,118,5.5,true
RØ,4556,KL/86,20:40:00,SÅ/86,20:44:00,118,5.5,true
RØ,4556,SÅ/86,20:45:00,VB/86,20:48:00,118,3.3,true
RØ,4556,VB/86,20:49:00,RU/86,20:52:00,118,4.0,true
RØ,4556,RU/86,20:53:00,OK/86,20:56:00,118,3.0,true
RØ,4556,OK/86,20:57:00,NI/86,21:00:00,118,3.4,true
RØ,4556,NI/86,21:01:00,HUM/86,21:04:00,83,3.8,true
RØ,4556,HUM/86,21:05:00,GÆ/86,21:08:00,83,3.7,true
RØ,4556,GÆ/86,21:09:00,SQ/86,21:12:00,83,2.7,true
RØ,4556,SQ/86,21:13:00,HG/86,21:17:00,83,3.5,true
RØ,4560,HK/86,20:23:00,PE/86,20:27:00,28,5.9,true
RØ,4560,PE/86,20:28:00,TØ/86,20:33:00,28,6.6,true
RØ,4560,TØ/86,20:34:00,HV/86,20:38:00,28,6.3,true
RØ,4560,HV/86,20:39:00,LJ/86,20:43:00,28,7.5,true
RØ,4560,LJ/86,20:44:00,RO/86,20:50:00,28,9.5,true
RØ,4560,RO/86,20:52:00,TRK/86,20:54:00,59,3.1,true
RØ,4560,TRK/86,20:55:00,HH/86,20:58:00,59,4.0,true
RØ,4560,HH/86,20:59:00,HTÅ/86,21:03:00,59,4.7,true
RØ,4560,HTÅ/86,21:04:00,GL/86,21:09:00,66,8.3,true
RØ,4560,GL/86,21:09:00,VAL/86,21:13:00,66,7.3,true
RØ,4560,VAL/86,21:14:00,KH/86,21:19:00,66,3.9,true
RØ,4560,KH/86,21:22:00,KN/86,21:24:00,69,1.5,true
RØ,4560,KN/86,21:25:00,KK/86,21:28:00,69,1.6,true
RØ,4560,KK/86,21:29:00,HGL/86,21:31:00,95,2.1,true
RØ,4560,HGL/86,21:31:00,HL/86,21:34:00,95,2.6,true
RØ,4560,HL/86,21:35:00,KL/86,21:39:00,95,5.5,true
RØ,4560,KL/86,21:40:00,SÅ/86,21:44:00,95,5.5,true
RØ,4560,SÅ/86,21:45:00,VB/86,21:48:00,95,3.3,true
RØ,4560,VB/86,21:49:00,RU/86,21:52:00,95,4.0,true
RØ,4560,RU/86,21:53:00,OK/86,21:56:00,95,3.0,true
RØ,4560,OK/86,21:57:00,NI/86,22:00:00,95,3.4,true
RØ,4560,NI/86,22:01:00,HUM/86,22:04:00,45,3.8,true
RØ,4560,HUM/86,22:05:00,GÆ/86,22:08:00,45,3.7,true
RØ,4560,GÆ/86,22:09:00,SQ/86,22:12:00,45,2.7,true
RØ,4560,SQ/86,22:13:00,HG/86,22:17:00,45,3.5,true
RØ,4569,HG/86,16:43:00,SQ/86,16:46:00,50,3.5,true
RØ,4569,SQ/86,16:47:00,GÆ/86,16:49:00,50,2.7,true
RØ,4569,GÆ/86,16:50:00,HUM/86,16:53:00,50,3.7,true
RØ,4569,HUM/86,16:54:00,NI/86,16:57:00,50,3.8,true
RØ,4569,NI/86,16:58:00,OK/86,17:02:00,117,3.4,true
RØ,4569,OK/86,17:03:00,RU/86,17:05:00,117,3.0,true
RØ,4569,RU/86,17:06:00,VB/86,17:09:00,117,4.0,true
RØ,4569,VB/86,17:10:00,SÅ/86,17:13:00,117,3.3,true
RØ,4569,SÅ/86,17:14:00,KL/86,17:18:00,117,5.5,true
RØ,4569,KL/86,17:19:00,HL/86,17:24:00,117,5.5,true
RØ,4569,HL/86,17:25:00,HGL/86,17:27:00,117,2.6,true
RØ,4569,HGL/86,17:27:00,KK/86,17:30:00,117,2.1,true
RØ,4569,KK/86,17:32:00,KN/86,17:34:00,176,1.6,true
RØ,4569,KN/86,17:35:00,KH/86,17:38:00,176,1.5,true
RØ,4569,KH/86,17:42:00,VAL/86,17:45:00,287,3.9,true
RØ,4569,VAL/86,17:46:00,HIF/86,17:49:00,287,3.4,true
RØ,4569,HIF/86,17:49:00,HTÅ/86,17:55:00,287,12.2,true
RØ,4569,HTÅ/86,17:56:00,HH/86,18:00:00,276,4.7,true
RØ,4569,HH/86,18:01:00,TRK/86,18:04:00,276,4.0,true
RØ,4569,TRK/86,18:05:00,RO/86,18:08:00,276,3.1,true
RØ,4569,RO/86,18:09:00,LJ/86,18:15:00,141,9.5,true
RØ,4569,LJ/86,18:16:00,HV/86,18:21:00,141,7.5,true
RØ,4569,HV/86,18:22:00,TØ/86,18:26:00,141,6.3,true
RØ,4569,TØ/86,18:27:00,PE/86,18:31:00,141,6.6,true
RØ,4569,PE/86,18:32:00,HK/86,18:37:00,141,5.9,true
RØ,4573,HG/86,17:43:00,SQ/86,17:46:00,29,3.5,true
RØ,4573,SQ/86,17:47:00,GÆ/86,17:49:00,29,2.7,true
RØ,4573,GÆ/86,17:50:00,HUM/86,17:53:00,29,3.7,true
RØ,4573,HUM/86,17:54:00,NI/86,17:57:00,29,3.8,true
RØ,4573,NI/86,17:58:00,OK/86,18:02:00,70,3.4,true
RØ,4573,OK/86,18:03:00,RU/86,18:05:00,70,3.0,true
RØ,4573,RU/86,18:06:00,VB/86,18:09:00,70,4.0,true
RØ,4573,VB/86,18:10:00,SÅ/86,18:13:00,70,3.3,true
RØ,4573,SÅ/86,18:14:00,KL/86,18:18:00,70,5.5,true
RØ,4573,KL/86,18:19:00,HL/86,18:24:00,70,5.5,true
RØ,4573,HL/86,18:25:00,HGL/86,18:27:00,70,2.6,true
RØ,4573,HGL/86,18:27:00,KK/86,18:30:00,70,2.1,true
RØ,4573,KK/86,18:32:00,KN/86,18:34:00,81,1.6,true
RØ,4573,KN/86,18:35:00,KH/86,18:38:00,81,1.5,true
RØ,4573,KH/86,18:42:00,VAL/86,18:45:00,156,3.9,true
RØ,4573,VAL/86,18:46:00,HIF/86,18:49:00,156,3.4,true
RØ,4573,HIF/86,18:49:00,HTÅ/86,18:55:00,156,12.2,true
RØ,4573,HTÅ/86,18:56:00,HH/86,19:00:00,131,4.7,true
RØ,4573,HH/86,19:01:00,TRK/86,19:04:00,131,4.0,true
RØ,4573,TRK/86,19:05:00,RO/86,19:08:00,131,3.1,true
RØ,4573,RO/86,19:09:00,LJ/86,19:15:00,69,9.5,true
RØ,4573,LJ/86,19:16:00,HV/86,19:21:00,69,7.5,true
RØ,4573,HV/86,19:22:00,TØ/86,19:26:00,69,6.3,true
RØ,4573,TØ/86,19:27:00,PE/86,19:31:00,69,6.6,true
RØ,4573,PE/86,19:32:00,HK/86,19:37:00,69,5.9,true
RØ,4577,HG/86,18:43:00,SQ/86,18:46:00,25,3.5,true
RØ,4577,SQ/86,18:47:00,GÆ/86,18:49:00,25,2.7,true
RØ,4577,GÆ/86,18:50:00,HUM/86,18:53:00,25,3.7,true
RØ,4577,HUM/86,18:54:00,NI/86,18:57:00,25,3.8,true
RØ,4577,NI/86,18:58:00,OK/86,19:02:00,44,3.4,true
RØ,4577,OK/86,19:03:00,RU/86,19:05:00,44,3.0,true
RØ,4577,RU/86,19:06:00,VB/86,19:09:00,44,4.0,true
RØ,4577,VB/86,19:10:00,SÅ/86,19:13:00,44,3.3,true
RØ,4577,SÅ/86,19:14:00,KL/86,19:18:00,44,5.5,true
RØ,4577,KL/86,19:19:00,HL/86,19:24:00,44,5.5,true
RØ,4577,HL/86,19:25:00,HGL/86,19:27:00,44,2.6,true
RØ,4577,HGL/86,19:27:00,KK/86,19:30:00,44,2.1,true
RØ,4577,KK/86,19:32:00,KN/86,19:34:00,60,1.6,true
RØ,4577,KN/86,19:35:00,KH/86,19:38:00,60,1.5,true
RØ,4577,KH/86,19:42:00,VAL/86,19:45:00,122,3.9,true
RØ,4577,VAL/86,19:46:00,HIF/86,19:49:00,122,3.4,true
RØ,4577,HIF/86,19:49:00,HTÅ/86,19:55:00,122,12.2,true
RØ,4577,HTÅ/86,19:56:00,HH/86,20:00:00,102,4.7,true
RØ,4577,HH/86,20:01:00,TRK/86,20:04:00,102,4.0,true
RØ,4577,TRK/86,20:05:00,RO/86,20:08:00,102,3.1,true
RØ,4577,RO/86,20:09:00,LJ/86,20:15:00,76,9.5,true
RØ,4577,LJ/86,20:16:00,HV/86,20:21:00,76,7.5,true
RØ,4577,HV/86,20:22:00,TØ/86,20:26:00,76,6.3,true
RØ,4577,TØ/86,20:27:00,PE/86,20:31:00,76,6.6,true
RØ,4577,PE/86,20:32:00,HK/86,20:37:00,76,5.9,true
RØ,4581,HG/86,19:43:00,SQ/86,19:46:00,22,3.5,true
RØ,4581,SQ/86,19:47:00,GÆ/86,19:49:00,22,2.7,true
RØ,4581,GÆ/86,19:50:00,HUM/86,19:53:00,22,3.7,true
RØ,4581,HUM/86,19:54:00,NI/86,19:57:00,22,3.8,true
RØ,4581,NI/86,19:58:00,OK/86,20:02:00,50,3.4,true
RØ,4581,OK/86,20:03:00,RU/86,20:05:00,50,3.0,true
RØ,4581,RU/86,20:06:00,VB/86,20:09:00,50,4.0,true
RØ,4581,VB/86,20:10:00,SÅ/86,20:13:00,50,3.3,true
RØ,4581,SÅ/86,20:14:00,KL/86,20:18:00,50,5.5,true
RØ,4581,KL/86,20:19:00,HL/86,20:24:00,50,5.5,true
RØ,4581,HL/86,20:25:00,HGL/86,20:27:00,50,2.6,true
RØ,4581,HGL/86,20:27:00,KK/86,20:30:00,50,2.1,true
RØ,4581,KK/86,20:32:00,KN/86,20:34:00,90,1.6,true
RØ,4581,KN/86,20:35:00,KH/86,20:38:00,90,1.5,true
RØ,4581,KH/86,20:42:00,VAL/86,20:45:00,184,3.9,true
RØ,4581,VAL/86,20:46:00,HIF/86,20:49:00,184,3.4,true
RØ,4581,HIF/86,20:49:00,HTÅ/86,20:55:00,184,12.2,true
RØ,4581,HTÅ/86,20:56:00,HH/86,21:00:00,146,4.7,true
RØ,4581,HH/86,21:01:00,TRK/86,21:04:00,146,4.0,true
RØ,4581,TRK/86,21:05:00,RO/86,21:08:00,146,3.1,true
RØ,4581,RO/86,21:09:00,LJ/86,21:15:00,95,9.5,true
RØ,4581,LJ/86,21:16:00,HV/86,21:21:00,95,7.5,true
RØ,4581,HV/86,21:22:00,TØ/86,21:26:00,95,6.3,true
RØ,4581,TØ/86,21:27:00,PE/86,21:31:00,95,6.6,true
RØ,4581,PE/86,21:32:00,HK/86,21:37:00,95,5.9,true
RØ,1500,KB/86,04:30:00,KBØ/86,04:32:00,35,2.0,false
RØ,1500,KBØ/86,04:33:00,VÆ/86,04:37:00,35,5.8,false
RØ,1500,VÆ/86,04:37:00,SE/86,04:40:00,35,5.6,false
RØ,1500,SE/86,04:41:00,JY/86,04:47:00,35,7.7,false
RØ,1500,JY/86,04:48:00,MØ/86,04:52:00,35,6.6,false
RØ,1500,MØ/86,04:53:00,KS/86,04:56:00,35,3.5,false
RØ,1500,KS/86,04:57:00,RT/86,05:00:00,35,4.2,false
RØ,1500,RT/86,05:01:00,HK/86,05:07:00,35,8.1,false
RØ,1500,HK/86,05:09:00,PE/86,05:13:00,69,5.9,true
RØ,1500,PE/86,05:14:00,TØ/86,05:19:00,69,6.6,true
RØ,1500,TØ/86,05:20:00,HV/86,05:24:00,69,6.3,true
RØ,1500,HV/86,05:25:00,LJ/86,05:30:00,69,7.5,true
RØ,1500,LJ/86,05:31:00,RO/86,05:37:00,69,9.5,true
RØ,1500,RO/86,05:39:00,TRK/86,05:41:00,109,3.1,true
RØ,1500,TRK/86,05:42:00,HH/86,05:46:00,109,4.0,true
RØ,1500,HH/86,05:47:00,HTÅ/86,05:50:00,109,4.7,true
RØ,1500,HTÅ/86,05:52:00,GL/86,05:56:00,115,8.3,true
RØ,1500,GL/86,05:56:00,VAL/86,06:00:00,115,7.3,true
RØ,1500,VAL/86,06:02:00,KH/86,06:07:00,115,3.9,true
RØ,1500,KH/86,06:10:00,KN/86,06:12:00,31,1.5,true
RØ,1500,KN/86,06:13:00,KK/86,06:16:00,31,1.6,true
RØ,1548,KB/86,16:37:00,KBØ/86,16:39:00,83,2.0,false
RØ,1548,KBØ/86,16:40:00,VÆ/86,16:44:00,83,5.8,false
RØ,1548,VÆ/86,16:44:00,SE/86,16:48:00,83,5.6,false
RØ,1548,SE/86,16:49:00,JY/86,16:54:00,83,7.7,false
RØ,1548,JY/86,16:55:00,MØ/86,17:00:00,83,6.6,false
RØ,1548,MØ/86,17:01:00,KS/86,17:04:00,83,3.5,false
RØ,1548,KS/86,17:05:00,RT/86,17:08:00,83,4.2,false
RØ,1548,RT/86,17:09:00,HK/86,17:15:00,83,8.1,false
RØ,1548,HK/86,17:17:00,PE/86,17:21:00,104,5.9,true
RØ,1548,PE/86,17:21:00,RO/86,17:34:00,104,29.9,true
RØ,1548,RO/86,17:36:00,TRK/86,17:38:00,142,3.1,true
RØ,1548,TRK/86,17:38:00,HTÅ/86,17:43:00,142,8.7,true
RØ,1548,HTÅ/86,17:44:00,GL/86,17:49:00,144,8.3,true
RØ,1548,GL/86,17:49:00,KH/86,17:57:00,144,11.2,true
RØ,1548,KH/86,18:01:00,KN/86,18:03:00,54,1.5,true
RØ,1548,KN/86,18:04:00,KK/86,18:07:00,54,1.6,true
RØ,1552,KB/86,17:37:00,KBØ/86,17:39:00,52,2.0,false
RØ,1552,KBØ/86,17:40:00,VÆ/86,17:44:00,52,5.8,false
RØ,1552,VÆ/86,17:44:00,SE/86,17:48:00,52,5.6,false
RØ,1552,SE/86,17:49:00,JY/86,17:54:00,52,7.7,false
RØ,1552,JY/86,17:55:00,MØ/86,18:00:00,52,6.6,false
RØ,1552,MØ/86,18:01:00,KS/86,18:04:00,52,3.5,false
RØ,1552,KS/86,18:05:00,RT/86,18:08:00,52,4.2,false
RØ,1552,RT/86,18:09:00,HK/86,18:15:00,52,8.1,false
RØ,1552,HK/86,18:17:00,PE/86,18:21:00,57,5.9,true
RØ,1552,PE/86,18:21:00,RO/86,18:34:00,57,29.9,true
RØ,1552,RO/86,18:36:00,TRK/86,18:38:00,80,3.1,true
RØ,1552,TRK/86,18:38:00,HTÅ/86,18:43:00,80,8.7,true
RØ,1552,HTÅ/86,18:44:00,GL/86,18:49:00,75,8.3,true
RØ,1552,GL/86,18:49:00,KH/86,18:57:00,75,11.2,true
RØ,1552,KH/86,19:01:00,KN/86,19:03:00,32,1.5,true
RØ,1552,KN/86,19:04:00,KK/86,19:07:00,32,1.6,true
RØ,1556,KB/86,18:37:00,KBØ/86,18:39:00,24,2.0,false
RØ,1556,KBØ/86,18:40:00,VÆ/86,18:44:00,24,5.8,false
RØ,1556,VÆ/86,18:44:00,SE/86,18:48:00,24,5.6,false
RØ,1556,SE/86,18:49:00,JY/86,18:54:00,24,7.7,false
RØ,1556,JY/86,18:55:00,MØ/86,19:00:00,24,6.6,false
RØ,1556,MØ/86,19:01:00,KS/86,19:04:00,24,3.5,false
RØ,1556,KS/86,19:05:00,RT/86,19:08:00,24,4.2,false
RØ,1556,RT/86,19:09:00,HK/86,19:15:00,24,8.1,false
RØ,1556,HK/86,19:17:00,PE/86,19:21:00,34,5.9,true
RØ,1556,PE/86,19:21:00,RO/86,19:34:00,34,29.9,true
RØ,1556,RO/86,19:36:00,TRK/86,19:38:00,49,3.1,true
RØ,1556,TRK/86,19:38:00,HTÅ/86,19:43:00,49,8.7,true
RØ,1556,HTÅ/86,19:44:00,GL/86,19:49:00,48,8.3,true
RØ,1556,GL/86,19:49:00,KH/86,19:57:00,48,11.2,true
RØ,1556,KH/86,20:01:00,KN/86,20:03:00,32,1.5,true
RØ,1556,KN/86,20:04:00,KK/86,20:07:00,32,1.6,true
RØ,1556,KK/86,20:10:00,HGL/86,20:14:00,0,2.1,true
RØ,1560,KB/86,19:37:00,KBØ/86,19:39:00,25,2.0,false
RØ,1560,KBØ/86,19:40:00,VÆ/86,19:44:00,25,5.8,false
RØ,1560,VÆ/86,19:44:00,SE/86,19:48:00,25,5.6,false
RØ,1560,SE/86,19:49:00,JY/86,19:54:00,25,7.7,false
RØ,1560,JY/86,19:55:00,MØ/86,20:00:00,25,6.6,false
RØ,1560,MØ/86,20:01:00,KS/86,20:04:00,25,3.5,false
RØ,1560,KS/86,20:05:00,RT/86,20:08:00,25,4.2,false
RØ,1560,RT/86,20:09:00,HK/86,20:15:00,25,8.1,false
RØ,1560,HK/86,20:17:00,PE/86,20:21:00,38,5.9,true
RØ,1560,PE/86,20:21:00,RO/86,20:34:00,38,29.9,true
RØ,1560,RO/86,20:36:00,TRK/86,20:38:00,84,3.1,true
RØ,1560,TRK/86,20:38:00,HTÅ/86,20:43:00,84,8.7,true
RØ,1560,HTÅ/86,20:44:00,GL/86,20:49:00,100,8.3,true
RØ,1560,GL/86,20:49:00,KH/86,20:57:00,100,11.2,true
RØ,1560,KH/86,21:00:00,KN/86,21:02:00,34,1.5,true
RØ,1560,KN/86,21:03:00,KK/86,21:06:00,34,1.6,true
RØ,2468,NÆ/86,21:36:00,NÆN/86,21:39:00,10,3.1,true
RØ,2468,NÆN/86,21:40:00,OL/86,21:44:00,10,4.3,true
RØ,2468,OL/86,21:45:00,HZ/86,21:51:00,10,10.9,true
RØ,2468,HZ/86,21:52:00,TH/86,21:57:00,10,8.8,true
RØ,2468,TH/86,22:00:00,HF/86,22:04:00,10,6.4,true
RØ,2468,HF/86,22:05:00,KJ/86,22:09:00,10,5.5,true
RØ,2468,KJ/86,22:15:00,ØLB/86,22:17:00,24,2.7,true
RØ,2468,ØLB/86,22:18:00,KJN/86,22:21:00,24,2.2,true
RØ,2468,KJN/86,22:22:00,JSF/86,22:23:00,24,2.5,true
RØ,2468,JSF/86,22:23:00,NEL/86,22:36:20,24,28.2,true
RØ,2468,NEL/86,22:37:20,GB/86,22:39:00,24,1.4,true
RØ,2468,GB/86,22:39:00,KH/86,22:43:00,24,3.2,true
RØ,2208,NÆ/86,06:58:00,GZ/86,07:06:00,137,14.8,true
RØ,2208,GZ/86,07:07:00,RG/86,07:13:00,137,12.0,true
RØ,2208,RG/86,07:14:00,KY/86,07:18:00,385,7.3,true
RØ,2208,KY/86,07:18:00,BO/86,07:22:00,385,6.9,true
RØ,2208,BO/86,07:23:00,VY/86,07:28:00,385,7.2,true
RØ,2208,VY/86,07:29:00,RO/86,07:35:00,385,11.2,true
RØ,2208,RO/86,07:37:00,TRK/86,07:39:00,465,3.1,true
RØ,2208,TRK/86,07:40:00,HH/86,07:43:00,465,4.0,true
RØ,2208,HH/86,07:44:00,HTÅ/86,07:48:00,465,4.7,true
RØ,2208,HTÅ/86,07:49:00,GL/86,07:53:00,481,8.3,true
RØ,2208,GL/86,07:53:00,VAL/86,07:57:00,481,7.3,true
RØ,2208,VAL/86,07:58:00,KH/86,08:04:00,481,3.9,true
RØ,2208,KH/86,08:07:00,KN/86,08:09:00,176,1.5,true
RØ,2208,KN/86,08:10:00,KK/86,08:13:00,176,1.6,true
RØ,2208,KK/86,08:14:00,HGL/86,08:16:00,118,2.1,true
RØ,2208,HGL/86,08:16:00,HL/86,08:19:00,118,2.6,true
RØ,2208,HL/86,08:20:00,KL/86,08:24:00,118,5.5,true
RØ,2208,KL/86,08:25:00,SÅ/86,08:29:00,118,5.5,true
RØ,2208,SÅ/86,08:30:00,VB/86,08:33:00,118,3.3,true
RØ,2208,VB/86,08:34:00,RU/86,08:37:00,118,4.0,true
RØ,2208,RU/86,08:38:00,OK/86,08:41:00,118,3.0,true
RØ,2208,OK/86,08:42:00,NI/86,08:45:00,118,3.4,true
RØ,2208,NI/86,08:46:00,HUM/86,08:49:00,78,3.8,true
RØ,2208,HUM/86,08:50:00,GÆ/86,08:53:00,78,3.7,true
RØ,2208,GÆ/86,08:54:00,SQ/86,08:57:00,78,2.7,true
RØ,2208,SQ/86,08:58:00,HG/86,09:02:00,78,3.5,true
RØ,2200,KH/86,05:07:00,KN/86,05:09:00,20,1.5,true
RØ,2200,KN/86,05:10:00,KK/86,05:13:00,20,1.6,true
RØ,2200,KK/86,05:14:00,HGL/86,05:16:00,29,2.1,true
RØ,2200,HGL/86,05:16:00,HL/86,05:19:00,29,2.6,true
RØ,2200,HL/86,05:20:00,KL/86,05:24:00,29,5.5,true
RØ,2200,KL/86,05:25:00,SÅ/86,05:29:00,29,5.5,true
RØ,2200,SÅ/86,05:30:00,VB/86,05:33:00,29,3.3,true
RØ,2200,VB/86,05:34:00,RU/86,05:37:00,29,4.0,true
RØ,2200,RU/86,05:38:00,OK/86,05:41:00,29,3.0,true
RØ,2200,OK/86,05:42:00,NI/86,05:45:00,29,3.4,true
RØ,2200,NI/86,05:46:00,HUM/86,05:49:00,23,3.8,true
RØ,2200,HUM/86,05:50:00,GÆ/86,05:53:00,23,3.7,true
RØ,2200,GÆ/86,05:54:00,SQ/86,05:57:00,23,2.7,true
RØ,2200,SQ/86,05:58:00,HG/86,06:02:00,23,3.5,true
RØ,2291,KH/86,23:10:00,VAL/86,23:13:00,102,3.9,true
RØ,2291,VAL/86,23:14:00,HIF/86,23:17:00,102,3.4,true
RØ,2291,HIF/86,23:17:00,HTÅ/86,23:23:00,102,12.2,true
RØ,2291,HTÅ/86,23:24:00,HH/86,23:28:00,99,4.7,true
RØ,2291,HH/86,23:29:00,TRK/86,23:32:00,99,4.0,true
RØ,2291,TRK/86,23:33:00,RO/86,23:36:00,99,3.1,true
RØ,2291,RO/86,23:37:00,VY/86,23:43:00,52,11.2,true
RØ,2291,VY/86,23:44:00,BO/86,23:49:00,52,7.2,true
RØ,2291,BO/86,23:50:00,KY/86,23:54:00,52,6.9,true
RØ,2291,KY/86,23:54:00,RG/86,23:58:00,52,7.3,true
RØ,2291,RG/86,23:59:00,GZ/86,00:05:00,15,12.0,true
RØ,2291,GZ/86,00:06:00,NÆ/86,00:14:00,15,14.8,true
RØ,3471,HG/86,17:24:00,SQ/86,17:26:00,45,3.5,true
RØ,3471,SQ/86,17:26:00,GÆ/86,17:29:00,45,2.7,true
RØ,3471,GÆ/86,17:30:00,HUM/86,17:33:00,45,3.7,true
RØ,3471,HUM/86,17:34:00,NI/86,17:37:00,45,3.8,true
RØ,3471,NI/86,17:38:00,OK/86,17:41:00,62,3.4,true
RØ,3471,OK/86,17:42:00,RU/86,17:45:00,62,3.0,true
RØ,3471,RU/86,17:45:00,HL/86,17:59:00,62,18.3,true
RØ,3471,HL/86,18:00:00,HGL/86,18:02:00,62,2.6,true
RØ,3471,HGL/86,18:02:00,KK/86,18:05:00,62,2.1,true
RØ,3471,KK/86,18:08:00,KN/86,18:10:00,47,1.6,true
RØ,3471,KN/86,18:11:00,KH/86,18:14:00,47,1.5,true
RØ,3475,HG/86,18:24:00,SQ/86,18:26:00,30,3.5,true
RØ,3475,SQ/86,18:26:00,GÆ/86,18:29:00,30,2.7,true
RØ,3475,GÆ/86,18:30:00,HUM/86,18:33:00,30,3.7,true
RØ,3475,HUM/86,18:34:00,NI/86,18:37:00,30,3.8,true
RØ,3475,NI/86,18:38:00,OK/86,18:41:00,41,3.4,true
RØ,3475,OK/86,18:42:00,RU/86,18:45:00,41,3.0,true
RØ,3475,RU/86,18:45:00,HL/86,18:59:00,41,18.3,true
RØ,3475,HL/86,19:00:00,HGL/86,19:02:00,41,2.6,true
RØ,3475,HGL/86,19:02:00,KK/86,19:05:00,41,2.1,true
RØ,3475,KK/86,19:08:00,KN/86,19:10:00,32,1.6,true
RØ,3475,KN/86,19:11:00,KH/86,19:14:00,32,1.5,true
RØ,1564,KB/86,20:37:00,KBØ/86,20:39:00,52,2.0,false
RØ,1564,KBØ/86,20:40:00,VÆ/86,20:44:00,52,5.8,false
RØ,1564,VÆ/86,20:44:00,SE/86,20:48:00,52,5.6,false
RØ,1564,SE/86,20:49:00,JY/86,20:54:00,52,7.7,false
RØ,1564,JY/86,20:55:00,MØ/86,21:00:00,52,6.6,false
RØ,1564,MØ/86,21:01:00,KS/86,21:04:00,52,3.5,false
RØ,1564,KS/86,21:05:00,RT/86,21:08:00,52,4.2,false
RØ,1564,RT/86,21:09:00,HK/86,21:15:00,52,8.1,false
RØ,1564,HK/86,21:17:00,PE/86,21:21:00,42,5.9,true
RØ,1564,PE/86,21:21:00,RO/86,21:34:00,42,29.9,true
RØ,1564,RO/86,21:36:00,TRK/86,21:38:00,56,3.1,true
RØ,1564,TRK/86,21:38:00,HTÅ/86,21:43:00,56,8.7,true
RØ,1564,HTÅ/86,21:44:00,GL/86,21:49:00,54,8.3,true
RØ,1564,GL/86,21:49:00,KH/86,21:57:00,54,11.2,true
RØ,1564,KH/86,22:00:00,KN/86,22:02:00,26,1.5,true
RØ,1564,KN/86,22:03:00,KK/86,22:06:00,26,1.6,true
RØ,1569,KK/86,17:53:00,KN/86,17:55:00,69,1.6,true
RØ,1569,KN/86,17:56:00,KH/86,17:59:00,69,1.5,true
RØ,1569,KH/86,18:02:00,VAL/86,18:05:00,132,3.9,true
RØ,1569,VAL/86,18:05:00,HTÅ/86,18:13:00,132,15.6,true
RØ,1569,HTÅ/86,18:15:00,HH/86,18:18:00,117,4.7,true
RØ,1569,HH/86,18:18:00,RO/86,18:22:00,117,7.1,true
RØ,1569,RO/86,18:24:00,LJ/86,18:29:00,66,9.5,true
RØ,1569,LJ/86,18:29:00,HK/86,18:41:00,66,26.3,true
RØ,1569,HK/86,18:43:00,RT/86,18:49:00,39,8.1,false
RØ,1569,RT/86,18:50:00,KS/86,18:53:00,39,4.2,false
RØ,1569,KS/86,18:54:00,MØ/86,18:57:00,39,3.5,false
RØ,1569,MØ/86,19:01:00,JY/86,19:06:00,39,6.6,false
RØ,1569,JY/86,19:07:00,SE/86,19:12:00,39,7.7,false
RØ,1569,SE/86,19:13:00,VÆ/86,19:17:00,39,5.6,false
RØ,1569,VÆ/86,19:17:00,KBØ/86,19:20:00,39,5.8,false
RØ,1569,KBØ/86,19:21:00,KB/86,19:25:00,39,2.0,false
RØ,1573,KK/86,18:53:00,KN/86,18:55:00,38,1.6,true
RØ,1573,KN/86,18:56:00,KH/86,18:59:00,38,1.5,true
RØ,1573,KH/86,19:02:00,VAL/86,19:05:00,78,3.9,true
RØ,1573,VAL/86,19:05:00,HTÅ/86,19:13:00,78,15.6,true
RØ,1573,HTÅ/86,19:15:00,HH/86,19:18:00,73,4.7,true
RØ,1573,HH/86,19:18:00,RO/86,19:22:00,73,7.1,true
RØ,1573,RO/86,19:24:00,LJ/86,19:29:00,45,9.5,true
RØ,1573,LJ/86,19:29:00,HK/86,19:41:00,45,26.3,true
RØ,1573,HK/86,19:43:00,RT/86,19:49:00,32,8.1,false
RØ,1573,RT/86,19:50:00,KS/86,19:53:00,32,4.2,false
RØ,1573,KS/86,19:54:00,MØ/86,19:57:00,32,3.5,false
RØ,1573,MØ/86,20:01:00,JY/86,20:06:00,32,6.6,false
RØ,1573,JY/86,20:07:00,SE/86,20:12:00,32,7.7,false
RØ,1573,SE/86,20:13:00,VÆ/86,20:17:00,32,5.6,false
RØ,1573,VÆ/86,20:17:00,KBØ/86,20:20:00,32,5.8,false
RØ,1573,KBØ/86,20:21:00,KB/86,20:25:00,32,2.0,false
RØ,1581,KK/86,20:53:00,KN/86,20:55:00,89,1.6,true
RØ,1581,KN/86,20:56:00,KH/86,20:59:00,89,1.5,true
RØ,1581,KH/86,21:02:00,VAL/86,21:05:00,123,3.9,true
RØ,1581,VAL/86,21:05:00,HTÅ/86,21:13:00,123,15.6,true
RØ,1581,HTÅ/86,21:15:00,HH/86,21:18:00,109,4.7,true
RØ,1581,HH/86,21:18:00,RO/86,21:22:00,109,7.1,true
RØ,1581,RO/86,21:24:00,LJ/86,21:29:00,68,9.5,true
RØ,1581,LJ/86,21:29:00,HK/86,21:41:00,68,26.3,true
RØ,1581,HK/86,21:43:00,RT/86,21:49:00,28,8.1,false
RØ,1581,RT/86,21:50:00,KS/86,21:53:00,28,4.2,false
RØ,1581,KS/86,21:54:00,MØ/86,21:57:00,28,3.5,false
RØ,1581,MØ/86,21:59:00,JY/86,22:04:00,28,6.6,false
RØ,1581,JY/86,22:07:00,SE/86,22:13:00,28,7.7,false
RØ,1581,SE/86,22:14:00,VÆ/86,22:18:00,28,5.6,false
RØ,1581,VÆ/86,22:18:00,KBØ/86,22:21:00,28,5.8,false
RØ,1581,KBØ/86,22:22:00,KB/86,22:26:00,28,2.0,false
RØ,1565,KK/86,16:53:00,KN/86,16:55:00,107,1.6,true
RØ,1565,KN/86,16:56:00,KH/86,16:59:00,107,1.5,true
RØ,1565,KH/86,17:02:00,VAL/86,17:05:00,212,3.9,true
RØ,1565,VAL/86,17:05:00,HTÅ/86,17:13:00,212,15.6,true
RØ,1565,HTÅ/86,17:15:00,HH/86,17:18:00,201,4.7,true
RØ,1565,HH/86,17:18:00,RO/86,17:22:00,201,7.1,true
RØ,1565,RO/86,17:24:00,LJ/86,17:29:00,109,9.5,true
RØ,1565,LJ/86,17:29:00,HK/86,17:41:00,109,26.3,true
RØ,1565,HK/86,17:43:00,RT/86,17:49:00,74,8.1,false
RØ,1565,RT/86,17:50:00,KS/86,17:53:00,74,4.2,false
RØ,1565,KS/86,17:54:00,MØ/86,17:57:00,74,3.5,false
RØ,1565,MØ/86,18:01:00,JY/86,18:06:00,74,6.6,false
RØ,1565,JY/86,18:07:00,SE/86,18:12:00,74,7.7,false
RØ,1565,SE/86,18:13:00,VÆ/86,18:17:00,74,5.6,false
RØ,1565,VÆ/86,18:17:00,KBØ/86,18:20:00,74,5.8,false
RØ,1565,KBØ/86,18:21:00,KB/86,18:25:00,74,2.0,false
RØ,4218,NÆ/86,09:28:00,GZ/86,09:36:00,33,14.8,true
RØ,4218,GZ/86,09:37:00,RG/86,09:43:00,33,12.0,true
RØ,4218,RG/86,09:44:00,KY/86,09:48:00,61,7.3,true
RØ,4218,KY/86,09:48:00,BO/86,09:52:00,61,6.9,true
RØ,4218,BO/86,09:53:00,VY/86,09:58:00,61,7.2,true
RØ,4218,VY/86,09:59:00,RO/86,10:05:00,61,11.2,true
RØ,4218,RO/86,10:07:00,TRK/86,10:09:00,118,3.1,true
RØ,4218,TRK/86,10:10:00,HH/86,10:13:00,118,4.0,true
RØ,4218,HH/86,10:14:00,HTÅ/86,10:18:00,118,4.7,true
RØ,4218,HTÅ/86,10:19:00,GL/86,10:23:00,128,8.3,true
RØ,4218,GL/86,10:23:00,VAL/86,10:27:00,128,7.3,true
RØ,4218,VAL/86,10:28:00,KH/86,10:34:00,128,3.9,true
RØ,4218,KH/86,10:37:00,KN/86,10:39:00,73,1.5,true
RØ,4218,KN/86,10:40:00,KK/86,10:43:00,73,1.6,true
RØ,4218,KK/86,10:44:00,HGL/86,10:46:00,86,2.1,true
RØ,4218,HGL/86,10:46:00,HL/86,10:49:00,86,2.6,true
RØ,4218,HL/86,10:50:00,KL/86,10:54:00,86,5.5,true
RØ,4218,KL/86,10:55:00,SÅ/86,10:59:00,86,5.5,true
RØ,4218,SÅ/86,11:00:00,VB/86,11:03:00,86,3.3,true
RØ,4218,VB/86,11:04:00,RU/86,11:07:00,86,4.0,true
RØ,4218,RU/86,11:08:00,OK/86,11:11:00,86,3.0,true
RØ,4218,OK/86,11:12:00,NI/86,11:15:00,86,3.4,true
RØ,4218,NI/86,11:16:00,HUM/86,11:19:00,59,3.8,true
RØ,4218,HUM/86,11:20:00,GÆ/86,11:23:00,59,3.7,true
RØ,4218,GÆ/86,11:24:00,SQ/86,11:27:00,59,2.7,true
RØ,4218,SQ/86,11:28:00,HG/86,11:32:00,59,3.5,true
RØ,4251,HG/86,12:28:00,SQ/86,12:31:00,63,3.5,true
RØ,4251,SQ/86,12:32:00,GÆ/86,12:34:00,63,2.7,true
RØ,4251,GÆ/86,12:35:00,HUM/86,12:38:00,63,3.7,true
RØ,4251,HUM/86,12:39:00,NI/86,12:42:00,63,3.8,true
RØ,4251,NI/86,12:43:00,OK/86,12:47:00,103,3.4,true
RØ,4251,OK/86,12:48:00,RU/86,12:50:00,103,3.0,true
RØ,4251,RU/86,12:51:00,VB/86,12:54:00,103,4.0,true
RØ,4251,VB/86,12:55:00,SÅ/86,12:58:00,103,3.3,true
RØ,4251,SÅ/86,12:59:00,KL/86,13:03:00,103,5.5,true
RØ,4251,KL/86,13:04:00,HL/86,13:09:00,103,5.5,true
RØ,4251,HL/86,13:10:00,HGL/86,13:12:00,103,2.6,true
RØ,4251,HGL/86,13:12:00,KK/86,13:15:00,103,2.1,true
RØ,4251,KK/86,13:17:00,KN/86,13:19:00,88,1.6,true
RØ,4251,KN/86,13:20:00,KH/86,13:23:00,88,1.5,true
RØ,4251,KH/86,13:26:00,VAL/86,13:30:00,166,3.9,true
RØ,4251,VAL/86,13:31:00,HIF/86,13:33:00,166,3.4,true
RØ,4251,HIF/86,13:33:00,HTÅ/86,13:40:00,166,12.2,true
RØ,4251,HTÅ/86,13:41:00,HH/86,13:45:00,181,4.7,true
RØ,4251,HH/86,13:46:00,TRK/86,13:49:00,181,4.0,true
RØ,4251,TRK/86,13:50:00,RO/86,13:53:00,181,3.1,true
RØ,4251,RO/86,13:54:00,VY/86,14:00:00,115,11.2,true
RØ,4251,VY/86,14:01:00,BO/86,14:06:00,115,7.2,true
RØ,4251,BO/86,14:07:00,KY/86,14:10:00,115,6.9,true
RØ,4251,KY/86,14:10:00,RG/86,14:15:00,115,7.3,true
RØ,4251,RG/86,14:16:00,GZ/86,14:22:00,69,12.0,true
RØ,4251,GZ/86,14:23:00,NÆ/86,14:32:00,69,14.8,true
RØ,4833,NÆ/86,10:13:00,MOG/86,10:16:00,15,8.5,true
RØ,4833,MOG/86,10:16:00,LU/86,10:21:00,15,7.5,true
RØ,4833,LU/86,10:22:00,VO/86,10:28:00,15,11.4,true
RØ,4833,VO/86,10:30:00,MN/86,10:33:00,14,3.8,false
RØ,4833,MN/86,10:33:00,NV/86,10:40:00,14,10.4,false
RØ,4833,NV/86,10:41:00,EK/86,10:45:00,14,4.5,false
RØ,4833,EK/86,10:46:00,TN/86,10:49:00,14,4.1,false
RØ,4833,TN/86,10:49:00,NF/86,10:52:00,14,6.0,false
RØ,4214,NÆ/86,08:28:00,GZ/86,08:36:00,72,14.8,true
RØ,4214,GZ/86,08:37:00,RG/86,08:43:00,72,12.0,true
RØ,4214,RG/86,08:44:00,KY/86,08:48:00,135,7.3,true
RØ,4214,KY/86,08:48:00,BO/86,08:52:00,135,6.9,true
RØ,4214,BO/86,08:53:00,VY/86,08:58:00,135,7.2,true
RØ,4214,VY/86,08:59:00,RO/86,09:05:00,135,11.2,true
RØ,4214,RO/86,09:07:00,TRK/86,09:09:00,246,3.1,true
RØ,4214,TRK/86,09:10:00,HH/86,09:13:00,246,4.0,true
RØ,4214,HH/86,09:14:00,HTÅ/86,09:18:00,246,4.7,true
RØ,4214,HTÅ/86,09:19:00,GL/86,09:23:00,265,8.3,true
RØ,4214,GL/86,09:23:00,VAL/86,09:27:00,265,7.3,true
RØ,4214,VAL/86,09:28:00,KH/86,09:34:00,265,3.9,true
RØ,4214,KH/86,09:37:00,KN/86,09:39:00,129,1.5,true
RØ,4214,KN/86,09:40:00,KK/86,09:43:00,129,1.6,true
RØ,4214,KK/86,09:44:00,HGL/86,09:46:00,80,2.1,true
RØ,4214,HGL/86,09:46:00,HL/86,09:49:00,80,2.6,true
RØ,4214,HL/86,09:50:00,KL/86,09:54:00,80,5.5,true
RØ,4214,KL/86,09:55:00,SÅ/86,09:59:00,80,5.5,true
RØ,4214,SÅ/86,10:00:00,VB/86,10:03:00,80,3.3,true
RØ,4214,VB/86,10:04:00,RU/86,10:07:00,80,4.0,true
RØ,4214,RU/86,10:08:00,OK/86,10:11:00,80,3.0,true
RØ,4214,OK/86,10:12:00,NI/86,10:15:00,80,3.4,true
RØ,4214,NI/86,10:16:00,HUM/86,10:19:00,54,3.8,true
RØ,4214,HUM/86,10:20:00,GÆ/86,10:23:00,54,3.7,true
RØ,4214,GÆ/86,10:24:00,SQ/86,10:27:00,54,2.7,true
RØ,4214,SQ/86,10:28:00,HG/86,10:32:00,54,3.5,true
RØ,4227,HG/86,06:28:00,SQ/86,06:31:00,94,3.5,true
RØ,4227,SQ/86,06:32:00,GÆ/86,06:34:00,94,2.7,true
RØ,4227,GÆ/86,06:35:00,HUM/86,06:38:00,94,3.7,true
RØ,4227,HUM/86,06:39:00,NI/86,06:42:00,94,3.8,true
RØ,4227,NI/86,06:43:00,OK/86,06:47:00,210,3.4,true
RØ,4227,OK/86,06:48:00,RU/86,06:50:00,210,3.0,true
RØ,4227,RU/86,06:51:00,VB/86,06:54:00,210,4.0,true
RØ,4227,VB/86,06:55:00,SÅ/86,06:58:00,210,3.3,true
RØ,4227,SÅ/86,06:59:00,KL/86,07:03:00,210,5.5,true
RØ,4227,KL/86,07:04:00,HL/86,07:09:00,210,5.5,true
RØ,4227,HL/86,07:10:00,HGL/86,07:12:00,210,2.6,true
RØ,4227,HGL/86,07:12:00,KK/86,07:15:00,210,2.1,true
RØ,4227,KK/86,07:17:00,KN/86,07:19:00,200,1.6,true
RØ,4227,KN/86,07:20:00,KH/86,07:23:00,200,1.5,true
RØ,4227,KH/86,07:26:00,VAL/86,07:30:00,424,3.9,true
RØ,4227,VAL/86,07:31:00,HIF/86,07:33:00,424,3.4,true
RØ,4227,HIF/86,07:33:00,HTÅ/86,07:40:00,424,12.2,true
RØ,4227,HTÅ/86,07:41:00,HH/86,07:45:00,473,4.7,true
RØ,4227,HH/86,07:46:00,TRK/86,07:49:00,473,4.0,true
RØ,4227,TRK/86,07:50:00,RO/86,07:53:00,473,3.1,true
RØ,4227,RO/86,07:54:00,VY/86,08:00:00,133,11.2,true
RØ,4227,VY/86,08:01:00,BO/86,08:06:00,133,7.2,true
RØ,4227,BO/86,08:07:00,KY/86,08:10:00,133,6.9,true
RØ,4227,KY/86,08:10:00,RG/86,08:15:00,133,7.3,true
RØ,4227,RG/86,08:16:00,GZ/86,08:22:00,49,12.0,true
RØ,4227,GZ/86,08:23:00,NÆ/86,08:32:00,49,14.8,true
RØ,4263,HG/86,15:28:00,SQ/86,15:31:00,56,3.5,true
RØ,4263,SQ/86,15:32:00,GÆ/86,15:34:00,56,2.7,true
RØ,4263,GÆ/86,15:35:00,HUM/86,15:38:00,56,3.7,true
RØ,4263,HUM/86,15:39:00,NI/86,15:42:00,56,3.8,true
RØ,4263,NI/86,15:43:00,OK/86,15:47:00,127,3.4,true
RØ,4263,OK/86,15:48:00,RU/86,15:50:00,127,3.0,true
RØ,4263,RU/86,15:51:00,VB/86,15:54:00,127,4.0,true
RØ,4263,VB/86,15:55:00,SÅ/86,15:58:00,127,3.3,true
RØ,4263,SÅ/86,15:59:00,KL/86,16:03:00,127,5.5,true
RØ,4263,KL/86,16:04:00,HL/86,16:09:00,127,5.5,true
RØ,4263,HL/86,16:10:00,HGL/86,16:12:00,127,2.6,true
RØ,4263,HGL/86,16:12:00,KK/86,16:15:00,127,2.1,true
RØ,4263,KK/86,16:17:00,KN/86,16:19:00,212,1.6,true
RØ,4263,KN/86,16:20:00,KH/86,16:23:00,212,1.5,true
RØ,4263,KH/86,16:26:00,VAL/86,16:30:00,440,3.9,true
RØ,4263,VAL/86,16:31:00,HIF/86,16:33:00,440,3.4,true
RØ,4263,HIF/86,16:33:00,HTÅ/86,16:40:00,440,12.2,true
RØ,4263,HTÅ/86,16:41:00,HH/86,16:45:00,484,4.7,true
RØ,4263,HH/86,16:46:00,TRK/86,16:49:00,484,4.0,true
RØ,4263,TRK/86,16:50:00,RO/86,16:53:00,484,3.1,true
RØ,4263,RO/86,16:54:00,VY/86,17:00:00,298,11.2,true
RØ,4263,VY/86,17:01:00,BO/86,17:06:00,298,7.2,true
RØ,4263,BO/86,17:07:00,KY/86,17:10:00,298,6.9,true
RØ,4263,KY/86,17:10:00,RG/86,17:15:00,298,7.3,true
RØ,4263,RG/86,17:16:00,GZ/86,17:22:00,175,12.0,true
RØ,4263,GZ/86,17:23:00,NÆ/86,17:32:00,175,14.8,true
RØ,4267,HG/86,16:28:00,SQ/86,16:31:00,44,3.5,true
RØ,4267,SQ/86,16:32:00,GÆ/86,16:34:00,44,2.7,true
RØ,4267,GÆ/86,16:35:00,HUM/86,16:38:00,44,3.7,true
RØ,4267,HUM/86,16:39:00,NI/86,16:42:00,44,3.8,true
RØ,4267,NI/86,16:43:00,OK/86,16:47:00,105,3.4,true
RØ,4267,OK/86,16:48:00,RU/86,16:50:00,105,3.0,true
RØ,4267,RU/86,16:51:00,VB/86,16:54:00,105,4.0,true
RØ,4267,VB/86,16:55:00,SÅ/86,16:58:00,105,3.3,true
RØ,4267,SÅ/86,16:59:00,KL/86,17:03:00,105,5.5,true
RØ,4267,KL/86,17:04:00,HL/86,17:09:00,105,5.5,true
RØ,4267,HL/86,17:10:00,HGL/86,17:12:00,105,2.6,true
RØ,4267,HGL/86,17:12:00,KK/86,17:15:00,105,2.1,true
RØ,4267,KK/86,17:17:00,KN/86,17:19:00,180,1.6,true
RØ,4267,KN/86,17:20:00,KH/86,17:23:00,180,1.5,true
RØ,4267,KH/86,17:26:00,VAL/86,17:30:00,344,3.9,true
RØ,4267,VAL/86,17:31:00,HIF/86,17:33:00,344,3.4,true
RØ,4267,HIF/86,17:33:00,HTÅ/86,17:40:00,344,12.2,true
RØ,4267,HTÅ/86,17:41:00,HH/86,17:45:00,349,4.7,true
RØ,4267,HH/86,17:46:00,TRK/86,17:49:00,349,4.0,true
RØ,4267,TRK/86,17:50:00,RO/86,17:53:00,349,3.1,true
RØ,4267,RO/86,17:54:00,VY/86,18:00:00,142,11.2,true
RØ,4267,VY/86,18:01:00,BO/86,18:06:00,142,7.2,true
RØ,4267,BO/86,18:07:00,KY/86,18:10:00,142,6.9,true
RØ,4267,KY/86,18:10:00,RG/86,18:15:00,142,7.3,true
RØ,4267,RG/86,18:16:00,GZ/86,18:22:00,89,12.0,true
RØ,4267,GZ/86,18:23:00,NÆ/86,18:32:00,89,14.8,true
RØ,4271,HG/86,17:28:00,SQ/86,17:31:00,25,3.5,true
RØ,4271,SQ/86,17:32:00,GÆ/86,17:34:00,25,2.7,true
RØ,4271,GÆ/86,17:35:00,HUM/86,17:38:00,25,3.7,true
RØ,4271,HUM/86,17:39:00,NI/86,17:42:00,25,3.8,true
RØ,4271,NI/86,17:43:00,OK/86,17:47:00,63,3.4,true
RØ,4271,OK/86,17:48:00,RU/86,17:50:00,63,3.0,true
RØ,4271,RU/86,17:51:00,VB/86,17:54:00,63,4.0,true
RØ,4271,VB/86,17:55:00,SÅ/86,17:58:00,63,3.3,true
RØ,4271,SÅ/86,17:59:00,KL/86,18:03:00,63,5.5,true
RØ,4271,KL/86,18:04:00,HL/86,18:09:00,63,5.5,true
RØ,4271,HL/86,18:10:00,HGL/86,18:12:00,63,2.6,true
RØ,4271,HGL/86,18:12:00,KK/86,18:15:00,63,2.1,true
RØ,4271,KK/86,18:17:00,KN/86,18:19:00,75,1.6,true
RØ,4271,KN/86,18:20:00,KH/86,18:23:00,75,1.5,true
RØ,4271,KH/86,18:26:00,VAL/86,18:30:00,135,3.9,true
RØ,4271,VAL/86,18:31:00,HIF/86,18:33:00,135,3.4,true
RØ,4271,HIF/86,18:33:00,HTÅ/86,18:40:00,135,12.2,true
RØ,4271,HTÅ/86,18:41:00,HH/86,18:45:00,115,4.7,true
RØ,4271,HH/86,18:46:00,TRK/86,18:49:00,115,4.0,true
RØ,4271,TRK/86,18:50:00,RO/86,18:53:00,115,3.1,true
RØ,4821,NÆ/86,07:13:00,MOG/86,07:16:00,31,8.5,true
RØ,4821,MOG/86,07:16:00,LU/86,07:21:00,31,7.5,true
RØ,4821,LU/86,07:22:00,VO/86,07:28:00,31,11.4,true
RØ,4821,VO/86,07:30:00,MN/86,07:33:00,32,3.8,false
RØ,4821,MN/86,07:33:00,NV/86,07:40:00,32,10.4,false
RØ,4821,NV/86,07:41:00,EK/86,07:45:00,32,4.5,false
RØ,4821,EK/86,07:46:00,TN/86,07:49:00,32,4.1,false
RØ,4821,TN/86,07:49:00,NF/86,07:52:00,32,6.0,false
RØ,4825,NÆ/86,08:13:00,MOG/86,08:16:00,36,8.5,true
RØ,4825,MOG/86,08:16:00,LU/86,08:21:00,36,7.5,true
RØ,4825,LU/86,08:22:00,VO/86,08:28:00,36,11.4,true
RØ,4825,VO/86,08:30:00,MN/86,08:33:00,21,3.8,false
RØ,4825,MN/86,08:33:00,NV/86,08:40:00,21,10.4,false
RØ,4825,NV/86,08:41:00,EK/86,08:45:00,21,4.5,false
RØ,4825,EK/86,08:46:00,TN/86,08:49:00,21,4.1,false
RØ,4825,TN/86,08:49:00,NF/86,08:52:00,21,6.0,false
RØ,4829,NÆ/86,09:13:00,MOG/86,09:16:00,33,8.5,true
RØ,4829,MOG/86,09:16:00,LU/86,09:21:00,33,7.5,true
RØ,4829,LU/86,09:22:00,VO/86,09:28:00,33,11.4,true
RØ,4829,VO/86,09:30:00,MN/86,09:33:00,31,3.8,false
RØ,4829,MN/86,09:33:00,NV/86,09:40:00,31,10.4,false
RØ,4829,NV/86,09:41:00,EK/86,09:45:00,31,4.5,false
RØ,4829,EK/86,09:46:00,TN/86,09:49:00,31,4.1,false
RØ,4829,TN/86,09:49:00,NF/86,09:52:00,31,6.0,false
RØ,4837,NÆ/86,11:13:00,MOG/86,11:16:00,11,8.5,true
RØ,4837,MOG/86,11:16:00,LU/86,11:21:00,11,7.5,true
RØ,4837,LU/86,11:22:00,VO/86,11:28:00,11,11.4,true
RØ,4837,VO/86,11:30:00,MN/86,11:33:00,15,3.8,false
RØ,4837,MN/86,11:33:00,NV/86,11:40:00,15,10.4,false
RØ,4837,NV/86,11:41:00,EK/86,11:45:00,15,4.5,false
RØ,4837,EK/86,11:46:00,TN/86,11:49:00,15,4.1,false
RØ,4837,TN/86,11:49:00,NF/86,11:52:00,15,6.0,false
RØ,4841,NÆ/86,12:13:00,MOG/86,12:16:00,18,8.5,true
RØ,4841,MOG/86,12:16:00,LU/86,12:21:00,18,7.5,true
RØ,4841,LU/86,12:22:00,VO/86,12:28:00,18,11.4,true
RØ,4841,VO/86,12:30:00,MN/86,12:33:00,17,3.8,false
RØ,4841,MN/86,12:33:00,NV/86,12:40:00,17,10.4,false
RØ,4841,NV/86,12:41:00,EK/86,12:45:00,17,4.5,false
RØ,4841,EK/86,12:46:00,TN/86,12:49:00,17,4.1,false
RØ,4841,TN/86,12:49:00,NF/86,12:52:00,17,6.0,false
RØ,4845,NÆ/86,13:13:00,MOG/86,13:16:00,19,8.5,true
RØ,4845,MOG/86,13:16:00,LU/86,13:21:00,19,7.5,true
RØ,4845,LU/86,13:22:00,VO/86,13:28:00,19,11.4,true
RØ,4845,VO/86,13:30:00,MN/86,13:33:00,22,3.8,false
RØ,4845,MN/86,13:33:00,NV/86,13:40:00,22,10.4,false
RØ,4845,NV/86,13:41:00,EK/86,13:45:00,22,4.5,false
RØ,4845,EK/86,13:46:00,TN/86,13:49:00,22,4.1,false
RØ,4845,TN/86,13:49:00,NF/86,13:52:00,22,6.0,false
RØ,4849,NÆ/86,14:13:00,MOG/86,14:16:00,36,8.5,true
RØ,4849,MOG/86,14:16:00,LU/86,14:21:00,36,7.5,true
RØ,4849,LU/86,14:22:00,VO/86,14:28:00,36,11.4,true
RØ,4849,VO/86,14:30:00,MN/86,14:33:00,38,3.8,false
RØ,4849,MN/86,14:33:00,NV/86,14:40:00,38,10.4,false
RØ,4849,NV/86,14:41:00,EK/86,14:45:00,38,4.5,false
RØ,4849,EK/86,14:46:00,TN/86,14:49:00,38,4.1,false
RØ,4849,TN/86,14:49:00,NF/86,14:52:00,38,6.0,false
RØ,4853,NÆ/86,15:13:00,MOG/86,15:16:00,53,8.5,true
RØ,4853,MOG/86,15:16:00,LU/86,15:21:00,53,7.5,true
RØ,4853,LU/86,15:22:00,VO/86,15:28:00,53,11.4,true
RØ,4853,VO/86,15:30:00,MN/86,15:32:00,42,3.8,false
RØ,4853,MN/86,15:32:00,NV/86,15:40:00,42,10.4,false
RØ,4853,NV/86,15:41:00,EK/86,15:45:00,42,4.5,false
RØ,4853,EK/86,15:46:00,TN/86,15:48:00,42,4.1,false
RØ,4853,TN/86,15:48:00,NF/86,15:52:00,42,6.0,false
RØ,4857,NÆ/86,16:13:00,MOG/86,16:16:00,48,8.5,true
RØ,4857,MOG/86,16:16:00,LU/86,16:21:00,48,7.5,true
RØ,4857,LU/86,16:22:00,VO/86,16:28:00,48,11.4,true
RØ,4857,VO/86,16:30:00,MN/86,16:32:00,30,3.8,false
RØ,4857,MN/86,16:32:00,NV/86,16:40:00,30,10.4,false
RØ,4857,NV/86,16:41:00,EK/86,16:45:00,30,4.5,false
RØ,4857,EK/86,16:46:00,TN/86,16:48:00,30,4.1,false
RØ,4857,TN/86,16:48:00,NF/86,16:52:00,30,6.0,false
RØ,4865,NÆ/86,18:13:00,MOG/86,18:16:00,20,8.5,true
RØ,4865,MOG/86,18:16:00,LU/86,18:21:00,20,7.5,true
RØ,4865,LU/86,18:22:00,VO/86,18:28:00,20,11.4,true
RØ,4865,VO/86,18:30:00,MN/86,18:33:00,13,3.8,false
RØ,4865,MN/86,18:33:00,NV/86,18:40:00,13,10.4,false
RØ,4865,NV/86,18:41:00,EK/86,18:45:00,13,4.5,false
RØ,4865,EK/86,18:46:00,TN/86,18:49:00,13,4.1,false
RØ,4865,TN/86,18:49:00,NF/86,18:52:00,13,6.0,false
RØ,4869,NÆ/86,19:13:00,MOG/86,19:16:00,24,8.5,true
RØ,4869,MOG/86,19:16:00,LU/86,19:21:00,24,7.5,true
RØ,4869,LU/86,19:22:00,VO/86,19:28:00,24,11.4,true
RØ,4869,VO/86,19:30:00,MN/86,19:33:00,15,3.8,false
RØ,4869,MN/86,19:33:00,NV/86,19:40:00,15,10.4,false
RØ,4869,NV/86,19:41:00,EK/86,19:45:00,15,4.5,false
RØ,4869,EK/86,19:46:00,TN/86,19:49:00,15,4.1,false
RØ,4869,TN/86,19:49:00,NF/86,19:52:00,15,6.0,false
RØ,4873,NÆ/86,20:13:00,MOG/86,20:16:00,20,8.5,true
RØ,4873,MOG/86,20:16:00,LU/86,20:21:00,20,7.5,true
RØ,4873,LU/86,20:22:00,VO/86,20:28:00,20,11.4,true
RØ,4873,VO/86,20:30:00,MN/86,20:33:00,29,3.8,false
RØ,4873,MN/86,20:33:00,NV/86,20:40:00,29,10.4,false
RØ,4873,NV/86,20:41:00,EK/86,20:45:00,29,4.5,false
RØ,4873,EK/86,20:46:00,TN/86,20:49:00,29,4.1,false
RØ,4873,TN/86,20:49:00,NF/86,20:52:00,29,6.0,false
RØ,4804,NF/86,05:07:00,TN/86,05:10:00,18,6.0,false
RØ,4804,TN/86,05:10:00,EK/86,05:12:00,18,4.1,false
RØ,4804,EK/86,05:13:00,NV/86,05:17:00,18,4.5,false
RØ,4804,NV/86,05:18:00,OH/86,05:21:00,18,5.0,false
RØ,4804,OH/86,05:21:00,VO/86,05:28:00,18,9.2,false
RØ,4804,VO/86,05:30:00,LU/86,05:36:00,18,11.4,true
RØ,4804,LU/86,05:37:00,MOG/86,05:42:00,18,7.5,true
RØ,4804,MOG/86,05:42:00,NÆ/86,05:46:00,18,8.5,true
RØ,4808,NF/86,06:06:00,TN/86,06:09:00,16,6.0,false
RØ,4808,TN/86,06:09:00,EK/86,06:11:00,16,4.1,false
RØ,4808,EK/86,06:12:00,NV/86,06:16:00,16,4.5,false
RØ,4808,NV/86,06:17:00,OH/86,06:20:00,16,5.0,false
RØ,4808,OH/86,06:20:00,VO/86,06:27:00,16,9.2,false
RØ,4808,VO/86,06:29:00,LU/86,06:35:00,13,11.4,true
RØ,4808,LU/86,06:36:00,MOG/86,06:41:00,13,7.5,true
RØ,4808,MOG/86,06:41:00,NÆ/86,06:45:00,13,8.5,true
RØ,4812,NF/86,07:07:00,TN/86,07:10:00,28,6.0,false
RØ,4812,TN/86,07:10:00,EK/86,07:12:00,28,4.1,false
RØ,4812,EK/86,07:13:00,NV/86,07:17:00,28,4.5,false
RØ,4812,NV/86,07:18:00,OH/86,07:21:00,28,5.0,false
RØ,4812,OH/86,07:21:00,VO/86,07:28:00,28,9.2,false
RØ,4812,VO/86,07:30:00,LU/86,07:36:00,29,11.4,true
RØ,4812,LU/86,07:37:00,MOG/86,07:42:00,29,7.5,true
RØ,4812,MOG/86,07:42:00,NÆ/86,07:46:00,29,8.5,true
RØ,4816,NF/86,08:07:00,TN/86,08:10:00,21,6.0,false
RØ,4816,TN/86,08:10:00,EK/86,08:12:00,21,4.1,false
RØ,4816,EK/86,08:13:00,NV/86,08:17:00,21,4.5,false
RØ,4816,NV/86,08:18:00,OH/86,08:21:00,21,5.0,false
RØ,4816,OH/86,08:21:00,VO/86,08:28:00,21,9.2,false
RØ,4816,VO/86,08:30:00,LU/86,08:36:00,25,11.4,true
RØ,4816,LU/86,08:37:00,MOG/86,08:42:00,25,7.5,true
RØ,4816,MOG/86,08:42:00,NÆ/86,08:46:00,25,8.5,true
RØ,4820,NF/86,09:07:00,TN/86,09:10:00,16,6.0,false
RØ,4820,TN/86,09:10:00,EK/86,09:12:00,16,4.1,false
RØ,4820,EK/86,09:13:00,NV/86,09:17:00,16,4.5,false
RØ,4820,NV/86,09:18:00,OH/86,09:21:00,16,5.0,false
RØ,4820,OH/86,09:21:00,VO/86,09:28:00,16,9.2,false
RØ,4820,VO/86,09:30:00,LU/86,09:36:00,19,11.4,true
RØ,4820,LU/86,09:37:00,MOG/86,09:42:00,19,7.5,true
RØ,4820,MOG/86,09:42:00,NÆ/86,09:46:00,19,8.5,true
RØ,4824,NF/86,10:07:00,TN/86,10:10:00,12,6.0,false
RØ,4824,TN/86,10:10:00,EK/86,10:12:00,12,4.1,false
RØ,4824,EK/86,10:13:00,NV/86,10:17:00,12,4.5,false
RØ,4824,NV/86,10:18:00,OH/86,10:21:00,12,5.0,false
RØ,4824,OH/86,10:21:00,VO/86,10:28:00,12,9.2,false
RØ,4824,VO/86,10:30:00,LU/86,10:36:00,15,11.4,true
RØ,4824,LU/86,10:37:00,MOG/86,10:42:00,15,7.5,true
RØ,4824,MOG/86,10:42:00,NÆ/86,10:46:00,15,8.5,true
RØ,4828,NF/86,11:07:00,TN/86,11:10:00,14,6.0,false
RØ,4828,TN/86,11:10:00,EK/86,11:12:00,14,4.1,false
RØ,4828,EK/86,11:13:00,NV/86,11:17:00,14,4.5,false
RØ,4828,NV/86,11:18:00,OH/86,11:21:00,14,5.0,false
RØ,4828,OH/86,11:21:00,VO/86,11:28:00,14,9.2,false
RØ,4828,VO/86,11:30:00,LU/86,11:36:00,14,11.4,true
RØ,4828,LU/86,11:37:00,MOG/86,11:42:00,14,7.5,true
RØ,4828,MOG/86,11:42:00,NÆ/86,11:46:00,14,8.5,true
RØ,4832,NF/86,12:07:00,TN/86,12:10:00,19,6.0,false
RØ,4832,TN/86,12:10:00,EK/86,12:12:00,19,4.1,false
RØ,4832,EK/86,12:13:00,NV/86,12:17:00,19,4.5,false
RØ,4832,NV/86,12:18:00,OH/86,12:21:00,19,5.0,false
RØ,4832,OH/86,12:21:00,VO/86,12:28:00,19,9.2,false
RØ,4832,VO/86,12:30:00,LU/86,12:36:00,23,11.4,true
RØ,4832,LU/86,12:37:00,MOG/86,12:42:00,23,7.5,true
RØ,4832,MOG/86,12:42:00,NÆ/86,12:46:00,23,8.5,true
RØ,4836,NF/86,13:07:00,TN/86,13:10:00,27,6.0,false
RØ,4836,TN/86,13:10:00,EK/86,13:12:00,27,4.1,false
RØ,4836,EK/86,13:13:00,NV/86,13:17:00,27,4.5,false
RØ,4836,NV/86,13:18:00,OH/86,13:21:00,27,5.0,false
RØ,4836,OH/86,13:21:00,VO/86,13:28:00,27,9.2,false
RØ,4836,VO/86,13:30:00,LU/86,13:36:00,29,11.4,true
RØ,4836,LU/86,13:37:00,MOG/86,13:42:00,29,7.5,true
RØ,4836,MOG/86,13:42:00,NÆ/86,13:46:00,29,8.5,true
RØ,4840,NF/86,14:07:00,TN/86,14:10:00,37,6.0,false
RØ,4840,TN/86,14:10:00,EK/86,14:12:00,37,4.1,false
RØ,4840,EK/86,14:13:00,NV/86,14:17:00,37,4.5,false
RØ,4840,NV/86,14:18:00,OH/86,14:21:00,37,5.0,false
RØ,4840,OH/86,14:21:00,VO/86,14:28:00,37,9.2,false
RØ,4840,VO/86,14:30:00,LU/86,14:36:00,42,11.4,true
RØ,4840,LU/86,14:37:00,MOG/86,14:42:00,42,7.5,true
RØ,4840,MOG/86,14:42:00,NÆ/86,14:46:00,42,8.5,true
RØ,4844,NF/86,15:07:00,TN/86,15:10:00,41,6.0,false
RØ,4844,TN/86,15:10:00,EK/86,15:12:00,41,4.1,false
RØ,4844,EK/86,15:13:00,NV/86,15:17:00,41,4.5,false
RØ,4844,NV/86,15:18:00,OH/86,15:21:00,41,5.0,false
RØ,4844,OH/86,15:21:00,VO/86,15:28:00,41,9.2,false
RØ,4844,VO/86,15:30:00,LU/86,15:36:00,53,11.4,true
RØ,4844,LU/86,15:37:00,MOG/86,15:42:00,53,7.5,true
RØ,4844,MOG/86,15:42:00,NÆ/86,15:46:00,53,8.5,true
RØ,4848,NF/86,16:07:00,TN/86,16:10:00,34,6.0,false
RØ,4848,TN/86,16:10:00,EK/86,16:12:00,34,4.1,false
RØ,4848,EK/86,16:13:00,NV/86,16:17:00,34,4.5,false
RØ,4848,NV/86,16:18:00,OH/86,16:21:00,34,5.0,false
RØ,4848,OH/86,16:21:00,VO/86,16:28:00,34,9.2,false
RØ,4848,VO/86,16:30:00,LU/86,16:36:00,34,11.4,true
RØ,4848,LU/86,16:37:00,MOG/86,16:42:00,34,7.5,true
RØ,4848,MOG/86,16:42:00,NÆ/86,16:46:00,34,8.5,true
RØ,4852,NF/86,17:07:00,TN/86,17:10:00,21,6.0,false
RØ,4852,TN/86,17:10:00,EK/86,17:12:00,21,4.1,false
RØ,4852,EK/86,17:13:00,NV/86,17:17:00,21,4.5,false
RØ,4852,NV/86,17:18:00,OH/86,17:21:00,21,5.0,false
RØ,4852,OH/86,17:21:00,VO/86,17:28:00,21,9.2,false
RØ,4852,VO/86,17:30:00,LU/86,17:36:00,19,11.4,true
RØ,4852,LU/86,17:37:00,MOG/86,17:42:00,19,7.5,true
RØ,4852,MOG/86,17:42:00,NÆ/86,17:46:00,19,8.5,true
RØ,4856,NF/86,18:07:00,TN/86,18:10:00,13,6.0,false
RØ,4856,TN/86,18:10:00,EK/86,18:12:00,13,4.1,false
RØ,4856,EK/86,18:13:00,NV/86,18:17:00,13,4.5,false
RØ,4856,NV/86,18:18:00,OH/86,18:21:00,13,5.0,false
RØ,4856,OH/86,18:21:00,VO/86,18:28:00,13,9.2,false
RØ,4856,VO/86,18:30:00,LU/86,18:36:00,8,11.4,true
RØ,4856,LU/86,18:37:00,MOG/86,18:42:00,8,7.5,true
RØ,4856,MOG/86,18:42:00,NÆ/86,18:46:00,8,8.5,true
RØ,4860,NF/86,19:07:00,TN/86,19:10:00,9,6.0,false
RØ,4860,TN/86,19:10:00,EK/86,19:12:00,9,4.1,false
RØ,4860,EK/86,19:13:00,NV/86,19:17:00,9,4.5,false
RØ,4860,NV/86,19:18:00,OH/86,19:21:00,9,5.0,false
RØ,4860,OH/86,19:21:00,VO/86,19:28:00,9,9.2,false
RØ,4860,VO/86,19:30:00,LU/86,19:36:00,8,11.4,true
RØ,4860,LU/86,19:37:00,MOG/86,19:42:00,8,7.5,true
RØ,4860,MOG/86,19:42:00,NÆ/86,19:46:00,8,8.5,true
RØ,2272,KH/86,00:07:00,KN/86,00:09:00,16,1.5,true
RØ,2272,KN/86,00:10:00,KK/86,00:13:00,16,1.6,true
RØ,2272,KK/86,00:14:00,HGL/86,00:16:00,29,2.1,true
RØ,2272,HGL/86,00:16:00,HL/86,00:19:00,29,2.6,true
RØ,2272,HL/86,00:20:00,KL/86,00:24:00,29,5.5,true
RØ,2272,KL/86,00:25:00,SÅ/86,00:29:00,29,5.5,true
RØ,2272,SÅ/86,00:30:00,VB/86,00:33:00,29,3.3,true
RØ,2272,VB/86,00:34:00,RU/86,00:37:00,29,4.0,true
RØ,2272,RU/86,00:38:00,OK/86,00:41:00,29,3.0,true
RØ,2272,OK/86,00:42:00,NI/86,00:45:00,29,3.4,true
RØ,2272,NI/86,00:46:00,HUM/86,00:49:00,15,3.8,true
RØ,2272,HUM/86,00:50:00,GÆ/86,00:53:00,15,3.7,true
RØ,2272,GÆ/86,00:54:00,SQ/86,00:57:00,15,2.7,true
RØ,2272,SQ/86,00:58:00,HG/86,01:02:00,15,3.5,true
RØ,2599,HG/86,00:28:00,SQ/86,00:31:00,8,3.5,true
RØ,2599,SQ/86,00:32:00,GÆ/86,00:34:00,8,2.7,true
RØ,2599,GÆ/86,00:35:00,HUM/86,00:38:00,8,3.7,true
RØ,2599,HUM/86,00:39:00,NI/86,00:42:00,8,3.8,true
RØ,2599,NI/86,00:43:00,OK/86,00:47:00,16,3.4,true
RØ,2599,OK/86,00:48:00,RU/86,00:50:00,16,3.0,true
RØ,2599,RU/86,00:51:00,VB/86,00:54:00,16,4.0,true
RØ,2599,VB/86,00:55:00,SÅ/86,00:58:00,16,3.3,true
RØ,2599,SÅ/86,00:59:00,KL/86,01:03:00,16,5.5,true
RØ,2599,KL/86,01:04:00,HL/86,01:09:00,16,5.5,true
RØ,2599,HL/86,01:10:00,HGL/86,01:12:00,16,2.6,true
RØ,2599,HGL/86,01:12:00,KK/86,01:15:00,16,2.1,true
RØ,2599,KK/86,01:17:00,KN/86,01:19:00,12,1.6,true
RØ,2599,KN/86,01:20:00,KH/86,01:23:00,12,1.5,true
RØ,4426,NÆ/86,11:06:00,NÆN/86,11:09:00,20,3.1,true
RØ,4426,NÆN/86,11:10:00,OL/86,11:14:00,20,4.3,true
RØ,4426,OL/86,11:15:00,HZ/86,11:21:00,20,10.9,true
RØ,4426,HZ/86,11:22:00,TH/86,11:27:00,20,8.8,true
RØ,4426,TH/86,11:30:00,HF/86,11:34:00,20,6.4,true
RØ,4426,HF/86,11:35:00,KJ/86,11:39:00,20,5.5,true
RØ,4426,KJ/86,11:45:00,ØLB/86,11:47:00,46,2.7,true
RØ,4426,ØLB/86,11:48:00,KJN/86,11:51:00,46,2.2,true
RØ,4426,KJN/86,11:52:00,JSF/86,11:53:00,54,2.5,true
RØ,4426,JSF/86,11:53:00,NEL/86,12:06:20,54,28.2,true
RØ,4426,NEL/86,12:07:20,GB/86,12:09:00,54,1.4,true
RØ,4426,GB/86,12:09:00,KH/86,12:13:00,54,3.2,true
RØ,4426,KH/86,12:16:00,KN/86,12:18:00,32,1.5,true
RØ,4426,KN/86,12:19:00,KK/86,12:22:00,32,1.6,true
RØ,4430,NÆ/86,12:06:00,NÆN/86,12:09:00,28,3.1,true
RØ,4430,NÆN/86,12:10:00,OL/86,12:14:00,28,4.3,true
RØ,4430,OL/86,12:15:00,HZ/86,12:21:00,28,10.9,true
RØ,4430,HZ/86,12:22:00,TH/86,12:27:00,28,8.8,true
RØ,4430,TH/86,12:30:00,HF/86,12:34:00,28,6.4,true
RØ,4430,HF/86,12:35:00,KJ/86,12:39:00,28,5.5,true
RØ,4430,KJ/86,12:45:00,ØLB/86,12:47:00,38,2.7,true
RØ,4430,ØLB/86,12:48:00,KJN/86,12:51:00,38,2.2,true
RØ,4430,KJN/86,12:52:00,JSF/86,12:53:00,44,2.5,true
RØ,4430,JSF/86,12:53:00,NEL/86,13:06:20,44,28.2,true
RØ,4430,NEL/86,13:07:20,GB/86,13:09:00,44,1.4,true
RØ,4430,GB/86,13:09:00,KH/86,13:13:00,44,3.2,true
RØ,4430,KH/86,13:16:00,KN/86,13:18:00,20,1.5,true
RØ,4430,KN/86,13:19:00,KK/86,13:22:00,20,1.6,true
RØ,4469,KH/86,17:47:00,GB/86,17:50:00,93,3.2,true
RØ,4469,GB/86,17:50:00,NEL/86,17:51:00,93,1.4,true
RØ,4469,NEL/86,17:52:00,IG/86,17:53:00,93,1.6,true
RØ,4469,IG/86,17:53:00,KJN/86,18:06:00,93,29.1,true
RØ,4469,KJN/86,18:07:00,ØLB/86,18:10:00,75,2.2,true
RØ,4469,ØLB/86,18:11:00,KJ/86,18:13:00,75,2.7,true
RØ,4469,KJ/86,18:19:00,HF/86,18:23:00,30,5.5,true
RØ,4469,HF/86,18:24:00,TH/86,18:29:00,30,6.4,true
RØ,4469,TH/86,18:30:00,HZ/86,18:35:00,30,8.8,true
RØ,4469,HZ/86,18:36:00,OL/86,18:42:00,30,10.9,true
RØ,4469,OL/86,18:44:00,NÆN/86,18:47:00,30,4.3,true
RØ,4469,NÆN/86,18:48:00,NÆ/86,18:52:00,30,3.1,true
RØ,4473,KH/86,18:47:00,GB/86,18:50:00,59,3.2,true
RØ,4473,GB/86,18:50:00,NEL/86,18:51:00,59,1.4,true
RØ,4473,NEL/86,18:52:00,IG/86,18:53:00,59,1.6,true
RØ,4473,IG/86,18:53:00,KJN/86,19:06:00,59,29.1,true
RØ,4473,KJN/86,19:07:00,ØLB/86,19:10:00,48,2.2,true
RØ,4473,ØLB/86,19:11:00,KJ/86,19:13:00,48,2.7,true
RØ,4473,KJ/86,19:19:00,HF/86,19:23:00,24,5.5,true
RØ,4473,HF/86,19:24:00,TH/86,19:29:00,24,6.4,true
RØ,4473,TH/86,19:30:00,HZ/86,19:35:00,24,8.8,true
RØ,4473,HZ/86,19:36:00,OL/86,19:42:00,24,10.9,true
RØ,4473,OL/86,19:44:00,NÆN/86,19:47:00,24,4.3,true
RØ,4473,NÆN/86,19:48:00,NÆ/86,19:52:00,24,3.1,true
RØ,1577,KH/86,20:02:00,VAL/86,20:05:00,75,3.9,true
RØ,1577,VAL/86,20:05:00,HTÅ/86,20:13:00,75,15.6,true
RØ,1577,HTÅ/86,20:15:00,HH/86,20:18:00,67,4.7,true
RØ,1577,HH/86,20:18:00,RO/86,20:22:00,67,7.1,true
RØ,1577,RO/86,20:24:00,LJ/86,20:29:00,53,9.5,true
RØ,1577,LJ/86,20:29:00,HK/86,20:41:00,53,26.3,true
RØ,1577,HK/86,20:43:00,RT/86,20:49:00,49,8.1,false
RØ,1577,RT/86,20:50:00,KS/86,20:53:00,49,4.2,false
RØ,1577,KS/86,20:54:00,MØ/86,20:57:00,49,3.5,false
RØ,1577,MØ/86,21:01:00,JY/86,21:06:00,49,6.6,false
RØ,1577,JY/86,21:07:00,SE/86,21:12:00,49,7.7,false
RØ,1577,SE/86,21:13:00,VÆ/86,21:17:00,49,5.6,false
RØ,1577,VÆ/86,21:17:00,KBØ/86,21:20:00,49,5.8,false
RØ,1577,KBØ/86,21:21:00,KB/86,21:25:00,49,2.0,false
RØ,2260,NÆ/86,19:58:00,GZ/86,20:06:00,16,14.8,true
RØ,2260,GZ/86,20:07:00,RG/86,20:13:00,16,12.0,true
RØ,2260,RG/86,20:14:00,KY/86,20:18:00,28,7.3,true
RØ,2260,KY/86,20:18:00,BO/86,20:22:00,28,6.9,true
RØ,2260,BO/86,20:23:00,VY/86,20:28:00,28,7.2,true
RØ,2260,VY/86,20:29:00,RO/86,20:35:00,28,11.2,true
RØ,2260,RO/86,20:37:00,TRK/86,20:39:00,28,3.1,true
RØ,2260,TRK/86,20:40:00,HH/86,20:43:00,28,4.0,true
RØ,2260,HH/86,20:44:00,HTÅ/86,20:48:00,28,4.7,true
RØ,2260,HTÅ/86,20:49:00,GL/86,20:53:00,41,8.3,true
RØ,2260,GL/86,20:53:00,VAL/86,20:57:00,41,7.3,true
RØ,2260,VAL/86,20:58:00,KH/86,21:04:00,41,3.9,true
RØ,2260,KH/86,21:07:00,KN/86,21:09:00,67,1.5,true
RØ,2260,KN/86,21:10:00,KK/86,21:13:00,67,1.6,true
RØ,2260,KK/86,21:14:00,HGL/86,21:16:00,88,2.1,true
RØ,2260,HGL/86,21:16:00,HL/86,21:19:00,88,2.6,true
RØ,2260,HL/86,21:20:00,KL/86,21:24:00,88,5.5,true
RØ,2260,KL/86,21:25:00,SÅ/86,21:29:00,88,5.5,true
RØ,2260,SÅ/86,21:30:00,VB/86,21:33:00,88,3.3,true
RØ,2260,VB/86,21:34:00,RU/86,21:37:00,88,4.0,true
RØ,2260,RU/86,21:38:00,OK/86,21:41:00,88,3.0,true
RØ,2260,OK/86,21:42:00,NI/86,21:45:00,88,3.4,true
RØ,2260,NI/86,21:46:00,HUM/86,21:49:00,47,3.8,true
RØ,2260,HUM/86,21:50:00,GÆ/86,21:53:00,47,3.7,true
RØ,2260,GÆ/86,21:54:00,SQ/86,21:57:00,47,2.7,true
RØ,2260,SQ/86,21:58:00,HG/86,22:02:00,47,3.5,true
RØ,1273,KH/86,19:08:00,GB/86,19:11:00,88,3.2,true
RØ,1273,GB/86,19:11:00,NEL/86,19:12:00,88,1.4,true
RØ,1273,NEL/86,19:13:00,IG/86,19:14:00,88,1.6,true
RØ,1273,IG/86,19:14:00,RG/86,19:37:00,88,55.5,true
RØ,1273,RG/86,19:39:00,GZ/86,19:44:00,82,12.0,true
RØ,1273,GZ/86,19:44:00,NÆ/86,19:51:00,82,14.8,true
RØ,1273,NÆ/86,19:53:00,MOG/86,19:56:00,59,8.5,true
RØ,1273,MOG/86,19:56:00,VO/86,20:05:00,59,18.9,true
RØ,1273,VO/86,20:07:00,MN/86,20:10:00,45,3.8,false
RØ,1273,MN/86,20:10:00,NF/86,20:23:00,45,25.0,false
RØ,1224,NF/86,10:38:00,TN/86,10:41:00,53,6.0,false
RØ,1224,TN/86,10:41:00,VO/86,10:53:00,53,22.8,false
RØ,1224,VO/86,10:55:00,LU/86,11:00:00,76,11.4,true
RØ,1224,LU/86,11:00:00,NÆ/86,11:07:00,76,16.0,true
RØ,1224,NÆ/86,11:10:00,GZ/86,11:16:00,103,14.8,true
RØ,1224,GZ/86,11:16:00,RG/86,11:22:00,103,12.0,true
RØ,1224,RG/86,11:23:00,ADA/86,11:27:00,99,5.0,true
RØ,1224,ADA/86,11:27:00,NEL/86,11:47:00,99,52.1,true
RØ,1224,NEL/86,11:49:00,GB/86,11:50:00,99,1.4,true
RØ,1224,GB/86,11:50:00,KH/86,11:55:00,99,3.2,true
RØ,1240,NF/86,14:38:00,TN/86,14:41:00,67,6.0,false
RØ,1240,TN/86,14:41:00,VO/86,14:53:00,67,22.8,false
RØ,1240,VO/86,14:55:00,LU/86,15:00:00,103,11.4,true
RØ,1240,LU/86,15:00:00,NÆ/86,15:07:00,103,16.0,true
RØ,1240,NÆ/86,15:10:00,GZ/86,15:16:00,157,14.8,true
RØ,1240,GZ/86,15:16:00,RG/86,15:22:00,157,12.0,true
RØ,1240,RG/86,15:23:00,ADA/86,15:27:00,150,5.0,true
RØ,1240,ADA/86,15:27:00,NEL/86,15:47:00,150,52.1,true
RØ,1240,NEL/86,15:49:00,GB/86,15:50:00,150,1.4,true
RØ,1240,GB/86,15:50:00,KH/86,15:55:00,150,3.2,true
RØ,2212,NÆ/86,07:58:00,GZ/86,08:06:00,76,14.8,true
RØ,2212,GZ/86,08:07:00,RG/86,08:13:00,76,12.0,true
RØ,2212,RG/86,08:14:00,KY/86,08:18:00,151,7.3,true
RØ,2212,KY/86,08:18:00,BO/86,08:22:00,151,6.9,true
RØ,2212,BO/86,08:23:00,VY/86,08:28:00,151,7.2,true
RØ,2212,VY/86,08:29:00,RO/86,08:35:00,151,11.2,true
RØ,2212,RO/86,08:37:00,TRK/86,08:39:00,187,3.1,true
RØ,2212,TRK/86,08:40:00,HH/86,08:43:00,187,4.0,true
RØ,2212,HH/86,08:44:00,HTÅ/86,08:48:00,187,4.7,true
RØ,2212,HTÅ/86,08:49:00,GL/86,08:53:00,203,8.3,true
RØ,2212,GL/86,08:53:00,VAL/86,08:57:00,203,7.3,true
RØ,2212,VAL/86,08:58:00,KH/86,09:04:00,203,3.9,true
RØ,2212,KH/86,09:07:00,KN/86,09:09:00,103,1.5,true
RØ,2212,KN/86,09:10:00,KK/86,09:13:00,103,1.6,true
RØ,2212,KK/86,09:14:00,HGL/86,09:16:00,76,2.1,true
RØ,2212,HGL/86,09:16:00,HL/86,09:19:00,76,2.6,true
RØ,2212,HL/86,09:20:00,KL/86,09:24:00,76,5.5,true
RØ,2212,KL/86,09:25:00,SÅ/86,09:29:00,76,5.5,true
RØ,2212,SÅ/86,09:30:00,VB/86,09:33:00,76,3.3,true
RØ,2212,VB/86,09:34:00,RU/86,09:37:00,76,4.0,true
RØ,2212,RU/86,09:38:00,OK/86,09:41:00,76,3.0,true
RØ,2212,OK/86,09:42:00,NI/86,09:45:00,76,3.4,true
RØ,2212,NI/86,09:46:00,HUM/86,09:49:00,46,3.8,true
RØ,2212,HUM/86,09:50:00,GÆ/86,09:53:00,46,3.7,true
RØ,2212,GÆ/86,09:54:00,SQ/86,09:57:00,46,2.7,true
RØ,2212,SQ/86,09:58:00,HG/86,10:02:00,46,3.5,true
RØ,2220,NÆ/86,09:58:00,GZ/86,10:06:00,37,14.8,true
RØ,2220,GZ/86,10:07:00,RG/86,10:13:00,37,12.0,true
RØ,2220,RG/86,10:14:00,KY/86,10:18:00,56,7.3,true
RØ,2220,KY/86,10:18:00,BO/86,10:22:00,56,6.9,true
RØ,2220,BO/86,10:23:00,VY/86,10:28:00,56,7.2,true
RØ,2220,VY/86,10:29:00,RO/86,10:35:00,56,11.2,true
RØ,2220,RO/86,10:37:00,TRK/86,10:39:00,72,3.1,true
RØ,2220,TRK/86,10:40:00,HH/86,10:43:00,72,4.0,true
RØ,2220,HH/86,10:44:00,HTÅ/86,10:48:00,72,4.7,true
RØ,2220,HTÅ/86,10:49:00,GL/86,10:53:00,82,8.3,true
RØ,2220,GL/86,10:53:00,VAL/86,10:57:00,82,7.3,true
RØ,2220,VAL/86,10:58:00,KH/86,11:04:00,82,3.9,true
RØ,2220,KH/86,11:07:00,KN/86,11:09:00,54,1.5,true
RØ,2220,KN/86,11:10:00,KK/86,11:13:00,54,1.6,true
RØ,2220,KK/86,11:14:00,HGL/86,11:16:00,82,2.1,true
RØ,2220,HGL/86,11:16:00,HL/86,11:19:00,82,2.6,true
RØ,2220,HL/86,11:20:00,KL/86,11:24:00,82,5.5,true
RØ,2220,KL/86,11:25:00,SÅ/86,11:29:00,82,5.5,true
RØ,2220,SÅ/86,11:30:00,VB/86,11:33:00,82,3.3,true
RØ,2220,VB/86,11:34:00,RU/86,11:37:00,82,4.0,true
RØ,2220,RU/86,11:38:00,OK/86,11:41:00,82,3.0,true
RØ,2220,OK/86,11:42:00,NI/86,11:45:00,82,3.4,true
RØ,2220,NI/86,11:46:00,HUM/86,11:49:00,53,3.8,true
RØ,2220,HUM/86,11:50:00,GÆ/86,11:53:00,53,3.7,true
RØ,2220,GÆ/86,11:54:00,SQ/86,11:57:00,53,2.7,true
RØ,2220,SQ/86,11:58:00,HG/86,12:02:00,53,3.5,true
RØ,2224,NÆ/86,10:58:00,GZ/86,11:06:00,35,14.8,true
RØ,2224,GZ/86,11:07:00,RG/86,11:13:00,35,12.0,true
RØ,2224,RG/86,11:14:00,KY/86,11:18:00,62,7.3,true
RØ,2224,KY/86,11:18:00,BO/86,11:22:00,62,6.9,true
RØ,2224,BO/86,11:23:00,VY/86,11:28:00,62,7.2,true
RØ,2224,VY/86,11:29:00,RO/86,11:35:00,62,11.2,true
RØ,2224,RO/86,11:37:00,TRK/86,11:39:00,86,3.1,true
RØ,2224,TRK/86,11:40:00,HH/86,11:43:00,86,4.0,true
RØ,2224,HH/86,11:44:00,HTÅ/86,11:48:00,86,4.7,true
RØ,2224,HTÅ/86,11:49:00,GL/86,11:53:00,98,8.3,true
RØ,2224,GL/86,11:53:00,VAL/86,11:57:00,98,7.3,true
RØ,2224,VAL/86,11:58:00,KH/86,12:04:00,98,3.9,true
RØ,2224,KH/86,12:07:00,KN/86,12:09:00,60,1.5,true
RØ,2224,KN/86,12:10:00,KK/86,12:13:00,60,1.6,true
RØ,2224,KK/86,12:14:00,HGL/86,12:16:00,106,2.1,true
RØ,2224,HGL/86,12:16:00,HL/86,12:19:00,106,2.6,true
RØ,2224,HL/86,12:20:00,KL/86,12:24:00,106,5.5,true
RØ,2224,KL/86,12:25:00,SÅ/86,12:29:00,106,5.5,true
RØ,2224,SÅ/86,12:30:00,VB/86,12:33:00,106,3.3,true
RØ,2224,VB/86,12:34:00,RU/86,12:37:00,106,4.0,true
RØ,2224,RU/86,12:38:00,OK/86,12:41:00,106,3.0,true
RØ,2224,OK/86,12:42:00,NI/86,12:45:00,106,3.4,true
RØ,2224,NI/86,12:46:00,HUM/86,12:49:00,65,3.8,true
RØ,2224,HUM/86,12:50:00,GÆ/86,12:53:00,65,3.7,true
RØ,2224,GÆ/86,12:54:00,SQ/86,12:57:00,65,2.7,true
RØ,2224,SQ/86,12:58:00,HG/86,13:02:00,65,3.5,true
RØ,2228,NÆ/86,11:58:00,GZ/86,12:06:00,34,14.8,true
RØ,2228,GZ/86,12:07:00,RG/86,12:13:00,34,12.0,true
RØ,2228,RG/86,12:14:00,KY/86,12:18:00,56,7.3,true
RØ,2228,KY/86,12:18:00,BO/86,12:22:00,56,6.9,true
RØ,2228,BO/86,12:23:00,VY/86,12:28:00,56,7.2,true
RØ,2228,VY/86,12:29:00,RO/86,12:35:00,56,11.2,true
RØ,2228,RO/86,12:37:00,TRK/86,12:39:00,87,3.1,true
RØ,2228,TRK/86,12:40:00,HH/86,12:43:00,87,4.0,true
RØ,2228,HH/86,12:44:00,HTÅ/86,12:48:00,87,4.7,true
RØ,2228,HTÅ/86,12:49:00,GL/86,12:53:00,95,8.3,true
RØ,2228,GL/86,12:53:00,VAL/86,12:57:00,95,7.3,true
RØ,2228,VAL/86,12:58:00,KH/86,13:04:00,95,3.9,true
RØ,2228,KH/86,13:07:00,KN/86,13:09:00,64,1.5,true
RØ,2228,KN/86,13:10:00,KK/86,13:13:00,64,1.6,true
RØ,2228,KK/86,13:14:00,HGL/86,13:16:00,113,2.1,true
RØ,2228,HGL/86,13:16:00,HL/86,13:19:00,113,2.6,true
RØ,2228,HL/86,13:20:00,KL/86,13:24:00,113,5.5,true
RØ,2228,KL/86,13:25:00,SÅ/86,13:29:00,113,5.5,true
RØ,2228,SÅ/86,13:30:00,VB/86,13:33:00,113,3.3,true
RØ,2228,VB/86,13:34:00,RU/86,13:37:00,113,4.0,true
RØ,2228,RU/86,13:38:00,OK/86,13:41:00,113,3.0,true
RØ,2228,OK/86,13:42:00,NI/86,13:45:00,113,3.4,true
RØ,2228,NI/86,13:46:00,HUM/86,13:49:00,73,3.8,true
RØ,2228,HUM/86,13:50:00,GÆ/86,13:53:00,73,3.7,true
RØ,2228,GÆ/86,13:54:00,SQ/86,13:57:00,73,2.7,true
RØ,2228,SQ/86,13:58:00,HG/86,14:02:00,73,3.5,true
RØ,2232,NÆ/86,12:58:00,GZ/86,13:06:00,38,14.8,true
RØ,2232,GZ/86,13:07:00,RG/86,13:13:00,38,12.0,true
RØ,2232,RG/86,13:14:00,KY/86,13:18:00,60,7.3,true
RØ,2232,KY/86,13:18:00,BO/86,13:22:00,60,6.9,true
RØ,2232,BO/86,13:23:00,VY/86,13:28:00,60,7.2,true
RØ,2232,VY/86,13:29:00,RO/86,13:35:00,60,11.2,true
RØ,2232,RO/86,13:37:00,TRK/86,13:39:00,133,3.1,true
RØ,2232,TRK/86,13:40:00,HH/86,13:43:00,133,4.0,true
RØ,2232,HH/86,13:44:00,HTÅ/86,13:48:00,133,4.7,true
RØ,2232,HTÅ/86,13:49:00,GL/86,13:53:00,143,8.3,true
RØ,2232,GL/86,13:53:00,VAL/86,13:57:00,143,7.3,true
RØ,2232,VAL/86,13:58:00,KH/86,14:04:00,143,3.9,true
RØ,2232,KH/86,14:07:00,KN/86,14:09:00,77,1.5,true
RØ,2232,KN/86,14:10:00,KK/86,14:13:00,77,1.6,true
RØ,2232,KK/86,14:14:00,HGL/86,14:16:00,130,2.1,true
RØ,2232,HGL/86,14:16:00,HL/86,14:19:00,130,2.6,true
RØ,2232,HL/86,14:20:00,KL/86,14:24:00,130,5.5,true
RØ,2232,KL/86,14:25:00,SÅ/86,14:29:00,130,5.5,true
RØ,2232,SÅ/86,14:30:00,VB/86,14:33:00,130,3.3,true
RØ,2232,VB/86,14:34:00,RU/86,14:37:00,130,4.0,true
RØ,2232,RU/86,14:38:00,OK/86,14:41:00,130,3.0,true
RØ,2232,OK/86,14:42:00,NI/86,14:45:00,130,3.4,true
RØ,2232,NI/86,14:46:00,HUM/86,14:49:00,72,3.8,true
RØ,2232,HUM/86,14:50:00,GÆ/86,14:53:00,72,3.7,true
RØ,2232,GÆ/86,14:54:00,SQ/86,14:57:00,72,2.7,true
RØ,2232,SQ/86,14:58:00,HG/86,15:02:00,72,3.5,true
RØ,2236,NÆ/86,13:58:00,GZ/86,14:06:00,51,14.8,true
RØ,2236,GZ/86,14:07:00,RG/86,14:13:00,51,12.0,true
RØ,2236,RG/86,14:14:00,KY/86,14:18:00,71,7.3,true
RØ,2236,KY/86,14:18:00,BO/86,14:22:00,71,6.9,true
RØ,2236,BO/86,14:23:00,VY/86,14:28:00,71,7.2,true
RØ,2236,VY/86,14:29:00,RO/86,14:35:00,71,11.2,true
RØ,2236,RO/86,14:37:00,TRK/86,14:39:00,145,3.1,true
RØ,2236,TRK/86,14:40:00,HH/86,14:43:00,145,4.0,true
RØ,2236,HH/86,14:44:00,HTÅ/86,14:48:00,145,4.7,true
RØ,2236,HTÅ/86,14:49:00,GL/86,14:53:00,180,8.3,true
RØ,2236,GL/86,14:53:00,VAL/86,14:57:00,180,7.3,true
RØ,2236,VAL/86,14:58:00,KH/86,15:04:00,180,3.9,true
RØ,2236,KH/86,15:07:00,KN/86,15:09:00,181,1.5,true
RØ,2236,KN/86,15:10:00,KK/86,15:13:00,181,1.6,true
RØ,2236,KK/86,15:14:00,HGL/86,15:16:00,323,2.1,true
RØ,2236,HGL/86,15:16:00,HL/86,15:19:00,323,2.6,true
RØ,2236,HL/86,15:20:00,KL/86,15:24:00,323,5.5,true
RØ,2236,KL/86,15:25:00,SÅ/86,15:29:00,323,5.5,true
RØ,2236,SÅ/86,15:30:00,VB/86,15:33:00,323,3.3,true
RØ,2236,VB/86,15:34:00,RU/86,15:37:00,323,4.0,true
RØ,2236,RU/86,15:38:00,OK/86,15:41:00,323,3.0,true
RØ,2236,OK/86,15:42:00,NI/86,15:45:00,323,3.4,true
RØ,2236,NI/86,15:46:00,HUM/86,15:49:00,145,3.8,true
RØ,2236,HUM/86,15:50:00,GÆ/86,15:53:00,145,3.7,true
RØ,2236,GÆ/86,15:54:00,SQ/86,15:57:00,145,2.7,true
RØ,2236,SQ/86,15:58:00,HG/86,16:02:00,145,3.5,true
RØ,2240,NÆ/86,14:58:00,GZ/86,15:06:00,66,14.8,true
RØ,2240,GZ/86,15:07:00,RG/86,15:13:00,66,12.0,true
RØ,2240,RG/86,15:14:00,KY/86,15:18:00,96,7.3,true
RØ,2240,KY/86,15:18:00,BO/86,15:22:00,96,6.9,true
RØ,2240,BO/86,15:23:00,VY/86,15:28:00,96,7.2,true
RØ,2240,VY/86,15:29:00,RO/86,15:35:00,96,11.2,true
RØ,2240,RO/86,15:37:00,TRK/86,15:39:00,213,3.1,true
RØ,2240,TRK/86,15:40:00,HH/86,15:43:00,213,4.0,true
RØ,2240,HH/86,15:44:00,HTÅ/86,15:48:00,213,4.7,true
RØ,2240,HTÅ/86,15:49:00,GL/86,15:53:00,282,8.3,true
RØ,2240,GL/86,15:53:00,VAL/86,15:57:00,282,7.3,true
RØ,2240,VAL/86,15:58:00,KH/86,16:04:00,282,3.9,true
RØ,2240,KH/86,16:07:00,KN/86,16:09:00,246,1.5,true
RØ,2240,KN/86,16:10:00,KK/86,16:13:00,246,1.6,true
RØ,2240,KK/86,16:14:00,HGL/86,16:16:00,415,2.1,true
RØ,2240,HGL/86,16:16:00,HL/86,16:19:00,415,2.6,true
RØ,2240,HL/86,16:20:00,KL/86,16:24:00,415,5.5,true
RØ,2240,KL/86,16:25:00,SÅ/86,16:29:00,415,5.5,true
RØ,2240,SÅ/86,16:30:00,VB/86,16:33:00,415,3.3,true
RØ,2240,VB/86,16:34:00,RU/86,16:37:00,415,4.0,true
RØ,2240,RU/86,16:38:00,OK/86,16:41:00,415,3.0,true
RØ,2240,OK/86,16:42:00,NI/86,16:45:00,415,3.4,true
RØ,2240,NI/86,16:46:00,HUM/86,16:49:00,156,3.8,true
RØ,2240,HUM/86,16:50:00,GÆ/86,16:53:00,156,3.7,true
RØ,2240,GÆ/86,16:54:00,SQ/86,16:57:00,156,2.7,true
RØ,2240,SQ/86,16:58:00,HG/86,17:02:00,156,3.5,true
RØ,2400,NÆ/86,04:36:00,NÆN/86,04:39:00,23,3.1,true
RØ,2400,NÆN/86,04:40:00,OL/86,04:44:00,23,4.3,true
RØ,2400,OL/86,04:45:00,HZ/86,04:51:00,23,10.9,true
RØ,2400,HZ/86,04:52:00,TH/86,04:57:00,23,8.8,true
RØ,2400,TH/86,05:00:00,HF/86,05:04:00,23,6.4,true
RØ,2400,HF/86,05:05:00,KJ/86,05:09:00,23,5.5,true
RØ,2400,KJ/86,05:15:00,ØLB/86,05:17:00,49,2.7,true
RØ,2400,ØLB/86,05:18:00,KJN/86,05:21:00,49,2.2,true
RØ,2400,KJN/86,05:22:00,JSF/86,05:23:00,55,2.5,true
RØ,2400,JSF/86,05:23:00,NEL/86,05:36:20,55,28.2,true
RØ,2400,NEL/86,05:37:20,GB/86,05:39:00,55,1.4,true
RØ,2400,GB/86,05:39:00,KH/86,05:43:00,55,3.2,true
RØ,2404,NÆ/86,05:36:00,NÆN/86,05:39:00,46,3.1,true
RØ,2404,NÆN/86,05:40:00,OL/86,05:44:00,46,4.3,true
RØ,2404,OL/86,05:45:00,HZ/86,05:51:00,46,10.9,true
RØ,2404,HZ/86,05:52:00,TH/86,05:57:00,46,8.8,true
RØ,2404,TH/86,06:00:00,HF/86,06:04:00,46,6.4,true
RØ,2404,HF/86,06:05:00,KJ/86,06:09:00,46,5.5,true
RØ,2404,KJ/86,06:15:00,ØLB/86,06:17:00,96,2.7,true
RØ,2404,ØLB/86,06:18:00,KJN/86,06:21:00,96,2.2,true
RØ,2404,KJN/86,06:22:00,JSF/86,06:23:00,122,2.5,true
RØ,2404,JSF/86,06:23:00,NEL/86,06:36:20,122,28.2,true
RØ,2404,NEL/86,06:37:20,GB/86,06:39:00,122,1.4,true
RØ,2404,GB/86,06:39:00,KH/86,06:43:00,122,3.2,true
RØ,3467,HG/86,16:24:00,SQ/86,16:26:00,69,3.5,true
RØ,3467,SQ/86,16:26:00,GÆ/86,16:29:00,69,2.7,true
RØ,3467,GÆ/86,16:30:00,HUM/86,16:33:00,69,3.7,true
RØ,3467,HUM/86,16:34:00,NI/86,16:37:00,69,3.8,true
RØ,3467,NI/86,16:38:00,OK/86,16:41:00,86,3.4,true
RØ,3467,OK/86,16:42:00,RU/86,16:45:00,86,3.0,true
RØ,3467,RU/86,16:45:00,HL/86,16:59:00,86,18.3,true
RØ,3467,HL/86,17:00:00,HGL/86,17:02:00,86,2.6,true
RØ,3467,HGL/86,17:02:00,KK/86,17:05:00,86,2.1,true
RØ,3467,KK/86,17:08:00,KN/86,17:10:00,85,1.6,true
RØ,3467,KN/86,17:11:00,KH/86,17:14:00,85,1.5,true
RØ,3510,KB/86,06:59:00,KBØ/86,07:01:00,122,2.0,false
RØ,3510,KBØ/86,07:02:00,VÆ/86,07:06:00,122,5.8,false
RØ,3510,VÆ/86,07:06:00,SE/86,07:10:00,122,5.6,false
RØ,3510,SE/86,07:13:00,JY/86,07:18:00,122,7.7,false
RØ,3510,JY/86,07:19:00,MØ/86,07:24:00,122,6.6,false
RØ,3510,MØ/86,07:27:00,KS/86,07:29:00,122,3.5,false
RØ,3510,KS/86,07:29:00,HK/86,07:37:00,122,12.3,false
RØ,3510,HK/86,07:39:00,PE/86,07:42:00,249,5.9,true
RØ,3510,PE/86,07:42:00,HV/86,07:48:00,249,12.9,true
RØ,3510,HV/86,07:50:00,LJ/86,07:54:00,249,7.5,true
RØ,3510,LJ/86,07:54:00,RO/86,07:59:00,249,9.5,true
RØ,3510,RO/86,08:01:00,TRK/86,08:03:00,351,3.1,true
RØ,3510,TRK/86,08:03:00,HTÅ/86,08:08:00,351,8.7,true
RØ,3510,HTÅ/86,08:09:00,GL/86,08:14:00,370,8.3,true
RØ,3510,GL/86,08:14:00,KH/86,08:22:00,370,11.2,true
RØ,3510,KH/86,08:25:00,KN/86,08:27:00,144,1.5,true
RØ,3510,KN/86,08:28:00,KK/86,08:31:00,144,1.6,true
RØ,2085,HG/86,20:58:00,SQ/86,21:01:00,48,3.5,true
RØ,2085,SQ/86,21:02:00,GÆ/86,21:04:00,48,2.7,true
RØ,2085,GÆ/86,21:05:00,HUM/86,21:08:00,48,3.7,true
RØ,2085,HUM/86,21:09:00,NI/86,21:12:00,48,3.8,true
RØ,2085,NI/86,21:13:00,OK/86,21:17:00,46,3.4,true
RØ,2085,OK/86,21:18:00,RU/86,21:20:00,46,3.0,true
RØ,2085,RU/86,21:21:00,VB/86,21:24:00,46,4.0,true
RØ,2085,VB/86,21:25:00,SÅ/86,21:28:00,46,3.3,true
RØ,2085,SÅ/86,21:29:00,KL/86,21:33:00,46,5.5,true
RØ,2085,KL/86,21:34:00,HL/86,21:39:00,46,5.5,true
RØ,2085,HL/86,21:40:00,HGL/86,21:42:00,46,2.6,true
RØ,2085,HGL/86,21:42:00,KK/86,21:45:00,46,2.1,true
RØ,2085,KK/86,21:47:00,KN/86,21:49:00,36,1.6,true
RØ,2085,KN/86,21:50:00,KH/86,21:53:00,36,1.5,true
RØ,2089,HG/86,21:58:00,SQ/86,22:01:00,26,3.5,true
RØ,2089,SQ/86,22:02:00,GÆ/86,22:04:00,26,2.7,true
RØ,2089,GÆ/86,22:05:00,HUM/86,22:08:00,26,3.7,true
RØ,2089,HUM/86,22:09:00,NI/86,22:12:00,26,3.8,true
RØ,2089,NI/86,22:13:00,OK/86,22:17:00,36,3.4,true
RØ,2089,OK/86,22:18:00,RU/86,22:20:00,36,3.0,true
RØ,2089,RU/86,22:21:00,VB/86,22:24:00,36,4.0,true
RØ,2089,VB/86,22:25:00,SÅ/86,22:28:00,36,3.3,true
RØ,2089,SÅ/86,22:29:00,KL/86,22:33:00,36,5.5,true
RØ,2089,KL/86,22:34:00,HL/86,22:39:00,36,5.5,true
RØ,2089,HL/86,22:40:00,HGL/86,22:42:00,36,2.6,true
RØ,2089,HGL/86,22:42:00,KK/86,22:45:00,36,2.1,true
RØ,2089,KK/86,22:47:00,KN/86,22:49:00,22,1.6,true
RØ,2089,KN/86,22:50:00,KH/86,22:53:00,22,1.5,true
RØ,2093,HG/86,22:58:00,SQ/86,23:01:00,12,3.5,true
RØ,2093,SQ/86,23:02:00,GÆ/86,23:04:00,12,2.7,true
RØ,2093,GÆ/86,23:05:00,HUM/86,23:08:00,12,3.7,true
RØ,2093,HUM/86,23:09:00,NI/86,23:12:00,12,3.8,true
RØ,2093,NI/86,23:13:00,OK/86,23:17:00,20,3.4,true
RØ,2093,OK/86,23:18:00,RU/86,23:20:00,20,3.0,true
RØ,2093,RU/86,23:21:00,VB/86,23:24:00,20,4.0,true
RØ,2093,VB/86,23:25:00,SÅ/86,23:28:00,20,3.3,true
RØ,2093,SÅ/86,23:29:00,KL/86,23:33:00,20,5.5,true
RØ,2093,KL/86,23:34:00,HL/86,23:39:00,20,5.5,true
RØ,2093,HL/86,23:40:00,HGL/86,23:42:00,20,2.6,true
RØ,2093,HGL/86,23:42:00,KK/86,23:45:00,20,2.1,true
RØ,2093,KK/86,23:47:00,KN/86,23:49:00,12,1.6,true
RØ,2093,KN/86,23:50:00,KH/86,23:53:00,12,1.5,true
RØ,3506,KB/86,05:59:00,KBØ/86,06:01:00,45,2.0,false
RØ,3506,KBØ/86,06:02:00,VÆ/86,06:06:00,45,5.8,false
RØ,3506,VÆ/86,06:06:00,SE/86,06:10:00,45,5.6,false
RØ,3506,SE/86,06:13:00,JY/86,06:19:00,45,7.7,false
RØ,3506,JY/86,06:20:00,MØ/86,06:25:00,45,6.6,false
RØ,3506,MØ/86,06:27:00,KS/86,06:29:00,45,3.5,false
RØ,3506,KS/86,06:29:00,HK/86,06:37:00,45,12.3,false
RØ,3506,HK/86,06:39:00,PE/86,06:42:00,151,5.9,true
RØ,3506,PE/86,06:42:00,HV/86,06:48:00,151,12.9,true
RØ,3506,HV/86,06:50:00,LJ/86,06:54:00,151,7.5,true
RØ,3506,LJ/86,06:54:00,RO/86,06:59:00,151,9.5,true
RØ,3506,RO/86,07:01:00,TRK/86,07:03:00,238,3.1,true
RØ,3506,TRK/86,07:03:00,HTÅ/86,07:08:00,238,8.7,true
RØ,3506,HTÅ/86,07:09:00,GL/86,07:14:00,241,8.3,true
RØ,3506,GL/86,07:14:00,KH/86,07:22:00,241,11.2,true
RØ,3506,KH/86,07:25:00,KN/86,07:27:00,90,1.5,true
RØ,3506,KN/86,07:28:00,KK/86,07:31:00,90,1.6,true
RØ,4243,HG/86,10:28:00,SQ/86,10:31:00,57,3.5,true
RØ,4243,SQ/86,10:32:00,GÆ/86,10:34:00,57,2.7,true
RØ,4243,GÆ/86,10:35:00,HUM/86,10:38:00,57,3.7,true
RØ,4243,HUM/86,10:39:00,NI/86,10:42:00,57,3.8,true
RØ,4243,NI/86,10:43:00,OK/86,10:47:00,101,3.4,true
RØ,4243,OK/86,10:48:00,RU/86,10:50:00,101,3.0,true
RØ,4243,RU/86,10:51:00,VB/86,10:54:00,101,4.0,true
RØ,4243,VB/86,10:55:00,SÅ/86,10:58:00,101,3.3,true
RØ,4243,SÅ/86,10:59:00,KL/86,11:03:00,101,5.5,true
RØ,4243,KL/86,11:04:00,HL/86,11:09:00,101,5.5,true
RØ,4243,HL/86,11:10:00,HGL/86,11:12:00,101,2.6,true
RØ,4243,HGL/86,11:12:00,KK/86,11:15:00,101,2.1,true
RØ,4243,KK/86,11:17:00,KN/86,11:19:00,80,1.6,true
RØ,4243,KN/86,11:20:00,KH/86,11:23:00,80,1.5,true
RØ,4243,KH/86,11:26:00,VAL/86,11:30:00,147,3.9,true
RØ,4243,VAL/86,11:31:00,HIF/86,11:33:00,147,3.4,true
RØ,4243,HIF/86,11:33:00,HTÅ/86,11:40:00,147,12.2,true
RØ,4243,HTÅ/86,11:41:00,HH/86,11:45:00,165,4.7,true
RØ,4243,HH/86,11:46:00,TRK/86,11:49:00,165,4.0,true
RØ,4243,TRK/86,11:50:00,RO/86,11:53:00,165,3.1,true
RØ,4243,RO/86,11:54:00,VY/86,12:00:00,67,11.2,true
RØ,4243,VY/86,12:01:00,BO/86,12:06:00,67,7.2,true
RØ,4243,BO/86,12:07:00,KY/86,12:10:00,67,6.9,true
RØ,4243,KY/86,12:10:00,RG/86,12:15:00,67,7.3,true
RØ,4243,RG/86,12:16:00,GZ/86,12:22:00,35,12.0,true
RØ,4243,GZ/86,12:23:00,NÆ/86,12:32:00,35,14.8,true
RØ,1241,KH/86,11:08:00,GB/86,11:11:00,62,3.2,true
RØ,1241,GB/86,11:11:00,NEL/86,11:12:00,62,1.4,true
RØ,1241,NEL/86,11:13:00,IG/86,11:14:00,62,1.6,true
RØ,1241,IG/86,11:14:00,RG/86,11:37:00,62,55.5,true
RØ,1241,RG/86,11:39:00,GZ/86,11:44:00,67,12.0,true
RØ,1241,GZ/86,11:44:00,NÆ/86,11:51:00,67,14.8,true
RØ,1241,NÆ/86,11:53:00,MOG/86,11:56:00,59,8.5,true
RØ,1241,MOG/86,11:56:00,VO/86,12:05:00,59,18.9,true
RØ,1241,VO/86,12:07:00,MN/86,12:10:00,41,3.8,false
RØ,1241,MN/86,12:10:00,NF/86,12:23:00,41,25.0,false
RØ,3400,KH/86,05:46:00,KN/86,05:48:00,24,1.5,true
RØ,3400,KN/86,05:49:00,KK/86,05:52:00,24,1.6,true
RØ,3400,KK/86,05:53:00,HGL/86,05:56:00,13,2.1,true
RØ,3400,HGL/86,05:56:00,HL/86,05:59:00,13,2.6,true
RØ,3400,HL/86,06:00:00,KL/86,06:05:00,13,5.5,true
RØ,3400,KL/86,06:05:00,OK/86,06:17:00,13,15.8,true
RØ,3400,OK/86,06:18:00,NI/86,06:21:00,13,3.4,true
RØ,3400,NI/86,06:22:00,HUM/86,06:25:00,9,3.8,true
RØ,3400,HUM/86,06:26:00,GÆ/86,06:29:00,9,3.7,true
RØ,3400,GÆ/86,06:30:00,SQ/86,06:32:00,9,2.7,true
RØ,3400,SQ/86,06:32:00,HG/86,06:36:00,9,3.5,true
RØ,1256,NF/86,18:38:00,TN/86,18:41:00,32,6.0,false
RØ,1256,TN/86,18:41:00,VO/86,18:53:00,32,22.8,false
RØ,1256,VO/86,18:55:00,LU/86,19:00:00,38,11.4,true
RØ,1256,LU/86,19:00:00,NÆ/86,19:07:00,38,16.0,true
RØ,1256,NÆ/86,19:10:00,GZ/86,19:16:00,51,14.8,true
RØ,1256,GZ/86,19:16:00,RG/86,19:22:00,51,12.0,true
RØ,1256,RG/86,19:23:00,ADA/86,19:27:00,45,5.0,true
RØ,1256,ADA/86,19:27:00,NEL/86,19:47:00,45,52.1,true
RØ,1256,NEL/86,19:49:00,GB/86,19:50:00,45,1.4,true
RØ,1256,GB/86,19:50:00,KH/86,19:55:00,45,3.2,true
RØ,2287,HG/86,21:13:00,SQ/86,21:16:00,30,3.5,true
RØ,2287,SQ/86,21:17:00,GÆ/86,21:19:00,30,2.7,true
RØ,2287,GÆ/86,21:20:00,HUM/86,21:23:00,30,3.7,true
RØ,2287,HUM/86,21:24:00,NI/86,21:27:00,30,3.8,true
RØ,2287,NI/86,21:28:00,OK/86,21:32:00,40,3.4,true
RØ,2287,OK/86,21:33:00,RU/86,21:35:00,40,3.0,true
RØ,2287,RU/86,21:36:00,VB/86,21:39:00,40,4.0,true
RØ,2287,VB/86,21:40:00,SÅ/86,21:43:00,40,3.3,true
RØ,2287,SÅ/86,21:44:00,KL/86,21:48:00,40,5.5,true
RØ,2287,KL/86,21:49:00,HL/86,21:54:00,40,5.5,true
RØ,2287,HL/86,21:55:00,HGL/86,21:57:00,40,2.6,true
RØ,2287,HGL/86,21:57:00,KK/86,22:00:00,40,2.1,true
RØ,2287,KK/86,22:02:00,KN/86,22:04:00,84,1.6,true
RØ,2287,KN/86,22:05:00,KH/86,22:08:00,84,1.5,true
RØ,2287,KH/86,22:11:00,VAL/86,22:14:00,184,3.9,true
RØ,2287,VAL/86,22:15:00,HIF/86,22:18:00,184,3.4,true
RØ,2287,HIF/86,22:18:00,HTÅ/86,22:24:00,184,12.2,true
RØ,2287,HTÅ/86,22:25:00,HH/86,22:29:00,152,4.7,true
RØ,2287,HH/86,22:30:00,TRK/86,22:33:00,152,4.0,true
RØ,2287,TRK/86,22:34:00,RO/86,22:36:00,152,3.1,true
RØ,2287,RO/86,22:38:00,VY/86,22:44:00,76,11.2,true
RØ,2287,VY/86,22:45:00,BO/86,22:50:00,76,7.2,true
RØ,2287,BO/86,22:51:00,KY/86,22:55:00,76,6.9,true
RØ,2287,KY/86,22:55:00,RG/86,23:00:00,76,7.3,true
RØ,2287,RG/86,23:01:00,GZ/86,23:07:00,51,12.0,true
RØ,2287,GZ/86,23:08:00,NÆ/86,23:16:00,51,14.8,true
RØ,2583,HG/86,20:13:00,SQ/86,20:16:00,43,3.5,true
RØ,2583,SQ/86,20:17:00,GÆ/86,20:19:00,43,2.7,true
RØ,2583,GÆ/86,20:20:00,HUM/86,20:23:00,43,3.7,true
RØ,2583,HUM/86,20:24:00,NI/86,20:27:00,43,3.8,true
RØ,2583,NI/86,20:28:00,OK/86,20:32:00,72,3.4,true
RØ,2583,OK/86,20:33:00,RU/86,20:35:00,72,3.0,true
RØ,2583,RU/86,20:36:00,VB/86,20:39:00,72,4.0,true
RØ,2583,VB/86,20:40:00,SÅ/86,20:43:00,72,3.3,true
RØ,2583,SÅ/86,20:44:00,KL/86,20:48:00,72,5.5,true
RØ,2583,KL/86,20:49:00,HL/86,20:54:00,72,5.5,true
RØ,2583,HL/86,20:55:00,HGL/86,20:57:00,72,2.6,true
RØ,2583,HGL/86,20:57:00,KK/86,21:00:00,72,2.1,true
RØ,2583,KK/86,21:02:00,KN/86,21:04:00,65,1.6,true
RØ,2583,KN/86,21:05:00,KH/86,21:08:00,65,1.5,true
RØ,2583,KH/86,21:12:00,VAL/86,21:15:00,86,3.9,true
RØ,2583,VAL/86,21:16:00,HIF/86,21:19:00,86,3.4,true
RØ,2583,HIF/86,21:19:00,HTÅ/86,21:25:00,86,12.2,true
RØ,2583,HTÅ/86,21:26:00,HH/86,21:30:00,52,4.7,true
RØ,2583,HH/86,21:31:00,TRK/86,21:34:00,52,4.0,true
RØ,2583,TRK/86,21:35:00,RO/86,21:38:00,52,3.1,true
RØ,2595,HG/86,23:28:00,SQ/86,23:31:00,5,3.5,true
RØ,2595,SQ/86,23:32:00,GÆ/86,23:34:00,5,2.7,true
RØ,2595,GÆ/86,23:35:00,HUM/86,23:38:00,5,3.7,true
RØ,2595,HUM/86,23:39:00,NI/86,23:42:00,5,3.8,true
RØ,2595,NI/86,23:43:00,OK/86,23:47:00,6,3.4,true
RØ,2595,OK/86,23:48:00,RU/86,23:50:00,6,3.0,true
RØ,2595,RU/86,23:51:00,VB/86,23:54:00,6,4.0,true
RØ,2595,VB/86,23:55:00,SÅ/86,23:58:00,6,3.3,true
RØ,2595,SÅ/86,23:59:00,KL/86,00:03:00,6,5.5,true
RØ,2595,KL/86,00:04:00,HL/86,00:09:00,6,5.5,true
RØ,2595,HL/86,00:10:00,HGL/86,00:12:00,6,2.6,true
RØ,2595,HGL/86,00:12:00,KK/86,00:15:00,6,2.1,true
RØ,2595,KK/86,00:17:00,KN/86,00:19:00,8,1.6,true
RØ,2595,KN/86,00:20:00,KH/86,00:23:00,8,1.5,true
RØ,2595,KH/86,00:30:00,VAL/86,00:34:00,33,3.9,true
RØ,2595,VAL/86,00:35:00,HIF/86,00:37:00,33,3.4,true
RØ,2595,HIF/86,00:37:00,HTÅ/86,00:43:00,33,12.2,true
RØ,2595,HTÅ/86,00:45:00,HH/86,00:48:00,32,4.7,true
RØ,2595,HH/86,00:49:00,TRK/86,00:52:00,32,4.0,true
RØ,2595,TRK/86,00:53:00,RO/86,00:56:00,32,3.1,true
RØ,2595,RO/86,00:57:00,LJ/86,01:03:00,4,9.5,true
RØ,2595,LJ/86,01:04:00,HV/86,01:09:00,4,7.5,true
RØ,2595,HV/86,01:10:00,TØ/86,01:14:00,4,6.3,true
RØ,2595,TØ/86,01:15:00,PE/86,01:19:00,4,6.6,true
RØ,2595,PE/86,01:20:00,HK/86,01:25:00,4,5.9,true
RØ,3436,KH/86,14:46:00,KN/86,14:48:00,74,1.5,true
RØ,3436,KN/86,14:49:00,KK/86,14:52:00,74,1.6,true
RØ,3436,KK/86,14:53:00,HGL/86,14:56:00,159,2.1,true
RØ,3436,HGL/86,14:56:00,HL/86,14:59:00,159,2.6,true
RØ,3436,HL/86,15:00:00,KL/86,15:05:00,159,5.5,true
RØ,3436,KL/86,15:05:00,OK/86,15:17:00,159,15.8,true
RØ,3436,OK/86,15:18:00,NI/86,15:21:00,159,3.4,true
RØ,3436,NI/86,15:22:00,HUM/86,15:25:00,113,3.8,true
RØ,3436,HUM/86,15:26:00,GÆ/86,15:29:00,113,3.7,true
RØ,3436,GÆ/86,15:30:00,SQ/86,15:33:00,113,2.7,true
RØ,3436,SQ/86,15:33:00,HG/86,15:36:00,113,3.5,true
RØ,3440,KH/86,15:46:00,KN/86,15:48:00,86,1.5,true
RØ,3440,KN/86,15:49:00,KK/86,15:52:00,86,1.6,true
RØ,3440,KK/86,15:53:00,HGL/86,15:56:00,177,2.1,true
RØ,3440,HGL/86,15:56:00,HL/86,15:59:00,177,2.6,true
RØ,3440,HL/86,16:00:00,KL/86,16:05:00,177,5.5,true
RØ,3440,KL/86,16:05:00,OK/86,16:17:00,177,15.8,true
RØ,3440,OK/86,16:18:00,NI/86,16:21:00,177,3.4,true
RØ,3440,NI/86,16:22:00,HUM/86,16:25:00,122,3.8,true
RØ,3440,HUM/86,16:26:00,GÆ/86,16:29:00,122,3.7,true
RØ,3440,GÆ/86,16:30:00,SQ/86,16:33:00,122,2.7,true
RØ,3440,SQ/86,16:33:00,HG/86,16:36:00,122,3.5,true
RØ,3444,KH/86,16:46:00,KN/86,16:48:00,86,1.5,true
RØ,3444,KN/86,16:49:00,KK/86,16:52:00,86,1.6,true
RØ,3444,KK/86,16:53:00,HGL/86,16:56:00,177,2.1,true
RØ,3444,HGL/86,16:56:00,HL/86,16:59:00,177,2.6,true
RØ,3444,HL/86,17:00:00,KL/86,17:05:00,177,5.5,true
RØ,3444,KL/86,17:05:00,OK/86,17:17:00,177,15.8,true
RØ,3444,OK/86,17:18:00,NI/86,17:21:00,177,3.4,true
RØ,3444,NI/86,17:22:00,HUM/86,17:25:00,115,3.8,true
RØ,3444,HUM/86,17:26:00,GÆ/86,17:29:00,115,3.7,true
RØ,3444,GÆ/86,17:30:00,SQ/86,17:33:00,115,2.7,true
RØ,3444,SQ/86,17:33:00,HG/86,17:36:00,115,3.5,true
RØ,3448,KH/86,17:46:00,KN/86,17:48:00,54,1.5,true
RØ,3448,KN/86,17:49:00,KK/86,17:52:00,54,1.6,true
RØ,3448,KK/86,17:53:00,HGL/86,17:56:00,100,2.1,true
RØ,3448,HGL/86,17:56:00,HL/86,17:59:00,100,2.6,true
RØ,3448,HL/86,18:00:00,KL/86,18:05:00,100,5.5,true
RØ,3448,KL/86,18:05:00,OK/86,18:17:00,100,15.8,true
RØ,3448,OK/86,18:18:00,NI/86,18:21:00,100,3.4,true
RØ,3448,NI/86,18:22:00,HUM/86,18:25:00,62,3.8,true
RØ,3448,HUM/86,18:26:00,GÆ/86,18:29:00,62,3.7,true
RØ,3448,GÆ/86,18:30:00,SQ/86,18:33:00,62,2.7,true
RØ,3448,SQ/86,18:33:00,HG/86,18:36:00,62,3.5,true
RØ,4425,KK/86,06:38:00,KN/86,06:40:00,24,1.6,true
RØ,4425,KN/86,06:41:00,KH/86,06:44:00,24,1.5,true
RØ,4425,KH/86,06:47:00,GB/86,06:50:00,74,3.2,true
RØ,4425,GB/86,06:50:00,NEL/86,06:51:00,74,1.4,true
RØ,4425,NEL/86,06:52:00,IG/86,06:53:00,74,1.6,true
RØ,4425,IG/86,06:53:00,KJN/86,07:06:00,74,29.1,true
RØ,4425,KJN/86,07:07:00,ØLB/86,07:10:00,67,2.2,true
RØ,4425,ØLB/86,07:11:00,KJ/86,07:13:00,67,2.7,true
RØ,4425,KJ/86,07:19:00,HF/86,07:23:00,33,5.5,true
RØ,4425,HF/86,07:24:00,TH/86,07:29:00,33,6.4,true
RØ,4425,TH/86,07:30:00,HZ/86,07:35:00,33,8.8,true
RØ,4425,HZ/86,07:36:00,OL/86,07:42:00,33,10.9,true
RØ,4425,OL/86,07:44:00,NÆN/86,07:47:00,33,4.3,true
RØ,4425,NÆN/86,07:48:00,NÆ/86,07:52:00,33,3.1,true
RØ,4429,KH/86,07:47:00,GB/86,07:50:00,66,3.2,true
RØ,4429,GB/86,07:50:00,NEL/86,07:51:00,66,1.4,true
RØ,4429,NEL/86,07:52:00,IG/86,07:53:00,66,1.6,true
RØ,4429,IG/86,07:53:00,KJN/86,08:06:00,66,29.1,true
RØ,4429,KJN/86,08:07:00,ØLB/86,08:10:00,57,2.2,true
RØ,4429,ØLB/86,08:11:00,KJ/86,08:13:00,57,2.7,true
RØ,4429,KJ/86,08:19:00,HF/86,08:23:00,18,5.5,true
RØ,4429,HF/86,08:24:00,TH/86,08:29:00,18,6.4,true
RØ,4429,TH/86,08:30:00,HZ/86,08:35:00,18,8.8,true
RØ,4429,HZ/86,08:36:00,OL/86,08:42:00,18,10.9,true
RØ,4429,OL/86,08:44:00,NÆN/86,08:47:00,18,4.3,true
RØ,4429,NÆN/86,08:48:00,NÆ/86,08:52:00,18,3.1,true
RØ,4433,KH/86,08:47:00,GB/86,08:50:00,39,3.2,true
RØ,4433,GB/86,08:50:00,NEL/86,08:51:00,39,1.4,true
RØ,4433,NEL/86,08:52:00,IG/86,08:53:00,39,1.6,true
RØ,4433,IG/86,08:53:00,KJN/86,09:06:00,39,29.1,true
RØ,4433,KJN/86,09:07:00,ØLB/86,09:10:00,36,2.2,true
RØ,4433,ØLB/86,09:11:00,KJ/86,09:13:00,36,2.7,true
RØ,4433,KJ/86,09:19:00,HF/86,09:23:00,10,5.5,true
RØ,4433,HF/86,09:24:00,TH/86,09:29:00,10,6.4,true
RØ,4433,TH/86,09:30:00,HZ/86,09:35:00,10,8.8,true
RØ,4433,HZ/86,09:36:00,OL/86,09:42:00,10,10.9,true
RØ,4433,OL/86,09:44:00,NÆN/86,09:47:00,10,4.3,true
RØ,4433,NÆN/86,09:48:00,NÆ/86,09:52:00,10,3.1,true
RØ,4437,KH/86,09:47:00,GB/86,09:50:00,32,3.2,true
RØ,4437,GB/86,09:50:00,NEL/86,09:51:00,32,1.4,true
RØ,4437,NEL/86,09:52:00,IG/86,09:53:00,32,1.6,true
RØ,4437,IG/86,09:53:00,KJN/86,10:06:00,32,29.1,true
RØ,4437,KJN/86,10:07:00,ØLB/86,10:10:00,31,2.2,true
RØ,4437,ØLB/86,10:11:00,KJ/86,10:13:00,31,2.7,true
RØ,4437,KJ/86,10:19:00,HF/86,10:23:00,11,5.5,true
RØ,4437,HF/86,10:24:00,TH/86,10:29:00,11,6.4,true
RØ,4437,TH/86,10:30:00,HZ/86,10:35:00,11,8.8,true
RØ,4437,HZ/86,10:36:00,OL/86,10:42:00,11,10.9,true
RØ,4437,OL/86,10:44:00,NÆN/86,10:47:00,11,4.3,true
RØ,4437,NÆN/86,10:48:00,NÆ/86,10:52:00,11,3.1,true
RØ,4441,KK/86,10:38:00,KN/86,10:40:00,15,1.6,true
RØ,4441,KN/86,10:41:00,KH/86,10:44:00,15,1.5,true
RØ,4441,KH/86,10:47:00,GB/86,10:50:00,35,3.2,true
RØ,4441,GB/86,10:50:00,NEL/86,10:51:00,35,1.4,true
RØ,4441,NEL/86,10:52:00,IG/86,10:53:00,35,1.6,true
RØ,4441,IG/86,10:53:00,KJN/86,11:06:00,35,29.1,true
RØ,4441,KJN/86,11:07:00,ØLB/86,11:10:00,29,2.2,true
RØ,4441,ØLB/86,11:11:00,KJ/86,11:13:00,29,2.7,true
RØ,4441,KJ/86,11:19:00,HF/86,11:23:00,14,5.5,true
RØ,4441,HF/86,11:24:00,TH/86,11:29:00,14,6.4,true
RØ,4441,TH/86,11:30:00,HZ/86,11:35:00,14,8.8,true
RØ,4441,HZ/86,11:36:00,OL/86,11:42:00,14,10.9,true
RØ,4441,OL/86,11:44:00,NÆN/86,11:47:00,14,4.3,true
RØ,4441,NÆN/86,11:48:00,NÆ/86,11:52:00,14,3.1,true
RØ,4445,KK/86,11:38:00,KN/86,11:40:00,17,1.6,true
RØ,4445,KN/86,11:41:00,KH/86,11:44:00,17,1.5,true
RØ,4445,KH/86,11:47:00,GB/86,11:50:00,46,3.2,true
RØ,4445,GB/86,11:50:00,NEL/86,11:51:00,46,1.4,true
RØ,4445,NEL/86,11:52:00,IG/86,11:53:00,46,1.6,true
RØ,4445,IG/86,11:53:00,KJN/86,12:06:00,46,29.1,true
RØ,4445,KJN/86,12:07:00,ØLB/86,12:10:00,42,2.2,true
RØ,4445,ØLB/86,12:11:00,KJ/86,12:13:00,42,2.7,true
RØ,4445,KJ/86,12:19:00,HF/86,12:23:00,18,5.5,true
RØ,4445,HF/86,12:24:00,TH/86,12:29:00,18,6.4,true
RØ,4445,TH/86,12:30:00,HZ/86,12:35:00,18,8.8,true
RØ,4445,HZ/86,12:36:00,OL/86,12:42:00,18,10.9,true
RØ,4445,OL/86,12:44:00,NÆN/86,12:47:00,18,4.3,true
RØ,4445,NÆN/86,12:48:00,NÆ/86,12:52:00,18,3.1,true
RØ,4449,KK/86,12:38:00,KN/86,12:40:00,22,1.6,true
RØ,4449,KN/86,12:41:00,KH/86,12:44:00,22,1.5,true
RØ,4449,KH/86,12:47:00,GB/86,12:50:00,59,3.2,true
RØ,4449,GB/86,12:50:00,NEL/86,12:51:00,59,1.4,true
RØ,4449,NEL/86,12:52:00,IG/86,12:53:00,59,1.6,true
RØ,4449,IG/86,12:53:00,KJN/86,13:06:00,59,29.1,true
RØ,4449,KJN/86,13:07:00,ØLB/86,13:10:00,55,2.2,true
RØ,4449,ØLB/86,13:11:00,KJ/86,13:13:00,55,2.7,true
RØ,4449,KJ/86,13:19:00,HF/86,13:23:00,28,5.5,true
RØ,4449,HF/86,13:24:00,TH/86,13:29:00,28,6.4,true
RØ,4449,TH/86,13:30:00,HZ/86,13:35:00,28,8.8,true
RØ,4449,HZ/86,13:36:00,OL/86,13:42:00,28,10.9,true
RØ,4449,OL/86,13:44:00,NÆN/86,13:47:00,28,4.3,true
RØ,4449,NÆN/86,13:48:00,NÆ/86,13:52:00,28,3.1,true
RØ,4453,KK/86,13:38:00,KN/86,13:40:00,35,1.6,true
RØ,4453,KN/86,13:41:00,KH/86,13:44:00,35,1.5,true
RØ,4453,KH/86,13:47:00,GB/86,13:50:00,93,3.2,true
RØ,4453,GB/86,13:50:00,NEL/86,13:51:00,93,1.4,true
RØ,4453,NEL/86,13:52:00,IG/86,13:53:00,93,1.6,true
RØ,4453,IG/86,13:53:00,KJN/86,14:06:00,93,29.1,true
RØ,4453,KJN/86,14:07:00,ØLB/86,14:10:00,85,2.2,true
RØ,4453,ØLB/86,14:11:00,KJ/86,14:13:00,85,2.7,true
RØ,4453,KJ/86,14:19:00,HF/86,14:23:00,44,5.5,true
RØ,4453,HF/86,14:24:00,TH/86,14:29:00,44,6.4,true
RØ,4453,TH/86,14:30:00,HZ/86,14:35:00,44,8.8,true
RØ,4453,HZ/86,14:36:00,OL/86,14:42:00,44,10.9,true
RØ,4453,OL/86,14:44:00,NÆN/86,14:47:00,44,4.3,true
RØ,4453,NÆN/86,14:48:00,NÆ/86,14:52:00,44,3.1,true
RØ,4461,KH/86,15:47:00,GB/86,15:50:00,209,3.2,true
RØ,4461,GB/86,15:50:00,NEL/86,15:51:00,209,1.4,true
RØ,4461,NEL/86,15:52:00,IG/86,15:53:00,209,1.6,true
RØ,4461,IG/86,15:53:00,KJN/86,16:06:00,209,29.1,true
RØ,4461,KJN/86,16:07:00,ØLB/86,16:10:00,181,2.2,true
RØ,4461,ØLB/86,16:11:00,KJ/86,16:13:00,181,2.7,true
RØ,4461,KJ/86,16:19:00,HF/86,16:23:00,89,5.5,true
RØ,4461,HF/86,16:24:00,TH/86,16:29:00,89,6.4,true
RØ,4461,TH/86,16:30:00,HZ/86,16:35:00,89,8.8,true
RØ,4461,HZ/86,16:36:00,OL/86,16:42:00,89,10.9,true
RØ,4461,OL/86,16:44:00,NÆN/86,16:47:00,89,4.3,true
RØ,4461,NÆN/86,16:48:00,NÆ/86,16:52:00,89,3.1,true
RØ,4465,KH/86,16:47:00,GB/86,16:50:00,237,3.2,true
RØ,4465,GB/86,16:50:00,NEL/86,16:51:00,237,1.4,true
RØ,4465,NEL/86,16:52:00,IG/86,16:53:00,237,1.6,true
RØ,4465,IG/86,16:53:00,KJN/86,17:06:00,237,29.1,true
RØ,4465,KJN/86,17:07:00,ØLB/86,17:10:00,196,2.2,true
RØ,4465,ØLB/86,17:11:00,KJ/86,17:13:00,196,2.7,true
RØ,4465,KJ/86,17:19:00,HF/86,17:23:00,68,5.5,true
RØ,4465,HF/86,17:24:00,TH/86,17:29:00,68,6.4,true
RØ,4465,TH/86,17:30:00,HZ/86,17:35:00,68,8.8,true
RØ,4465,HZ/86,17:36:00,OL/86,17:42:00,68,10.9,true
RØ,4465,OL/86,17:44:00,NÆN/86,17:47:00,68,4.3,true
RØ,4465,NÆN/86,17:48:00,NÆ/86,17:52:00,68,3.1,true
RØ,4434,NÆ/86,13:06:00,NÆN/86,13:09:00,22,3.1,true
RØ,4434,NÆN/86,13:10:00,OL/86,13:14:00,22,4.3,true
RØ,4434,OL/86,13:15:00,HZ/86,13:21:00,22,10.9,true
RØ,4434,HZ/86,13:22:00,TH/86,13:27:00,22,8.8,true
RØ,4434,TH/86,13:30:00,HF/86,13:34:00,22,6.4,true
RØ,4434,HF/86,13:35:00,KJ/86,13:39:00,22,5.5,true
RØ,4434,KJ/86,13:45:00,ØLB/86,13:47:00,53,2.7,true
RØ,4434,ØLB/86,13:48:00,KJN/86,13:51:00,53,2.2,true
RØ,4434,KJN/86,13:52:00,JSF/86,13:53:00,58,2.5,true
RØ,4434,JSF/86,13:53:00,NEL/86,14:06:20,58,28.2,true
RØ,4434,NEL/86,14:07:20,GB/86,14:09:00,58,1.4,true
RØ,4434,GB/86,14:09:00,KH/86,14:13:00,58,3.2,true
RØ,4438,NÆ/86,14:06:00,NÆN/86,14:09:00,29,3.1,true
RØ,4438,NÆN/86,14:10:00,OL/86,14:14:00,29,4.3,true
RØ,4438,OL/86,14:15:00,HZ/86,14:21:00,29,10.9,true
RØ,4438,HZ/86,14:22:00,TH/86,14:27:00,29,8.8,true
RØ,4438,TH/86,14:30:00,HF/86,14:34:00,29,6.4,true
RØ,4438,HF/86,14:35:00,KJ/86,14:39:00,29,5.5,true
RØ,4438,KJ/86,14:45:00,ØLB/86,14:47:00,55,2.7,true
RØ,4438,ØLB/86,14:48:00,KJN/86,14:51:00,55,2.2,true
RØ,4438,KJN/86,14:52:00,JSF/86,14:53:00,63,2.5,true
RØ,4438,JSF/86,14:53:00,NEL/86,15:06:20,63,28.2,true
RØ,4438,NEL/86,15:07:20,GB/86,15:09:00,63,1.4,true
RØ,4438,GB/86,15:09:00,KH/86,15:13:00,63,3.2,true
RØ,4442,NÆ/86,15:06:00,NÆN/86,15:09:00,32,3.1,true
RØ,4442,NÆN/86,15:10:00,OL/86,15:14:00,32,4.3,true
RØ,4442,OL/86,15:15:00,HZ/86,15:21:00,32,10.9,true
RØ,4442,HZ/86,15:22:00,TH/86,15:27:00,32,8.8,true
RØ,4442,TH/86,15:30:00,HF/86,15:34:00,32,6.4,true
RØ,4442,HF/86,15:35:00,KJ/86,15:39:00,32,5.5,true
RØ,4442,KJ/86,15:45:00,ØLB/86,15:47:00,74,2.7,true
RØ,4442,ØLB/86,15:48:00,KJN/86,15:51:00,74,2.2,true
RØ,4442,KJN/86,15:52:00,JSF/86,15:53:00,90,2.5,true
RØ,4442,JSF/86,15:53:00,NEL/86,16:06:20,90,28.2,true
RØ,4442,NEL/86,16:07:20,GB/86,16:09:00,90,1.4,true
RØ,4442,GB/86,16:09:00,KH/86,16:13:00,90,3.2,true
RØ,4446,NÆ/86,16:06:00,NÆN/86,16:09:00,25,3.1,true
RØ,4446,NÆN/86,16:10:00,OL/86,16:14:00,25,4.3,true
RØ,4446,OL/86,16:15:00,HZ/86,16:21:00,25,10.9,true
RØ,4446,HZ/86,16:22:00,TH/86,16:27:00,25,8.8,true
RØ,4446,TH/86,16:30:00,HF/86,16:34:00,25,6.4,true
RØ,4446,HF/86,16:35:00,KJ/86,16:39:00,25,5.5,true
RØ,4446,KJ/86,16:45:00,ØLB/86,16:47:00,65,2.7,true
RØ,4446,ØLB/86,16:48:00,KJN/86,16:51:00,65,2.2,true
RØ,4446,KJN/86,16:52:00,JSF/86,16:53:00,79,2.5,true
RØ,4446,JSF/86,16:53:00,NEL/86,17:06:20,79,28.2,true
RØ,4446,NEL/86,17:07:20,GB/86,17:09:00,79,1.4,true
RØ,4446,GB/86,17:09:00,KH/86,17:13:00,79,3.2,true
RØ,4450,NÆ/86,17:06:00,NÆN/86,17:09:00,18,3.1,true
RØ,4450,NÆN/86,17:10:00,OL/86,17:14:00,18,4.3,true
RØ,4450,OL/86,17:15:00,HZ/86,17:21:00,18,10.9,true
RØ,4450,HZ/86,17:22:00,TH/86,17:27:00,18,8.8,true
RØ,4450,TH/86,17:30:00,HF/86,17:34:00,18,6.4,true
RØ,4450,HF/86,17:35:00,KJ/86,17:39:00,18,5.5,true
RØ,4450,KJ/86,17:45:00,ØLB/86,17:47:00,44,2.7,true
RØ,4450,ØLB/86,17:48:00,KJN/86,17:51:00,44,2.2,true
RØ,4450,KJN/86,17:52:00,JSF/86,17:53:00,54,2.5,true
RØ,4450,JSF/86,17:53:00,NEL/86,18:06:20,54,28.2,true
RØ,4450,NEL/86,18:07:20,GB/86,18:09:00,54,1.4,true
RØ,4450,GB/86,18:09:00,KH/86,18:13:00,54,3.2,true
RØ,4454,NÆ/86,18:06:00,NÆN/86,18:10:00,11,3.1,true
RØ,4454,NÆN/86,18:11:00,OL/86,18:14:00,11,4.3,true
RØ,4454,OL/86,18:15:00,HZ/86,18:21:00,11,10.9,true
RØ,4454,HZ/86,18:22:00,TH/86,18:27:00,11,8.8,true
RØ,4454,TH/86,18:30:00,HF/86,18:34:00,11,6.4,true
RØ,4454,HF/86,18:35:00,KJ/86,18:39:00,11,5.5,true
RØ,4454,KJ/86,18:45:00,ØLB/86,18:47:00,31,2.7,true
RØ,4454,ØLB/86,18:48:00,KJN/86,18:51:00,31,2.2,true
RØ,4454,KJN/86,18:52:00,JSF/86,18:53:00,34,2.5,true
RØ,4454,JSF/86,18:53:00,NEL/86,19:06:20,34,28.2,true
RØ,4454,NEL/86,19:07:20,GB/86,19:09:00,34,1.4,true
RØ,4454,GB/86,19:09:00,KH/86,19:13:00,34,3.2,true
RØ,4454,KH/86,19:16:00,KN/86,19:18:00,18,1.5,true
RØ,4454,KN/86,19:19:00,KK/86,19:22:00,18,1.6,true
RØ,2483,KK/86,21:08:00,KN/86,21:10:00,30,1.6,true
RØ,2483,KN/86,21:11:00,KH/86,21:14:00,30,1.5,true
RØ,2483,KH/86,21:17:00,GB/86,21:20:00,71,3.2,true
RØ,2483,GB/86,21:20:00,NEL/86,21:21:00,71,1.4,true
RØ,2483,NEL/86,21:22:00,IG/86,21:23:00,71,1.6,true
RØ,2483,IG/86,21:23:00,KJN/86,21:36:00,71,29.1,true
RØ,2483,KJN/86,21:37:00,ØLB/86,21:40:00,54,2.2,true
RØ,2483,ØLB/86,21:41:00,KJ/86,21:43:00,54,2.7,true
RØ,2483,KJ/86,21:49:00,HF/86,21:53:00,27,5.5,true
RØ,2483,HF/86,21:54:00,TH/86,21:59:00,27,6.4,true
RØ,2483,TH/86,22:00:00,HZ/86,22:05:00,27,8.8,true
RØ,2483,HZ/86,22:06:00,OL/86,22:12:00,27,10.9,true
RØ,2483,OL/86,22:14:00,NÆN/86,22:17:00,27,4.3,true
RØ,2483,NÆN/86,22:18:00,NÆ/86,22:22:00,27,3.1,true
RØ,2487,KK/86,22:08:00,KN/86,22:10:00,28,1.6,true
RØ,2487,KN/86,22:11:00,KH/86,22:14:00,28,1.5,true
RØ,2487,KH/86,22:17:00,GB/86,22:20:00,66,3.2,true
RØ,2487,GB/86,22:20:00,NEL/86,22:21:00,66,1.4,true
RØ,2487,NEL/86,22:22:00,IG/86,22:23:00,66,1.6,true
RØ,2487,IG/86,22:23:00,KJN/86,22:36:00,66,29.1,true
RØ,2487,KJN/86,22:37:00,ØLB/86,22:40:00,45,2.2,true
RØ,2487,ØLB/86,22:41:00,KJ/86,22:43:00,45,2.7,true
RØ,2487,KJ/86,22:49:00,HF/86,22:53:00,14,5.5,true
RØ,2487,HF/86,22:54:00,TH/86,22:59:00,14,6.4,true
RØ,2487,TH/86,23:00:00,HZ/86,23:05:00,14,8.8,true
RØ,2487,HZ/86,23:06:00,OL/86,23:12:00,14,10.9,true
RØ,2487,OL/86,23:14:00,NÆN/86,23:17:00,14,4.3,true
RØ,2487,NÆN/86,23:18:00,NÆ/86,23:22:00,14,3.1,true
RØ,2491,KH/86,23:17:00,GB/86,23:20:00,49,3.2,true
RØ,2491,GB/86,23:20:00,NEL/86,23:21:00,49,1.4,true
RØ,2491,NEL/86,23:22:00,IG/86,23:23:00,49,1.6,true
RØ,2491,IG/86,23:23:00,KJN/86,23:36:00,49,29.1,true
RØ,2491,KJN/86,23:37:00,ØLB/86,23:40:00,41,2.2,true
RØ,2491,ØLB/86,23:41:00,KJ/86,23:43:00,41,2.7,true
RØ,2491,KJ/86,23:49:00,HF/86,23:53:00,20,5.5,true
RØ,2491,HF/86,23:54:00,TH/86,23:59:00,20,6.4,true
RØ,2491,TH/86,00:00:00,HZ/86,00:05:00,20,8.8,true
RØ,2491,HZ/86,00:06:00,OL/86,00:12:00,20,10.9,true
RØ,2491,OL/86,00:14:00,NÆN/86,00:17:00,20,4.3,true
RØ,2491,NÆN/86,00:18:00,NÆ/86,00:22:00,20,3.1,true
RØ,2495,KH/86,00:17:00,GB/86,00:20:00,22,3.2,true
RØ,2495,GB/86,00:20:00,NEL/86,00:21:00,22,1.4,true
RØ,2495,NEL/86,00:22:00,IG/86,00:23:00,22,1.6,true
RØ,2495,IG/86,00:23:00,KJN/86,00:36:00,22,29.1,true
RØ,2495,KJN/86,00:37:00,ØLB/86,00:40:00,17,2.2,true
RØ,2495,ØLB/86,00:41:00,KJ/86,00:43:00,17,2.7,true
RØ,2495,KJ/86,00:45:00,HF/86,00:49:00,5,5.5,true
RØ,2495,HF/86,00:50:00,TH/86,00:54:00,5,6.4,true
RØ,2495,TH/86,00:55:00,HZ/86,01:01:00,5,8.8,true
RØ,2495,HZ/86,01:02:00,OL/86,01:08:00,5,10.9,true
RØ,2495,OL/86,01:09:00,NÆN/86,01:12:00,5,4.3,true
RØ,2495,NÆN/86,01:13:00,NÆ/86,01:17:00,5,3.1,true
RØ,1268,NF/86,21:26:00,TN/86,21:29:00,44,6.0,false
RØ,1268,TN/86,21:29:00,EK/86,21:31:00,44,4.1,false
RØ,1268,EK/86,21:32:00,NV/86,21:36:00,44,4.5,false
RØ,1268,NV/86,21:37:00,OH/86,21:40:00,44,5.0,false
RØ,1268,OH/86,21:40:00,VO/86,21:48:00,44,9.2,false
RØ,1268,VO/86,21:49:00,LU/86,21:55:00,32,11.4,true
RØ,1268,LU/86,21:56:00,MOG/86,22:01:00,32,7.5,true
RØ,1268,MOG/86,22:01:00,NÆ/86,22:04:00,32,8.5,true
RØ,1268,NÆ/86,22:07:00,GZ/86,22:13:00,27,14.8,true
RØ,1268,GZ/86,22:13:00,RG/86,22:19:00,27,12.0,true
RØ,1268,RG/86,22:21:00,ADA/86,22:25:00,27,5.0,true
RØ,1268,ADA/86,22:25:00,KJN/86,22:33:00,27,21.4,true
RØ,1268,KJN/86,22:34:00,JSF/86,22:35:00,27,2.5,true
RØ,1268,JSF/86,22:35:00,NEL/86,22:47:00,27,28.2,true
RØ,1268,NEL/86,22:49:00,GB/86,22:50:00,27,1.4,true
RØ,1268,GB/86,22:50:00,KH/86,22:54:00,27,3.2,true
RØ,3473,HG/86,17:54:00,SQ/86,17:56:00,43,3.5,true
RØ,3473,SQ/86,17:56:00,GÆ/86,17:59:00,43,2.7,true
RØ,3473,GÆ/86,18:00:00,HUM/86,18:03:00,43,3.7,true
RØ,3473,HUM/86,18:04:00,NI/86,18:07:00,43,3.8,true
RØ,3473,NI/86,18:08:00,OK/86,18:11:00,60,3.4,true
RØ,3473,OK/86,18:12:00,RU/86,18:15:00,60,3.0,true
RØ,3473,RU/86,18:15:00,HL/86,18:29:00,60,18.3,true
RØ,3473,HL/86,18:30:00,HGL/86,18:32:00,60,2.6,true
RØ,3473,HGL/86,18:32:00,KK/86,18:35:00,60,2.1,true
RØ,3473,KK/86,18:38:00,KN/86,18:40:00,41,1.6,true
RØ,3473,KN/86,18:41:00,KH/86,18:44:00,41,1.5,true
RØ,3404,KH/86,06:46:00,KN/86,06:48:00,42,1.5,true
RØ,3404,KN/86,06:49:00,KK/86,06:52:00,42,1.6,true
RØ,3404,KK/86,06:53:00,HGL/86,06:56:00,50,2.1,true
RØ,3404,HGL/86,06:56:00,HL/86,06:59:00,50,2.6,true
RØ,3404,HL/86,07:00:00,KL/86,07:05:00,50,5.5,true
RØ,3404,KL/86,07:05:00,OK/86,07:17:00,50,15.8,true
RØ,3404,OK/86,07:18:00,NI/86,07:21:00,50,3.4,true
RØ,3404,NI/86,07:22:00,HUM/86,07:25:00,35,3.8,true
RØ,3404,HUM/86,07:26:00,GÆ/86,07:29:00,35,3.7,true
RØ,3404,GÆ/86,07:30:00,SQ/86,07:33:00,35,2.7,true
RØ,3404,SQ/86,07:33:00,HG/86,07:36:00,35,3.5,true
RØ,1272,NF/86,22:26:00,TN/86,22:29:00,13,6.0,false
RØ,1272,TN/86,22:29:00,EK/86,22:31:00,13,4.1,false
RØ,1272,EK/86,22:32:00,NV/86,22:36:00,13,4.5,false
RØ,1272,NV/86,22:37:00,OH/86,22:40:00,13,5.0,false
RØ,1272,OH/86,22:40:00,VO/86,22:48:00,13,9.2,false
RØ,1272,VO/86,22:49:00,LU/86,22:55:00,14,11.4,true
RØ,1272,LU/86,22:56:00,MOG/86,23:01:00,14,7.5,true
RØ,1272,MOG/86,23:01:00,NÆ/86,23:04:00,14,8.5,true
RØ,1272,NÆ/86,23:07:00,GZ/86,23:13:00,16,14.8,true
RØ,1272,GZ/86,23:13:00,RG/86,23:19:00,16,12.0,true
RØ,1272,RG/86,23:21:00,ADA/86,23:25:00,14,5.0,true
RØ,1272,ADA/86,23:25:00,KJN/86,23:33:00,14,21.4,true
RØ,1272,KJN/86,23:34:00,JSF/86,23:35:00,21,2.5,true
RØ,1272,JSF/86,23:35:00,NEL/86,23:47:00,21,28.2,true
RØ,1272,NEL/86,23:49:00,GB/86,23:50:00,21,1.4,true
RØ,1272,GB/86,23:50:00,KH/86,23:54:00,21,3.2,true
RØ,1276,NF/86,23:26:00,TN/86,23:29:00,10,6.0,false
RØ,1276,TN/86,23:29:00,EK/86,23:31:00,10,4.1,false
RØ,1276,EK/86,23:32:00,NV/86,23:36:00,10,4.5,false
RØ,1276,NV/86,23:37:00,OH/86,23:40:00,10,5.0,false
RØ,1276,OH/86,23:40:00,VO/86,23:48:00,10,9.2,false
RØ,1276,VO/86,23:49:00,LU/86,23:55:00,10,11.4,true
RØ,1276,LU/86,23:56:00,MOG/86,00:01:00,10,7.5,true
RØ,1276,MOG/86,00:01:00,NÆ/86,00:04:00,10,8.5,true
RØ,1276,NÆ/86,00:07:00,GZ/86,00:13:00,10,14.8,true
RØ,1276,GZ/86,00:13:00,RG/86,00:19:00,10,12.0,true
RØ,1276,RG/86,00:21:00,ADA/86,00:25:00,8,5.0,true
RØ,1276,ADA/86,00:25:00,KJN/86,00:33:00,8,21.4,true
RØ,1276,KJN/86,00:34:00,JSF/86,00:35:00,8,2.5,true
RØ,1276,JSF/86,00:35:00,NEL/86,00:47:00,8,28.2,true
RØ,1276,NEL/86,00:49:00,GB/86,00:50:00,8,1.4,true
RØ,1276,GB/86,00:50:00,KH/86,00:54:00,8,3.2,true
RØ,4239,HG/86,09:28:00,SQ/86,09:31:00,78,3.5,true
RØ,4239,SQ/86,09:32:00,GÆ/86,09:34:00,78,2.7,true
RØ,4239,GÆ/86,09:35:00,HUM/86,09:38:00,78,3.7,true
RØ,4239,HUM/86,09:39:00,NI/86,09:42:00,78,3.8,true
RØ,4239,NI/86,09:43:00,OK/86,09:47:00,139,3.4,true
RØ,4239,OK/86,09:48:00,RU/86,09:50:00,139,3.0,true
RØ,4239,RU/86,09:51:00,VB/86,09:54:00,139,4.0,true
RØ,4239,VB/86,09:55:00,SÅ/86,09:58:00,139,3.3,true
RØ,4239,SÅ/86,09:59:00,KL/86,10:03:00,139,5.5,true
RØ,4239,KL/86,10:04:00,HL/86,10:09:00,139,5.5,true
RØ,4239,HL/86,10:10:00,HGL/86,10:12:00,139,2.6,true
RØ,4239,HGL/86,10:12:00,KK/86,10:15:00,139,2.1,true
RØ,4239,KK/86,10:17:00,KN/86,10:19:00,71,1.6,true
RØ,4239,KN/86,10:20:00,KH/86,10:23:00,71,1.5,true
RØ,4239,KH/86,10:26:00,VAL/86,10:30:00,106,3.9,true
RØ,4239,VAL/86,10:31:00,HIF/86,10:33:00,106,3.4,true
RØ,4239,HIF/86,10:33:00,HTÅ/86,10:40:00,106,12.2,true
RØ,4239,HTÅ/86,10:41:00,HH/86,10:45:00,105,4.7,true
RØ,4239,HH/86,10:46:00,TRK/86,10:49:00,105,4.0,true
RØ,4239,TRK/86,10:50:00,RO/86,10:53:00,105,3.1,true
RØ,4239,RO/86,10:54:00,VY/86,11:00:00,38,11.2,true
RØ,4239,VY/86,11:01:00,BO/86,11:06:00,38,7.2,true
RØ,4239,BO/86,11:07:00,KY/86,11:10:00,38,6.9,true
RØ,4239,KY/86,11:10:00,RG/86,11:15:00,38,7.3,true
RØ,4239,RG/86,11:16:00,GZ/86,11:22:00,29,12.0,true
RØ,4239,GZ/86,11:23:00,NÆ/86,11:32:00,29,14.8,true
RØ,1570,KB/86,21:50:00,KBØ/86,21:52:00,16,2.0,false
RØ,1570,KBØ/86,21:53:00,VÆ/86,21:57:00,16,5.8,false
RØ,1570,VÆ/86,21:57:00,SE/86,22:01:00,16,5.6,false
RØ,1570,SE/86,22:02:00,JY/86,22:07:00,16,7.7,false
RØ,1570,JY/86,22:08:00,MØ/86,22:13:00,16,6.6,false
RØ,1570,MØ/86,22:14:00,KS/86,22:18:00,16,3.5,false
RØ,1570,KS/86,22:19:00,RT/86,22:22:00,16,4.2,false
RØ,1570,RT/86,22:23:00,HK/86,22:29:00,16,8.1,false
RØ,1570,HK/86,22:32:00,PE/86,22:36:00,21,5.9,true
RØ,1570,PE/86,22:37:00,TØ/86,22:42:00,21,6.6,true
RØ,1570,TØ/86,22:43:00,HV/86,22:48:00,21,6.3,true
RØ,1570,HV/86,22:49:00,LJ/86,22:54:00,21,7.5,true
RØ,1570,LJ/86,22:55:00,RO/86,23:01:00,21,9.5,true
RØ,1570,RO/86,23:02:00,TRK/86,23:05:00,36,3.1,true
RØ,1570,TRK/86,23:06:00,HH/86,23:09:00,36,4.0,true
RØ,1570,HH/86,23:10:00,HTÅ/86,23:14:00,36,4.7,true
RØ,1570,HTÅ/86,23:16:00,GL/86,23:20:00,32,8.3,true
RØ,1570,GL/86,23:20:00,VAL/86,23:24:00,32,7.3,true
RØ,1570,VAL/86,23:25:00,KH/86,23:30:00,32,3.9,true
RØ,1583,KK/86,21:14:00,KN/86,21:16:00,31,1.6,true
RØ,1583,KN/86,21:17:00,KH/86,21:20:00,31,1.5,true
RØ,1583,KH/86,21:30:00,VAL/86,21:34:00,176,3.9,true
RØ,1583,VAL/86,21:35:00,HIF/86,21:37:00,176,3.4,true
RØ,1583,HIF/86,21:37:00,HTÅ/86,21:44:00,176,12.2,true
RØ,1583,HTÅ/86,21:45:00,HH/86,21:49:00,161,4.7,true
RØ,1583,HH/86,21:50:00,TRK/86,21:53:00,161,4.0,true
RØ,1583,TRK/86,21:54:00,RO/86,21:57:00,161,3.1,true
RØ,1583,RO/86,21:59:00,LJ/86,22:05:00,95,9.5,true
RØ,1583,LJ/86,22:06:00,HV/86,22:11:00,95,7.5,true
RØ,1583,HV/86,22:12:00,TØ/86,22:16:00,95,6.3,true
RØ,1583,TØ/86,22:17:00,PE/86,22:22:00,95,6.6,true
RØ,1583,PE/86,22:23:00,HK/86,22:27:00,95,5.9,true
RØ,1583,HK/86,22:30:00,RT/86,22:36:00,13,8.1,false
RØ,1583,RT/86,22:37:00,KS/86,22:41:00,13,4.2,false
RØ,1583,KS/86,22:42:00,MØ/86,22:45:00,13,3.5,false
RØ,1583,MØ/86,22:46:00,JY/86,22:51:00,13,6.6,false
RØ,1583,JY/86,22:52:00,SE/86,22:58:00,13,7.7,false
RØ,1583,SE/86,23:01:00,VÆ/86,23:05:00,13,5.6,false
RØ,1583,VÆ/86,23:05:00,KBØ/86,23:08:00,13,5.8,false
RØ,1583,KBØ/86,23:09:00,KB/86,23:13:00,13,2.0,false
RØ,4895,KH/86,00:10:00,VAL/86,00:14:00,52,3.9,true
RØ,4895,VAL/86,00:15:00,HIF/86,00:17:00,52,3.4,true
RØ,4895,HIF/86,00:17:00,HTÅ/86,00:23:00,52,12.2,true
RØ,4895,HTÅ/86,00:25:00,HH/86,00:28:00,50,4.7,true
RØ,4895,HH/86,00:29:00,TRK/86,00:32:00,50,4.0,true
RØ,4895,TRK/86,00:33:00,RO/86,00:36:00,50,3.1,true
RØ,4895,RO/86,00:37:00,VY/86,00:44:00,28,11.2,true
RØ,4895,VY/86,00:45:00,BO/86,00:49:00,28,7.2,true
RØ,4895,BO/86,00:50:00,KY/86,00:54:00,28,6.9,true
RØ,4895,KY/86,00:54:00,RG/86,00:58:00,28,7.3,true
RØ,4895,RG/86,00:59:00,GZ/86,01:05:00,21,12.0,true
RØ,4895,GZ/86,01:06:00,NÆ/86,01:14:00,21,14.8,true
RØ,4895,NÆ/86,01:16:00,MOG/86,01:19:00,19,8.5,true
RØ,4895,MOG/86,01:19:00,LU/86,01:24:00,19,7.5,true
RØ,4895,LU/86,01:25:00,VO/86,01:31:00,19,11.4,true
RØ,4895,VO/86,01:32:00,MN/86,01:35:00,11,3.8,false
RØ,4895,MN/86,01:35:00,NV/86,01:43:00,11,10.4,false
RØ,4895,NV/86,01:44:00,EK/86,01:47:00,11,4.5,false
RØ,4895,EK/86,01:48:00,TN/86,01:51:00,11,4.1,false
RØ,4895,TN/86,01:51:00,NF/86,01:54:00,11,6.0,false
RØ,4402,NÆ/86,05:06:00,NÆN/86,05:09:00,39,3.1,true
RØ,4402,NÆN/86,05:10:00,OL/86,05:14:00,39,4.3,true
RØ,4402,OL/86,05:15:00,HZ/86,05:21:00,39,10.9,true
RØ,4402,HZ/86,05:22:00,TH/86,05:27:00,39,8.8,true
RØ,4402,TH/86,05:30:00,HF/86,05:34:00,39,6.4,true
RØ,4402,HF/86,05:35:00,KJ/86,05:39:00,39,5.5,true
RØ,4402,KJ/86,05:45:00,ØLB/86,05:47:00,72,2.7,true
RØ,4402,ØLB/86,05:48:00,KJN/86,05:51:00,72,2.2,true
RØ,4402,KJN/86,05:52:00,JSF/86,05:53:00,81,2.5,true
RØ,4402,JSF/86,05:53:00,NEL/86,06:06:20,81,28.2,true
RØ,4402,NEL/86,06:07:20,GB/86,06:09:00,81,1.4,true
RØ,4402,GB/86,06:09:00,KH/86,06:13:00,81,3.2,true
RØ,2297,HG/86,23:58:00,SQ/86,00:01:00,2,3.5,true
RØ,2297,SQ/86,00:02:00,GÆ/86,00:04:00,2,2.7,true
RØ,2297,GÆ/86,00:05:00,HUM/86,00:08:00,2,3.7,true
RØ,2297,HUM/86,00:09:00,NI/86,00:12:00,2,3.8,true
RØ,2297,NI/86,00:13:00,OK/86,00:17:00,1,3.4,true
RØ,2297,OK/86,00:18:00,RU/86,00:20:00,1,3.0,true
RØ,2297,RU/86,00:21:00,VB/86,00:24:00,1,4.0,true
RØ,2297,VB/86,00:25:00,SÅ/86,00:28:00,1,3.3,true
RØ,2297,SÅ/86,00:29:00,KL/86,00:33:00,1,5.5,true
RØ,2297,KL/86,00:34:00,HL/86,00:39:00,1,5.5,true
RØ,2297,HL/86,00:40:00,HGL/86,00:42:00,1,2.6,true
RØ,2297,HGL/86,00:42:00,KK/86,00:45:00,1,2.1,true
RØ,2297,KK/86,00:47:00,KN/86,00:49:00,1,1.6,true
RØ,2297,KN/86,00:50:00,KH/86,00:53:00,1,1.5,true
RØ,4231,HG/86,07:28:00,SQ/86,07:31:00,173,3.5,true
RØ,4231,SQ/86,07:32:00,GÆ/86,07:34:00,173,2.7,true
RØ,4231,GÆ/86,07:35:00,HUM/86,07:38:00,173,3.7,true
RØ,4231,HUM/86,07:39:00,NI/86,07:42:00,173,3.8,true
RØ,4231,NI/86,07:43:00,OK/86,07:47:00,413,3.4,true
RØ,4231,OK/86,07:48:00,RU/86,07:50:00,413,3.0,true
RØ,4231,RU/86,07:51:00,VB/86,07:54:00,413,4.0,true
RØ,4231,VB/86,07:55:00,SÅ/86,07:58:00,413,3.3,true
RØ,4231,SÅ/86,07:59:00,KL/86,08:03:00,413,5.5,true
RØ,4231,KL/86,08:04:00,HL/86,08:09:00,413,5.5,true
RØ,4231,HL/86,08:10:00,HGL/86,08:12:00,413,2.6,true
RØ,4231,HGL/86,08:12:00,KK/86,08:15:00,413,2.1,true
RØ,4231,KK/86,08:17:00,KN/86,08:19:00,262,1.6,true
RØ,4231,KN/86,08:20:00,KH/86,08:23:00,262,1.5,true
RØ,4231,KH/86,08:26:00,VAL/86,08:30:00,331,3.9,true
RØ,4231,VAL/86,08:31:00,HIF/86,08:33:00,331,3.4,true
RØ,4231,HIF/86,08:33:00,HTÅ/86,08:40:00,331,12.2,true
RØ,4231,HTÅ/86,08:41:00,HH/86,08:45:00,299,4.7,true
RØ,4231,HH/86,08:46:00,TRK/86,08:49:00,299,4.0,true
RØ,4231,TRK/86,08:50:00,RO/86,08:53:00,299,3.1,true
RØ,4231,RO/86,08:54:00,VY/86,09:00:00,59,11.2,true
RØ,4231,VY/86,09:01:00,BO/86,09:06:00,59,7.2,true
RØ,4231,BO/86,09:07:00,KY/86,09:10:00,59,6.9,true
RØ,4231,KY/86,09:10:00,RG/86,09:15:00,59,7.3,true
RØ,4231,RG/86,09:16:00,GZ/86,09:22:00,38,12.0,true
RØ,4231,GZ/86,09:23:00,NÆ/86,09:32:00,38,14.8,true
RØ,4235,HG/86,08:28:00,SQ/86,08:31:00,67,3.5,true
RØ,4235,SQ/86,08:32:00,GÆ/86,08:34:00,67,2.7,true
RØ,4235,GÆ/86,08:35:00,HUM/86,08:38:00,67,3.7,true
RØ,4235,HUM/86,08:39:00,NI/86,08:42:00,67,3.8,true
RØ,4235,NI/86,08:43:00,OK/86,08:47:00,158,3.4,true
RØ,4235,OK/86,08:48:00,RU/86,08:50:00,158,3.0,true
RØ,4235,RU/86,08:51:00,VB/86,08:54:00,158,4.0,true
RØ,4235,VB/86,08:55:00,SÅ/86,08:58:00,158,3.3,true
RØ,4235,SÅ/86,08:59:00,KL/86,09:03:00,158,5.5,true
RØ,4235,KL/86,09:04:00,HL/86,09:09:00,158,5.5,true
RØ,4235,HL/86,09:10:00,HGL/86,09:12:00,158,2.6,true
RØ,4235,HGL/86,09:12:00,KK/86,09:15:00,158,2.1,true
RØ,4235,KK/86,09:17:00,KN/86,09:19:00,132,1.6,true
RØ,4235,KN/86,09:20:00,KH/86,09:23:00,132,1.5,true
RØ,4235,KH/86,09:26:00,VAL/86,09:30:00,277,3.9,true
RØ,4235,VAL/86,09:31:00,HIF/86,09:33:00,277,3.4,true
RØ,4235,HIF/86,09:33:00,HTÅ/86,09:40:00,277,12.2,true
RØ,4235,HTÅ/86,09:41:00,HH/86,09:45:00,296,4.7,true
RØ,4235,HH/86,09:46:00,TRK/86,09:49:00,296,4.0,true
RØ,4235,TRK/86,09:50:00,RO/86,09:53:00,296,3.1,true
RØ,4235,RO/86,09:54:00,VY/86,10:00:00,90,11.2,true
RØ,4235,VY/86,10:01:00,BO/86,10:06:00,90,7.2,true
RØ,4235,BO/86,10:07:00,KY/86,10:10:00,90,6.9,true
RØ,4235,KY/86,10:10:00,RG/86,10:15:00,90,7.3,true
RØ,4235,RG/86,10:16:00,GZ/86,10:22:00,27,12.0,true
RØ,4235,GZ/86,10:23:00,NÆ/86,10:32:00,27,14.8,true
RØ,4247,HG/86,11:28:00,SQ/86,11:31:00,53,3.5,true
RØ,4247,SQ/86,11:32:00,GÆ/86,11:34:00,53,2.7,true
RØ,4247,GÆ/86,11:35:00,HUM/86,11:38:00,53,3.7,true
RØ,4247,HUM/86,11:39:00,NI/86,11:42:00,53,3.8,true
RØ,4247,NI/86,11:43:00,OK/86,11:47:00,94,3.4,true
RØ,4247,OK/86,11:48:00,RU/86,11:50:00,94,3.0,true
RØ,4247,RU/86,11:51:00,VB/86,11:54:00,94,4.0,true
RØ,4247,VB/86,11:55:00,SÅ/86,11:58:00,94,3.3,true
RØ,4247,SÅ/86,11:59:00,KL/86,12:03:00,94,5.5,true
RØ,4247,KL/86,12:04:00,HL/86,12:09:00,94,5.5,true
RØ,4247,HL/86,12:10:00,HGL/86,12:12:00,94,2.6,true
RØ,4247,HGL/86,12:12:00,KK/86,12:15:00,94,2.1,true
RØ,4247,KK/86,12:17:00,KN/86,12:19:00,74,1.6,true
RØ,4247,KN/86,12:20:00,KH/86,12:23:00,74,1.5,true
RØ,4247,KH/86,12:26:00,VAL/86,12:30:00,139,3.9,true
RØ,4247,VAL/86,12:31:00,HIF/86,12:33:00,139,3.4,true
RØ,4247,HIF/86,12:33:00,HTÅ/86,12:40:00,139,12.2,true
RØ,4247,HTÅ/86,12:41:00,HH/86,12:45:00,150,4.7,true
RØ,4247,HH/86,12:46:00,TRK/86,12:49:00,150,4.0,true
RØ,4247,TRK/86,12:50:00,RO/86,12:53:00,150,3.1,true
RØ,4247,RO/86,12:54:00,VY/86,13:00:00,82,11.2,true
RØ,4247,VY/86,13:01:00,BO/86,13:06:00,82,7.2,true
RØ,4247,BO/86,13:07:00,KY/86,13:10:00,82,6.9,true
RØ,4247,KY/86,13:10:00,RG/86,13:15:00,82,7.3,true
RØ,4247,RG/86,13:16:00,GZ/86,13:22:00,62,12.0,true
RØ,4247,GZ/86,13:23:00,NÆ/86,13:32:00,62,14.8,true
RØ,4222,NÆ/86,10:28:00,GZ/86,10:36:00,31,14.8,true
RØ,4222,GZ/86,10:37:00,RG/86,10:43:00,31,12.0,true
RØ,4222,RG/86,10:44:00,KY/86,10:48:00,52,7.3,true
RØ,4222,KY/86,10:48:00,BO/86,10:52:00,52,6.9,true
RØ,4222,BO/86,10:53:00,VY/86,10:58:00,52,7.2,true
RØ,4222,VY/86,10:59:00,RO/86,11:05:00,52,11.2,true
RØ,4222,RO/86,11:07:00,TRK/86,11:09:00,119,3.1,true
RØ,4222,TRK/86,11:10:00,HH/86,11:13:00,119,4.0,true
RØ,4222,HH/86,11:14:00,HTÅ/86,11:18:00,119,4.7,true
RØ,4222,HTÅ/86,11:19:00,GL/86,11:23:00,133,8.3,true
RØ,4222,GL/86,11:23:00,VAL/86,11:27:00,133,7.3,true
RØ,4222,VAL/86,11:28:00,KH/86,11:34:00,133,3.9,true
RØ,4222,KH/86,11:37:00,KN/86,11:39:00,73,1.5,true
RØ,4222,KN/86,11:40:00,KK/86,11:43:00,73,1.6,true
RØ,4222,KK/86,11:44:00,HGL/86,11:46:00,88,2.1,true
RØ,4222,HGL/86,11:46:00,HL/86,11:49:00,88,2.6,true
RØ,4222,HL/86,11:50:00,KL/86,11:54:00,88,5.5,true
RØ,4222,KL/86,11:55:00,SÅ/86,11:59:00,88,5.5,true
RØ,4222,SÅ/86,12:00:00,VB/86,12:03:00,88,3.3,true
RØ,4222,VB/86,12:04:00,RU/86,12:07:00,88,4.0,true
RØ,4222,RU/86,12:08:00,OK/86,12:11:00,88,3.0,true
RØ,4222,OK/86,12:12:00,NI/86,12:15:00,88,3.4,true
RØ,4222,NI/86,12:16:00,HUM/86,12:19:00,56,3.8,true
RØ,4222,HUM/86,12:20:00,GÆ/86,12:23:00,56,3.7,true
RØ,4222,GÆ/86,12:24:00,SQ/86,12:27:00,56,2.7,true
RØ,4222,SQ/86,12:28:00,HG/86,12:32:00,56,3.5,true
RØ,4226,NÆ/86,11:28:00,GZ/86,11:36:00,34,14.8,true
RØ,4226,GZ/86,11:37:00,RG/86,11:43:00,34,12.0,true
RØ,4226,RG/86,11:44:00,KY/86,11:48:00,56,7.3,true
RØ,4226,KY/86,11:48:00,BO/86,11:52:00,56,6.9,true
RØ,4226,BO/86,11:53:00,VY/86,11:58:00,56,7.2,true
RØ,4226,VY/86,11:59:00,RO/86,12:05:00,56,11.2,true
RØ,4226,RO/86,12:07:00,TRK/86,12:09:00,145,3.1,true
RØ,4226,TRK/86,12:10:00,HH/86,12:13:00,145,4.0,true
RØ,4226,HH/86,12:14:00,HTÅ/86,12:18:00,145,4.7,true
RØ,4226,HTÅ/86,12:19:00,GL/86,12:23:00,154,8.3,true
RØ,4226,GL/86,12:23:00,VAL/86,12:27:00,154,7.3,true
RØ,4226,VAL/86,12:28:00,KH/86,12:34:00,154,3.9,true
RØ,4226,KH/86,12:37:00,KN/86,12:39:00,74,1.5,true
RØ,4226,KN/86,12:40:00,KK/86,12:43:00,74,1.6,true
RØ,4226,KK/86,12:44:00,HGL/86,12:46:00,96,2.1,true
RØ,4226,HGL/86,12:46:00,HL/86,12:49:00,96,2.6,true
RØ,4226,HL/86,12:50:00,KL/86,12:54:00,96,5.5,true
RØ,4226,KL/86,12:55:00,SÅ/86,12:59:00,96,5.5,true
RØ,4226,SÅ/86,13:00:00,VB/86,13:03:00,96,3.3,true
RØ,4226,VB/86,13:04:00,RU/86,13:07:00,96,4.0,true
RØ,4226,RU/86,13:08:00,OK/86,13:11:00,96,3.0,true
RØ,4226,OK/86,13:12:00,NI/86,13:15:00,96,3.4,true
RØ,4226,NI/86,13:16:00,HUM/86,13:19:00,61,3.8,true
RØ,4226,HUM/86,13:20:00,GÆ/86,13:23:00,61,3.7,true
RØ,4226,GÆ/86,13:24:00,SQ/86,13:27:00,61,2.7,true
RØ,4226,SQ/86,13:28:00,HG/86,13:32:00,61,3.5,true
RØ,4230,NÆ/86,12:28:00,GZ/86,12:36:00,33,14.8,true
RØ,4230,GZ/86,12:37:00,RG/86,12:43:00,33,12.0,true
RØ,4230,RG/86,12:44:00,KY/86,12:48:00,49,7.3,true
RØ,4230,KY/86,12:48:00,BO/86,12:52:00,49,6.9,true
RØ,4230,BO/86,12:53:00,VY/86,12:58:00,49,7.2,true
RØ,4230,VY/86,12:59:00,RO/86,13:05:00,49,11.2,true
RØ,4230,RO/86,13:07:00,TRK/86,13:09:00,129,3.1,true
RØ,4230,TRK/86,13:10:00,HH/86,13:13:00,129,4.0,true
RØ,4230,HH/86,13:14:00,HTÅ/86,13:18:00,129,4.7,true
RØ,4230,HTÅ/86,13:19:00,GL/86,13:23:00,137,8.3,true
RØ,4230,GL/86,13:23:00,VAL/86,13:27:00,137,7.3,true
RØ,4230,VAL/86,13:28:00,KH/86,13:34:00,137,3.9,true
RØ,4230,KH/86,13:37:00,KN/86,13:39:00,70,1.5,true
RØ,4230,KN/86,13:40:00,KK/86,13:43:00,70,1.6,true
RØ,4230,KK/86,13:44:00,HGL/86,13:46:00,129,2.1,true
RØ,4230,HGL/86,13:46:00,HL/86,13:49:00,129,2.6,true
RØ,4230,HL/86,13:50:00,KL/86,13:54:00,129,5.5,true
RØ,4230,KL/86,13:55:00,SÅ/86,13:59:00,129,5.5,true
RØ,4230,SÅ/86,14:00:00,VB/86,14:03:00,129,3.3,true
RØ,4230,VB/86,14:04:00,RU/86,14:07:00,129,4.0,true
RØ,4230,RU/86,14:08:00,OK/86,14:11:00,129,3.0,true
RØ,4230,OK/86,14:12:00,NI/86,14:15:00,129,3.4,true
RØ,4230,NI/86,14:16:00,HUM/86,14:19:00,77,3.8,true
RØ,4230,HUM/86,14:20:00,GÆ/86,14:23:00,77,3.7,true
RØ,4230,GÆ/86,14:24:00,SQ/86,14:27:00,77,2.7,true
RØ,4230,SQ/86,14:28:00,HG/86,14:32:00,77,3.5,true
RØ,4234,NÆ/86,13:28:00,GZ/86,13:36:00,28,14.8,true
RØ,4234,GZ/86,13:37:00,RG/86,13:43:00,28,12.0,true
RØ,4234,RG/86,13:44:00,KY/86,13:48:00,47,7.3,true
RØ,4234,KY/86,13:48:00,BO/86,13:52:00,47,6.9,true
RØ,4234,BO/86,13:53:00,VY/86,13:58:00,47,7.2,true
RØ,4234,VY/86,13:59:00,RO/86,14:05:00,47,11.2,true
RØ,4234,RO/86,14:07:00,TRK/86,14:09:00,191,3.1,true
RØ,4234,TRK/86,14:10:00,HH/86,14:13:00,191,4.0,true
RØ,4234,HH/86,14:14:00,HTÅ/86,14:18:00,191,4.7,true
RØ,4234,HTÅ/86,14:19:00,GL/86,14:23:00,192,8.3,true
RØ,4234,GL/86,14:23:00,VAL/86,14:27:00,192,7.3,true
RØ,4234,VAL/86,14:28:00,KH/86,14:34:00,192,3.9,true
RØ,4234,KH/86,14:37:00,KN/86,14:39:00,102,1.5,true
RØ,4234,KN/86,14:40:00,KK/86,14:43:00,102,1.6,true
RØ,4234,KK/86,14:44:00,HGL/86,14:46:00,159,2.1,true
RØ,4234,HGL/86,14:46:00,HL/86,14:49:00,159,2.6,true
RØ,4234,HL/86,14:50:00,KL/86,14:54:00,159,5.5,true
RØ,4234,KL/86,14:55:00,SÅ/86,14:59:00,159,5.5,true
RØ,4234,SÅ/86,15:00:00,VB/86,15:03:00,159,3.3,true
RØ,4234,VB/86,15:04:00,RU/86,15:07:00,159,4.0,true
RØ,4234,RU/86,15:08:00,OK/86,15:11:00,159,3.0,true
RØ,4234,OK/86,15:12:00,NI/86,15:15:00,159,3.4,true
RØ,4234,NI/86,15:16:00,HUM/86,15:19:00,89,3.8,true
RØ,4234,HUM/86,15:20:00,GÆ/86,15:23:00,89,3.7,true
RØ,4234,GÆ/86,15:24:00,SQ/86,15:27:00,89,2.7,true
RØ,4234,SQ/86,15:28:00,HG/86,15:32:00,89,3.5,true
RØ,4238,NÆ/86,14:28:00,GZ/86,14:36:00,48,14.8,true
RØ,4238,GZ/86,14:37:00,RG/86,14:43:00,48,12.0,true
RØ,4238,RG/86,14:44:00,KY/86,14:48:00,68,7.3,true
RØ,4238,KY/86,14:48:00,BO/86,14:52:00,68,6.9,true
RØ,4238,BO/86,14:53:00,VY/86,14:58:00,68,7.2,true
RØ,4238,VY/86,14:59:00,RO/86,15:05:00,68,11.2,true
RØ,4238,RO/86,15:07:00,TRK/86,15:09:00,284,3.1,true
RØ,4238,TRK/86,15:10:00,HH/86,15:13:00,284,4.0,true
RØ,4238,HH/86,15:14:00,HTÅ/86,15:18:00,284,4.7,true
RØ,4238,HTÅ/86,15:19:00,GL/86,15:23:00,304,8.3,true
RØ,4238,GL/86,15:23:00,VAL/86,15:27:00,304,7.3,true
RØ,4238,VAL/86,15:28:00,KH/86,15:34:00,304,3.9,true
RØ,4238,KH/86,15:37:00,KN/86,15:39:00,194,1.5,true
RØ,4238,KN/86,15:40:00,KK/86,15:43:00,194,1.6,true
RØ,4238,KK/86,15:44:00,HGL/86,15:46:00,352,2.1,true
RØ,4238,HGL/86,15:46:00,HL/86,15:49:00,352,2.6,true
RØ,4238,HL/86,15:50:00,KL/86,15:54:00,352,5.5,true
RØ,4238,KL/86,15:55:00,SÅ/86,15:59:00,352,5.5,true
RØ,4238,SÅ/86,16:00:00,VB/86,16:03:00,352,3.3,true
RØ,4238,VB/86,16:04:00,RU/86,16:07:00,352,4.0,true
RØ,4238,RU/86,16:08:00,OK/86,16:11:00,352,3.0,true
RØ,4238,OK/86,16:12:00,NI/86,16:15:00,352,3.4,true
RØ,4238,NI/86,16:16:00,HUM/86,16:19:00,148,3.8,true
RØ,4238,HUM/86,16:20:00,GÆ/86,16:23:00,148,3.7,true
RØ,4238,GÆ/86,16:24:00,SQ/86,16:27:00,148,2.7,true
RØ,4238,SQ/86,16:28:00,HG/86,16:32:00,148,3.5,true
RØ,4250,NÆ/86,17:28:00,GZ/86,17:36:00,21,14.8,true
RØ,4250,GZ/86,17:37:00,RG/86,17:43:00,21,12.0,true
RØ,4250,RG/86,17:44:00,KY/86,17:48:00,26,7.3,true
RØ,4250,KY/86,17:48:00,BO/86,17:52:00,26,6.9,true
RØ,4250,BO/86,17:53:00,VY/86,17:58:00,26,7.2,true
RØ,4250,VY/86,17:59:00,RO/86,18:05:00,26,11.2,true
RØ,4250,RO/86,18:07:00,TRK/86,18:09:00,84,3.1,true
RØ,4250,TRK/86,18:10:00,HH/86,18:13:00,84,4.0,true
RØ,4250,HH/86,18:14:00,HTÅ/86,18:18:00,84,4.7,true
RØ,4250,HTÅ/86,18:19:00,GL/86,18:23:00,110,8.3,true
RØ,4250,GL/86,18:23:00,VAL/86,18:27:00,110,7.3,true
RØ,4250,VAL/86,18:28:00,KH/86,18:34:00,110,3.9,true
RØ,4250,KH/86,18:37:00,KN/86,18:39:00,58,1.5,true
RØ,4250,KN/86,18:40:00,KK/86,18:43:00,58,1.6,true
RØ,4250,KK/86,18:44:00,HGL/86,18:46:00,99,2.1,true
RØ,4250,HGL/86,18:46:00,HL/86,18:49:00,99,2.6,true
RØ,4250,HL/86,18:50:00,KL/86,18:54:00,99,5.5,true
RØ,4250,KL/86,18:55:00,SÅ/86,18:59:00,99,5.5,true
RØ,4250,SÅ/86,19:00:00,VB/86,19:03:00,99,3.3,true
RØ,4250,VB/86,19:04:00,RU/86,19:07:00,99,4.0,true
RØ,4250,RU/86,19:08:00,OK/86,19:11:00,99,3.0,true
RØ,4250,OK/86,19:12:00,NI/86,19:15:00,99,3.4,true
RØ,4250,NI/86,19:16:00,HUM/86,19:19:00,50,3.8,true
RØ,4250,HUM/86,19:20:00,GÆ/86,19:23:00,50,3.7,true
RØ,4250,GÆ/86,19:24:00,SQ/86,19:27:00,50,2.7,true
RØ,4250,SQ/86,19:28:00,HG/86,19:32:00,50,3.5,true
RØ,4254,RO/86,19:07:00,TRK/86,19:09:00,42,3.1,true
RØ,4254,TRK/86,19:10:00,HH/86,19:13:00,42,4.0,true
RØ,4254,HH/86,19:14:00,HTÅ/86,19:18:00,42,4.7,true
RØ,4254,HTÅ/86,19:19:00,GL/86,19:23:00,50,8.3,true
RØ,4254,GL/86,19:23:00,VAL/86,19:27:00,50,7.3,true
RØ,4254,VAL/86,19:28:00,KH/86,19:34:00,50,3.9,true
RØ,4254,KH/86,19:37:00,KN/86,19:39:00,49,1.5,true
RØ,4254,KN/86,19:40:00,KK/86,19:43:00,49,1.6,true
RØ,4254,KK/86,19:44:00,HGL/86,19:46:00,83,2.1,true
RØ,4254,HGL/86,19:46:00,HL/86,19:49:00,83,2.6,true
RØ,4254,HL/86,19:50:00,KL/86,19:54:00,83,5.5,true
RØ,4254,KL/86,19:55:00,SÅ/86,19:59:00,83,5.5,true
RØ,4254,SÅ/86,20:00:00,VB/86,20:03:00,83,3.3,true
RØ,4254,VB/86,20:04:00,RU/86,20:07:00,83,4.0,true
RØ,4254,RU/86,20:08:00,OK/86,20:11:00,83,3.0,true
RØ,4254,OK/86,20:12:00,NI/86,20:15:00,83,3.4,true
RØ,4254,NI/86,20:16:00,HUM/86,20:19:00,48,3.8,true
RØ,4254,HUM/86,20:20:00,GÆ/86,20:23:00,48,3.7,true
RØ,4254,GÆ/86,20:24:00,SQ/86,20:27:00,48,2.7,true
RØ,4254,SQ/86,20:28:00,HG/86,20:32:00,48,3.5,true
RØ,4279,HG/86,19:28:00,SQ/86,19:31:00,25,3.5,true
RØ,4279,SQ/86,19:32:00,GÆ/86,19:34:00,25,2.7,true
RØ,4279,GÆ/86,19:35:00,HUM/86,19:38:00,25,3.7,true
RØ,4279,HUM/86,19:39:00,NI/86,19:42:00,25,3.8,true
RØ,4279,NI/86,19:43:00,OK/86,19:47:00,46,3.4,true
RØ,4279,OK/86,19:48:00,RU/86,19:50:00,46,3.0,true
RØ,4279,RU/86,19:51:00,VB/86,19:54:00,46,4.0,true
RØ,4279,VB/86,19:55:00,SÅ/86,19:58:00,46,3.3,true
RØ,4279,SÅ/86,19:59:00,KL/86,20:03:00,46,5.5,true
RØ,4279,KL/86,20:04:00,HL/86,20:09:00,46,5.5,true
RØ,4279,HL/86,20:10:00,HGL/86,20:12:00,46,2.6,true
RØ,4279,HGL/86,20:12:00,KK/86,20:15:00,46,2.1,true
RØ,4279,KK/86,20:17:00,KN/86,20:19:00,83,1.6,true
RØ,4279,KN/86,20:20:00,KH/86,20:23:00,83,1.5,true
RØ,4279,KH/86,20:26:00,VAL/86,20:30:00,163,3.9,true
RØ,4279,VAL/86,20:31:00,HIF/86,20:33:00,163,3.4,true
RØ,4279,HIF/86,20:33:00,HTÅ/86,20:40:00,163,12.2,true
RØ,4279,HTÅ/86,20:41:00,HH/86,20:45:00,120,4.7,true
RØ,4279,HH/86,20:46:00,TRK/86,20:49:00,120,4.0,true
RØ,4279,TRK/86,20:50:00,RO/86,20:53:00,120,3.1,true
RØ,4258,RO/86,20:07:00,TRK/86,20:09:00,42,3.1,true
RØ,4258,TRK/86,20:10:00,HH/86,20:13:00,42,4.0,true
RØ,4258,HH/86,20:14:00,HTÅ/86,20:18:00,42,4.7,true
RØ,4258,HTÅ/86,20:19:00,GL/86,20:23:00,53,8.3,true
RØ,4258,GL/86,20:23:00,VAL/86,20:27:00,53,7.3,true
RØ,4258,VAL/86,20:28:00,KH/86,20:34:00,53,3.9,true
RØ,4258,KH/86,20:37:00,KN/86,20:39:00,111,1.5,true
RØ,4258,KN/86,20:40:00,KK/86,20:43:00,111,1.6,true
RØ,4258,KK/86,20:44:00,HGL/86,20:46:00,133,2.1,true
RØ,4258,HGL/86,20:46:00,HL/86,20:49:00,133,2.6,true
RØ,4258,HL/86,20:50:00,KL/86,20:54:00,133,5.5,true
RØ,4258,KL/86,20:55:00,SÅ/86,20:59:00,133,5.5,true
RØ,4258,SÅ/86,21:00:00,VB/86,21:03:00,133,3.3,true
RØ,4258,VB/86,21:04:00,RU/86,21:07:00,133,4.0,true
RØ,4258,RU/86,21:08:00,OK/86,21:11:00,133,3.0,true
RØ,4258,OK/86,21:12:00,NI/86,21:15:00,133,3.4,true
RØ,4258,NI/86,21:16:00,HUM/86,21:19:00,99,3.8,true
RØ,4258,HUM/86,21:20:00,GÆ/86,21:23:00,99,3.7,true
RØ,4258,GÆ/86,21:24:00,SQ/86,21:27:00,99,2.7,true
RØ,4258,SQ/86,21:28:00,HG/86,21:32:00,99,3.5,true
RØ,4283,HG/86,20:28:00,SQ/86,20:31:00,74,3.5,true
RØ,4283,SQ/86,20:32:00,GÆ/86,20:34:00,74,2.7,true
RØ,4283,GÆ/86,20:35:00,HUM/86,20:38:00,74,3.7,true
RØ,4283,HUM/86,20:39:00,NI/86,20:42:00,74,3.8,true
RØ,4283,NI/86,20:43:00,OK/86,20:47:00,78,3.4,true
RØ,4283,OK/86,20:48:00,RU/86,20:50:00,78,3.0,true
RØ,4283,RU/86,20:51:00,VB/86,20:54:00,78,4.0,true
RØ,4283,VB/86,20:55:00,SÅ/86,20:58:00,78,3.3,true
RØ,4283,SÅ/86,20:59:00,KL/86,21:03:00,78,5.5,true
RØ,4283,KL/86,21:04:00,HL/86,21:09:00,78,5.5,true
RØ,4283,HL/86,21:10:00,HGL/86,21:12:00,78,2.6,true
RØ,4283,HGL/86,21:12:00,KK/86,21:15:00,78,2.1,true
RØ,4283,KK/86,21:17:00,KN/86,21:19:00,71,1.6,true
RØ,4283,KN/86,21:20:00,KH/86,21:23:00,71,1.5,true
RØ,4223,HG/86,05:28:00,SQ/86,05:31:00,57,3.5,true
RØ,4223,SQ/86,05:32:00,GÆ/86,05:34:00,57,2.7,true
RØ,4223,GÆ/86,05:35:00,HUM/86,05:38:00,57,3.7,true
RØ,4223,HUM/86,05:39:00,NI/86,05:42:00,57,3.8,true
RØ,4223,NI/86,05:43:00,OK/86,05:47:00,83,3.4,true
RØ,4223,OK/86,05:48:00,RU/86,05:50:00,83,3.0,true
RØ,4223,RU/86,05:51:00,VB/86,05:54:00,83,4.0,true
RØ,4223,VB/86,05:55:00,SÅ/86,05:58:00,83,3.3,true
RØ,4223,SÅ/86,05:59:00,KL/86,06:03:00,83,5.5,true
RØ,4223,KL/86,06:04:00,HL/86,06:09:00,83,5.5,true
RØ,4223,HL/86,06:10:00,HGL/86,06:12:00,83,2.6,true
RØ,4223,HGL/86,06:12:00,KK/86,06:15:00,83,2.1,true
RØ,4223,KK/86,06:17:00,KN/86,06:19:00,54,1.6,true
RØ,4223,KN/86,06:20:00,KH/86,06:23:00,54,1.5,true
RØ,4223,KH/86,06:26:00,VAL/86,06:30:00,80,3.9,true
RØ,4223,VAL/86,06:31:00,HIF/86,06:33:00,80,3.4,true
RØ,4223,HIF/86,06:33:00,HTÅ/86,06:40:00,80,12.2,true
RØ,4223,HTÅ/86,06:41:00,HH/86,06:45:00,106,4.7,true
RØ,4223,HH/86,06:46:00,TRK/86,06:49:00,106,4.0,true
RØ,4223,TRK/86,06:50:00,RO/86,06:53:00,106,3.1,true
RØ,4223,RO/86,06:54:00,VY/86,07:00:00,57,11.2,true
RØ,4223,VY/86,07:01:00,BO/86,07:06:00,57,7.2,true
RØ,4223,BO/86,07:07:00,KY/86,07:10:00,57,6.9,true
RØ,4223,KY/86,07:10:00,RG/86,07:15:00,57,7.3,true
RØ,4223,RG/86,07:16:00,GZ/86,07:22:00,50,12.0,true
RØ,4223,GZ/86,07:23:00,NÆ/86,07:32:00,50,14.8,true
RØ,3206,NF/86,06:03:00,TN/86,06:06:00,42,6.0,false
RØ,3206,TN/86,06:06:00,VO/86,06:18:00,42,22.8,false
RØ,3206,VO/86,06:20:00,LU/86,06:25:00,69,11.4,true
RØ,3206,LU/86,06:25:00,NÆ/86,06:32:00,69,16.0,true
RØ,3206,NÆ/86,06:36:00,GZ/86,06:43:00,173,14.8,true
RØ,3206,GZ/86,06:43:00,KH/86,07:17:00,173,73.7,true
RØ,4585,HG/86,20:43:00,SQ/86,20:46:00,87,3.5,true
RØ,4585,SQ/86,20:47:00,GÆ/86,20:49:00,87,2.7,true
RØ,4585,GÆ/86,20:50:00,HUM/86,20:53:00,87,3.7,true
RØ,4585,HUM/86,20:54:00,NI/86,20:57:00,87,3.8,true
RØ,4585,NI/86,20:58:00,OK/86,21:02:00,86,3.4,true
RØ,4585,OK/86,21:03:00,RU/86,21:05:00,86,3.0,true
RØ,4585,RU/86,21:06:00,VB/86,21:09:00,86,4.0,true
RØ,4585,VB/86,21:10:00,SÅ/86,21:13:00,86,3.3,true
RØ,4585,SÅ/86,21:14:00,KL/86,21:18:00,86,5.5,true
RØ,4585,KL/86,21:19:00,HL/86,21:24:00,86,5.5,true
RØ,4585,HL/86,21:25:00,HGL/86,21:27:00,86,2.6,true
RØ,4585,HGL/86,21:27:00,KK/86,21:30:00,86,2.1,true
RØ,4585,KK/86,21:32:00,KN/86,21:34:00,78,1.6,true
RØ,4585,KN/86,21:35:00,KH/86,21:38:00,78,1.5,true
RØ,4406,NÆ/86,06:06:00,NÆN/86,06:09:00,75,3.1,true
RØ,4406,NÆN/86,06:10:00,OL/86,06:14:00,75,4.3,true
RØ,4406,OL/86,06:15:00,HZ/86,06:21:00,75,10.9,true
RØ,4406,HZ/86,06:22:00,TH/86,06:27:00,75,8.8,true
RØ,4406,TH/86,06:30:00,HF/86,06:34:00,75,6.4,true
RØ,4406,HF/86,06:35:00,KJ/86,06:39:00,75,5.5,true
RØ,4406,KJ/86,06:45:00,ØLB/86,06:47:00,201,2.7,true
RØ,4406,ØLB/86,06:48:00,KJN/86,06:51:00,201,2.2,true
RØ,4406,KJN/86,06:52:00,JSF/86,06:53:00,253,2.5,true
RØ,4406,JSF/86,06:53:00,NEL/86,07:06:20,253,28.2,true
RØ,4406,NEL/86,07:07:20,GB/86,07:09:00,253,1.4,true
RØ,4406,GB/86,07:09:00,KH/86,07:13:00,253,3.2,true
RØ,4410,NÆ/86,07:06:00,NÆN/86,07:09:00,119,3.1,true
RØ,4410,NÆN/86,07:10:00,OL/86,07:14:00,119,4.3,true
RØ,4410,OL/86,07:15:00,HZ/86,07:21:00,119,10.9,true
RØ,4410,HZ/86,07:22:00,TH/86,07:27:00,119,8.8,true
RØ,4410,TH/86,07:30:00,HF/86,07:34:00,119,6.4,true
RØ,4410,HF/86,07:35:00,KJ/86,07:39:00,119,5.5,true
RØ,4410,KJ/86,07:45:00,ØLB/86,07:47:00,258,2.7,true
RØ,4410,ØLB/86,07:48:00,KJN/86,07:51:00,258,2.2,true
RØ,4410,KJN/86,07:52:00,JSF/86,07:53:00,307,2.5,true
RØ,4410,JSF/86,07:53:00,NEL/86,08:06:00,307,28.2,true
RØ,4410,NEL/86,08:07:00,GB/86,08:09:00,307,1.4,true
RØ,4410,GB/86,08:09:00,KH/86,08:13:00,307,3.2,true
RØ,1574,KB/86,22:50:00,KBØ/86,22:52:00,8,2.0,false
RØ,1574,KBØ/86,22:53:00,VÆ/86,22:57:00,8,5.8,false
RØ,1574,VÆ/86,22:57:00,SE/86,23:01:00,8,5.6,false
RØ,1574,SE/86,23:02:00,JY/86,23:07:00,8,7.7,false
RØ,1574,JY/86,23:08:00,MØ/86,23:13:00,8,6.6,false
RØ,1574,MØ/86,23:14:00,KS/86,23:18:00,8,3.5,false
RØ,1574,KS/86,23:19:00,RT/86,23:22:00,8,4.2,false
RØ,1574,RT/86,23:23:00,HK/86,23:29:00,8,8.1,false
RØ,1574,HK/86,23:32:00,PE/86,23:36:00,19,5.9,true
RØ,1574,PE/86,23:37:00,TØ/86,23:42:00,19,6.6,true
RØ,1574,TØ/86,23:43:00,HV/86,23:48:00,19,6.3,true
RØ,1574,HV/86,23:49:00,LJ/86,23:54:00,19,7.5,true
RØ,1574,LJ/86,23:55:00,RO/86,00:01:00,19,9.5,true
RØ,1574,RO/86,00:02:00,TRK/86,00:05:00,21,3.1,true
RØ,1574,TRK/86,00:06:00,HH/86,00:09:00,21,4.0,true
RØ,1574,HH/86,00:10:00,HTÅ/86,00:14:00,21,4.7,true
RØ,1574,HTÅ/86,00:16:00,GL/86,00:20:00,12,8.3,true
RØ,1574,GL/86,00:20:00,VAL/86,00:24:00,12,7.3,true
RØ,1574,VAL/86,00:25:00,KH/86,00:30:00,12,3.9,true
RØ,1587,KK/86,22:23:00,KN/86,22:25:00,73,1.6,true
RØ,1587,KN/86,22:26:00,KH/86,22:29:00,73,1.5,true
RØ,1587,KH/86,22:32:00,VAL/86,22:36:00,171,3.9,true
RØ,1587,VAL/86,22:37:00,HIF/86,22:39:00,171,3.4,true
RØ,1587,HIF/86,22:39:00,HTÅ/86,22:46:00,171,12.2,true
RØ,1587,HTÅ/86,22:47:00,HH/86,22:51:00,152,4.7,true
RØ,1587,HH/86,22:52:00,TRK/86,22:55:00,152,4.0,true
RØ,1587,TRK/86,22:56:00,RO/86,22:59:00,152,3.1,true
RØ,1587,RO/86,23:01:00,LJ/86,23:07:00,101,9.5,true
RØ,1587,LJ/86,23:08:00,HV/86,23:13:00,101,7.5,true
RØ,1587,HV/86,23:14:00,TØ/86,23:18:00,101,6.3,true
RØ,1587,TØ/86,23:19:00,PE/86,23:24:00,101,6.6,true
RØ,1587,PE/86,23:25:00,HK/86,23:29:00,101,5.9,true
RØ,1587,HK/86,23:31:00,RT/86,23:37:00,23,8.1,false
RØ,1587,RT/86,23:38:00,KS/86,23:41:00,23,4.2,false
RØ,1587,KS/86,23:42:00,MØ/86,23:45:00,23,3.5,false
RØ,1587,MØ/86,23:46:00,JY/86,23:51:00,23,6.6,false
RØ,1587,JY/86,23:52:00,SE/86,23:58:00,23,7.7,false
RØ,1587,SE/86,00:01:00,VÆ/86,00:05:00,23,5.6,false
RØ,1587,VÆ/86,00:05:00,KBØ/86,00:08:00,23,5.8,false
RØ,1587,KBØ/86,00:09:00,KB/86,00:13:00,23,2.0,false
RØ,1591,KH/86,23:30:00,VAL/86,23:34:00,102,3.9,true
RØ,1591,VAL/86,23:35:00,HIF/86,23:37:00,102,3.4,true
RØ,1591,HIF/86,23:37:00,HTÅ/86,23:44:00,102,12.2,true
RØ,1591,HTÅ/86,23:45:00,HH/86,23:49:00,100,4.7,true
RØ,1591,HH/86,23:50:00,TRK/86,23:53:00,100,4.0,true
RØ,1591,TRK/86,23:54:00,RO/86,23:57:00,100,3.1,true
RØ,1591,RO/86,23:59:00,LJ/86,00:05:00,51,9.5,true
RØ,1591,LJ/86,00:06:00,HV/86,00:11:00,51,7.5,true
RØ,1591,HV/86,00:12:00,TØ/86,00:16:00,51,6.3,true
RØ,1591,TØ/86,00:17:00,PE/86,00:22:00,51,6.6,true
RØ,1591,PE/86,00:23:00,HK/86,00:27:00,51,5.9,true
RØ,1591,HK/86,00:30:00,RT/86,00:36:00,14,8.1,false
RØ,1591,RT/86,00:37:00,KS/86,00:40:00,14,4.2,false
RØ,1591,KS/86,00:41:00,MØ/86,00:44:00,14,3.5,false
RØ,1591,MØ/86,00:45:00,JY/86,00:51:00,14,6.6,false
RØ,1591,JY/86,00:52:00,SE/86,00:57:00,14,7.7,false
RØ,1591,SE/86,00:58:00,VÆ/86,01:02:00,14,5.6,false
RØ,1591,VÆ/86,01:02:00,KBØ/86,01:05:00,14,5.8,false
RØ,1591,KBØ/86,01:06:00,KB/86,01:10:00,14,2.0,false
RØ,3802,NF/86,04:43:00,TN/86,04:46:00,8,6.0,false
RØ,3802,TN/86,04:46:00,EK/86,04:48:00,8,4.1,false
RØ,3802,EK/86,04:49:00,NV/86,04:53:00,8,4.5,false
RØ,3802,NV/86,04:54:00,OH/86,04:57:00,8,5.0,false
RØ,3802,OH/86,04:57:00,VO/86,05:04:00,8,9.2,false
RØ,3859,NÆ/86,16:38:00,MOG/86,16:41:00,50,8.5,true
RØ,3859,MOG/86,16:41:00,LU/86,16:46:00,50,7.5,true
RØ,3859,LU/86,16:47:00,VO/86,16:53:00,50,11.4,true
RØ,3859,VO/86,16:55:00,MN/86,16:58:00,26,3.8,false
RØ,3859,MN/86,16:58:00,NV/86,17:05:00,26,10.4,false
RØ,3859,NV/86,17:06:00,EK/86,17:10:00,26,4.5,false
RØ,3859,EK/86,17:11:00,TN/86,17:14:00,26,4.1,false
RØ,3859,TN/86,17:14:00,NF/86,17:17:00,26,6.0,false
RØ,3863,NÆ/86,17:38:00,MOG/86,17:41:00,49,8.5,true
RØ,3863,MOG/86,17:41:00,LU/86,17:46:00,49,7.5,true
RØ,3863,LU/86,17:47:00,VO/86,17:53:00,49,11.4,true
RØ,3863,VO/86,17:55:00,MN/86,17:58:00,31,3.8,false
RØ,3863,MN/86,17:58:00,NV/86,18:05:00,31,10.4,false
RØ,3863,NV/86,18:06:00,EK/86,18:10:00,31,4.5,false
RØ,3863,EK/86,18:11:00,TN/86,18:14:00,31,4.1,false
RØ,3863,TN/86,18:14:00,NF/86,18:17:00,31,6.0,false
RØ,3810,NF/86,06:43:00,TN/86,06:46:00,34,6.0,false
RØ,3810,TN/86,06:46:00,EK/86,06:48:00,34,4.1,false
RØ,3810,EK/86,06:49:00,NV/86,06:53:00,34,4.5,false
RØ,3810,NV/86,06:54:00,OH/86,06:57:00,34,5.0,false
RØ,3810,OH/86,06:57:00,VO/86,07:04:00,34,9.2,false
RØ,3810,VO/86,07:05:00,LU/86,07:12:00,47,11.4,true
RØ,3810,LU/86,07:13:00,MOG/86,07:18:00,47,7.5,true
RØ,3810,MOG/86,07:18:00,NÆ/86,07:22:00,47,8.5,true
RØ,4589,HG/86,21:43:00,SQ/86,21:46:00,57,3.5,true
RØ,4589,SQ/86,21:47:00,GÆ/86,21:49:00,57,2.7,true
RØ,4589,GÆ/86,21:50:00,HUM/86,21:53:00,57,3.7,true
RØ,4589,HUM/86,21:54:00,NI/86,21:57:00,57,3.8,true
RØ,4589,NI/86,21:58:00,OK/86,22:02:00,65,3.4,true
RØ,4589,OK/86,22:03:00,RU/86,22:05:00,65,3.0,true
RØ,4589,RU/86,22:06:00,VB/86,22:09:00,65,4.0,true
RØ,4589,VB/86,22:10:00,SÅ/86,22:13:00,65,3.3,true
RØ,4589,SÅ/86,22:14:00,KL/86,22:18:00,65,5.5,true
RØ,4589,KL/86,22:19:00,HL/86,22:24:00,65,5.5,true
RØ,4589,HL/86,22:25:00,HGL/86,22:27:00,65,2.6,true
RØ,4589,HGL/86,22:27:00,KK/86,22:30:00,65,2.1,true
RØ,4589,KK/86,22:32:00,KN/86,22:34:00,53,1.6,true
RØ,4589,KN/86,22:35:00,KH/86,22:38:00,53,1.5,true
RØ,218,SG/86,09:44:00,SO/86,09:51:00,27,14.6,true
RØ,218,SO/86,09:53:00,FJ/86,09:57:00,27,6.8,true
RØ,218,FJ/86,09:57:00,RG/86,10:02:00,27,7.6,true
RØ,218,RG/86,10:04:00,KY/86,10:08:00,38,7.3,true
RØ,218,KY/86,10:08:00,RO/86,10:18:00,38,25.3,true
RØ,218,RO/86,10:20:00,TRK/86,10:23:00,49,3.1,true
RØ,218,TRK/86,10:24:00,HH/86,10:26:00,49,4.0,true
RØ,218,HH/86,10:26:00,HTÅ/86,10:29:00,49,4.7,true
RØ,218,HTÅ/86,10:31:00,GL/86,10:35:00,70,8.3,true
RØ,218,GL/86,10:35:00,NEL/86,10:40:00,70,7.6,true
RØ,218,NEL/86,10:42:00,KLV/86,10:44:00,70,3.2,true
RØ,218,KLV/86,10:44:00,ØRE/86,10:46:00,70,2.1,true
RØ,218,ØRE/86,10:47:00,TÅT/86,10:49:00,70,1.6,true
RØ,218,TÅT/86,10:50:00,CPH/86,10:54:00,70,3.3,true
RØ,222,SG/86,10:44:00,SO/86,10:51:00,33,14.6,true
RØ,222,SO/86,10:53:00,FJ/86,10:57:00,33,6.8,true
RØ,222,FJ/86,10:57:00,RG/86,11:02:00,33,7.6,true
RØ,222,RG/86,11:04:00,KY/86,11:08:00,41,7.3,true
RØ,222,KY/86,11:08:00,RO/86,11:18:00,41,25.3,true
RØ,222,RO/86,11:20:00,TRK/86,11:23:00,60,3.1,true
RØ,222,TRK/86,11:24:00,HH/86,11:26:00,60,4.0,true
RØ,222,HH/86,11:26:00,HTÅ/86,11:29:00,60,4.7,true
RØ,222,HTÅ/86,11:31:00,GL/86,11:35:00,74,8.3,true
RØ,222,GL/86,11:35:00,NEL/86,11:40:00,74,7.6,true
RØ,222,NEL/86,11:42:00,KLV/86,11:44:00,74,3.2,true
RØ,222,KLV/86,11:44:00,ØRE/86,11:46:00,74,2.1,true
RØ,222,ØRE/86,11:47:00,TÅT/86,11:49:00,74,1.6,true
RØ,222,TÅT/86,11:50:00,CPH/86,11:54:00,74,3.3,true
RØ,226,SG/86,11:44:00,SO/86,11:51:00,34,14.6,true
RØ,226,SO/86,11:53:00,FJ/86,11:57:00,34,6.8,true
RØ,226,FJ/86,11:57:00,RG/86,12:02:00,34,7.6,true
RØ,226,RG/86,12:04:00,KY/86,12:08:00,47,7.3,true
RØ,226,KY/86,12:08:00,RO/86,12:18:00,47,25.3,true
RØ,226,RO/86,12:20:00,TRK/86,12:23:00,80,3.1,true
RØ,226,TRK/86,12:24:00,HH/86,12:26:00,80,4.0,true
RØ,226,HH/86,12:26:00,HTÅ/86,12:29:00,80,4.7,true
RØ,226,HTÅ/86,12:31:00,GL/86,12:35:00,87,8.3,true
RØ,226,GL/86,12:35:00,NEL/86,12:40:00,87,7.6,true
RØ,226,NEL/86,12:42:00,KLV/86,12:44:00,87,3.2,true
RØ,226,KLV/86,12:44:00,ØRE/86,12:46:00,87,2.1,true
RØ,226,ØRE/86,12:47:00,TÅT/86,12:49:00,87,1.6,true
RØ,226,TÅT/86,12:50:00,CPH/86,12:54:00,87,3.3,true
RØ,230,SG/86,12:44:00,SO/86,12:51:00,28,14.6,true
RØ,230,SO/86,12:53:00,FJ/86,12:57:00,28,6.8,true
RØ,230,FJ/86,12:57:00,RG/86,13:02:00,28,7.6,true
RØ,230,RG/86,13:04:00,KY/86,13:08:00,35,7.3,true
RØ,230,KY/86,13:08:00,RO/86,13:18:00,35,25.3,true
RØ,230,RO/86,13:20:00,TRK/86,13:23:00,67,3.1,true
RØ,230,TRK/86,13:24:00,HH/86,13:26:00,67,4.0,true
RØ,230,HH/86,13:26:00,HTÅ/86,13:29:00,67,4.7,true
RØ,230,HTÅ/86,13:31:00,GL/86,13:35:00,74,8.3,true
RØ,230,GL/86,13:35:00,NEL/86,13:40:00,74,7.6,true
RØ,230,NEL/86,13:42:00,KLV/86,13:44:00,74,3.2,true
RØ,230,KLV/86,13:44:00,ØRE/86,13:46:00,74,2.1,true
RØ,230,ØRE/86,13:47:00,TÅT/86,13:49:00,74,1.6,true
RØ,230,TÅT/86,13:50:00,CPH/86,13:54:00,74,3.3,true
RØ,234,SG/86,13:44:00,SO/86,13:51:00,39,14.6,true
RØ,234,SO/86,13:53:00,FJ/86,13:57:00,39,6.8,true
RØ,234,FJ/86,13:57:00,RG/86,14:02:00,39,7.6,true
RØ,234,RG/86,14:04:00,KY/86,14:08:00,61,7.3,true
RØ,234,KY/86,14:08:00,RO/86,14:18:00,61,25.3,true
RØ,234,RO/86,14:20:00,TRK/86,14:23:00,125,3.1,true
RØ,234,TRK/86,14:24:00,HH/86,14:26:00,125,4.0,true
RØ,234,HH/86,14:26:00,HTÅ/86,14:29:00,125,4.7,true
RØ,234,HTÅ/86,14:31:00,GL/86,14:35:00,134,8.3,true
RØ,234,GL/86,14:35:00,NEL/86,14:40:00,134,7.6,true
RØ,234,NEL/86,14:42:00,KLV/86,14:44:00,134,3.2,true
RØ,234,KLV/86,14:44:00,ØRE/86,14:46:00,134,2.1,true
RØ,234,ØRE/86,14:47:00,TÅT/86,14:49:00,134,1.6,true
RØ,234,TÅT/86,14:50:00,CPH/86,14:54:00,134,3.3,true
RØ,258,SG/86,19:44:00,SO/86,19:51:00,18,14.6,true
RØ,258,SO/86,19:53:00,FJ/86,19:57:00,18,6.8,true
RØ,258,FJ/86,19:57:00,RG/86,20:02:00,18,7.6,true
RØ,258,RG/86,20:04:00,KY/86,20:08:00,28,7.3,true
RØ,258,KY/86,20:08:00,RO/86,20:18:00,28,25.3,true
RØ,258,RO/86,20:20:00,TRK/86,20:23:00,28,3.1,true
RØ,258,TRK/86,20:24:00,HH/86,20:26:00,28,4.0,true
RØ,258,HH/86,20:26:00,HTÅ/86,20:29:00,28,4.7,true
RØ,258,HTÅ/86,20:31:00,GL/86,20:35:00,63,8.3,true
RØ,258,GL/86,20:35:00,NEL/86,20:40:00,63,7.6,true
RØ,258,NEL/86,20:42:00,KLV/86,20:44:00,63,3.2,true
RØ,258,KLV/86,20:44:00,ØRE/86,20:46:00,63,2.1,true
RØ,258,ØRE/86,20:47:00,TÅT/86,20:49:00,63,1.6,true
RØ,258,TÅT/86,20:50:00,CPH/86,20:54:00,63,3.3,true
RØ,262,SG/86,20:44:00,SO/86,20:51:00,27,14.6,true
RØ,262,SO/86,20:53:00,FJ/86,20:57:00,27,6.8,true
RØ,262,FJ/86,20:57:00,RG/86,21:02:00,27,7.6,true
RØ,262,RG/86,21:04:00,KY/86,21:08:00,26,7.3,true
RØ,262,KY/86,21:08:00,RO/86,21:18:00,26,25.3,true
RØ,262,RO/86,21:20:00,TRK/86,21:23:00,23,3.1,true
RØ,262,TRK/86,21:24:00,HH/86,21:26:00,23,4.0,true
RØ,262,HH/86,21:26:00,HTÅ/86,21:29:00,23,4.7,true
RØ,262,HTÅ/86,21:31:00,GL/86,21:35:00,27,8.3,true
RØ,262,GL/86,21:35:00,NEL/86,21:40:00,27,7.6,true
RØ,262,NEL/86,21:42:00,KLV/86,21:44:00,27,3.2,true
RØ,262,KLV/86,21:44:00,ØRE/86,21:46:00,27,2.1,true
RØ,262,ØRE/86,21:47:00,TÅT/86,21:49:00,27,1.6,true
RØ,262,TÅT/86,21:50:00,CPH/86,21:54:00,27,3.3,true
RØ,231,CPH/86,08:05:00,TÅT/86,08:07:00,109,3.3,true
RØ,231,TÅT/86,08:08:00,ØRE/86,08:10:00,109,1.6,true
RØ,231,ØRE/86,08:11:00,KLV/86,08:14:00,109,2.1,true
RØ,231,KLV/86,08:14:00,NEL/86,08:16:00,109,3.2,true
RØ,231,NEL/86,08:18:00,IG/86,08:20:00,109,1.6,true
RØ,231,IG/86,08:20:00,HTÅ/86,08:28:00,109,14.3,true
RØ,231,HTÅ/86,08:29:00,HH/86,08:32:00,73,4.7,true
RØ,231,HH/86,08:32:00,TRK/86,08:35:00,73,4.0,true
RØ,231,TRK/86,08:36:00,RO/86,08:39:00,73,3.1,true
RØ,231,RO/86,08:41:00,VY/86,08:46:00,42,11.2,true
RØ,231,VY/86,08:46:00,RG/86,08:56:00,42,21.4,true
RØ,231,RG/86,08:58:00,FJ/86,09:03:00,38,7.6,true
RØ,231,FJ/86,09:03:00,SO/86,09:06:00,38,6.8,true
RØ,231,SO/86,09:07:00,SG/86,09:15:00,38,14.6,true
RØ,235,CPH/86,09:05:00,TÅT/86,09:07:00,72,3.3,true
RØ,235,TÅT/86,09:08:00,ØRE/86,09:10:00,72,1.6,true
RØ,235,ØRE/86,09:11:00,KLV/86,09:14:00,72,2.1,true
RØ,235,KLV/86,09:14:00,NEL/86,09:16:00,72,3.2,true
RØ,235,NEL/86,09:18:00,IG/86,09:20:00,72,1.6,true
RØ,235,IG/86,09:20:00,HTÅ/86,09:28:00,72,14.3,true
RØ,235,HTÅ/86,09:29:00,HH/86,09:32:00,44,4.7,true
RØ,235,HH/86,09:32:00,TRK/86,09:35:00,44,4.0,true
RØ,235,TRK/86,09:36:00,RO/86,09:39:00,44,3.1,true
RØ,235,RO/86,09:41:00,VY/86,09:46:00,30,11.2,true
RØ,235,VY/86,09:46:00,RG/86,09:56:00,30,21.4,true
RØ,235,RG/86,09:58:00,FJ/86,10:03:00,26,7.6,true
RØ,235,FJ/86,10:03:00,SO/86,10:06:00,26,6.8,true
RØ,235,SO/86,10:07:00,SG/86,10:15:00,26,14.6,true
RØ,239,CPH/86,10:05:00,TÅT/86,10:07:00,46,3.3,true
RØ,239,TÅT/86,10:08:00,ØRE/86,10:10:00,46,1.6,true
RØ,239,ØRE/86,10:11:00,KLV/86,10:14:00,46,2.1,true
RØ,239,KLV/86,10:14:00,NEL/86,10:16:00,46,3.2,true
RØ,239,NEL/86,10:18:00,IG/86,10:20:00,46,1.6,true
RØ,239,IG/86,10:20:00,HTÅ/86,10:28:00,46,14.3,true
RØ,239,HTÅ/86,10:29:00,HH/86,10:32:00,38,4.7,true
RØ,239,HH/86,10:32:00,TRK/86,10:35:00,38,4.0,true
RØ,239,TRK/86,10:36:00,RO/86,10:39:00,38,3.1,true
RØ,239,RO/86,10:41:00,VY/86,10:46:00,28,11.2,true
RØ,239,VY/86,10:46:00,RG/86,10:56:00,28,21.4,true
RØ,239,RG/86,10:58:00,FJ/86,11:03:00,26,7.6,true
RØ,239,FJ/86,11:03:00,SO/86,11:06:00,26,6.8,true
RØ,239,SO/86,11:07:00,SG/86,11:15:00,26,14.6,true
RØ,243,CPH/86,11:05:00,TÅT/86,11:07:00,39,3.3,true
RØ,243,TÅT/86,11:08:00,ØRE/86,11:10:00,39,1.6,true
RØ,243,ØRE/86,11:11:00,KLV/86,11:14:00,39,2.1,true
RØ,243,KLV/86,11:14:00,NEL/86,11:16:00,39,3.2,true
RØ,243,NEL/86,11:18:00,IG/86,11:20:00,39,1.6,true
RØ,243,IG/86,11:20:00,HTÅ/86,11:28:00,39,14.3,true
RØ,243,HTÅ/86,11:29:00,HH/86,11:32:00,40,4.7,true
RØ,243,HH/86,11:32:00,TRK/86,11:35:00,40,4.0,true
RØ,243,TRK/86,11:36:00,RO/86,11:39:00,40,3.1,true
RØ,243,RO/86,11:41:00,VY/86,11:46:00,42,11.2,true
RØ,243,VY/86,11:46:00,RG/86,11:56:00,42,21.4,true
RØ,243,RG/86,11:58:00,FJ/86,12:03:00,38,7.6,true
RØ,243,FJ/86,12:03:00,SO/86,12:06:00,38,6.8,true
RØ,243,SO/86,12:07:00,SG/86,12:15:00,38,14.6,true
RØ,247,CPH/86,12:05:00,TÅT/86,12:07:00,37,3.3,true
RØ,247,TÅT/86,12:08:00,ØRE/86,12:10:00,37,1.6,true
RØ,247,ØRE/86,12:11:00,KLV/86,12:14:00,37,2.1,true
RØ,247,KLV/86,12:14:00,NEL/86,12:16:00,37,3.2,true
RØ,247,NEL/86,12:18:00,IG/86,12:20:00,37,1.6,true
RØ,247,IG/86,12:20:00,HTÅ/86,12:28:00,37,14.3,true
RØ,247,HTÅ/86,12:29:00,HH/86,12:32:00,34,4.7,true
RØ,247,HH/86,12:32:00,TRK/86,12:35:00,34,4.0,true
RØ,247,TRK/86,12:36:00,RO/86,12:39:00,34,3.1,true
RØ,247,RO/86,12:41:00,VY/86,12:46:00,42,11.2,true
RØ,247,VY/86,12:46:00,RG/86,12:56:00,42,21.4,true
RØ,247,RG/86,12:58:00,FJ/86,13:03:00,39,7.6,true
RØ,247,FJ/86,13:03:00,SO/86,13:06:00,39,6.8,true
RØ,247,SO/86,13:07:00,SG/86,13:15:00,39,14.6,true
RØ,271,CPH/86,18:05:00,TÅT/86,18:07:00,69,3.3,true
RØ,271,TÅT/86,18:08:00,ØRE/86,18:10:00,69,1.6,true
RØ,271,ØRE/86,18:11:00,KLV/86,18:14:00,69,2.1,true
RØ,271,KLV/86,18:14:00,NEL/86,18:16:00,69,3.2,true
RØ,271,NEL/86,18:18:00,IG/86,18:20:00,69,1.6,true
RØ,271,IG/86,18:20:00,HTÅ/86,18:28:00,69,14.3,true
RØ,271,HTÅ/86,18:29:00,HH/86,18:32:00,50,4.7,true
RØ,271,HH/86,18:32:00,TRK/86,18:35:00,50,4.0,true
RØ,271,TRK/86,18:36:00,RO/86,18:39:00,50,3.1,true
RØ,271,RO/86,18:41:00,VY/86,18:46:00,36,11.2,true
RØ,271,VY/86,18:46:00,RG/86,18:56:00,36,21.4,true
RØ,271,RG/86,18:58:00,FJ/86,19:03:00,30,7.6,true
RØ,271,FJ/86,19:03:00,SO/86,19:06:00,30,6.8,true
RØ,271,SO/86,19:07:00,SG/86,19:15:00,30,14.6,true
RØ,275,CPH/86,19:05:00,TÅT/86,19:07:00,44,3.3,true
RØ,275,TÅT/86,19:08:00,ØRE/86,19:10:00,44,1.6,true
RØ,275,ØRE/86,19:11:00,KLV/86,19:14:00,44,2.1,true
RØ,275,KLV/86,19:14:00,NEL/86,19:16:00,44,3.2,true
RØ,275,NEL/86,19:18:00,IG/86,19:20:00,44,1.6,true
RØ,275,IG/86,19:20:00,HTÅ/86,19:28:00,44,14.3,true
RØ,275,HTÅ/86,19:29:00,HH/86,19:32:00,41,4.7,true
RØ,275,HH/86,19:32:00,TRK/86,19:35:00,41,4.0,true
RØ,275,TRK/86,19:36:00,RO/86,19:39:00,41,3.1,true
RØ,275,RO/86,19:41:00,VY/86,19:46:00,37,11.2,true
RØ,275,VY/86,19:46:00,RG/86,19:56:00,37,21.4,true
RØ,275,RG/86,19:58:00,FJ/86,20:03:00,32,7.6,true
RØ,275,FJ/86,20:03:00,SO/86,20:06:00,32,6.8,true
RØ,275,SO/86,20:07:00,SG/86,20:15:00,32,14.6,true
RØ,279,CPH/86,20:05:00,TÅT/86,20:07:00,64,3.3,true
RØ,279,TÅT/86,20:08:00,ØRE/86,20:10:00,64,1.6,true
RØ,279,ØRE/86,20:11:00,KLV/86,20:14:00,64,2.1,true
RØ,279,KLV/86,20:14:00,NEL/86,20:16:00,64,3.2,true
RØ,279,NEL/86,20:18:00,IG/86,20:20:00,64,1.6,true
RØ,279,IG/86,20:20:00,HTÅ/86,20:28:00,64,14.3,true
RØ,279,HTÅ/86,20:29:00,HH/86,20:32:00,37,4.7,true
RØ,279,HH/86,20:32:00,TRK/86,20:35:00,37,4.0,true
RØ,279,TRK/86,20:36:00,RO/86,20:39:00,37,3.1,true
RØ,279,RO/86,20:41:00,VY/86,20:46:00,39,11.2,true
RØ,279,VY/86,20:46:00,RG/86,20:56:00,39,21.4,true
RØ,279,RG/86,20:58:00,FJ/86,21:03:00,33,7.6,true
RØ,279,FJ/86,21:03:00,SO/86,21:06:00,33,6.8,true
RØ,279,SO/86,21:07:00,SG/86,21:15:00,33,14.6,true
RØ,267,CPH/86,17:05:00,TÅT/86,17:07:00,79,3.3,true
RØ,267,TÅT/86,17:08:00,ØRE/86,17:10:00,79,1.6,true
RØ,267,ØRE/86,17:11:00,KLV/86,17:14:00,79,2.1,true
RØ,267,KLV/86,17:14:00,NEL/86,17:16:00,79,3.2,true
RØ,267,NEL/86,17:18:00,IG/86,17:20:00,79,1.6,true
RØ,267,IG/86,17:20:00,HTÅ/86,17:28:00,79,14.3,true
RØ,267,HTÅ/86,17:29:00,HH/86,17:32:00,84,4.7,true
RØ,267,HH/86,17:32:00,TRK/86,17:35:00,84,4.0,true
RØ,267,TRK/86,17:36:00,RO/86,17:39:00,84,3.1,true
RØ,267,RO/86,17:41:00,VY/86,17:46:00,87,11.2,true
RØ,267,VY/86,17:46:00,RG/86,17:56:00,87,21.4,true
RØ,267,RG/86,17:58:00,FJ/86,18:03:00,74,7.6,true
RØ,267,FJ/86,18:03:00,SO/86,18:06:00,74,6.8,true
RØ,267,SO/86,18:07:00,SG/86,18:15:00,74,14.6,true
RØ,283,CPH/86,21:05:00,TÅT/86,21:07:00,73,3.3,true
RØ,283,TÅT/86,21:08:00,ØRE/86,21:10:00,73,1.6,true
RØ,283,ØRE/86,21:11:00,KLV/86,21:14:00,73,2.1,true
RØ,283,KLV/86,21:14:00,NEL/86,21:16:00,73,3.2,true
RØ,283,NEL/86,21:18:00,IG/86,21:20:00,73,1.6,true
RØ,283,IG/86,21:20:00,HTÅ/86,21:28:00,73,14.3,true
RØ,283,HTÅ/86,21:29:00,HH/86,21:32:00,16,4.7,true
RØ,283,HH/86,21:32:00,TRK/86,21:35:00,16,4.0,true
RØ,283,TRK/86,21:36:00,RO/86,21:39:00,16,3.1,true
RØ,200,RO/86,05:20:00,TRK/86,05:23:00,26,3.1,true
RØ,200,TRK/86,05:24:00,HH/86,05:26:00,26,4.0,true
RØ,200,HH/86,05:26:00,HTÅ/86,05:29:00,26,4.7,true
RØ,200,HTÅ/86,05:31:00,GL/86,05:35:00,60,8.3,true
RØ,200,GL/86,05:35:00,NEL/86,05:40:00,60,7.6,true
RØ,200,NEL/86,05:42:00,KLV/86,05:44:00,60,3.2,true
RØ,200,KLV/86,05:44:00,ØRE/86,05:46:00,60,2.1,true
RØ,200,ØRE/86,05:47:00,TÅT/86,05:49:00,60,1.6,true
RØ,200,TÅT/86,05:50:00,CPH/86,05:54:00,60,3.3,true
RØ,3502,KB/86,05:03:00,KBØ/86,05:05:00,27,2.0,false
RØ,3502,KBØ/86,05:06:00,VÆ/86,05:10:00,27,5.8,false
RØ,3502,VÆ/86,05:10:00,JY/86,05:19:00,27,13.3,false
RØ,3502,JY/86,05:20:00,MØ/86,05:25:00,27,6.6,false
RØ,3502,MØ/86,05:27:00,KS/86,05:29:00,27,3.5,false
RØ,3502,KS/86,05:29:00,HK/86,05:37:00,27,12.3,false
RØ,3502,HK/86,05:39:00,PE/86,05:42:00,92,5.9,true
RØ,3502,PE/86,05:42:00,HV/86,05:48:00,92,12.9,true
RØ,3502,HV/86,05:50:00,LJ/86,05:54:00,92,7.5,true
RØ,3502,LJ/86,05:54:00,RO/86,05:59:00,92,9.5,true
RØ,3502,RO/86,06:01:00,TRK/86,06:03:00,133,3.1,true
RØ,3502,TRK/86,06:03:00,HTÅ/86,06:08:00,133,8.7,true
RØ,3502,HTÅ/86,06:09:00,GL/86,06:14:00,133,8.3,true
RØ,3502,GL/86,06:14:00,KH/86,06:22:00,133,11.2,true
RØ,3502,KH/86,06:25:00,KN/86,06:27:00,39,1.5,true
RØ,3502,KN/86,06:28:00,KK/86,06:31:00,39,1.6,true
RØ,3555,KK/86,14:26:00,KN/86,14:28:00,77,1.6,true
RØ,3555,KN/86,14:29:00,KH/86,14:32:00,77,1.5,true
RØ,3555,KH/86,14:36:00,VAL/86,14:39:00,206,3.9,true
RØ,3555,VAL/86,14:39:00,HTÅ/86,14:47:00,206,15.6,true
RØ,3555,HTÅ/86,14:48:00,HH/86,14:51:00,194,4.7,true
RØ,3555,HH/86,14:51:00,RO/86,14:55:00,194,7.1,true
RØ,3555,RO/86,14:57:00,LJ/86,15:03:00,159,9.5,true
RØ,3555,LJ/86,15:03:00,HV/86,15:06:00,159,7.5,true
RØ,3555,HV/86,15:08:00,TØ/86,15:11:00,159,6.3,true
RØ,3555,TØ/86,15:11:00,HK/86,15:18:00,159,12.5,true
RØ,3555,HK/86,15:20:00,RT/86,15:25:00,76,8.1,false
RØ,3555,RT/86,15:25:00,MØ/86,15:30:00,76,7.7,false
RØ,3555,MØ/86,15:33:00,JY/86,15:38:00,76,6.6,false
RØ,3555,JY/86,15:39:00,SE/86,15:45:00,76,7.7,false
RØ,3555,SE/86,15:48:00,VÆ/86,15:52:00,76,5.6,false
RØ,3555,VÆ/86,15:52:00,KBØ/86,15:55:00,76,5.8,false
RØ,3555,KBØ/86,15:56:00,KB/86,16:00:00,76,2.0,false
RØ,266,RO/86,22:20:00,TRK/86,22:23:00,8,3.1,true
RØ,266,TRK/86,22:24:00,HH/86,22:26:00,8,4.0,true
RØ,266,HH/86,22:26:00,HTÅ/86,22:29:00,8,4.7,true
RØ,266,HTÅ/86,22:31:00,GL/86,22:35:00,12,8.3,true
RØ,266,GL/86,22:35:00,NEL/86,22:40:00,12,7.6,true
RØ,266,NEL/86,22:42:00,KLV/86,22:44:00,12,3.2,true
RØ,266,KLV/86,22:44:00,ØRE/86,22:46:00,12,2.1,true
RØ,266,ØRE/86,22:47:00,TÅT/86,22:49:00,12,1.6,true
RØ,266,TÅT/86,22:50:00,CPH/86,22:54:00,12,3.3,true
RØ,287,CPH/86,22:05:00,TÅT/86,22:07:00,24,3.3,true
RØ,287,TÅT/86,22:08:00,ØRE/86,22:10:00,24,1.6,true
RØ,287,ØRE/86,22:11:00,KLV/86,22:14:00,24,2.1,true
RØ,287,KLV/86,22:14:00,NEL/86,22:16:00,24,3.2,true
RØ,287,NEL/86,22:18:00,IG/86,22:20:00,24,1.6,true
RØ,287,IG/86,22:20:00,HTÅ/86,22:28:00,24,14.3,true
RØ,287,HTÅ/86,22:29:00,HH/86,22:32:00,15,4.7,true
RØ,287,HH/86,22:32:00,TRK/86,22:35:00,15,4.0,true
RØ,287,TRK/86,22:36:00,RO/86,22:39:00,15,3.1,true
RØ,291,CPH/86,23:05:00,TÅT/86,23:07:00,35,3.3,true
RØ,291,TÅT/86,23:08:00,ØRE/86,23:10:00,35,1.6,true
RØ,291,ØRE/86,23:11:00,KLV/86,23:14:00,35,2.1,true
RØ,291,KLV/86,23:14:00,NEL/86,23:16:00,35,3.2,true
RØ,291,NEL/86,23:18:00,IG/86,23:20:00,35,1.6,true
RØ,291,IG/86,23:20:00,HTÅ/86,23:28:00,35,14.3,true
RØ,291,HTÅ/86,23:29:00,HH/86,23:32:00,16,4.7,true
RØ,291,HH/86,23:32:00,TRK/86,23:35:00,16,4.0,true
RØ,291,TRK/86,23:36:00,RO/86,23:39:00,16,3.1,true
RØ,270,RO/86,23:20:00,TRK/86,23:23:00,7,3.1,true
RØ,270,TRK/86,23:24:00,HH/86,23:26:00,7,4.0,true
RØ,270,HH/86,23:26:00,HTÅ/86,23:29:00,7,4.7,true
RØ,270,HTÅ/86,23:31:00,GL/86,23:35:00,10,8.3,true
RØ,270,GL/86,23:35:00,NEL/86,23:40:00,10,7.6,true
RØ,270,NEL/86,23:42:00,KLV/86,23:44:00,10,3.2,true
RØ,270,KLV/86,23:44:00,ØRE/86,23:46:00,10,2.1,true
RØ,270,ØRE/86,23:47:00,TÅT/86,23:49:00,10,1.6,true
RØ,270,TÅT/86,23:50:00,CPH/86,23:54:00,10,3.3,true
RØ,274,RO/86,00:20:00,TRK/86,00:23:00,8,3.1,true
RØ,274,TRK/86,00:24:00,HH/86,00:26:00,8,4.0,true
RØ,274,HH/86,00:26:00,HTÅ/86,00:29:00,8,4.7,true
RØ,274,HTÅ/86,00:31:00,GL/86,00:35:00,13,8.3,true
RØ,274,GL/86,00:35:00,NEL/86,00:40:00,13,7.6,true
RØ,274,NEL/86,00:42:00,KLV/86,00:44:00,13,3.2,true
RØ,274,KLV/86,00:44:00,ØRE/86,00:46:00,13,2.1,true
RØ,274,ØRE/86,00:47:00,TÅT/86,00:49:00,13,1.6,true
RØ,274,TÅT/86,00:50:00,CPH/86,00:54:00,13,3.3,true
RØ,295,CPH/86,00:05:00,TÅT/86,00:07:00,9,3.3,true
RØ,295,TÅT/86,00:08:00,ØRE/86,00:10:00,9,1.6,true
RØ,295,ØRE/86,00:11:00,KLV/86,00:14:00,9,2.1,true
RØ,295,KLV/86,00:14:00,NEL/86,00:16:00,9,3.2,true
RØ,295,NEL/86,00:18:00,IG/86,00:20:00,9,1.6,true
RØ,295,IG/86,00:20:00,HTÅ/86,00:28:00,9,14.3,true
RØ,295,HTÅ/86,00:29:00,HH/86,00:32:00,6,4.7,true
RØ,295,HH/86,00:32:00,TRK/86,00:35:00,6,4.0,true
RØ,295,TRK/86,00:36:00,RO/86,00:39:00,6,3.1,true
RØ,254,SG/86,18:44:00,SO/86,18:51:00,22,14.6,true
RØ,254,SO/86,18:53:00,FJ/86,18:57:00,22,6.8,true
RØ,254,FJ/86,18:57:00,RG/86,19:02:00,22,7.6,true
RØ,254,RG/86,19:04:00,KY/86,19:08:00,28,7.3,true
RØ,254,KY/86,19:08:00,RO/86,19:18:00,28,25.3,true
RØ,254,RO/86,19:20:00,TRK/86,19:23:00,37,3.1,true
RØ,254,TRK/86,19:24:00,HH/86,19:26:00,37,4.0,true
RØ,254,HH/86,19:26:00,HTÅ/86,19:29:00,37,4.7,true
RØ,254,HTÅ/86,19:31:00,GL/86,19:35:00,44,8.3,true
RØ,254,GL/86,19:35:00,NEL/86,19:40:00,44,7.6,true
RØ,254,NEL/86,19:42:00,KLV/86,19:44:00,44,3.2,true
RØ,254,KLV/86,19:44:00,ØRE/86,19:46:00,44,2.1,true
RØ,254,ØRE/86,19:47:00,TÅT/86,19:49:00,44,1.6,true
RØ,254,TÅT/86,19:50:00,CPH/86,19:54:00,44,3.3,true
RØ,2299,KH/86,01:10:00,VAL/86,01:13:00,28,3.9,true
RØ,2299,VAL/86,01:14:00,HIF/86,01:17:00,28,3.4,true
RØ,2299,HIF/86,01:17:00,HTÅ/86,01:23:00,28,12.2,true
RØ,2299,HTÅ/86,01:24:00,HH/86,01:28:00,11,4.7,true
RØ,2299,HH/86,01:29:00,TRK/86,01:32:00,11,4.0,true
RØ,2299,TRK/86,01:33:00,RO/86,01:36:00,11,3.1,true
RØ,2299,RO/86,01:37:00,VY/86,01:43:00,4,11.2,true
RØ,2299,VY/86,01:44:00,BO/86,01:49:00,4,7.2,true
RØ,2299,BO/86,01:50:00,KY/86,01:54:00,4,6.9,true
RØ,2299,KY/86,01:54:00,RG/86,01:58:00,4,7.3,true
RØ,2299,RG/86,01:59:00,GZ/86,02:05:00,2,12.0,true
RØ,2299,GZ/86,02:06:00,NÆ/86,02:14:00,2,14.8,true
RØ,3542,KB/86,15:07:00,KBØ/86,15:09:00,74,2.0,false
RØ,3542,KBØ/86,15:10:00,VÆ/86,15:15:00,74,5.8,false
RØ,3542,VÆ/86,15:18:00,SE/86,15:22:00,74,5.6,false
RØ,3542,SE/86,15:22:00,JY/86,15:27:00,74,7.7,false
RØ,3542,JY/86,15:28:00,MØ/86,15:32:00,74,6.6,false
RØ,3542,MØ/86,15:32:00,HK/86,15:41:00,74,15.8,false
RØ,3542,HK/86,15:43:00,PE/86,15:47:00,109,5.9,true
RØ,3542,PE/86,15:47:00,RO/86,16:01:00,109,29.9,true
RØ,3542,RO/86,16:03:00,TRK/86,16:05:00,186,3.1,true
RØ,3542,TRK/86,16:05:00,HTÅ/86,16:09:00,186,8.7,true
RØ,3542,HTÅ/86,16:11:00,GL/86,16:16:00,212,8.3,true
RØ,3542,GL/86,16:16:00,KH/86,16:24:00,212,11.2,true
RØ,3542,KH/86,16:28:00,KN/86,16:30:00,95,1.5,true
RØ,3542,KN/86,16:31:00,KK/86,16:34:00,95,1.6,true
RØ,3523,KK/86,06:26:00,KN/86,06:28:00,23,1.6,true
RØ,3523,KN/86,06:29:00,KH/86,06:32:00,23,1.5,true
RØ,3523,KH/86,06:36:00,VAL/86,06:39:00,104,3.9,true
RØ,3523,VAL/86,06:39:00,HTÅ/86,06:48:00,104,15.6,true
RØ,3523,HTÅ/86,06:49:00,HH/86,06:52:00,108,4.7,true
RØ,3523,HH/86,06:52:00,RO/86,06:56:00,108,7.1,true
RØ,3523,RO/86,06:58:00,LJ/86,07:03:00,101,9.5,true
RØ,3523,LJ/86,07:03:00,HK/86,07:15:00,101,26.3,true
RØ,3523,HK/86,07:17:00,RT/86,07:22:00,70,8.1,false
RØ,3523,RT/86,07:22:00,JY/86,07:31:00,70,14.3,false
RØ,3523,JY/86,07:32:00,SE/86,07:37:00,70,7.7,false
RØ,3523,SE/86,07:37:00,VÆ/86,07:42:00,70,5.6,false
RØ,3523,VÆ/86,07:45:00,KBØ/86,07:49:00,70,5.8,false
RØ,3523,KBØ/86,07:50:00,KB/86,07:54:00,70,2.0,false
RØ,3546,KB/86,16:07:00,KBØ/86,16:09:00,50,2.0,false
RØ,3546,KBØ/86,16:10:00,VÆ/86,16:15:00,50,5.8,false
RØ,3546,VÆ/86,16:18:00,SE/86,16:22:00,50,5.6,false
RØ,3546,SE/86,16:22:00,JY/86,16:27:00,50,7.7,false
RØ,3546,JY/86,16:28:00,MØ/86,16:32:00,50,6.6,false
RØ,3546,MØ/86,16:32:00,HK/86,16:41:00,50,15.8,false
RØ,3546,HK/86,16:43:00,PE/86,16:47:00,69,5.9,true
RØ,3546,PE/86,16:47:00,RO/86,17:01:00,69,29.9,true
RØ,3546,RO/86,17:03:00,TRK/86,17:05:00,122,3.1,true
RØ,3546,TRK/86,17:05:00,HTÅ/86,17:09:00,122,8.7,true
RØ,3546,HTÅ/86,17:11:00,GL/86,17:16:00,142,8.3,true
RØ,3546,GL/86,17:16:00,KH/86,17:24:00,142,11.2,true
RØ,3546,KH/86,17:28:00,KN/86,17:30:00,64,1.5,true
RØ,3546,KN/86,17:31:00,KK/86,17:34:00,64,1.6,true
RØ,3327,KK/86,07:26:00,KN/86,07:28:00,45,1.6,true
RØ,3327,KN/86,07:29:00,KH/86,07:32:00,45,1.5,true
RØ,3327,KH/86,07:35:00,VAL/86,07:38:00,187,3.9,true
RØ,3327,VAL/86,07:40:00,HIF/86,07:43:00,187,3.4,true
RØ,3327,HIF/86,07:43:00,HTÅ/86,07:49:00,187,12.2,true
RØ,3327,HTÅ/86,07:50:00,HH/86,07:53:00,162,4.7,true
RØ,3327,HH/86,07:53:00,RO/86,07:58:00,162,7.1,true
RØ,3306,RO/86,07:17:00,TRK/86,07:19:00,193,3.1,true
RØ,3306,TRK/86,07:19:00,HTÅ/86,07:23:00,193,8.7,true
RØ,3306,HTÅ/86,07:25:00,GL/86,07:29:00,176,8.3,true
RØ,3306,GL/86,07:29:00,VAL/86,07:33:00,176,7.3,true
RØ,3306,VAL/86,07:35:00,KH/86,07:40:00,176,3.9,true
RØ,3306,KH/86,07:43:00,KN/86,07:45:00,70,1.5,true
RØ,3306,KN/86,07:46:00,KK/86,07:49:00,70,1.6,true
RØ,3310,RO/86,08:17:00,TRK/86,08:19:00,163,3.1,true
RØ,3310,TRK/86,08:19:00,HTÅ/86,08:23:00,163,8.7,true
RØ,3310,HTÅ/86,08:25:00,GL/86,08:29:00,164,8.3,true
RØ,3310,GL/86,08:29:00,VAL/86,08:33:00,164,7.3,true
RØ,3310,VAL/86,08:35:00,KH/86,08:40:00,164,3.9,true
RØ,3310,KH/86,08:43:00,KN/86,08:45:00,64,1.5,true
RØ,3310,KN/86,08:46:00,KK/86,08:49:00,64,1.6,true
RØ,3359,HGL/86,15:05:00,KK/86,15:09:00,0,2.1,true
RØ,3359,KK/86,15:11:00,KN/86,15:13:00,78,1.6,true
RØ,3359,KN/86,15:14:00,KH/86,15:17:00,78,1.5,true
RØ,3359,KH/86,15:20:00,VAL/86,15:23:00,144,3.9,true
RØ,3359,VAL/86,15:25:00,HIF/86,15:28:00,144,3.4,true
RØ,3359,HIF/86,15:28:00,HTÅ/86,15:34:00,144,12.2,true
RØ,3359,HTÅ/86,15:35:00,HH/86,15:38:00,141,4.7,true
RØ,3359,HH/86,15:38:00,RO/86,15:43:00,141,7.1,true
RØ,3363,HGL/86,16:05:00,KK/86,16:09:00,0,2.1,true
RØ,3363,KK/86,16:11:00,KN/86,16:13:00,103,1.6,true
RØ,3363,KN/86,16:14:00,KH/86,16:17:00,103,1.5,true
RØ,3363,KH/86,16:20:00,VAL/86,16:23:00,177,3.9,true
RØ,3363,VAL/86,16:25:00,HIF/86,16:28:00,177,3.4,true
RØ,3363,HIF/86,16:28:00,HTÅ/86,16:34:00,177,12.2,true
RØ,3363,HTÅ/86,16:35:00,HH/86,16:38:00,166,4.7,true
RØ,3363,HH/86,16:38:00,RO/86,16:43:00,166,7.1,true
