TrainCategory,TrainId,FromStation,DepartureFromStation,ToStation,ArrivalToStation,Demand,Distance_KM,Electrified
L,10,Start,320,AR/86,320,0,0.0,true
L,10,AR/86,320,KGV/86,323,92,3.0,false
L,10,KGV/86,323,SD/86,332,92,19.8,false
L,10,SD/86,334,HÅ/86,341,121,14.1,false
L,10,HÅ/86,341,HS/86,347,121,14.5,false
L,10,HS/86,349,HED/86,357,153,16.3,false
L,10,HED/86,357,VJ/86,364,153,15.1,false
L,10,VJ/86,366,BET/86,371,203,10.9,false
L,10,BET/86,371,FA/86,381,203,14.8,false
L,10,FA/86,387,SNO/86,389,302,4.3,true
L,10,SNO/86,389,OD/86,414,302,56.0,true
L,10,OD/86,417,MV/86,422,614,9.3,true
L,10,MV/86,422,KH/86,486,614,148.8,true
L,10,KH/86,498,BAN/86,501,83,2.4,true
L,10,BAN/86,501,CPH/86,512,83,9.4,true
L,10,CPH/86,512,End,512,0,0.0,true
IC,100,Start,249,OD/86,249,0,0.0,true
IC,100,OD/86,249,MV/86,254,23,9.3,true
IC,100,MV/86,254,LV/86,256,23,4.4,true
IC,100,LV/86,257,UV/86,260,23,5.1,true
IC,100,UV/86,260,NG/86,265,23,9.9,true
IC,100,NG/86,267,SPR/86,273,33,11.4,true
IC,100,SPR/86,273,KØ/86,279,33,11.9,true
IC,100,KØ/86,280,FO/86,284,46,8.3,true
IC,100,FO/86,284,SG/86,288,46,7.1,true
IC,100,SG/86,290,SO/86,298,96,14.6,true
IC,100,SO/86,299,FJ/86,303,96,6.8,true
IC,100,FJ/86,303,RG/86,307,96,7.6,true
IC,100,RG/86,309,KY/86,314,124,7.3,true
IC,100,KY/86,314,RO/86,324,124,25.3,true
IC,100,RO/86,326,TRK/86,328,141,3.1,true
IC,100,TRK/86,328,HTÅ/86,333,141,8.7,true
IC,100,HTÅ/86,334,GL/86,339,130,8.3,true
IC,100,GL/86,339,VAL/86,343,130,7.3,true
IC,100,VAL/86,344,KH/86,350,130,3.9,true
IC,100,KH/86,355,KN/86,357,41,1.5,true
IC,100,KN/86,358,KK/86,361,41,1.6,true
IC,100,KK/86,361,End,361,0,0.0,true
IC,101,Start,35,KH/86,35,0,0.0,true
IC,101,KH/86,35,VAL/86,39,115,3.9,true
IC,101,VAL/86,41,HIF/86,44,115,3.4,true
IC,101,HIF/86,44,HTÅ/86,51,115,12.2,true
IC,101,HTÅ/86,52,HH/86,56,115,4.7,true
IC,101,HH/86,56,RO/86,60,115,7.1,true
IC,101,RO/86,62,VY/86,68,104,11.2,true
IC,101,VY/86,68,RG/86,79,104,21.4,true
IC,101,RG/86,81,FJ/86,86,102,7.6,true
IC,101,FJ/86,86,SO/86,89,102,6.8,true
IC,101,SO/86,91,SG/86,99,102,14.6,true
IC,101,SG/86,101,FO/86,106,93,7.1,true
IC,101,FO/86,106,KØ/86,110,93,8.3,true
IC,101,KØ/86,111,SPR/86,118,92,11.9,true
IC,101,SPR/86,118,NG/86,124,92,11.4,true
IC,101,NG/86,126,JU/86,129,86,5.0,true
IC,101,JU/86,129,OD/86,140,86,23.7,true
IC,101,OD/86,142,HP/86,148,75,8.6,true
IC,101,HP/86,148,MD/86,167,75,41.5,true
IC,101,MD/86,168,SNO/86,173,73,5.9,true
IC,101,SNO/86,173,FA/86,177,73,4.3,true
IC,101,FA/86,183,BK/86,189,69,11.9,false
IC,101,BK/86,189,VJ/86,197,69,13.8,false
IC,101,VJ/86,199,HED/86,208,68,15.1,false
IC,101,HED/86,208,HS/86,215,68,16.3,false
IC,101,HS/86,217,HÅ/86,225,66,14.5,false
IC,101,HÅ/86,225,SD/86,233,66,14.1,false
IC,101,SD/86,234,HX/86,239,63,8.5,false
IC,101,HX/86,239,AR/86,248,63,14.3,false
IC,101,AR/86,248,End,248,0,0.0,true
IC,104,Start,296,FA/86,296,0,0.0,true
IC,104,FA/86,296,SNO/86,299,13,4.3,true
IC,104,SNO/86,299,MD/86,303,13,5.9,true
IC,104,MD/86,305,KA/86,309,24,6.1,true
IC,104,KA/86,309,OD/86,327,24,44.0,true
IC,104,OD/86,329,MV/86,334,45,9.3,true
IC,104,MV/86,334,LV/86,337,45,4.4,true
IC,104,LV/86,338,UV/86,341,45,5.1,true
IC,104,UV/86,341,NG/86,345,45,9.9,true
IC,104,NG/86,347,SPR/86,353,114,11.4,true
IC,104,SPR/86,353,KØ/86,359,114,11.9,true
IC,104,KØ/86,360,FO/86,364,141,8.3,true
IC,104,FO/86,364,SG/86,368,141,7.1,true
IC,104,SG/86,370,SO/86,378,241,14.6,true
IC,104,SO/86,379,FJ/86,383,241,6.8,true
IC,104,FJ/86,383,RG/86,387,241,7.6,true
IC,104,RG/86,389,KY/86,394,306,7.3,true
IC,104,KY/86,394,RO/86,404,306,25.3,true
IC,104,RO/86,406,TRK/86,408,319,3.1,true
IC,104,TRK/86,408,HTÅ/86,413,319,8.7,true
IC,104,HTÅ/86,414,GL/86,419,254,8.3,true
IC,104,GL/86,419,VAL/86,423,254,7.3,true
IC,104,VAL/86,424,KH/86,430,254,3.9,true
IC,104,KH/86,433,KN/86,435,140,1.5,true
IC,104,KN/86,436,KK/86,439,140,1.6,true
IC,104,KK/86,439,End,439,0,0.0,true
IC,107,Start,155,KH/86,155,0,0.0,true
IC,107,KH/86,155,VAL/86,159,47,3.9,true
IC,107,VAL/86,160,HIF/86,163,47,3.4,true
IC,107,HIF/86,163,HTÅ/86,169,47,12.2,true
IC,107,HTÅ/86,171,HH/86,174,44,4.7,true
IC,107,HH/86,174,RO/86,178,44,7.1,true
IC,107,RO/86,180,VY/86,186,40,11.2,true
IC,107,VY/86,186,RG/86,197,40,21.4,true
IC,107,RG/86,199,FJ/86,204,41,7.6,true
IC,107,FJ/86,204,SO/86,207,41,6.8,true
IC,107,SO/86,209,SG/86,217,41,14.6,true
IC,107,SG/86,219,FO/86,224,39,7.1,true
IC,107,FO/86,224,KØ/86,228,39,8.3,true
IC,107,KØ/86,229,SPR/86,236,38,11.9,true
IC,107,SPR/86,236,NG/86,242,38,11.4,true
IC,107,NG/86,244,JU/86,247,41,5.0,true
IC,107,JU/86,247,OD/86,258,41,23.7,true
IC,107,OD/86,261,HP/86,266,49,8.6,true
IC,107,HP/86,266,MD/86,285,49,41.5,true
IC,107,MD/86,286,SNO/86,291,53,5.9,true
IC,107,SNO/86,291,FA/86,295,53,4.3,true
IC,107,FA/86,305,BK/86,311,46,11.9,false
IC,107,BK/86,311,VJ/86,318,46,13.8,false
IC,107,VJ/86,320,HED/86,328,69,15.1,false
IC,107,HED/86,328,HS/86,335,69,16.3,false
IC,107,HS/86,337,HÅ/86,344,80,14.5,false
IC,107,HÅ/86,344,SD/86,351,80,14.1,false
IC,107,SD/86,352,HX/86,357,96,8.5,false
IC,107,HX/86,357,AR/86,365,96,14.3,false
IC,107,AR/86,365,End,365,0,0.0,true
L,11,Start,303,OD/86,303,0,0.0,true
L,11,OD/86,303,HP/86,307,9,8.6,true
L,11,HP/86,307,MD/86,324,9,41.5,true
L,11,MD/86,326,SNO/86,331,10,5.9,true
L,11,SNO/86,331,FA/86,334,10,4.3,true
L,11,FA/86,338,BK/86,344,15,11.9,false
L,11,BK/86,344,VJ/86,351,15,13.8,false
L,11,VJ/86,353,HED/86,361,31,15.1,false
L,11,HED/86,361,HS/86,368,31,16.3,false
L,11,HS/86,370,HÅ/86,377,66,14.5,false
L,11,HÅ/86,377,SD/86,384,66,14.1,false
L,11,SD/86,385,HX/86,390,69,8.5,false
L,11,HX/86,390,AR/86,398,69,14.3,false
L,11,AR/86,398,End,398,0,0.0,true
IC,112,Start,416,FA/86,416,0,0.0,true
IC,112,FA/86,416,SNO/86,419,158,4.3,true
IC,112,SNO/86,419,MD/86,423,158,5.9,true
IC,112,MD/86,425,KA/86,429,198,6.1,true
IC,112,KA/86,429,OD/86,447,198,44.0,true
IC,112,OD/86,449,MV/86,454,269,9.3,true
IC,112,MV/86,454,LV/86,457,269,4.4,true
IC,112,LV/86,458,UV/86,461,269,5.1,true
IC,112,UV/86,461,NG/86,465,269,9.9,true
IC,112,NG/86,467,SPR/86,473,298,11.4,true
IC,112,SPR/86,473,KØ/86,479,298,11.9,true
IC,112,KØ/86,480,FO/86,484,305,8.3,true
IC,112,FO/86,484,SG/86,488,305,7.1,true
IC,112,SG/86,490,SO/86,498,376,14.6,true
IC,112,SO/86,499,FJ/86,503,376,6.8,true
IC,112,FJ/86,503,RG/86,507,376,7.6,true
IC,112,RG/86,509,KY/86,514,388,7.3,true
IC,112,KY/86,514,RO/86,524,388,25.3,true
IC,112,RO/86,526,TRK/86,528,391,3.1,true
IC,112,TRK/86,528,HTÅ/86,533,391,8.7,true
IC,112,HTÅ/86,534,GL/86,539,314,8.3,true
IC,112,GL/86,539,VAL/86,543,314,7.3,true
IC,112,VAL/86,544,KH/86,550,314,3.9,true
IC,112,KH/86,553,KN/86,555,141,1.5,true
IC,112,KN/86,556,KK/86,559,141,1.6,true
IC,112,KK/86,562,HGL/86,565,0,2.1,true
IC,112,HGL/86,565,End,565,0,0.0,true
IC,113,Start,230,KH/86,230,0,0.0,true
IC,113,KH/86,230,VAL/86,233,49,3.9,true
IC,113,VAL/86,235,HIF/86,238,49,3.4,true
IC,113,HIF/86,238,HTÅ/86,244,49,12.2,true
IC,113,HTÅ/86,245,HH/86,248,34,4.7,true
IC,113,HH/86,248,RO/86,252,34,7.1,true
IC,113,RO/86,254,VY/86,259,32,11.2,true
IC,113,VY/86,259,RG/86,269,32,21.4,true
IC,113,RG/86,271,FJ/86,276,32,7.6,true
IC,113,FJ/86,276,SO/86,279,32,6.8,true
IC,113,SO/86,280,SG/86,288,32,14.6,true
IC,113,SG/86,290,FO/86,294,30,7.1,true
IC,113,FO/86,294,KØ/86,298,30,8.3,true
IC,113,KØ/86,299,SPR/86,305,29,11.9,true
IC,113,SPR/86,305,NG/86,310,29,11.4,true
IC,113,NG/86,312,JU/86,315,32,5.0,true
IC,113,JU/86,315,LV/86,320,32,10.0,true
IC,113,LV/86,321,MV/86,324,32,4.4,true
IC,113,MV/86,324,OD/86,328,32,9.3,true
IC,113,OD/86,331,HP/86,335,48,8.6,true
IC,113,HP/86,335,MD/86,353,48,41.5,true
IC,113,MD/86,354,SNO/86,358,47,5.9,true
IC,113,SNO/86,358,FA/86,362,47,4.3,true
IC,113,FA/86,362,End,362,0,0.0,true
IC,116,Start,476,FA/86,476,0,0.0,true
IC,116,FA/86,476,SNO/86,479,114,4.3,true
IC,116,SNO/86,479,MD/86,483,114,5.9,true
IC,116,MD/86,485,KA/86,489,115,6.1,true
IC,116,KA/86,489,OD/86,507,115,44.0,true
IC,116,OD/86,509,MV/86,514,110,9.3,true
IC,116,MV/86,514,LV/86,517,110,4.4,true
IC,116,LV/86,518,UV/86,521,110,5.1,true
IC,116,UV/86,521,NG/86,525,110,9.9,true
IC,116,NG/86,527,SPR/86,533,122,11.4,true
IC,116,SPR/86,533,KØ/86,539,122,11.9,true
IC,116,KØ/86,540,FO/86,544,128,8.3,true
IC,116,FO/86,544,SG/86,548,128,7.1,true
IC,116,SG/86,550,SO/86,558,161,14.6,true
IC,116,SO/86,559,FJ/86,563,161,6.8,true
IC,116,FJ/86,563,RG/86,567,161,7.6,true
IC,116,RG/86,569,KY/86,574,169,7.3,true
IC,116,KY/86,574,RO/86,584,169,25.3,true
IC,116,RO/86,586,TRK/86,588,168,3.1,true
IC,116,TRK/86,588,HTÅ/86,593,168,8.7,true
IC,116,HTÅ/86,594,GL/86,599,145,8.3,true
IC,116,GL/86,599,VAL/86,603,145,7.3,true
IC,116,VAL/86,604,KH/86,610,145,3.9,true
IC,116,KH/86,613,KN/86,615,51,1.5,true
IC,116,KN/86,616,KK/86,619,51,1.6,true
IC,116,KK/86,622,HGL/86,625,0,2.1,true
IC,116,HGL/86,625,End,625,0,0.0,true
IC,117,Start,290,KH/86,290,0,0.0,true
IC,117,KH/86,290,VAL/86,293,60,3.9,true
IC,117,VAL/86,295,HIF/86,298,60,3.4,true
IC,117,HIF/86,298,HTÅ/86,304,60,12.2,true
IC,117,HTÅ/86,305,HH/86,308,40,4.7,true
IC,117,HH/86,308,RO/86,312,40,7.1,true
IC,117,RO/86,314,VY/86,319,54,11.2,true
IC,117,VY/86,319,RG/86,329,54,21.4,true
IC,117,RG/86,331,FJ/86,336,55,7.6,true
IC,117,FJ/86,336,SO/86,339,55,6.8,true
IC,117,SO/86,340,SG/86,348,55,14.6,true
IC,117,SG/86,350,FO/86,354,59,7.1,true
IC,117,FO/86,354,KØ/86,358,59,8.3,true
IC,117,KØ/86,359,SPR/86,365,63,11.9,true
IC,117,SPR/86,365,NG/86,370,63,11.4,true
IC,117,NG/86,372,JU/86,375,78,5.0,true
IC,117,JU/86,375,LV/86,380,78,10.0,true
IC,117,LV/86,381,MV/86,384,78,4.4,true
IC,117,MV/86,384,OD/86,388,78,9.3,true
IC,117,OD/86,391,HP/86,395,98,8.6,true
IC,117,HP/86,395,MD/86,413,98,41.5,true
IC,117,MD/86,414,SNO/86,418,107,5.9,true
IC,117,SNO/86,418,FA/86,422,107,4.3,true
IC,117,FA/86,422,End,422,0,0.0,true
EX,1191,Start,322,KH/86,322,0,0.0,true
EX,1191,KH/86,322,GB/86,325,33,3.2,true
EX,1191,GB/86,325,RG/86,350,33,58.5,true
EX,1191,RG/86,352,FJ/86,356,45,7.6,true
EX,1191,FJ/86,356,OD/86,393,45,88.8,true
EX,1191,OD/86,396,HP/86,401,58,8.6,true
EX,1191,HP/86,401,KD/86,432,58,65.1,true
EX,1191,KD/86,435,LK/86,442,11,12.9,true
EX,1191,LK/86,442,PA/86,477,11,76.9,true
EX,1191,PA/86,482,PAGR/86,483,0,1.0,true
EX,1191,PAGR/86,483,ASW/80,508,0,41.4,true
EX,1191,ASW/80,510,AR/80,540,0,24.5,true
EX,1191,AR/80,540,HMB/80,604,0,117.6,true
EX,1191,HMB/80,604,End,604,0,0.0,true
EX,1196,Start,712,HMB/80,712,0,0.0,true
EX,1196,HMB/80,712,ADF/80,717,0,1.8,true
EX,1196,ADF/80,717,ASW/80,805,0,140.3,true
EX,1196,ASW/80,807,AFW/80,820,0,33.2,true
EX,1196,AFW/80,820,PA/86,833,0,9.2,true
EX,1196,PA/86,843,VK/86,847,31,6.8,true
EX,1196,VK/86,847,KD/86,884,31,83.0,true
EX,1196,KD/86,886,TL/86,892,45,11.3,true
EX,1196,TL/86,892,OD/86,924,45,62.4,true
EX,1196,OD/86,927,MV/86,931,149,9.3,true
EX,1196,MV/86,931,RG/86,967,149,87.1,true
EX,1196,RG/86,969,ADA/86,973,146,5.0,true
EX,1196,ADA/86,973,KH/86,998,146,56.7,true
EX,1196,KH/86,998,End,998,0,0.0,true
EX,1198,Start,410,HMB/80,410,0,0.0,true
EX,1198,HMB/80,410,ADF/80,417,0,1.8,true
EX,1198,ADF/80,417,ASW/80,504,0,140.3,true
EX,1198,ASW/80,506,AFW/80,520,0,33.2,true
EX,1198,AFW/80,520,PA/86,534,0,9.2,true
EX,1198,PA/86,543,VK/86,547,6,6.8,true
EX,1198,VK/86,547,KD/86,584,6,83.0,true
EX,1198,KD/86,586,TL/86,592,18,11.3,true
EX,1198,TL/86,592,OD/86,624,18,62.4,true
EX,1198,OD/86,627,MV/86,631,65,9.3,true
EX,1198,MV/86,631,RG/86,667,65,87.1,true
EX,1198,RG/86,669,ADA/86,673,68,5.0,true
EX,1198,ADA/86,673,KH/86,698,68,56.7,true
EX,1198,KH/86,698,End,698,0,0.0,true
EX,1199,Start,1102,KH/86,1102,0,0.0,true
EX,1199,KH/86,1102,GB/86,1105,158,3.2,true
EX,1199,GB/86,1105,RG/86,1130,158,58.5,true
EX,1199,RG/86,1132,FJ/86,1136,155,7.6,true
EX,1199,FJ/86,1136,OD/86,1173,155,88.8,true
EX,1199,OD/86,1176,HP/86,1181,119,8.6,true
EX,1199,HP/86,1181,KD/86,1212,119,65.1,true
EX,1199,KD/86,1215,LK/86,1222,118,12.9,true
EX,1199,LK/86,1222,PA/86,1257,118,76.9,true
EX,1199,PA/86,1262,PAGR/86,1263,0,1.0,true
EX,1199,PAGR/86,1263,ASW/80,1288,0,41.4,true
EX,1199,ASW/80,1290,AR/80,1320,0,24.5,true
EX,1199,AR/80,1320,HMB/80,1384,0,117.6,true
EX,1199,HMB/80,1384,End,1384,0,0.0,true
IC,120,Start,470,AR/86,470,0,0.0,true
IC,120,AR/86,470,KGV/86,472,254,3.0,false
IC,120,KGV/86,472,SD/86,482,254,19.8,false
IC,120,SD/86,483,HÅ/86,490,222,14.1,false
IC,120,HÅ/86,490,HS/86,497,222,14.5,false
IC,120,HS/86,499,HED/86,507,171,16.3,false
IC,120,HED/86,507,VJ/86,514,171,15.1,false
IC,120,VJ/86,516,BET/86,521,125,10.9,false
IC,120,BET/86,521,FA/86,531,125,14.8,false
IC,120,FA/86,536,SNO/86,539,112,4.3,true
IC,120,SNO/86,539,MD/86,543,112,5.9,true
IC,120,MD/86,545,KA/86,549,101,6.1,true
IC,120,KA/86,549,OD/86,567,101,44.0,true
IC,120,OD/86,569,MV/86,574,97,9.3,true
IC,120,MV/86,574,LV/86,577,97,4.4,true
IC,120,LV/86,578,UV/86,581,97,5.1,true
IC,120,UV/86,581,NG/86,585,97,9.9,true
IC,120,NG/86,587,SPR/86,593,100,11.4,true
IC,120,SPR/86,593,KØ/86,599,100,11.9,true
IC,120,KØ/86,600,FO/86,604,108,8.3,true
IC,120,FO/86,604,SG/86,608,108,7.1,true
IC,120,SG/86,610,SO/86,618,131,14.6,true
IC,120,SO/86,619,FJ/86,623,131,6.8,true
IC,120,FJ/86,623,RG/86,627,131,7.6,true
IC,120,RG/86,629,KY/86,634,138,7.3,true
IC,120,KY/86,634,RO/86,644,138,25.3,true
IC,120,RO/86,646,TRK/86,648,146,3.1,true
IC,120,TRK/86,648,HTÅ/86,653,146,8.7,true
IC,120,HTÅ/86,654,GL/86,659,133,8.3,true
IC,120,GL/86,659,VAL/86,663,133,7.3,true
IC,120,VAL/86,664,KH/86,670,133,3.9,true
IC,120,KH/86,673,KN/86,675,52,1.5,true
IC,120,KN/86,676,KK/86,679,52,1.6,true
IC,120,KK/86,679,End,679,0,0.0,true
RØ,1204,Start,338,NF/86,338,0,0.0,true
RØ,1204,NF/86,338,TN/86,341,42,6.0,false
RØ,1204,TN/86,341,VO/86,353,42,22.8,false
RØ,1204,VO/86,355,LU/86,360,85,11.4,true
RØ,1204,LU/86,360,NÆ/86,367,85,16.0,true
RØ,1204,NÆ/86,370,GZ/86,376,184,14.8,true
RØ,1204,GZ/86,376,RG/86,382,184,12.0,true
RØ,1204,RG/86,383,ADA/86,387,224,5.0,true
RØ,1204,ADA/86,387,NEL/86,407,224,52.1,true
RØ,1204,NEL/86,409,GB/86,410,224,1.4,true
RØ,1204,GB/86,410,KH/86,415,224,3.2,true
RØ,1204,KH/86,415,End,415,0,0.0,true
RØ,1208,Start,398,NF/86,398,0,0.0,true
RØ,1208,NF/86,398,TN/86,401,98,6.0,false
RØ,1208,TN/86,401,VO/86,413,98,22.8,false
RØ,1208,VO/86,415,LU/86,420,167,11.4,true
RØ,1208,LU/86,420,NÆ/86,427,167,16.0,true
RØ,1208,NÆ/86,430,GZ/86,436,350,14.8,true
RØ,1208,GZ/86,436,RG/86,442,350,12.0,true
RØ,1208,RG/86,443,ADA/86,447,395,5.0,true
RØ,1208,ADA/86,447,NEL/86,467,395,52.1,true
RØ,1208,NEL/86,469,GB/86,470,395,1.4,true
RØ,1208,GB/86,470,KH/86,475,395,3.2,true
RØ,1208,KH/86,475,End,475,0,0.0,true
IC,121,Start,350,KH/86,350,0,0.0,true
IC,121,KH/86,350,VAL/86,353,51,3.9,true
IC,121,VAL/86,355,HIF/86,358,51,3.4,true
IC,121,HIF/86,358,HTÅ/86,364,51,12.2,true
IC,121,HTÅ/86,365,HH/86,368,74,4.7,true
IC,121,HH/86,368,RO/86,372,74,7.1,true
IC,121,RO/86,374,VY/86,379,110,11.2,true
IC,121,VY/86,379,RG/86,389,110,21.4,true
IC,121,RG/86,391,FJ/86,396,135,7.6,true
IC,121,FJ/86,396,SO/86,399,135,6.8,true
IC,121,SO/86,400,SG/86,408,135,14.6,true
IC,121,SG/86,410,FO/86,414,137,7.1,true
IC,121,FO/86,414,KØ/86,418,137,8.3,true
IC,121,KØ/86,419,SPR/86,425,139,11.9,true
IC,121,SPR/86,425,NG/86,430,139,11.4,true
IC,121,NG/86,432,JU/86,435,212,5.0,true
IC,121,JU/86,435,LV/86,440,212,10.0,true
IC,121,LV/86,441,MV/86,444,212,4.4,true
IC,121,MV/86,444,OD/86,448,212,9.3,true
IC,121,OD/86,451,HP/86,455,153,8.6,true
IC,121,HP/86,455,MD/86,473,153,41.5,true
IC,121,MD/86,474,SNO/86,478,114,5.9,true
IC,121,SNO/86,478,FA/86,482,114,4.3,true
IC,121,FA/86,482,End,482,0,0.0,true
RØ,1212,Start,458,NF/86,458,0,0.0,true
RØ,1212,NF/86,458,TN/86,461,96,6.0,false
RØ,1212,TN/86,461,VO/86,473,96,22.8,false
RØ,1212,VO/86,475,LU/86,480,152,11.4,true
RØ,1212,LU/86,480,NÆ/86,487,152,16.0,true
RØ,1212,NÆ/86,490,GZ/86,496,233,14.8,true
RØ,1212,GZ/86,496,RG/86,502,233,12.0,true
RØ,1212,RG/86,503,ADA/86,507,258,5.0,true
RØ,1212,ADA/86,507,NEL/86,527,258,52.1,true
RØ,1212,NEL/86,529,GB/86,530,258,1.4,true
RØ,1212,GB/86,530,KH/86,535,258,3.2,true
RØ,1212,KH/86,535,End,535,0,0.0,true
RØ,1216,Start,518,NF/86,518,0,0.0,true
RØ,1216,NF/86,518,TN/86,521,64,6.0,false
RØ,1216,TN/86,521,VO/86,533,64,22.8,false
RØ,1216,VO/86,535,LU/86,540,102,11.4,true
RØ,1216,LU/86,540,NÆ/86,547,102,16.0,true
RØ,1216,NÆ/86,550,GZ/86,556,152,14.8,true
RØ,1216,GZ/86,556,RG/86,562,152,12.0,true
RØ,1216,RG/86,563,ADA/86,567,183,5.0,true
RØ,1216,ADA/86,567,NEL/86,587,183,52.1,true
RØ,1216,NEL/86,589,GB/86,590,183,1.4,true
RØ,1216,GB/86,590,KH/86,595,183,3.2,true
RØ,1216,KH/86,595,End,595,0,0.0,true
RØ,1220,Start,578,NF/86,578,0,0.0,true
RØ,1220,NF/86,578,TN/86,581,43,6.0,false
RØ,1220,TN/86,581,VO/86,593,43,22.8,false
RØ,1220,VO/86,595,LU/86,600,62,11.4,true
RØ,1220,LU/86,600,NÆ/86,607,62,16.0,true
RØ,1220,NÆ/86,610,GZ/86,616,100,14.8,true
RØ,1220,GZ/86,616,RG/86,622,100,12.0,true
RØ,1220,RG/86,623,ADA/86,627,97,5.0,true
RØ,1220,ADA/86,627,NEL/86,647,97,52.1,true
RØ,1220,NEL/86,649,GB/86,650,97,1.4,true
RØ,1220,GB/86,650,KH/86,655,97,3.2,true
RØ,1220,KH/86,655,End,655,0,0.0,true
RØ,1221,Start,364,KH/86,364,0,0.0,true
RØ,1221,KH/86,364,GB/86,367,55,3.2,true
RØ,1221,GB/86,367,NEL/86,368,55,1.4,true
RØ,1221,NEL/86,370,IG/86,370,55,1.6,true
RØ,1221,IG/86,370,RG/86,394,55,55.5,true
RØ,1221,RG/86,396,GZ/86,401,74,12.0,true
RØ,1221,GZ/86,401,NÆ/86,408,74,14.8,true
RØ,1221,NÆ/86,410,MOG/86,413,76,8.5,true
RØ,1221,MOG/86,413,LU/86,418,76,7.5,true
RØ,1221,LU/86,419,VO/86,425,76,11.4,true
RØ,1221,VO/86,427,MN/86,430,79,3.8,false
RØ,1221,MN/86,430,NV/86,437,79,10.4,false
RØ,1221,NV/86,438,EK/86,442,79,4.5,false
RØ,1221,EK/86,443,TN/86,446,79,4.1,false
RØ,1221,TN/86,446,NF/86,449,79,6.0,false
RØ,1221,NF/86,449,End,449,0,0.0,true
RØ,1224,Start,638,NF/86,638,0,0.0,true
RØ,1224,NF/86,638,TN/86,641,53,6.0,false
RØ,1224,TN/86,641,VO/86,653,53,22.8,false
RØ,1224,VO/86,655,LU/86,660,76,11.4,true
RØ,1224,LU/86,660,NÆ/86,667,76,16.0,true
RØ,1224,NÆ/86,670,GZ/86,676,103,14.8,true
RØ,1224,GZ/86,676,RG/86,682,103,12.0,true
RØ,1224,RG/86,683,ADA/86,687,99,5.0,true
RØ,1224,ADA/86,687,NEL/86,707,99,52.1,true
RØ,1224,NEL/86,709,GB/86,710,99,1.4,true
RØ,1224,GB/86,710,KH/86,715,99,3.2,true
RØ,1224,KH/86,715,End,715,0,0.0,true
RØ,1225,Start,428,KH/86,428,0,0.0,true
RØ,1225,KH/86,428,GB/86,431,165,3.2,true
RØ,1225,GB/86,431,NEL/86,432,165,1.4,true
RØ,1225,NEL/86,433,IG/86,434,165,1.6,true
RØ,1225,IG/86,434,RG/86,457,165,55.5,true
RØ,1225,RG/86,459,GZ/86,464,165,12.0,true
RØ,1225,GZ/86,464,NÆ/86,471,165,14.8,true
RØ,1225,NÆ/86,473,MOG/86,476,114,8.5,true
RØ,1225,MOG/86,476,VO/86,485,114,18.9,true
RØ,1225,VO/86,487,MN/86,490,81,3.8,false
RØ,1225,MN/86,490,NF/86,503,81,25.0,false
RØ,1225,NF/86,503,End,503,0,0.0,true
RØ,1228,Start,698,NF/86,698,0,0.0,true
RØ,1228,NF/86,698,TN/86,701,52,6.0,false
RØ,1228,TN/86,701,VO/86,713,52,22.8,false
RØ,1228,VO/86,715,LU/86,720,74,11.4,true
RØ,1228,LU/86,720,NÆ/86,727,74,16.0,true
RØ,1228,NÆ/86,730,GZ/86,736,98,14.8,true
RØ,1228,GZ/86,736,RG/86,742,98,12.0,true
RØ,1228,RG/86,743,ADA/86,747,94,5.0,true
RØ,1228,ADA/86,747,NEL/86,767,94,52.1,true
RØ,1228,NEL/86,769,GB/86,770,94,1.4,true
RØ,1228,GB/86,770,KH/86,775,94,3.2,true
RØ,1228,KH/86,775,End,775,0,0.0,true
RØ,1229,Start,488,KH/86,488,0,0.0,true
RØ,1229,KH/86,488,GB/86,491,128,3.2,true
RØ,1229,GB/86,491,NEL/86,492,128,1.4,true
RØ,1229,NEL/86,493,IG/86,494,128,1.6,true
RØ,1229,IG/86,494,RG/86,517,128,55.5,true
RØ,1229,RG/86,519,GZ/86,524,119,12.0,true
RØ,1229,GZ/86,524,NÆ/86,531,119,14.8,true
RØ,1229,NÆ/86,533,MOG/86,536,78,8.5,true
RØ,1229,MOG/86,536,VO/86,545,78,18.9,true
RØ,1229,VO/86,547,MN/86,550,53,3.8,false
RØ,1229,MN/86,550,NF/86,563,53,25.0,false
RØ,1229,NF/86,563,End,563,0,0.0,true
RØ,1232,Start,758,NF/86,758,0,0.0,true
RØ,1232,NF/86,758,TN/86,761,53,6.0,false
RØ,1232,TN/86,761,VO/86,773,53,22.8,false
RØ,1232,VO/86,775,LU/86,780,76,11.4,true
RØ,1232,LU/86,780,NÆ/86,787,76,16.0,true
RØ,1232,NÆ/86,790,GZ/86,796,99,14.8,true
RØ,1232,GZ/86,796,RG/86,802,99,12.0,true
RØ,1232,RG/86,803,ADA/86,807,92,5.0,true
RØ,1232,ADA/86,807,NEL/86,827,92,52.1,true
RØ,1232,NEL/86,829,GB/86,830,92,1.4,true
RØ,1232,GB/86,830,KH/86,835,92,3.2,true
RØ,1232,KH/86,835,End,835,0,0.0,true
RØ,1233,Start,548,KH/86,548,0,0.0,true
RØ,1233,KH/86,548,GB/86,551,71,3.2,true
RØ,1233,GB/86,551,NEL/86,552,71,1.4,true
RØ,1233,NEL/86,553,IG/86,554,71,1.6,true
RØ,1233,IG/86,554,RG/86,577,71,55.5,true
RØ,1233,RG/86,579,GZ/86,584,65,12.0,true
RØ,1233,GZ/86,584,NÆ/86,591,65,14.8,true
RØ,1233,NÆ/86,593,MOG/86,596,50,8.5,true
RØ,1233,MOG/86,596,VO/86,605,50,18.9,true
RØ,1233,VO/86,607,MN/86,610,32,3.8,false
RØ,1233,MN/86,610,NF/86,623,32,25.0,false
RØ,1233,NF/86,623,End,623,0,0.0,true
RØ,1236,Start,818,NF/86,818,0,0.0,true
RØ,1236,NF/86,818,TN/86,821,62,6.0,false
RØ,1236,TN/86,821,VO/86,833,62,22.8,false
RØ,1236,VO/86,835,LU/86,840,87,11.4,true
RØ,1236,LU/86,840,NÆ/86,847,87,16.0,true
RØ,1236,NÆ/86,850,GZ/86,856,120,14.8,true
RØ,1236,GZ/86,856,RG/86,862,120,12.0,true
RØ,1236,RG/86,863,ADA/86,867,119,5.0,true
RØ,1236,ADA/86,867,NEL/86,887,119,52.1,true
RØ,1236,NEL/86,889,GB/86,890,119,1.4,true
RØ,1236,GB/86,890,KH/86,895,119,3.2,true
RØ,1236,KH/86,895,End,895,0,0.0,true
RØ,1237,Start,608,KH/86,608,0,0.0,true
RØ,1237,KH/86,608,GB/86,611,68,3.2,true
RØ,1237,GB/86,611,NEL/86,612,68,1.4,true
RØ,1237,NEL/86,613,IG/86,614,68,1.6,true
RØ,1237,IG/86,614,RG/86,637,68,55.5,true
RØ,1237,RG/86,639,GZ/86,644,71,12.0,true
RØ,1237,GZ/86,644,NÆ/86,651,71,14.8,true
RØ,1237,NÆ/86,653,MOG/86,656,57,8.5,true
RØ,1237,MOG/86,656,VO/86,665,57,18.9,true
RØ,1237,VO/86,667,MN/86,670,42,3.8,false
RØ,1237,MN/86,670,NF/86,683,42,25.0,false
RØ,1237,NF/86,683,End,683,0,0.0,true
IC,124,Start,596,FA/86,596,0,0.0,true
IC,124,FA/86,596,SNO/86,599,87,4.3,true
IC,124,SNO/86,599,MD/86,603,87,5.9,true
IC,124,MD/86,605,KA/86,609,81,6.1,true
IC,124,KA/86,609,OD/86,627,81,44.0,true
IC,124,OD/86,629,MV/86,634,97,9.3,true
IC,124,MV/86,634,LV/86,637,97,4.4,true
IC,124,LV/86,638,UV/86,641,97,5.1,true
IC,124,UV/86,641,NG/86,645,97,9.9,true
IC,124,NG/86,647,SPR/86,653,110,11.4,true
IC,124,SPR/86,653,KØ/86,659,110,11.9,true
IC,124,KØ/86,660,FO/86,664,117,8.3,true
IC,124,FO/86,664,SG/86,668,117,7.1,true
IC,124,SG/86,670,SO/86,678,132,14.6,true
IC,124,SO/86,679,FJ/86,683,132,6.8,true
IC,124,FJ/86,683,RG/86,687,132,7.6,true
IC,124,RG/86,689,KY/86,694,135,7.3,true
IC,124,KY/86,694,RO/86,704,135,25.3,true
IC,124,RO/86,706,TRK/86,708,135,3.1,true
IC,124,TRK/86,708,HTÅ/86,713,135,8.7,true
IC,124,HTÅ/86,714,GL/86,719,106,8.3,true
IC,124,GL/86,719,VAL/86,723,106,7.3,true
IC,124,VAL/86,724,KH/86,730,106,3.9,true
IC,124,KH/86,730,End,730,0,0.0,true
RØ,1240,Start,878,NF/86,878,0,0.0,true
RØ,1240,NF/86,878,TN/86,881,67,6.0,false
RØ,1240,TN/86,881,VO/86,893,67,22.8,false
RØ,1240,VO/86,895,LU/86,900,103,11.4,true
RØ,1240,LU/86,900,NÆ/86,907,103,16.0,true
RØ,1240,NÆ/86,910,GZ/86,916,157,14.8,true
RØ,1240,GZ/86,916,RG/86,922,157,12.0,true
RØ,1240,RG/86,923,ADA/86,927,150,5.0,true
RØ,1240,ADA/86,927,NEL/86,947,150,52.1,true
RØ,1240,NEL/86,949,GB/86,950,150,1.4,true
RØ,1240,GB/86,950,KH/86,955,150,3.2,true
RØ,1240,KH/86,955,End,955,0,0.0,true
RØ,1241,Start,668,KH/86,668,0,0.0,true
RØ,1241,KH/86,668,GB/86,671,62,3.2,true
RØ,1241,GB/86,671,NEL/86,672,62,1.4,true
RØ,1241,NEL/86,673,IG/86,674,62,1.6,true
RØ,1241,IG/86,674,RG/86,697,62,55.5,true
RØ,1241,RG/86,699,GZ/86,704,67,12.0,true
RØ,1241,GZ/86,704,NÆ/86,711,67,14.8,true
RØ,1241,NÆ/86,713,MOG/86,716,59,8.5,true
RØ,1241,MOG/86,716,VO/86,725,59,18.9,true
RØ,1241,VO/86,727,MN/86,730,41,3.8,false
RØ,1241,MN/86,730,NF/86,743,41,25.0,false
RØ,1241,NF/86,743,End,743,0,0.0,true
RØ,1244,Start,938,NF/86,938,0,0.0,true
RØ,1244,NF/86,938,TN/86,941,88,6.0,false
RØ,1244,TN/86,941,VO/86,953,88,22.8,false
RØ,1244,VO/86,955,LU/86,960,137,11.4,true
RØ,1244,LU/86,960,NÆ/86,967,137,16.0,true
RØ,1244,NÆ/86,970,GZ/86,976,179,14.8,true
RØ,1244,GZ/86,976,RG/86,982,179,12.0,true
RØ,1244,RG/86,983,ADA/86,987,160,5.0,true
RØ,1244,ADA/86,987,NEL/86,1007,160,52.1,true
RØ,1244,NEL/86,1009,GB/86,1010,160,1.4,true
RØ,1244,GB/86,1010,KH/86,1015,160,3.2,true
RØ,1244,KH/86,1015,End,1015,0,0.0,true
RØ,1245,Start,728,KH/86,728,0,0.0,true
RØ,1245,KH/86,728,GB/86,731,72,3.2,true
RØ,1245,GB/86,731,NEL/86,732,72,1.4,true
RØ,1245,NEL/86,733,IG/86,734,72,1.6,true
RØ,1245,IG/86,734,RG/86,757,72,55.5,true
RØ,1245,RG/86,759,GZ/86,764,76,12.0,true
RØ,1245,GZ/86,764,NÆ/86,771,76,14.8,true
RØ,1245,NÆ/86,773,MOG/86,776,62,8.5,true
RØ,1245,MOG/86,776,VO/86,785,62,18.9,true
RØ,1245,VO/86,787,MN/86,790,47,3.8,false
RØ,1245,MN/86,790,NF/86,803,47,25.0,false
RØ,1245,NF/86,803,End,803,0,0.0,true
RØ,1248,Start,998,NF/86,998,0,0.0,true
RØ,1248,NF/86,998,TN/86,1001,59,6.0,false
RØ,1248,TN/86,1001,VO/86,1013,59,22.8,false
RØ,1248,VO/86,1015,LU/86,1020,81,11.4,true
RØ,1248,LU/86,1020,NÆ/86,1027,81,16.0,true
RØ,1248,NÆ/86,1030,GZ/86,1036,104,14.8,true
RØ,1248,GZ/86,1036,RG/86,1042,104,12.0,true
RØ,1248,RG/86,1043,ADA/86,1047,94,5.0,true
RØ,1248,ADA/86,1047,NEL/86,1067,94,52.1,true
RØ,1248,NEL/86,1069,GB/86,1070,94,1.4,true
RØ,1248,GB/86,1070,KH/86,1075,94,3.2,true
RØ,1248,KH/86,1075,End,1075,0,0.0,true
RØ,1249,Start,788,KH/86,788,0,0.0,true
RØ,1249,KH/86,788,GB/86,791,94,3.2,true
RØ,1249,GB/86,791,NEL/86,792,94,1.4,true
RØ,1249,NEL/86,793,IG/86,794,94,1.6,true
RØ,1249,IG/86,794,RG/86,817,94,55.5,true
RØ,1249,RG/86,819,GZ/86,824,99,12.0,true
RØ,1249,GZ/86,824,NÆ/86,831,99,14.8,true
RØ,1249,NÆ/86,833,MOG/86,836,84,8.5,true
RØ,1249,MOG/86,836,VO/86,845,84,18.9,true
RØ,1249,VO/86,847,MN/86,850,61,3.8,false
RØ,1249,MN/86,850,NF/86,863,61,25.0,false
RØ,1249,NF/86,863,End,863,0,0.0,true
IC,125,Start,401,KK/86,401,0,0.0,true
IC,125,KK/86,401,KN/86,403,48,1.6,true
IC,125,KN/86,404,KH/86,407,48,1.5,true
IC,125,KH/86,410,VAL/86,413,250,3.9,true
IC,125,VAL/86,415,HIF/86,418,250,3.4,true
IC,125,HIF/86,418,HTÅ/86,424,250,12.2,true
IC,125,HTÅ/86,425,HH/86,428,305,4.7,true
IC,125,HH/86,428,RO/86,432,305,7.1,true
IC,125,RO/86,434,VY/86,439,279,11.2,true
IC,125,VY/86,439,RG/86,449,279,21.4,true
IC,125,RG/86,451,FJ/86,456,282,7.6,true
IC,125,FJ/86,456,SO/86,459,282,6.8,true
IC,125,SO/86,460,SG/86,468,282,14.6,true
IC,125,SG/86,470,FO/86,474,226,7.1,true
IC,125,FO/86,474,KØ/86,478,226,8.3,true
IC,125,KØ/86,479,SPR/86,485,220,11.9,true
IC,125,SPR/86,485,NG/86,490,220,11.4,true
IC,125,NG/86,492,JU/86,495,220,5.0,true
IC,125,JU/86,495,LV/86,500,220,10.0,true
IC,125,LV/86,501,MV/86,504,220,4.4,true
IC,125,MV/86,504,OD/86,508,220,9.3,true
IC,125,OD/86,511,HP/86,515,149,8.6,true
IC,125,HP/86,515,MD/86,533,149,41.5,true
IC,125,MD/86,534,SNO/86,538,127,5.9,true
IC,125,SNO/86,538,FA/86,542,127,4.3,true
IC,125,FA/86,549,BK/86,555,115,11.9,false
IC,125,BK/86,555,VJ/86,562,115,13.8,false
IC,125,VJ/86,564,HED/86,571,104,15.1,false
IC,125,HED/86,571,HS/86,578,104,16.3,false
IC,125,HS/86,580,HÅ/86,587,102,14.5,false
IC,125,HÅ/86,587,SD/86,594,102,14.1,false
IC,125,SD/86,595,HX/86,600,95,8.5,false
IC,125,HX/86,600,AR/86,608,95,14.3,false
IC,125,AR/86,608,End,608,0,0.0,true
RØ,1252,Start,1058,NF/86,1058,0,0.0,true
RØ,1252,NF/86,1058,TN/86,1061,39,6.0,false
RØ,1252,TN/86,1061,VO/86,1073,39,22.8,false
RØ,1252,VO/86,1075,LU/86,1080,52,11.4,true
RØ,1252,LU/86,1080,NÆ/86,1087,52,16.0,true
RØ,1252,NÆ/86,1090,GZ/86,1096,64,14.8,true
RØ,1252,GZ/86,1096,RG/86,1102,64,12.0,true
RØ,1252,RG/86,1103,ADA/86,1107,61,5.0,true
RØ,1252,ADA/86,1107,NEL/86,1127,61,52.1,true
RØ,1252,NEL/86,1129,GB/86,1130,61,1.4,true
RØ,1252,GB/86,1130,KH/86,1135,61,3.2,true
RØ,1252,KH/86,1135,End,1135,0,0.0,true
RØ,1253,Start,848,KH/86,848,0,0.0,true
RØ,1253,KH/86,848,GB/86,851,157,3.2,true
RØ,1253,GB/86,851,NEL/86,852,157,1.4,true
RØ,1253,NEL/86,853,IG/86,854,157,1.6,true
RØ,1253,IG/86,854,RG/86,877,157,55.5,true
RØ,1253,RG/86,879,GZ/86,884,161,12.0,true
RØ,1253,GZ/86,884,NÆ/86,891,161,14.8,true
RØ,1253,NÆ/86,893,MOG/86,896,123,8.5,true
RØ,1253,MOG/86,896,VO/86,905,123,18.9,true
RØ,1253,VO/86,907,MN/86,910,90,3.8,false
RØ,1253,MN/86,910,NF/86,923,90,25.0,false
RØ,1253,NF/86,923,End,923,0,0.0,true
RØ,1256,Start,1118,NF/86,1118,0,0.0,true
RØ,1256,NF/86,1118,TN/86,1121,32,6.0,false
RØ,1256,TN/86,1121,VO/86,1133,32,22.8,false
RØ,1256,VO/86,1135,LU/86,1140,38,11.4,true
RØ,1256,LU/86,1140,NÆ/86,1147,38,16.0,true
RØ,1256,NÆ/86,1150,GZ/86,1156,51,14.8,true
RØ,1256,GZ/86,1156,RG/86,1162,51,12.0,true
RØ,1256,RG/86,1163,ADA/86,1167,45,5.0,true
RØ,1256,ADA/86,1167,NEL/86,1187,45,52.1,true
RØ,1256,NEL/86,1189,GB/86,1190,45,1.4,true
RØ,1256,GB/86,1190,KH/86,1195,45,3.2,true
RØ,1256,KH/86,1195,End,1195,0,0.0,true
RØ,1257,Start,908,KH/86,908,0,0.0,true
RØ,1257,KH/86,908,GB/86,911,320,3.2,true
RØ,1257,GB/86,911,NEL/86,912,320,1.4,true
RØ,1257,NEL/86,913,IG/86,914,320,1.6,true
RØ,1257,IG/86,914,RG/86,937,320,55.5,true
RØ,1257,RG/86,939,GZ/86,944,316,12.0,true
RØ,1257,GZ/86,944,NÆ/86,951,316,14.8,true
RØ,1257,NÆ/86,953,MOG/86,956,197,8.5,true
RØ,1257,MOG/86,956,VO/86,965,197,18.9,true
RØ,1257,VO/86,967,MN/86,970,126,3.8,false
RØ,1257,MN/86,970,NF/86,983,126,25.0,false
RØ,1257,NF/86,983,End,983,0,0.0,true
RØ,1260,Start,1178,NF/86,1178,0,0.0,true
RØ,1260,NF/86,1178,TN/86,1181,19,6.0,false
RØ,1260,TN/86,1181,VO/86,1193,19,22.8,false
RØ,1260,VO/86,1195,LU/86,1200,25,11.4,true
RØ,1260,LU/86,1200,NÆ/86,1207,25,16.0,true
RØ,1260,NÆ/86,1210,GZ/86,1216,59,14.8,true
RØ,1260,GZ/86,1216,RG/86,1222,59,12.0,true
RØ,1260,RG/86,1223,ADA/86,1227,69,5.0,true
RØ,1260,ADA/86,1227,NEL/86,1247,69,52.1,true
RØ,1260,NEL/86,1249,GB/86,1250,69,1.4,true
RØ,1260,GB/86,1250,KH/86,1255,69,3.2,true
RØ,1260,KH/86,1255,End,1255,0,0.0,true
RØ,1261,Start,968,KH/86,968,0,0.0,true
RØ,1261,KH/86,968,GB/86,971,417,3.2,true
RØ,1261,GB/86,971,NEL/86,972,417,1.4,true
RØ,1261,NEL/86,973,IG/86,974,417,1.6,true
RØ,1261,IG/86,974,RG/86,997,417,55.5,true
RØ,1261,RG/86,999,GZ/86,1004,331,12.0,true
RØ,1261,GZ/86,1004,NÆ/86,1011,331,14.8,true
RØ,1261,NÆ/86,1013,MOG/86,1016,171,8.5,true
RØ,1261,MOG/86,1016,VO/86,1025,171,18.9,true
RØ,1261,VO/86,1027,MN/86,1030,102,3.8,false
RØ,1261,MN/86,1030,NF/86,1043,102,25.0,false
RØ,1261,NF/86,1043,End,1043,0,0.0,true
RØ,1264,Start,1229,NF/86,1229,0,0.0,true
RØ,1264,NF/86,1229,TN/86,1232,77,6.0,false
RØ,1264,TN/86,1232,EK/86,1234,77,4.1,false
RØ,1264,EK/86,1235,NV/86,1239,77,4.5,false
RØ,1264,NV/86,1240,OH/86,1243,77,5.0,false
RØ,1264,OH/86,1243,VO/86,1251,77,9.2,false
RØ,1264,VO/86,1252,LU/86,1258,59,11.4,true
RØ,1264,LU/86,1259,MOG/86,1264,59,7.5,true
RØ,1264,MOG/86,1264,NÆ/86,1267,59,8.5,true
RØ,1264,NÆ/86,1270,GZ/86,1276,53,14.8,true
RØ,1264,GZ/86,1276,RG/86,1282,53,12.0,true
RØ,1264,RG/86,1284,ADA/86,1288,50,5.0,true
RØ,1264,ADA/86,1288,NEL/86,1307,50,52.1,true
RØ,1264,NEL/86,1309,GB/86,1310,50,1.4,true
RØ,1264,GB/86,1310,KH/86,1315,50,3.2,true
RØ,1264,KH/86,1315,End,1315,0,0.0,true
RØ,1265,Start,1028,KH/86,1028,0,0.0,true
RØ,1265,KH/86,1028,GB/86,1031,240,3.2,true
RØ,1265,GB/86,1031,NEL/86,1032,240,1.4,true
RØ,1265,NEL/86,1033,IG/86,1034,240,1.6,true
RØ,1265,IG/86,1034,RG/86,1057,240,55.5,true
RØ,1265,RG/86,1059,GZ/86,1064,193,12.0,true
RØ,1265,GZ/86,1064,NÆ/86,1071,193,14.8,true
RØ,1265,NÆ/86,1073,MOG/86,1076,96,8.5,true
RØ,1265,MOG/86,1076,VO/86,1085,96,18.9,true
RØ,1265,VO/86,1087,MN/86,1090,57,3.8,false
RØ,1265,MN/86,1090,NF/86,1103,57,25.0,false
RØ,1265,NF/86,1103,End,1103,0,0.0,true
RØ,1268,Start,1286,NF/86,1286,0,0.0,true
RØ,1268,NF/86,1286,TN/86,1289,44,6.0,false
RØ,1268,TN/86,1289,EK/86,1291,44,4.1,false
RØ,1268,EK/86,1292,NV/86,1296,44,4.5,false
RØ,1268,NV/86,1297,OH/86,1300,44,5.0,false
RØ,1268,OH/86,1300,VO/86,1308,44,9.2,false
RØ,1268,VO/86,1309,LU/86,1315,32,11.4,true
RØ,1268,LU/86,1316,MOG/86,1321,32,7.5,true
RØ,1268,MOG/86,1321,NÆ/86,1324,32,8.5,true
RØ,1268,NÆ/86,1327,GZ/86,1333,27,14.8,true
RØ,1268,GZ/86,1333,RG/86,1339,27,12.0,true
RØ,1268,RG/86,1341,ADA/86,1345,27,5.0,true
RØ,1268,ADA/86,1345,KJN/86,1353,27,21.4,true
RØ,1268,KJN/86,1354,JSF/86,1355,27,2.5,true
RØ,1268,JSF/86,1355,NEL/86,1367,27,28.2,true
RØ,1268,NEL/86,1369,GB/86,1370,27,1.4,true
RØ,1268,GB/86,1370,KH/86,1374,27,3.2,true
RØ,1268,KH/86,1374,End,1374,0,0.0,true
RØ,1269,Start,1088,KH/86,1088,0,0.0,true
RØ,1269,KH/86,1088,GB/86,1091,138,3.2,true
RØ,1269,GB/86,1091,NEL/86,1092,138,1.4,true
RØ,1269,NEL/86,1093,IG/86,1094,138,1.6,true
RØ,1269,IG/86,1094,RG/86,1117,138,55.5,true
RØ,1269,RG/86,1119,GZ/86,1124,137,12.0,true
RØ,1269,GZ/86,1124,NÆ/86,1131,137,14.8,true
RØ,1269,NÆ/86,1133,MOG/86,1136,93,8.5,true
RØ,1269,MOG/86,1136,VO/86,1145,93,18.9,true
RØ,1269,VO/86,1147,MN/86,1150,52,3.8,false
RØ,1269,MN/86,1150,NF/86,1163,52,25.0,false
RØ,1269,NF/86,1163,End,1163,0,0.0,true
RØ,1272,Start,1346,NF/86,1346,0,0.0,true
RØ,1272,NF/86,1346,TN/86,1349,13,6.0,false
RØ,1272,TN/86,1349,EK/86,1351,13,4.1,false
RØ,1272,EK/86,1352,NV/86,1356,13,4.5,false
RØ,1272,NV/86,1357,OH/86,1360,13,5.0,false
RØ,1272,OH/86,1360,VO/86,1368,13,9.2,false
RØ,1272,VO/86,1369,LU/86,1375,14,11.4,true
RØ,1272,LU/86,1376,MOG/86,1381,14,7.5,true
RØ,1272,MOG/86,1381,NÆ/86,1384,14,8.5,true
RØ,1272,NÆ/86,1387,GZ/86,1393,16,14.8,true
RØ,1272,GZ/86,1393,RG/86,1399,16,12.0,true
RØ,1272,RG/86,1401,ADA/86,1405,14,5.0,true
RØ,1272,ADA/86,1405,KJN/86,1413,14,21.4,true
RØ,1272,KJN/86,1414,JSF/86,1415,21,2.5,true
RØ,1272,JSF/86,1415,NEL/86,1427,21,28.2,true
RØ,1272,NEL/86,1429,GB/86,1430,21,1.4,true
RØ,1272,GB/86,1430,KH/86,1434,21,3.2,true
RØ,1272,KH/86,1434,End,1434,0,0.0,true
RØ,1273,Start,1148,KH/86,1148,0,0.0,true
RØ,1273,KH/86,1148,GB/86,1151,88,3.2,true
RØ,1273,GB/86,1151,NEL/86,1152,88,1.4,true
RØ,1273,NEL/86,1153,IG/86,1154,88,1.6,true
RØ,1273,IG/86,1154,RG/86,1177,88,55.5,true
RØ,1273,RG/86,1179,GZ/86,1184,82,12.0,true
RØ,1273,GZ/86,1184,NÆ/86,1191,82,14.8,true
RØ,1273,NÆ/86,1193,MOG/86,1196,59,8.5,true
RØ,1273,MOG/86,1196,VO/86,1205,59,18.9,true
RØ,1273,VO/86,1207,MN/86,1210,45,3.8,false
RØ,1273,MN/86,1210,NF/86,1223,45,25.0,false
RØ,1273,NF/86,1223,End,1223,0,0.0,true
RØ,1276,Start,1406,NF/86,1406,0,0.0,true
RØ,1276,NF/86,1406,TN/86,1409,10,6.0,false
RØ,1276,TN/86,1409,EK/86,1411,10,4.1,false
RØ,1276,EK/86,1412,NV/86,1416,10,4.5,false
RØ,1276,NV/86,1417,OH/86,1420,10,5.0,false
RØ,1276,OH/86,1420,VO/86,1428,10,9.2,false
RØ,1276,VO/86,1429,LU/86,1435,10,11.4,true
RØ,1276,LU/86,1436,MOG/86,1441,10,7.5,true
RØ,1276,MOG/86,1441,NÆ/86,1444,10,8.5,true
RØ,1276,NÆ/86,1447,GZ/86,1453,10,14.8,true
RØ,1276,GZ/86,1453,RG/86,1459,10,12.0,true
RØ,1276,RG/86,1461,ADA/86,1465,8,5.0,true
RØ,1276,ADA/86,1465,KJN/86,1473,8,21.4,true
RØ,1276,KJN/86,1474,JSF/86,1475,8,2.5,true
RØ,1276,JSF/86,1475,NEL/86,1487,8,28.2,true
RØ,1276,NEL/86,1489,GB/86,1490,8,1.4,true
RØ,1276,GB/86,1490,KH/86,1494,8,3.2,true
RØ,1276,KH/86,1494,End,1494,0,0.0,true
RØ,1277,Start,1207,KH/86,1207,0,0.0,true
RØ,1277,KH/86,1207,GB/86,1210,94,3.2,true
RØ,1277,GB/86,1210,NEL/86,1211,94,1.4,true
RØ,1277,NEL/86,1213,IG/86,1213,94,1.6,true
RØ,1277,IG/86,1213,RG/86,1237,94,55.5,true
RØ,1277,RG/86,1238,GZ/86,1244,91,12.0,true
RØ,1277,GZ/86,1244,NÆ/86,1250,91,14.8,true
RØ,1277,NÆ/86,1252,MOG/86,1256,61,8.5,true
RØ,1277,MOG/86,1256,LU/86,1260,61,7.5,true
RØ,1277,LU/86,1261,VO/86,1268,61,11.4,true
RØ,1277,VO/86,1269,MN/86,1272,45,3.8,false
RØ,1277,MN/86,1272,NV/86,1280,45,10.4,false
RØ,1277,NV/86,1281,EK/86,1284,45,4.5,false
RØ,1277,EK/86,1285,TN/86,1288,45,4.1,false
RØ,1277,TN/86,1288,NF/86,1291,45,6.0,false
RØ,1277,NF/86,1291,End,1291,0,0.0,true
IC,128,Start,656,FA/86,656,0,0.0,true
IC,128,FA/86,656,SNO/86,659,78,4.3,true
IC,128,SNO/86,659,MD/86,663,78,5.9,true
IC,128,MD/86,665,KA/86,669,77,6.1,true
IC,128,KA/86,669,OD/86,687,77,44.0,true
IC,128,OD/86,689,MV/86,694,97,9.3,true
IC,128,MV/86,694,LV/86,697,97,4.4,true
IC,128,LV/86,698,UV/86,701,97,5.1,true
IC,128,UV/86,701,NG/86,705,97,9.9,true
IC,128,NG/86,707,SPR/86,713,104,11.4,true
IC,128,SPR/86,713,KØ/86,719,104,11.9,true
IC,128,KØ/86,720,FO/86,724,107,8.3,true
IC,128,FO/86,724,SG/86,728,107,7.1,true
IC,128,SG/86,730,SO/86,738,125,14.6,true
IC,128,SO/86,739,FJ/86,743,125,6.8,true
IC,128,FJ/86,743,RG/86,747,125,7.6,true
IC,128,RG/86,749,KY/86,754,125,7.3,true
IC,128,KY/86,754,RO/86,764,125,25.3,true
IC,128,RO/86,766,TRK/86,768,125,3.1,true
IC,128,TRK/86,768,HTÅ/86,773,125,8.7,true
IC,128,HTÅ/86,774,GL/86,779,112,8.3,true
IC,128,GL/86,779,VAL/86,783,112,7.3,true
IC,128,VAL/86,784,KH/86,790,112,3.9,true
IC,128,KH/86,793,KN/86,795,34,1.5,true
IC,128,KN/86,796,KK/86,799,34,1.6,true
IC,128,KK/86,799,End,799,0,0.0,true
RØ,1281,Start,1267,KH/86,1267,0,0.0,true
RØ,1281,KH/86,1267,GB/86,1270,99,3.2,true
RØ,1281,GB/86,1270,NEL/86,1271,99,1.4,true
RØ,1281,NEL/86,1273,IG/86,1273,99,1.6,true
RØ,1281,IG/86,1273,RG/86,1297,99,55.5,true
RØ,1281,RG/86,1298,GZ/86,1304,81,12.0,true
RØ,1281,GZ/86,1304,NÆ/86,1310,81,14.8,true
RØ,1281,NÆ/86,1312,MOG/86,1316,48,8.5,true
RØ,1281,MOG/86,1316,LU/86,1320,48,7.5,true
RØ,1281,LU/86,1321,VO/86,1328,48,11.4,true
RØ,1281,VO/86,1329,MN/86,1332,34,3.8,false
RØ,1281,MN/86,1332,NV/86,1340,34,10.4,false
RØ,1281,NV/86,1341,EK/86,1344,34,4.5,false
RØ,1281,EK/86,1345,TN/86,1348,34,4.1,false
RØ,1281,TN/86,1348,NF/86,1351,34,6.0,false
RØ,1281,NF/86,1351,End,1351,0,0.0,true
RØ,1285,Start,1327,KH/86,1327,0,0.0,true
RØ,1285,KH/86,1327,GB/86,1330,87,3.2,true
RØ,1285,GB/86,1330,NEL/86,1331,87,1.4,true
RØ,1285,NEL/86,1333,IG/86,1333,87,1.6,true
RØ,1285,IG/86,1333,KJN/86,1346,87,29.1,true
RØ,1285,KJN/86,1348,LEL/86,1350,77,4.3,true
RØ,1285,LEL/86,1350,RG/86,1361,77,22.1,true
RØ,1285,RG/86,1362,GZ/86,1368,73,12.0,true
RØ,1285,GZ/86,1368,NÆ/86,1374,73,14.8,true
RØ,1285,NÆ/86,1376,MOG/86,1380,41,8.5,true
RØ,1285,MOG/86,1380,LU/86,1384,41,7.5,true
RØ,1285,LU/86,1385,VO/86,1392,41,11.4,true
RØ,1285,VO/86,1393,MN/86,1396,27,3.8,false
RØ,1285,MN/86,1396,NV/86,1404,27,10.4,false
RØ,1285,NV/86,1405,EK/86,1408,27,4.5,false
RØ,1285,EK/86,1409,TN/86,1412,27,4.1,false
RØ,1285,TN/86,1412,NF/86,1415,27,6.0,false
RØ,1285,NF/86,1415,End,1415,0,0.0,true
RØ,1289,Start,1387,KH/86,1387,0,0.0,true
RØ,1289,KH/86,1387,GB/86,1390,117,3.2,true
RØ,1289,GB/86,1390,NEL/86,1391,117,1.4,true
RØ,1289,NEL/86,1393,IG/86,1393,117,1.6,true
RØ,1289,IG/86,1393,KJN/86,1406,117,29.1,true
RØ,1289,KJN/86,1408,LEL/86,1410,112,4.3,true
RØ,1289,LEL/86,1410,RG/86,1421,112,22.1,true
RØ,1289,RG/86,1422,GZ/86,1428,105,12.0,true
RØ,1289,GZ/86,1428,NÆ/86,1434,105,14.8,true
RØ,1289,NÆ/86,1436,MOG/86,1440,70,8.5,true
RØ,1289,MOG/86,1440,LU/86,1444,70,7.5,true
RØ,1289,LU/86,1445,VO/86,1452,70,11.4,true
RØ,1289,VO/86,1453,MN/86,1456,32,3.8,false
RØ,1289,MN/86,1456,NV/86,1464,32,10.4,false
RØ,1289,NV/86,1465,EK/86,1468,32,4.5,false
RØ,1289,EK/86,1469,TN/86,1472,32,4.1,false
RØ,1289,TN/86,1472,NF/86,1475,32,6.0,false
RØ,1289,NF/86,1475,End,1475,0,0.0,true
IC,129,Start,461,KK/86,461,0,0.0,true
IC,129,KK/86,461,KN/86,463,85,1.6,true
IC,129,KN/86,464,KH/86,467,85,1.5,true
IC,129,KH/86,470,VAL/86,473,252,3.9,true
IC,129,VAL/86,475,HIF/86,478,252,3.4,true
IC,129,HIF/86,478,HTÅ/86,484,252,12.2,true
IC,129,HTÅ/86,485,HH/86,488,237,4.7,true
IC,129,HH/86,488,RO/86,492,237,7.1,true
IC,129,RO/86,494,VY/86,499,184,11.2,true
IC,129,VY/86,499,RG/86,509,184,21.4,true
IC,129,RG/86,511,FJ/86,516,166,7.6,true
IC,129,FJ/86,516,SO/86,519,166,6.8,true
IC,129,SO/86,520,SG/86,528,166,14.6,true
IC,129,SG/86,530,FO/86,534,131,7.1,true
IC,129,FO/86,534,KØ/86,538,131,8.3,true
IC,129,KØ/86,539,SPR/86,545,126,11.9,true
IC,129,SPR/86,545,NG/86,550,126,11.4,true
IC,129,NG/86,552,JU/86,555,118,5.0,true
IC,129,JU/86,555,LV/86,560,118,10.0,true
IC,129,LV/86,561,MV/86,564,118,4.4,true
IC,129,MV/86,564,OD/86,568,118,9.3,true
IC,129,OD/86,571,HP/86,575,68,8.6,true
IC,129,HP/86,575,MD/86,593,68,41.5,true
IC,129,MD/86,594,SNO/86,598,57,5.9,true
IC,129,SNO/86,598,FA/86,602,57,4.3,true
IC,129,FA/86,602,End,602,0,0.0,true
IC,132,Start,716,FA/86,716,0,0.0,true
IC,132,FA/86,716,SNO/86,719,72,4.3,true
IC,132,SNO/86,719,MD/86,723,72,5.9,true
IC,132,MD/86,725,KA/86,729,72,6.1,true
IC,132,KA/86,729,OD/86,747,72,44.0,true
IC,132,OD/86,749,MV/86,754,94,9.3,true
IC,132,MV/86,754,LV/86,757,94,4.4,true
IC,132,LV/86,758,UV/86,761,94,5.1,true
IC,132,UV/86,761,NG/86,765,94,9.9,true
IC,132,NG/86,767,SPR/86,773,112,11.4,true
IC,132,SPR/86,773,KØ/86,779,112,11.9,true
IC,132,KØ/86,780,FO/86,784,117,8.3,true
IC,132,FO/86,784,SG/86,788,117,7.1,true
IC,132,SG/86,790,SO/86,798,143,14.6,true
IC,132,SO/86,799,FJ/86,803,143,6.8,true
IC,132,FJ/86,803,RG/86,807,143,7.6,true
IC,132,RG/86,809,KY/86,814,141,7.3,true
IC,132,KY/86,814,RO/86,824,141,25.3,true
IC,132,RO/86,826,TRK/86,828,165,3.1,true
IC,132,TRK/86,828,HTÅ/86,833,165,8.7,true
IC,132,HTÅ/86,834,GL/86,839,143,8.3,true
IC,132,GL/86,839,VAL/86,843,143,7.3,true
IC,132,VAL/86,844,KH/86,850,143,3.9,true
IC,132,KH/86,853,KN/86,855,47,1.5,true
IC,132,KN/86,856,KK/86,859,47,1.6,true
IC,132,KK/86,866,HGL/86,869,0,2.1,true
IC,132,HGL/86,869,End,869,0,0.0,true
IC,133,Start,515,HGL/86,515,0,0.0,true
IC,133,HGL/86,515,KK/86,518,0,2.1,true
IC,133,KK/86,521,KN/86,523,63,1.6,true
IC,133,KN/86,524,KH/86,527,63,1.5,true
IC,133,KH/86,530,VAL/86,533,151,3.9,true
IC,133,VAL/86,535,HIF/86,538,151,3.4,true
IC,133,HIF/86,538,HTÅ/86,544,151,12.2,true
IC,133,HTÅ/86,545,HH/86,548,138,4.7,true
IC,133,HH/86,548,RO/86,552,138,7.1,true
IC,133,RO/86,554,VY/86,559,107,11.2,true
IC,133,VY/86,559,RG/86,569,107,21.4,true
IC,133,RG/86,571,FJ/86,576,107,7.6,true
IC,133,FJ/86,576,SO/86,579,107,6.8,true
IC,133,SO/86,580,SG/86,588,107,14.6,true
IC,133,SG/86,590,FO/86,594,84,7.1,true
IC,133,FO/86,594,KØ/86,598,84,8.3,true
IC,133,KØ/86,599,SPR/86,605,80,11.9,true
IC,133,SPR/86,605,NG/86,610,80,11.4,true
IC,133,NG/86,612,JU/86,615,73,5.0,true
IC,133,JU/86,615,LV/86,620,73,10.0,true
IC,133,LV/86,621,MV/86,624,73,4.4,true
IC,133,MV/86,624,OD/86,628,73,9.3,true
IC,133,OD/86,631,HP/86,635,54,8.6,true
IC,133,HP/86,635,MD/86,653,54,41.5,true
IC,133,MD/86,654,SNO/86,658,51,5.9,true
IC,133,SNO/86,658,FA/86,662,51,4.3,true
IC,133,FA/86,662,End,662,0,0.0,true
IC,136,Start,710,AR/86,710,0,0.0,true
IC,136,AR/86,710,KGV/86,712,86,3.0,false
IC,136,KGV/86,712,SD/86,722,86,19.8,false
IC,136,SD/86,723,HÅ/86,730,103,14.1,false
IC,136,HÅ/86,730,HS/86,737,103,14.5,false
IC,136,HS/86,739,HED/86,747,96,16.3,false
IC,136,HED/86,747,VJ/86,754,96,15.1,false
IC,136,VJ/86,756,BET/86,761,81,10.9,false
IC,136,BET/86,761,FA/86,771,81,14.8,false
IC,136,FA/86,776,SNO/86,779,123,4.3,true
IC,136,SNO/86,779,MD/86,783,123,5.9,true
IC,136,MD/86,785,KA/86,789,124,6.1,true
IC,136,KA/86,789,OD/86,807,124,44.0,true
IC,136,OD/86,809,MV/86,814,166,9.3,true
IC,136,MV/86,814,LV/86,817,166,4.4,true
IC,136,LV/86,818,UV/86,821,166,5.1,true
IC,136,UV/86,821,NG/86,825,166,9.9,true
IC,136,NG/86,827,SPR/86,833,194,11.4,true
IC,136,SPR/86,833,KØ/86,839,194,11.9,true
IC,136,KØ/86,840,FO/86,844,198,8.3,true
IC,136,FO/86,844,SG/86,848,198,7.1,true
IC,136,SG/86,850,SO/86,858,226,14.6,true
IC,136,SO/86,859,FJ/86,863,226,6.8,true
IC,136,FJ/86,863,RG/86,867,226,7.6,true
IC,136,RG/86,869,KY/86,874,225,7.3,true
IC,136,KY/86,874,RO/86,884,225,25.3,true
IC,136,RO/86,886,TRK/86,888,250,3.1,true
IC,136,TRK/86,888,HTÅ/86,893,250,8.7,true
IC,136,HTÅ/86,894,GL/86,899,219,8.3,true
IC,136,GL/86,899,VAL/86,903,219,7.3,true
IC,136,VAL/86,904,KH/86,910,219,3.9,true
IC,136,KH/86,913,KN/86,915,69,1.5,true
IC,136,KN/86,916,KK/86,919,69,1.6,true
IC,136,KK/86,926,HGL/86,929,0,2.1,true
IC,136,HGL/86,929,End,929,0,0.0,true
IC,137,Start,590,KH/86,590,0,0.0,true
IC,137,KH/86,590,VAL/86,593,73,3.9,true
IC,137,VAL/86,595,HIF/86,598,73,3.4,true
IC,137,HIF/86,598,HTÅ/86,604,73,12.2,true
IC,137,HTÅ/86,605,HH/86,608,78,4.7,true
IC,137,HH/86,608,RO/86,612,78,7.1,true
IC,137,RO/86,614,VY/86,619,68,11.2,true
IC,137,VY/86,619,RG/86,629,68,21.4,true
IC,137,RG/86,631,FJ/86,636,81,7.6,true
IC,137,FJ/86,636,SO/86,639,81,6.8,true
IC,137,SO/86,640,SG/86,648,81,14.6,true
IC,137,SG/86,650,FO/86,654,84,7.1,true
IC,137,FO/86,654,KØ/86,658,84,8.3,true
IC,137,KØ/86,659,SPR/86,665,85,11.9,true
IC,137,SPR/86,665,NG/86,670,85,11.4,true
IC,137,NG/86,672,JU/86,675,84,5.0,true
IC,137,JU/86,675,LV/86,680,84,10.0,true
IC,137,LV/86,681,MV/86,684,84,4.4,true
IC,137,MV/86,684,OD/86,688,84,9.3,true
IC,137,OD/86,691,HP/86,695,66,8.6,true
IC,137,HP/86,695,MD/86,713,66,41.5,true
IC,137,MD/86,714,SNO/86,718,61,5.9,true
IC,137,SNO/86,718,FA/86,722,61,4.3,true
IC,137,FA/86,722,End,722,0,0.0,true
L,14,Start,380,AR/86,380,0,0.0,true
L,14,AR/86,380,KGV/86,383,306,3.0,false
L,14,KGV/86,383,SD/86,392,306,19.8,false
L,14,SD/86,394,HÅ/86,401,386,14.1,false
L,14,HÅ/86,401,HS/86,407,386,14.5,false
L,14,HS/86,409,HED/86,417,413,16.3,false
L,14,HED/86,417,VJ/86,424,413,15.1,false
L,14,VJ/86,426,BET/86,431,462,10.9,false
L,14,BET/86,431,FA/86,441,462,14.8,false
L,14,FA/86,447,SNO/86,449,491,4.3,true
L,14,SNO/86,449,OD/86,474,491,56.0,true
L,14,OD/86,477,MV/86,482,663,9.3,true
L,14,MV/86,482,KH/86,546,663,148.8,true
L,14,KH/86,558,BAN/86,561,98,2.4,true
L,14,BAN/86,561,CPH/86,572,98,9.4,true
L,14,CPH/86,572,End,572,0,0.0,true
IC,140,Start,836,FA/86,836,0,0.0,true
IC,140,FA/86,836,SNO/86,839,79,4.3,true
IC,140,SNO/86,839,MD/86,843,79,5.9,true
IC,140,MD/86,845,KA/86,849,85,6.1,true
IC,140,KA/86,849,OD/86,867,85,44.0,true
IC,140,OD/86,869,MV/86,874,123,9.3,true
IC,140,MV/86,874,LV/86,877,123,4.4,true
IC,140,LV/86,878,UV/86,881,123,5.1,true
IC,140,UV/86,881,NG/86,885,123,9.9,true
IC,140,NG/86,887,SPR/86,893,128,11.4,true
IC,140,SPR/86,893,KØ/86,899,128,11.9,true
IC,140,KØ/86,900,FO/86,904,136,8.3,true
IC,140,FO/86,904,SG/86,908,136,7.1,true
IC,140,SG/86,910,SO/86,918,186,14.6,true
IC,140,SO/86,919,FJ/86,923,186,6.8,true
IC,140,FJ/86,923,RG/86,927,186,7.6,true
IC,140,RG/86,929,KY/86,934,193,7.3,true
IC,140,KY/86,934,RO/86,944,193,25.3,true
IC,140,RO/86,946,TRK/86,948,236,3.1,true
IC,140,TRK/86,948,HTÅ/86,953,236,8.7,true
IC,140,HTÅ/86,954,GL/86,959,210,8.3,true
IC,140,GL/86,959,VAL/86,963,210,7.3,true
IC,140,VAL/86,964,KH/86,970,210,3.9,true
IC,140,KH/86,973,KN/86,975,68,1.5,true
IC,140,KN/86,976,KK/86,979,68,1.6,true
IC,140,KK/86,979,End,979,0,0.0,true
IC,1401,Start,12,CPH/86,12,0,0.0,true
IC,1401,CPH/86,12,TÅT/86,14,74,3.3,true
IC,1401,TÅT/86,15,ØRE/86,17,74,1.6,true
IC,1401,ØRE/86,18,KLV/86,20,74,2.1,true
IC,1401,KLV/86,20,KH/86,25,74,4.8,true
IC,1401,KH/86,25,End,25,0,0.0,true
IC,1407,Start,132,CPH/86,132,0,0.0,true
IC,1407,CPH/86,132,TÅT/86,135,15,3.3,true
IC,1407,TÅT/86,136,ØRE/86,138,15,1.6,true
IC,1407,ØRE/86,139,KLV/86,140,15,2.1,true
IC,1407,KLV/86,140,KH/86,145,15,4.8,true
IC,1407,KH/86,145,End,145,0,0.0,true
IC,141,Start,650,KH/86,650,0,0.0,true
IC,141,KH/86,650,VAL/86,653,100,3.9,true
IC,141,VAL/86,655,HIF/86,658,100,3.4,true
IC,141,HIF/86,658,HTÅ/86,664,100,12.2,true
IC,141,HTÅ/86,665,HH/86,668,114,4.7,true
IC,141,HH/86,668,RO/86,672,114,7.1,true
IC,141,RO/86,674,VY/86,679,118,11.2,true
IC,141,VY/86,679,RG/86,689,118,21.4,true
IC,141,RG/86,691,FJ/86,696,121,7.6,true
IC,141,FJ/86,696,SO/86,699,121,6.8,true
IC,141,SO/86,700,SG/86,708,121,14.6,true
IC,141,SG/86,710,FO/86,714,107,7.1,true
IC,141,FO/86,714,KØ/86,718,107,8.3,true
IC,141,KØ/86,719,SPR/86,725,102,11.9,true
IC,141,SPR/86,725,NG/86,730,102,11.4,true
IC,141,NG/86,732,JU/86,735,92,5.0,true
IC,141,JU/86,735,LV/86,740,92,10.0,true
IC,141,LV/86,741,MV/86,744,92,4.4,true
IC,141,MV/86,744,OD/86,748,92,9.3,true
IC,141,OD/86,751,HP/86,755,77,8.6,true
IC,141,HP/86,755,MD/86,773,77,41.5,true
IC,141,MD/86,774,SNO/86,778,73,5.9,true
IC,141,SNO/86,778,FA/86,782,73,4.3,true
IC,141,FA/86,789,BK/86,795,69,11.9,false
IC,141,BK/86,795,VJ/86,802,69,13.8,false
IC,141,VJ/86,804,HED/86,811,99,15.1,false
IC,141,HED/86,811,HS/86,818,99,16.3,false
IC,141,HS/86,820,HÅ/86,827,111,14.5,false
IC,141,HÅ/86,827,SD/86,834,111,14.1,false
IC,141,SD/86,835,HX/86,840,109,8.5,false
IC,141,HX/86,840,AR/86,848,109,14.3,false
IC,141,AR/86,848,End,848,0,0.0,true
IC,1413,Start,206,CPH/86,206,0,0.0,true
IC,1413,CPH/86,206,TÅT/86,208,4,3.3,true
IC,1413,TÅT/86,209,ØRE/86,211,4,1.6,true
IC,1413,ØRE/86,212,KLV/86,214,4,2.1,true
IC,1413,KLV/86,214,KH/86,219,4,4.8,true
IC,1413,KH/86,219,End,219,0,0.0,true
IC,1417,Start,266,CPH/86,266,0,0.0,true
IC,1417,CPH/86,266,TÅT/86,268,263,3.3,true
IC,1417,TÅT/86,269,ØRE/86,271,263,1.6,true
IC,1417,ØRE/86,272,KLV/86,274,263,2.1,true
IC,1417,KLV/86,274,KH/86,279,263,4.8,true
IC,1417,KH/86,279,End,279,0,0.0,true
IC,144,Start,896,FA/86,896,0,0.0,true
IC,144,FA/86,896,SNO/86,899,148,4.3,true
IC,144,SNO/86,899,MD/86,903,148,5.9,true
IC,144,MD/86,905,KA/86,909,181,6.1,true
IC,144,KA/86,909,OD/86,927,181,44.0,true
IC,144,OD/86,929,MV/86,934,236,9.3,true
IC,144,MV/86,934,LV/86,937,236,4.4,true
IC,144,LV/86,938,UV/86,941,236,5.1,true
IC,144,UV/86,941,NG/86,945,236,9.9,true
IC,144,NG/86,947,SPR/86,953,228,11.4,true
IC,144,SPR/86,953,KØ/86,959,228,11.9,true
IC,144,KØ/86,960,FO/86,964,235,8.3,true
IC,144,FO/86,964,SG/86,968,235,7.1,true
IC,144,SG/86,970,SO/86,978,262,14.6,true
IC,144,SO/86,979,FJ/86,983,262,6.8,true
IC,144,FJ/86,983,RG/86,987,262,7.6,true
IC,144,RG/86,989,KY/86,994,261,7.3,true
IC,144,KY/86,994,RO/86,1004,261,25.3,true
IC,144,RO/86,1006,TRK/86,1008,258,3.1,true
IC,144,TRK/86,1008,HTÅ/86,1013,258,8.7,true
IC,144,HTÅ/86,1014,GL/86,1019,230,8.3,true
IC,144,GL/86,1019,VAL/86,1023,230,7.3,true
IC,144,VAL/86,1024,KH/86,1030,230,3.9,true
IC,144,KH/86,1033,KN/86,1035,73,1.5,true
IC,144,KN/86,1036,KK/86,1039,73,1.6,true
IC,144,KK/86,1046,HGL/86,1049,0,2.1,true
IC,144,HGL/86,1049,End,1049,0,0.0,true
IC,145,Start,701,KK/86,701,0,0.0,true
IC,145,KK/86,701,KN/86,703,35,1.6,true
IC,145,KN/86,704,KH/86,707,35,1.5,true
IC,145,KH/86,710,VAL/86,713,111,3.9,true
IC,145,VAL/86,715,HIF/86,718,111,3.4,true
IC,145,HIF/86,718,HTÅ/86,724,111,12.2,true
IC,145,HTÅ/86,725,HH/86,728,123,4.7,true
IC,145,HH/86,728,RO/86,732,123,7.1,true
IC,145,RO/86,734,VY/86,739,115,11.2,true
IC,145,VY/86,739,RG/86,749,115,21.4,true
IC,145,RG/86,751,FJ/86,756,113,7.6,true
IC,145,FJ/86,756,SO/86,759,113,6.8,true
IC,145,SO/86,760,SG/86,768,113,14.6,true
IC,145,SG/86,770,FO/86,774,90,7.1,true
IC,145,FO/86,774,KØ/86,778,90,8.3,true
IC,145,KØ/86,779,SPR/86,785,85,11.9,true
IC,145,SPR/86,785,NG/86,790,85,11.4,true
IC,145,NG/86,792,JU/86,795,75,5.0,true
IC,145,JU/86,795,LV/86,800,75,10.0,true
IC,145,LV/86,801,MV/86,804,75,4.4,true
IC,145,MV/86,804,OD/86,808,75,9.3,true
IC,145,OD/86,811,HP/86,815,65,8.6,true
IC,145,HP/86,815,MD/86,833,65,41.5,true
IC,145,MD/86,834,SNO/86,838,61,5.9,true
IC,145,SNO/86,838,FA/86,842,61,4.3,true
IC,145,FA/86,842,End,842,0,0.0,true
IC,1472,Start,19,KH/86,19,0,0.0,true
IC,1472,KH/86,19,BAN/86,23,3,2.4,true
IC,1472,BAN/86,23,CPH/86,32,3,9.4,true
IC,1472,CPH/86,32,End,32,0,0.0,true
IC,1476,Start,79,KH/86,79,0,0.0,true
IC,1476,KH/86,79,BAN/86,81,22,2.4,true
IC,1476,BAN/86,81,ØRE/86,85,22,4.5,true
IC,1476,ØRE/86,86,TÅT/86,88,22,1.6,true
IC,1476,TÅT/86,89,CPH/86,92,22,3.3,true
IC,1476,CPH/86,92,End,92,0,0.0,true
IC,148,Start,956,FA/86,956,0,0.0,true
IC,148,FA/86,956,SNO/86,959,146,4.3,true
IC,148,SNO/86,959,MD/86,963,146,5.9,true
IC,148,MD/86,965,KA/86,969,166,6.1,true
IC,148,KA/86,969,OD/86,987,166,44.0,true
IC,148,OD/86,989,MV/86,994,178,9.3,true
IC,148,MV/86,994,LV/86,997,178,4.4,true
IC,148,LV/86,998,UV/86,1001,178,5.1,true
IC,148,UV/86,1001,NG/86,1005,178,9.9,true
IC,148,NG/86,1007,SPR/86,1013,182,11.4,true
IC,148,SPR/86,1013,KØ/86,1019,182,11.9,true
IC,148,KØ/86,1020,FO/86,1024,184,8.3,true
IC,148,FO/86,1024,SG/86,1028,184,7.1,true
IC,148,SG/86,1030,SO/86,1038,187,14.6,true
IC,148,SO/86,1039,FJ/86,1043,187,6.8,true
IC,148,FJ/86,1043,RG/86,1047,187,7.6,true
IC,148,RG/86,1049,KY/86,1054,171,7.3,true
IC,148,KY/86,1054,RO/86,1064,171,25.3,true
IC,148,RO/86,1066,TRK/86,1068,162,3.1,true
IC,148,TRK/86,1068,HTÅ/86,1073,162,8.7,true
IC,148,HTÅ/86,1074,GL/86,1079,137,8.3,true
IC,148,GL/86,1079,VAL/86,1083,137,7.3,true
IC,148,VAL/86,1084,KH/86,1090,137,3.9,true
IC,148,KH/86,1093,KN/86,1095,42,1.5,true
IC,148,KN/86,1096,KK/86,1099,42,1.6,true
IC,148,KK/86,1099,End,1099,0,0.0,true
IC,1482,Start,163,KH/86,163,0,0.0,true
IC,1482,KH/86,163,BAN/86,166,38,2.4,true
IC,1482,BAN/86,166,ØRE/86,170,38,4.5,true
IC,1482,ØRE/86,171,TÅT/86,173,38,1.6,true
IC,1482,TÅT/86,174,CPH/86,177,38,3.3,true
IC,1482,CPH/86,177,End,177,0,0.0,true
IC,1485,Start,1286,CPH/86,1286,0,0.0,true
IC,1485,CPH/86,1286,TÅT/86,1288,46,3.3,true
IC,1485,TÅT/86,1288,KH/86,1300,46,8.5,true
IC,1485,KH/86,1300,End,1300,0,0.0,true
IC,1489,Start,1346,CPH/86,1346,0,0.0,true
IC,1489,CPH/86,1346,TÅT/86,1348,53,3.3,true
IC,1489,TÅT/86,1348,KH/86,1360,53,8.5,true
IC,1489,KH/86,1360,End,1360,0,0.0,true
IC,149,Start,761,KK/86,761,0,0.0,true
IC,149,KK/86,761,KN/86,763,39,1.6,true
IC,149,KN/86,764,KH/86,767,39,1.5,true
IC,149,KH/86,770,VAL/86,773,106,3.9,true
IC,149,VAL/86,775,HIF/86,778,106,3.4,true
IC,149,HIF/86,778,HTÅ/86,784,106,12.2,true
IC,149,HTÅ/86,785,HH/86,788,123,4.7,true
IC,149,HH/86,788,RO/86,792,123,7.1,true
IC,149,RO/86,794,VY/86,799,135,11.2,true
IC,149,VY/86,799,RG/86,809,135,21.4,true
IC,149,RG/86,811,FJ/86,816,141,7.6,true
IC,149,FJ/86,816,SO/86,819,141,6.8,true
IC,149,SO/86,820,SG/86,828,141,14.6,true
IC,149,SG/86,830,FO/86,834,121,7.1,true
IC,149,FO/86,834,KØ/86,838,121,8.3,true
IC,149,KØ/86,839,SPR/86,845,112,11.9,true
IC,149,SPR/86,845,NG/86,850,112,11.4,true
IC,149,NG/86,852,JU/86,855,105,5.0,true
IC,149,JU/86,855,LV/86,860,105,10.0,true
IC,149,LV/86,861,MV/86,864,105,4.4,true
IC,149,MV/86,864,OD/86,868,105,9.3,true
IC,149,OD/86,871,HP/86,875,99,8.6,true
IC,149,HP/86,875,MD/86,893,99,41.5,true
IC,149,MD/86,894,SNO/86,898,90,5.9,true
IC,149,SNO/86,898,FA/86,902,90,4.3,true
IC,149,FA/86,902,End,902,0,0.0,true
IC,1490,Start,279,KH/86,279,0,0.0,true
IC,1490,KH/86,279,BAN/86,282,132,2.4,true
IC,1490,BAN/86,282,ØRE/86,285,132,4.5,true
IC,1490,ØRE/86,286,TÅT/86,288,132,1.6,true
IC,1490,TÅT/86,289,CPH/86,292,132,3.3,true
IC,1490,CPH/86,292,End,292,0,0.0,true
IC,1493,Start,1406,CPH/86,1406,0,0.0,true
IC,1493,CPH/86,1406,TÅT/86,1408,59,3.3,true
IC,1493,TÅT/86,1408,KH/86,1420,59,8.5,true
IC,1493,KH/86,1420,End,1420,0,0.0,true
L,15,Start,366,OD/86,366,0,0.0,true
L,15,OD/86,366,HP/86,370,92,8.6,true
L,15,HP/86,370,FA/86,394,92,51.7,true
L,15,FA/86,396,BK/86,402,126,11.9,false
L,15,BK/86,402,VJ/86,409,126,13.8,false
L,15,VJ/86,411,HED/86,418,154,15.1,false
L,15,HED/86,418,HS/86,425,154,16.3,false
L,15,HS/86,427,HÅ/86,434,182,14.5,false
L,15,HÅ/86,434,SD/86,441,182,14.1,false
L,15,SD/86,442,HX/86,447,156,8.5,false
L,15,HX/86,447,AR/86,455,156,14.3,false
L,15,AR/86,455,End,455,0,0.0,true
RØ,1500,Start,270,KB/86,270,0,0.0,true
RØ,1500,KB/86,270,KBØ/86,272,35,2.0,false
RØ,1500,KBØ/86,273,VÆ/86,277,35,5.8,false
RØ,1500,VÆ/86,277,SE/86,280,35,5.6,false
RØ,1500,SE/86,281,JY/86,287,35,7.7,false
RØ,1500,JY/86,288,MØ/86,292,35,6.6,false
RØ,1500,MØ/86,293,KS/86,296,35,3.5,false
RØ,1500,KS/86,297,RT/86,300,35,4.2,false
RØ,1500,RT/86,301,HK/86,307,35,8.1,false
RØ,1500,HK/86,309,PE/86,313,69,5.9,true
RØ,1500,PE/86,314,TØ/86,319,69,6.6,true
RØ,1500,TØ/86,320,HV/86,324,69,6.3,true
RØ,1500,HV/86,325,LJ/86,330,69,7.5,true
RØ,1500,LJ/86,331,RO/86,337,69,9.5,true
RØ,1500,RO/86,339,TRK/86,341,109,3.1,true
RØ,1500,TRK/86,342,HH/86,346,109,4.0,true
RØ,1500,HH/86,347,HTÅ/86,350,109,4.7,true
RØ,1500,HTÅ/86,352,GL/86,356,115,8.3,true
RØ,1500,GL/86,356,VAL/86,360,115,7.3,true
RØ,1500,VAL/86,362,KH/86,367,115,3.9,true
RØ,1500,KH/86,370,KN/86,372,31,1.5,true
RØ,1500,KN/86,373,KK/86,376,31,1.6,true
RØ,1500,KK/86,376,End,376,0,0.0,true
RØ,1504,Start,337,KB/86,337,0,0.0,true
RØ,1504,KB/86,337,KBØ/86,339,58,2.0,false
RØ,1504,KBØ/86,340,VÆ/86,344,58,5.8,false
RØ,1504,VÆ/86,344,SE/86,348,58,5.6,false
RØ,1504,SE/86,349,JY/86,354,58,7.7,false
RØ,1504,JY/86,355,MØ/86,360,58,6.6,false
RØ,1504,MØ/86,361,KS/86,364,58,3.5,false
RØ,1504,KS/86,365,RT/86,368,58,4.2,false
RØ,1504,RT/86,369,HK/86,375,58,8.1,false
RØ,1504,HK/86,377,PE/86,381,112,5.9,true
RØ,1504,PE/86,381,RO/86,394,112,29.9,true
RØ,1504,RO/86,396,TRK/86,398,182,3.1,true
RØ,1504,TRK/86,398,HTÅ/86,403,182,8.7,true
RØ,1504,HTÅ/86,404,GL/86,409,179,8.3,true
RØ,1504,GL/86,409,KH/86,417,179,11.2,true
RØ,1504,KH/86,421,KN/86,423,79,1.5,true
RØ,1504,KN/86,424,KK/86,427,79,1.6,true
RØ,1504,KK/86,427,End,427,0,0.0,true
RØ,1508,Start,397,KB/86,397,0,0.0,true
RØ,1508,KB/86,397,KBØ/86,399,157,2.0,false
RØ,1508,KBØ/86,400,VÆ/86,404,157,5.8,false
RØ,1508,VÆ/86,404,SE/86,408,157,5.6,false
RØ,1508,SE/86,409,JY/86,414,157,7.7,false
RØ,1508,JY/86,415,MØ/86,420,157,6.6,false
RØ,1508,MØ/86,421,KS/86,424,157,3.5,false
RØ,1508,KS/86,425,RT/86,428,157,4.2,false
RØ,1508,RT/86,429,HK/86,435,157,8.1,false
RØ,1508,HK/86,437,PE/86,441,273,5.9,true
RØ,1508,PE/86,441,RO/86,454,273,29.9,true
RØ,1508,RO/86,456,TRK/86,458,402,3.1,true
RØ,1508,TRK/86,458,HTÅ/86,463,402,8.7,true
RØ,1508,HTÅ/86,464,GL/86,469,382,8.3,true
RØ,1508,GL/86,469,KH/86,477,382,11.2,true
RØ,1508,KH/86,481,KN/86,483,171,1.5,true
RØ,1508,KN/86,484,KK/86,487,171,1.6,true
RØ,1508,KK/86,490,HGL/86,493,0,2.1,true
RØ,1508,HGL/86,493,End,493,0,0.0,true
RØ,1512,Start,457,KB/86,457,0,0.0,true
RØ,1512,KB/86,457,KBØ/86,459,127,2.0,false
RØ,1512,KBØ/86,460,VÆ/86,464,127,5.8,false
RØ,1512,VÆ/86,464,SE/86,468,127,5.6,false
RØ,1512,SE/86,469,JY/86,474,127,7.7,false
RØ,1512,JY/86,475,MØ/86,480,127,6.6,false
RØ,1512,MØ/86,481,KS/86,484,127,3.5,false
RØ,1512,KS/86,485,RT/86,488,127,4.2,false
RØ,1512,RT/86,489,HK/86,495,127,8.1,false
RØ,1512,HK/86,497,PE/86,501,170,5.9,true
RØ,1512,PE/86,501,RO/86,514,170,29.9,true
RØ,1512,RO/86,516,TRK/86,518,242,3.1,true
RØ,1512,TRK/86,518,HTÅ/86,523,242,8.7,true
RØ,1512,HTÅ/86,524,GL/86,529,239,8.3,true
RØ,1512,GL/86,529,KH/86,537,239,11.2,true
RØ,1512,KH/86,541,KN/86,543,131,1.5,true
RØ,1512,KN/86,544,KK/86,547,131,1.6,true
RØ,1512,KK/86,547,End,547,0,0.0,true
RØ,1516,Start,517,KB/86,517,0,0.0,true
RØ,1516,KB/86,517,KBØ/86,519,86,2.0,false
RØ,1516,KBØ/86,520,VÆ/86,524,86,5.8,false
RØ,1516,VÆ/86,524,SE/86,528,86,5.6,false
RØ,1516,SE/86,529,JY/86,534,86,7.7,false
RØ,1516,JY/86,535,MØ/86,540,86,6.6,false
RØ,1516,MØ/86,541,KS/86,544,86,3.5,false
RØ,1516,KS/86,545,RT/86,548,86,4.2,false
RØ,1516,RT/86,549,HK/86,555,86,8.1,false
RØ,1516,HK/86,557,PE/86,561,112,5.9,true
RØ,1516,PE/86,561,RO/86,574,112,29.9,true
RØ,1516,RO/86,576,TRK/86,578,177,3.1,true
RØ,1516,TRK/86,578,HTÅ/86,583,177,8.7,true
RØ,1516,HTÅ/86,584,GL/86,589,183,8.3,true
RØ,1516,GL/86,589,KH/86,597,183,11.2,true
RØ,1516,KH/86,601,KN/86,603,115,1.5,true
RØ,1516,KN/86,604,KK/86,607,115,1.6,true
RØ,1516,KK/86,607,End,607,0,0.0,true
RØ,1517,Start,293,KK/86,293,0,0.0,true
RØ,1517,KK/86,293,KN/86,295,51,1.6,true
RØ,1517,KN/86,296,KH/86,299,51,1.5,true
RØ,1517,KH/86,302,VAL/86,305,35,3.9,true
RØ,1517,VAL/86,305,HTÅ/86,313,35,15.6,true
RØ,1517,HTÅ/86,315,HH/86,318,30,4.7,true
RØ,1517,HH/86,318,RO/86,322,30,7.1,true
RØ,1517,RO/86,324,LJ/86,329,33,9.5,true
RØ,1517,LJ/86,329,HK/86,342,33,26.3,true
RØ,1517,HK/86,344,RT/86,349,25,8.1,false
RØ,1517,RT/86,350,KS/86,354,25,4.2,false
RØ,1517,KS/86,355,MØ/86,358,25,3.5,false
RØ,1517,MØ/86,361,JY/86,366,25,6.6,false
RØ,1517,JY/86,367,SE/86,372,25,7.7,false
RØ,1517,SE/86,373,VÆ/86,377,25,5.6,false
RØ,1517,VÆ/86,377,KBØ/86,380,25,5.8,false
RØ,1517,KBØ/86,381,KB/86,385,25,2.0,false
RØ,1517,KB/86,385,End,385,0,0.0,true
IC,152,Start,950,AR/86,950,0,0.0,true
IC,152,AR/86,950,KGV/86,952,144,3.0,false
IC,152,KGV/86,952,SD/86,962,144,19.8,false
IC,152,SD/86,963,HÅ/86,970,149,14.1,false
IC,152,HÅ/86,970,HS/86,977,149,14.5,false
IC,152,HS/86,979,HED/86,987,132,16.3,false
IC,152,HED/86,987,VJ/86,994,132,15.1,false
IC,152,VJ/86,996,BET/86,1001,114,10.9,false
IC,152,BET/86,1001,FA/86,1011,114,14.8,false
IC,152,FA/86,1016,SNO/86,1019,125,4.3,true
IC,152,SNO/86,1019,MD/86,1023,125,5.9,true
IC,152,MD/86,1025,KA/86,1029,142,6.1,true
IC,152,KA/86,1029,OD/86,1047,142,44.0,true
IC,152,OD/86,1049,MV/86,1054,145,9.3,true
IC,152,MV/86,1054,LV/86,1057,145,4.4,true
IC,152,LV/86,1058,UV/86,1061,145,5.1,true
IC,152,UV/86,1061,NG/86,1065,145,9.9,true
IC,152,NG/86,1067,SPR/86,1073,133,11.4,true
IC,152,SPR/86,1073,KØ/86,1079,133,11.9,true
IC,152,KØ/86,1080,FO/86,1084,133,8.3,true
IC,152,FO/86,1084,SG/86,1088,133,7.1,true
IC,152,SG/86,1090,SO/86,1098,137,14.6,true
IC,152,SO/86,1099,FJ/86,1103,137,6.8,true
IC,152,FJ/86,1103,RG/86,1107,137,7.6,true
IC,152,RG/86,1109,KY/86,1114,113,7.3,true
IC,152,KY/86,1114,RO/86,1124,113,25.3,true
IC,152,RO/86,1126,TRK/86,1128,108,3.1,true
IC,152,TRK/86,1128,HTÅ/86,1133,108,8.7,true
IC,152,HTÅ/86,1134,GL/86,1139,78,8.3,true
IC,152,GL/86,1139,VAL/86,1143,78,7.3,true
IC,152,VAL/86,1144,KH/86,1150,78,3.9,true
IC,152,KH/86,1150,End,1150,0,0.0,true
RØ,1520,Start,577,KB/86,577,0,0.0,true
RØ,1520,KB/86,577,KBØ/86,579,54,2.0,false
RØ,1520,KBØ/86,580,VÆ/86,584,54,5.8,false
RØ,1520,VÆ/86,584,SE/86,588,54,5.6,false
RØ,1520,SE/86,589,JY/86,594,54,7.7,false
RØ,1520,JY/86,595,MØ/86,600,54,6.6,false
RØ,1520,MØ/86,601,KS/86,604,54,3.5,false
RØ,1520,KS/86,605,RT/86,608,54,4.2,false
RØ,1520,RT/86,609,HK/86,615,54,8.1,false
RØ,1520,HK/86,617,PE/86,621,72,5.9,true
RØ,1520,PE/86,621,RO/86,634,72,29.9,true
RØ,1520,RO/86,636,TRK/86,638,99,3.1,true
RØ,1520,TRK/86,638,HTÅ/86,643,99,8.7,true
RØ,1520,HTÅ/86,644,GL/86,649,98,8.3,true
RØ,1520,GL/86,649,KH/86,657,98,11.2,true
RØ,1520,KH/86,661,KN/86,663,51,1.5,true
RØ,1520,KN/86,664,KK/86,667,51,1.6,true
RØ,1520,KK/86,667,End,667,0,0.0,true
RØ,1521,Start,347,HGL/86,347,0,0.0,true
RØ,1521,HGL/86,347,KK/86,351,0,2.1,true
RØ,1521,KK/86,353,KN/86,355,39,1.6,true
RØ,1521,KN/86,356,KH/86,359,39,1.5,true
RØ,1521,KH/86,362,VAL/86,365,71,3.9,true
RØ,1521,VAL/86,365,HTÅ/86,373,71,15.6,true
RØ,1521,HTÅ/86,375,HH/86,378,96,4.7,true
RØ,1521,HH/86,378,RO/86,382,96,7.1,true
RØ,1521,RO/86,384,LJ/86,389,106,9.5,true
RØ,1521,LJ/86,389,HK/86,402,106,26.3,true
RØ,1521,HK/86,404,RT/86,409,151,8.1,false
RØ,1521,RT/86,410,KS/86,414,151,4.2,false
RØ,1521,KS/86,415,MØ/86,418,151,3.5,false
RØ,1521,MØ/86,421,JY/86,426,151,6.6,false
RØ,1521,JY/86,427,SE/86,432,151,7.7,false
RØ,1521,SE/86,433,VÆ/86,437,151,5.6,false
RØ,1521,VÆ/86,437,KBØ/86,440,151,5.8,false
RØ,1521,KBØ/86,441,KB/86,445,151,2.0,false
RØ,1521,KB/86,445,End,445,0,0.0,true
RØ,1524,Start,637,KB/86,637,0,0.0,true
RØ,1524,KB/86,637,KBØ/86,639,57,2.0,false
RØ,1524,KBØ/86,640,VÆ/86,644,57,5.8,false
RØ,1524,VÆ/86,644,SE/86,648,57,5.6,false
RØ,1524,SE/86,649,JY/86,654,57,7.7,false
RØ,1524,JY/86,655,MØ/86,660,57,6.6,false
RØ,1524,MØ/86,661,KS/86,664,57,3.5,false
RØ,1524,KS/86,665,RT/86,668,57,4.2,false
RØ,1524,RT/86,669,HK/86,675,57,8.1,false
RØ,1524,HK/86,677,PE/86,681,79,5.9,true
RØ,1524,PE/86,681,RO/86,695,79,29.9,true
RØ,1524,RO/86,697,TRK/86,699,129,3.1,true
RØ,1524,TRK/86,699,HTÅ/86,703,129,8.7,true
RØ,1524,HTÅ/86,705,GL/86,710,127,8.3,true
RØ,1524,GL/86,710,KH/86,717,127,11.2,true
RØ,1524,KH/86,721,KN/86,723,72,1.5,true
RØ,1524,KN/86,724,KK/86,727,72,1.6,true
RØ,1524,KK/86,727,End,727,0,0.0,true
RØ,1525,Start,413,KK/86,413,0,0.0,true
RØ,1525,KK/86,413,KN/86,415,57,1.6,true
RØ,1525,KN/86,416,KH/86,419,57,1.5,true
RØ,1525,KH/86,422,VAL/86,425,182,3.9,true
RØ,1525,VAL/86,425,HTÅ/86,433,182,15.6,true
RØ,1525,HTÅ/86,435,HH/86,438,219,4.7,true
RØ,1525,HH/86,438,RO/86,442,219,7.1,true
RØ,1525,RO/86,444,LJ/86,449,144,9.5,true
RØ,1525,LJ/86,449,HK/86,462,144,26.3,true
RØ,1525,HK/86,464,RT/86,469,121,8.1,false
RØ,1525,RT/86,470,KS/86,474,121,4.2,false
RØ,1525,KS/86,475,MØ/86,478,121,3.5,false
RØ,1525,MØ/86,481,JY/86,486,121,6.6,false
RØ,1525,JY/86,487,SE/86,492,121,7.7,false
RØ,1525,SE/86,493,VÆ/86,497,121,5.6,false
RØ,1525,VÆ/86,497,KBØ/86,500,121,5.8,false
RØ,1525,KBØ/86,501,KB/86,505,121,2.0,false
RØ,1525,KB/86,505,End,505,0,0.0,true
RØ,1528,Start,697,KB/86,697,0,0.0,true
RØ,1528,KB/86,697,KBØ/86,699,51,2.0,false
RØ,1528,KBØ/86,700,VÆ/86,704,51,5.8,false
RØ,1528,VÆ/86,704,SE/86,708,51,5.6,false
RØ,1528,SE/86,709,JY/86,714,51,7.7,false
RØ,1528,JY/86,715,MØ/86,720,51,6.6,false
RØ,1528,MØ/86,721,KS/86,724,51,3.5,false
RØ,1528,KS/86,725,RT/86,728,51,4.2,false
RØ,1528,RT/86,729,HK/86,735,51,8.1,false
RØ,1528,HK/86,737,PE/86,741,66,5.9,true
RØ,1528,PE/86,741,RO/86,754,66,29.9,true
RØ,1528,RO/86,756,TRK/86,758,102,3.1,true
RØ,1528,TRK/86,758,HTÅ/86,763,102,8.7,true
RØ,1528,HTÅ/86,764,GL/86,769,96,8.3,true
RØ,1528,GL/86,769,KH/86,777,96,11.2,true
RØ,1528,KH/86,781,KN/86,783,48,1.5,true
RØ,1528,KN/86,784,KK/86,787,48,1.6,true
RØ,1528,KK/86,787,End,787,0,0.0,true
RØ,1529,Start,473,KK/86,473,0,0.0,true
RØ,1529,KK/86,473,KN/86,475,82,1.6,true
RØ,1529,KN/86,476,KH/86,479,82,1.5,true
RØ,1529,KH/86,482,VAL/86,485,166,3.9,true
RØ,1529,VAL/86,485,HTÅ/86,493,166,15.6,true
RØ,1529,HTÅ/86,495,HH/86,498,161,4.7,true
RØ,1529,HH/86,498,RO/86,502,161,7.1,true
RØ,1529,RO/86,504,LJ/86,509,114,9.5,true
RØ,1529,LJ/86,509,HK/86,521,114,26.3,true
RØ,1529,HK/86,523,RT/86,529,68,8.1,false
RØ,1529,RT/86,530,KS/86,533,68,4.2,false
RØ,1529,KS/86,534,MØ/86,537,68,3.5,false
RØ,1529,MØ/86,541,JY/86,546,68,6.6,false
RØ,1529,JY/86,547,SE/86,552,68,7.7,false
RØ,1529,SE/86,553,VÆ/86,557,68,5.6,false
RØ,1529,VÆ/86,557,KBØ/86,560,68,5.8,false
RØ,1529,KBØ/86,561,KB/86,565,68,2.0,false
RØ,1529,KB/86,565,End,565,0,0.0,true
IC,153,Start,821,KK/86,821,0,0.0,true
IC,153,KK/86,821,KN/86,823,63,1.6,true
IC,153,KN/86,824,KH/86,827,63,1.5,true
IC,153,KH/86,830,VAL/86,833,199,3.9,true
IC,153,VAL/86,835,HIF/86,838,199,3.4,true
IC,153,HIF/86,838,HTÅ/86,844,199,12.2,true
IC,153,HTÅ/86,845,HH/86,848,230,4.7,true
IC,153,HH/86,848,RO/86,852,230,7.1,true
IC,153,RO/86,854,VY/86,859,241,11.2,true
IC,153,VY/86,859,RG/86,869,241,21.4,true
IC,153,RG/86,871,FJ/86,876,225,7.6,true
IC,153,FJ/86,876,SO/86,879,225,6.8,true
IC,153,SO/86,880,SG/86,888,225,14.6,true
IC,153,SG/86,890,FO/86,894,174,7.1,true
IC,153,FO/86,894,KØ/86,898,174,8.3,true
IC,153,KØ/86,899,SPR/86,905,174,11.9,true
IC,153,SPR/86,905,NG/86,910,174,11.4,true
IC,153,NG/86,912,JU/86,915,156,5.0,true
IC,153,JU/86,915,LV/86,920,156,10.0,true
IC,153,LV/86,921,MV/86,924,156,4.4,true
IC,153,MV/86,924,OD/86,928,156,9.3,true
IC,153,OD/86,931,HP/86,935,124,8.6,true
IC,153,HP/86,935,MD/86,953,124,41.5,true
IC,153,MD/86,954,SNO/86,958,109,5.9,true
IC,153,SNO/86,958,FA/86,962,109,4.3,true
IC,153,FA/86,962,End,962,0,0.0,true
RØ,1532,Start,757,KB/86,757,0,0.0,true
RØ,1532,KB/86,757,KBØ/86,759,54,2.0,false
RØ,1532,KBØ/86,760,VÆ/86,764,54,5.8,false
RØ,1532,VÆ/86,764,SE/86,768,54,5.6,false
RØ,1532,SE/86,769,JY/86,774,54,7.7,false
RØ,1532,JY/86,775,MØ/86,780,54,6.6,false
RØ,1532,MØ/86,781,KS/86,784,54,3.5,false
RØ,1532,KS/86,785,RT/86,788,54,4.2,false
RØ,1532,RT/86,789,HK/86,795,54,8.1,false
RØ,1532,HK/86,797,PE/86,801,92,5.9,true
RØ,1532,PE/86,801,RO/86,814,92,29.9,true
RØ,1532,RO/86,816,TRK/86,818,142,3.1,true
RØ,1532,TRK/86,818,HTÅ/86,823,142,8.7,true
RØ,1532,HTÅ/86,824,GL/86,829,125,8.3,true
RØ,1532,GL/86,829,KH/86,837,125,11.2,true
RØ,1532,KH/86,841,KN/86,843,46,1.5,true
RØ,1532,KN/86,844,KK/86,847,46,1.6,true
RØ,1532,KK/86,847,End,847,0,0.0,true
RØ,1533,Start,533,KK/86,533,0,0.0,true
RØ,1533,KK/86,533,KN/86,535,50,1.6,true
RØ,1533,KN/86,536,KH/86,539,50,1.5,true
RØ,1533,KH/86,542,VAL/86,545,91,3.9,true
RØ,1533,VAL/86,545,HTÅ/86,553,91,15.6,true
RØ,1533,HTÅ/86,555,HH/86,558,95,4.7,true
RØ,1533,HH/86,558,RO/86,562,95,7.1,true
RØ,1533,RO/86,564,LJ/86,569,59,9.5,true
RØ,1533,LJ/86,569,HK/86,581,59,26.3,true
RØ,1533,HK/86,583,RT/86,589,32,8.1,false
RØ,1533,RT/86,590,KS/86,593,32,4.2,false
RØ,1533,KS/86,594,MØ/86,597,32,3.5,false
RØ,1533,MØ/86,601,JY/86,606,32,6.6,false
RØ,1533,JY/86,607,SE/86,612,32,7.7,false
RØ,1533,SE/86,613,VÆ/86,617,32,5.6,false
RØ,1533,VÆ/86,617,KBØ/86,620,32,5.8,false
RØ,1533,KBØ/86,621,KB/86,625,32,2.0,false
RØ,1533,KB/86,625,End,625,0,0.0,true
RØ,1536,Start,817,KB/86,817,0,0.0,true
RØ,1536,KB/86,817,KBØ/86,819,86,2.0,false
RØ,1536,KBØ/86,820,VÆ/86,824,86,5.8,false
RØ,1536,VÆ/86,824,SE/86,828,86,5.6,false
RØ,1536,SE/86,829,JY/86,834,86,7.7,false
RØ,1536,JY/86,835,MØ/86,840,86,6.6,false
RØ,1536,MØ/86,841,KS/86,844,86,3.5,false
RØ,1536,KS/86,845,RT/86,848,86,4.2,false
RØ,1536,RT/86,849,HK/86,855,86,8.1,false
RØ,1536,HK/86,857,PE/86,861,128,5.9,true
RØ,1536,PE/86,861,RO/86,874,128,29.9,true
RØ,1536,RO/86,876,TRK/86,878,181,3.1,true
RØ,1536,TRK/86,878,HTÅ/86,883,181,8.7,true
RØ,1536,HTÅ/86,884,GL/86,889,158,8.3,true
RØ,1536,GL/86,889,KH/86,897,158,11.2,true
RØ,1536,KH/86,901,KN/86,903,55,1.5,true
RØ,1536,KN/86,904,KK/86,907,55,1.6,true
RØ,1536,KK/86,907,End,907,0,0.0,true
RØ,1537,Start,593,KK/86,593,0,0.0,true
RØ,1537,KK/86,593,KN/86,595,36,1.6,true
RØ,1537,KN/86,596,KH/86,599,36,1.5,true
RØ,1537,KH/86,602,VAL/86,605,69,3.9,true
RØ,1537,VAL/86,605,HTÅ/86,613,69,15.6,true
RØ,1537,HTÅ/86,615,HH/86,618,71,4.7,true
RØ,1537,HH/86,618,RO/86,622,71,7.1,true
RØ,1537,RO/86,624,LJ/86,629,51,9.5,true
RØ,1537,LJ/86,629,HK/86,641,51,26.3,true
RØ,1537,HK/86,643,RT/86,649,30,8.1,false
RØ,1537,RT/86,650,KS/86,653,30,4.2,false
RØ,1537,KS/86,654,MØ/86,657,30,3.5,false
RØ,1537,MØ/86,661,JY/86,666,30,6.6,false
RØ,1537,JY/86,667,SE/86,672,30,7.7,false
RØ,1537,SE/86,673,VÆ/86,677,30,5.6,false
RØ,1537,VÆ/86,677,KBØ/86,680,30,5.8,false
RØ,1537,KBØ/86,681,KB/86,685,30,2.0,false
RØ,1537,KB/86,685,End,685,0,0.0,true
RØ,1540,Start,877,KB/86,877,0,0.0,true
RØ,1540,KB/86,877,KBØ/86,879,132,2.0,false
RØ,1540,KBØ/86,880,VÆ/86,884,132,5.8,false
RØ,1540,VÆ/86,884,SE/86,888,132,5.6,false
RØ,1540,SE/86,889,JY/86,894,132,7.7,false
RØ,1540,JY/86,895,MØ/86,900,132,6.6,false
RØ,1540,MØ/86,901,KS/86,904,132,3.5,false
RØ,1540,KS/86,905,RT/86,908,132,4.2,false
RØ,1540,RT/86,909,HK/86,915,132,8.1,false
RØ,1540,HK/86,917,PE/86,921,197,5.9,true
RØ,1540,PE/86,921,RO/86,934,197,29.9,true
RØ,1540,RO/86,936,TRK/86,938,282,3.1,true
RØ,1540,TRK/86,938,HTÅ/86,943,282,8.7,true
RØ,1540,HTÅ/86,944,GL/86,949,256,8.3,true
RØ,1540,GL/86,949,KH/86,957,256,11.2,true
RØ,1540,KH/86,961,KN/86,963,82,1.5,true
RØ,1540,KN/86,964,KK/86,967,82,1.6,true
RØ,1540,KK/86,967,End,967,0,0.0,true
RØ,1541,Start,662,KH/86,662,0,0.0,true
RØ,1541,KH/86,662,VAL/86,665,37,3.9,true
RØ,1541,VAL/86,665,HTÅ/86,673,37,15.6,true
RØ,1541,HTÅ/86,675,HH/86,678,44,4.7,true
RØ,1541,HH/86,678,RO/86,682,44,7.1,true
RØ,1541,RO/86,684,LJ/86,689,41,9.5,true
RØ,1541,LJ/86,689,HK/86,701,41,26.3,true
RØ,1541,HK/86,703,RT/86,709,38,8.1,false
RØ,1541,RT/86,710,KS/86,713,38,4.2,false
RØ,1541,KS/86,714,MØ/86,717,38,3.5,false
RØ,1541,MØ/86,721,JY/86,726,38,6.6,false
RØ,1541,JY/86,727,SE/86,732,38,7.7,false
RØ,1541,SE/86,733,VÆ/86,737,38,5.6,false
RØ,1541,VÆ/86,737,KBØ/86,740,38,5.8,false
RØ,1541,KBØ/86,741,KB/86,745,38,2.0,false
RØ,1541,KB/86,745,End,745,0,0.0,true
RØ,1544,Start,937,KB/86,937,0,0.0,true
RØ,1544,KB/86,937,KBØ/86,939,127,2.0,false
RØ,1544,KBØ/86,940,VÆ/86,944,127,5.8,false
RØ,1544,VÆ/86,944,SE/86,948,127,5.6,false
RØ,1544,SE/86,949,JY/86,954,127,7.7,false
RØ,1544,JY/86,955,MØ/86,960,127,6.6,false
RØ,1544,MØ/86,961,KS/86,964,127,3.5,false
RØ,1544,KS/86,965,RT/86,968,127,4.2,false
RØ,1544,RT/86,969,HK/86,975,127,8.1,false
RØ,1544,HK/86,977,PE/86,981,150,5.9,true
RØ,1544,PE/86,981,RO/86,994,150,29.9,true
RØ,1544,RO/86,996,TRK/86,998,220,3.1,true
RØ,1544,TRK/86,998,HTÅ/86,1003,220,8.7,true
RØ,1544,HTÅ/86,1004,GL/86,1009,216,8.3,true
RØ,1544,GL/86,1009,KH/86,1017,216,11.2,true
RØ,1544,KH/86,1021,KN/86,1023,74,1.5,true
RØ,1544,KN/86,1024,KK/86,1027,74,1.6,true
RØ,1544,KK/86,1027,End,1027,0,0.0,true
RØ,1545,Start,713,KK/86,713,0,0.0,true
RØ,1545,KK/86,713,KN/86,715,31,1.6,true
RØ,1545,KN/86,716,KH/86,719,31,1.5,true
RØ,1545,KH/86,722,VAL/86,725,75,3.9,true
RØ,1545,VAL/86,725,HTÅ/86,733,75,15.6,true
RØ,1545,HTÅ/86,735,HH/86,738,80,4.7,true
RØ,1545,HH/86,738,RO/86,742,80,7.1,true
RØ,1545,RO/86,744,LJ/86,749,66,9.5,true
RØ,1545,LJ/86,749,HK/86,761,66,26.3,true
RØ,1545,HK/86,763,RT/86,769,49,8.1,false
RØ,1545,RT/86,770,KS/86,773,49,4.2,false
RØ,1545,KS/86,774,MØ/86,777,49,3.5,false
RØ,1545,MØ/86,781,JY/86,786,49,6.6,false
RØ,1545,JY/86,787,SE/86,792,49,7.7,false
RØ,1545,SE/86,793,VÆ/86,797,49,5.6,false
RØ,1545,VÆ/86,797,KBØ/86,800,49,5.8,false
RØ,1545,KBØ/86,801,KB/86,805,49,2.0,false
RØ,1545,KB/86,805,End,805,0,0.0,true
RØ,1548,Start,997,KB/86,997,0,0.0,true
RØ,1548,KB/86,997,KBØ/86,999,83,2.0,false
RØ,1548,KBØ/86,1000,VÆ/86,1004,83,5.8,false
RØ,1548,VÆ/86,1004,SE/86,1008,83,5.6,false
RØ,1548,SE/86,1009,JY/86,1014,83,7.7,false
RØ,1548,JY/86,1015,MØ/86,1020,83,6.6,false
RØ,1548,MØ/86,1021,KS/86,1024,83,3.5,false
RØ,1548,KS/86,1025,RT/86,1028,83,4.2,false
RØ,1548,RT/86,1029,HK/86,1035,83,8.1,false
RØ,1548,HK/86,1037,PE/86,1041,104,5.9,true
RØ,1548,PE/86,1041,RO/86,1054,104,29.9,true
RØ,1548,RO/86,1056,TRK/86,1058,142,3.1,true
RØ,1548,TRK/86,1058,HTÅ/86,1063,142,8.7,true
RØ,1548,HTÅ/86,1064,GL/86,1069,144,8.3,true
RØ,1548,GL/86,1069,KH/86,1077,144,11.2,true
RØ,1548,KH/86,1081,KN/86,1083,54,1.5,true
RØ,1548,KN/86,1084,KK/86,1087,54,1.6,true
RØ,1548,KK/86,1087,End,1087,0,0.0,true
RØ,1549,Start,773,KK/86,773,0,0.0,true
RØ,1549,KK/86,773,KN/86,775,41,1.6,true
RØ,1549,KN/86,776,KH/86,779,41,1.5,true
RØ,1549,KH/86,782,VAL/86,785,86,3.9,true
RØ,1549,VAL/86,785,HTÅ/86,793,86,15.6,true
RØ,1549,HTÅ/86,795,HH/86,798,89,4.7,true
RØ,1549,HH/86,798,RO/86,802,89,7.1,true
RØ,1549,RO/86,804,LJ/86,809,72,9.5,true
RØ,1549,LJ/86,809,HK/86,821,72,26.3,true
RØ,1549,HK/86,823,RT/86,829,71,8.1,false
RØ,1549,RT/86,830,KS/86,833,71,4.2,false
RØ,1549,KS/86,834,MØ/86,837,71,3.5,false
RØ,1549,MØ/86,841,JY/86,846,71,6.6,false
RØ,1549,JY/86,847,SE/86,852,71,7.7,false
RØ,1549,SE/86,853,VÆ/86,857,71,5.6,false
RØ,1549,VÆ/86,857,KBØ/86,860,71,5.8,false
RØ,1549,KBØ/86,861,KB/86,865,71,2.0,false
RØ,1549,KB/86,865,End,865,0,0.0,true
RØ,1552,Start,1057,KB/86,1057,0,0.0,true
RØ,1552,KB/86,1057,KBØ/86,1059,52,2.0,false
RØ,1552,KBØ/86,1060,VÆ/86,1064,52,5.8,false
RØ,1552,VÆ/86,1064,SE/86,1068,52,5.6,false
RØ,1552,SE/86,1069,JY/86,1074,52,7.7,false
RØ,1552,JY/86,1075,MØ/86,1080,52,6.6,false
RØ,1552,MØ/86,1081,KS/86,1084,52,3.5,false
RØ,1552,KS/86,1085,RT/86,1088,52,4.2,false
RØ,1552,RT/86,1089,HK/86,1095,52,8.1,false
RØ,1552,HK/86,1097,PE/86,1101,57,5.9,true
RØ,1552,PE/86,1101,RO/86,1114,57,29.9,true
RØ,1552,RO/86,1116,TRK/86,1118,80,3.1,true
RØ,1552,TRK/86,1118,HTÅ/86,1123,80,8.7,true
RØ,1552,HTÅ/86,1124,GL/86,1129,75,8.3,true
RØ,1552,GL/86,1129,KH/86,1137,75,11.2,true
RØ,1552,KH/86,1141,KN/86,1143,32,1.5,true
RØ,1552,KN/86,1144,KK/86,1147,32,1.6,true
RØ,1552,KK/86,1147,End,1147,0,0.0,true
RØ,1553,Start,833,KK/86,833,0,0.0,true
RØ,1553,KK/86,833,KN/86,835,62,1.6,true
RØ,1553,KN/86,836,KH/86,839,62,1.5,true
RØ,1553,KH/86,842,VAL/86,845,126,3.9,true
RØ,1553,VAL/86,845,HTÅ/86,853,126,15.6,true
RØ,1553,HTÅ/86,855,HH/86,858,126,4.7,true
RØ,1553,HH/86,858,RO/86,862,126,7.1,true
RØ,1553,RO/86,864,LJ/86,869,118,9.5,true
RØ,1553,LJ/86,869,HK/86,881,118,26.3,true
RØ,1553,HK/86,883,RT/86,889,114,8.1,false
RØ,1553,RT/86,890,KS/86,893,114,4.2,false
RØ,1553,KS/86,894,MØ/86,897,114,3.5,false
RØ,1553,MØ/86,901,JY/86,906,114,6.6,false
RØ,1553,JY/86,907,SE/86,912,114,7.7,false
RØ,1553,SE/86,913,VÆ/86,917,114,5.6,false
RØ,1553,VÆ/86,917,KBØ/86,920,114,5.8,false
RØ,1553,KBØ/86,921,KB/86,925,114,2.0,false
RØ,1553,KB/86,925,End,925,0,0.0,true
RØ,1556,Start,1117,KB/86,1117,0,0.0,true
RØ,1556,KB/86,1117,KBØ/86,1119,24,2.0,false
RØ,1556,KBØ/86,1120,VÆ/86,1124,24,5.8,false
RØ,1556,VÆ/86,1124,SE/86,1128,24,5.6,false
RØ,1556,SE/86,1129,JY/86,1134,24,7.7,false
RØ,1556,JY/86,1135,MØ/86,1140,24,6.6,false
RØ,1556,MØ/86,1141,KS/86,1144,24,3.5,false
RØ,1556,KS/86,1145,RT/86,1148,24,4.2,false
RØ,1556,RT/86,1149,HK/86,1155,24,8.1,false
RØ,1556,HK/86,1157,PE/86,1161,34,5.9,true
RØ,1556,PE/86,1161,RO/86,1174,34,29.9,true
RØ,1556,RO/86,1176,TRK/86,1178,49,3.1,true
RØ,1556,TRK/86,1178,HTÅ/86,1183,49,8.7,true
RØ,1556,HTÅ/86,1184,GL/86,1189,48,8.3,true
RØ,1556,GL/86,1189,KH/86,1197,48,11.2,true
RØ,1556,KH/86,1201,KN/86,1203,32,1.5,true
RØ,1556,KN/86,1204,KK/86,1207,32,1.6,true
RØ,1556,KK/86,1210,HGL/86,1214,0,2.1,true
RØ,1556,HGL/86,1214,End,1214,0,0.0,true
RØ,1557,Start,893,KK/86,893,0,0.0,true
RØ,1557,KK/86,893,KN/86,895,85,1.6,true
RØ,1557,KN/86,896,KH/86,899,85,1.5,true
RØ,1557,KH/86,902,VAL/86,905,192,3.9,true
RØ,1557,VAL/86,905,HTÅ/86,913,192,15.6,true
RØ,1557,HTÅ/86,915,HH/86,918,198,4.7,true
RØ,1557,HH/86,918,RO/86,922,198,7.1,true
RØ,1557,RO/86,924,LJ/86,929,149,9.5,true
RØ,1557,LJ/86,929,HK/86,941,149,26.3,true
RØ,1557,HK/86,943,RT/86,949,94,8.1,false
RØ,1557,RT/86,950,KS/86,953,94,4.2,false
RØ,1557,KS/86,954,MØ/86,957,94,3.5,false
RØ,1557,MØ/86,961,JY/86,966,94,6.6,false
RØ,1557,JY/86,967,SE/86,972,94,7.7,false
RØ,1557,SE/86,973,VÆ/86,977,94,5.6,false
RØ,1557,VÆ/86,977,KBØ/86,980,94,5.8,false
RØ,1557,KBØ/86,981,KB/86,985,94,2.0,false
RØ,1557,KB/86,985,End,985,0,0.0,true
IC,156,Start,1076,FA/86,1076,0,0.0,true
IC,156,FA/86,1076,SNO/86,1079,85,4.3,true
IC,156,SNO/86,1079,MD/86,1083,85,5.9,true
IC,156,MD/86,1085,KA/86,1089,82,6.1,true
IC,156,KA/86,1089,OD/86,1107,82,44.0,true
IC,156,OD/86,1109,MV/86,1114,85,9.3,true
IC,156,MV/86,1114,LV/86,1117,85,4.4,true
IC,156,LV/86,1118,UV/86,1121,85,5.1,true
IC,156,UV/86,1121,NG/86,1125,85,9.9,true
IC,156,NG/86,1127,SPR/86,1133,81,11.4,true
IC,156,SPR/86,1133,KØ/86,1139,81,11.9,true
IC,156,KØ/86,1140,FO/86,1144,79,8.3,true
IC,156,FO/86,1144,SG/86,1148,79,7.1,true
IC,156,SG/86,1150,SO/86,1158,85,14.6,true
IC,156,SO/86,1159,FJ/86,1163,85,6.8,true
IC,156,FJ/86,1163,RG/86,1167,85,7.6,true
IC,156,RG/86,1169,KY/86,1174,80,7.3,true
IC,156,KY/86,1174,RO/86,1184,80,25.3,true
IC,156,RO/86,1186,TRK/86,1188,78,3.1,true
IC,156,TRK/86,1188,HTÅ/86,1193,78,8.7,true
IC,156,HTÅ/86,1194,GL/86,1199,55,8.3,true
IC,156,GL/86,1199,VAL/86,1203,55,7.3,true
IC,156,VAL/86,1204,KH/86,1210,55,3.9,true
IC,156,KH/86,1213,KN/86,1215,34,1.5,true
IC,156,KN/86,1216,KK/86,1219,34,1.6,true
IC,156,KK/86,1219,End,1219,0,0.0,true
RØ,1560,Start,1177,KB/86,1177,0,0.0,true
RØ,1560,KB/86,1177,KBØ/86,1179,25,2.0,false
RØ,1560,KBØ/86,1180,VÆ/86,1184,25,5.8,false
RØ,1560,VÆ/86,1184,SE/86,1188,25,5.6,false
RØ,1560,SE/86,1189,JY/86,1194,25,7.7,false
RØ,1560,JY/86,1195,MØ/86,1200,25,6.6,false
RØ,1560,MØ/86,1201,KS/86,1204,25,3.5,false
RØ,1560,KS/86,1205,RT/86,1208,25,4.2,false
RØ,1560,RT/86,1209,HK/86,1215,25,8.1,false
RØ,1560,HK/86,1217,PE/86,1221,38,5.9,true
RØ,1560,PE/86,1221,RO/86,1234,38,29.9,true
RØ,1560,RO/86,1236,TRK/86,1238,84,3.1,true
RØ,1560,TRK/86,1238,HTÅ/86,1243,84,8.7,true
RØ,1560,HTÅ/86,1244,GL/86,1249,100,8.3,true
RØ,1560,GL/86,1249,KH/86,1257,100,11.2,true
RØ,1560,KH/86,1260,KN/86,1262,34,1.5,true
RØ,1560,KN/86,1263,KK/86,1266,34,1.6,true
RØ,1560,KK/86,1266,End,1266,0,0.0,true
RØ,1561,Start,953,KK/86,953,0,0.0,true
RØ,1561,KK/86,953,KN/86,955,127,1.6,true
RØ,1561,KN/86,956,KH/86,959,127,1.5,true
RØ,1561,KH/86,962,VAL/86,965,270,3.9,true
RØ,1561,VAL/86,965,HTÅ/86,973,270,15.6,true
RØ,1561,HTÅ/86,975,HH/86,978,280,4.7,true
RØ,1561,HH/86,978,RO/86,982,280,7.1,true
RØ,1561,RO/86,984,LJ/86,989,162,9.5,true
RØ,1561,LJ/86,989,HK/86,1001,162,26.3,true
RØ,1561,HK/86,1003,RT/86,1009,87,8.1,false
RØ,1561,RT/86,1010,KS/86,1013,87,4.2,false
RØ,1561,KS/86,1014,MØ/86,1017,87,3.5,false
RØ,1561,MØ/86,1021,JY/86,1026,87,6.6,false
RØ,1561,JY/86,1027,SE/86,1032,87,7.7,false
RØ,1561,SE/86,1033,VÆ/86,1037,87,5.6,false
RØ,1561,VÆ/86,1037,KBØ/86,1040,87,5.8,false
RØ,1561,KBØ/86,1041,KB/86,1045,87,2.0,false
RØ,1561,KB/86,1045,End,1045,0,0.0,true
RØ,1564,Start,1237,KB/86,1237,0,0.0,true
RØ,1564,KB/86,1237,KBØ/86,1239,52,2.0,false
RØ,1564,KBØ/86,1240,VÆ/86,1244,52,5.8,false
RØ,1564,VÆ/86,1244,SE/86,1248,52,5.6,false
RØ,1564,SE/86,1249,JY/86,1254,52,7.7,false
RØ,1564,JY/86,1255,MØ/86,1260,52,6.6,false
RØ,1564,MØ/86,1261,KS/86,1264,52,3.5,false
RØ,1564,KS/86,1265,RT/86,1268,52,4.2,false
RØ,1564,RT/86,1269,HK/86,1275,52,8.1,false
RØ,1564,HK/86,1277,PE/86,1281,42,5.9,true
RØ,1564,PE/86,1281,RO/86,1294,42,29.9,true
RØ,1564,RO/86,1296,TRK/86,1298,56,3.1,true
RØ,1564,TRK/86,1298,HTÅ/86,1303,56,8.7,true
RØ,1564,HTÅ/86,1304,GL/86,1309,54,8.3,true
RØ,1564,GL/86,1309,KH/86,1317,54,11.2,true
RØ,1564,KH/86,1320,KN/86,1322,26,1.5,true
RØ,1564,KN/86,1323,KK/86,1326,26,1.6,true
RØ,1564,KK/86,1326,End,1326,0,0.0,true
RØ,1565,Start,1013,KK/86,1013,0,0.0,true
RØ,1565,KK/86,1013,KN/86,1015,107,1.6,true
RØ,1565,KN/86,1016,KH/86,1019,107,1.5,true
RØ,1565,KH/86,1022,VAL/86,1025,212,3.9,true
RØ,1565,VAL/86,1025,HTÅ/86,1033,212,15.6,true
RØ,1565,HTÅ/86,1035,HH/86,1038,201,4.7,true
RØ,1565,HH/86,1038,RO/86,1042,201,7.1,true
RØ,1565,RO/86,1044,LJ/86,1049,109,9.5,true
RØ,1565,LJ/86,1049,HK/86,1061,109,26.3,true
RØ,1565,HK/86,1063,RT/86,1069,74,8.1,false
RØ,1565,RT/86,1070,KS/86,1073,74,4.2,false
RØ,1565,KS/86,1074,MØ/86,1077,74,3.5,false
RØ,1565,MØ/86,1081,JY/86,1086,74,6.6,false
RØ,1565,JY/86,1087,SE/86,1092,74,7.7,false
RØ,1565,SE/86,1093,VÆ/86,1097,74,5.6,false
RØ,1565,VÆ/86,1097,KBØ/86,1100,74,5.8,false
RØ,1565,KBØ/86,1101,KB/86,1105,74,2.0,false
RØ,1565,KB/86,1105,End,1105,0,0.0,true
RØ,1569,Start,1073,KK/86,1073,0,0.0,true
RØ,1569,KK/86,1073,KN/86,1075,69,1.6,true
RØ,1569,KN/86,1076,KH/86,1079,69,1.5,true
RØ,1569,KH/86,1082,VAL/86,1085,132,3.9,true
RØ,1569,VAL/86,1085,HTÅ/86,1093,132,15.6,true
RØ,1569,HTÅ/86,1095,HH/86,1098,117,4.7,true
RØ,1569,HH/86,1098,RO/86,1102,117,7.1,true
RØ,1569,RO/86,1104,LJ/86,1109,66,9.5,true
RØ,1569,LJ/86,1109,HK/86,1121,66,26.3,true
RØ,1569,HK/86,1123,RT/86,1129,39,8.1,false
RØ,1569,RT/86,1130,KS/86,1133,39,4.2,false
RØ,1569,KS/86,1134,MØ/86,1137,39,3.5,false
RØ,1569,MØ/86,1141,JY/86,1146,39,6.6,false
RØ,1569,JY/86,1147,SE/86,1152,39,7.7,false
RØ,1569,SE/86,1153,VÆ/86,1157,39,5.6,false
RØ,1569,VÆ/86,1157,KBØ/86,1160,39,5.8,false
RØ,1569,KBØ/86,1161,KB/86,1165,39,2.0,false
RØ,1569,KB/86,1165,End,1165,0,0.0,true
IC,157,Start,874,HGL/86,874,0,0.0,true
IC,157,HGL/86,874,KK/86,878,0,2.1,true
IC,157,KK/86,881,KN/86,883,137,1.6,true
IC,157,KN/86,884,KH/86,887,137,1.5,true
IC,157,KH/86,890,VAL/86,893,380,3.9,true
IC,157,VAL/86,895,HIF/86,898,380,3.4,true
IC,157,HIF/86,898,HTÅ/86,904,380,12.2,true
IC,157,HTÅ/86,905,HH/86,908,455,4.7,true
IC,157,HH/86,908,RO/86,912,455,7.1,true
IC,157,RO/86,914,VY/86,919,465,11.2,true
IC,157,VY/86,919,RG/86,929,465,21.4,true
IC,157,RG/86,931,FJ/86,936,434,7.6,true
IC,157,FJ/86,936,SO/86,939,434,6.8,true
IC,157,SO/86,940,SG/86,948,434,14.6,true
IC,157,SG/86,950,FO/86,954,303,7.1,true
IC,157,FO/86,954,KØ/86,958,303,8.3,true
IC,157,KØ/86,959,SPR/86,965,293,11.9,true
IC,157,SPR/86,965,NG/86,970,293,11.4,true
IC,157,NG/86,972,JU/86,975,250,5.0,true
IC,157,JU/86,975,LV/86,980,250,10.0,true
IC,157,LV/86,981,MV/86,984,250,4.4,true
IC,157,MV/86,984,OD/86,988,250,9.3,true
IC,157,OD/86,991,HP/86,995,184,8.6,true
IC,157,HP/86,995,MD/86,1013,184,41.5,true
IC,157,MD/86,1014,SNO/86,1018,169,5.9,true
IC,157,SNO/86,1018,FA/86,1022,169,4.3,true
IC,157,FA/86,1029,BK/86,1035,151,11.9,false
IC,157,BK/86,1035,VJ/86,1042,151,13.8,false
IC,157,VJ/86,1044,HED/86,1051,150,15.1,false
IC,157,HED/86,1051,HS/86,1058,150,16.3,false
IC,157,HS/86,1060,HÅ/86,1067,151,14.5,false
IC,157,HÅ/86,1067,SD/86,1074,151,14.1,false
IC,157,SD/86,1075,HX/86,1080,125,8.5,false
IC,157,HX/86,1080,AR/86,1088,125,14.3,false
IC,157,AR/86,1088,End,1088,0,0.0,true
RØ,1570,Start,1310,KB/86,1310,0,0.0,true
RØ,1570,KB/86,1310,KBØ/86,1312,16,2.0,false
RØ,1570,KBØ/86,1313,VÆ/86,1317,16,5.8,false
RØ,1570,VÆ/86,1317,SE/86,1321,16,5.6,false
RØ,1570,SE/86,1322,JY/86,1327,16,7.7,false
RØ,1570,JY/86,1328,MØ/86,1333,16,6.6,false
RØ,1570,MØ/86,1334,KS/86,1338,16,3.5,false
RØ,1570,KS/86,1339,RT/86,1342,16,4.2,false
RØ,1570,RT/86,1343,HK/86,1349,16,8.1,false
RØ,1570,HK/86,1352,PE/86,1356,21,5.9,true
RØ,1570,PE/86,1357,TØ/86,1362,21,6.6,true
RØ,1570,TØ/86,1363,HV/86,1368,21,6.3,true
RØ,1570,HV/86,1369,LJ/86,1374,21,7.5,true
RØ,1570,LJ/86,1375,RO/86,1381,21,9.5,true
RØ,1570,RO/86,1382,TRK/86,1385,36,3.1,true
RØ,1570,TRK/86,1386,HH/86,1389,36,4.0,true
RØ,1570,HH/86,1390,HTÅ/86,1394,36,4.7,true
RØ,1570,HTÅ/86,1396,GL/86,1400,32,8.3,true
RØ,1570,GL/86,1400,VAL/86,1404,32,7.3,true
RØ,1570,VAL/86,1405,KH/86,1410,32,3.9,true
RØ,1570,KH/86,1410,End,1410,0,0.0,true
RØ,1573,Start,1133,KK/86,1133,0,0.0,true
RØ,1573,KK/86,1133,KN/86,1135,38,1.6,true
RØ,1573,KN/86,1136,KH/86,1139,38,1.5,true
RØ,1573,KH/86,1142,VAL/86,1145,78,3.9,true
RØ,1573,VAL/86,1145,HTÅ/86,1153,78,15.6,true
RØ,1573,HTÅ/86,1155,HH/86,1158,73,4.7,true
RØ,1573,HH/86,1158,RO/86,1162,73,7.1,true
RØ,1573,RO/86,1164,LJ/86,1169,45,9.5,true
RØ,1573,LJ/86,1169,HK/86,1181,45,26.3,true
RØ,1573,HK/86,1183,RT/86,1189,32,8.1,false
RØ,1573,RT/86,1190,KS/86,1193,32,4.2,false
RØ,1573,KS/86,1194,MØ/86,1197,32,3.5,false
RØ,1573,MØ/86,1201,JY/86,1206,32,6.6,false
RØ,1573,JY/86,1207,SE/86,1212,32,7.7,false
RØ,1573,SE/86,1213,VÆ/86,1217,32,5.6,false
RØ,1573,VÆ/86,1217,KBØ/86,1220,32,5.8,false
RØ,1573,KBØ/86,1221,KB/86,1225,32,2.0,false
RØ,1573,KB/86,1225,End,1225,0,0.0,true
RØ,1574,Start,1370,KB/86,1370,0,0.0,true
RØ,1574,KB/86,1370,KBØ/86,1372,8,2.0,false
RØ,1574,KBØ/86,1373,VÆ/86,1377,8,5.8,false
RØ,1574,VÆ/86,1377,SE/86,1381,8,5.6,false
RØ,1574,SE/86,1382,JY/86,1387,8,7.7,false
RØ,1574,JY/86,1388,MØ/86,1393,8,6.6,false
RØ,1574,MØ/86,1394,KS/86,1398,8,3.5,false
RØ,1574,KS/86,1399,RT/86,1402,8,4.2,false
RØ,1574,RT/86,1403,HK/86,1409,8,8.1,false
RØ,1574,HK/86,1412,PE/86,1416,19,5.9,true
RØ,1574,PE/86,1417,TØ/86,1422,19,6.6,true
RØ,1574,TØ/86,1423,HV/86,1428,19,6.3,true
RØ,1574,HV/86,1429,LJ/86,1434,19,7.5,true
RØ,1574,LJ/86,1435,RO/86,1441,19,9.5,true
RØ,1574,RO/86,1442,TRK/86,1445,21,3.1,true
RØ,1574,TRK/86,1446,HH/86,1449,21,4.0,true
RØ,1574,HH/86,1450,HTÅ/86,1454,21,4.7,true
RØ,1574,HTÅ/86,1456,GL/86,1460,12,8.3,true
RØ,1574,GL/86,1460,VAL/86,1464,12,7.3,true
RØ,1574,VAL/86,1465,KH/86,1470,12,3.9,true
RØ,1574,KH/86,1470,End,1470,0,0.0,true
RØ,1577,Start,1202,KH/86,1202,0,0.0,true
RØ,1577,KH/86,1202,VAL/86,1205,75,3.9,true
RØ,1577,VAL/86,1205,HTÅ/86,1213,75,15.6,true
RØ,1577,HTÅ/86,1215,HH/86,1218,67,4.7,true
RØ,1577,HH/86,1218,RO/86,1222,67,7.1,true
RØ,1577,RO/86,1224,LJ/86,1229,53,9.5,true
RØ,1577,LJ/86,1229,HK/86,1241,53,26.3,true
RØ,1577,HK/86,1243,RT/86,1249,49,8.1,false
RØ,1577,RT/86,1250,KS/86,1253,49,4.2,false
RØ,1577,KS/86,1254,MØ/86,1257,49,3.5,false
RØ,1577,MØ/86,1261,JY/86,1266,49,6.6,false
RØ,1577,JY/86,1267,SE/86,1272,49,7.7,false
RØ,1577,SE/86,1273,VÆ/86,1277,49,5.6,false
RØ,1577,VÆ/86,1277,KBØ/86,1280,49,5.8,false
RØ,1577,KBØ/86,1281,KB/86,1285,49,2.0,false
RØ,1577,KB/86,1285,End,1285,0,0.0,true
RØ,1581,Start,1253,KK/86,1253,0,0.0,true
RØ,1581,KK/86,1253,KN/86,1255,89,1.6,true
RØ,1581,KN/86,1256,KH/86,1259,89,1.5,true
RØ,1581,KH/86,1262,VAL/86,1265,123,3.9,true
RØ,1581,VAL/86,1265,HTÅ/86,1273,123,15.6,true
RØ,1581,HTÅ/86,1275,HH/86,1278,109,4.7,true
RØ,1581,HH/86,1278,RO/86,1282,109,7.1,true
RØ,1581,RO/86,1284,LJ/86,1289,68,9.5,true
RØ,1581,LJ/86,1289,HK/86,1301,68,26.3,true
RØ,1581,HK/86,1303,RT/86,1309,28,8.1,false
RØ,1581,RT/86,1310,KS/86,1313,28,4.2,false
RØ,1581,KS/86,1314,MØ/86,1317,28,3.5,false
RØ,1581,MØ/86,1319,JY/86,1324,28,6.6,false
RØ,1581,JY/86,1327,SE/86,1333,28,7.7,false
RØ,1581,SE/86,1334,VÆ/86,1338,28,5.6,false
RØ,1581,VÆ/86,1338,KBØ/86,1341,28,5.8,false
RØ,1581,KBØ/86,1342,KB/86,1346,28,2.0,false
RØ,1581,KB/86,1346,End,1346,0,0.0,true
RØ,1583,Start,1274,KK/86,1274,0,0.0,true
RØ,1583,KK/86,1274,KN/86,1276,31,1.6,true
RØ,1583,KN/86,1277,KH/86,1280,31,1.5,true
RØ,1583,KH/86,1290,VAL/86,1294,176,3.9,true
RØ,1583,VAL/86,1295,HIF/86,1297,176,3.4,true
RØ,1583,HIF/86,1297,HTÅ/86,1304,176,12.2,true
RØ,1583,HTÅ/86,1305,HH/86,1309,161,4.7,true
RØ,1583,HH/86,1310,TRK/86,1313,161,4.0,true
RØ,1583,TRK/86,1314,RO/86,1317,161,3.1,true
RØ,1583,RO/86,1319,LJ/86,1325,95,9.5,true
RØ,1583,LJ/86,1326,HV/86,1331,95,7.5,true
RØ,1583,HV/86,1332,TØ/86,1336,95,6.3,true
RØ,1583,TØ/86,1337,PE/86,1342,95,6.6,true
RØ,1583,PE/86,1343,HK/86,1347,95,5.9,true
RØ,1583,HK/86,1350,RT/86,1356,13,8.1,false
RØ,1583,RT/86,1357,KS/86,1361,13,4.2,false
RØ,1583,KS/86,1362,MØ/86,1365,13,3.5,false
RØ,1583,MØ/86,1366,JY/86,1371,13,6.6,false
RØ,1583,JY/86,1372,SE/86,1378,13,7.7,false
RØ,1583,SE/86,1381,VÆ/86,1385,13,5.6,false
RØ,1583,VÆ/86,1385,KBØ/86,1388,13,5.8,false
RØ,1583,KBØ/86,1389,KB/86,1393,13,2.0,false
RØ,1583,KB/86,1393,End,1393,0,0.0,true
RØ,1587,Start,1343,KK/86,1343,0,0.0,true
RØ,1587,KK/86,1343,KN/86,1345,73,1.6,true
RØ,1587,KN/86,1346,KH/86,1349,73,1.5,true
RØ,1587,KH/86,1352,VAL/86,1356,171,3.9,true
RØ,1587,VAL/86,1357,HIF/86,1359,171,3.4,true
RØ,1587,HIF/86,1359,HTÅ/86,1366,171,12.2,true
RØ,1587,HTÅ/86,1367,HH/86,1371,152,4.7,true
RØ,1587,HH/86,1372,TRK/86,1375,152,4.0,true
RØ,1587,TRK/86,1376,RO/86,1379,152,3.1,true
RØ,1587,RO/86,1381,LJ/86,1387,101,9.5,true
RØ,1587,LJ/86,1388,HV/86,1393,101,7.5,true
RØ,1587,HV/86,1394,TØ/86,1398,101,6.3,true
RØ,1587,TØ/86,1399,PE/86,1404,101,6.6,true
RØ,1587,PE/86,1405,HK/86,1409,101,5.9,true
RØ,1587,HK/86,1411,RT/86,1417,23,8.1,false
RØ,1587,RT/86,1418,KS/86,1421,23,4.2,false
RØ,1587,KS/86,1422,MØ/86,1425,23,3.5,false
RØ,1587,MØ/86,1426,JY/86,1431,23,6.6,false
RØ,1587,JY/86,1432,SE/86,1438,23,7.7,false
RØ,1587,SE/86,1441,VÆ/86,1445,23,5.6,false
RØ,1587,VÆ/86,1445,KBØ/86,1448,23,5.8,false
RØ,1587,KBØ/86,1449,KB/86,1453,23,2.0,false
RØ,1587,KB/86,1453,End,1453,0,0.0,true
RØ,1591,Start,1410,KH/86,1410,0,0.0,true
RØ,1591,KH/86,1410,VAL/86,1414,102,3.9,true
RØ,1591,VAL/86,1415,HIF/86,1417,102,3.4,true
RØ,1591,HIF/86,1417,HTÅ/86,1424,102,12.2,true
RØ,1591,HTÅ/86,1425,HH/86,1429,100,4.7,true
RØ,1591,HH/86,1430,TRK/86,1433,100,4.0,true
RØ,1591,TRK/86,1434,RO/86,1437,100,3.1,true
RØ,1591,RO/86,1439,LJ/86,1445,51,9.5,true
RØ,1591,LJ/86,1446,HV/86,1451,51,7.5,true
RØ,1591,HV/86,1452,TØ/86,1456,51,6.3,true
RØ,1591,TØ/86,1457,PE/86,1462,51,6.6,true
RØ,1591,PE/86,1463,HK/86,1467,51,5.9,true
RØ,1591,HK/86,1470,RT/86,1476,14,8.1,false
RØ,1591,RT/86,1477,KS/86,1480,14,4.2,false
RØ,1591,KS/86,1481,MØ/86,1484,14,3.5,false
RØ,1591,MØ/86,1485,JY/86,1491,14,6.6,false
RØ,1591,JY/86,1492,SE/86,1497,14,7.7,false
RØ,1591,SE/86,1498,VÆ/86,1502,14,5.6,false
RØ,1591,VÆ/86,1502,KBØ/86,1505,14,5.8,false
RØ,1591,KBØ/86,1506,KB/86,1510,14,2.0,false
RØ,1591,KB/86,1510,End,1510,0,0.0,true
IC,160,Start,1136,FA/86,1136,0,0.0,true
IC,160,FA/86,1136,SNO/86,1139,60,4.3,true
IC,160,SNO/86,1139,MD/86,1143,60,5.9,true
IC,160,MD/86,1145,KA/86,1149,59,6.1,true
IC,160,KA/86,1149,OD/86,1167,59,44.0,true
IC,160,OD/86,1169,MV/86,1174,78,9.3,true
IC,160,MV/86,1174,LV/86,1177,78,4.4,true
IC,160,LV/86,1178,UV/86,1181,78,5.1,true
IC,160,UV/86,1181,NG/86,1185,78,9.9,true
IC,160,NG/86,1187,SPR/86,1193,70,11.4,true
IC,160,SPR/86,1193,KØ/86,1199,70,11.9,true
IC,160,KØ/86,1200,FO/86,1204,68,8.3,true
IC,160,FO/86,1204,SG/86,1208,68,7.1,true
IC,160,SG/86,1210,SO/86,1218,75,14.6,true
IC,160,SO/86,1219,FJ/86,1223,75,6.8,true
IC,160,FJ/86,1223,RG/86,1227,75,7.6,true
IC,160,RG/86,1229,KY/86,1234,75,7.3,true
IC,160,KY/86,1234,RO/86,1244,75,25.3,true
IC,160,RO/86,1246,TRK/86,1248,80,3.1,true
IC,160,TRK/86,1248,HTÅ/86,1253,80,8.7,true
IC,160,HTÅ/86,1254,GL/86,1259,73,8.3,true
IC,160,GL/86,1259,VAL/86,1263,73,7.3,true
IC,160,VAL/86,1264,KH/86,1270,73,3.9,true
IC,160,KH/86,1270,End,1270,0,0.0,true
IC,161,Start,934,HGL/86,934,0,0.0,true
IC,161,HGL/86,934,KK/86,938,0,2.1,true
IC,161,KK/86,941,KN/86,943,245,1.6,true
IC,161,KN/86,944,KH/86,947,245,1.5,true
IC,161,KH/86,950,VAL/86,953,474,3.9,true
IC,161,VAL/86,955,HIF/86,958,474,3.4,true
IC,161,HIF/86,958,HTÅ/86,964,474,12.2,true
IC,161,HTÅ/86,965,HH/86,968,519,4.7,true
IC,161,HH/86,968,RO/86,972,519,7.1,true
IC,161,RO/86,974,VY/86,979,479,11.2,true
IC,161,VY/86,979,RG/86,989,479,21.4,true
IC,161,RG/86,991,FJ/86,996,431,7.6,true
IC,161,FJ/86,996,SO/86,999,431,6.8,true
IC,161,SO/86,1000,SG/86,1008,431,14.6,true
IC,161,SG/86,1010,FO/86,1014,286,7.1,true
IC,161,FO/86,1014,KØ/86,1018,286,8.3,true
IC,161,KØ/86,1019,SPR/86,1025,281,11.9,true
IC,161,SPR/86,1025,NG/86,1030,281,11.4,true
IC,161,NG/86,1032,JU/86,1035,236,5.0,true
IC,161,JU/86,1035,LV/86,1040,236,10.0,true
IC,161,LV/86,1041,MV/86,1044,236,4.4,true
IC,161,MV/86,1044,OD/86,1048,236,9.3,true
IC,161,OD/86,1051,HP/86,1055,146,8.6,true
IC,161,HP/86,1055,MD/86,1073,146,41.5,true
IC,161,MD/86,1074,SNO/86,1078,119,5.9,true
IC,161,SNO/86,1078,FA/86,1082,119,4.3,true
IC,161,FA/86,1082,End,1082,0,0.0,true
IC,164,Start,1196,FA/86,1196,0,0.0,true
IC,164,FA/86,1196,SNO/86,1199,59,4.3,true
IC,164,SNO/86,1199,MD/86,1203,59,5.9,true
IC,164,MD/86,1205,KA/86,1209,51,6.1,true
IC,164,KA/86,1209,OD/86,1227,51,44.0,true
IC,164,OD/86,1229,MV/86,1234,67,9.3,true
IC,164,MV/86,1234,LV/86,1237,67,4.4,true
IC,164,LV/86,1238,UV/86,1241,67,5.1,true
IC,164,UV/86,1241,NG/86,1245,67,9.9,true
IC,164,NG/86,1247,SPR/86,1253,86,11.4,true
IC,164,SPR/86,1253,KØ/86,1259,86,11.9,true
IC,164,KØ/86,1260,FO/86,1264,92,8.3,true
IC,164,FO/86,1264,SG/86,1268,92,7.1,true
IC,164,SG/86,1270,SO/86,1278,89,14.6,true
IC,164,SO/86,1279,FJ/86,1283,89,6.8,true
IC,164,FJ/86,1283,RG/86,1287,89,7.6,true
IC,164,RG/86,1289,KY/86,1294,81,7.3,true
IC,164,KY/86,1294,RO/86,1304,81,25.3,true
IC,164,RO/86,1306,TRK/86,1308,78,3.1,true
IC,164,TRK/86,1308,HTÅ/86,1313,78,8.7,true
IC,164,HTÅ/86,1314,GL/86,1319,65,8.3,true
IC,164,GL/86,1319,VAL/86,1323,65,7.3,true
IC,164,VAL/86,1324,KH/86,1330,65,3.9,true
IC,164,KH/86,1330,End,1330,0,0.0,true
IC,165,Start,1001,KK/86,1001,0,0.0,true
IC,165,KK/86,1001,KN/86,1003,161,1.6,true
IC,165,KN/86,1004,KH/86,1007,161,1.5,true
IC,165,KH/86,1010,VAL/86,1013,376,3.9,true
IC,165,VAL/86,1015,HIF/86,1018,376,3.4,true
IC,165,HIF/86,1018,HTÅ/86,1024,376,12.2,true
IC,165,HTÅ/86,1025,HH/86,1028,395,4.7,true
IC,165,HH/86,1028,RO/86,1032,395,7.1,true
IC,165,RO/86,1034,VY/86,1039,332,11.2,true
IC,165,VY/86,1039,RG/86,1049,332,21.4,true
IC,165,RG/86,1051,FJ/86,1056,292,7.6,true
IC,165,FJ/86,1056,SO/86,1059,292,6.8,true
IC,165,SO/86,1060,SG/86,1068,292,14.6,true
IC,165,SG/86,1070,FO/86,1074,184,7.1,true
IC,165,FO/86,1074,KØ/86,1078,184,8.3,true
IC,165,KØ/86,1079,SPR/86,1085,168,11.9,true
IC,165,SPR/86,1085,NG/86,1090,168,11.4,true
IC,165,NG/86,1092,JU/86,1095,132,5.0,true
IC,165,JU/86,1095,LV/86,1100,132,10.0,true
IC,165,LV/86,1101,MV/86,1104,132,4.4,true
IC,165,MV/86,1104,OD/86,1108,132,9.3,true
IC,165,OD/86,1111,HP/86,1115,84,8.6,true
IC,165,HP/86,1115,MD/86,1133,84,41.5,true
IC,165,MD/86,1134,SNO/86,1138,76,5.9,true
IC,165,SNO/86,1138,FA/86,1142,76,4.3,true
IC,165,FA/86,1142,End,1142,0,0.0,true
IC,168,Start,1256,FA/86,1256,0,0.0,true
IC,168,FA/86,1256,SNO/86,1259,47,4.3,true
IC,168,SNO/86,1259,MD/86,1263,47,5.9,true
IC,168,MD/86,1265,KA/86,1269,43,6.1,true
IC,168,KA/86,1269,OD/86,1287,43,44.0,true
IC,168,OD/86,1289,MV/86,1294,58,9.3,true
IC,168,MV/86,1294,LV/86,1297,58,4.4,true
IC,168,LV/86,1298,UV/86,1301,58,5.1,true
IC,168,UV/86,1301,NG/86,1305,58,9.9,true
IC,168,NG/86,1307,SPR/86,1313,51,11.4,true
IC,168,SPR/86,1313,KØ/86,1319,51,11.9,true
IC,168,KØ/86,1320,FO/86,1324,48,8.3,true
IC,168,FO/86,1324,SG/86,1328,48,7.1,true
IC,168,SG/86,1330,SO/86,1338,53,14.6,true
IC,168,SO/86,1339,FJ/86,1343,53,6.8,true
IC,168,FJ/86,1343,RG/86,1347,53,7.6,true
IC,168,RG/86,1349,KY/86,1354,52,7.3,true
IC,168,KY/86,1354,RO/86,1364,52,25.3,true
IC,168,RO/86,1366,TRK/86,1368,52,3.1,true
IC,168,TRK/86,1368,HTÅ/86,1373,52,8.7,true
IC,168,HTÅ/86,1374,GL/86,1379,40,8.3,true
IC,168,GL/86,1379,VAL/86,1383,40,7.3,true
IC,168,VAL/86,1384,KH/86,1390,40,3.9,true
IC,168,KH/86,1390,End,1390,0,0.0,true
IC,172,Start,1316,FA/86,1316,0,0.0,true
IC,172,FA/86,1316,SNO/86,1319,42,4.3,true
IC,172,SNO/86,1319,MD/86,1323,42,5.9,true
IC,172,MD/86,1325,KA/86,1328,46,6.1,true
IC,172,KA/86,1328,OD/86,1347,46,44.0,true
IC,172,OD/86,1349,MV/86,1354,61,9.3,true
IC,172,MV/86,1354,LV/86,1357,61,4.4,true
IC,172,LV/86,1358,UV/86,1360,61,5.1,true
IC,172,UV/86,1360,NG/86,1365,61,9.9,true
IC,172,NG/86,1367,SPR/86,1373,54,11.4,true
IC,172,SPR/86,1373,KØ/86,1379,54,11.9,true
IC,172,KØ/86,1380,FO/86,1384,44,8.3,true
IC,172,FO/86,1384,SG/86,1388,44,7.1,true
IC,172,SG/86,1390,SO/86,1398,46,14.6,true
IC,172,SO/86,1399,FJ/86,1403,46,6.8,true
IC,172,FJ/86,1403,RG/86,1407,46,7.6,true
IC,172,RG/86,1409,KY/86,1414,41,7.3,true
IC,172,KY/86,1414,RO/86,1424,41,25.3,true
IC,172,RO/86,1426,TRK/86,1428,45,3.1,true
IC,172,TRK/86,1428,HTÅ/86,1433,45,8.7,true
IC,172,HTÅ/86,1434,GL/86,1439,38,8.3,true
IC,172,GL/86,1439,VAL/86,1443,38,7.3,true
IC,172,VAL/86,1444,KH/86,1450,38,3.9,true
IC,172,KH/86,1450,End,1450,0,0.0,true
IC,173,Start,1121,KK/86,1121,0,0.0,true
IC,173,KK/86,1121,KN/86,1123,50,1.6,true
IC,173,KN/86,1124,KH/86,1127,50,1.5,true
IC,173,KH/86,1130,VAL/86,1133,130,3.9,true
IC,173,VAL/86,1135,HIF/86,1138,130,3.4,true
IC,173,HIF/86,1138,HTÅ/86,1144,130,12.2,true
IC,173,HTÅ/86,1145,HH/86,1148,129,4.7,true
IC,173,HH/86,1148,RO/86,1152,129,7.1,true
IC,173,RO/86,1154,VY/86,1159,100,11.2,true
IC,173,VY/86,1159,RG/86,1169,100,21.4,true
IC,173,RG/86,1171,FJ/86,1176,88,7.6,true
IC,173,FJ/86,1176,SO/86,1179,88,6.8,true
IC,173,SO/86,1180,SG/86,1188,88,14.6,true
IC,173,SG/86,1190,FO/86,1194,66,7.1,true
IC,173,FO/86,1194,KØ/86,1198,66,8.3,true
IC,173,KØ/86,1199,SPR/86,1205,59,11.9,true
IC,173,SPR/86,1205,NG/86,1210,59,11.4,true
IC,173,NG/86,1212,JU/86,1215,47,5.0,true
IC,173,JU/86,1215,LV/86,1220,47,10.0,true
IC,173,LV/86,1221,MV/86,1224,47,4.4,true
IC,173,MV/86,1224,OD/86,1228,47,9.3,true
IC,173,OD/86,1231,HP/86,1235,34,8.6,true
IC,173,HP/86,1235,MD/86,1253,34,41.5,true
IC,173,MD/86,1254,SNO/86,1258,48,5.9,true
IC,173,SNO/86,1258,FA/86,1262,48,4.3,true
IC,173,FA/86,1262,End,1262,0,0.0,true
IC,176,Start,1310,AR/86,1310,0,0.0,true
IC,176,AR/86,1310,KGV/86,1312,82,3.0,false
IC,176,KGV/86,1312,SD/86,1322,82,19.8,false
IC,176,SD/86,1323,HÅ/86,1330,80,14.1,false
IC,176,HÅ/86,1330,HS/86,1337,80,14.5,false
IC,176,HS/86,1339,HED/86,1346,69,16.3,false
IC,176,HED/86,1346,VJ/86,1354,69,15.1,false
IC,176,VJ/86,1356,BET/86,1361,58,10.9,false
IC,176,BET/86,1361,FA/86,1371,58,14.8,false
IC,176,FA/86,1376,SNO/86,1379,58,4.3,true
IC,176,SNO/86,1379,MD/86,1383,58,5.9,true
IC,176,MD/86,1385,KA/86,1389,59,6.1,true
IC,176,KA/86,1389,OD/86,1407,59,44.0,true
IC,176,OD/86,1409,MV/86,1414,68,9.3,true
IC,176,MV/86,1414,LV/86,1417,68,4.4,true
IC,176,LV/86,1418,UV/86,1421,68,5.1,true
IC,176,UV/86,1421,NG/86,1425,68,9.9,true
IC,176,NG/86,1427,SPR/86,1433,68,11.4,true
IC,176,SPR/86,1433,KØ/86,1439,68,11.9,true
IC,176,KØ/86,1440,FO/86,1444,68,8.3,true
IC,176,FO/86,1444,SG/86,1448,68,7.1,true
IC,176,SG/86,1450,SO/86,1458,67,14.6,true
IC,176,SO/86,1459,FJ/86,1463,67,6.8,true
IC,176,FJ/86,1463,RG/86,1467,67,7.6,true
IC,176,RG/86,1469,KY/86,1474,68,7.3,true
IC,176,KY/86,1474,RO/86,1484,68,25.3,true
IC,176,RO/86,1486,TRK/86,1488,66,3.1,true
IC,176,TRK/86,1488,HTÅ/86,1493,66,8.7,true
IC,176,HTÅ/86,1494,GL/86,1499,62,8.3,true
IC,176,GL/86,1499,VAL/86,1503,62,7.3,true
IC,176,VAL/86,1504,KH/86,1510,62,3.9,true
IC,176,KH/86,1510,End,1510,0,0.0,true
IC,177,Start,1174,HGL/86,1174,0,0.0,true
IC,177,HGL/86,1174,KK/86,1178,0,2.1,true
IC,177,KK/86,1181,KN/86,1183,42,1.6,true
IC,177,KN/86,1184,KH/86,1187,42,1.5,true
IC,177,KH/86,1190,VAL/86,1193,120,3.9,true
IC,177,VAL/86,1195,HIF/86,1198,120,3.4,true
IC,177,HIF/86,1198,HTÅ/86,1204,120,12.2,true
IC,177,HTÅ/86,1205,HH/86,1208,125,4.7,true
IC,177,HH/86,1208,RO/86,1212,125,7.1,true
IC,177,RO/86,1214,VY/86,1219,109,11.2,true
IC,177,VY/86,1219,RG/86,1229,109,21.4,true
IC,177,RG/86,1231,FJ/86,1236,107,7.6,true
IC,177,FJ/86,1236,SO/86,1239,107,6.8,true
IC,177,SO/86,1240,SG/86,1248,107,14.6,true
IC,177,SG/86,1250,FO/86,1254,93,7.1,true
IC,177,FO/86,1254,KØ/86,1258,93,8.3,true
IC,177,KØ/86,1259,SPR/86,1265,66,11.9,true
IC,177,SPR/86,1265,NG/86,1270,66,11.4,true
IC,177,NG/86,1272,JU/86,1275,48,5.0,true
IC,177,JU/86,1275,LV/86,1280,48,10.0,true
IC,177,LV/86,1281,MV/86,1284,48,4.4,true
IC,177,MV/86,1284,OD/86,1288,48,9.3,true
IC,177,OD/86,1291,HP/86,1295,29,8.6,true
IC,177,HP/86,1295,MD/86,1313,29,41.5,true
IC,177,MD/86,1314,SNO/86,1318,25,5.9,true
IC,177,SNO/86,1318,FA/86,1322,25,4.3,true
IC,177,FA/86,1322,End,1322,0,0.0,true
L,18,Start,440,AR/86,440,0,0.0,true
L,18,AR/86,440,KGV/86,443,347,3.0,false
L,18,KGV/86,443,SD/86,452,347,19.8,false
L,18,SD/86,454,HÅ/86,461,485,14.1,false
L,18,HÅ/86,461,HS/86,467,485,14.5,false
L,18,HS/86,469,HED/86,477,465,16.3,false
L,18,HED/86,477,VJ/86,484,465,15.1,false
L,18,VJ/86,486,BET/86,491,467,10.9,false
L,18,BET/86,491,FA/86,501,467,14.8,false
L,18,FA/86,507,SNO/86,509,454,4.3,true
L,18,SNO/86,509,OD/86,534,454,56.0,true
L,18,OD/86,537,MV/86,542,492,9.3,true
L,18,MV/86,542,KH/86,606,492,148.8,true
L,18,KH/86,618,BAN/86,621,119,2.4,true
L,18,BAN/86,621,CPH/86,632,119,9.4,true
L,18,CPH/86,632,End,632,0,0.0,true
IC,181,Start,1250,KH/86,1250,0,0.0,true
IC,181,KH/86,1250,VAL/86,1253,166,3.9,true
IC,181,VAL/86,1255,HIF/86,1258,166,3.4,true
IC,181,HIF/86,1258,HTÅ/86,1264,166,12.2,true
IC,181,HTÅ/86,1265,HH/86,1268,154,4.7,true
IC,181,HH/86,1268,RO/86,1272,154,7.1,true
IC,181,RO/86,1274,VY/86,1279,138,11.2,true
IC,181,VY/86,1279,RG/86,1289,138,21.4,true
IC,181,RG/86,1291,FJ/86,1296,121,7.6,true
IC,181,FJ/86,1296,SO/86,1299,121,6.8,true
IC,181,SO/86,1300,SG/86,1308,121,14.6,true
IC,181,SG/86,1310,FO/86,1314,101,7.1,true
IC,181,FO/86,1314,KØ/86,1318,101,8.3,true
IC,181,KØ/86,1319,SPR/86,1325,97,11.9,true
IC,181,SPR/86,1325,NG/86,1330,97,11.4,true
IC,181,NG/86,1332,JU/86,1335,76,5.0,true
IC,181,JU/86,1335,LV/86,1340,76,10.0,true
IC,181,LV/86,1341,MV/86,1344,76,4.4,true
IC,181,MV/86,1344,OD/86,1348,76,9.3,true
IC,181,OD/86,1351,HP/86,1355,75,8.6,true
IC,181,HP/86,1355,MD/86,1373,75,41.5,true
IC,181,MD/86,1374,SNO/86,1378,66,5.9,true
IC,181,SNO/86,1378,FA/86,1382,66,4.3,true
IC,181,FA/86,1388,BK/86,1394,31,11.9,false
IC,181,BK/86,1395,BET/86,1398,31,2.9,false
IC,181,BET/86,1399,VJ/86,1406,31,10.9,false
IC,181,VJ/86,1408,HED/86,1416,30,15.1,false
IC,181,HED/86,1417,HS/86,1426,30,16.3,false
IC,181,HS/86,1428,HÅ/86,1435,24,14.5,false
IC,181,HÅ/86,1435,SD/86,1441,24,14.1,false
IC,181,SD/86,1443,HX/86,1447,20,8.5,false
IC,181,HX/86,1447,VI/86,1452,20,9.6,false
IC,181,VI/86,1453,KGV/86,1455,20,1.7,false
IC,181,KGV/86,1455,AR/86,1458,20,3.0,false
IC,181,AR/86,1458,End,1458,0,0.0,true
IC,182,Start,1370,AR/86,1370,0,0.0,true
IC,182,AR/86,1370,KGV/86,1372,45,3.0,false
IC,182,KGV/86,1372,SD/86,1382,45,19.8,false
IC,182,SD/86,1384,HÅ/86,1390,47,14.1,false
IC,182,HÅ/86,1390,HS/86,1397,47,14.5,false
IC,182,HS/86,1399,HED/86,1407,45,16.3,false
IC,182,HED/86,1407,VJ/86,1414,45,15.1,false
IC,182,VJ/86,1416,BET/86,1421,53,10.9,false
IC,182,BET/86,1421,FA/86,1431,53,14.8,false
IC,182,FA/86,1436,SNO/86,1439,84,4.3,true
IC,182,SNO/86,1439,MD/86,1444,84,5.9,true
IC,182,MD/86,1445,KA/86,1450,83,6.1,true
IC,182,KA/86,1450,OD/86,1470,83,44.0,true
IC,182,OD/86,1473,MV/86,1478,84,9.3,true
IC,182,MV/86,1478,LV/86,1481,84,4.4,true
IC,182,LV/86,1482,UV/86,1485,84,5.1,true
IC,182,UV/86,1485,NG/86,1491,84,9.9,true
IC,182,NG/86,1493,SPR/86,1499,83,11.4,true
IC,182,SPR/86,1499,KØ/86,1506,83,11.9,true
IC,182,KØ/86,1507,FO/86,1512,83,8.3,true
IC,182,FO/86,1512,SG/86,1516,83,7.1,true
IC,182,SG/86,1518,SO/86,1527,82,14.6,true
IC,182,SO/86,1529,FJ/86,1533,82,6.8,true
IC,182,FJ/86,1533,RG/86,1537,82,7.6,true
IC,182,RG/86,1539,KY/86,1545,81,7.3,true
IC,182,KY/86,1545,RO/86,1556,81,25.3,true
IC,182,RO/86,1558,TRK/86,1561,80,3.1,true
IC,182,TRK/86,1561,HTÅ/86,1566,80,8.7,true
IC,182,HTÅ/86,1567,GL/86,1573,79,8.3,true
IC,182,GL/86,1573,VAL/86,1577,79,7.3,true
IC,182,VAL/86,1579,KH/86,1585,79,3.9,true
IC,182,KH/86,1585,End,1585,0,0.0,true
IC,185,Start,1310,KH/86,1310,0,0.0,true
IC,185,KH/86,1310,VAL/86,1313,163,3.9,true
IC,185,VAL/86,1315,HIF/86,1318,163,3.4,true
IC,185,HIF/86,1318,HTÅ/86,1324,163,12.2,true
IC,185,HTÅ/86,1325,HH/86,1328,156,4.7,true
IC,185,HH/86,1328,RO/86,1332,156,7.1,true
IC,185,RO/86,1334,VY/86,1339,113,11.2,true
IC,185,VY/86,1339,RG/86,1349,113,21.4,true
IC,185,RG/86,1351,FJ/86,1356,96,7.6,true
IC,185,FJ/86,1356,SO/86,1359,96,6.8,true
IC,185,SO/86,1360,SG/86,1368,96,14.6,true
IC,185,SG/86,1370,FO/86,1374,71,7.1,true
IC,185,FO/86,1374,KØ/86,1378,71,8.3,true
IC,185,KØ/86,1379,SPR/86,1385,68,11.9,true
IC,185,SPR/86,1385,NG/86,1390,68,11.4,true
IC,185,NG/86,1392,JU/86,1395,57,5.0,true
IC,185,JU/86,1395,LV/86,1400,57,10.0,true
IC,185,LV/86,1401,MV/86,1404,57,4.4,true
IC,185,MV/86,1404,OD/86,1408,57,9.3,true
IC,185,OD/86,1408,End,1408,0,0.0,true
L,19,Start,326,CPH/86,326,0,0.0,true
L,19,CPH/86,326,TÅT/86,329,6,3.3,true
L,19,TÅT/86,329,KH/86,340,6,8.5,true
L,19,KH/86,352,GB/86,355,224,3.2,true
L,19,GB/86,355,OD/86,423,224,154.9,true
L,19,OD/86,426,HP/86,430,332,8.6,true
L,19,HP/86,430,FA/86,454,332,51.7,true
L,19,FA/86,458,BK/86,464,300,11.9,false
L,19,BK/86,464,VJ/86,471,300,13.8,false
L,19,VJ/86,473,HED/86,481,232,15.1,false
L,19,HED/86,481,HS/86,488,232,16.3,false
L,19,HS/86,490,HÅ/86,497,228,14.5,false
L,19,HÅ/86,497,SD/86,504,228,14.1,false
L,19,SD/86,505,HX/86,510,215,8.5,false
L,19,HX/86,510,AR/86,518,215,14.3,false
L,19,AR/86,518,End,518,0,0.0,true
IC,190,Start,40,AR/86,40,0,0.0,true
IC,190,AR/86,40,KGV/86,43,23,3.0,false
IC,190,KGV/86,43,SD/86,54,23,19.8,false
IC,190,SD/86,56,HÅ/86,64,27,14.1,false
IC,190,HÅ/86,64,HS/86,72,27,14.5,false
IC,190,HS/86,74,HED/86,83,29,16.3,false
IC,190,HED/86,83,VJ/86,91,29,15.1,false
IC,190,VJ/86,93,BET/86,100,35,10.9,false
IC,190,BET/86,100,FA/86,111,35,14.8,false
IC,190,FA/86,116,SNO/86,119,37,4.3,true
IC,190,SNO/86,119,MD/86,124,37,5.9,true
IC,190,MD/86,126,KA/86,130,40,6.1,true
IC,190,KA/86,130,OD/86,151,40,44.0,true
IC,190,OD/86,154,MV/86,159,67,9.3,true
IC,190,MV/86,159,NG/86,169,67,19.4,true
IC,190,NG/86,171,SPR/86,177,69,11.4,true
IC,190,SPR/86,177,KØ/86,184,69,11.9,true
IC,190,KØ/86,185,FO/86,191,70,8.3,true
IC,190,FO/86,191,SG/86,195,70,7.1,true
IC,190,SG/86,197,SO/86,206,79,14.6,true
IC,190,SO/86,207,FJ/86,212,79,6.8,true
IC,190,FJ/86,212,RG/86,216,79,7.6,true
IC,190,RG/86,218,KY/86,224,85,7.3,true
IC,190,KY/86,224,RO/86,236,85,25.3,true
IC,190,RO/86,238,TRK/86,240,113,3.1,true
IC,190,TRK/86,240,HTÅ/86,246,113,8.7,true
IC,190,HTÅ/86,247,GL/86,252,151,8.3,true
IC,190,GL/86,252,VAL/86,257,151,7.3,true
IC,190,VAL/86,259,KH/86,265,151,3.9,true
IC,190,KH/86,265,End,265,0,0.0,true
IC,191,Start,1370,KH/86,1370,0,0.0,true
IC,191,KH/86,1370,VAL/86,1373,340,3.9,true
IC,191,VAL/86,1375,HIF/86,1378,340,3.4,true
IC,191,HIF/86,1378,HTÅ/86,1384,340,12.2,true
IC,191,HTÅ/86,1385,HH/86,1388,337,4.7,true
IC,191,HH/86,1388,RO/86,1392,337,7.1,true
IC,191,RO/86,1394,VY/86,1399,303,11.2,true
IC,191,VY/86,1399,RG/86,1409,303,21.4,true
IC,191,RG/86,1411,FJ/86,1416,278,7.6,true
IC,191,FJ/86,1416,SO/86,1419,278,6.8,true
IC,191,SO/86,1420,SG/86,1428,278,14.6,true
IC,191,SG/86,1430,FO/86,1434,248,7.1,true
IC,191,FO/86,1434,KØ/86,1438,248,8.3,true
IC,191,KØ/86,1439,SPR/86,1445,244,11.9,true
IC,191,SPR/86,1445,NG/86,1450,244,11.4,true
IC,191,NG/86,1452,JU/86,1455,240,5.0,true
IC,191,JU/86,1455,LV/86,1460,240,10.0,true
IC,191,LV/86,1461,MV/86,1464,240,4.4,true
IC,191,MV/86,1464,OD/86,1468,240,9.3,true
IC,191,OD/86,1471,HP/86,1475,187,8.6,true
IC,191,HP/86,1475,MD/86,1493,187,41.5,true
IC,191,MD/86,1494,SNO/86,1498,181,5.9,true
IC,191,SNO/86,1498,FA/86,1502,181,4.3,true
IC,191,FA/86,1508,BK/86,1514,170,11.9,false
IC,191,BK/86,1514,VJ/86,1522,170,13.8,false
IC,191,VJ/86,1524,HED/86,1531,125,15.1,false
IC,191,HED/86,1531,HS/86,1538,125,16.3,false
IC,191,HS/86,1540,HÅ/86,1547,80,14.5,false
IC,191,HÅ/86,1547,SD/86,1554,80,14.1,false
IC,191,SD/86,1555,HX/86,1563,37,8.5,false
IC,191,HX/86,1563,AR/86,1578,37,14.3,false
IC,191,AR/86,1578,End,1578,0,0.0,true
IC,193,Start,1430,KH/86,1430,0,0.0,true
IC,193,KH/86,1430,VAL/86,1433,213,3.9,true
IC,193,VAL/86,1435,HIF/86,1438,213,3.4,true
IC,193,HIF/86,1438,HTÅ/86,1444,213,12.2,true
IC,193,HTÅ/86,1445,HH/86,1448,208,4.7,true
IC,193,HH/86,1448,RO/86,1452,208,7.1,true
IC,193,RO/86,1454,VY/86,1459,169,11.2,true
IC,193,VY/86,1459,RG/86,1469,169,21.4,true
IC,193,RG/86,1471,FJ/86,1476,149,7.6,true
IC,193,FJ/86,1476,SO/86,1479,149,6.8,true
IC,193,SO/86,1480,SG/86,1488,149,14.6,true
IC,193,SG/86,1490,FO/86,1494,89,7.1,true
IC,193,FO/86,1494,KØ/86,1498,89,8.3,true
IC,193,KØ/86,1499,SPR/86,1505,83,11.9,true
IC,193,SPR/86,1505,NG/86,1510,83,11.4,true
IC,193,NG/86,1512,JU/86,1515,40,5.0,true
IC,193,JU/86,1515,LV/86,1520,40,10.0,true
IC,193,LV/86,1521,MV/86,1524,40,4.4,true
IC,193,MV/86,1524,OD/86,1528,40,9.3,true
IC,193,OD/86,1528,End,1528,0,0.0,true
RØ,200,Start,320,RO/86,320,0,0.0,true
RØ,200,RO/86,320,TRK/86,323,26,3.1,true
RØ,200,TRK/86,324,HH/86,326,26,4.0,true
RØ,200,HH/86,326,HTÅ/86,329,26,4.7,true
RØ,200,HTÅ/86,331,GL/86,335,60,8.3,true
RØ,200,GL/86,335,NEL/86,340,60,7.6,true
RØ,200,NEL/86,342,KLV/86,344,60,3.2,true
RØ,200,KLV/86,344,ØRE/86,346,60,2.1,true
RØ,200,ØRE/86,347,TÅT/86,349,60,1.6,true
RØ,200,TÅT/86,350,CPH/86,354,60,3.3,true
RØ,200,CPH/86,354,End,354,0,0.0,true
IC,202,Start,307,OD/86,307,0,0.0,true
IC,202,OD/86,307,MV/86,312,23,9.3,true
IC,202,MV/86,312,NG/86,322,23,19.4,true
IC,202,NG/86,324,SPR/86,329,36,11.4,true
IC,202,SPR/86,329,SG/86,342,36,27.3,true
IC,202,SG/86,344,SO/86,351,92,14.6,true
IC,202,SO/86,353,FJ/86,357,92,6.8,true
IC,202,FJ/86,357,RG/86,362,92,7.6,true
IC,202,RG/86,364,KY/86,368,126,7.3,true
IC,202,KY/86,368,RO/86,378,126,25.3,true
IC,202,RO/86,380,TRK/86,383,140,3.1,true
IC,202,TRK/86,384,HH/86,386,140,4.0,true
IC,202,HH/86,386,HTÅ/86,389,140,4.7,true
IC,202,HTÅ/86,391,GL/86,395,162,8.3,true
IC,202,GL/86,395,NEL/86,400,162,7.6,true
IC,202,NEL/86,402,KLV/86,404,162,3.2,true
IC,202,KLV/86,404,ØRE/86,406,162,2.1,true
IC,202,ØRE/86,407,TÅT/86,409,162,1.6,true
IC,202,TÅT/86,410,CPH/86,414,162,3.3,true
IC,202,CPH/86,414,End,414,0,0.0,true
IC,206,Start,369,OD/86,369,0,0.0,true
IC,206,OD/86,369,MV/86,374,54,9.3,true
IC,206,MV/86,374,NG/86,382,54,19.4,true
IC,206,NG/86,384,SPR/86,389,73,11.4,true
IC,206,SPR/86,389,SG/86,402,73,27.3,true
IC,206,SG/86,404,SO/86,411,177,14.6,true
IC,206,SO/86,413,FJ/86,417,177,6.8,true
IC,206,FJ/86,417,RG/86,422,177,7.6,true
IC,206,RG/86,424,KY/86,428,236,7.3,true
IC,206,KY/86,428,RO/86,438,236,25.3,true
IC,206,RO/86,440,TRK/86,443,249,3.1,true
IC,206,TRK/86,444,HH/86,446,249,4.0,true
IC,206,HH/86,446,HTÅ/86,449,249,4.7,true
IC,206,HTÅ/86,451,GL/86,455,243,8.3,true
IC,206,GL/86,455,NEL/86,460,243,7.6,true
IC,206,NEL/86,462,KLV/86,464,243,3.2,true
IC,206,KLV/86,464,ØRE/86,466,243,2.1,true
IC,206,ØRE/86,467,TÅT/86,469,243,1.6,true
IC,206,TÅT/86,470,CPH/86,474,243,3.3,true
IC,206,CPH/86,474,End,474,0,0.0,true
IC,208,Start,429,OD/86,429,0,0.0,true
IC,208,OD/86,429,MV/86,434,104,9.3,true
IC,208,MV/86,434,NG/86,442,104,19.4,true
IC,208,NG/86,444,SPR/86,449,136,11.4,true
IC,208,SPR/86,449,SG/86,462,136,27.3,true
IC,208,SG/86,464,SO/86,471,210,14.6,true
IC,208,SO/86,473,FJ/86,477,210,6.8,true
IC,208,FJ/86,477,RG/86,482,210,7.6,true
IC,208,RG/86,484,KY/86,487,238,7.3,true
IC,208,KY/86,487,RO/86,498,238,25.3,true
IC,208,RO/86,500,TRK/86,503,221,3.1,true
IC,208,TRK/86,504,HH/86,506,221,4.0,true
IC,208,HH/86,506,HTÅ/86,509,221,4.7,true
IC,208,HTÅ/86,511,GL/86,515,219,8.3,true
IC,208,GL/86,515,NEL/86,520,219,7.6,true
IC,208,NEL/86,522,KLV/86,524,219,3.2,true
IC,208,KLV/86,524,ØRE/86,526,219,2.1,true
IC,208,ØRE/86,527,TÅT/86,529,219,1.6,true
IC,208,TÅT/86,530,CPH/86,534,219,3.3,true
IC,208,CPH/86,534,End,534,0,0.0,true
RØ,2085,Start,1258,HG/86,1258,0,0.0,true
RØ,2085,HG/86,1258,SQ/86,1261,48,3.5,true
RØ,2085,SQ/86,1262,GÆ/86,1264,48,2.7,true
RØ,2085,GÆ/86,1265,HUM/86,1268,48,3.7,true
RØ,2085,HUM/86,1269,NI/86,1272,48,3.8,true
RØ,2085,NI/86,1273,OK/86,1277,46,3.4,true
RØ,2085,OK/86,1278,RU/86,1280,46,3.0,true
RØ,2085,RU/86,1281,VB/86,1284,46,4.0,true
RØ,2085,VB/86,1285,SÅ/86,1288,46,3.3,true
RØ,2085,SÅ/86,1289,KL/86,1293,46,5.5,true
RØ,2085,KL/86,1294,HL/86,1299,46,5.5,true
RØ,2085,HL/86,1300,HGL/86,1302,46,2.6,true
RØ,2085,HGL/86,1302,KK/86,1305,46,2.1,true
RØ,2085,KK/86,1307,KN/86,1309,36,1.6,true
RØ,2085,KN/86,1310,KH/86,1313,36,1.5,true
RØ,2085,KH/86,1313,End,1313,0,0.0,true
RØ,2089,Start,1318,HG/86,1318,0,0.0,true
RØ,2089,HG/86,1318,SQ/86,1321,26,3.5,true
RØ,2089,SQ/86,1322,GÆ/86,1324,26,2.7,true
RØ,2089,GÆ/86,1325,HUM/86,1328,26,3.7,true
RØ,2089,HUM/86,1329,NI/86,1332,26,3.8,true
RØ,2089,NI/86,1333,OK/86,1337,36,3.4,true
RØ,2089,OK/86,1338,RU/86,1340,36,3.0,true
RØ,2089,RU/86,1341,VB/86,1344,36,4.0,true
RØ,2089,VB/86,1345,SÅ/86,1348,36,3.3,true
RØ,2089,SÅ/86,1349,KL/86,1353,36,5.5,true
RØ,2089,KL/86,1354,HL/86,1359,36,5.5,true
RØ,2089,HL/86,1360,HGL/86,1362,36,2.6,true
RØ,2089,HGL/86,1362,KK/86,1365,36,2.1,true
RØ,2089,KK/86,1367,KN/86,1369,22,1.6,true
RØ,2089,KN/86,1370,KH/86,1373,22,1.5,true
RØ,2089,KH/86,1373,End,1373,0,0.0,true
RØ,2093,Start,1378,HG/86,1378,0,0.0,true
RØ,2093,HG/86,1378,SQ/86,1381,12,3.5,true
RØ,2093,SQ/86,1382,GÆ/86,1384,12,2.7,true
RØ,2093,GÆ/86,1385,HUM/86,1388,12,3.7,true
RØ,2093,HUM/86,1389,NI/86,1392,12,3.8,true
RØ,2093,NI/86,1393,OK/86,1397,20,3.4,true
RØ,2093,OK/86,1398,RU/86,1400,20,3.0,true
RØ,2093,RU/86,1401,VB/86,1404,20,4.0,true
RØ,2093,VB/86,1405,SÅ/86,1408,20,3.3,true
RØ,2093,SÅ/86,1409,KL/86,1413,20,5.5,true
RØ,2093,KL/86,1414,HL/86,1419,20,5.5,true
RØ,2093,HL/86,1420,HGL/86,1422,20,2.6,true
RØ,2093,HGL/86,1422,KK/86,1425,20,2.1,true
RØ,2093,KK/86,1427,KN/86,1429,12,1.6,true
RØ,2093,KN/86,1430,KH/86,1433,12,1.5,true
RØ,2093,KH/86,1433,End,1433,0,0.0,true
IC,214,Start,490,OD/86,490,0,0.0,true
IC,214,OD/86,490,MV/86,494,60,9.3,true
IC,214,MV/86,494,NG/86,503,60,19.4,true
IC,214,NG/86,505,SPR/86,510,84,11.4,true
IC,214,SPR/86,510,SG/86,522,84,27.3,true
IC,214,SG/86,524,SO/86,531,124,14.6,true
IC,214,SO/86,533,FJ/86,537,124,6.8,true
IC,214,FJ/86,537,RG/86,542,124,7.6,true
IC,214,RG/86,544,KY/86,548,142,7.3,true
IC,214,KY/86,548,RO/86,558,142,25.3,true
IC,214,RO/86,560,TRK/86,563,132,3.1,true
IC,214,TRK/86,564,HH/86,566,132,4.0,true
IC,214,HH/86,566,HTÅ/86,569,132,4.7,true
IC,214,HTÅ/86,571,GL/86,575,143,8.3,true
IC,214,GL/86,575,NEL/86,580,143,7.6,true
IC,214,NEL/86,582,KLV/86,584,143,3.2,true
IC,214,KLV/86,584,ØRE/86,586,143,2.1,true
IC,214,ØRE/86,587,TÅT/86,589,143,1.6,true
IC,214,TÅT/86,590,CPH/86,594,143,3.3,true
IC,214,CPH/86,594,End,594,0,0.0,true
RØ,218,Start,584,SG/86,584,0,0.0,true
RØ,218,SG/86,584,SO/86,591,27,14.6,true
RØ,218,SO/86,593,FJ/86,597,27,6.8,true
RØ,218,FJ/86,597,RG/86,602,27,7.6,true
RØ,218,RG/86,604,KY/86,608,38,7.3,true
RØ,218,KY/86,608,RO/86,618,38,25.3,true
RØ,218,RO/86,620,TRK/86,623,49,3.1,true
RØ,218,TRK/86,624,HH/86,626,49,4.0,true
RØ,218,HH/86,626,HTÅ/86,629,49,4.7,true
RØ,218,HTÅ/86,631,GL/86,635,70,8.3,true
RØ,218,GL/86,635,NEL/86,640,70,7.6,true
RØ,218,NEL/86,642,KLV/86,644,70,3.2,true
RØ,218,KLV/86,644,ØRE/86,646,70,2.1,true
RØ,218,ØRE/86,647,TÅT/86,649,70,1.6,true
RØ,218,TÅT/86,650,CPH/86,654,70,3.3,true
RØ,218,CPH/86,654,End,654,0,0.0,true
L,22,Start,500,AR/86,500,0,0.0,true
L,22,AR/86,500,KGV/86,503,253,3.0,false
L,22,KGV/86,503,SD/86,512,253,19.8,false
L,22,SD/86,514,HÅ/86,521,275,14.1,false
L,22,HÅ/86,521,HS/86,527,275,14.5,false
L,22,HS/86,529,HED/86,537,280,16.3,false
L,22,HED/86,537,VJ/86,544,280,15.1,false
L,22,VJ/86,546,BET/86,551,268,10.9,false
L,22,BET/86,551,FA/86,561,268,14.8,false
L,22,FA/86,567,SNO/86,569,314,4.3,true
L,22,SNO/86,569,OD/86,594,314,56.0,true
L,22,OD/86,597,MV/86,602,337,9.3,true
L,22,MV/86,602,KH/86,666,337,148.8,true
L,22,KH/86,678,BAN/86,681,96,2.4,true
L,22,BAN/86,681,CPH/86,692,96,9.4,true
L,22,CPH/86,692,End,692,0,0.0,true
RØ,2200,Start,307,KH/86,307,0,0.0,true
RØ,2200,KH/86,307,KN/86,309,20,1.5,true
RØ,2200,KN/86,310,KK/86,313,20,1.6,true
RØ,2200,KK/86,314,HGL/86,316,29,2.1,true
RØ,2200,HGL/86,316,HL/86,319,29,2.6,true
RØ,2200,HL/86,320,KL/86,324,29,5.5,true
RØ,2200,KL/86,325,SÅ/86,329,29,5.5,true
RØ,2200,SÅ/86,330,VB/86,333,29,3.3,true
RØ,2200,VB/86,334,RU/86,337,29,4.0,true
RØ,2200,RU/86,338,OK/86,341,29,3.0,true
RØ,2200,OK/86,342,NI/86,345,29,3.4,true
RØ,2200,NI/86,346,HUM/86,349,23,3.8,true
RØ,2200,HUM/86,350,GÆ/86,353,23,3.7,true
RØ,2200,GÆ/86,354,SQ/86,357,23,2.7,true
RØ,2200,SQ/86,358,HG/86,362,23,3.5,true
RØ,2200,HG/86,362,End,362,0,0.0,true
RØ,2202,Start,367,KH/86,367,0,0.0,true
RØ,2202,KH/86,367,KN/86,369,7,1.5,true
RØ,2202,KN/86,370,KK/86,373,7,1.6,true
RØ,2202,KK/86,374,HGL/86,376,19,2.1,true
RØ,2202,HGL/86,376,HL/86,379,19,2.6,true
RØ,2202,HL/86,380,KL/86,384,19,5.5,true
RØ,2202,KL/86,385,SÅ/86,389,19,5.5,true
RØ,2202,SÅ/86,390,VB/86,393,19,3.3,true
RØ,2202,VB/86,394,RU/86,397,19,4.0,true
RØ,2202,RU/86,398,OK/86,401,19,3.0,true
RØ,2202,OK/86,402,NI/86,405,19,3.4,true
RØ,2202,NI/86,406,HUM/86,409,11,3.8,true
RØ,2202,HUM/86,410,GÆ/86,413,11,3.7,true
RØ,2202,GÆ/86,414,SQ/86,417,11,2.7,true
RØ,2202,SQ/86,418,HG/86,422,11,3.5,true
RØ,2202,HG/86,422,End,422,0,0.0,true
RØ,2204,Start,358,NÆ/86,358,0,0.0,true
RØ,2204,NÆ/86,358,GZ/86,366,60,14.8,true
RØ,2204,GZ/86,367,RG/86,373,60,12.0,true
RØ,2204,RG/86,374,KY/86,378,145,7.3,true
RØ,2204,KY/86,378,BO/86,382,145,6.9,true
RØ,2204,BO/86,383,VY/86,388,145,7.2,true
RØ,2204,VY/86,389,RO/86,395,145,11.2,true
RØ,2204,RO/86,397,TRK/86,399,212,3.1,true
RØ,2204,TRK/86,400,HH/86,403,212,4.0,true
RØ,2204,HH/86,404,HTÅ/86,408,212,4.7,true
RØ,2204,HTÅ/86,409,GL/86,413,229,8.3,true
RØ,2204,GL/86,413,VAL/86,417,229,7.3,true
RØ,2204,VAL/86,418,KH/86,424,229,3.9,true
RØ,2204,KH/86,427,KN/86,429,90,1.5,true
RØ,2204,KN/86,430,KK/86,433,90,1.6,true
RØ,2204,KK/86,434,HGL/86,436,75,2.1,true
RØ,2204,HGL/86,436,HL/86,439,75,2.6,true
RØ,2204,HL/86,440,KL/86,444,75,5.5,true
RØ,2204,KL/86,445,SÅ/86,449,75,5.5,true
RØ,2204,SÅ/86,450,VB/86,453,75,3.3,true
RØ,2204,VB/86,454,RU/86,457,75,4.0,true
RØ,2204,RU/86,458,OK/86,461,75,3.0,true
RØ,2204,OK/86,462,NI/86,465,75,3.4,true
RØ,2204,NI/86,466,HUM/86,469,37,3.8,true
RØ,2204,HUM/86,470,GÆ/86,473,37,3.7,true
RØ,2204,GÆ/86,474,SQ/86,477,37,2.7,true
RØ,2204,SQ/86,478,HG/86,482,37,3.5,true
RØ,2204,HG/86,482,End,482,0,0.0,true
RØ,2208,Start,418,NÆ/86,418,0,0.0,true
RØ,2208,NÆ/86,418,GZ/86,426,137,14.8,true
RØ,2208,GZ/86,427,RG/86,433,137,12.0,true
RØ,2208,RG/86,434,KY/86,438,385,7.3,true
RØ,2208,KY/86,438,BO/86,442,385,6.9,true
RØ,2208,BO/86,443,VY/86,448,385,7.2,true
RØ,2208,VY/86,449,RO/86,455,385,11.2,true
RØ,2208,RO/86,457,TRK/86,459,465,3.1,true
RØ,2208,TRK/86,460,HH/86,463,465,4.0,true
RØ,2208,HH/86,464,HTÅ/86,468,465,4.7,true
RØ,2208,HTÅ/86,469,GL/86,473,481,8.3,true
RØ,2208,GL/86,473,VAL/86,477,481,7.3,true
RØ,2208,VAL/86,478,KH/86,484,481,3.9,true
RØ,2208,KH/86,487,KN/86,489,176,1.5,true
RØ,2208,KN/86,490,KK/86,493,176,1.6,true
RØ,2208,KK/86,494,HGL/86,496,118,2.1,true
RØ,2208,HGL/86,496,HL/86,499,118,2.6,true
RØ,2208,HL/86,500,KL/86,504,118,5.5,true
RØ,2208,KL/86,505,SÅ/86,509,118,5.5,true
RØ,2208,SÅ/86,510,VB/86,513,118,3.3,true
RØ,2208,VB/86,514,RU/86,517,118,4.0,true
RØ,2208,RU/86,518,OK/86,521,118,3.0,true
RØ,2208,OK/86,522,NI/86,525,118,3.4,true
RØ,2208,NI/86,526,HUM/86,529,78,3.8,true
RØ,2208,HUM/86,530,GÆ/86,533,78,3.7,true
RØ,2208,GÆ/86,534,SQ/86,537,78,2.7,true
RØ,2208,SQ/86,538,HG/86,542,78,3.5,true
RØ,2208,HG/86,542,End,542,0,0.0,true
RØ,2212,Start,478,NÆ/86,478,0,0.0,true
RØ,2212,NÆ/86,478,GZ/86,486,76,14.8,true
RØ,2212,GZ/86,487,RG/86,493,76,12.0,true
RØ,2212,RG/86,494,KY/86,498,151,7.3,true
RØ,2212,KY/86,498,BO/86,502,151,6.9,true
RØ,2212,BO/86,503,VY/86,508,151,7.2,true
RØ,2212,VY/86,509,RO/86,515,151,11.2,true
RØ,2212,RO/86,517,TRK/86,519,187,3.1,true
RØ,2212,TRK/86,520,HH/86,523,187,4.0,true
RØ,2212,HH/86,524,HTÅ/86,528,187,4.7,true
RØ,2212,HTÅ/86,529,GL/86,533,203,8.3,true
RØ,2212,GL/86,533,VAL/86,537,203,7.3,true
RØ,2212,VAL/86,538,KH/86,544,203,3.9,true
RØ,2212,KH/86,547,KN/86,549,103,1.5,true
RØ,2212,KN/86,550,KK/86,553,103,1.6,true
RØ,2212,KK/86,554,HGL/86,556,76,2.1,true
RØ,2212,HGL/86,556,HL/86,559,76,2.6,true
RØ,2212,HL/86,560,KL/86,564,76,5.5,true
RØ,2212,KL/86,565,SÅ/86,569,76,5.5,true
RØ,2212,SÅ/86,570,VB/86,573,76,3.3,true
RØ,2212,VB/86,574,RU/86,577,76,4.0,true
RØ,2212,RU/86,578,OK/86,581,76,3.0,true
RØ,2212,OK/86,582,NI/86,585,76,3.4,true
RØ,2212,NI/86,586,HUM/86,589,46,3.8,true
RØ,2212,HUM/86,590,GÆ/86,593,46,3.7,true
RØ,2212,GÆ/86,594,SQ/86,597,46,2.7,true
RØ,2212,SQ/86,598,HG/86,602,46,3.5,true
RØ,2212,HG/86,602,End,602,0,0.0,true
RØ,2216,Start,538,NÆ/86,538,0,0.0,true
RØ,2216,NÆ/86,538,GZ/86,546,56,14.8,true
RØ,2216,GZ/86,547,RG/86,553,56,12.0,true
RØ,2216,RG/86,554,KY/86,558,130,7.3,true
RØ,2216,KY/86,558,BO/86,562,130,6.9,true
RØ,2216,BO/86,563,VY/86,568,130,7.2,true
RØ,2216,VY/86,569,RO/86,575,130,11.2,true
RØ,2216,RO/86,577,TRK/86,579,187,3.1,true
RØ,2216,TRK/86,580,HH/86,583,187,4.0,true
RØ,2216,HH/86,584,HTÅ/86,588,187,4.7,true
RØ,2216,HTÅ/86,589,GL/86,593,199,8.3,true
RØ,2216,GL/86,593,VAL/86,597,199,7.3,true
RØ,2216,VAL/86,598,KH/86,604,199,3.9,true
RØ,2216,KH/86,607,KN/86,609,151,1.5,true
RØ,2216,KN/86,610,KK/86,613,151,1.6,true
RØ,2216,KK/86,614,HGL/86,616,84,2.1,true
RØ,2216,HGL/86,616,HL/86,619,84,2.6,true
RØ,2216,HL/86,620,KL/86,624,84,5.5,true
RØ,2216,KL/86,625,SÅ/86,629,84,5.5,true
RØ,2216,SÅ/86,630,VB/86,633,84,3.3,true
RØ,2216,VB/86,634,RU/86,637,84,4.0,true
RØ,2216,RU/86,638,OK/86,641,84,3.0,true
RØ,2216,OK/86,642,NI/86,645,84,3.4,true
RØ,2216,NI/86,646,HUM/86,649,56,3.8,true
RØ,2216,HUM/86,650,GÆ/86,653,56,3.7,true
RØ,2216,GÆ/86,654,SQ/86,657,56,2.7,true
RØ,2216,SQ/86,658,HG/86,662,56,3.5,true
RØ,2216,HG/86,662,End,662,0,0.0,true
RØ,2217,Start,296,KH/86,296,0,0.0,true
RØ,2217,KH/86,296,VAL/86,300,18,3.9,true
RØ,2217,VAL/86,301,HIF/86,303,18,3.4,true
RØ,2217,HIF/86,303,HTÅ/86,310,18,12.2,true
RØ,2217,HTÅ/86,311,HH/86,315,33,4.7,true
RØ,2217,HH/86,316,TRK/86,319,33,4.0,true
RØ,2217,TRK/86,320,RO/86,323,33,3.1,true
RØ,2217,RO/86,324,VY/86,330,36,11.2,true
RØ,2217,VY/86,331,BO/86,336,36,7.2,true
RØ,2217,BO/86,337,KY/86,340,36,6.9,true
RØ,2217,KY/86,340,RG/86,345,36,7.3,true
RØ,2217,RG/86,346,GZ/86,352,23,12.0,true
RØ,2217,GZ/86,353,NÆ/86,362,23,14.8,true
RØ,2217,NÆ/86,362,End,362,0,0.0,true
RØ,2219,Start,298,HG/86,298,0,0.0,true
RØ,2219,HG/86,298,SQ/86,301,36,3.5,true
RØ,2219,SQ/86,302,GÆ/86,304,36,2.7,true
RØ,2219,GÆ/86,305,HUM/86,308,36,3.7,true
RØ,2219,HUM/86,309,NI/86,312,36,3.8,true
RØ,2219,NI/86,313,OK/86,317,57,3.4,true
RØ,2219,OK/86,318,RU/86,320,57,3.0,true
RØ,2219,RU/86,321,VB/86,324,57,4.0,true
RØ,2219,VB/86,325,SÅ/86,328,57,3.3,true
RØ,2219,SÅ/86,329,KL/86,333,57,5.5,true
RØ,2219,KL/86,334,HL/86,339,57,5.5,true
RØ,2219,HL/86,340,HGL/86,342,57,2.6,true
RØ,2219,HGL/86,342,KK/86,345,57,2.1,true
RØ,2219,KK/86,347,KN/86,349,30,1.6,true
RØ,2219,KN/86,350,KH/86,353,30,1.5,true
RØ,2219,KH/86,353,End,353,0,0.0,true
RØ,222,Start,644,SG/86,644,0,0.0,true
RØ,222,SG/86,644,SO/86,651,33,14.6,true
RØ,222,SO/86,653,FJ/86,657,33,6.8,true
RØ,222,FJ/86,657,RG/86,662,33,7.6,true
RØ,222,RG/86,664,KY/86,668,41,7.3,true
RØ,222,KY/86,668,RO/86,678,41,25.3,true
RØ,222,RO/86,680,TRK/86,683,60,3.1,true
RØ,222,TRK/86,684,HH/86,686,60,4.0,true
RØ,222,HH/86,686,HTÅ/86,689,60,4.7,true
RØ,222,HTÅ/86,691,GL/86,695,74,8.3,true
RØ,222,GL/86,695,NEL/86,700,74,7.6,true
RØ,222,NEL/86,702,KLV/86,704,74,3.2,true
RØ,222,KLV/86,704,ØRE/86,706,74,2.1,true
RØ,222,ØRE/86,707,TÅT/86,709,74,1.6,true
RØ,222,TÅT/86,710,CPH/86,714,74,3.3,true
RØ,222,CPH/86,714,End,714,0,0.0,true
RØ,2220,Start,598,NÆ/86,598,0,0.0,true
RØ,2220,NÆ/86,598,GZ/86,606,37,14.8,true
RØ,2220,GZ/86,607,RG/86,613,37,12.0,true
RØ,2220,RG/86,614,KY/86,618,56,7.3,true
RØ,2220,KY/86,618,BO/86,622,56,6.9,true
RØ,2220,BO/86,623,VY/86,628,56,7.2,true
RØ,2220,VY/86,629,RO/86,635,56,11.2,true
RØ,2220,RO/86,637,TRK/86,639,72,3.1,true
RØ,2220,TRK/86,640,HH/86,643,72,4.0,true
RØ,2220,HH/86,644,HTÅ/86,648,72,4.7,true
RØ,2220,HTÅ/86,649,GL/86,653,82,8.3,true
RØ,2220,GL/86,653,VAL/86,657,82,7.3,true
RØ,2220,VAL/86,658,KH/86,664,82,3.9,true
RØ,2220,KH/86,667,KN/86,669,54,1.5,true
RØ,2220,KN/86,670,KK/86,673,54,1.6,true
RØ,2220,KK/86,674,HGL/86,676,82,2.1,true
RØ,2220,HGL/86,676,HL/86,679,82,2.6,true
RØ,2220,HL/86,680,KL/86,684,82,5.5,true
RØ,2220,KL/86,685,SÅ/86,689,82,5.5,true
RØ,2220,SÅ/86,690,VB/86,693,82,3.3,true
RØ,2220,VB/86,694,RU/86,697,82,4.0,true
RØ,2220,RU/86,698,OK/86,701,82,3.0,true
RØ,2220,OK/86,702,NI/86,705,82,3.4,true
RØ,2220,NI/86,706,HUM/86,709,53,3.8,true
RØ,2220,HUM/86,710,GÆ/86,713,53,3.7,true
RØ,2220,GÆ/86,714,SQ/86,717,53,2.7,true
RØ,2220,SQ/86,718,HG/86,722,53,3.5,true
RØ,2220,HG/86,722,End,722,0,0.0,true
RØ,2221,Start,356,KH/86,356,0,0.0,true
RØ,2221,KH/86,356,VAL/86,360,23,3.9,true
RØ,2221,VAL/86,361,HIF/86,363,23,3.4,true
RØ,2221,HIF/86,363,HTÅ/86,370,23,12.2,true
RØ,2221,HTÅ/86,371,HH/86,375,53,4.7,true
RØ,2221,HH/86,376,TRK/86,379,53,4.0,true
RØ,2221,TRK/86,380,RO/86,383,53,3.1,true
RØ,2221,RO/86,384,VY/86,390,55,11.2,true
RØ,2221,VY/86,391,BO/86,396,55,7.2,true
RØ,2221,BO/86,397,KY/86,400,55,6.9,true
RØ,2221,KY/86,400,RG/86,405,55,7.3,true
RØ,2221,RG/86,406,GZ/86,412,36,12.0,true
RØ,2221,GZ/86,413,NÆ/86,422,36,14.8,true
RØ,2221,NÆ/86,422,End,422,0,0.0,true
RØ,2224,Start,658,NÆ/86,658,0,0.0,true
RØ,2224,NÆ/86,658,GZ/86,666,35,14.8,true
RØ,2224,GZ/86,667,RG/86,673,35,12.0,true
RØ,2224,RG/86,674,KY/86,678,62,7.3,true
RØ,2224,KY/86,678,BO/86,682,62,6.9,true
RØ,2224,BO/86,683,VY/86,688,62,7.2,true
RØ,2224,VY/86,689,RO/86,695,62,11.2,true
RØ,2224,RO/86,697,TRK/86,699,86,3.1,true
RØ,2224,TRK/86,700,HH/86,703,86,4.0,true
RØ,2224,HH/86,704,HTÅ/86,708,86,4.7,true
RØ,2224,HTÅ/86,709,GL/86,713,98,8.3,true
RØ,2224,GL/86,713,VAL/86,717,98,7.3,true
RØ,2224,VAL/86,718,KH/86,724,98,3.9,true
RØ,2224,KH/86,727,KN/86,729,60,1.5,true
RØ,2224,KN/86,730,KK/86,733,60,1.6,true
RØ,2224,KK/86,734,HGL/86,736,106,2.1,true
RØ,2224,HGL/86,736,HL/86,739,106,2.6,true
RØ,2224,HL/86,740,KL/86,744,106,5.5,true
RØ,2224,KL/86,745,SÅ/86,749,106,5.5,true
RØ,2224,SÅ/86,750,VB/86,753,106,3.3,true
RØ,2224,VB/86,754,RU/86,757,106,4.0,true
RØ,2224,RU/86,758,OK/86,761,106,3.0,true
RØ,2224,OK/86,762,NI/86,765,106,3.4,true
RØ,2224,NI/86,766,HUM/86,769,65,3.8,true
RØ,2224,HUM/86,770,GÆ/86,773,65,3.7,true
RØ,2224,GÆ/86,774,SQ/86,777,65,2.7,true
RØ,2224,SQ/86,778,HG/86,782,65,3.5,true
RØ,2224,HG/86,782,End,782,0,0.0,true
RØ,2225,Start,358,HG/86,358,0,0.0,true
RØ,2225,HG/86,358,SQ/86,361,79,3.5,true
RØ,2225,SQ/86,362,GÆ/86,364,79,2.7,true
RØ,2225,GÆ/86,365,HUM/86,368,79,3.7,true
RØ,2225,HUM/86,369,NI/86,372,79,3.8,true
RØ,2225,NI/86,373,OK/86,377,137,3.4,true
RØ,2225,OK/86,378,RU/86,380,137,3.0,true
RØ,2225,RU/86,381,VB/86,384,137,4.0,true
RØ,2225,VB/86,385,SÅ/86,388,137,3.3,true
RØ,2225,SÅ/86,389,KL/86,393,137,5.5,true
RØ,2225,KL/86,394,HL/86,399,137,5.5,true
RØ,2225,HL/86,400,HGL/86,402,137,2.6,true
RØ,2225,HGL/86,402,KK/86,405,137,2.1,true
RØ,2225,KK/86,407,KN/86,409,86,1.6,true
RØ,2225,KN/86,410,KH/86,413,86,1.5,true
RØ,2225,KH/86,416,VAL/86,420,140,3.9,true
RØ,2225,VAL/86,421,HIF/86,423,140,3.4,true
RØ,2225,HIF/86,423,HTÅ/86,430,140,12.2,true
RØ,2225,HTÅ/86,431,HH/86,435,192,4.7,true
RØ,2225,HH/86,436,TRK/86,439,192,4.0,true
RØ,2225,TRK/86,440,RO/86,443,192,3.1,true
RØ,2225,RO/86,444,VY/86,450,84,11.2,true
RØ,2225,VY/86,451,BO/86,456,84,7.2,true
RØ,2225,BO/86,457,KY/86,460,84,6.9,true
RØ,2225,KY/86,460,RG/86,465,84,7.3,true
RØ,2225,RG/86,466,GZ/86,472,48,12.0,true
RØ,2225,GZ/86,473,NÆ/86,482,48,14.8,true
RØ,2225,NÆ/86,482,End,482,0,0.0,true
RØ,2228,Start,718,NÆ/86,718,0,0.0,true
RØ,2228,NÆ/86,718,GZ/86,726,34,14.8,true
RØ,2228,GZ/86,727,RG/86,733,34,12.0,true
RØ,2228,RG/86,734,KY/86,738,56,7.3,true
RØ,2228,KY/86,738,BO/86,742,56,6.9,true
RØ,2228,BO/86,743,VY/86,748,56,7.2,true
RØ,2228,VY/86,749,RO/86,755,56,11.2,true
RØ,2228,RO/86,757,TRK/86,759,87,3.1,true
RØ,2228,TRK/86,760,HH/86,763,87,4.0,true
RØ,2228,HH/86,764,HTÅ/86,768,87,4.7,true
RØ,2228,HTÅ/86,769,GL/86,773,95,8.3,true
RØ,2228,GL/86,773,VAL/86,777,95,7.3,true
RØ,2228,VAL/86,778,KH/86,784,95,3.9,true
RØ,2228,KH/86,787,KN/86,789,64,1.5,true
RØ,2228,KN/86,790,KK/86,793,64,1.6,true
RØ,2228,KK/86,794,HGL/86,796,113,2.1,true
RØ,2228,HGL/86,796,HL/86,799,113,2.6,true
RØ,2228,HL/86,800,KL/86,804,113,5.5,true
RØ,2228,KL/86,805,SÅ/86,809,113,5.5,true
RØ,2228,SÅ/86,810,VB/86,813,113,3.3,true
RØ,2228,VB/86,814,RU/86,817,113,4.0,true
RØ,2228,RU/86,818,OK/86,821,113,3.0,true
RØ,2228,OK/86,822,NI/86,825,113,3.4,true
RØ,2228,NI/86,826,HUM/86,829,73,3.8,true
RØ,2228,HUM/86,830,GÆ/86,833,73,3.7,true
RØ,2228,GÆ/86,834,SQ/86,837,73,2.7,true
RØ,2228,SQ/86,838,HG/86,842,73,3.5,true
RØ,2228,HG/86,842,End,842,0,0.0,true
RØ,2229,Start,418,HG/86,418,0,0.0,true
RØ,2229,HG/86,418,SQ/86,421,152,3.5,true
RØ,2229,SQ/86,422,GÆ/86,424,152,2.7,true
RØ,2229,GÆ/86,425,HUM/86,428,152,3.7,true
RØ,2229,HUM/86,429,NI/86,432,152,3.8,true
RØ,2229,NI/86,433,OK/86,437,398,3.4,true
RØ,2229,OK/86,438,RU/86,440,398,3.0,true
RØ,2229,RU/86,441,VB/86,444,398,4.0,true
RØ,2229,VB/86,445,SÅ/86,448,398,3.3,true
RØ,2229,SÅ/86,449,KL/86,453,398,5.5,true
RØ,2229,KL/86,454,HL/86,459,398,5.5,true
RØ,2229,HL/86,460,HGL/86,462,398,2.6,true
RØ,2229,HGL/86,462,KK/86,465,398,2.1,true
RØ,2229,KK/86,467,KN/86,469,260,1.6,true
RØ,2229,KN/86,470,KH/86,473,260,1.5,true
RØ,2229,KH/86,476,VAL/86,480,269,3.9,true
RØ,2229,VAL/86,481,HIF/86,483,269,3.4,true
RØ,2229,HIF/86,483,HTÅ/86,490,269,12.2,true
RØ,2229,HTÅ/86,491,HH/86,495,244,4.7,true
RØ,2229,HH/86,496,TRK/86,499,244,4.0,true
RØ,2229,TRK/86,500,RO/86,503,244,3.1,true
RØ,2229,RO/86,504,VY/86,510,102,11.2,true
RØ,2229,VY/86,511,BO/86,516,102,7.2,true
RØ,2229,BO/86,517,KY/86,520,102,6.9,true
RØ,2229,KY/86,520,RG/86,525,102,7.3,true
RØ,2229,RG/86,526,GZ/86,532,45,12.0,true
RØ,2229,GZ/86,533,NÆ/86,542,45,14.8,true
RØ,2229,NÆ/86,542,End,542,0,0.0,true
IC,223,Start,365,CPH/86,365,0,0.0,true
IC,223,CPH/86,365,TÅT/86,367,32,3.3,true
IC,223,TÅT/86,368,ØRE/86,370,32,1.6,true
IC,223,ØRE/86,371,KLV/86,374,32,2.1,true
IC,223,KLV/86,374,NEL/86,376,32,3.2,true
IC,223,NEL/86,378,IG/86,380,32,1.6,true
IC,223,IG/86,380,HTÅ/86,388,32,14.3,true
IC,223,HTÅ/86,389,HH/86,392,62,4.7,true
IC,223,HH/86,392,TRK/86,395,62,4.0,true
IC,223,TRK/86,396,RO/86,399,62,3.1,true
IC,223,RO/86,401,VY/86,406,128,11.2,true
IC,223,VY/86,406,RG/86,416,128,21.4,true
IC,223,RG/86,418,FJ/86,423,143,7.6,true
IC,223,FJ/86,423,SO/86,426,143,6.8,true
IC,223,SO/86,427,SG/86,435,143,14.6,true
IC,223,SG/86,437,FO/86,440,162,7.1,true
IC,223,FO/86,440,NG/86,453,162,31.6,true
IC,223,NG/86,455,JU/86,458,188,5.0,true
IC,223,JU/86,458,OD/86,468,188,23.7,true
IC,223,OD/86,468,End,468,0,0.0,true
RØ,2232,Start,778,NÆ/86,778,0,0.0,true
RØ,2232,NÆ/86,778,GZ/86,786,38,14.8,true
RØ,2232,GZ/86,787,RG/86,793,38,12.0,true
RØ,2232,RG/86,794,KY/86,798,60,7.3,true
RØ,2232,KY/86,798,BO/86,802,60,6.9,true
RØ,2232,BO/86,803,VY/86,808,60,7.2,true
RØ,2232,VY/86,809,RO/86,815,60,11.2,true
RØ,2232,RO/86,817,TRK/86,819,133,3.1,true
RØ,2232,TRK/86,820,HH/86,823,133,4.0,true
RØ,2232,HH/86,824,HTÅ/86,828,133,4.7,true
RØ,2232,HTÅ/86,829,GL/86,833,143,8.3,true
RØ,2232,GL/86,833,VAL/86,837,143,7.3,true
RØ,2232,VAL/86,838,KH/86,844,143,3.9,true
RØ,2232,KH/86,847,KN/86,849,77,1.5,true
RØ,2232,KN/86,850,KK/86,853,77,1.6,true
RØ,2232,KK/86,854,HGL/86,856,130,2.1,true
RØ,2232,HGL/86,856,HL/86,859,130,2.6,true
RØ,2232,HL/86,860,KL/86,864,130,5.5,true
RØ,2232,KL/86,865,SÅ/86,869,130,5.5,true
RØ,2232,SÅ/86,870,VB/86,873,130,3.3,true
RØ,2232,VB/86,874,RU/86,877,130,4.0,true
RØ,2232,RU/86,878,OK/86,881,130,3.0,true
RØ,2232,OK/86,882,NI/86,885,130,3.4,true
RØ,2232,NI/86,886,HUM/86,889,72,3.8,true
RØ,2232,HUM/86,890,GÆ/86,893,72,3.7,true
RØ,2232,GÆ/86,894,SQ/86,897,72,2.7,true
RØ,2232,SQ/86,898,HG/86,902,72,3.5,true
RØ,2232,HG/86,902,End,902,0,0.0,true
RØ,2233,Start,478,HG/86,478,0,0.0,true
RØ,2233,HG/86,478,SQ/86,481,124,3.5,true
RØ,2233,SQ/86,482,GÆ/86,484,124,2.7,true
RØ,2233,GÆ/86,485,HUM/86,488,124,3.7,true
RØ,2233,HUM/86,489,NI/86,492,124,3.8,true
RØ,2233,NI/86,493,OK/86,497,377,3.4,true
RØ,2233,OK/86,498,RU/86,500,377,3.0,true
RØ,2233,RU/86,501,VB/86,504,377,4.0,true
RØ,2233,VB/86,505,SÅ/86,508,377,3.3,true
RØ,2233,SÅ/86,509,KL/86,513,377,5.5,true
RØ,2233,KL/86,514,HL/86,519,377,5.5,true
RØ,2233,HL/86,520,HGL/86,522,377,2.6,true
RØ,2233,HGL/86,522,KK/86,525,377,2.1,true
RØ,2233,KK/86,527,KN/86,529,220,1.6,true
RØ,2233,KN/86,530,KH/86,533,220,1.5,true
RØ,2233,KH/86,536,VAL/86,540,136,3.9,true
RØ,2233,VAL/86,541,HIF/86,543,136,3.4,true
RØ,2233,HIF/86,543,HTÅ/86,550,136,12.2,true
RØ,2233,HTÅ/86,551,HH/86,555,140,4.7,true
RØ,2233,HH/86,556,TRK/86,559,140,4.0,true
RØ,2233,TRK/86,560,RO/86,563,140,3.1,true
RØ,2233,RO/86,564,VY/86,570,59,11.2,true
RØ,2233,VY/86,571,BO/86,576,59,7.2,true
RØ,2233,BO/86,577,KY/86,580,59,6.9,true
RØ,2233,KY/86,580,RG/86,585,59,7.3,true
RØ,2233,RG/86,586,GZ/86,592,33,12.0,true
RØ,2233,GZ/86,593,NÆ/86,602,33,14.8,true
RØ,2233,NÆ/86,602,End,602,0,0.0,true
RØ,2236,Start,838,NÆ/86,838,0,0.0,true
RØ,2236,NÆ/86,838,GZ/86,846,51,14.8,true
RØ,2236,GZ/86,847,RG/86,853,51,12.0,true
RØ,2236,RG/86,854,KY/86,858,71,7.3,true
RØ,2236,KY/86,858,BO/86,862,71,6.9,true
RØ,2236,BO/86,863,VY/86,868,71,7.2,true
RØ,2236,VY/86,869,RO/86,875,71,11.2,true
RØ,2236,RO/86,877,TRK/86,879,145,3.1,true
RØ,2236,TRK/86,880,HH/86,883,145,4.0,true
RØ,2236,HH/86,884,HTÅ/86,888,145,4.7,true
RØ,2236,HTÅ/86,889,GL/86,893,180,8.3,true
RØ,2236,GL/86,893,VAL/86,897,180,7.3,true
RØ,2236,VAL/86,898,KH/86,904,180,3.9,true
RØ,2236,KH/86,907,KN/86,909,181,1.5,true
RØ,2236,KN/86,910,KK/86,913,181,1.6,true
RØ,2236,KK/86,914,HGL/86,916,323,2.1,true
RØ,2236,HGL/86,916,HL/86,919,323,2.6,true
RØ,2236,HL/86,920,KL/86,924,323,5.5,true
RØ,2236,KL/86,925,SÅ/86,929,323,5.5,true
RØ,2236,SÅ/86,930,VB/86,933,323,3.3,true
RØ,2236,VB/86,934,RU/86,937,323,4.0,true
RØ,2236,RU/86,938,OK/86,941,323,3.0,true
RØ,2236,OK/86,942,NI/86,945,323,3.4,true
RØ,2236,NI/86,946,HUM/86,949,145,3.8,true
RØ,2236,HUM/86,950,GÆ/86,953,145,3.7,true
RØ,2236,GÆ/86,954,SQ/86,957,145,2.7,true
RØ,2236,SQ/86,958,HG/86,962,145,3.5,true
RØ,2236,HG/86,962,End,962,0,0.0,true
RØ,2237,Start,538,HG/86,538,0,0.0,true
RØ,2237,HG/86,538,SQ/86,541,39,3.5,true
RØ,2237,SQ/86,542,GÆ/86,544,39,2.7,true
RØ,2237,GÆ/86,545,HUM/86,548,39,3.7,true
RØ,2237,HUM/86,549,NI/86,552,39,3.8,true
RØ,2237,NI/86,553,OK/86,557,99,3.4,true
RØ,2237,OK/86,558,RU/86,560,99,3.0,true
RØ,2237,RU/86,561,VB/86,564,99,4.0,true
RØ,2237,VB/86,565,SÅ/86,568,99,3.3,true
RØ,2237,SÅ/86,569,KL/86,573,99,5.5,true
RØ,2237,KL/86,574,HL/86,579,99,5.5,true
RØ,2237,HL/86,580,HGL/86,582,99,2.6,true
RØ,2237,HGL/86,582,KK/86,585,99,2.1,true
RØ,2237,KK/86,587,KN/86,589,64,1.6,true
RØ,2237,KN/86,590,KH/86,593,64,1.5,true
RØ,2237,KH/86,596,VAL/86,600,75,3.9,true
RØ,2237,VAL/86,601,HIF/86,603,75,3.4,true
RØ,2237,HIF/86,603,HTÅ/86,610,75,12.2,true
RØ,2237,HTÅ/86,611,HH/86,615,81,4.7,true
RØ,2237,HH/86,616,TRK/86,619,81,4.0,true
RØ,2237,TRK/86,620,RO/86,623,81,3.1,true
RØ,2237,RO/86,624,VY/86,630,45,11.2,true
RØ,2237,VY/86,631,BO/86,636,45,7.2,true
RØ,2237,BO/86,637,KY/86,640,45,6.9,true
RØ,2237,KY/86,640,RG/86,645,45,7.3,true
RØ,2237,RG/86,646,GZ/86,652,23,12.0,true
RØ,2237,GZ/86,653,NÆ/86,662,23,14.8,true
RØ,2237,NÆ/86,662,End,662,0,0.0,true
RØ,2240,Start,898,NÆ/86,898,0,0.0,true
RØ,2240,NÆ/86,898,GZ/86,906,66,14.8,true
RØ,2240,GZ/86,907,RG/86,913,66,12.0,true
RØ,2240,RG/86,914,KY/86,918,96,7.3,true
RØ,2240,KY/86,918,BO/86,922,96,6.9,true
RØ,2240,BO/86,923,VY/86,928,96,7.2,true
RØ,2240,VY/86,929,RO/86,935,96,11.2,true
RØ,2240,RO/86,937,TRK/86,939,213,3.1,true
RØ,2240,TRK/86,940,HH/86,943,213,4.0,true
RØ,2240,HH/86,944,HTÅ/86,948,213,4.7,true
RØ,2240,HTÅ/86,949,GL/86,953,282,8.3,true
RØ,2240,GL/86,953,VAL/86,957,282,7.3,true
RØ,2240,VAL/86,958,KH/86,964,282,3.9,true
RØ,2240,KH/86,967,KN/86,969,246,1.5,true
RØ,2240,KN/86,970,KK/86,973,246,1.6,true
RØ,2240,KK/86,974,HGL/86,976,415,2.1,true
RØ,2240,HGL/86,976,HL/86,979,415,2.6,true
RØ,2240,HL/86,980,KL/86,984,415,5.5,true
RØ,2240,KL/86,985,SÅ/86,989,415,5.5,true
RØ,2240,SÅ/86,990,VB/86,993,415,3.3,true
RØ,2240,VB/86,994,RU/86,997,415,4.0,true
RØ,2240,RU/86,998,OK/86,1001,415,3.0,true
RØ,2240,OK/86,1002,NI/86,1005,415,3.4,true
RØ,2240,NI/86,1006,HUM/86,1009,156,3.8,true
RØ,2240,HUM/86,1010,GÆ/86,1013,156,3.7,true
RØ,2240,GÆ/86,1014,SQ/86,1017,156,2.7,true
RØ,2240,SQ/86,1018,HG/86,1022,156,3.5,true
RØ,2240,HG/86,1022,End,1022,0,0.0,true
RØ,2241,Start,598,HG/86,598,0,0.0,true
RØ,2241,HG/86,598,SQ/86,601,55,3.5,true
RØ,2241,SQ/86,602,GÆ/86,604,55,2.7,true
RØ,2241,GÆ/86,605,HUM/86,608,55,3.7,true
RØ,2241,HUM/86,609,NI/86,612,55,3.8,true
RØ,2241,NI/86,613,OK/86,617,106,3.4,true
RØ,2241,OK/86,618,RU/86,620,106,3.0,true
RØ,2241,RU/86,621,VB/86,624,106,4.0,true
RØ,2241,VB/86,625,SÅ/86,628,106,3.3,true
RØ,2241,SÅ/86,629,KL/86,633,106,5.5,true
RØ,2241,KL/86,634,HL/86,639,106,5.5,true
RØ,2241,HL/86,640,HGL/86,642,106,2.6,true
RØ,2241,HGL/86,642,KK/86,645,106,2.1,true
RØ,2241,KK/86,647,KN/86,649,73,1.6,true
RØ,2241,KN/86,650,KH/86,653,73,1.5,true
RØ,2241,KH/86,656,VAL/86,660,75,3.9,true
RØ,2241,VAL/86,661,HIF/86,663,75,3.4,true
RØ,2241,HIF/86,663,HTÅ/86,670,75,12.2,true
RØ,2241,HTÅ/86,671,HH/86,675,82,4.7,true
RØ,2241,HH/86,676,TRK/86,679,82,4.0,true
RØ,2241,TRK/86,680,RO/86,683,82,3.1,true
RØ,2241,RO/86,684,VY/86,690,51,11.2,true
RØ,2241,VY/86,691,BO/86,696,51,7.2,true
RØ,2241,BO/86,697,KY/86,700,51,6.9,true
RØ,2241,KY/86,700,RG/86,705,51,7.3,true
RØ,2241,RG/86,706,GZ/86,712,28,12.0,true
RØ,2241,GZ/86,713,NÆ/86,722,28,14.8,true
RØ,2241,NÆ/86,722,End,722,0,0.0,true
RØ,2244,Start,958,NÆ/86,958,0,0.0,true
RØ,2244,NÆ/86,958,GZ/86,966,72,14.8,true
RØ,2244,GZ/86,967,RG/86,973,72,12.0,true
RØ,2244,RG/86,974,KY/86,978,108,7.3,true
RØ,2244,KY/86,978,BO/86,982,108,6.9,true
RØ,2244,BO/86,983,VY/86,988,108,7.2,true
RØ,2244,VY/86,989,RO/86,995,108,11.2,true
RØ,2244,RO/86,997,TRK/86,999,191,3.1,true
RØ,2244,TRK/86,1000,HH/86,1003,191,4.0,true
RØ,2244,HH/86,1004,HTÅ/86,1008,191,4.7,true
RØ,2244,HTÅ/86,1009,GL/86,1013,250,8.3,true
RØ,2244,GL/86,1013,VAL/86,1017,250,7.3,true
RØ,2244,VAL/86,1018,KH/86,1024,250,3.9,true
RØ,2244,KH/86,1027,KN/86,1029,206,1.5,true
RØ,2244,KN/86,1030,KK/86,1033,206,1.6,true
RØ,2244,KK/86,1034,HGL/86,1036,319,2.1,true
RØ,2244,HGL/86,1036,HL/86,1039,319,2.6,true
RØ,2244,HL/86,1040,KL/86,1044,319,5.5,true
RØ,2244,KL/86,1045,SÅ/86,1049,319,5.5,true
RØ,2244,SÅ/86,1050,VB/86,1053,319,3.3,true
RØ,2244,VB/86,1054,RU/86,1057,319,4.0,true
RØ,2244,RU/86,1058,OK/86,1061,319,3.0,true
RØ,2244,OK/86,1062,NI/86,1065,319,3.4,true
RØ,2244,NI/86,1066,HUM/86,1069,119,3.8,true
RØ,2244,HUM/86,1070,GÆ/86,1073,119,3.7,true
RØ,2244,GÆ/86,1074,SQ/86,1077,119,2.7,true
RØ,2244,SQ/86,1078,HG/86,1082,119,3.5,true
RØ,2244,HG/86,1082,End,1082,0,0.0,true
RØ,2245,Start,658,HG/86,658,0,0.0,true
RØ,2245,HG/86,658,SQ/86,661,59,3.5,true
RØ,2245,SQ/86,662,GÆ/86,664,59,2.7,true
RØ,2245,GÆ/86,665,HUM/86,668,59,3.7,true
RØ,2245,HUM/86,669,NI/86,672,59,3.8,true
RØ,2245,NI/86,673,OK/86,677,109,3.4,true
RØ,2245,OK/86,678,RU/86,680,109,3.0,true
RØ,2245,RU/86,681,VB/86,684,109,4.0,true
RØ,2245,VB/86,685,SÅ/86,688,109,3.3,true
RØ,2245,SÅ/86,689,KL/86,693,109,5.5,true
RØ,2245,KL/86,694,HL/86,699,109,5.5,true
RØ,2245,HL/86,700,HGL/86,702,109,2.6,true
RØ,2245,HGL/86,702,KK/86,705,109,2.1,true
RØ,2245,KK/86,707,KN/86,709,68,1.6,true
RØ,2245,KN/86,710,KH/86,713,68,1.5,true
RØ,2245,KH/86,716,VAL/86,720,94,3.9,true
RØ,2245,VAL/86,721,HIF/86,723,94,3.4,true
RØ,2245,HIF/86,723,HTÅ/86,730,94,12.2,true
RØ,2245,HTÅ/86,731,HH/86,735,110,4.7,true
RØ,2245,HH/86,736,TRK/86,739,110,4.0,true
RØ,2245,TRK/86,740,RO/86,743,110,3.1,true
RØ,2245,RO/86,744,VY/86,750,73,11.2,true
RØ,2245,VY/86,751,BO/86,756,73,7.2,true
RØ,2245,BO/86,757,KY/86,760,73,6.9,true
RØ,2245,KY/86,760,RG/86,765,73,7.3,true
RØ,2245,RG/86,766,GZ/86,772,36,12.0,true
RØ,2245,GZ/86,773,NÆ/86,782,36,14.8,true
RØ,2245,NÆ/86,782,End,782,0,0.0,true
RØ,2248,Start,1018,NÆ/86,1018,0,0.0,true
RØ,2248,NÆ/86,1018,GZ/86,1026,38,14.8,true
RØ,2248,GZ/86,1027,RG/86,1033,38,12.0,true
RØ,2248,RG/86,1034,KY/86,1038,52,7.3,true
RØ,2248,KY/86,1038,BO/86,1042,52,6.9,true
RØ,2248,BO/86,1043,VY/86,1048,52,7.2,true
RØ,2248,VY/86,1049,RO/86,1055,52,11.2,true
RØ,2248,RO/86,1057,TRK/86,1059,77,3.1,true
RØ,2248,TRK/86,1060,HH/86,1063,77,4.0,true
RØ,2248,HH/86,1064,HTÅ/86,1068,77,4.7,true
RØ,2248,HTÅ/86,1069,GL/86,1073,98,8.3,true
RØ,2248,GL/86,1073,VAL/86,1077,98,7.3,true
RØ,2248,VAL/86,1078,KH/86,1084,98,3.9,true
RØ,2248,KH/86,1087,KN/86,1089,70,1.5,true
RØ,2248,KN/86,1090,KK/86,1093,70,1.6,true
RØ,2248,KK/86,1094,HGL/86,1096,109,2.1,true
RØ,2248,HGL/86,1096,HL/86,1099,109,2.6,true
RØ,2248,HL/86,1100,KL/86,1104,109,5.5,true
RØ,2248,KL/86,1105,SÅ/86,1109,109,5.5,true
RØ,2248,SÅ/86,1110,VB/86,1113,109,3.3,true
RØ,2248,VB/86,1114,RU/86,1117,109,4.0,true
RØ,2248,RU/86,1118,OK/86,1121,109,3.0,true
RØ,2248,OK/86,1122,NI/86,1125,109,3.4,true
RØ,2248,NI/86,1126,HUM/86,1129,44,3.8,true
RØ,2248,HUM/86,1130,GÆ/86,1133,44,3.7,true
RØ,2248,GÆ/86,1134,SQ/86,1137,44,2.7,true
RØ,2248,SQ/86,1138,HG/86,1142,44,3.5,true
RØ,2248,HG/86,1142,End,1142,0,0.0,true
RØ,2249,Start,718,HG/86,718,0,0.0,true
RØ,2249,HG/86,718,SQ/86,721,57,3.5,true
RØ,2249,SQ/86,722,GÆ/86,724,57,2.7,true
RØ,2249,GÆ/86,725,HUM/86,728,57,3.7,true
RØ,2249,HUM/86,729,NI/86,732,57,3.8,true
RØ,2249,NI/86,733,OK/86,737,99,3.4,true
RØ,2249,OK/86,738,RU/86,740,99,3.0,true
RØ,2249,RU/86,741,VB/86,744,99,4.0,true
RØ,2249,VB/86,745,SÅ/86,748,99,3.3,true
RØ,2249,SÅ/86,749,KL/86,753,99,5.5,true
RØ,2249,KL/86,754,HL/86,759,99,5.5,true
RØ,2249,HL/86,760,HGL/86,762,99,2.6,true
RØ,2249,HGL/86,762,KK/86,765,99,2.1,true
RØ,2249,KK/86,767,KN/86,769,66,1.6,true
RØ,2249,KN/86,770,KH/86,773,66,1.5,true
RØ,2249,KH/86,776,VAL/86,780,95,3.9,true
RØ,2249,VAL/86,781,HIF/86,783,95,3.4,true
RØ,2249,HIF/86,783,HTÅ/86,790,95,12.2,true
RØ,2249,HTÅ/86,791,HH/86,795,109,4.7,true
RØ,2249,HH/86,796,TRK/86,799,109,4.0,true
RØ,2249,TRK/86,800,RO/86,803,109,3.1,true
RØ,2249,RO/86,804,VY/86,810,88,11.2,true
RØ,2249,VY/86,811,BO/86,816,88,7.2,true
RØ,2249,BO/86,817,KY/86,820,88,6.9,true
RØ,2249,KY/86,820,RG/86,825,88,7.3,true
RØ,2249,RG/86,826,GZ/86,832,46,12.0,true
RØ,2249,GZ/86,833,NÆ/86,842,46,14.8,true
RØ,2249,NÆ/86,842,End,842,0,0.0,true
RØ,2252,Start,1078,NÆ/86,1078,0,0.0,true
RØ,2252,NÆ/86,1078,GZ/86,1086,20,14.8,true
RØ,2252,GZ/86,1087,RG/86,1093,20,12.0,true
RØ,2252,RG/86,1094,KY/86,1098,23,7.3,true
RØ,2252,KY/86,1098,BO/86,1102,23,6.9,true
RØ,2252,BO/86,1103,VY/86,1108,23,7.2,true
RØ,2252,VY/86,1109,RO/86,1115,23,11.2,true
RØ,2252,RO/86,1117,TRK/86,1119,40,3.1,true
RØ,2252,TRK/86,1120,HH/86,1123,40,4.0,true
RØ,2252,HH/86,1124,HTÅ/86,1128,40,4.7,true
RØ,2252,HTÅ/86,1129,GL/86,1133,53,8.3,true
RØ,2252,GL/86,1133,VAL/86,1137,53,7.3,true
RØ,2252,VAL/86,1138,KH/86,1144,53,3.9,true
RØ,2252,KH/86,1147,KN/86,1149,51,1.5,true
RØ,2252,KN/86,1150,KK/86,1153,51,1.6,true
RØ,2252,KK/86,1154,HGL/86,1156,89,2.1,true
RØ,2252,HGL/86,1156,HL/86,1159,89,2.6,true
RØ,2252,HL/86,1160,KL/86,1164,89,5.5,true
RØ,2252,KL/86,1165,SÅ/86,1169,89,5.5,true
RØ,2252,SÅ/86,1170,VB/86,1173,89,3.3,true
RØ,2252,VB/86,1174,RU/86,1177,89,4.0,true
RØ,2252,RU/86,1178,OK/86,1181,89,3.0,true
RØ,2252,OK/86,1182,NI/86,1185,89,3.4,true
RØ,2252,NI/86,1186,HUM/86,1189,48,3.8,true
RØ,2252,HUM/86,1190,GÆ/86,1193,48,3.7,true
RØ,2252,GÆ/86,1194,SQ/86,1197,48,2.7,true
RØ,2252,SQ/86,1198,HG/86,1202,48,3.5,true
RØ,2252,HG/86,1202,End,1202,0,0.0,true
RØ,2253,Start,778,HG/86,778,0,0.0,true
RØ,2253,HG/86,778,SQ/86,781,58,3.5,true
RØ,2253,SQ/86,782,GÆ/86,784,58,2.7,true
RØ,2253,GÆ/86,785,HUM/86,788,58,3.7,true
RØ,2253,HUM/86,789,NI/86,792,58,3.8,true
RØ,2253,NI/86,793,OK/86,797,99,3.4,true
RØ,2253,OK/86,798,RU/86,800,99,3.0,true
RØ,2253,RU/86,801,VB/86,804,99,4.0,true
RØ,2253,VB/86,805,SÅ/86,808,99,3.3,true
RØ,2253,SÅ/86,809,KL/86,813,99,5.5,true
RØ,2253,KL/86,814,HL/86,819,99,5.5,true
RØ,2253,HL/86,820,HGL/86,822,99,2.6,true
RØ,2253,HGL/86,822,KK/86,825,99,2.1,true
RØ,2253,KK/86,827,KN/86,829,81,1.6,true
RØ,2253,KN/86,830,KH/86,833,81,1.5,true
RØ,2253,KH/86,836,VAL/86,840,154,3.9,true
RØ,2253,VAL/86,841,HIF/86,843,154,3.4,true
RØ,2253,HIF/86,843,HTÅ/86,850,154,12.2,true
RØ,2253,HTÅ/86,851,HH/86,855,190,4.7,true
RØ,2253,HH/86,856,TRK/86,859,190,4.0,true
RØ,2253,TRK/86,860,RO/86,863,190,3.1,true
RØ,2253,RO/86,864,VY/86,870,197,11.2,true
RØ,2253,VY/86,871,BO/86,876,197,7.2,true
RØ,2253,BO/86,877,KY/86,880,197,6.9,true
RØ,2253,KY/86,880,RG/86,885,197,7.3,true
RØ,2253,RG/86,886,GZ/86,892,93,12.0,true
RØ,2253,GZ/86,893,NÆ/86,902,93,14.8,true
RØ,2253,NÆ/86,902,End,902,0,0.0,true
RØ,2256,Start,1138,NÆ/86,1138,0,0.0,true
RØ,2256,NÆ/86,1138,GZ/86,1146,19,14.8,true
RØ,2256,GZ/86,1147,RG/86,1153,19,12.0,true
RØ,2256,RG/86,1154,KY/86,1158,31,7.3,true
RØ,2256,KY/86,1158,BO/86,1162,31,6.9,true
RØ,2256,BO/86,1163,VY/86,1168,31,7.2,true
RØ,2256,VY/86,1169,RO/86,1175,31,11.2,true
RØ,2256,RO/86,1177,TRK/86,1179,34,3.1,true
RØ,2256,TRK/86,1180,HH/86,1183,34,4.0,true
RØ,2256,HH/86,1184,HTÅ/86,1188,34,4.7,true
RØ,2256,HTÅ/86,1189,GL/86,1193,37,8.3,true
RØ,2256,GL/86,1193,VAL/86,1197,37,7.3,true
RØ,2256,VAL/86,1198,KH/86,1204,37,3.9,true
RØ,2256,KH/86,1207,KN/86,1209,86,1.5,true
RØ,2256,KN/86,1210,KK/86,1213,86,1.6,true
RØ,2256,KK/86,1214,HGL/86,1216,104,2.1,true
RØ,2256,HGL/86,1216,HL/86,1219,104,2.6,true
RØ,2256,HL/86,1220,KL/86,1224,104,5.5,true
RØ,2256,KL/86,1225,SÅ/86,1229,104,5.5,true
RØ,2256,SÅ/86,1230,VB/86,1233,104,3.3,true
RØ,2256,VB/86,1234,RU/86,1237,104,4.0,true
RØ,2256,RU/86,1238,OK/86,1241,104,3.0,true
RØ,2256,OK/86,1242,NI/86,1245,104,3.4,true
RØ,2256,NI/86,1246,HUM/86,1249,75,3.8,true
RØ,2256,HUM/86,1250,GÆ/86,1253,75,3.7,true
RØ,2256,GÆ/86,1254,SQ/86,1257,75,2.7,true
RØ,2256,SQ/86,1258,HG/86,1262,75,3.5,true
RØ,2256,HG/86,1262,End,1262,0,0.0,true
RØ,2257,Start,838,HG/86,838,0,0.0,true
RØ,2257,HG/86,838,SQ/86,841,73,3.5,true
RØ,2257,SQ/86,842,GÆ/86,844,73,2.7,true
RØ,2257,GÆ/86,845,HUM/86,848,73,3.7,true
RØ,2257,HUM/86,849,NI/86,852,73,3.8,true
RØ,2257,NI/86,853,OK/86,857,117,3.4,true
RØ,2257,OK/86,858,RU/86,860,117,3.0,true
RØ,2257,RU/86,861,VB/86,864,117,4.0,true
RØ,2257,VB/86,865,SÅ/86,868,117,3.3,true
RØ,2257,SÅ/86,869,KL/86,873,117,5.5,true
RØ,2257,KL/86,874,HL/86,879,117,5.5,true
RØ,2257,HL/86,880,HGL/86,882,117,2.6,true
RØ,2257,HGL/86,882,KK/86,885,117,2.1,true
RØ,2257,KK/86,887,KN/86,889,115,1.6,true
RØ,2257,KN/86,890,KH/86,893,115,1.5,true
RØ,2257,KH/86,896,VAL/86,900,249,3.9,true
RØ,2257,VAL/86,901,HIF/86,903,249,3.4,true
RØ,2257,HIF/86,903,HTÅ/86,910,249,12.2,true
RØ,2257,HTÅ/86,911,HH/86,915,305,4.7,true
RØ,2257,HH/86,916,TRK/86,919,305,4.0,true
RØ,2257,TRK/86,920,RO/86,923,305,3.1,true
RØ,2257,RO/86,924,VY/86,930,275,11.2,true
RØ,2257,VY/86,931,BO/86,936,275,7.2,true
RØ,2257,BO/86,937,KY/86,940,275,6.9,true
RØ,2257,KY/86,940,RG/86,945,275,7.3,true
RØ,2257,RG/86,946,GZ/86,952,154,12.0,true
RØ,2257,GZ/86,953,NÆ/86,962,154,14.8,true
RØ,2257,NÆ/86,962,End,962,0,0.0,true
RØ,226,Start,704,SG/86,704,0,0.0,true
RØ,226,SG/86,704,SO/86,711,34,14.6,true
RØ,226,SO/86,713,FJ/86,717,34,6.8,true
RØ,226,FJ/86,717,RG/86,722,34,7.6,true
RØ,226,RG/86,724,KY/86,728,47,7.3,true
RØ,226,KY/86,728,RO/86,738,47,25.3,true
RØ,226,RO/86,740,TRK/86,743,80,3.1,true
RØ,226,TRK/86,744,HH/86,746,80,4.0,true
RØ,226,HH/86,746,HTÅ/86,749,80,4.7,true
RØ,226,HTÅ/86,751,GL/86,755,87,8.3,true
RØ,226,GL/86,755,NEL/86,760,87,7.6,true
RØ,226,NEL/86,762,KLV/86,764,87,3.2,true
RØ,226,KLV/86,764,ØRE/86,766,87,2.1,true
RØ,226,ØRE/86,767,TÅT/86,769,87,1.6,true
RØ,226,TÅT/86,770,CPH/86,774,87,3.3,true
RØ,226,CPH/86,774,End,774,0,0.0,true
RØ,2260,Start,1198,NÆ/86,1198,0,0.0,true
RØ,2260,NÆ/86,1198,GZ/86,1206,16,14.8,true
RØ,2260,GZ/86,1207,RG/86,1213,16,12.0,true
RØ,2260,RG/86,1214,KY/86,1218,28,7.3,true
RØ,2260,KY/86,1218,BO/86,1222,28,6.9,true
RØ,2260,BO/86,1223,VY/86,1228,28,7.2,true
RØ,2260,VY/86,1229,RO/86,1235,28,11.2,true
RØ,2260,RO/86,1237,TRK/86,1239,28,3.1,true
RØ,2260,TRK/86,1240,HH/86,1243,28,4.0,true
RØ,2260,HH/86,1244,HTÅ/86,1248,28,4.7,true
RØ,2260,HTÅ/86,1249,GL/86,1253,41,8.3,true
RØ,2260,GL/86,1253,VAL/86,1257,41,7.3,true
RØ,2260,VAL/86,1258,KH/86,1264,41,3.9,true
RØ,2260,KH/86,1267,KN/86,1269,67,1.5,true
RØ,2260,KN/86,1270,KK/86,1273,67,1.6,true
RØ,2260,KK/86,1274,HGL/86,1276,88,2.1,true
RØ,2260,HGL/86,1276,HL/86,1279,88,2.6,true
RØ,2260,HL/86,1280,KL/86,1284,88,5.5,true
RØ,2260,KL/86,1285,SÅ/86,1289,88,5.5,true
RØ,2260,SÅ/86,1290,VB/86,1293,88,3.3,true
RØ,2260,VB/86,1294,RU/86,1297,88,4.0,true
RØ,2260,RU/86,1298,OK/86,1301,88,3.0,true
RØ,2260,OK/86,1302,NI/86,1305,88,3.4,true
RØ,2260,NI/86,1306,HUM/86,1309,47,3.8,true
RØ,2260,HUM/86,1310,GÆ/86,1313,47,3.7,true
RØ,2260,GÆ/86,1314,SQ/86,1317,47,2.7,true
RØ,2260,SQ/86,1318,HG/86,1322,47,3.5,true
RØ,2260,HG/86,1322,End,1322,0,0.0,true
RØ,2261,Start,898,HG/86,898,0,0.0,true
RØ,2261,HG/86,898,SQ/86,901,100,3.5,true
RØ,2261,SQ/86,902,GÆ/86,904,100,2.7,true
RØ,2261,GÆ/86,905,HUM/86,908,100,3.7,true
RØ,2261,HUM/86,909,NI/86,912,100,3.8,true
RØ,2261,NI/86,913,OK/86,917,168,3.4,true
RØ,2261,OK/86,918,RU/86,920,168,3.0,true
RØ,2261,RU/86,921,VB/86,924,168,4.0,true
RØ,2261,VB/86,925,SÅ/86,928,168,3.3,true
RØ,2261,SÅ/86,929,KL/86,933,168,5.5,true
RØ,2261,KL/86,934,HL/86,939,168,5.5,true
RØ,2261,HL/86,940,HGL/86,942,168,2.6,true
RØ,2261,HGL/86,942,KK/86,945,168,2.1,true
RØ,2261,KK/86,947,KN/86,949,189,1.6,true
RØ,2261,KN/86,950,KH/86,953,189,1.5,true
RØ,2261,KH/86,956,VAL/86,960,370,3.9,true
RØ,2261,VAL/86,961,HIF/86,963,370,3.4,true
RØ,2261,HIF/86,963,HTÅ/86,970,370,12.2,true
RØ,2261,HTÅ/86,971,HH/86,975,437,4.7,true
RØ,2261,HH/86,976,TRK/86,979,437,4.0,true
RØ,2261,TRK/86,980,RO/86,983,437,3.1,true
RØ,2261,RO/86,984,VY/86,990,325,11.2,true
RØ,2261,VY/86,991,BO/86,996,325,7.2,true
RØ,2261,BO/86,997,KY/86,1000,325,6.9,true
RØ,2261,KY/86,1000,RG/86,1005,325,7.3,true
RØ,2261,RG/86,1006,GZ/86,1012,181,12.0,true
RØ,2261,GZ/86,1013,NÆ/86,1022,181,14.8,true
RØ,2261,NÆ/86,1022,End,1022,0,0.0,true
RØ,2264,Start,1258,NÆ/86,1258,0,0.0,true
RØ,2264,NÆ/86,1258,GZ/86,1266,25,14.8,true
RØ,2264,GZ/86,1267,RG/86,1273,25,12.0,true
RØ,2264,RG/86,1274,KY/86,1278,24,7.3,true
RØ,2264,KY/86,1278,BO/86,1282,24,6.9,true
RØ,2264,BO/86,1283,VY/86,1288,24,7.2,true
RØ,2264,VY/86,1289,RO/86,1295,24,11.2,true
RØ,2264,RO/86,1297,TRK/86,1299,30,3.1,true
RØ,2264,TRK/86,1300,HH/86,1303,30,4.0,true
RØ,2264,HH/86,1304,HTÅ/86,1308,30,4.7,true
RØ,2264,HTÅ/86,1309,GL/86,1313,33,8.3,true
RØ,2264,GL/86,1313,VAL/86,1317,33,7.3,true
RØ,2264,VAL/86,1318,KH/86,1324,33,3.9,true
RØ,2264,KH/86,1327,KN/86,1329,82,1.5,true
RØ,2264,KN/86,1330,KK/86,1333,82,1.6,true
RØ,2264,KK/86,1334,HGL/86,1336,125,2.1,true
RØ,2264,HGL/86,1336,HL/86,1339,125,2.6,true
RØ,2264,HL/86,1340,KL/86,1344,125,5.5,true
RØ,2264,KL/86,1345,SÅ/86,1349,125,5.5,true
RØ,2264,SÅ/86,1350,VB/86,1353,125,3.3,true
RØ,2264,VB/86,1354,RU/86,1357,125,4.0,true
RØ,2264,RU/86,1358,OK/86,1361,125,3.0,true
RØ,2264,OK/86,1362,NI/86,1365,125,3.4,true
RØ,2264,NI/86,1366,HUM/86,1369,62,3.8,true
RØ,2264,HUM/86,1370,GÆ/86,1373,62,3.7,true
RØ,2264,GÆ/86,1374,SQ/86,1377,62,2.7,true
RØ,2264,SQ/86,1378,HG/86,1382,62,3.5,true
RØ,2264,HG/86,1382,End,1382,0,0.0,true
RØ,2265,Start,958,HG/86,958,0,0.0,true
RØ,2265,HG/86,958,SQ/86,961,56,3.5,true
RØ,2265,SQ/86,962,GÆ/86,964,56,2.7,true
RØ,2265,GÆ/86,965,HUM/86,968,56,3.7,true
RØ,2265,HUM/86,969,NI/86,972,56,3.8,true
RØ,2265,NI/86,973,OK/86,977,110,3.4,true
RØ,2265,OK/86,978,RU/86,980,110,3.0,true
RØ,2265,RU/86,981,VB/86,984,110,4.0,true
RØ,2265,VB/86,985,SÅ/86,988,110,3.3,true
RØ,2265,SÅ/86,989,KL/86,993,110,5.5,true
RØ,2265,KL/86,994,HL/86,999,110,5.5,true
RØ,2265,HL/86,1000,HGL/86,1002,110,2.6,true
RØ,2265,HGL/86,1002,KK/86,1005,110,2.1,true
RØ,2265,KK/86,1007,KN/86,1009,168,1.6,true
RØ,2265,KN/86,1010,KH/86,1013,168,1.5,true
RØ,2265,KH/86,1016,VAL/86,1020,308,3.9,true
RØ,2265,VAL/86,1021,HIF/86,1023,308,3.4,true
RØ,2265,HIF/86,1023,HTÅ/86,1030,308,12.2,true
RØ,2265,HTÅ/86,1031,HH/86,1035,340,4.7,true
RØ,2265,HH/86,1036,TRK/86,1039,340,4.0,true
RØ,2265,TRK/86,1040,RO/86,1043,340,3.1,true
RØ,2265,RO/86,1044,VY/86,1050,215,11.2,true
RØ,2265,VY/86,1051,BO/86,1056,215,7.2,true
RØ,2265,BO/86,1057,KY/86,1060,215,6.9,true
RØ,2265,KY/86,1060,RG/86,1065,215,7.3,true
RØ,2265,RG/86,1066,GZ/86,1072,96,12.0,true
RØ,2265,GZ/86,1073,NÆ/86,1082,96,14.8,true
RØ,2265,NÆ/86,1082,End,1082,0,0.0,true
RØ,2268,Start,1318,NÆ/86,1318,0,0.0,true
RØ,2268,NÆ/86,1318,GZ/86,1326,10,14.8,true
RØ,2268,GZ/86,1327,RG/86,1333,10,12.0,true
RØ,2268,RG/86,1334,KY/86,1338,30,7.3,true
RØ,2268,KY/86,1338,BO/86,1342,30,6.9,true
RØ,2268,BO/86,1343,VY/86,1348,30,7.2,true
RØ,2268,VY/86,1349,RO/86,1355,30,11.2,true
RØ,2268,RO/86,1357,TRK/86,1359,53,3.1,true
RØ,2268,TRK/86,1360,HH/86,1363,53,4.0,true
RØ,2268,HH/86,1364,HTÅ/86,1368,53,4.7,true
RØ,2268,HTÅ/86,1369,GL/86,1373,50,8.3,true
RØ,2268,GL/86,1373,VAL/86,1377,50,7.3,true
RØ,2268,VAL/86,1378,KH/86,1384,50,3.9,true
RØ,2268,KH/86,1387,KN/86,1389,63,1.5,true
RØ,2268,KN/86,1390,KK/86,1393,63,1.6,true
RØ,2268,KK/86,1394,HGL/86,1396,94,2.1,true
RØ,2268,HGL/86,1396,HL/86,1399,94,2.6,true
RØ,2268,HL/86,1400,KL/86,1404,94,5.5,true
RØ,2268,KL/86,1405,SÅ/86,1409,94,5.5,true
RØ,2268,SÅ/86,1410,VB/86,1413,94,3.3,true
RØ,2268,VB/86,1414,RU/86,1417,94,4.0,true
RØ,2268,RU/86,1418,OK/86,1421,94,3.0,true
RØ,2268,OK/86,1422,NI/86,1425,94,3.4,true
RØ,2268,NI/86,1426,HUM/86,1429,49,3.8,true
RØ,2268,HUM/86,1430,GÆ/86,1433,49,3.7,true
RØ,2268,GÆ/86,1434,SQ/86,1437,49,2.7,true
RØ,2268,SQ/86,1438,HG/86,1442,49,3.5,true
RØ,2268,HG/86,1442,End,1442,0,0.0,true
RØ,2269,Start,1018,HG/86,1018,0,0.0,true
RØ,2269,HG/86,1018,SQ/86,1021,33,3.5,true
RØ,2269,SQ/86,1022,GÆ/86,1024,33,2.7,true
RØ,2269,GÆ/86,1025,HUM/86,1028,33,3.7,true
RØ,2269,HUM/86,1029,NI/86,1032,33,3.8,true
RØ,2269,NI/86,1033,OK/86,1037,87,3.4,true
RØ,2269,OK/86,1038,RU/86,1040,87,3.0,true
RØ,2269,RU/86,1041,VB/86,1044,87,4.0,true
RØ,2269,VB/86,1045,SÅ/86,1048,87,3.3,true
RØ,2269,SÅ/86,1049,KL/86,1053,87,5.5,true
RØ,2269,KL/86,1054,HL/86,1059,87,5.5,true
RØ,2269,HL/86,1060,HGL/86,1062,87,2.6,true
RØ,2269,HGL/86,1062,KK/86,1065,87,2.1,true
RØ,2269,KK/86,1067,KN/86,1069,89,1.6,true
RØ,2269,KN/86,1070,KH/86,1073,89,1.5,true
RØ,2269,KH/86,1076,VAL/86,1080,145,3.9,true
RØ,2269,VAL/86,1081,HIF/86,1083,145,3.4,true
RØ,2269,HIF/86,1083,HTÅ/86,1090,145,12.2,true
RØ,2269,HTÅ/86,1091,HH/86,1095,155,4.7,true
RØ,2269,HH/86,1096,TRK/86,1099,155,4.0,true
RØ,2269,TRK/86,1100,RO/86,1103,155,3.1,true
RØ,2269,RO/86,1104,VY/86,1110,113,11.2,true
RØ,2269,VY/86,1111,BO/86,1116,113,7.2,true
RØ,2269,BO/86,1117,KY/86,1120,113,6.9,true
RØ,2269,KY/86,1120,RG/86,1125,113,7.3,true
RØ,2269,RG/86,1126,GZ/86,1132,54,12.0,true
RØ,2269,GZ/86,1133,NÆ/86,1142,54,14.8,true
RØ,2269,NÆ/86,1142,End,1142,0,0.0,true
IC,227,Start,425,CPH/86,425,0,0.0,true
IC,227,CPH/86,425,TÅT/86,427,150,3.3,true
IC,227,TÅT/86,428,ØRE/86,430,150,1.6,true
IC,227,ØRE/86,431,KLV/86,434,150,2.1,true
IC,227,KLV/86,434,NEL/86,436,150,3.2,true
IC,227,NEL/86,438,IG/86,440,150,1.6,true
IC,227,IG/86,440,HTÅ/86,448,150,14.3,true
IC,227,HTÅ/86,449,HH/86,452,167,4.7,true
IC,227,HH/86,452,TRK/86,455,167,4.0,true
IC,227,TRK/86,456,RO/86,459,167,3.1,true
IC,227,RO/86,461,VY/86,466,205,11.2,true
IC,227,VY/86,466,RG/86,476,205,21.4,true
IC,227,RG/86,478,FJ/86,483,208,7.6,true
IC,227,FJ/86,483,SO/86,486,208,6.8,true
IC,227,SO/86,487,SG/86,495,208,14.6,true
IC,227,SG/86,497,FO/86,501,178,7.1,true
IC,227,FO/86,501,NG/86,515,178,31.6,true
IC,227,NG/86,517,JU/86,520,171,5.0,true
IC,227,JU/86,520,OD/86,530,171,23.7,true
IC,227,OD/86,530,End,530,0,0.0,true
RØ,2270,Start,1365,NÆ/86,1365,0,0.0,true
RØ,2270,NÆ/86,1365,GZ/86,1373,3,14.8,true
RØ,2270,GZ/86,1374,RG/86,1380,3,12.0,true
RØ,2270,RG/86,1381,KY/86,1385,7,7.3,true
RØ,2270,KY/86,1385,BO/86,1389,7,6.9,true
RØ,2270,BO/86,1390,VY/86,1394,7,7.2,true
RØ,2270,VY/86,1395,RO/86,1402,7,11.2,true
RØ,2270,RO/86,1403,TRK/86,1406,20,3.1,true
RØ,2270,TRK/86,1407,HH/86,1410,20,4.0,true
RØ,2270,HH/86,1411,HTÅ/86,1414,20,4.7,true
RØ,2270,HTÅ/86,1416,GL/86,1420,15,8.3,true
RØ,2270,GL/86,1420,VAL/86,1424,15,7.3,true
RØ,2270,VAL/86,1425,KH/86,1430,15,3.9,true
RØ,2270,KH/86,1430,End,1430,0,0.0,true
RØ,2272,Start,7,KH/86,7,0,0.0,true
RØ,2272,KH/86,7,KN/86,9,16,1.5,true
RØ,2272,KN/86,10,KK/86,13,16,1.6,true
RØ,2272,KK/86,14,HGL/86,16,29,2.1,true
RØ,2272,HGL/86,16,HL/86,19,29,2.6,true
RØ,2272,HL/86,20,KL/86,24,29,5.5,true
RØ,2272,KL/86,25,SÅ/86,29,29,5.5,true
RØ,2272,SÅ/86,30,VB/86,33,29,3.3,true
RØ,2272,VB/86,34,RU/86,37,29,4.0,true
RØ,2272,RU/86,38,OK/86,41,29,3.0,true
RØ,2272,OK/86,42,NI/86,45,29,3.4,true
RØ,2272,NI/86,46,HUM/86,49,15,3.8,true
RØ,2272,HUM/86,50,GÆ/86,53,15,3.7,true
RØ,2272,GÆ/86,54,SQ/86,57,15,2.7,true
RØ,2272,SQ/86,58,HG/86,62,15,3.5,true
RØ,2272,HG/86,62,End,62,0,0.0,true
RØ,2273,Start,1078,HG/86,1078,0,0.0,true
RØ,2273,HG/86,1078,SQ/86,1081,20,3.5,true
RØ,2273,SQ/86,1082,GÆ/86,1084,20,2.7,true
RØ,2273,GÆ/86,1085,HUM/86,1088,20,3.7,true
RØ,2273,HUM/86,1089,NI/86,1092,20,3.8,true
RØ,2273,NI/86,1093,OK/86,1097,50,3.4,true
RØ,2273,OK/86,1098,RU/86,1100,50,3.0,true
RØ,2273,RU/86,1101,VB/86,1104,50,4.0,true
RØ,2273,VB/86,1105,SÅ/86,1108,50,3.3,true
RØ,2273,SÅ/86,1109,KL/86,1113,50,5.5,true
RØ,2273,KL/86,1114,HL/86,1119,50,5.5,true
RØ,2273,HL/86,1120,HGL/86,1122,50,2.6,true
RØ,2273,HGL/86,1122,KK/86,1125,50,2.1,true
RØ,2273,KK/86,1127,KN/86,1129,58,1.6,true
RØ,2273,KN/86,1130,KH/86,1133,58,1.5,true
RØ,2273,KH/86,1136,VAL/86,1140,90,3.9,true
RØ,2273,VAL/86,1141,HIF/86,1143,90,3.4,true
RØ,2273,HIF/86,1143,HTÅ/86,1150,90,12.2,true
RØ,2273,HTÅ/86,1151,HH/86,1155,98,4.7,true
RØ,2273,HH/86,1156,TRK/86,1159,98,4.0,true
RØ,2273,TRK/86,1160,RO/86,1163,98,3.1,true
RØ,2273,RO/86,1164,VY/86,1170,76,11.2,true
RØ,2273,VY/86,1171,BO/86,1176,76,7.2,true
RØ,2273,BO/86,1177,KY/86,1180,76,6.9,true
RØ,2273,KY/86,1180,RG/86,1185,76,7.3,true
RØ,2273,RG/86,1186,GZ/86,1192,42,12.0,true
RØ,2273,GZ/86,1193,NÆ/86,1202,42,14.8,true
RØ,2273,NÆ/86,1202,End,1202,0,0.0,true
RØ,2277,Start,1138,HG/86,1138,0,0.0,true
RØ,2277,HG/86,1138,SQ/86,1141,29,3.5,true
RØ,2277,SQ/86,1142,GÆ/86,1144,29,2.7,true
RØ,2277,GÆ/86,1145,HUM/86,1148,29,3.7,true
RØ,2277,HUM/86,1149,NI/86,1152,29,3.8,true
RØ,2277,NI/86,1153,OK/86,1157,44,3.4,true
RØ,2277,OK/86,1158,RU/86,1160,44,3.0,true
RØ,2277,RU/86,1161,VB/86,1164,44,4.0,true
RØ,2277,VB/86,1165,SÅ/86,1168,44,3.3,true
RØ,2277,SÅ/86,1169,KL/86,1173,44,5.5,true
RØ,2277,KL/86,1174,HL/86,1179,44,5.5,true
RØ,2277,HL/86,1180,HGL/86,1182,44,2.6,true
RØ,2277,HGL/86,1182,KK/86,1185,44,2.1,true
RØ,2277,KK/86,1187,KN/86,1189,57,1.6,true
RØ,2277,KN/86,1190,KH/86,1193,57,1.5,true
RØ,2277,KH/86,1196,VAL/86,1200,90,3.9,true
RØ,2277,VAL/86,1201,HIF/86,1203,90,3.4,true
RØ,2277,HIF/86,1203,HTÅ/86,1210,90,12.2,true
RØ,2277,HTÅ/86,1211,HH/86,1215,95,4.7,true
RØ,2277,HH/86,1216,TRK/86,1219,95,4.0,true
RØ,2277,TRK/86,1220,RO/86,1223,95,3.1,true
RØ,2277,RO/86,1224,VY/86,1230,65,11.2,true
RØ,2277,VY/86,1231,BO/86,1236,65,7.2,true
RØ,2277,BO/86,1237,KY/86,1240,65,6.9,true
RØ,2277,KY/86,1240,RG/86,1245,65,7.3,true
RØ,2277,RG/86,1246,GZ/86,1252,46,12.0,true
RØ,2277,GZ/86,1253,NÆ/86,1262,46,14.8,true
RØ,2277,NÆ/86,1262,End,1262,0,0.0,true
RØ,2281,Start,1198,HG/86,1198,0,0.0,true
RØ,2281,HG/86,1198,SQ/86,1201,31,3.5,true
RØ,2281,SQ/86,1202,GÆ/86,1204,31,2.7,true
RØ,2281,GÆ/86,1205,HUM/86,1208,31,3.7,true
RØ,2281,HUM/86,1209,NI/86,1212,31,3.8,true
RØ,2281,NI/86,1213,OK/86,1217,65,3.4,true
RØ,2281,OK/86,1218,RU/86,1220,65,3.0,true
RØ,2281,RU/86,1221,VB/86,1224,65,4.0,true
RØ,2281,VB/86,1225,SÅ/86,1228,65,3.3,true
RØ,2281,SÅ/86,1229,KL/86,1233,65,5.5,true
RØ,2281,KL/86,1234,HL/86,1239,65,5.5,true
RØ,2281,HL/86,1240,HGL/86,1242,65,2.6,true
RØ,2281,HGL/86,1242,KK/86,1245,65,2.1,true
RØ,2281,KK/86,1247,KN/86,1249,81,1.6,true
RØ,2281,KN/86,1250,KH/86,1253,81,1.5,true
RØ,2281,KH/86,1256,VAL/86,1260,87,3.9,true
RØ,2281,VAL/86,1261,HIF/86,1263,87,3.4,true
RØ,2281,HIF/86,1263,HTÅ/86,1270,87,12.2,true
RØ,2281,HTÅ/86,1271,HH/86,1275,76,4.7,true
RØ,2281,HH/86,1276,TRK/86,1279,76,4.0,true
RØ,2281,TRK/86,1280,RO/86,1283,76,3.1,true
RØ,2281,RO/86,1284,VY/86,1290,60,11.2,true
RØ,2281,VY/86,1291,BO/86,1296,60,7.2,true
RØ,2281,BO/86,1297,KY/86,1300,60,6.9,true
RØ,2281,KY/86,1300,RG/86,1305,60,7.3,true
RØ,2281,RG/86,1306,GZ/86,1312,27,12.0,true
RØ,2281,GZ/86,1313,NÆ/86,1322,27,14.8,true
RØ,2281,NÆ/86,1322,End,1322,0,0.0,true
RØ,2287,Start,1273,HG/86,1273,0,0.0,true
RØ,2287,HG/86,1273,SQ/86,1276,30,3.5,true
RØ,2287,SQ/86,1277,GÆ/86,1279,30,2.7,true
RØ,2287,GÆ/86,1280,HUM/86,1283,30,3.7,true
RØ,2287,HUM/86,1284,NI/86,1287,30,3.8,true
RØ,2287,NI/86,1288,OK/86,1292,40,3.4,true
RØ,2287,OK/86,1293,RU/86,1295,40,3.0,true
RØ,2287,RU/86,1296,VB/86,1299,40,4.0,true
RØ,2287,VB/86,1300,SÅ/86,1303,40,3.3,true
RØ,2287,SÅ/86,1304,KL/86,1308,40,5.5,true
RØ,2287,KL/86,1309,HL/86,1314,40,5.5,true
RØ,2287,HL/86,1315,HGL/86,1317,40,2.6,true
RØ,2287,HGL/86,1317,KK/86,1320,40,2.1,true
RØ,2287,KK/86,1322,KN/86,1324,84,1.6,true
RØ,2287,KN/86,1325,KH/86,1328,84,1.5,true
RØ,2287,KH/86,1331,VAL/86,1334,184,3.9,true
RØ,2287,VAL/86,1335,HIF/86,1338,184,3.4,true
RØ,2287,HIF/86,1338,HTÅ/86,1344,184,12.2,true
RØ,2287,HTÅ/86,1345,HH/86,1349,152,4.7,true
RØ,2287,HH/86,1350,TRK/86,1353,152,4.0,true
RØ,2287,TRK/86,1354,RO/86,1356,152,3.1,true
RØ,2287,RO/86,1358,VY/86,1364,76,11.2,true
RØ,2287,VY/86,1365,BO/86,1370,76,7.2,true
RØ,2287,BO/86,1371,KY/86,1375,76,6.9,true
RØ,2287,KY/86,1375,RG/86,1380,76,7.3,true
RØ,2287,RG/86,1381,GZ/86,1387,51,12.0,true
RØ,2287,GZ/86,1388,NÆ/86,1396,51,14.8,true
RØ,2287,NÆ/86,1396,End,1396,0,0.0,true
RØ,2291,Start,1390,KH/86,1390,0,0.0,true
RØ,2291,KH/86,1390,VAL/86,1393,102,3.9,true
RØ,2291,VAL/86,1394,HIF/86,1397,102,3.4,true
RØ,2291,HIF/86,1397,HTÅ/86,1403,102,12.2,true
RØ,2291,HTÅ/86,1404,HH/86,1408,99,4.7,true
RØ,2291,HH/86,1409,TRK/86,1412,99,4.0,true
RØ,2291,TRK/86,1413,RO/86,1416,99,3.1,true
RØ,2291,RO/86,1417,VY/86,1423,52,11.2,true
RØ,2291,VY/86,1424,BO/86,1429,52,7.2,true
RØ,2291,BO/86,1430,KY/86,1434,52,6.9,true
RØ,2291,KY/86,1434,RG/86,1438,52,7.3,true
RØ,2291,RG/86,1439,GZ/86,1445,15,12.0,true
RØ,2291,GZ/86,1446,NÆ/86,1454,15,14.8,true
RØ,2291,NÆ/86,1454,End,1454,0,0.0,true
RØ,2297,Start,1438,HG/86,1438,0,0.0,true
RØ,2297,HG/86,1438,SQ/86,1441,2,3.5,true
RØ,2297,SQ/86,1442,GÆ/86,1444,2,2.7,true
RØ,2297,GÆ/86,1445,HUM/86,1448,2,3.7,true
RØ,2297,HUM/86,1449,NI/86,1452,2,3.8,true
RØ,2297,NI/86,1453,OK/86,1457,1,3.4,true
RØ,2297,OK/86,1458,RU/86,1460,1,3.0,true
RØ,2297,RU/86,1461,VB/86,1464,1,4.0,true
RØ,2297,VB/86,1465,SÅ/86,1468,1,3.3,true
RØ,2297,SÅ/86,1469,KL/86,1473,1,5.5,true
RØ,2297,KL/86,1474,HL/86,1479,1,5.5,true
RØ,2297,HL/86,1480,HGL/86,1482,1,2.6,true
RØ,2297,HGL/86,1482,KK/86,1485,1,2.1,true
RØ,2297,KK/86,1487,KN/86,1489,1,1.6,true
RØ,2297,KN/86,1490,KH/86,1493,1,1.5,true
RØ,2297,KH/86,1493,End,1493,0,0.0,true
RØ,2299,Start,70,KH/86,70,0,0.0,true
RØ,2299,KH/86,70,VAL/86,73,28,3.9,true
RØ,2299,VAL/86,74,HIF/86,77,28,3.4,true
RØ,2299,HIF/86,77,HTÅ/86,83,28,12.2,true
RØ,2299,HTÅ/86,84,HH/86,88,11,4.7,true
RØ,2299,HH/86,89,TRK/86,92,11,4.0,true
RØ,2299,TRK/86,93,RO/86,96,11,3.1,true
RØ,2299,RO/86,97,VY/86,103,4,11.2,true
RØ,2299,VY/86,104,BO/86,109,4,7.2,true
RØ,2299,BO/86,110,KY/86,114,4,6.9,true
RØ,2299,KY/86,114,RG/86,118,4,7.3,true
RØ,2299,RG/86,119,GZ/86,125,2,12.0,true
RØ,2299,GZ/86,126,NÆ/86,134,2,14.8,true
RØ,2299,NÆ/86,134,End,134,0,0.0,true
L,23,Start,386,CPH/86,386,0,0.0,true
L,23,CPH/86,386,TÅT/86,389,6,3.3,true
L,23,TÅT/86,389,KH/86,400,6,8.5,true
L,23,KH/86,412,GB/86,415,414,3.2,true
L,23,GB/86,415,OD/86,483,414,154.9,true
L,23,OD/86,486,HP/86,490,346,8.6,true
L,23,HP/86,490,FA/86,514,346,51.7,true
L,23,FA/86,518,BK/86,524,253,11.9,false
L,23,BK/86,524,VJ/86,531,253,13.8,false
L,23,VJ/86,533,HED/86,541,226,15.1,false
L,23,HED/86,541,HS/86,548,226,16.3,false
L,23,HS/86,550,HÅ/86,557,220,14.5,false
L,23,HÅ/86,557,SD/86,564,220,14.1,false
L,23,SD/86,565,HX/86,570,197,8.5,false
L,23,HX/86,570,AR/86,578,197,14.3,false
L,23,AR/86,578,End,578,0,0.0,true
RØ,230,Start,764,SG/86,764,0,0.0,true
RØ,230,SG/86,764,SO/86,771,28,14.6,true
RØ,230,SO/86,773,FJ/86,777,28,6.8,true
RØ,230,FJ/86,777,RG/86,782,28,7.6,true
RØ,230,RG/86,784,KY/86,788,35,7.3,true
RØ,230,KY/86,788,RO/86,798,35,25.3,true
RØ,230,RO/86,800,TRK/86,803,67,3.1,true
RØ,230,TRK/86,804,HH/86,806,67,4.0,true
RØ,230,HH/86,806,HTÅ/86,809,67,4.7,true
RØ,230,HTÅ/86,811,GL/86,815,74,8.3,true
RØ,230,GL/86,815,NEL/86,820,74,7.6,true
RØ,230,NEL/86,822,KLV/86,824,74,3.2,true
RØ,230,KLV/86,824,ØRE/86,826,74,2.1,true
RØ,230,ØRE/86,827,TÅT/86,829,74,1.6,true
RØ,230,TÅT/86,830,CPH/86,834,74,3.3,true
RØ,230,CPH/86,834,End,834,0,0.0,true
IC,2304,Start,307,FA/86,307,0,0.0,true
IC,2304,FA/86,307,TL/86,312,12,8.6,true
IC,2304,TL/86,313,KD/86,320,14,11.3,true
IC,2304,KD/86,322,LK/86,329,18,12.9,true
IC,2304,LK/86,330,VN/86,336,19,11.6,true
IC,2304,VN/86,337,BP/86,342,19,7.8,true
IC,2304,BP/86,343,HQ/86,348,19,6.5,true
IC,2304,HQ/86,349,GØ/86,354,19,7.4,true
IC,2304,GØ/86,354,BM/86,358,19,6.0,true
IC,2304,BM/86,360,TB/86,364,15,8.1,true
IC,2304,TB/86,364,ES/86,370,15,8.3,true
IC,2304,ES/86,370,End,370,0,0.0,true
IC,2308,Start,367,FA/86,367,0,0.0,true
IC,2308,FA/86,367,TL/86,372,24,8.6,true
IC,2308,TL/86,373,KD/86,380,25,11.3,true
IC,2308,KD/86,382,LK/86,389,30,12.9,true
IC,2308,LK/86,390,VN/86,396,44,11.6,true
IC,2308,VN/86,397,BP/86,402,44,7.8,true
IC,2308,BP/86,403,HQ/86,408,44,6.5,true
IC,2308,HQ/86,409,GØ/86,414,44,7.4,true
IC,2308,GØ/86,414,BM/86,418,44,6.0,true
IC,2308,BM/86,420,TB/86,424,38,8.1,true
IC,2308,TB/86,424,ES/86,430,38,8.3,true
IC,2308,ES/86,430,End,430,0,0.0,true
RØ,231,Start,485,CPH/86,485,0,0.0,true
RØ,231,CPH/86,485,TÅT/86,487,109,3.3,true
RØ,231,TÅT/86,488,ØRE/86,490,109,1.6,true
RØ,231,ØRE/86,491,KLV/86,494,109,2.1,true
RØ,231,KLV/86,494,NEL/86,496,109,3.2,true
RØ,231,NEL/86,498,IG/86,500,109,1.6,true
RØ,231,IG/86,500,HTÅ/86,508,109,14.3,true
RØ,231,HTÅ/86,509,HH/86,512,73,4.7,true
RØ,231,HH/86,512,TRK/86,515,73,4.0,true
RØ,231,TRK/86,516,RO/86,519,73,3.1,true
RØ,231,RO/86,521,VY/86,526,42,11.2,true
RØ,231,VY/86,526,RG/86,536,42,21.4,true
RØ,231,RG/86,538,FJ/86,543,38,7.6,true
RØ,231,FJ/86,543,SO/86,546,38,6.8,true
RØ,231,SO/86,547,SG/86,555,38,14.6,true
RØ,231,SG/86,555,End,555,0,0.0,true
IC,2312,Start,411,FA/86,411,0,0.0,true
IC,2312,FA/86,411,TL/86,416,81,8.6,true
IC,2312,TL/86,417,KD/86,424,81,11.3,true
IC,2312,KD/86,426,LK/86,433,57,12.9,true
IC,2312,LK/86,434,VN/86,440,70,11.6,true
IC,2312,VN/86,441,BP/86,446,70,7.8,true
IC,2312,BP/86,447,HQ/86,452,70,6.5,true
IC,2312,HQ/86,453,GØ/86,458,70,7.4,true
IC,2312,GØ/86,458,BM/86,462,70,6.0,true
IC,2312,BM/86,464,TB/86,468,64,8.1,true
IC,2312,TB/86,468,ES/86,474,64,8.3,true
IC,2312,ES/86,474,End,474,0,0.0,true
IC,2313,Start,303,ES/86,303,0,0.0,true
IC,2313,ES/86,303,JNE/86,305,17,2.4,true
IC,2313,JNE/86,305,BM/86,313,17,14.0,true
IC,2313,BM/86,314,GØ/86,318,25,6.0,true
IC,2313,GØ/86,318,HQ/86,323,25,7.4,true
IC,2313,HQ/86,324,BP/86,328,25,6.5,true
IC,2313,BP/86,329,VN/86,334,25,7.8,true
IC,2313,VN/86,335,LK/86,343,25,11.6,true
IC,2313,LK/86,344,KD/86,351,22,12.9,true
IC,2313,KD/86,353,TL/86,359,45,11.3,true
IC,2313,TL/86,360,FA/86,367,49,8.6,true
IC,2313,FA/86,367,End,367,0,0.0,true
IC,2316,Start,471,FA/86,471,0,0.0,true
IC,2316,FA/86,471,TL/86,476,132,8.6,true
IC,2316,TL/86,477,KD/86,484,130,11.3,true
IC,2316,KD/86,486,LK/86,493,50,12.9,true
IC,2316,LK/86,494,VN/86,500,51,11.6,true
IC,2316,VN/86,501,BP/86,506,51,7.8,true
IC,2316,BP/86,507,HQ/86,512,51,6.5,true
IC,2316,HQ/86,513,GØ/86,518,51,7.4,true
IC,2316,GØ/86,518,BM/86,522,51,6.0,true
IC,2316,BM/86,524,TB/86,528,34,8.1,true
IC,2316,TB/86,528,ES/86,534,34,8.3,true
IC,2316,ES/86,534,End,534,0,0.0,true
IC,2317,Start,362,ES/86,362,0,0.0,true
IC,2317,ES/86,362,JNE/86,364,20,2.4,true
IC,2317,JNE/86,364,BM/86,372,20,14.0,true
IC,2317,BM/86,374,GØ/86,378,42,6.0,true
IC,2317,GØ/86,378,HQ/86,383,42,7.4,true
IC,2317,HQ/86,384,BP/86,388,42,6.5,true
IC,2317,BP/86,389,VN/86,394,42,7.8,true
IC,2317,VN/86,395,LK/86,403,42,11.6,true
IC,2317,LK/86,404,KD/86,411,44,12.9,true
IC,2317,KD/86,413,TL/86,420,80,11.3,true
IC,2317,TL/86,421,FA/86,427,86,8.6,true
IC,2317,FA/86,427,End,427,0,0.0,true
RV,2320,Start,531,FA/86,531,0,0.0,true
RV,2320,FA/86,531,TL/86,536,37,8.6,true
RV,2320,TL/86,537,KD/86,544,35,11.3,true
RV,2320,KD/86,546,LK/86,553,12,12.9,true
RV,2320,LK/86,554,VN/86,560,14,11.6,true
RV,2320,VN/86,561,BP/86,566,14,7.8,true
RV,2320,BP/86,567,HQ/86,572,14,6.5,true
RV,2320,HQ/86,573,GØ/86,578,14,7.4,true
RV,2320,GØ/86,578,BM/86,582,14,6.0,true
RV,2320,BM/86,584,TB/86,588,12,8.1,true
RV,2320,TB/86,588,ES/86,594,12,8.3,true
RV,2320,ES/86,594,End,594,0,0.0,true
IC,2321,Start,422,ES/86,422,0,0.0,true
IC,2321,ES/86,422,JNE/86,424,29,2.4,true
IC,2321,JNE/86,424,BM/86,432,29,14.0,true
IC,2321,BM/86,434,GØ/86,438,67,6.0,true
IC,2321,GØ/86,438,HQ/86,443,67,7.4,true
IC,2321,HQ/86,444,BP/86,448,67,6.5,true
IC,2321,BP/86,449,VN/86,454,67,7.8,true
IC,2321,VN/86,455,LK/86,463,67,11.6,true
IC,2321,LK/86,464,KD/86,471,53,12.9,true
IC,2321,KD/86,473,TL/86,480,55,11.3,true
IC,2321,TL/86,481,FA/86,487,56,8.6,true
IC,2321,FA/86,487,End,487,0,0.0,true
IC,2324,Start,591,FA/86,591,0,0.0,true
IC,2324,FA/86,591,TL/86,596,99,8.6,true
IC,2324,TL/86,597,KD/86,604,100,11.3,true
IC,2324,KD/86,606,LK/86,613,28,12.9,true
IC,2324,LK/86,614,VN/86,620,28,11.6,true
IC,2324,VN/86,621,BP/86,626,28,7.8,true
IC,2324,BP/86,627,HQ/86,632,28,6.5,true
IC,2324,HQ/86,633,GØ/86,638,28,7.4,true
IC,2324,GØ/86,638,BM/86,642,28,6.0,true
IC,2324,BM/86,644,TB/86,648,20,8.1,true
IC,2324,TB/86,648,ES/86,654,20,8.3,true
IC,2324,ES/86,654,End,654,0,0.0,true
RV,2325,Start,484,ES/86,484,0,0.0,true
RV,2325,ES/86,484,JNE/86,486,21,2.4,true
RV,2325,JNE/86,486,BM/86,494,21,14.0,true
RV,2325,BM/86,495,GØ/86,499,37,6.0,true
RV,2325,GØ/86,500,HQ/86,505,37,7.4,true
RV,2325,HQ/86,506,BP/86,510,37,6.5,true
RV,2325,BP/86,511,VN/86,516,37,7.8,true
RV,2325,VN/86,517,LK/86,525,37,11.6,true
RV,2325,LK/86,526,KD/86,533,40,12.9,true
RV,2325,KD/86,535,TL/86,541,53,11.3,true
RV,2325,TL/86,542,FA/86,549,54,8.6,true
RV,2325,FA/86,549,End,549,0,0.0,true
IC,2328,Start,651,FA/86,651,0,0.0,true
IC,2328,FA/86,651,TL/86,656,37,8.6,true
IC,2328,TL/86,657,KD/86,664,37,11.3,true
IC,2328,KD/86,666,LK/86,673,25,12.9,true
IC,2328,LK/86,674,VN/86,680,27,11.6,true
IC,2328,VN/86,681,BP/86,686,27,7.8,true
IC,2328,BP/86,687,HQ/86,692,27,6.5,true
IC,2328,HQ/86,693,GØ/86,698,27,7.4,true
IC,2328,GØ/86,698,BM/86,702,27,6.0,true
IC,2328,BM/86,704,TB/86,708,19,8.1,true
IC,2328,TB/86,708,ES/86,714,19,8.3,true
IC,2328,ES/86,714,End,714,0,0.0,true
IC,2329,Start,543,ES/86,543,0,0.0,true
IC,2329,ES/86,543,JNE/86,545,19,2.4,true
IC,2329,JNE/86,545,BM/86,553,19,14.0,true
IC,2329,BM/86,554,GØ/86,558,30,6.0,true
IC,2329,GØ/86,558,HQ/86,563,30,7.4,true
IC,2329,HQ/86,564,BP/86,568,30,6.5,true
IC,2329,BP/86,569,VN/86,574,30,7.8,true
IC,2329,VN/86,575,LK/86,583,30,11.6,true
IC,2329,LK/86,584,KD/86,591,27,12.9,true
IC,2329,KD/86,593,TL/86,600,30,11.3,true
IC,2329,TL/86,601,FA/86,607,30,8.6,true
IC,2329,FA/86,607,End,607,0,0.0,true
IC,2332,Start,711,FA/86,711,0,0.0,true
IC,2332,FA/86,711,TL/86,716,82,8.6,true
IC,2332,TL/86,717,KD/86,724,82,11.3,true
IC,2332,KD/86,726,LK/86,733,26,12.9,true
IC,2332,LK/86,734,VN/86,740,28,11.6,true
IC,2332,VN/86,741,BP/86,746,28,7.8,true
IC,2332,BP/86,747,HQ/86,752,28,6.5,true
IC,2332,HQ/86,753,GØ/86,758,28,7.4,true
IC,2332,GØ/86,758,BM/86,762,28,6.0,true
IC,2332,BM/86,764,TB/86,768,17,8.1,true
IC,2332,TB/86,768,ES/86,774,17,8.3,true
IC,2332,ES/86,774,End,774,0,0.0,true
IC,2333,Start,603,ES/86,603,0,0.0,true
IC,2333,ES/86,603,JNE/86,605,27,2.4,true
IC,2333,JNE/86,605,BM/86,613,27,14.0,true
IC,2333,BM/86,614,GØ/86,618,42,6.0,true
IC,2333,GØ/86,618,HQ/86,623,42,7.4,true
IC,2333,HQ/86,624,BP/86,628,42,6.5,true
IC,2333,BP/86,629,VN/86,634,42,7.8,true
IC,2333,VN/86,635,LK/86,643,42,11.6,true
IC,2333,LK/86,644,KD/86,651,41,12.9,true
IC,2333,KD/86,653,TL/86,660,59,11.3,true
IC,2333,TL/86,661,FA/86,667,58,8.6,true
IC,2333,FA/86,667,End,667,0,0.0,true
RV,2336,Start,771,FA/86,771,0,0.0,true
RV,2336,FA/86,771,TL/86,776,43,8.6,true
RV,2336,TL/86,777,KD/86,784,43,11.3,true
RV,2336,KD/86,786,LK/86,793,28,12.9,true
RV,2336,LK/86,794,VN/86,800,32,11.6,true
RV,2336,VN/86,801,BP/86,806,32,7.8,true
RV,2336,BP/86,807,HQ/86,812,32,6.5,true
RV,2336,HQ/86,813,GØ/86,818,32,7.4,true
RV,2336,GØ/86,818,BM/86,822,32,6.0,true
RV,2336,BM/86,824,TB/86,828,16,8.1,true
RV,2336,TB/86,828,ES/86,834,16,8.3,true
RV,2336,ES/86,834,End,834,0,0.0,true
IC,2337,Start,663,ES/86,663,0,0.0,true
IC,2337,ES/86,663,JNE/86,665,24,2.4,true
IC,2337,JNE/86,665,BM/86,673,24,14.0,true
IC,2337,BM/86,674,GØ/86,678,34,6.0,true
IC,2337,GØ/86,678,HQ/86,683,34,7.4,true
IC,2337,HQ/86,684,BP/86,688,34,6.5,true
IC,2337,BP/86,689,VN/86,694,34,7.8,true
IC,2337,VN/86,695,LK/86,703,34,11.6,true
IC,2337,LK/86,704,KD/86,711,33,12.9,true
IC,2337,KD/86,713,TL/86,720,69,11.3,true
IC,2337,TL/86,721,FA/86,727,69,8.6,true
IC,2337,FA/86,727,End,727,0,0.0,true
RØ,234,Start,824,SG/86,824,0,0.0,true
RØ,234,SG/86,824,SO/86,831,39,14.6,true
RØ,234,SO/86,833,FJ/86,837,39,6.8,true
RØ,234,FJ/86,837,RG/86,842,39,7.6,true
RØ,234,RG/86,844,KY/86,848,61,7.3,true
RØ,234,KY/86,848,RO/86,858,61,25.3,true
RØ,234,RO/86,860,TRK/86,863,125,3.1,true
RØ,234,TRK/86,864,HH/86,866,125,4.0,true
RØ,234,HH/86,866,HTÅ/86,869,125,4.7,true
RØ,234,HTÅ/86,871,GL/86,875,134,8.3,true
RØ,234,GL/86,875,NEL/86,880,134,7.6,true
RØ,234,NEL/86,882,KLV/86,884,134,3.2,true
RØ,234,KLV/86,884,ØRE/86,886,134,2.1,true
RØ,234,ØRE/86,887,TÅT/86,889,134,1.6,true
RØ,234,TÅT/86,890,CPH/86,894,134,3.3,true
RØ,234,CPH/86,894,End,894,0,0.0,true
IC,2340,Start,831,FA/86,831,0,0.0,true
IC,2340,FA/86,831,TL/86,836,108,8.6,true
IC,2340,TL/86,837,KD/86,844,106,11.3,true
IC,2340,KD/86,846,LK/86,853,54,12.9,true
IC,2340,LK/86,854,VN/86,860,56,11.6,true
IC,2340,VN/86,861,BP/86,866,56,7.8,true
IC,2340,BP/86,867,HQ/86,872,56,6.5,true
IC,2340,HQ/86,873,GØ/86,878,56,7.4,true
IC,2340,GØ/86,878,BM/86,882,56,6.0,true
IC,2340,BM/86,884,TB/86,888,36,8.1,true
IC,2340,TB/86,888,ES/86,894,36,8.3,true
IC,2340,ES/86,894,End,894,0,0.0,true
RV,2341,Start,724,ES/86,724,0,0.0,true
RV,2341,ES/86,724,JNE/86,726,17,2.4,true
RV,2341,JNE/86,726,BM/86,734,17,14.0,true
RV,2341,BM/86,735,GØ/86,739,21,6.0,true
RV,2341,GØ/86,740,HQ/86,745,21,7.4,true
RV,2341,HQ/86,746,BP/86,750,21,6.5,true
RV,2341,BP/86,751,VN/86,756,21,7.8,true
RV,2341,VN/86,757,LK/86,765,21,11.6,true
RV,2341,LK/86,766,KD/86,773,21,12.9,true
RV,2341,KD/86,775,TL/86,781,25,11.3,true
RV,2341,TL/86,782,FA/86,789,26,8.6,true
RV,2341,FA/86,789,End,789,0,0.0,true
IC,2344,Start,891,FA/86,891,0,0.0,true
IC,2344,FA/86,891,TL/86,896,124,8.6,true
IC,2344,TL/86,897,KD/86,904,116,11.3,true
IC,2344,KD/86,906,LK/86,913,78,12.9,true
IC,2344,LK/86,914,VN/86,920,74,11.6,true
IC,2344,VN/86,921,BP/86,926,74,7.8,true
IC,2344,BP/86,927,HQ/86,932,74,6.5,true
IC,2344,HQ/86,933,GØ/86,938,74,7.4,true
IC,2344,GØ/86,938,BM/86,942,74,6.0,true
IC,2344,BM/86,944,TB/86,948,44,8.1,true
IC,2344,TB/86,948,ES/86,954,44,8.3,true
IC,2344,ES/86,954,End,954,0,0.0,true
IC,2345,Start,783,ES/86,783,0,0.0,true
IC,2345,ES/86,783,JNE/86,785,38,2.4,true
IC,2345,JNE/86,785,BM/86,793,38,14.0,true
IC,2345,BM/86,794,GØ/86,798,46,6.0,true
IC,2345,GØ/86,798,HQ/86,803,46,7.4,true
IC,2345,HQ/86,804,BP/86,808,46,6.5,true
IC,2345,BP/86,809,VN/86,814,46,7.8,true
IC,2345,VN/86,815,LK/86,823,46,11.6,true
IC,2345,LK/86,824,KD/86,831,38,12.9,true
IC,2345,KD/86,833,TL/86,840,82,11.3,true
IC,2345,TL/86,841,FA/86,847,81,8.6,true
IC,2345,FA/86,847,End,847,0,0.0,true
IC,2348,Start,951,FA/86,951,0,0.0,true
IC,2348,FA/86,951,TL/86,956,109,8.6,true
IC,2348,TL/86,957,KD/86,964,107,11.3,true
IC,2348,KD/86,966,LK/86,973,37,12.9,true
IC,2348,LK/86,974,VN/86,980,37,11.6,true
IC,2348,VN/86,981,BP/86,986,37,7.8,true
IC,2348,BP/86,987,HQ/86,992,37,6.5,true
IC,2348,HQ/86,993,GØ/86,998,37,7.4,true
IC,2348,GØ/86,998,BM/86,1002,37,6.0,true
IC,2348,BM/86,1004,TB/86,1008,25,8.1,true
IC,2348,TB/86,1008,ES/86,1014,25,8.3,true
IC,2348,ES/86,1014,End,1014,0,0.0,true
IC,2349,Start,843,ES/86,843,0,0.0,true
IC,2349,ES/86,843,JNE/86,845,50,2.4,true
IC,2349,JNE/86,845,BM/86,853,50,14.0,true
IC,2349,BM/86,854,GØ/86,858,60,6.0,true
IC,2349,GØ/86,858,HQ/86,863,60,7.4,true
IC,2349,HQ/86,864,BP/86,868,60,6.5,true
IC,2349,BP/86,869,VN/86,874,60,7.8,true
IC,2349,VN/86,875,LK/86,883,60,11.6,true
IC,2349,LK/86,884,KD/86,891,52,12.9,true
IC,2349,KD/86,893,TL/86,900,88,11.3,true
IC,2349,TL/86,901,FA/86,907,85,8.6,true
IC,2349,FA/86,907,End,907,0,0.0,true
RØ,235,Start,545,CPH/86,545,0,0.0,true
RØ,235,CPH/86,545,TÅT/86,547,72,3.3,true
RØ,235,TÅT/86,548,ØRE/86,550,72,1.6,true
RØ,235,ØRE/86,551,KLV/86,554,72,2.1,true
RØ,235,KLV/86,554,NEL/86,556,72,3.2,true
RØ,235,NEL/86,558,IG/86,560,72,1.6,true
RØ,235,IG/86,560,HTÅ/86,568,72,14.3,true
RØ,235,HTÅ/86,569,HH/86,572,44,4.7,true
RØ,235,HH/86,572,TRK/86,575,44,4.0,true
RØ,235,TRK/86,576,RO/86,579,44,3.1,true
RØ,235,RO/86,581,VY/86,586,30,11.2,true
RØ,235,VY/86,586,RG/86,596,30,21.4,true
RØ,235,RG/86,598,FJ/86,603,26,7.6,true
RØ,235,FJ/86,603,SO/86,606,26,6.8,true
RØ,235,SO/86,607,SG/86,615,26,14.6,true
RØ,235,SG/86,615,End,615,0,0.0,true
RV,2352,Start,1011,FA/86,1011,0,0.0,true
RV,2352,FA/86,1011,TL/86,1016,54,8.6,true
RV,2352,TL/86,1017,KD/86,1024,55,11.3,true
RV,2352,KD/86,1026,LK/86,1033,27,12.9,true
RV,2352,LK/86,1034,VN/86,1040,27,11.6,true
RV,2352,VN/86,1041,BP/86,1046,27,7.8,true
RV,2352,BP/86,1047,HQ/86,1052,27,6.5,true
RV,2352,HQ/86,1053,GØ/86,1058,27,7.4,true
RV,2352,GØ/86,1058,BM/86,1062,27,6.0,true
RV,2352,BM/86,1064,TB/86,1068,14,8.1,true
RV,2352,TB/86,1068,ES/86,1074,14,8.3,true
RV,2352,ES/86,1074,End,1074,0,0.0,true
IC,2353,Start,903,ES/86,903,0,0.0,true
IC,2353,ES/86,903,JNE/86,905,61,2.4,true
IC,2353,JNE/86,905,BM/86,913,61,14.0,true
IC,2353,BM/86,914,GØ/86,918,70,6.0,true
IC,2353,GØ/86,918,HQ/86,923,70,7.4,true
IC,2353,HQ/86,924,BP/86,928,70,6.5,true
IC,2353,BP/86,929,VN/86,934,70,7.8,true
IC,2353,VN/86,935,LK/86,943,70,11.6,true
IC,2353,LK/86,944,KD/86,951,56,12.9,true
IC,2353,KD/86,953,TL/86,960,147,11.3,true
IC,2353,TL/86,961,FA/86,967,145,8.6,true
IC,2353,FA/86,967,End,967,0,0.0,true
IC,2356,Start,1071,FA/86,1071,0,0.0,true
IC,2356,FA/86,1071,TL/86,1076,82,8.6,true
IC,2356,TL/86,1077,KD/86,1084,81,11.3,true
IC,2356,KD/86,1086,LK/86,1093,44,12.9,true
IC,2356,LK/86,1094,VN/86,1100,44,11.6,true
IC,2356,VN/86,1101,BP/86,1106,44,7.8,true
IC,2356,BP/86,1107,HQ/86,1112,44,6.5,true
IC,2356,HQ/86,1113,GØ/86,1118,44,7.4,true
IC,2356,GØ/86,1118,BM/86,1122,44,6.0,true
IC,2356,BM/86,1124,TB/86,1128,26,8.1,true
IC,2356,TB/86,1128,ES/86,1134,26,8.3,true
IC,2356,ES/86,1134,End,1134,0,0.0,true
RV,2357,Start,964,ES/86,964,0,0.0,true
RV,2357,ES/86,964,JNE/86,966,54,2.4,true
RV,2357,JNE/86,966,BM/86,974,54,14.0,true
RV,2357,BM/86,975,GØ/86,979,69,6.0,true
RV,2357,GØ/86,980,HQ/86,985,69,7.4,true
RV,2357,HQ/86,986,BP/86,990,69,6.5,true
RV,2357,BP/86,991,VN/86,996,69,7.8,true
RV,2357,VN/86,997,LK/86,1005,69,11.6,true
RV,2357,LK/86,1006,KD/86,1013,75,12.9,true
RV,2357,KD/86,1015,TL/86,1021,141,11.3,true
RV,2357,TL/86,1022,FA/86,1029,146,8.6,true
RV,2357,FA/86,1029,End,1029,0,0.0,true
IC,2360,Start,1131,FA/86,1131,0,0.0,true
IC,2360,FA/86,1131,TL/86,1136,44,8.6,true
IC,2360,TL/86,1137,KD/86,1144,41,11.3,true
IC,2360,KD/86,1146,LK/86,1153,33,12.9,true
IC,2360,LK/86,1154,VN/86,1160,32,11.6,true
IC,2360,VN/86,1161,BP/86,1166,32,7.8,true
IC,2360,BP/86,1167,HQ/86,1172,32,6.5,true
IC,2360,HQ/86,1173,GØ/86,1178,32,7.4,true
IC,2360,GØ/86,1178,BM/86,1182,32,6.0,true
IC,2360,BM/86,1184,TB/86,1188,16,8.1,true
IC,2360,TB/86,1188,ES/86,1194,16,8.3,true
IC,2360,ES/86,1194,End,1194,0,0.0,true
IC,2361,Start,1023,ES/86,1023,0,0.0,true
IC,2361,ES/86,1023,JNE/86,1025,27,2.4,true
IC,2361,JNE/86,1025,BM/86,1033,27,14.0,true
IC,2361,BM/86,1034,GØ/86,1038,32,6.0,true
IC,2361,GØ/86,1038,HQ/86,1043,32,7.4,true
IC,2361,HQ/86,1044,BP/86,1048,32,6.5,true
IC,2361,BP/86,1049,VN/86,1054,32,7.8,true
IC,2361,VN/86,1055,LK/86,1063,32,11.6,true
IC,2361,LK/86,1064,KD/86,1071,30,12.9,true
IC,2361,KD/86,1073,TL/86,1080,72,11.3,true
IC,2361,TL/86,1081,FA/86,1087,70,8.6,true
IC,2361,FA/86,1087,End,1087,0,0.0,true
IC,2364,Start,1191,FA/86,1191,0,0.0,true
IC,2364,FA/86,1191,TL/86,1196,73,8.6,true
IC,2364,TL/86,1197,KD/86,1204,68,11.3,true
IC,2364,KD/86,1206,LK/86,1213,30,12.9,true
IC,2364,LK/86,1214,VN/86,1220,46,11.6,true
IC,2364,VN/86,1221,BP/86,1226,46,7.8,true
IC,2364,BP/86,1227,HQ/86,1232,46,6.5,true
IC,2364,HQ/86,1233,GØ/86,1238,46,7.4,true
IC,2364,GØ/86,1238,BM/86,1242,46,6.0,true
IC,2364,BM/86,1244,TB/86,1248,33,8.1,true
IC,2364,TB/86,1248,ES/86,1254,33,8.3,true
IC,2364,ES/86,1254,End,1254,0,0.0,true
IC,2365,Start,1083,ES/86,1083,0,0.0,true
IC,2365,ES/86,1083,JNE/86,1085,26,2.4,true
IC,2365,JNE/86,1085,BM/86,1093,26,14.0,true
IC,2365,BM/86,1094,GØ/86,1098,34,6.0,true
IC,2365,GØ/86,1098,HQ/86,1103,34,7.4,true
IC,2365,HQ/86,1104,BP/86,1108,34,6.5,true
IC,2365,BP/86,1109,VN/86,1114,34,7.8,true
IC,2365,VN/86,1115,LK/86,1123,34,11.6,true
IC,2365,LK/86,1124,KD/86,1131,32,12.9,true
IC,2365,KD/86,1133,TL/86,1140,46,11.3,true
IC,2365,TL/86,1141,FA/86,1147,44,8.6,true
IC,2365,FA/86,1147,End,1147,0,0.0,true
IC,2368,Start,1251,FA/86,1251,0,0.0,true
IC,2368,FA/86,1251,TL/86,1256,55,8.6,true
IC,2368,TL/86,1257,KD/86,1264,52,11.3,true
IC,2368,KD/86,1266,LK/86,1273,24,12.9,true
IC,2368,LK/86,1274,VN/86,1280,28,11.6,true
IC,2368,VN/86,1281,BP/86,1286,28,7.8,true
IC,2368,BP/86,1287,HQ/86,1292,28,6.5,true
IC,2368,HQ/86,1293,GØ/86,1298,28,7.4,true
IC,2368,GØ/86,1298,BM/86,1302,28,6.0,true
IC,2368,BM/86,1304,TB/86,1308,12,8.1,true
IC,2368,TB/86,1308,ES/86,1314,12,8.3,true
IC,2368,ES/86,1314,End,1314,0,0.0,true
IC,2369,Start,1143,ES/86,1143,0,0.0,true
IC,2369,ES/86,1143,JNE/86,1145,14,2.4,true
IC,2369,JNE/86,1145,BM/86,1153,14,14.0,true
IC,2369,BM/86,1154,GØ/86,1158,15,6.0,true
IC,2369,GØ/86,1158,HQ/86,1163,15,7.4,true
IC,2369,HQ/86,1164,BP/86,1168,15,6.5,true
IC,2369,BP/86,1169,VN/86,1174,15,7.8,true
IC,2369,VN/86,1175,LK/86,1183,15,11.6,true
IC,2369,LK/86,1184,KD/86,1191,13,12.9,true
IC,2369,KD/86,1193,TL/86,1200,55,11.3,true
IC,2369,TL/86,1201,FA/86,1207,55,8.6,true
IC,2369,FA/86,1207,End,1207,0,0.0,true
IC,2371,Start,1203,ES/86,1203,0,0.0,true
IC,2371,ES/86,1203,JNE/86,1205,22,2.4,true
IC,2371,JNE/86,1205,BM/86,1213,22,14.0,true
IC,2371,BM/86,1214,GØ/86,1218,43,6.0,true
IC,2371,GØ/86,1218,HQ/86,1223,43,7.4,true
IC,2371,HQ/86,1224,BP/86,1228,43,6.5,true
IC,2371,BP/86,1229,VN/86,1234,43,7.8,true
IC,2371,VN/86,1235,LK/86,1243,43,11.6,true
IC,2371,LK/86,1244,KD/86,1251,34,12.9,true
IC,2371,KD/86,1253,TL/86,1260,78,11.3,true
IC,2371,TL/86,1261,FA/86,1267,76,8.6,true
IC,2371,FA/86,1267,End,1267,0,0.0,true
IC,2374,Start,1311,FA/86,1311,0,0.0,true
IC,2374,FA/86,1311,TL/86,1316,35,8.6,true
IC,2374,TL/86,1317,KD/86,1324,34,11.3,true
IC,2374,KD/86,1326,LK/86,1333,20,12.9,true
IC,2374,LK/86,1334,VN/86,1340,20,11.6,true
IC,2374,VN/86,1341,BP/86,1346,20,7.8,true
IC,2374,BP/86,1347,HQ/86,1352,20,6.5,true
IC,2374,HQ/86,1353,GØ/86,1358,20,7.4,true
IC,2374,GØ/86,1358,BM/86,1362,20,6.0,true
IC,2374,BM/86,1364,TB/86,1368,13,8.1,true
IC,2374,TB/86,1368,ES/86,1374,13,8.3,true
IC,2374,ES/86,1374,End,1374,0,0.0,true
IC,2376,Start,1392,FA/86,1392,0,0.0,true
IC,2376,FA/86,1392,TL/86,1397,55,8.6,true
IC,2376,TL/86,1398,KD/86,1405,55,11.3,true
IC,2376,KD/86,1407,LK/86,1414,29,12.9,true
IC,2376,LK/86,1415,VN/86,1421,27,11.6,true
IC,2376,VN/86,1422,BP/86,1427,27,7.8,true
IC,2376,BP/86,1428,HQ/86,1433,27,6.5,true
IC,2376,HQ/86,1434,GØ/86,1439,27,7.4,true
IC,2376,GØ/86,1439,BM/86,1443,27,6.0,true
IC,2376,BM/86,1445,TB/86,1449,21,8.1,true
IC,2376,TB/86,1449,ES/86,1455,21,8.3,true
IC,2376,ES/86,1455,End,1455,0,0.0,true
IC,2377,Start,1263,ES/86,1263,0,0.0,true
IC,2377,ES/86,1263,JNE/86,1265,48,2.4,true
IC,2377,JNE/86,1265,BM/86,1273,48,14.0,true
IC,2377,BM/86,1274,GØ/86,1278,43,6.0,true
IC,2377,GØ/86,1278,HQ/86,1283,43,7.4,true
IC,2377,HQ/86,1284,BP/86,1288,43,6.5,true
IC,2377,BP/86,1289,VN/86,1294,43,7.8,true
IC,2377,VN/86,1295,LK/86,1303,43,11.6,true
IC,2377,LK/86,1304,KD/86,1311,25,12.9,true
IC,2377,KD/86,1313,TL/86,1320,33,11.3,true
IC,2377,TL/86,1321,FA/86,1327,33,8.6,true
IC,2377,FA/86,1327,End,1327,0,0.0,true
IC,238,Start,849,OD/86,849,0,0.0,true
IC,238,OD/86,849,MV/86,854,44,9.3,true
IC,238,MV/86,854,NG/86,862,44,19.4,true
IC,238,NG/86,864,SPR/86,869,56,11.4,true
IC,238,SPR/86,869,SG/86,882,56,27.3,true
IC,238,SG/86,884,SO/86,891,90,14.6,true
IC,238,SO/86,893,FJ/86,897,90,6.8,true
IC,238,FJ/86,897,RG/86,902,90,7.6,true
IC,238,RG/86,904,KY/86,908,110,7.3,true
IC,238,KY/86,908,RO/86,918,110,25.3,true
IC,238,RO/86,920,TRK/86,923,209,3.1,true
IC,238,TRK/86,924,HH/86,926,209,4.0,true
IC,238,HH/86,926,HTÅ/86,929,209,4.7,true
IC,238,HTÅ/86,931,GL/86,935,218,8.3,true
IC,238,GL/86,935,NEL/86,940,218,7.6,true
IC,238,NEL/86,942,KLV/86,944,218,3.2,true
IC,238,KLV/86,944,ØRE/86,946,218,2.1,true
IC,238,ØRE/86,947,TÅT/86,949,218,1.6,true
IC,238,TÅT/86,950,CPH/86,954,218,3.3,true
IC,238,CPH/86,954,End,954,0,0.0,true
IC,2383,Start,1361,ES/86,1361,0,0.0,true
IC,2383,ES/86,1361,JNE/86,1363,12,2.4,true
IC,2383,JNE/86,1363,BM/86,1371,12,14.0,true
IC,2383,BM/86,1372,GØ/86,1376,26,6.0,true
IC,2383,GØ/86,1376,HQ/86,1381,26,7.4,true
IC,2383,HQ/86,1382,BP/86,1386,26,6.5,true
IC,2383,BP/86,1387,VN/86,1392,26,7.8,true
IC,2383,VN/86,1393,LK/86,1401,26,11.6,true
IC,2383,LK/86,1402,KD/86,1409,24,12.9,true
IC,2383,KD/86,1411,TL/86,1417,25,11.3,true
IC,2383,TL/86,1418,FA/86,1425,25,8.6,true
IC,2383,FA/86,1425,End,1425,0,0.0,true
IC,2387,Start,1421,ES/86,1421,0,0.0,true
IC,2387,ES/86,1421,JNE/86,1423,3,2.4,true
IC,2387,JNE/86,1423,BM/86,1431,3,14.0,true
IC,2387,BM/86,1432,GØ/86,1436,2,6.0,true
IC,2387,GØ/86,1436,HQ/86,1441,2,7.4,true
IC,2387,HQ/86,1442,BP/86,1446,2,6.5,true
IC,2387,BP/86,1447,VN/86,1452,2,7.8,true
IC,2387,VN/86,1453,LK/86,1461,2,11.6,true
IC,2387,LK/86,1462,KD/86,1469,1,12.9,true
IC,2387,KD/86,1471,TL/86,1477,1,11.3,true
IC,2387,TL/86,1478,FA/86,1485,1,8.6,true
IC,2387,FA/86,1485,End,1485,0,0.0,true
RØ,239,Start,605,CPH/86,605,0,0.0,true
RØ,239,CPH/86,605,TÅT/86,607,46,3.3,true
RØ,239,TÅT/86,608,ØRE/86,610,46,1.6,true
RØ,239,ØRE/86,611,KLV/86,614,46,2.1,true
RØ,239,KLV/86,614,NEL/86,616,46,3.2,true
RØ,239,NEL/86,618,IG/86,620,46,1.6,true
RØ,239,IG/86,620,HTÅ/86,628,46,14.3,true
RØ,239,HTÅ/86,629,HH/86,632,38,4.7,true
RØ,239,HH/86,632,TRK/86,635,38,4.0,true
RØ,239,TRK/86,636,RO/86,639,38,3.1,true
RØ,239,RO/86,641,VY/86,646,28,11.2,true
RØ,239,VY/86,646,RG/86,656,28,21.4,true
RØ,239,RG/86,658,FJ/86,663,26,7.6,true
RØ,239,FJ/86,663,SO/86,666,26,6.8,true
RØ,239,SO/86,667,SG/86,675,26,14.6,true
RØ,239,SG/86,675,End,675,0,0.0,true
RØ,2400,Start,276,NÆ/86,276,0,0.0,true
RØ,2400,NÆ/86,276,NÆN/86,279,23,3.1,true
RØ,2400,NÆN/86,280,OL/86,284,23,4.3,true
RØ,2400,OL/86,285,HZ/86,291,23,10.9,true
RØ,2400,HZ/86,292,TH/86,297,23,8.8,true
RØ,2400,TH/86,300,HF/86,304,23,6.4,true
RØ,2400,HF/86,305,KJ/86,309,23,5.5,true
RØ,2400,KJ/86,315,ØLB/86,317,49,2.7,true
RØ,2400,ØLB/86,318,KJN/86,321,49,2.2,true
RØ,2400,KJN/86,322,JSF/86,323,55,2.5,true
RØ,2400,JSF/86,323,NEL/86,336,55,28.2,true
RØ,2400,NEL/86,337,GB/86,339,55,1.4,true
RØ,2400,GB/86,339,KH/86,343,55,3.2,true
RØ,2400,KH/86,343,End,343,0,0.0,true
RØ,2404,Start,336,NÆ/86,336,0,0.0,true
RØ,2404,NÆ/86,336,NÆN/86,339,46,3.1,true
RØ,2404,NÆN/86,340,OL/86,344,46,4.3,true
RØ,2404,OL/86,345,HZ/86,351,46,10.9,true
RØ,2404,HZ/86,352,TH/86,357,46,8.8,true
RØ,2404,TH/86,360,HF/86,364,46,6.4,true
RØ,2404,HF/86,365,KJ/86,369,46,5.5,true
RØ,2404,KJ/86,375,ØLB/86,377,96,2.7,true
RØ,2404,ØLB/86,378,KJN/86,381,96,2.2,true
RØ,2404,KJN/86,382,JSF/86,383,122,2.5,true
RØ,2404,JSF/86,383,NEL/86,396,122,28.2,true
RØ,2404,NEL/86,397,GB/86,399,122,1.4,true
RØ,2404,GB/86,399,KH/86,403,122,3.2,true
RØ,2404,KH/86,403,End,403,0,0.0,true
RØ,2408,Start,396,NÆ/86,396,0,0.0,true
RØ,2408,NÆ/86,396,NÆN/86,399,126,3.1,true
RØ,2408,NÆN/86,400,OL/86,404,126,4.3,true
RØ,2408,OL/86,405,HZ/86,411,126,10.9,true
RØ,2408,HZ/86,412,TH/86,417,126,8.8,true
RØ,2408,TH/86,420,HF/86,424,126,6.4,true
RØ,2408,HF/86,425,KJ/86,429,126,5.5,true
RØ,2408,KJ/86,435,ØLB/86,437,245,2.7,true
RØ,2408,ØLB/86,438,KJN/86,441,245,2.2,true
RØ,2408,KJN/86,442,JSF/86,443,300,2.5,true
RØ,2408,JSF/86,443,NEL/86,456,300,28.2,true
RØ,2408,NEL/86,457,GB/86,459,300,1.4,true
RØ,2408,GB/86,459,KH/86,463,300,3.2,true
RØ,2408,KH/86,463,End,463,0,0.0,true
RØ,2412,Start,456,NÆ/86,456,0,0.0,true
RØ,2412,NÆ/86,456,NÆN/86,459,84,3.1,true
RØ,2412,NÆN/86,460,OL/86,464,84,4.3,true
RØ,2412,OL/86,465,HZ/86,471,84,10.9,true
RØ,2412,HZ/86,472,TH/86,477,84,8.8,true
RØ,2412,TH/86,480,HF/86,484,84,6.4,true
RØ,2412,HF/86,485,KJ/86,489,84,5.5,true
RØ,2412,KJ/86,495,ØLB/86,497,185,2.7,true
RØ,2412,ØLB/86,498,KJN/86,501,185,2.2,true
RØ,2412,KJN/86,502,JSF/86,503,231,2.5,true
RØ,2412,JSF/86,503,NEL/86,516,231,28.2,true
RØ,2412,NEL/86,517,GB/86,519,231,1.4,true
RØ,2412,GB/86,519,KH/86,523,231,3.2,true
RØ,2412,KH/86,526,KN/86,528,91,1.5,true
RØ,2412,KN/86,529,KK/86,532,91,1.6,true
RØ,2412,KK/86,532,End,532,0,0.0,true
RØ,2416,Start,516,NÆ/86,516,0,0.0,true
RØ,2416,NÆ/86,516,NÆN/86,519,59,3.1,true
RØ,2416,NÆN/86,520,OL/86,524,59,4.3,true
RØ,2416,OL/86,525,HZ/86,531,59,10.9,true
RØ,2416,HZ/86,532,TH/86,537,59,8.8,true
RØ,2416,TH/86,540,HF/86,544,59,6.4,true
RØ,2416,HF/86,545,KJ/86,549,59,5.5,true
RØ,2416,KJ/86,555,ØLB/86,557,103,2.7,true
RØ,2416,ØLB/86,558,KJN/86,561,103,2.2,true
RØ,2416,KJN/86,562,JSF/86,563,123,2.5,true
RØ,2416,JSF/86,563,NEL/86,576,123,28.2,true
RØ,2416,NEL/86,577,GB/86,579,123,1.4,true
RØ,2416,GB/86,579,KH/86,583,123,3.2,true
RØ,2416,KH/86,586,KN/86,588,56,1.5,true
RØ,2416,KN/86,589,KK/86,592,56,1.6,true
RØ,2416,KK/86,592,End,592,0,0.0,true
RØ,2419,Start,317,KH/86,317,0,0.0,true
RØ,2419,KH/86,317,GB/86,320,19,3.2,true
RØ,2419,GB/86,320,NEL/86,321,19,1.4,true
RØ,2419,NEL/86,322,IG/86,323,19,1.6,true
RØ,2419,IG/86,323,KJN/86,336,19,29.1,true
RØ,2419,KJN/86,337,ØLB/86,340,15,2.2,true
RØ,2419,ØLB/86,341,KJ/86,343,15,2.7,true
RØ,2419,KJ/86,349,HF/86,353,18,5.5,true
RØ,2419,HF/86,354,TH/86,359,18,6.4,true
RØ,2419,TH/86,360,HZ/86,365,18,8.8,true
RØ,2419,HZ/86,366,OL/86,372,18,10.9,true
RØ,2419,OL/86,374,NÆN/86,377,18,4.3,true
RØ,2419,NÆN/86,378,NÆ/86,382,18,3.1,true
RØ,2419,NÆ/86,382,End,382,0,0.0,true
IC,242,Start,909,OD/86,909,0,0.0,true
IC,242,OD/86,909,MV/86,914,62,9.3,true
IC,242,MV/86,914,NG/86,922,62,19.4,true
IC,242,NG/86,924,SPR/86,929,72,11.4,true
IC,242,SPR/86,929,SG/86,942,72,27.3,true
IC,242,SG/86,944,SO/86,951,104,14.6,true
IC,242,SO/86,953,FJ/86,957,104,6.8,true
IC,242,FJ/86,957,RG/86,962,104,7.6,true
IC,242,RG/86,964,KY/86,968,108,7.3,true
IC,242,KY/86,968,RO/86,978,108,25.3,true
IC,242,RO/86,980,TRK/86,983,157,3.1,true
IC,242,TRK/86,984,HH/86,986,157,4.0,true
IC,242,HH/86,986,HTÅ/86,989,157,4.7,true
IC,242,HTÅ/86,991,GL/86,995,179,8.3,true
IC,242,GL/86,995,NEL/86,1000,179,7.6,true
IC,242,NEL/86,1002,KLV/86,1004,179,3.2,true
IC,242,KLV/86,1004,ØRE/86,1006,179,2.1,true
IC,242,ØRE/86,1007,TÅT/86,1009,179,1.6,true
IC,242,TÅT/86,1010,CPH/86,1014,179,3.3,true
IC,242,CPH/86,1014,End,1014,0,0.0,true
RØ,2420,Start,576,NÆ/86,576,0,0.0,true
RØ,2420,NÆ/86,576,NÆN/86,579,26,3.1,true
RØ,2420,NÆN/86,580,OL/86,584,26,4.3,true
RØ,2420,OL/86,585,HZ/86,591,26,10.9,true
RØ,2420,HZ/86,592,TH/86,597,26,8.8,true
RØ,2420,TH/86,600,HF/86,604,26,6.4,true
RØ,2420,HF/86,605,KJ/86,609,26,5.5,true
RØ,2420,KJ/86,615,ØLB/86,617,54,2.7,true
RØ,2420,ØLB/86,618,KJN/86,621,54,2.2,true
RØ,2420,KJN/86,622,JSF/86,623,64,2.5,true
RØ,2420,JSF/86,623,NEL/86,636,64,28.2,true
RØ,2420,NEL/86,637,GB/86,639,64,1.4,true
RØ,2420,GB/86,639,KH/86,643,64,3.2,true
RØ,2420,KH/86,646,KN/86,648,30,1.5,true
RØ,2420,KN/86,649,KK/86,652,30,1.6,true
RØ,2420,KK/86,652,End,652,0,0.0,true
RØ,2423,Start,377,KH/86,377,0,0.0,true
RØ,2423,KH/86,377,GB/86,380,43,3.2,true
RØ,2423,GB/86,380,NEL/86,381,43,1.4,true
RØ,2423,NEL/86,382,IG/86,383,43,1.6,true
RØ,2423,IG/86,383,KJN/86,396,43,29.1,true
RØ,2423,KJN/86,397,ØLB/86,400,39,2.2,true
RØ,2423,ØLB/86,401,KJ/86,403,39,2.7,true
RØ,2423,KJ/86,409,HF/86,413,24,5.5,true
RØ,2423,HF/86,414,TH/86,419,24,6.4,true
RØ,2423,TH/86,420,HZ/86,425,24,8.8,true
RØ,2423,HZ/86,426,OL/86,432,24,10.9,true
RØ,2423,OL/86,434,NÆN/86,437,24,4.3,true
RØ,2423,NÆN/86,438,NÆ/86,442,24,3.1,true
RØ,2423,NÆ/86,442,End,442,0,0.0,true
RØ,2424,Start,636,NÆ/86,636,0,0.0,true
RØ,2424,NÆ/86,636,NÆN/86,639,22,3.1,true
RØ,2424,NÆN/86,640,OL/86,644,22,4.3,true
RØ,2424,OL/86,645,HZ/86,651,22,10.9,true
RØ,2424,HZ/86,652,TH/86,657,22,8.8,true
RØ,2424,TH/86,660,HF/86,664,22,6.4,true
RØ,2424,HF/86,665,KJ/86,669,22,5.5,true
RØ,2424,KJ/86,675,ØLB/86,677,45,2.7,true
RØ,2424,ØLB/86,678,KJN/86,681,45,2.2,true
RØ,2424,KJN/86,682,JSF/86,683,51,2.5,true
RØ,2424,JSF/86,683,NEL/86,696,51,28.2,true
RØ,2424,NEL/86,697,GB/86,699,51,1.4,true
RØ,2424,GB/86,699,KH/86,703,51,3.2,true
RØ,2424,KH/86,703,End,703,0,0.0,true
RØ,2427,Start,437,KH/86,437,0,0.0,true
RØ,2427,KH/86,437,GB/86,440,85,3.2,true
RØ,2427,GB/86,440,NEL/86,441,85,1.4,true
RØ,2427,NEL/86,442,IG/86,443,85,1.6,true
RØ,2427,IG/86,443,KJN/86,456,85,29.1,true
RØ,2427,KJN/86,457,ØLB/86,460,69,2.2,true
RØ,2427,ØLB/86,461,KJ/86,463,69,2.7,true
RØ,2427,KJ/86,469,HF/86,473,24,5.5,true
RØ,2427,HF/86,474,TH/86,479,24,6.4,true
RØ,2427,TH/86,480,HZ/86,485,24,8.8,true
RØ,2427,HZ/86,486,OL/86,492,24,10.9,true
RØ,2427,OL/86,494,NÆN/86,497,24,4.3,true
RØ,2427,NÆN/86,498,NÆ/86,502,24,3.1,true
RØ,2427,NÆ/86,502,End,502,0,0.0,true
RØ,2428,Start,696,NÆ/86,696,0,0.0,true
RØ,2428,NÆ/86,696,NÆN/86,699,26,3.1,true
RØ,2428,NÆN/86,700,OL/86,704,26,4.3,true
RØ,2428,OL/86,705,HZ/86,711,26,10.9,true
RØ,2428,HZ/86,712,TH/86,717,26,8.8,true
RØ,2428,TH/86,720,HF/86,724,26,6.4,true
RØ,2428,HF/86,725,KJ/86,729,26,5.5,true
RØ,2428,KJ/86,735,ØLB/86,737,57,2.7,true
RØ,2428,ØLB/86,738,KJN/86,741,57,2.2,true
RØ,2428,KJN/86,742,JSF/86,743,64,2.5,true
RØ,2428,JSF/86,743,NEL/86,756,64,28.2,true
RØ,2428,NEL/86,757,GB/86,759,64,1.4,true
RØ,2428,GB/86,759,KH/86,763,64,3.2,true
RØ,2428,KH/86,766,KN/86,768,23,1.5,true
RØ,2428,KN/86,769,KK/86,772,23,1.6,true
RØ,2428,KK/86,772,End,772,0,0.0,true
RØ,243,Start,665,CPH/86,665,0,0.0,true
RØ,243,CPH/86,665,TÅT/86,667,39,3.3,true
RØ,243,TÅT/86,668,ØRE/86,670,39,1.6,true
RØ,243,ØRE/86,671,KLV/86,674,39,2.1,true
RØ,243,KLV/86,674,NEL/86,676,39,3.2,true
RØ,243,NEL/86,678,IG/86,680,39,1.6,true
RØ,243,IG/86,680,HTÅ/86,688,39,14.3,true
RØ,243,HTÅ/86,689,HH/86,692,40,4.7,true
RØ,243,HH/86,692,TRK/86,695,40,4.0,true
RØ,243,TRK/86,696,RO/86,699,40,3.1,true
RØ,243,RO/86,701,VY/86,706,42,11.2,true
RØ,243,VY/86,706,RG/86,716,42,21.4,true
RØ,243,RG/86,718,FJ/86,723,38,7.6,true
RØ,243,FJ/86,723,SO/86,726,38,6.8,true
RØ,243,SO/86,727,SG/86,735,38,14.6,true
RØ,243,SG/86,735,End,735,0,0.0,true
RØ,2431,Start,497,KH/86,497,0,0.0,true
RØ,2431,KH/86,497,GB/86,500,63,3.2,true
RØ,2431,GB/86,500,NEL/86,501,63,1.4,true
RØ,2431,NEL/86,502,IG/86,503,63,1.6,true
RØ,2431,IG/86,503,KJN/86,516,63,29.1,true
RØ,2431,KJN/86,517,ØLB/86,520,56,2.2,true
RØ,2431,ØLB/86,521,KJ/86,523,56,2.7,true
RØ,2431,KJ/86,529,HF/86,533,17,5.5,true
RØ,2431,HF/86,534,TH/86,539,17,6.4,true
RØ,2431,TH/86,540,HZ/86,545,17,8.8,true
RØ,2431,HZ/86,546,OL/86,552,17,10.9,true
RØ,2431,OL/86,554,NÆN/86,557,17,4.3,true
RØ,2431,NÆN/86,558,NÆ/86,562,17,3.1,true
RØ,2431,NÆ/86,562,End,562,0,0.0,true
RØ,2432,Start,756,NÆ/86,756,0,0.0,true
RØ,2432,NÆ/86,756,NÆN/86,759,25,3.1,true
RØ,2432,NÆN/86,760,OL/86,764,25,4.3,true
RØ,2432,OL/86,765,HZ/86,771,25,10.9,true
RØ,2432,HZ/86,772,TH/86,777,25,8.8,true
RØ,2432,TH/86,780,HF/86,784,25,6.4,true
RØ,2432,HF/86,785,KJ/86,789,25,5.5,true
RØ,2432,KJ/86,795,ØLB/86,797,42,2.7,true
RØ,2432,ØLB/86,798,KJN/86,801,42,2.2,true
RØ,2432,KJN/86,802,JSF/86,803,47,2.5,true
RØ,2432,JSF/86,803,NEL/86,816,47,28.2,true
RØ,2432,NEL/86,817,GB/86,819,47,1.4,true
RØ,2432,GB/86,819,KH/86,823,47,3.2,true
RØ,2432,KH/86,826,KN/86,828,18,1.5,true
RØ,2432,KN/86,829,KK/86,832,18,1.6,true
RØ,2432,KK/86,832,End,832,0,0.0,true
RØ,2435,Start,557,KH/86,557,0,0.0,true
RØ,2435,KH/86,557,GB/86,560,45,3.2,true
RØ,2435,GB/86,560,NEL/86,561,45,1.4,true
RØ,2435,NEL/86,562,IG/86,563,45,1.6,true
RØ,2435,IG/86,563,KJN/86,576,45,29.1,true
RØ,2435,KJN/86,577,ØLB/86,580,43,2.2,true
RØ,2435,ØLB/86,581,KJ/86,583,43,2.7,true
RØ,2435,KJ/86,589,HF/86,593,12,5.5,true
RØ,2435,HF/86,594,TH/86,599,12,6.4,true
RØ,2435,TH/86,600,HZ/86,605,12,8.8,true
RØ,2435,HZ/86,606,OL/86,612,12,10.9,true
RØ,2435,OL/86,614,NÆN/86,617,12,4.3,true
RØ,2435,NÆN/86,618,NÆ/86,622,12,3.1,true
RØ,2435,NÆ/86,622,End,622,0,0.0,true
RØ,2436,Start,816,NÆ/86,816,0,0.0,true
RØ,2436,NÆ/86,816,NÆN/86,819,33,3.1,true
RØ,2436,NÆN/86,820,OL/86,824,33,4.3,true
RØ,2436,OL/86,825,HZ/86,831,33,10.9,true
RØ,2436,HZ/86,832,TH/86,837,33,8.8,true
RØ,2436,TH/86,840,HF/86,844,33,6.4,true
RØ,2436,HF/86,845,KJ/86,849,33,5.5,true
RØ,2436,KJ/86,855,ØLB/86,857,75,2.7,true
RØ,2436,ØLB/86,858,KJN/86,861,75,2.2,true
RØ,2436,KJN/86,862,JSF/86,863,84,2.5,true
RØ,2436,JSF/86,863,NEL/86,876,84,28.2,true
RØ,2436,NEL/86,877,GB/86,879,84,1.4,true
RØ,2436,GB/86,879,KH/86,883,84,3.2,true
RØ,2436,KH/86,883,End,883,0,0.0,true
RØ,2439,Start,608,KK/86,608,0,0.0,true
RØ,2439,KK/86,608,KN/86,610,13,1.6,true
RØ,2439,KN/86,611,KH/86,614,13,1.5,true
RØ,2439,KH/86,617,GB/86,620,33,3.2,true
RØ,2439,GB/86,620,NEL/86,621,33,1.4,true
RØ,2439,NEL/86,622,IG/86,623,33,1.6,true
RØ,2439,IG/86,623,KJN/86,636,33,29.1,true
RØ,2439,KJN/86,637,ØLB/86,640,31,2.2,true
RØ,2439,ØLB/86,641,KJ/86,643,31,2.7,true
RØ,2439,KJ/86,649,HF/86,653,12,5.5,true
RØ,2439,HF/86,654,TH/86,659,12,6.4,true
RØ,2439,TH/86,660,HZ/86,665,12,8.8,true
RØ,2439,HZ/86,666,OL/86,672,12,10.9,true
RØ,2439,OL/86,674,NÆN/86,677,12,4.3,true
RØ,2439,NÆN/86,678,NÆ/86,682,12,3.1,true
RØ,2439,NÆ/86,682,End,682,0,0.0,true
RØ,2440,Start,876,NÆ/86,876,0,0.0,true
RØ,2440,NÆ/86,876,NÆN/86,879,35,3.1,true
RØ,2440,NÆN/86,880,OL/86,884,35,4.3,true
RØ,2440,OL/86,885,HZ/86,891,35,10.9,true
RØ,2440,HZ/86,892,TH/86,897,35,8.8,true
RØ,2440,TH/86,900,HF/86,904,35,6.4,true
RØ,2440,HF/86,905,KJ/86,909,35,5.5,true
RØ,2440,KJ/86,915,ØLB/86,917,76,2.7,true
RØ,2440,ØLB/86,918,KJN/86,921,76,2.2,true
RØ,2440,KJN/86,922,JSF/86,923,90,2.5,true
RØ,2440,JSF/86,923,NEL/86,936,90,28.2,true
RØ,2440,NEL/86,937,GB/86,939,90,1.4,true
RØ,2440,GB/86,939,KH/86,943,90,3.2,true
RØ,2440,KH/86,943,End,943,0,0.0,true
RØ,2443,Start,668,KK/86,668,0,0.0,true
RØ,2443,KK/86,668,KN/86,670,15,1.6,true
RØ,2443,KN/86,671,KH/86,674,15,1.5,true
RØ,2443,KH/86,677,GB/86,680,42,3.2,true
RØ,2443,GB/86,680,NEL/86,681,42,1.4,true
RØ,2443,NEL/86,682,IG/86,683,42,1.6,true
RØ,2443,IG/86,683,KJN/86,696,42,29.1,true
RØ,2443,KJN/86,697,ØLB/86,700,39,2.2,true
RØ,2443,ØLB/86,701,KJ/86,703,39,2.7,true
RØ,2443,KJ/86,709,HF/86,713,16,5.5,true
RØ,2443,HF/86,714,TH/86,719,16,6.4,true
RØ,2443,TH/86,720,HZ/86,725,16,8.8,true
RØ,2443,HZ/86,726,OL/86,732,16,10.9,true
RØ,2443,OL/86,734,NÆN/86,737,16,4.3,true
RØ,2443,NÆN/86,738,NÆ/86,742,16,3.1,true
RØ,2443,NÆ/86,742,End,742,0,0.0,true
RØ,2444,Start,936,NÆ/86,936,0,0.0,true
RØ,2444,NÆ/86,936,NÆN/86,939,37,3.1,true
RØ,2444,NÆN/86,940,OL/86,944,37,4.3,true
RØ,2444,OL/86,945,HZ/86,951,37,10.9,true
RØ,2444,HZ/86,952,TH/86,957,37,8.8,true
RØ,2444,TH/86,960,HF/86,964,37,6.4,true
RØ,2444,HF/86,965,KJ/86,969,37,5.5,true
RØ,2444,KJ/86,975,ØLB/86,977,82,2.7,true
RØ,2444,ØLB/86,978,KJN/86,981,82,2.2,true
RØ,2444,KJN/86,982,JSF/86,983,107,2.5,true
RØ,2444,JSF/86,983,NEL/86,996,107,28.2,true
RØ,2444,NEL/86,997,GB/86,999,107,1.4,true
RØ,2444,GB/86,999,KH/86,1003,107,3.2,true
RØ,2444,KH/86,1003,End,1003,0,0.0,true
RØ,2447,Start,728,KK/86,728,0,0.0,true
RØ,2447,KK/86,728,KN/86,730,20,1.6,true
RØ,2447,KN/86,731,KH/86,734,20,1.5,true
RØ,2447,KH/86,737,GB/86,740,55,3.2,true
RØ,2447,GB/86,740,NEL/86,741,55,1.4,true
RØ,2447,NEL/86,742,IG/86,743,55,1.6,true
RØ,2447,IG/86,743,KJN/86,756,55,29.1,true
RØ,2447,KJN/86,757,ØLB/86,760,50,2.2,true
RØ,2447,ØLB/86,761,KJ/86,763,50,2.7,true
RØ,2447,KJ/86,769,HF/86,773,21,5.5,true
RØ,2447,HF/86,774,TH/86,779,21,6.4,true
RØ,2447,TH/86,780,HZ/86,785,21,8.8,true
RØ,2447,HZ/86,786,OL/86,792,21,10.9,true
RØ,2447,OL/86,794,NÆN/86,797,21,4.3,true
RØ,2447,NÆN/86,798,NÆ/86,802,21,3.1,true
RØ,2447,NÆ/86,802,End,802,0,0.0,true
RØ,2448,Start,996,NÆ/86,996,0,0.0,true
RØ,2448,NÆ/86,996,NÆN/86,999,22,3.1,true
RØ,2448,NÆN/86,1000,OL/86,1004,22,4.3,true
RØ,2448,OL/86,1005,HZ/86,1011,22,10.9,true
RØ,2448,HZ/86,1012,TH/86,1017,22,8.8,true
RØ,2448,TH/86,1020,HF/86,1024,22,6.4,true
RØ,2448,HF/86,1025,KJ/86,1029,22,5.5,true
RØ,2448,KJ/86,1035,ØLB/86,1037,42,2.7,true
RØ,2448,ØLB/86,1038,KJN/86,1041,42,2.2,true
RØ,2448,KJN/86,1042,JSF/86,1043,56,2.5,true
RØ,2448,JSF/86,1043,NEL/86,1056,56,28.2,true
RØ,2448,NEL/86,1057,GB/86,1059,56,1.4,true
RØ,2448,GB/86,1059,KH/86,1063,56,3.2,true
RØ,2448,KH/86,1063,End,1063,0,0.0,true
RØ,2451,Start,788,KK/86,788,0,0.0,true
RØ,2451,KK/86,788,KN/86,790,31,1.6,true
RØ,2451,KN/86,791,KH/86,794,31,1.5,true
RØ,2451,KH/86,797,GB/86,800,78,3.2,true
RØ,2451,GB/86,800,NEL/86,801,78,1.4,true
RØ,2451,NEL/86,802,IG/86,803,78,1.6,true
RØ,2451,IG/86,803,KJN/86,816,78,29.1,true
RØ,2451,KJN/86,817,ØLB/86,820,71,2.2,true
RØ,2451,ØLB/86,821,KJ/86,823,71,2.7,true
RØ,2451,KJ/86,829,HF/86,833,36,5.5,true
RØ,2451,HF/86,834,TH/86,839,36,6.4,true
RØ,2451,TH/86,840,HZ/86,845,36,8.8,true
RØ,2451,HZ/86,846,OL/86,852,36,10.9,true
RØ,2451,OL/86,854,NÆN/86,857,36,4.3,true
RØ,2451,NÆN/86,858,NÆ/86,862,36,3.1,true
RØ,2451,NÆ/86,862,End,862,0,0.0,true
RØ,2452,Start,1056,NÆ/86,1056,0,0.0,true
RØ,2452,NÆ/86,1056,NÆN/86,1059,15,3.1,true
RØ,2452,NÆN/86,1060,OL/86,1064,15,4.3,true
RØ,2452,OL/86,1065,HZ/86,1071,15,10.9,true
RØ,2452,HZ/86,1072,TH/86,1077,15,8.8,true
RØ,2452,TH/86,1080,HF/86,1084,15,6.4,true
RØ,2452,HF/86,1085,KJ/86,1089,15,5.5,true
RØ,2452,KJ/86,1095,ØLB/86,1097,38,2.7,true
RØ,2452,ØLB/86,1098,KJN/86,1101,38,2.2,true
RØ,2452,KJN/86,1102,JSF/86,1103,44,2.5,true
RØ,2452,JSF/86,1103,NEL/86,1116,44,28.2,true
RØ,2452,NEL/86,1117,GB/86,1119,44,1.4,true
RØ,2452,GB/86,1119,KH/86,1123,44,3.2,true
RØ,2452,KH/86,1123,End,1123,0,0.0,true
RØ,2455,Start,848,KK/86,848,0,0.0,true
RØ,2455,KK/86,848,KN/86,850,49,1.6,true
RØ,2455,KN/86,851,KH/86,854,49,1.5,true
RØ,2455,KH/86,857,GB/86,860,132,3.2,true
RØ,2455,GB/86,860,NEL/86,861,132,1.4,true
RØ,2455,NEL/86,862,IG/86,863,132,1.6,true
RØ,2455,IG/86,863,KJN/86,876,132,29.1,true
RØ,2455,KJN/86,877,ØLB/86,880,118,2.2,true
RØ,2455,ØLB/86,881,KJ/86,883,118,2.7,true
RØ,2455,KJ/86,889,HF/86,893,56,5.5,true
RØ,2455,HF/86,894,TH/86,899,56,6.4,true
RØ,2455,TH/86,900,HZ/86,905,56,8.8,true
RØ,2455,HZ/86,906,OL/86,912,56,10.9,true
RØ,2455,OL/86,914,NÆN/86,917,56,4.3,true
RØ,2455,NÆN/86,918,NÆ/86,922,56,3.1,true
RØ,2455,NÆ/86,922,End,922,0,0.0,true
RØ,2456,Start,1116,NÆ/86,1116,0,0.0,true
RØ,2456,NÆ/86,1116,NÆN/86,1119,11,3.1,true
RØ,2456,NÆN/86,1120,OL/86,1124,11,4.3,true
RØ,2456,OL/86,1125,HZ/86,1131,11,10.9,true
RØ,2456,HZ/86,1132,TH/86,1137,11,8.8,true
RØ,2456,TH/86,1140,HF/86,1144,11,6.4,true
RØ,2456,HF/86,1145,KJ/86,1149,11,5.5,true
RØ,2456,KJ/86,1155,ØLB/86,1157,31,2.7,true
RØ,2456,ØLB/86,1158,KJN/86,1161,31,2.2,true
RØ,2456,KJN/86,1162,JSF/86,1163,33,2.5,true
RØ,2456,JSF/86,1163,NEL/86,1176,33,28.2,true
RØ,2456,NEL/86,1177,GB/86,1179,33,1.4,true
RØ,2456,GB/86,1179,KH/86,1183,33,3.2,true
RØ,2456,KH/86,1186,KN/86,1188,11,1.5,true
RØ,2456,KN/86,1189,KK/86,1192,11,1.6,true
RØ,2456,KK/86,1192,End,1192,0,0.0,true
RØ,2459,Start,908,KK/86,908,0,0.0,true
RØ,2459,KK/86,908,KN/86,910,91,1.6,true
RØ,2459,KN/86,911,KH/86,914,91,1.5,true
RØ,2459,KH/86,917,GB/86,920,235,3.2,true
RØ,2459,GB/86,920,NEL/86,921,235,1.4,true
RØ,2459,NEL/86,922,IG/86,923,235,1.6,true
RØ,2459,IG/86,923,KJN/86,936,235,29.1,true
RØ,2459,KJN/86,937,ØLB/86,940,197,2.2,true
RØ,2459,ØLB/86,941,KJ/86,943,197,2.7,true
RØ,2459,KJ/86,949,HF/86,953,87,5.5,true
RØ,2459,HF/86,954,TH/86,959,87,6.4,true
RØ,2459,TH/86,960,HZ/86,965,87,8.8,true
RØ,2459,HZ/86,966,OL/86,972,87,10.9,true
RØ,2459,OL/86,974,NÆN/86,977,87,4.3,true
RØ,2459,NÆN/86,978,NÆ/86,982,87,3.1,true
RØ,2459,NÆ/86,982,End,982,0,0.0,true
IC,246,Start,969,OD/86,969,0,0.0,true
IC,246,OD/86,969,MV/86,974,67,9.3,true
IC,246,MV/86,974,NG/86,982,67,19.4,true
IC,246,NG/86,984,SPR/86,989,75,11.4,true
IC,246,SPR/86,989,SG/86,1002,75,27.3,true
IC,246,SG/86,1004,SO/86,1011,93,14.6,true
IC,246,SO/86,1013,FJ/86,1017,93,6.8,true
IC,246,FJ/86,1017,RG/86,1022,93,7.6,true
IC,246,RG/86,1024,KY/86,1028,92,7.3,true
IC,246,KY/86,1028,RO/86,1038,92,25.3,true
IC,246,RO/86,1040,TRK/86,1043,85,3.1,true
IC,246,TRK/86,1044,HH/86,1046,85,4.0,true
IC,246,HH/86,1046,HTÅ/86,1049,85,4.7,true
IC,246,HTÅ/86,1051,GL/86,1055,97,8.3,true
IC,246,GL/86,1055,NEL/86,1060,97,7.6,true
IC,246,NEL/86,1062,KLV/86,1064,97,3.2,true
IC,246,KLV/86,1064,ØRE/86,1066,97,2.1,true
IC,246,ØRE/86,1067,TÅT/86,1069,97,1.6,true
IC,246,TÅT/86,1070,CPH/86,1074,97,3.3,true
IC,246,CPH/86,1074,End,1074,0,0.0,true
RØ,2460,Start,1176,NÆ/86,1176,0,0.0,true
RØ,2460,NÆ/86,1176,NÆN/86,1179,14,3.1,true
RØ,2460,NÆN/86,1180,OL/86,1184,14,4.3,true
RØ,2460,OL/86,1185,HZ/86,1191,14,10.9,true
RØ,2460,HZ/86,1192,TH/86,1197,14,8.8,true
RØ,2460,TH/86,1200,HF/86,1204,14,6.4,true
RØ,2460,HF/86,1205,KJ/86,1209,14,5.5,true
RØ,2460,KJ/86,1215,ØLB/86,1217,38,2.7,true
RØ,2460,ØLB/86,1218,KJN/86,1221,38,2.2,true
RØ,2460,KJN/86,1222,JSF/86,1223,52,2.5,true
RØ,2460,JSF/86,1223,NEL/86,1236,52,28.2,true
RØ,2460,NEL/86,1237,GB/86,1239,52,1.4,true
RØ,2460,GB/86,1239,KH/86,1243,52,3.2,true
RØ,2460,KH/86,1243,End,1243,0,0.0,true
RØ,2463,Start,977,KH/86,977,0,0.0,true
RØ,2463,KH/86,977,GB/86,980,386,3.2,true
RØ,2463,GB/86,980,NEL/86,981,386,1.4,true
RØ,2463,NEL/86,982,IG/86,983,386,1.6,true
RØ,2463,IG/86,983,KJN/86,996,386,29.1,true
RØ,2463,KJN/86,997,ØLB/86,1000,330,2.2,true
RØ,2463,ØLB/86,1001,KJ/86,1003,330,2.7,true
RØ,2463,KJ/86,1009,HF/86,1013,111,5.5,true
RØ,2463,HF/86,1014,TH/86,1019,111,6.4,true
RØ,2463,TH/86,1020,HZ/86,1025,111,8.8,true
RØ,2463,HZ/86,1026,OL/86,1032,111,10.9,true
RØ,2463,OL/86,1034,NÆN/86,1037,111,4.3,true
RØ,2463,NÆN/86,1038,NÆ/86,1042,111,3.1,true
RØ,2463,NÆ/86,1042,End,1042,0,0.0,true
RØ,2464,Start,1236,NÆ/86,1236,0,0.0,true
RØ,2464,NÆ/86,1236,NÆN/86,1239,46,3.1,true
RØ,2464,NÆN/86,1240,OL/86,1244,46,4.3,true
RØ,2464,OL/86,1245,HZ/86,1251,46,10.9,true
RØ,2464,HZ/86,1252,TH/86,1257,46,8.8,true
RØ,2464,TH/86,1260,HF/86,1264,46,6.4,true
RØ,2464,HF/86,1265,KJ/86,1269,46,5.5,true
RØ,2464,KJ/86,1275,ØLB/86,1277,34,2.7,true
RØ,2464,ØLB/86,1278,KJN/86,1281,34,2.2,true
RØ,2464,KJN/86,1282,JSF/86,1283,34,2.5,true
RØ,2464,JSF/86,1283,NEL/86,1296,34,28.2,true
RØ,2464,NEL/86,1297,GB/86,1299,34,1.4,true
RØ,2464,GB/86,1299,KH/86,1303,34,3.2,true
RØ,2464,KH/86,1303,End,1303,0,0.0,true
RØ,2467,Start,1037,KH/86,1037,0,0.0,true
RØ,2467,KH/86,1037,GB/86,1040,176,3.2,true
RØ,2467,GB/86,1040,NEL/86,1041,176,1.4,true
RØ,2467,NEL/86,1042,IG/86,1043,176,1.6,true
RØ,2467,IG/86,1043,KJN/86,1056,176,29.1,true
RØ,2467,KJN/86,1057,ØLB/86,1060,135,2.2,true
RØ,2467,ØLB/86,1061,KJ/86,1063,135,2.7,true
RØ,2467,KJ/86,1069,HF/86,1073,46,5.5,true
RØ,2467,HF/86,1074,TH/86,1079,46,6.4,true
RØ,2467,TH/86,1080,HZ/86,1085,46,8.8,true
RØ,2467,HZ/86,1086,OL/86,1092,46,10.9,true
RØ,2467,OL/86,1094,NÆN/86,1097,46,4.3,true
RØ,2467,NÆN/86,1098,NÆ/86,1102,46,3.1,true
RØ,2467,NÆ/86,1102,End,1102,0,0.0,true
RØ,2468,Start,1296,NÆ/86,1296,0,0.0,true
RØ,2468,NÆ/86,1296,NÆN/86,1299,10,3.1,true
RØ,2468,NÆN/86,1300,OL/86,1304,10,4.3,true
RØ,2468,OL/86,1305,HZ/86,1311,10,10.9,true
RØ,2468,HZ/86,1312,TH/86,1317,10,8.8,true
RØ,2468,TH/86,1320,HF/86,1324,10,6.4,true
RØ,2468,HF/86,1325,KJ/86,1329,10,5.5,true
RØ,2468,KJ/86,1335,ØLB/86,1337,24,2.7,true
RØ,2468,ØLB/86,1338,KJN/86,1341,24,2.2,true
RØ,2468,KJN/86,1342,JSF/86,1343,24,2.5,true
RØ,2468,JSF/86,1343,NEL/86,1356,24,28.2,true
RØ,2468,NEL/86,1357,GB/86,1359,24,1.4,true
RØ,2468,GB/86,1359,KH/86,1363,24,3.2,true
RØ,2468,KH/86,1363,End,1363,0,0.0,true
RØ,247,Start,725,CPH/86,725,0,0.0,true
RØ,247,CPH/86,725,TÅT/86,727,37,3.3,true
RØ,247,TÅT/86,728,ØRE/86,730,37,1.6,true
RØ,247,ØRE/86,731,KLV/86,734,37,2.1,true
RØ,247,KLV/86,734,NEL/86,736,37,3.2,true
RØ,247,NEL/86,738,IG/86,740,37,1.6,true
RØ,247,IG/86,740,HTÅ/86,748,37,14.3,true
RØ,247,HTÅ/86,749,HH/86,752,34,4.7,true
RØ,247,HH/86,752,TRK/86,755,34,4.0,true
RØ,247,TRK/86,756,RO/86,759,34,3.1,true
RØ,247,RO/86,761,VY/86,766,42,11.2,true
RØ,247,VY/86,766,RG/86,776,42,21.4,true
RØ,247,RG/86,778,FJ/86,783,39,7.6,true
RØ,247,FJ/86,783,SO/86,786,39,6.8,true
RØ,247,SO/86,787,SG/86,795,39,14.6,true
RØ,247,SG/86,795,End,795,0,0.0,true
RØ,2471,Start,1097,KH/86,1097,0,0.0,true
RØ,2471,KH/86,1097,GB/86,1100,88,3.2,true
RØ,2471,GB/86,1100,NEL/86,1101,88,1.4,true
RØ,2471,NEL/86,1102,IG/86,1103,88,1.6,true
RØ,2471,IG/86,1103,KJN/86,1116,88,29.1,true
RØ,2471,KJN/86,1117,ØLB/86,1120,71,2.2,true
RØ,2471,ØLB/86,1121,KJ/86,1123,71,2.7,true
RØ,2471,KJ/86,1129,HF/86,1133,31,5.5,true
RØ,2471,HF/86,1134,TH/86,1139,31,6.4,true
RØ,2471,TH/86,1140,HZ/86,1145,31,8.8,true
RØ,2471,HZ/86,1146,OL/86,1152,31,10.9,true
RØ,2471,OL/86,1154,NÆN/86,1157,31,4.3,true
RØ,2471,NÆN/86,1158,NÆ/86,1162,31,3.1,true
RØ,2471,NÆ/86,1162,End,1162,0,0.0,true
RØ,2474,Start,1356,NÆ/86,1356,0,0.0,true
RØ,2474,NÆ/86,1356,NÆN/86,1359,3,3.1,true
RØ,2474,NÆN/86,1360,OL/86,1364,3,4.3,true
RØ,2474,OL/86,1365,HZ/86,1371,3,10.9,true
RØ,2474,HZ/86,1372,TH/86,1377,3,8.8,true
RØ,2474,TH/86,1380,HF/86,1384,3,6.4,true
RØ,2474,HF/86,1385,KJ/86,1389,3,5.5,true
RØ,2474,KJ/86,1395,ØLB/86,1397,13,2.7,true
RØ,2474,ØLB/86,1398,KJN/86,1401,13,2.2,true
RØ,2474,KJN/86,1402,JSF/86,1403,25,2.5,true
RØ,2474,JSF/86,1403,NEL/86,1416,25,28.2,true
RØ,2474,NEL/86,1417,GB/86,1419,25,1.4,true
RØ,2474,GB/86,1419,KH/86,1423,25,3.2,true
RØ,2474,KH/86,1434,KN/86,1436,5,1.5,true
RØ,2474,KN/86,1437,KK/86,1440,5,1.6,true
RØ,2474,KK/86,1440,End,1440,0,0.0,true
RØ,2475,Start,1157,KH/86,1157,0,0.0,true
RØ,2475,KH/86,1157,GB/86,1160,71,3.2,true
RØ,2475,GB/86,1160,NEL/86,1161,71,1.4,true
RØ,2475,NEL/86,1162,IG/86,1163,71,1.6,true
RØ,2475,IG/86,1163,KJN/86,1176,71,29.1,true
RØ,2475,KJN/86,1177,ØLB/86,1180,59,2.2,true
RØ,2475,ØLB/86,1181,KJ/86,1183,59,2.7,true
RØ,2475,KJ/86,1189,HF/86,1193,27,5.5,true
RØ,2475,HF/86,1194,TH/86,1199,27,6.4,true
RØ,2475,TH/86,1200,HZ/86,1205,27,8.8,true
RØ,2475,HZ/86,1206,OL/86,1212,27,10.9,true
RØ,2475,OL/86,1214,NÆN/86,1217,27,4.3,true
RØ,2475,NÆN/86,1218,NÆ/86,1222,27,3.1,true
RØ,2475,NÆ/86,1222,End,1222,0,0.0,true
RØ,2476,Start,1416,NÆ/86,1416,0,0.0,true
RØ,2476,NÆ/86,1416,NÆN/86,1419,1,3.1,true
RØ,2476,NÆN/86,1420,OL/86,1424,1,4.3,true
RØ,2476,OL/86,1425,HZ/86,1431,1,10.9,true
RØ,2476,HZ/86,1432,TH/86,1437,1,8.8,true
RØ,2476,TH/86,1440,HF/86,1444,1,6.4,true
RØ,2476,HF/86,1445,KJ/86,1449,1,5.5,true
RØ,2476,KJ/86,1455,ØLB/86,1457,1,2.7,true
RØ,2476,ØLB/86,1458,KJN/86,1461,1,2.2,true
RØ,2476,KJN/86,1462,JSF/86,1463,1,2.5,true
RØ,2476,JSF/86,1463,NEL/86,1476,1,28.2,true
RØ,2476,NEL/86,1477,GB/86,1479,1,1.4,true
RØ,2476,GB/86,1479,KH/86,1483,1,3.2,true
RØ,2476,KH/86,1494,KN/86,1496,0,1.5,true
RØ,2476,KN/86,1497,KK/86,1500,0,1.6,true
RØ,2476,KK/86,1503,HGL/86,1506,0,2.1,true
RØ,2476,HGL/86,1506,End,1506,0,0.0,true
RØ,2479,Start,1208,KK/86,1208,0,0.0,true
RØ,2479,KK/86,1208,KN/86,1210,29,1.6,true
RØ,2479,KN/86,1211,KH/86,1214,29,1.5,true
RØ,2479,KH/86,1217,GB/86,1220,75,3.2,true
RØ,2479,GB/86,1220,NEL/86,1221,75,1.4,true
RØ,2479,NEL/86,1222,IG/86,1223,75,1.6,true
RØ,2479,IG/86,1223,KJN/86,1236,75,29.1,true
RØ,2479,KJN/86,1237,ØLB/86,1240,61,2.2,true
RØ,2479,ØLB/86,1241,KJ/86,1243,61,2.7,true
RØ,2479,KJ/86,1249,HF/86,1253,38,5.5,true
RØ,2479,HF/86,1254,TH/86,1259,38,6.4,true
RØ,2479,TH/86,1260,HZ/86,1265,38,8.8,true
RØ,2479,HZ/86,1266,OL/86,1272,38,10.9,true
RØ,2479,OL/86,1274,NÆN/86,1277,38,4.3,true
RØ,2479,NÆN/86,1278,NÆ/86,1282,38,3.1,true
RØ,2479,NÆ/86,1282,End,1282,0,0.0,true
RØ,2483,Start,1268,KK/86,1268,0,0.0,true
RØ,2483,KK/86,1268,KN/86,1270,30,1.6,true
RØ,2483,KN/86,1271,KH/86,1274,30,1.5,true
RØ,2483,KH/86,1277,GB/86,1280,71,3.2,true
RØ,2483,GB/86,1280,NEL/86,1281,71,1.4,true
RØ,2483,NEL/86,1282,IG/86,1283,71,1.6,true
RØ,2483,IG/86,1283,KJN/86,1296,71,29.1,true
RØ,2483,KJN/86,1297,ØLB/86,1300,54,2.2,true
RØ,2483,ØLB/86,1301,KJ/86,1303,54,2.7,true
RØ,2483,KJ/86,1309,HF/86,1313,27,5.5,true
RØ,2483,HF/86,1314,TH/86,1319,27,6.4,true
RØ,2483,TH/86,1320,HZ/86,1325,27,8.8,true
RØ,2483,HZ/86,1326,OL/86,1332,27,10.9,true
RØ,2483,OL/86,1334,NÆN/86,1337,27,4.3,true
RØ,2483,NÆN/86,1338,NÆ/86,1342,27,3.1,true
RØ,2483,NÆ/86,1342,End,1342,0,0.0,true
RØ,2487,Start,1328,KK/86,1328,0,0.0,true
RØ,2487,KK/86,1328,KN/86,1330,28,1.6,true
RØ,2487,KN/86,1331,KH/86,1334,28,1.5,true
RØ,2487,KH/86,1337,GB/86,1340,66,3.2,true
RØ,2487,GB/86,1340,NEL/86,1341,66,1.4,true
RØ,2487,NEL/86,1342,IG/86,1343,66,1.6,true
RØ,2487,IG/86,1343,KJN/86,1356,66,29.1,true
RØ,2487,KJN/86,1357,ØLB/86,1360,45,2.2,true
RØ,2487,ØLB/86,1361,KJ/86,1363,45,2.7,true
RØ,2487,KJ/86,1369,HF/86,1373,14,5.5,true
RØ,2487,HF/86,1374,TH/86,1379,14,6.4,true
RØ,2487,TH/86,1380,HZ/86,1385,14,8.8,true
RØ,2487,HZ/86,1386,OL/86,1392,14,10.9,true
RØ,2487,OL/86,1394,NÆN/86,1397,14,4.3,true
RØ,2487,NÆN/86,1398,NÆ/86,1402,14,3.1,true
RØ,2487,NÆ/86,1402,End,1402,0,0.0,true
RØ,2491,Start,1397,KH/86,1397,0,0.0,true
RØ,2491,KH/86,1397,GB/86,1400,49,3.2,true
RØ,2491,GB/86,1400,NEL/86,1401,49,1.4,true
RØ,2491,NEL/86,1402,IG/86,1403,49,1.6,true
RØ,2491,IG/86,1403,KJN/86,1416,49,29.1,true
RØ,2491,KJN/86,1417,ØLB/86,1420,41,2.2,true
RØ,2491,ØLB/86,1421,KJ/86,1423,41,2.7,true
RØ,2491,KJ/86,1429,HF/86,1433,20,5.5,true
RØ,2491,HF/86,1434,TH/86,1439,20,6.4,true
RØ,2491,TH/86,1440,HZ/86,1445,20,8.8,true
RØ,2491,HZ/86,1446,OL/86,1452,20,10.9,true
RØ,2491,OL/86,1454,NÆN/86,1457,20,4.3,true
RØ,2491,NÆN/86,1458,NÆ/86,1462,20,3.1,true
RØ,2491,NÆ/86,1462,End,1462,0,0.0,true
RØ,2495,Start,17,KH/86,17,0,0.0,true
RØ,2495,KH/86,17,GB/86,20,22,3.2,true
RØ,2495,GB/86,20,NEL/86,21,22,1.4,true
RØ,2495,NEL/86,22,IG/86,23,22,1.6,true
RØ,2495,IG/86,23,KJN/86,36,22,29.1,true
RØ,2495,KJN/86,37,ØLB/86,40,17,2.2,true
RØ,2495,ØLB/86,41,KJ/86,43,17,2.7,true
RØ,2495,KJ/86,45,HF/86,49,5,5.5,true
RØ,2495,HF/86,50,TH/86,54,5,6.4,true
RØ,2495,TH/86,55,HZ/86,61,5,8.8,true
RØ,2495,HZ/86,62,OL/86,68,5,10.9,true
RØ,2495,OL/86,69,NÆN/86,72,5,4.3,true
RØ,2495,NÆN/86,73,NÆ/86,77,5,3.1,true
RØ,2495,NÆ/86,77,End,77,0,0.0,true
IC,250,Start,1029,OD/86,1029,0,0.0,true
IC,250,OD/86,1029,MV/86,1034,47,9.3,true
IC,250,MV/86,1034,NG/86,1042,47,19.4,true
IC,250,NG/86,1044,SPR/86,1049,51,11.4,true
IC,250,SPR/86,1049,SG/86,1062,51,27.3,true
IC,250,SG/86,1064,SO/86,1071,64,14.6,true
IC,250,SO/86,1073,FJ/86,1077,64,6.8,true
IC,250,FJ/86,1077,RG/86,1082,64,7.6,true
IC,250,RG/86,1084,KY/86,1088,64,7.3,true
IC,250,KY/86,1088,RO/86,1098,64,25.3,true
IC,250,RO/86,1100,TRK/86,1103,64,3.1,true
IC,250,TRK/86,1104,HH/86,1106,64,4.0,true
IC,250,HH/86,1106,HTÅ/86,1109,64,4.7,true
IC,250,HTÅ/86,1111,GL/86,1115,70,8.3,true
IC,250,GL/86,1115,NEL/86,1120,70,7.6,true
IC,250,NEL/86,1122,KLV/86,1124,70,3.2,true
IC,250,KLV/86,1124,ØRE/86,1126,70,2.1,true
IC,250,ØRE/86,1127,TÅT/86,1129,70,1.6,true
IC,250,TÅT/86,1130,CPH/86,1134,70,3.3,true
IC,250,CPH/86,1134,End,1134,0,0.0,true
RØ,2500,Start,352,KH/86,352,0,0.0,true
RØ,2500,KH/86,352,KN/86,354,6,1.5,true
RØ,2500,KN/86,355,KK/86,358,6,1.6,true
RØ,2500,KK/86,359,HGL/86,361,13,2.1,true
RØ,2500,HGL/86,361,HL/86,364,13,2.6,true
RØ,2500,HL/86,365,KL/86,369,13,5.5,true
RØ,2500,KL/86,370,SÅ/86,374,13,5.5,true
RØ,2500,SÅ/86,375,VB/86,378,13,3.3,true
RØ,2500,VB/86,379,RU/86,382,13,4.0,true
RØ,2500,RU/86,383,OK/86,386,13,3.0,true
RØ,2500,OK/86,387,NI/86,390,13,3.4,true
RØ,2500,NI/86,391,HUM/86,394,10,3.8,true
RØ,2500,HUM/86,395,GÆ/86,398,10,3.7,true
RØ,2500,GÆ/86,399,SQ/86,402,10,2.7,true
RØ,2500,SQ/86,403,HG/86,407,10,3.5,true
RØ,2500,HG/86,407,End,407,0,0.0,true
RØ,2502,Start,353,HK/86,353,0,0.0,true
RØ,2502,HK/86,353,PE/86,357,108,5.9,true
RØ,2502,PE/86,358,TØ/86,363,108,6.6,true
RØ,2502,TØ/86,364,HV/86,368,108,6.3,true
RØ,2502,HV/86,369,LJ/86,373,108,7.5,true
RØ,2502,LJ/86,374,RO/86,380,108,9.5,true
RØ,2502,RO/86,382,TRK/86,384,192,3.1,true
RØ,2502,TRK/86,385,HH/86,388,192,4.0,true
RØ,2502,HH/86,389,HTÅ/86,393,192,4.7,true
RØ,2502,HTÅ/86,394,GL/86,399,206,8.3,true
RØ,2502,GL/86,399,VAL/86,403,206,7.3,true
RØ,2502,VAL/86,404,KH/86,409,206,3.9,true
RØ,2502,KH/86,412,KN/86,414,80,1.5,true
RØ,2502,KN/86,415,KK/86,418,80,1.6,true
RØ,2502,KK/86,419,HGL/86,421,53,2.1,true
RØ,2502,HGL/86,421,HL/86,424,53,2.6,true
RØ,2502,HL/86,425,KL/86,429,53,5.5,true
RØ,2502,KL/86,430,SÅ/86,434,53,5.5,true
RØ,2502,SÅ/86,435,VB/86,438,53,3.3,true
RØ,2502,VB/86,439,RU/86,442,53,4.0,true
RØ,2502,RU/86,443,OK/86,446,53,3.0,true
RØ,2502,OK/86,447,NI/86,450,53,3.4,true
RØ,2502,NI/86,451,HUM/86,454,33,3.8,true
RØ,2502,HUM/86,455,GÆ/86,458,33,3.7,true
RØ,2502,GÆ/86,459,SQ/86,462,33,2.7,true
RØ,2502,SQ/86,463,HG/86,467,33,3.5,true
RØ,2502,HG/86,467,End,467,0,0.0,true
RØ,2506,Start,413,HK/86,413,0,0.0,true
RØ,2506,HK/86,413,PE/86,417,356,5.9,true
RØ,2506,PE/86,418,TØ/86,423,356,6.6,true
RØ,2506,TØ/86,424,HV/86,428,356,6.3,true
RØ,2506,HV/86,429,LJ/86,433,356,7.5,true
RØ,2506,LJ/86,434,RO/86,440,356,9.5,true
RØ,2506,RO/86,442,TRK/86,444,523,3.1,true
RØ,2506,TRK/86,445,HH/86,448,523,4.0,true
RØ,2506,HH/86,449,HTÅ/86,453,523,4.7,true
RØ,2506,HTÅ/86,454,GL/86,459,510,8.3,true
RØ,2506,GL/86,459,VAL/86,463,510,7.3,true
RØ,2506,VAL/86,464,KH/86,469,510,3.9,true
RØ,2506,KH/86,472,KN/86,474,190,1.5,true
RØ,2506,KN/86,475,KK/86,478,190,1.6,true
RØ,2506,KK/86,479,HGL/86,481,105,2.1,true
RØ,2506,HGL/86,481,HL/86,484,105,2.6,true
RØ,2506,HL/86,485,KL/86,489,105,5.5,true
RØ,2506,KL/86,490,SÅ/86,494,105,5.5,true
RØ,2506,SÅ/86,495,VB/86,498,105,3.3,true
RØ,2506,VB/86,499,RU/86,502,105,4.0,true
RØ,2506,RU/86,503,OK/86,506,105,3.0,true
RØ,2506,OK/86,507,NI/86,510,105,3.4,true
RØ,2506,NI/86,511,HUM/86,514,72,3.8,true
RØ,2506,HUM/86,515,GÆ/86,518,72,3.7,true
RØ,2506,GÆ/86,519,SQ/86,522,72,2.7,true
RØ,2506,SQ/86,523,HG/86,527,72,3.5,true
RØ,2506,HG/86,527,End,527,0,0.0,true
IC,251,Start,785,CPH/86,785,0,0.0,true
IC,251,CPH/86,785,TÅT/86,787,54,3.3,true
IC,251,TÅT/86,788,ØRE/86,790,54,1.6,true
IC,251,ØRE/86,791,KLV/86,794,54,2.1,true
IC,251,KLV/86,794,NEL/86,796,54,3.2,true
IC,251,NEL/86,798,IG/86,800,54,1.6,true
IC,251,IG/86,800,HTÅ/86,808,54,14.3,true
IC,251,HTÅ/86,809,HH/86,812,76,4.7,true
IC,251,HH/86,812,TRK/86,815,76,4.0,true
IC,251,TRK/86,816,RO/86,819,76,3.1,true
IC,251,RO/86,821,VY/86,826,138,11.2,true
IC,251,VY/86,826,RG/86,836,138,21.4,true
IC,251,RG/86,838,FJ/86,843,135,7.6,true
IC,251,FJ/86,843,SO/86,846,135,6.8,true
IC,251,SO/86,847,SG/86,855,135,14.6,true
IC,251,SG/86,857,FO/86,861,123,7.1,true
IC,251,FO/86,861,NG/86,875,123,31.6,true
IC,251,NG/86,877,JU/86,880,113,5.0,true
IC,251,JU/86,880,OD/86,890,113,23.7,true
IC,251,OD/86,890,End,890,0,0.0,true
RØ,2510,Start,473,HK/86,473,0,0.0,true
RØ,2510,HK/86,473,PE/86,477,295,5.9,true
RØ,2510,PE/86,478,TØ/86,483,295,6.6,true
RØ,2510,TØ/86,484,HV/86,488,295,6.3,true
RØ,2510,HV/86,489,LJ/86,493,295,7.5,true
RØ,2510,LJ/86,494,RO/86,500,295,9.5,true
RØ,2510,RO/86,502,TRK/86,504,424,3.1,true
RØ,2510,TRK/86,505,HH/86,508,424,4.0,true
RØ,2510,HH/86,509,HTÅ/86,513,424,4.7,true
RØ,2510,HTÅ/86,514,GL/86,519,424,8.3,true
RØ,2510,GL/86,519,VAL/86,523,424,7.3,true
RØ,2510,VAL/86,524,KH/86,529,424,3.9,true
RØ,2510,KH/86,532,KN/86,534,173,1.5,true
RØ,2510,KN/86,535,KK/86,538,173,1.6,true
RØ,2510,KK/86,539,HGL/86,541,90,2.1,true
RØ,2510,HGL/86,541,HL/86,544,90,2.6,true
RØ,2510,HL/86,545,KL/86,549,90,5.5,true
RØ,2510,KL/86,550,SÅ/86,554,90,5.5,true
RØ,2510,SÅ/86,555,VB/86,558,90,3.3,true
RØ,2510,VB/86,559,RU/86,562,90,4.0,true
RØ,2510,RU/86,563,OK/86,566,90,3.0,true
RØ,2510,OK/86,567,NI/86,570,90,3.4,true
RØ,2510,NI/86,571,HUM/86,574,57,3.8,true
RØ,2510,HUM/86,575,GÆ/86,578,57,3.7,true
RØ,2510,GÆ/86,579,SQ/86,582,57,2.7,true
RØ,2510,SQ/86,583,HG/86,587,57,3.5,true
RØ,2510,HG/86,587,End,587,0,0.0,true
RØ,2514,Start,533,HK/86,533,0,0.0,true
RØ,2514,HK/86,533,PE/86,537,157,5.9,true
RØ,2514,PE/86,538,TØ/86,543,157,6.6,true
RØ,2514,TØ/86,544,HV/86,548,157,6.3,true
RØ,2514,HV/86,549,LJ/86,553,157,7.5,true
RØ,2514,LJ/86,554,RO/86,560,157,9.5,true
RØ,2514,RO/86,562,TRK/86,564,266,3.1,true
RØ,2514,TRK/86,565,HH/86,568,266,4.0,true
RØ,2514,HH/86,569,HTÅ/86,573,266,4.7,true
RØ,2514,HTÅ/86,574,GL/86,579,279,8.3,true
RØ,2514,GL/86,579,VAL/86,583,279,7.3,true
RØ,2514,VAL/86,584,KH/86,589,279,3.9,true
RØ,2514,KH/86,592,KN/86,594,94,1.5,true
RØ,2514,KN/86,595,KK/86,598,94,1.6,true
RØ,2514,KK/86,599,HGL/86,601,99,2.1,true
RØ,2514,HGL/86,601,HL/86,604,99,2.6,true
RØ,2514,HL/86,605,KL/86,609,99,5.5,true
RØ,2514,KL/86,610,SÅ/86,614,99,5.5,true
RØ,2514,SÅ/86,615,VB/86,618,99,3.3,true
RØ,2514,VB/86,619,RU/86,622,99,4.0,true
RØ,2514,RU/86,623,OK/86,626,99,3.0,true
RØ,2514,OK/86,627,NI/86,630,99,3.4,true
RØ,2514,NI/86,631,HUM/86,634,67,3.8,true
RØ,2514,HUM/86,635,GÆ/86,638,67,3.7,true
RØ,2514,GÆ/86,639,SQ/86,642,67,2.7,true
RØ,2514,SQ/86,643,HG/86,647,67,3.5,true
RØ,2514,HG/86,647,End,647,0,0.0,true
RØ,2518,Start,593,HK/86,593,0,0.0,true
RØ,2518,HK/86,593,PE/86,597,73,5.9,true
RØ,2518,PE/86,598,TØ/86,603,73,6.6,true
RØ,2518,TØ/86,604,HV/86,608,73,6.3,true
RØ,2518,HV/86,609,LJ/86,613,73,7.5,true
RØ,2518,LJ/86,614,RO/86,620,73,9.5,true
RØ,2518,RO/86,622,TRK/86,624,120,3.1,true
RØ,2518,TRK/86,625,HH/86,628,120,4.0,true
RØ,2518,HH/86,629,HTÅ/86,633,120,4.7,true
RØ,2518,HTÅ/86,634,GL/86,639,131,8.3,true
RØ,2518,GL/86,639,VAL/86,643,131,7.3,true
RØ,2518,VAL/86,644,KH/86,649,131,3.9,true
RØ,2518,KH/86,652,KN/86,654,67,1.5,true
RØ,2518,KN/86,655,KK/86,658,67,1.6,true
RØ,2518,KK/86,659,HGL/86,661,93,2.1,true
RØ,2518,HGL/86,661,HL/86,664,93,2.6,true
RØ,2518,HL/86,665,KL/86,669,93,5.5,true
RØ,2518,KL/86,670,SÅ/86,674,93,5.5,true
RØ,2518,SÅ/86,675,VB/86,678,93,3.3,true
RØ,2518,VB/86,679,RU/86,682,93,4.0,true
RØ,2518,RU/86,683,OK/86,686,93,3.0,true
RØ,2518,OK/86,687,NI/86,690,93,3.4,true
RØ,2518,NI/86,691,HUM/86,694,62,3.8,true
RØ,2518,HUM/86,695,GÆ/86,698,62,3.7,true
RØ,2518,GÆ/86,699,SQ/86,702,62,2.7,true
RØ,2518,SQ/86,703,HG/86,707,62,3.5,true
RØ,2518,HG/86,707,End,707,0,0.0,true
RØ,2519,Start,312,KH/86,312,0,0.0,true
RØ,2519,KH/86,312,VAL/86,315,17,3.9,true
RØ,2519,VAL/86,316,HIF/86,318,17,3.4,true
RØ,2519,HIF/86,318,HTÅ/86,325,17,12.2,true
RØ,2519,HTÅ/86,326,HH/86,330,16,4.7,true
RØ,2519,HH/86,331,TRK/86,334,16,4.0,true
RØ,2519,TRK/86,335,RO/86,338,16,3.1,true
RØ,2519,RO/86,339,LJ/86,345,18,9.5,true
RØ,2519,LJ/86,346,HV/86,351,18,7.5,true
RØ,2519,HV/86,352,TØ/86,356,18,6.3,true
RØ,2519,TØ/86,357,PE/86,361,18,6.6,true
RØ,2519,PE/86,362,HK/86,367,18,5.9,true
RØ,2519,HK/86,367,End,367,0,0.0,true
RØ,2522,Start,653,HK/86,653,0,0.0,true
RØ,2522,HK/86,653,PE/86,657,70,5.9,true
RØ,2522,PE/86,658,TØ/86,663,70,6.6,true
RØ,2522,TØ/86,664,HV/86,668,70,6.3,true
RØ,2522,HV/86,669,LJ/86,673,70,7.5,true
RØ,2522,LJ/86,674,RO/86,680,70,9.5,true
RØ,2522,RO/86,682,TRK/86,684,138,3.1,true
RØ,2522,TRK/86,685,HH/86,688,138,4.0,true
RØ,2522,HH/86,689,HTÅ/86,693,138,4.7,true
RØ,2522,HTÅ/86,694,GL/86,699,148,8.3,true
RØ,2522,GL/86,699,VAL/86,703,148,7.3,true
RØ,2522,VAL/86,704,KH/86,709,148,3.9,true
RØ,2522,KH/86,712,KN/86,714,75,1.5,true
RØ,2522,KN/86,715,KK/86,718,75,1.6,true
RØ,2522,KK/86,719,HGL/86,721,112,2.1,true
RØ,2522,HGL/86,721,HL/86,724,112,2.6,true
RØ,2522,HL/86,725,KL/86,729,112,5.5,true
RØ,2522,KL/86,730,SÅ/86,734,112,5.5,true
RØ,2522,SÅ/86,735,VB/86,738,112,3.3,true
RØ,2522,VB/86,739,RU/86,742,112,4.0,true
RØ,2522,RU/86,743,OK/86,746,112,3.0,true
RØ,2522,OK/86,747,NI/86,750,112,3.4,true
RØ,2522,NI/86,751,HUM/86,754,70,3.8,true
RØ,2522,HUM/86,755,GÆ/86,758,70,3.7,true
RØ,2522,GÆ/86,759,SQ/86,762,70,2.7,true
RØ,2522,SQ/86,763,HG/86,767,70,3.5,true
RØ,2522,HG/86,767,End,767,0,0.0,true
RØ,2523,Start,356,HGL/86,356,0,0.0,true
RØ,2523,HGL/86,356,KK/86,360,0,2.1,true
RØ,2523,KK/86,362,KN/86,364,17,1.6,true
RØ,2523,KN/86,365,KH/86,368,17,1.5,true
RØ,2523,KH/86,372,VAL/86,375,55,3.9,true
RØ,2523,VAL/86,376,HIF/86,378,55,3.4,true
RØ,2523,HIF/86,378,HTÅ/86,385,55,12.2,true
RØ,2523,HTÅ/86,386,HH/86,390,44,4.7,true
RØ,2523,HH/86,391,TRK/86,394,44,4.0,true
RØ,2523,TRK/86,395,RO/86,398,44,3.1,true
RØ,2523,RO/86,399,LJ/86,405,21,9.5,true
RØ,2523,LJ/86,406,HV/86,411,21,7.5,true
RØ,2523,HV/86,412,TØ/86,416,21,6.3,true
RØ,2523,TØ/86,417,PE/86,421,21,6.6,true
RØ,2523,PE/86,422,HK/86,427,21,5.9,true
RØ,2523,HK/86,427,End,427,0,0.0,true
RØ,2526,Start,713,HK/86,713,0,0.0,true
RØ,2526,HK/86,713,PE/86,717,73,5.9,true
RØ,2526,PE/86,718,TØ/86,723,73,6.6,true
RØ,2526,TØ/86,724,HV/86,728,73,6.3,true
RØ,2526,HV/86,729,LJ/86,733,73,7.5,true
RØ,2526,LJ/86,734,RO/86,740,73,9.5,true
RØ,2526,RO/86,742,TRK/86,744,158,3.1,true
RØ,2526,TRK/86,745,HH/86,748,158,4.0,true
RØ,2526,HH/86,749,HTÅ/86,753,158,4.7,true
RØ,2526,HTÅ/86,754,GL/86,759,163,8.3,true
RØ,2526,GL/86,759,VAL/86,763,163,7.3,true
RØ,2526,VAL/86,764,KH/86,769,163,3.9,true
RØ,2526,KH/86,772,KN/86,774,72,1.5,true
RØ,2526,KN/86,775,KK/86,778,72,1.6,true
RØ,2526,KK/86,779,HGL/86,781,121,2.1,true
RØ,2526,HGL/86,781,HL/86,784,121,2.6,true
RØ,2526,HL/86,785,KL/86,789,121,5.5,true
RØ,2526,KL/86,790,SÅ/86,794,121,5.5,true
RØ,2526,SÅ/86,795,VB/86,798,121,3.3,true
RØ,2526,VB/86,799,RU/86,802,121,4.0,true
RØ,2526,RU/86,803,OK/86,806,121,3.0,true
RØ,2526,OK/86,807,NI/86,810,121,3.4,true
RØ,2526,NI/86,811,HUM/86,814,79,3.8,true
RØ,2526,HUM/86,815,GÆ/86,818,79,3.7,true
RØ,2526,GÆ/86,819,SQ/86,822,79,2.7,true
RØ,2526,SQ/86,823,HG/86,827,79,3.5,true
RØ,2526,HG/86,827,End,827,0,0.0,true
RØ,2527,Start,373,HG/86,373,0,0.0,true
RØ,2527,HG/86,373,SQ/86,376,60,3.5,true
RØ,2527,SQ/86,377,GÆ/86,379,60,2.7,true
RØ,2527,GÆ/86,380,HUM/86,383,60,3.7,true
RØ,2527,HUM/86,384,NI/86,387,60,3.8,true
RØ,2527,NI/86,388,OK/86,392,134,3.4,true
RØ,2527,OK/86,393,RU/86,395,134,3.0,true
RØ,2527,RU/86,396,VB/86,399,134,4.0,true
RØ,2527,VB/86,400,SÅ/86,403,134,3.3,true
RØ,2527,SÅ/86,404,KL/86,408,134,5.5,true
RØ,2527,KL/86,409,HL/86,414,134,5.5,true
RØ,2527,HL/86,415,HGL/86,417,134,2.6,true
RØ,2527,HGL/86,417,KK/86,420,134,2.1,true
RØ,2527,KK/86,422,KN/86,424,144,1.6,true
RØ,2527,KN/86,425,KH/86,428,144,1.5,true
RØ,2527,KH/86,432,VAL/86,435,360,3.9,true
RØ,2527,VAL/86,436,HIF/86,439,360,3.4,true
RØ,2527,HIF/86,439,HTÅ/86,445,360,12.2,true
RØ,2527,HTÅ/86,446,HH/86,450,341,4.7,true
RØ,2527,HH/86,451,TRK/86,454,341,4.0,true
RØ,2527,TRK/86,455,RO/86,458,341,3.1,true
RØ,2527,RO/86,459,LJ/86,465,103,9.5,true
RØ,2527,LJ/86,466,HV/86,471,103,7.5,true
RØ,2527,HV/86,472,TØ/86,476,103,6.3,true
RØ,2527,TØ/86,477,PE/86,481,103,6.6,true
RØ,2527,PE/86,482,HK/86,487,103,5.9,true
RØ,2527,HK/86,487,End,487,0,0.0,true
RØ,2530,Start,773,HK/86,773,0,0.0,true
RØ,2530,HK/86,773,PE/86,777,64,5.9,true
RØ,2530,PE/86,778,TØ/86,783,64,6.6,true
RØ,2530,TØ/86,784,HV/86,788,64,6.3,true
RØ,2530,HV/86,789,LJ/86,793,64,7.5,true
RØ,2530,LJ/86,794,RO/86,800,64,9.5,true
RØ,2530,RO/86,802,TRK/86,804,142,3.1,true
RØ,2530,TRK/86,805,HH/86,808,142,4.0,true
RØ,2530,HH/86,809,HTÅ/86,813,142,4.7,true
RØ,2530,HTÅ/86,814,GL/86,819,146,8.3,true
RØ,2530,GL/86,819,VAL/86,823,146,7.3,true
RØ,2530,VAL/86,824,KH/86,829,146,3.9,true
RØ,2530,KH/86,832,KN/86,834,84,1.5,true
RØ,2530,KN/86,835,KK/86,838,84,1.6,true
RØ,2530,KK/86,839,HGL/86,841,161,2.1,true
RØ,2530,HGL/86,841,HL/86,844,161,2.6,true
RØ,2530,HL/86,845,KL/86,849,161,5.5,true
RØ,2530,KL/86,850,SÅ/86,854,161,5.5,true
RØ,2530,SÅ/86,855,VB/86,858,161,3.3,true
RØ,2530,VB/86,859,RU/86,862,161,4.0,true
RØ,2530,RU/86,863,OK/86,866,161,3.0,true
RØ,2530,OK/86,867,NI/86,870,161,3.4,true
RØ,2530,NI/86,871,HUM/86,874,96,3.8,true
RØ,2530,HUM/86,875,GÆ/86,878,96,3.7,true
RØ,2530,GÆ/86,879,SQ/86,882,96,2.7,true
RØ,2530,SQ/86,883,HG/86,887,96,3.5,true
RØ,2530,HG/86,887,End,887,0,0.0,true
RØ,2531,Start,433,HG/86,433,0,0.0,true
RØ,2531,HG/86,433,SQ/86,436,195,3.5,true
RØ,2531,SQ/86,437,GÆ/86,439,195,2.7,true
RØ,2531,GÆ/86,440,HUM/86,443,195,3.7,true
RØ,2531,HUM/86,444,NI/86,447,195,3.8,true
RØ,2531,NI/86,448,OK/86,452,421,3.4,true
RØ,2531,OK/86,453,RU/86,455,421,3.0,true
RØ,2531,RU/86,456,VB/86,459,421,4.0,true
RØ,2531,VB/86,460,SÅ/86,463,421,3.3,true
RØ,2531,SÅ/86,464,KL/86,468,421,5.5,true
RØ,2531,KL/86,469,HL/86,474,421,5.5,true
RØ,2531,HL/86,475,HGL/86,477,421,2.6,true
RØ,2531,HGL/86,477,KK/86,480,421,2.1,true
RØ,2531,KK/86,482,KN/86,484,253,1.6,true
RØ,2531,KN/86,485,KH/86,488,253,1.5,true
RØ,2531,KH/86,492,VAL/86,495,330,3.9,true
RØ,2531,VAL/86,496,HIF/86,499,330,3.4,true
RØ,2531,HIF/86,499,HTÅ/86,505,330,12.2,true
RØ,2531,HTÅ/86,506,HH/86,510,244,4.7,true
RØ,2531,HH/86,511,TRK/86,514,244,4.0,true
RØ,2531,TRK/86,515,RO/86,518,244,3.1,true
RØ,2531,RO/86,519,LJ/86,525,70,9.5,true
RØ,2531,LJ/86,526,HV/86,531,70,7.5,true
RØ,2531,HV/86,532,TØ/86,536,70,6.3,true
RØ,2531,TØ/86,537,PE/86,541,70,6.6,true
RØ,2531,PE/86,542,HK/86,547,70,5.9,true
RØ,2531,HK/86,547,End,547,0,0.0,true
RØ,2534,Start,833,HK/86,833,0,0.0,true
RØ,2534,HK/86,833,PE/86,837,83,5.9,true
RØ,2534,PE/86,838,TØ/86,843,83,6.6,true
RØ,2534,TØ/86,844,HV/86,848,83,6.3,true
RØ,2534,HV/86,849,LJ/86,853,83,7.5,true
RØ,2534,LJ/86,854,RO/86,860,83,9.5,true
RØ,2534,RO/86,862,TRK/86,864,196,3.1,true
RØ,2534,TRK/86,865,HH/86,868,196,4.0,true
RØ,2534,HH/86,869,HTÅ/86,873,196,4.7,true
RØ,2534,HTÅ/86,874,GL/86,879,211,8.3,true
RØ,2534,GL/86,879,VAL/86,883,211,7.3,true
RØ,2534,VAL/86,884,KH/86,889,211,3.9,true
RØ,2534,KH/86,892,KN/86,894,129,1.5,true
RØ,2534,KN/86,895,KK/86,898,129,1.6,true
RØ,2534,KK/86,899,HGL/86,901,198,2.1,true
RØ,2534,HGL/86,901,HL/86,904,198,2.6,true
RØ,2534,HL/86,905,KL/86,909,198,5.5,true
RØ,2534,KL/86,910,SÅ/86,914,198,5.5,true
RØ,2534,SÅ/86,915,VB/86,918,198,3.3,true
RØ,2534,VB/86,919,RU/86,922,198,4.0,true
RØ,2534,RU/86,923,OK/86,926,198,3.0,true
RØ,2534,OK/86,927,NI/86,930,198,3.4,true
RØ,2534,NI/86,931,HUM/86,934,105,3.8,true
RØ,2534,HUM/86,935,GÆ/86,938,105,3.7,true
RØ,2534,GÆ/86,939,SQ/86,942,105,2.7,true
RØ,2534,SQ/86,943,HG/86,947,105,3.5,true
RØ,2534,HG/86,947,End,947,0,0.0,true
RØ,2535,Start,493,HG/86,493,0,0.0,true
RØ,2535,HG/86,493,SQ/86,496,135,3.5,true
RØ,2535,SQ/86,497,GÆ/86,499,135,2.7,true
RØ,2535,GÆ/86,500,HUM/86,503,135,3.7,true
RØ,2535,HUM/86,504,NI/86,507,135,3.8,true
RØ,2535,NI/86,508,OK/86,512,259,3.4,true
RØ,2535,OK/86,513,RU/86,515,259,3.0,true
RØ,2535,RU/86,516,VB/86,519,259,4.0,true
RØ,2535,VB/86,520,SÅ/86,523,259,3.3,true
RØ,2535,SÅ/86,524,KL/86,528,259,5.5,true
RØ,2535,KL/86,529,HL/86,534,259,5.5,true
RØ,2535,HL/86,535,HGL/86,537,259,2.6,true
RØ,2535,HGL/86,537,KK/86,540,259,2.1,true
RØ,2535,KK/86,542,KN/86,544,169,1.6,true
RØ,2535,KN/86,545,KH/86,548,169,1.5,true
RØ,2535,KH/86,552,VAL/86,555,162,3.9,true
RØ,2535,VAL/86,556,HIF/86,559,162,3.4,true
RØ,2535,HIF/86,559,HTÅ/86,565,162,12.2,true
RØ,2535,HTÅ/86,566,HH/86,570,131,4.7,true
RØ,2535,HH/86,571,TRK/86,574,131,4.0,true
RØ,2535,TRK/86,575,RO/86,578,131,3.1,true
RØ,2535,RO/86,579,LJ/86,585,31,9.5,true
RØ,2535,LJ/86,586,HV/86,591,31,7.5,true
RØ,2535,HV/86,592,TØ/86,596,31,6.3,true
RØ,2535,TØ/86,597,PE/86,601,31,6.6,true
RØ,2535,PE/86,602,HK/86,607,31,5.9,true
RØ,2535,HK/86,607,End,607,0,0.0,true
RØ,2538,Start,893,HK/86,893,0,0.0,true
RØ,2538,HK/86,893,PE/86,897,126,5.9,true
RØ,2538,PE/86,898,TØ/86,903,126,6.6,true
RØ,2538,TØ/86,904,HV/86,908,126,6.3,true
RØ,2538,HV/86,909,LJ/86,913,126,7.5,true
RØ,2538,LJ/86,914,RO/86,920,126,9.5,true
RØ,2538,RO/86,922,TRK/86,924,325,3.1,true
RØ,2538,TRK/86,925,HH/86,928,325,4.0,true
RØ,2538,HH/86,929,HTÅ/86,933,325,4.7,true
RØ,2538,HTÅ/86,934,GL/86,939,354,8.3,true
RØ,2538,GL/86,939,VAL/86,943,354,7.3,true
RØ,2538,VAL/86,944,KH/86,949,354,3.9,true
RØ,2538,KH/86,952,KN/86,954,204,1.5,true
RØ,2538,KN/86,955,KK/86,958,204,1.6,true
RØ,2538,KK/86,959,HGL/86,961,274,2.1,true
RØ,2538,HGL/86,961,HL/86,964,274,2.6,true
RØ,2538,HL/86,965,KL/86,969,274,5.5,true
RØ,2538,KL/86,970,SÅ/86,974,274,5.5,true
RØ,2538,SÅ/86,975,VB/86,978,274,3.3,true
RØ,2538,VB/86,979,RU/86,982,274,4.0,true
RØ,2538,RU/86,983,OK/86,986,274,3.0,true
RØ,2538,OK/86,987,NI/86,990,274,3.4,true
RØ,2538,NI/86,991,HUM/86,994,120,3.8,true
RØ,2538,HUM/86,995,GÆ/86,998,120,3.7,true
RØ,2538,GÆ/86,999,SQ/86,1002,120,2.7,true
RØ,2538,SQ/86,1003,HG/86,1007,120,3.5,true
RØ,2538,HG/86,1007,End,1007,0,0.0,true
RØ,2539,Start,553,HG/86,553,0,0.0,true
RØ,2539,HG/86,553,SQ/86,556,103,3.5,true
RØ,2539,SQ/86,557,GÆ/86,559,103,2.7,true
RØ,2539,GÆ/86,560,HUM/86,563,103,3.7,true
RØ,2539,HUM/86,564,NI/86,567,103,3.8,true
RØ,2539,NI/86,568,OK/86,572,198,3.4,true
RØ,2539,OK/86,573,RU/86,575,198,3.0,true
RØ,2539,RU/86,576,VB/86,579,198,4.0,true
RØ,2539,VB/86,580,SÅ/86,583,198,3.3,true
RØ,2539,SÅ/86,584,KL/86,588,198,5.5,true
RØ,2539,KL/86,589,HL/86,594,198,5.5,true
RØ,2539,HL/86,595,HGL/86,597,198,2.6,true
RØ,2539,HGL/86,597,KK/86,600,198,2.1,true
RØ,2539,KK/86,602,KN/86,604,81,1.6,true
RØ,2539,KN/86,605,KH/86,608,81,1.5,true
RØ,2539,KH/86,612,VAL/86,615,82,3.9,true
RØ,2539,VAL/86,616,HIF/86,619,82,3.4,true
RØ,2539,HIF/86,619,HTÅ/86,625,82,12.2,true
RØ,2539,HTÅ/86,626,HH/86,630,65,4.7,true
RØ,2539,HH/86,631,TRK/86,634,65,4.0,true
RØ,2539,TRK/86,635,RO/86,638,65,3.1,true
RØ,2539,RO/86,639,LJ/86,645,27,9.5,true
RØ,2539,LJ/86,646,HV/86,651,27,7.5,true
RØ,2539,HV/86,652,TØ/86,656,27,6.3,true
RØ,2539,TØ/86,657,PE/86,661,27,6.6,true
RØ,2539,PE/86,662,HK/86,667,27,5.9,true
RØ,2539,HK/86,667,End,667,0,0.0,true
RØ,254,Start,1124,SG/86,1124,0,0.0,true
RØ,254,SG/86,1124,SO/86,1131,22,14.6,true
RØ,254,SO/86,1133,FJ/86,1137,22,6.8,true
RØ,254,FJ/86,1137,RG/86,1142,22,7.6,true
RØ,254,RG/86,1144,KY/86,1148,28,7.3,true
RØ,254,KY/86,1148,RO/86,1158,28,25.3,true
RØ,254,RO/86,1160,TRK/86,1163,37,3.1,true
RØ,254,TRK/86,1164,HH/86,1166,37,4.0,true
RØ,254,HH/86,1166,HTÅ/86,1169,37,4.7,true
RØ,254,HTÅ/86,1171,GL/86,1175,44,8.3,true
RØ,254,GL/86,1175,NEL/86,1180,44,7.6,true
RØ,254,NEL/86,1182,KLV/86,1184,44,3.2,true
RØ,254,KLV/86,1184,ØRE/86,1186,44,2.1,true
RØ,254,ØRE/86,1187,TÅT/86,1189,44,1.6,true
RØ,254,TÅT/86,1190,CPH/86,1194,44,3.3,true
RØ,254,CPH/86,1194,End,1194,0,0.0,true
RØ,2542,Start,953,HK/86,953,0,0.0,true
RØ,2542,HK/86,953,PE/86,957,84,5.9,true
RØ,2542,PE/86,958,TØ/86,963,84,6.6,true
RØ,2542,TØ/86,964,HV/86,968,84,6.3,true
RØ,2542,HV/86,969,LJ/86,973,84,7.5,true
RØ,2542,LJ/86,974,RO/86,980,84,9.5,true
RØ,2542,RO/86,982,TRK/86,984,275,3.1,true
RØ,2542,TRK/86,985,HH/86,988,275,4.0,true
RØ,2542,HH/86,989,HTÅ/86,993,275,4.7,true
RØ,2542,HTÅ/86,994,GL/86,999,315,8.3,true
RØ,2542,GL/86,999,VAL/86,1003,315,7.3,true
RØ,2542,VAL/86,1004,KH/86,1009,315,3.9,true
RØ,2542,KH/86,1012,KN/86,1014,180,1.5,true
RØ,2542,KN/86,1015,KK/86,1018,180,1.6,true
RØ,2542,KK/86,1019,HGL/86,1021,231,2.1,true
RØ,2542,HGL/86,1021,HL/86,1024,231,2.6,true
RØ,2542,HL/86,1025,KL/86,1029,231,5.5,true
RØ,2542,KL/86,1030,SÅ/86,1034,231,5.5,true
RØ,2542,SÅ/86,1035,VB/86,1038,231,3.3,true
RØ,2542,VB/86,1039,RU/86,1042,231,4.0,true
RØ,2542,RU/86,1043,OK/86,1046,231,3.0,true
RØ,2542,OK/86,1047,NI/86,1050,231,3.4,true
RØ,2542,NI/86,1051,HUM/86,1054,94,3.8,true
RØ,2542,HUM/86,1055,GÆ/86,1058,94,3.7,true
RØ,2542,GÆ/86,1059,SQ/86,1062,94,2.7,true
RØ,2542,SQ/86,1063,HG/86,1067,94,3.5,true
RØ,2542,HG/86,1067,End,1067,0,0.0,true
RØ,2543,Start,613,HG/86,613,0,0.0,true
RØ,2543,HG/86,613,SQ/86,616,52,3.5,true
RØ,2543,SQ/86,617,GÆ/86,619,52,2.7,true
RØ,2543,GÆ/86,620,HUM/86,623,52,3.7,true
RØ,2543,HUM/86,624,NI/86,627,52,3.8,true
RØ,2543,NI/86,628,OK/86,632,90,3.4,true
RØ,2543,OK/86,633,RU/86,635,90,3.0,true
RØ,2543,RU/86,636,VB/86,639,90,4.0,true
RØ,2543,VB/86,640,SÅ/86,643,90,3.3,true
RØ,2543,SÅ/86,644,KL/86,648,90,5.5,true
RØ,2543,KL/86,649,HL/86,654,90,5.5,true
RØ,2543,HL/86,655,HGL/86,657,90,2.6,true
RØ,2543,HGL/86,657,KK/86,660,90,2.1,true
RØ,2543,KK/86,662,KN/86,664,66,1.6,true
RØ,2543,KN/86,665,KH/86,668,66,1.5,true
RØ,2543,KH/86,672,VAL/86,675,104,3.9,true
RØ,2543,VAL/86,676,HIF/86,679,104,3.4,true
RØ,2543,HIF/86,679,HTÅ/86,685,104,12.2,true
RØ,2543,HTÅ/86,686,HH/86,690,90,4.7,true
RØ,2543,HH/86,691,TRK/86,694,90,4.0,true
RØ,2543,TRK/86,695,RO/86,698,90,3.1,true
RØ,2543,RO/86,699,LJ/86,705,38,9.5,true
RØ,2543,LJ/86,706,HV/86,711,38,7.5,true
RØ,2543,HV/86,712,TØ/86,716,38,6.3,true
RØ,2543,TØ/86,717,PE/86,721,38,6.6,true
RØ,2543,PE/86,722,HK/86,727,38,5.9,true
RØ,2543,HK/86,727,End,727,0,0.0,true
RØ,2546,Start,1013,HK/86,1013,0,0.0,true
RØ,2546,HK/86,1013,PE/86,1017,56,5.9,true
RØ,2546,PE/86,1018,TØ/86,1023,56,6.6,true
RØ,2546,TØ/86,1024,HV/86,1028,56,6.3,true
RØ,2546,HV/86,1029,LJ/86,1033,56,7.5,true
RØ,2546,LJ/86,1034,RO/86,1040,56,9.5,true
RØ,2546,RO/86,1042,TRK/86,1044,147,3.1,true
RØ,2546,TRK/86,1045,HH/86,1048,147,4.0,true
RØ,2546,HH/86,1049,HTÅ/86,1053,147,4.7,true
RØ,2546,HTÅ/86,1054,GL/86,1059,170,8.3,true
RØ,2546,GL/86,1059,VAL/86,1063,170,7.3,true
RØ,2546,VAL/86,1064,KH/86,1069,170,3.9,true
RØ,2546,KH/86,1072,KN/86,1074,105,1.5,true
RØ,2546,KN/86,1075,KK/86,1078,105,1.6,true
RØ,2546,KK/86,1079,HGL/86,1081,132,2.1,true
RØ,2546,HGL/86,1081,HL/86,1084,132,2.6,true
RØ,2546,HL/86,1085,KL/86,1089,132,5.5,true
RØ,2546,KL/86,1090,SÅ/86,1094,132,5.5,true
RØ,2546,SÅ/86,1095,VB/86,1098,132,3.3,true
RØ,2546,VB/86,1099,RU/86,1102,132,4.0,true
RØ,2546,RU/86,1103,OK/86,1106,132,3.0,true
RØ,2546,OK/86,1107,NI/86,1110,132,3.4,true
RØ,2546,NI/86,1111,HUM/86,1114,52,3.8,true
RØ,2546,HUM/86,1115,GÆ/86,1118,52,3.7,true
RØ,2546,GÆ/86,1119,SQ/86,1122,52,2.7,true
RØ,2546,SQ/86,1123,HG/86,1127,52,3.5,true
RØ,2546,HG/86,1127,End,1127,0,0.0,true
RØ,2547,Start,673,HG/86,673,0,0.0,true
RØ,2547,HG/86,673,SQ/86,676,53,3.5,true
RØ,2547,SQ/86,677,GÆ/86,679,53,2.7,true
RØ,2547,GÆ/86,680,HUM/86,683,53,3.7,true
RØ,2547,HUM/86,684,NI/86,687,53,3.8,true
RØ,2547,NI/86,688,OK/86,692,91,3.4,true
RØ,2547,OK/86,693,RU/86,695,91,3.0,true
RØ,2547,RU/86,696,VB/86,699,91,4.0,true
RØ,2547,VB/86,700,SÅ/86,703,91,3.3,true
RØ,2547,SÅ/86,704,KL/86,708,91,5.5,true
RØ,2547,KL/86,709,HL/86,714,91,5.5,true
RØ,2547,HL/86,715,HGL/86,717,91,2.6,true
RØ,2547,HGL/86,717,KK/86,720,91,2.1,true
RØ,2547,KK/86,722,KN/86,724,69,1.6,true
RØ,2547,KN/86,725,KH/86,728,69,1.5,true
RØ,2547,KH/86,732,VAL/86,735,122,3.9,true
RØ,2547,VAL/86,736,HIF/86,739,122,3.4,true
RØ,2547,HIF/86,739,HTÅ/86,745,122,12.2,true
RØ,2547,HTÅ/86,746,HH/86,750,105,4.7,true
RØ,2547,HH/86,751,TRK/86,754,105,4.0,true
RØ,2547,TRK/86,755,RO/86,758,105,3.1,true
RØ,2547,RO/86,759,LJ/86,765,63,9.5,true
RØ,2547,LJ/86,766,HV/86,771,63,7.5,true
RØ,2547,HV/86,772,TØ/86,776,63,6.3,true
RØ,2547,TØ/86,777,PE/86,781,63,6.6,true
RØ,2547,PE/86,782,HK/86,787,63,5.9,true
RØ,2547,HK/86,787,End,787,0,0.0,true
IC,255,Start,845,CPH/86,845,0,0.0,true
IC,255,CPH/86,845,TÅT/86,847,96,3.3,true
IC,255,TÅT/86,848,ØRE/86,850,96,1.6,true
IC,255,ØRE/86,851,KLV/86,854,96,2.1,true
IC,255,KLV/86,854,NEL/86,856,96,3.2,true
IC,255,NEL/86,858,IG/86,860,96,1.6,true
IC,255,IG/86,860,HTÅ/86,868,96,14.3,true
IC,255,HTÅ/86,869,HH/86,872,142,4.7,true
IC,255,HH/86,872,TRK/86,875,142,4.0,true
IC,255,TRK/86,876,RO/86,879,142,3.1,true
IC,255,RO/86,881,VY/86,886,217,11.2,true
IC,255,VY/86,886,RG/86,896,217,21.4,true
IC,255,RG/86,898,FJ/86,903,208,7.6,true
IC,255,FJ/86,903,SO/86,906,208,6.8,true
IC,255,SO/86,907,SG/86,915,208,14.6,true
IC,255,SG/86,917,FO/86,921,186,7.1,true
IC,255,FO/86,921,NG/86,935,186,31.6,true
IC,255,NG/86,937,JU/86,940,174,5.0,true
IC,255,JU/86,940,OD/86,950,174,23.7,true
IC,255,OD/86,950,End,950,0,0.0,true
RØ,2550,Start,1073,HK/86,1073,0,0.0,true
RØ,2550,HK/86,1073,PE/86,1077,45,5.9,true
RØ,2550,PE/86,1078,TØ/86,1083,45,6.6,true
RØ,2550,TØ/86,1084,HV/86,1088,45,6.3,true
RØ,2550,HV/86,1089,LJ/86,1093,45,7.5,true
RØ,2550,LJ/86,1094,RO/86,1100,45,9.5,true
RØ,2550,RO/86,1102,TRK/86,1104,97,3.1,true
RØ,2550,TRK/86,1105,HH/86,1108,97,4.0,true
RØ,2550,HH/86,1109,HTÅ/86,1113,97,4.7,true
RØ,2550,HTÅ/86,1114,GL/86,1119,107,8.3,true
RØ,2550,GL/86,1119,VAL/86,1123,107,7.3,true
RØ,2550,VAL/86,1124,KH/86,1129,107,3.9,true
RØ,2550,KH/86,1132,KN/86,1134,64,1.5,true
RØ,2550,KN/86,1135,KK/86,1138,64,1.6,true
RØ,2550,KK/86,1139,HGL/86,1141,95,2.1,true
RØ,2550,HGL/86,1141,HL/86,1144,95,2.6,true
RØ,2550,HL/86,1145,KL/86,1149,95,5.5,true
RØ,2550,KL/86,1150,SÅ/86,1154,95,5.5,true
RØ,2550,SÅ/86,1155,VB/86,1158,95,3.3,true
RØ,2550,VB/86,1159,RU/86,1162,95,4.0,true
RØ,2550,RU/86,1163,OK/86,1166,95,3.0,true
RØ,2550,OK/86,1167,NI/86,1170,95,3.4,true
RØ,2550,NI/86,1171,HUM/86,1174,47,3.8,true
RØ,2550,HUM/86,1175,GÆ/86,1178,47,3.7,true
RØ,2550,GÆ/86,1179,SQ/86,1182,47,2.7,true
RØ,2550,SQ/86,1183,HG/86,1187,47,3.5,true
RØ,2550,HG/86,1187,End,1187,0,0.0,true
RØ,2551,Start,733,HG/86,733,0,0.0,true
RØ,2551,HG/86,733,SQ/86,736,55,3.5,true
RØ,2551,SQ/86,737,GÆ/86,739,55,2.7,true
RØ,2551,GÆ/86,740,HUM/86,743,55,3.7,true
RØ,2551,HUM/86,744,NI/86,747,55,3.8,true
RØ,2551,NI/86,748,OK/86,752,91,3.4,true
RØ,2551,OK/86,753,RU/86,755,91,3.0,true
RØ,2551,RU/86,756,VB/86,759,91,4.0,true
RØ,2551,VB/86,760,SÅ/86,763,91,3.3,true
RØ,2551,SÅ/86,764,KL/86,768,91,5.5,true
RØ,2551,KL/86,769,HL/86,774,91,5.5,true
RØ,2551,HL/86,775,HGL/86,777,91,2.6,true
RØ,2551,HGL/86,777,KK/86,780,91,2.1,true
RØ,2551,KK/86,782,KN/86,784,71,1.6,true
RØ,2551,KN/86,785,KH/86,788,71,1.5,true
RØ,2551,KH/86,792,VAL/86,795,144,3.9,true
RØ,2551,VAL/86,796,HIF/86,799,144,3.4,true
RØ,2551,HIF/86,799,HTÅ/86,805,144,12.2,true
RØ,2551,HTÅ/86,806,HH/86,810,130,4.7,true
RØ,2551,HH/86,811,TRK/86,814,130,4.0,true
RØ,2551,TRK/86,815,RO/86,818,130,3.1,true
RØ,2551,RO/86,819,LJ/86,825,96,9.5,true
RØ,2551,LJ/86,826,HV/86,831,96,7.5,true
RØ,2551,HV/86,832,TØ/86,836,96,6.3,true
RØ,2551,TØ/86,837,PE/86,841,96,6.6,true
RØ,2551,PE/86,842,HK/86,847,96,5.9,true
RØ,2551,HK/86,847,End,847,0,0.0,true
RØ,2554,Start,1133,HK/86,1133,0,0.0,true
RØ,2554,HK/86,1133,PE/86,1137,30,5.9,true
RØ,2554,PE/86,1138,TØ/86,1143,30,6.6,true
RØ,2554,TØ/86,1144,HV/86,1148,30,6.3,true
RØ,2554,HV/86,1149,LJ/86,1153,30,7.5,true
RØ,2554,LJ/86,1154,RO/86,1160,30,9.5,true
RØ,2554,RO/86,1162,TRK/86,1164,68,3.1,true
RØ,2554,TRK/86,1165,HH/86,1168,68,4.0,true
RØ,2554,HH/86,1169,HTÅ/86,1173,68,4.7,true
RØ,2554,HTÅ/86,1174,GL/86,1179,66,8.3,true
RØ,2554,GL/86,1179,VAL/86,1183,66,7.3,true
RØ,2554,VAL/86,1184,KH/86,1189,66,3.9,true
RØ,2554,KH/86,1192,KN/86,1194,55,1.5,true
RØ,2554,KN/86,1195,KK/86,1198,55,1.6,true
RØ,2554,KK/86,1199,HGL/86,1201,80,2.1,true
RØ,2554,HGL/86,1201,HL/86,1204,80,2.6,true
RØ,2554,HL/86,1205,KL/86,1209,80,5.5,true
RØ,2554,KL/86,1210,SÅ/86,1214,80,5.5,true
RØ,2554,SÅ/86,1215,VB/86,1218,80,3.3,true
RØ,2554,VB/86,1219,RU/86,1222,80,4.0,true
RØ,2554,RU/86,1223,OK/86,1226,80,3.0,true
RØ,2554,OK/86,1227,NI/86,1230,80,3.4,true
RØ,2554,NI/86,1231,HUM/86,1234,47,3.8,true
RØ,2554,HUM/86,1235,GÆ/86,1238,47,3.7,true
RØ,2554,GÆ/86,1239,SQ/86,1242,47,2.7,true
RØ,2554,SQ/86,1243,HG/86,1247,47,3.5,true
RØ,2554,HG/86,1247,End,1247,0,0.0,true
RØ,2555,Start,793,HG/86,793,0,0.0,true
RØ,2555,HG/86,793,SQ/86,796,60,3.5,true
RØ,2555,SQ/86,797,GÆ/86,799,60,2.7,true
RØ,2555,GÆ/86,800,HUM/86,803,60,3.7,true
RØ,2555,HUM/86,804,NI/86,807,60,3.8,true
RØ,2555,NI/86,808,OK/86,812,92,3.4,true
RØ,2555,OK/86,813,RU/86,815,92,3.0,true
RØ,2555,RU/86,816,VB/86,819,92,4.0,true
RØ,2555,VB/86,820,SÅ/86,823,92,3.3,true
RØ,2555,SÅ/86,824,KL/86,828,92,5.5,true
RØ,2555,KL/86,829,HL/86,834,92,5.5,true
RØ,2555,HL/86,835,HGL/86,837,92,2.6,true
RØ,2555,HGL/86,837,KK/86,840,92,2.1,true
RØ,2555,KK/86,842,KN/86,844,111,1.6,true
RØ,2555,KN/86,845,KH/86,848,111,1.5,true
RØ,2555,KH/86,852,VAL/86,855,233,3.9,true
RØ,2555,VAL/86,856,HIF/86,859,233,3.4,true
RØ,2555,HIF/86,859,HTÅ/86,865,233,12.2,true
RØ,2555,HTÅ/86,866,HH/86,870,206,4.7,true
RØ,2555,HH/86,871,TRK/86,874,206,4.0,true
RØ,2555,TRK/86,875,RO/86,878,206,3.1,true
RØ,2555,RO/86,879,LJ/86,885,127,9.5,true
RØ,2555,LJ/86,886,HV/86,891,127,7.5,true
RØ,2555,HV/86,892,TØ/86,896,127,6.3,true
RØ,2555,TØ/86,897,PE/86,901,127,6.6,true
RØ,2555,PE/86,902,HK/86,907,127,5.9,true
RØ,2555,HK/86,907,End,907,0,0.0,true
RØ,2558,Start,1193,HK/86,1193,0,0.0,true
RØ,2558,HK/86,1193,PE/86,1197,22,5.9,true
RØ,2558,PE/86,1198,TØ/86,1203,22,6.6,true
RØ,2558,TØ/86,1204,HV/86,1208,22,6.3,true
RØ,2558,HV/86,1209,LJ/86,1213,22,7.5,true
RØ,2558,LJ/86,1214,RO/86,1220,22,9.5,true
RØ,2558,RO/86,1222,TRK/86,1224,51,3.1,true
RØ,2558,TRK/86,1225,HH/86,1228,51,4.0,true
RØ,2558,HH/86,1229,HTÅ/86,1233,51,4.7,true
RØ,2558,HTÅ/86,1234,GL/86,1239,75,8.3,true
RØ,2558,GL/86,1239,VAL/86,1243,75,7.3,true
RØ,2558,VAL/86,1244,KH/86,1249,75,3.9,true
RØ,2558,KH/86,1252,KN/86,1254,110,1.5,true
RØ,2558,KN/86,1255,KK/86,1258,110,1.6,true
RØ,2558,KK/86,1259,HGL/86,1261,135,2.1,true
RØ,2558,HGL/86,1261,HL/86,1264,135,2.6,true
RØ,2558,HL/86,1265,KL/86,1269,135,5.5,true
RØ,2558,KL/86,1270,SÅ/86,1274,135,5.5,true
RØ,2558,SÅ/86,1275,VB/86,1278,135,3.3,true
RØ,2558,VB/86,1279,RU/86,1282,135,4.0,true
RØ,2558,RU/86,1283,OK/86,1286,135,3.0,true
RØ,2558,OK/86,1287,NI/86,1290,135,3.4,true
RØ,2558,NI/86,1291,HUM/86,1294,88,3.8,true
RØ,2558,HUM/86,1295,GÆ/86,1298,88,3.7,true
RØ,2558,GÆ/86,1299,SQ/86,1302,88,2.7,true
RØ,2558,SQ/86,1303,HG/86,1307,88,3.5,true
RØ,2558,HG/86,1307,End,1307,0,0.0,true
RØ,2559,Start,853,HG/86,853,0,0.0,true
RØ,2559,HG/86,853,SQ/86,856,65,3.5,true
RØ,2559,SQ/86,857,GÆ/86,859,65,2.7,true
RØ,2559,GÆ/86,860,HUM/86,863,65,3.7,true
RØ,2559,HUM/86,864,NI/86,867,65,3.8,true
RØ,2559,NI/86,868,OK/86,872,106,3.4,true
RØ,2559,OK/86,873,RU/86,875,106,3.0,true
RØ,2559,RU/86,876,VB/86,879,106,4.0,true
RØ,2559,VB/86,880,SÅ/86,883,106,3.3,true
RØ,2559,SÅ/86,884,KL/86,888,106,5.5,true
RØ,2559,KL/86,889,HL/86,894,106,5.5,true
RØ,2559,HL/86,895,HGL/86,897,106,2.6,true
RØ,2559,HGL/86,897,KK/86,900,106,2.1,true
RØ,2559,KK/86,902,KN/86,904,170,1.6,true
RØ,2559,KN/86,905,KH/86,908,170,1.5,true
RØ,2559,KH/86,912,VAL/86,915,354,3.9,true
RØ,2559,VAL/86,916,HIF/86,919,354,3.4,true
RØ,2559,HIF/86,919,HTÅ/86,925,354,12.2,true
RØ,2559,HTÅ/86,926,HH/86,930,334,4.7,true
RØ,2559,HH/86,931,TRK/86,934,334,4.0,true
RØ,2559,TRK/86,935,RO/86,938,334,3.1,true
RØ,2559,RO/86,939,LJ/86,945,200,9.5,true
RØ,2559,LJ/86,946,HV/86,951,200,7.5,true
RØ,2559,HV/86,952,TØ/86,956,200,6.3,true
RØ,2559,TØ/86,957,PE/86,961,200,6.6,true
RØ,2559,PE/86,962,HK/86,967,200,5.9,true
RØ,2559,HK/86,967,End,967,0,0.0,true
RØ,2562,Start,1253,HK/86,1253,0,0.0,true
RØ,2562,HK/86,1253,PE/86,1257,46,5.9,true
RØ,2562,PE/86,1258,TØ/86,1263,46,6.6,true
RØ,2562,TØ/86,1264,HV/86,1268,46,6.3,true
RØ,2562,HV/86,1269,LJ/86,1273,46,7.5,true
RØ,2562,LJ/86,1274,RO/86,1280,46,9.5,true
RØ,2562,RO/86,1282,TRK/86,1284,52,3.1,true
RØ,2562,TRK/86,1285,HH/86,1288,52,4.0,true
RØ,2562,HH/86,1289,HTÅ/86,1293,52,4.7,true
RØ,2562,HTÅ/86,1294,GL/86,1299,52,8.3,true
RØ,2562,GL/86,1299,VAL/86,1303,52,7.3,true
RØ,2562,VAL/86,1304,KH/86,1309,52,3.9,true
RØ,2562,KH/86,1312,KN/86,1314,13,1.5,true
RØ,2562,KN/86,1315,KK/86,1318,13,1.6,true
RØ,2562,KK/86,1321,HGL/86,1324,0,2.1,true
RØ,2562,HGL/86,1324,End,1324,0,0.0,true
RØ,2563,Start,913,HG/86,913,0,0.0,true
RØ,2563,HG/86,913,SQ/86,916,61,3.5,true
RØ,2563,SQ/86,917,GÆ/86,919,61,2.7,true
RØ,2563,GÆ/86,920,HUM/86,923,61,3.7,true
RØ,2563,HUM/86,924,NI/86,927,61,3.8,true
RØ,2563,NI/86,928,OK/86,932,111,3.4,true
RØ,2563,OK/86,933,RU/86,935,111,3.0,true
RØ,2563,RU/86,936,VB/86,939,111,4.0,true
RØ,2563,VB/86,940,SÅ/86,943,111,3.3,true
RØ,2563,SÅ/86,944,KL/86,948,111,5.5,true
RØ,2563,KL/86,949,HL/86,954,111,5.5,true
RØ,2563,HL/86,955,HGL/86,957,111,2.6,true
RØ,2563,HGL/86,957,KK/86,960,111,2.1,true
RØ,2563,KK/86,962,KN/86,964,211,1.6,true
RØ,2563,KN/86,965,KH/86,968,211,1.5,true
RØ,2563,KH/86,972,VAL/86,975,431,3.9,true
RØ,2563,VAL/86,976,HIF/86,979,431,3.4,true
RØ,2563,HIF/86,979,HTÅ/86,985,431,12.2,true
RØ,2563,HTÅ/86,986,HH/86,990,399,4.7,true
RØ,2563,HH/86,991,TRK/86,994,399,4.0,true
RØ,2563,TRK/86,995,RO/86,998,399,3.1,true
RØ,2563,RO/86,999,LJ/86,1005,202,9.5,true
RØ,2563,LJ/86,1006,HV/86,1011,202,7.5,true
RØ,2563,HV/86,1012,TØ/86,1016,202,6.3,true
RØ,2563,TØ/86,1017,PE/86,1021,202,6.6,true
RØ,2563,PE/86,1022,HK/86,1027,202,5.9,true
RØ,2563,HK/86,1027,End,1027,0,0.0,true
RØ,2566,Start,1313,HK/86,1313,0,0.0,true
RØ,2566,HK/86,1313,PE/86,1317,17,5.9,true
RØ,2566,PE/86,1318,TØ/86,1323,17,6.6,true
RØ,2566,TØ/86,1324,HV/86,1328,17,6.3,true
RØ,2566,HV/86,1329,LJ/86,1333,17,7.5,true
RØ,2566,LJ/86,1334,RO/86,1340,17,9.5,true
RØ,2566,RO/86,1342,TRK/86,1344,40,3.1,true
RØ,2566,TRK/86,1345,HH/86,1348,40,4.0,true
RØ,2566,HH/86,1349,HTÅ/86,1353,40,4.7,true
RØ,2566,HTÅ/86,1354,GL/86,1359,38,8.3,true
RØ,2566,GL/86,1359,VAL/86,1363,38,7.3,true
RØ,2566,VAL/86,1364,KH/86,1369,38,3.9,true
RØ,2566,KH/86,1372,KN/86,1374,10,1.5,true
RØ,2566,KN/86,1375,KK/86,1378,10,1.6,true
RØ,2566,KK/86,1381,HGL/86,1384,0,2.1,true
RØ,2566,HGL/86,1384,End,1384,0,0.0,true
RØ,2567,Start,973,HG/86,973,0,0.0,true
RØ,2567,HG/86,973,SQ/86,976,100,3.5,true
RØ,2567,SQ/86,977,GÆ/86,979,100,2.7,true
RØ,2567,GÆ/86,980,HUM/86,983,100,3.7,true
RØ,2567,HUM/86,984,NI/86,987,100,3.8,true
RØ,2567,NI/86,988,OK/86,992,168,3.4,true
RØ,2567,OK/86,993,RU/86,995,168,3.0,true
RØ,2567,RU/86,996,VB/86,999,168,4.0,true
RØ,2567,VB/86,1000,SÅ/86,1003,168,3.3,true
RØ,2567,SÅ/86,1004,KL/86,1008,168,5.5,true
RØ,2567,KL/86,1009,HL/86,1014,168,5.5,true
RØ,2567,HL/86,1015,HGL/86,1017,168,2.6,true
RØ,2567,HGL/86,1017,KK/86,1020,168,2.1,true
RØ,2567,KK/86,1022,KN/86,1024,189,1.6,true
RØ,2567,KN/86,1025,KH/86,1028,189,1.5,true
RØ,2567,KH/86,1032,VAL/86,1035,354,3.9,true
RØ,2567,VAL/86,1036,HIF/86,1039,354,3.4,true
RØ,2567,HIF/86,1039,HTÅ/86,1045,354,12.2,true
RØ,2567,HTÅ/86,1046,HH/86,1050,320,4.7,true
RØ,2567,HH/86,1051,TRK/86,1054,320,4.0,true
RØ,2567,TRK/86,1055,RO/86,1058,320,3.1,true
RØ,2567,RO/86,1059,LJ/86,1065,161,9.5,true
RØ,2567,LJ/86,1066,HV/86,1071,161,7.5,true
RØ,2567,HV/86,1072,TØ/86,1076,161,6.3,true
RØ,2567,TØ/86,1077,PE/86,1081,161,6.6,true
RØ,2567,PE/86,1082,HK/86,1087,161,5.9,true
RØ,2567,HK/86,1087,End,1087,0,0.0,true
RØ,2571,Start,1033,HG/86,1033,0,0.0,true
RØ,2571,HG/86,1033,SQ/86,1036,46,3.5,true
RØ,2571,SQ/86,1037,GÆ/86,1039,46,2.7,true
RØ,2571,GÆ/86,1040,HUM/86,1043,46,3.7,true
RØ,2571,HUM/86,1044,NI/86,1047,46,3.8,true
RØ,2571,NI/86,1048,OK/86,1052,94,3.4,true
RØ,2571,OK/86,1053,RU/86,1055,94,3.0,true
RØ,2571,RU/86,1056,VB/86,1059,94,4.0,true
RØ,2571,VB/86,1060,SÅ/86,1063,94,3.3,true
RØ,2571,SÅ/86,1064,KL/86,1068,94,5.5,true
RØ,2571,KL/86,1069,HL/86,1074,94,5.5,true
RØ,2571,HL/86,1075,HGL/86,1077,94,2.6,true
RØ,2571,HGL/86,1077,KK/86,1080,94,2.1,true
RØ,2571,KK/86,1082,KN/86,1084,95,1.6,true
RØ,2571,KN/86,1085,KH/86,1088,95,1.5,true
RØ,2571,KH/86,1092,VAL/86,1095,161,3.9,true
RØ,2571,VAL/86,1096,HIF/86,1099,161,3.4,true
RØ,2571,HIF/86,1099,HTÅ/86,1105,161,12.2,true
RØ,2571,HTÅ/86,1106,HH/86,1110,136,4.7,true
RØ,2571,HH/86,1111,TRK/86,1114,136,4.0,true
RØ,2571,TRK/86,1115,RO/86,1118,136,3.1,true
RØ,2571,RO/86,1119,LJ/86,1125,69,9.5,true
RØ,2571,LJ/86,1126,HV/86,1131,69,7.5,true
RØ,2571,HV/86,1132,TØ/86,1136,69,6.3,true
RØ,2571,TØ/86,1137,PE/86,1141,69,6.6,true
RØ,2571,PE/86,1142,HK/86,1147,69,5.9,true
RØ,2571,HK/86,1147,End,1147,0,0.0,true
RØ,2575,Start,1093,HG/86,1093,0,0.0,true
RØ,2575,HG/86,1093,SQ/86,1096,28,3.5,true
RØ,2575,SQ/86,1097,GÆ/86,1099,28,2.7,true
RØ,2575,GÆ/86,1100,HUM/86,1103,28,3.7,true
RØ,2575,HUM/86,1104,NI/86,1107,28,3.8,true
RØ,2575,NI/86,1108,OK/86,1112,50,3.4,true
RØ,2575,OK/86,1113,RU/86,1115,50,3.0,true
RØ,2575,RU/86,1116,VB/86,1119,50,4.0,true
RØ,2575,VB/86,1120,SÅ/86,1123,50,3.3,true
RØ,2575,SÅ/86,1124,KL/86,1128,50,5.5,true
RØ,2575,KL/86,1129,HL/86,1134,50,5.5,true
RØ,2575,HL/86,1135,HGL/86,1137,50,2.6,true
RØ,2575,HGL/86,1137,KK/86,1140,50,2.1,true
RØ,2575,KK/86,1142,KN/86,1144,49,1.6,true
RØ,2575,KN/86,1145,KH/86,1148,49,1.5,true
RØ,2575,KH/86,1152,VAL/86,1155,106,3.9,true
RØ,2575,VAL/86,1156,HIF/86,1159,106,3.4,true
RØ,2575,HIF/86,1159,HTÅ/86,1165,106,12.2,true
RØ,2575,HTÅ/86,1166,HH/86,1170,87,4.7,true
RØ,2575,HH/86,1171,TRK/86,1174,87,4.0,true
RØ,2575,TRK/86,1175,RO/86,1178,87,3.1,true
RØ,2575,RO/86,1179,LJ/86,1185,42,9.5,true
RØ,2575,LJ/86,1186,HV/86,1191,42,7.5,true
RØ,2575,HV/86,1192,TØ/86,1196,42,6.3,true
RØ,2575,TØ/86,1197,PE/86,1201,42,6.6,true
RØ,2575,PE/86,1202,HK/86,1207,42,5.9,true
RØ,2575,HK/86,1207,End,1207,0,0.0,true
RØ,2579,Start,1153,HG/86,1153,0,0.0,true
RØ,2579,HG/86,1153,SQ/86,1156,37,3.5,true
RØ,2579,SQ/86,1157,GÆ/86,1159,37,2.7,true
RØ,2579,GÆ/86,1160,HUM/86,1163,37,3.7,true
RØ,2579,HUM/86,1164,NI/86,1167,37,3.8,true
RØ,2579,NI/86,1168,OK/86,1172,52,3.4,true
RØ,2579,OK/86,1173,RU/86,1175,52,3.0,true
RØ,2579,RU/86,1176,VB/86,1179,52,4.0,true
RØ,2579,VB/86,1180,SÅ/86,1183,52,3.3,true
RØ,2579,SÅ/86,1184,KL/86,1188,52,5.5,true
RØ,2579,KL/86,1189,HL/86,1194,52,5.5,true
RØ,2579,HL/86,1195,HGL/86,1197,52,2.6,true
RØ,2579,HGL/86,1197,KK/86,1200,52,2.1,true
RØ,2579,KK/86,1202,KN/86,1204,30,1.6,true
RØ,2579,KN/86,1205,KH/86,1208,30,1.5,true
RØ,2579,KH/86,1208,End,1208,0,0.0,true
RØ,258,Start,1184,SG/86,1184,0,0.0,true
RØ,258,SG/86,1184,SO/86,1191,18,14.6,true
RØ,258,SO/86,1193,FJ/86,1197,18,6.8,true
RØ,258,FJ/86,1197,RG/86,1202,18,7.6,true
RØ,258,RG/86,1204,KY/86,1208,28,7.3,true
RØ,258,KY/86,1208,RO/86,1218,28,25.3,true
RØ,258,RO/86,1220,TRK/86,1223,28,3.1,true
RØ,258,TRK/86,1224,HH/86,1226,28,4.0,true
RØ,258,HH/86,1226,HTÅ/86,1229,28,4.7,true
RØ,258,HTÅ/86,1231,GL/86,1235,63,8.3,true
RØ,258,GL/86,1235,NEL/86,1240,63,7.6,true
RØ,258,NEL/86,1242,KLV/86,1244,63,3.2,true
RØ,258,KLV/86,1244,ØRE/86,1246,63,2.1,true
RØ,258,ØRE/86,1247,TÅT/86,1249,63,1.6,true
RØ,258,TÅT/86,1250,CPH/86,1254,63,3.3,true
RØ,258,CPH/86,1254,End,1254,0,0.0,true
RØ,2583,Start,1213,HG/86,1213,0,0.0,true
RØ,2583,HG/86,1213,SQ/86,1216,43,3.5,true
RØ,2583,SQ/86,1217,GÆ/86,1219,43,2.7,true
RØ,2583,GÆ/86,1220,HUM/86,1223,43,3.7,true
RØ,2583,HUM/86,1224,NI/86,1227,43,3.8,true
RØ,2583,NI/86,1228,OK/86,1232,72,3.4,true
RØ,2583,OK/86,1233,RU/86,1235,72,3.0,true
RØ,2583,RU/86,1236,VB/86,1239,72,4.0,true
RØ,2583,VB/86,1240,SÅ/86,1243,72,3.3,true
RØ,2583,SÅ/86,1244,KL/86,1248,72,5.5,true
RØ,2583,KL/86,1249,HL/86,1254,72,5.5,true
RØ,2583,HL/86,1255,HGL/86,1257,72,2.6,true
RØ,2583,HGL/86,1257,KK/86,1260,72,2.1,true
RØ,2583,KK/86,1262,KN/86,1264,65,1.6,true
RØ,2583,KN/86,1265,KH/86,1268,65,1.5,true
RØ,2583,KH/86,1272,VAL/86,1275,86,3.9,true
RØ,2583,VAL/86,1276,HIF/86,1279,86,3.4,true
RØ,2583,HIF/86,1279,HTÅ/86,1285,86,12.2,true
RØ,2583,HTÅ/86,1286,HH/86,1290,52,4.7,true
RØ,2583,HH/86,1291,TRK/86,1294,52,4.0,true
RØ,2583,TRK/86,1295,RO/86,1298,52,3.1,true
RØ,2583,RO/86,1298,End,1298,0,0.0,true
IC,259,Start,905,CPH/86,905,0,0.0,true
IC,259,CPH/86,905,TÅT/86,907,131,3.3,true
IC,259,TÅT/86,908,ØRE/86,910,131,1.6,true
IC,259,ØRE/86,911,KLV/86,914,131,2.1,true
IC,259,KLV/86,914,NEL/86,916,131,3.2,true
IC,259,NEL/86,918,IG/86,920,131,1.6,true
IC,259,IG/86,920,HTÅ/86,928,131,14.3,true
IC,259,HTÅ/86,929,HH/86,932,228,4.7,true
IC,259,HH/86,932,TRK/86,935,228,4.0,true
IC,259,TRK/86,936,RO/86,939,228,3.1,true
IC,259,RO/86,941,VY/86,946,347,11.2,true
IC,259,VY/86,946,RG/86,956,347,21.4,true
IC,259,RG/86,958,FJ/86,963,332,7.6,true
IC,259,FJ/86,963,SO/86,966,332,6.8,true
IC,259,SO/86,967,SG/86,975,332,14.6,true
IC,259,SG/86,977,FO/86,981,231,7.1,true
IC,259,FO/86,981,NG/86,995,231,31.6,true
IC,259,NG/86,997,JU/86,1000,204,5.0,true
IC,259,JU/86,1000,OD/86,1010,204,23.7,true
IC,259,OD/86,1010,End,1010,0,0.0,true
RØ,2595,Start,1408,HG/86,1408,0,0.0,true
RØ,2595,HG/86,1408,SQ/86,1411,5,3.5,true
RØ,2595,SQ/86,1412,GÆ/86,1414,5,2.7,true
RØ,2595,GÆ/86,1415,HUM/86,1418,5,3.7,true
RØ,2595,HUM/86,1419,NI/86,1422,5,3.8,true
RØ,2595,NI/86,1423,OK/86,1427,6,3.4,true
RØ,2595,OK/86,1428,RU/86,1430,6,3.0,true
RØ,2595,RU/86,1431,VB/86,1434,6,4.0,true
RØ,2595,VB/86,1435,SÅ/86,1438,6,3.3,true
RØ,2595,SÅ/86,1439,KL/86,1443,6,5.5,true
RØ,2595,KL/86,1444,HL/86,1449,6,5.5,true
RØ,2595,HL/86,1450,HGL/86,1452,6,2.6,true
RØ,2595,HGL/86,1452,KK/86,1455,6,2.1,true
RØ,2595,KK/86,1457,KN/86,1459,8,1.6,true
RØ,2595,KN/86,1460,KH/86,1463,8,1.5,true
RØ,2595,KH/86,1470,VAL/86,1474,33,3.9,true
RØ,2595,VAL/86,1475,HIF/86,1477,33,3.4,true
RØ,2595,HIF/86,1477,HTÅ/86,1483,33,12.2,true
RØ,2595,HTÅ/86,1485,HH/86,1488,32,4.7,true
RØ,2595,HH/86,1489,TRK/86,1492,32,4.0,true
RØ,2595,TRK/86,1493,RO/86,1496,32,3.1,true
RØ,2595,RO/86,1497,LJ/86,1503,4,9.5,true
RØ,2595,LJ/86,1504,HV/86,1509,4,7.5,true
RØ,2595,HV/86,1510,TØ/86,1514,4,6.3,true
RØ,2595,TØ/86,1515,PE/86,1519,4,6.6,true
RØ,2595,PE/86,1520,HK/86,1525,4,5.9,true
RØ,2595,HK/86,1525,End,1525,0,0.0,true
RØ,2599,Start,28,HG/86,28,0,0.0,true
RØ,2599,HG/86,28,SQ/86,31,8,3.5,true
RØ,2599,SQ/86,32,GÆ/86,34,8,2.7,true
RØ,2599,GÆ/86,35,HUM/86,38,8,3.7,true
RØ,2599,HUM/86,39,NI/86,42,8,3.8,true
RØ,2599,NI/86,43,OK/86,47,16,3.4,true
RØ,2599,OK/86,48,RU/86,50,16,3.0,true
RØ,2599,RU/86,51,VB/86,54,16,4.0,true
RØ,2599,VB/86,55,SÅ/86,58,16,3.3,true
RØ,2599,SÅ/86,59,KL/86,63,16,5.5,true
RØ,2599,KL/86,64,HL/86,69,16,5.5,true
RØ,2599,HL/86,70,HGL/86,72,16,2.6,true
RØ,2599,HGL/86,72,KK/86,75,16,2.1,true
RØ,2599,KK/86,77,KN/86,79,12,1.6,true
RØ,2599,KN/86,80,KH/86,83,12,1.5,true
RØ,2599,KH/86,83,End,83,0,0.0,true
L,26,Start,560,AR/86,560,0,0.0,true
L,26,AR/86,560,KGV/86,563,194,3.0,false
L,26,KGV/86,563,SD/86,572,194,19.8,false
L,26,SD/86,574,HÅ/86,581,219,14.1,false
L,26,HÅ/86,581,HS/86,587,219,14.5,false
L,26,HS/86,589,HED/86,597,226,16.3,false
L,26,HED/86,597,VJ/86,604,226,15.1,false
L,26,VJ/86,606,BET/86,611,257,10.9,false
L,26,BET/86,611,FA/86,621,257,14.8,false
L,26,FA/86,627,SNO/86,629,335,4.3,true
L,26,SNO/86,629,OD/86,654,335,56.0,true
L,26,OD/86,657,MV/86,662,373,9.3,true
L,26,MV/86,662,KH/86,726,373,148.8,true
L,26,KH/86,738,BAN/86,741,90,2.4,true
L,26,BAN/86,741,CPH/86,752,90,9.4,true
L,26,CPH/86,752,End,752,0,0.0,true
RØ,262,Start,1244,SG/86,1244,0,0.0,true
RØ,262,SG/86,1244,SO/86,1251,27,14.6,true
RØ,262,SO/86,1253,FJ/86,1257,27,6.8,true
RØ,262,FJ/86,1257,RG/86,1262,27,7.6,true
RØ,262,RG/86,1264,KY/86,1268,26,7.3,true
RØ,262,KY/86,1268,RO/86,1278,26,25.3,true
RØ,262,RO/86,1280,TRK/86,1283,23,3.1,true
RØ,262,TRK/86,1284,HH/86,1286,23,4.0,true
RØ,262,HH/86,1286,HTÅ/86,1289,23,4.7,true
RØ,262,HTÅ/86,1291,GL/86,1295,27,8.3,true
RØ,262,GL/86,1295,NEL/86,1300,27,7.6,true
RØ,262,NEL/86,1302,KLV/86,1304,27,3.2,true
RØ,262,KLV/86,1304,ØRE/86,1306,27,2.1,true
RØ,262,ØRE/86,1307,TÅT/86,1309,27,1.6,true
RØ,262,TÅT/86,1310,CPH/86,1314,27,3.3,true
RØ,262,CPH/86,1314,End,1314,0,0.0,true
IC,263,Start,965,CPH/86,965,0,0.0,true
IC,263,CPH/86,965,TÅT/86,967,146,3.3,true
IC,263,TÅT/86,968,ØRE/86,970,146,1.6,true
IC,263,ØRE/86,971,KLV/86,974,146,2.1,true
IC,263,KLV/86,974,NEL/86,976,146,3.2,true
IC,263,NEL/86,978,IG/86,980,146,1.6,true
IC,263,IG/86,980,HTÅ/86,988,146,14.3,true
IC,263,HTÅ/86,989,HH/86,992,190,4.7,true
IC,263,HH/86,992,TRK/86,995,190,4.0,true
IC,263,TRK/86,996,RO/86,999,190,3.1,true
IC,263,RO/86,1001,VY/86,1006,248,11.2,true
IC,263,VY/86,1006,RG/86,1016,248,21.4,true
IC,263,RG/86,1018,FJ/86,1023,241,7.6,true
IC,263,FJ/86,1023,SO/86,1026,241,6.8,true
IC,263,SO/86,1027,SG/86,1035,241,14.6,true
IC,263,SG/86,1037,FO/86,1041,167,7.1,true
IC,263,FO/86,1041,NG/86,1055,167,31.6,true
IC,263,NG/86,1057,JU/86,1060,131,5.0,true
IC,263,JU/86,1060,OD/86,1070,131,23.7,true
IC,263,OD/86,1070,End,1070,0,0.0,true
RØ,266,Start,1340,RO/86,1340,0,0.0,true
RØ,266,RO/86,1340,TRK/86,1343,8,3.1,true
RØ,266,TRK/86,1344,HH/86,1346,8,4.0,true
RØ,266,HH/86,1346,HTÅ/86,1349,8,4.7,true
RØ,266,HTÅ/86,1351,GL/86,1355,12,8.3,true
RØ,266,GL/86,1355,NEL/86,1360,12,7.6,true
RØ,266,NEL/86,1362,KLV/86,1364,12,3.2,true
RØ,266,KLV/86,1364,ØRE/86,1366,12,2.1,true
RØ,266,ØRE/86,1367,TÅT/86,1369,12,1.6,true
RØ,266,TÅT/86,1370,CPH/86,1374,12,3.3,true
RØ,266,CPH/86,1374,End,1374,0,0.0,true
RØ,267,Start,1025,CPH/86,1025,0,0.0,true
RØ,267,CPH/86,1025,TÅT/86,1027,79,3.3,true
RØ,267,TÅT/86,1028,ØRE/86,1030,79,1.6,true
RØ,267,ØRE/86,1031,KLV/86,1034,79,2.1,true
RØ,267,KLV/86,1034,NEL/86,1036,79,3.2,true
RØ,267,NEL/86,1038,IG/86,1040,79,1.6,true
RØ,267,IG/86,1040,HTÅ/86,1048,79,14.3,true
RØ,267,HTÅ/86,1049,HH/86,1052,84,4.7,true
RØ,267,HH/86,1052,TRK/86,1055,84,4.0,true
RØ,267,TRK/86,1056,RO/86,1059,84,3.1,true
RØ,267,RO/86,1061,VY/86,1066,87,11.2,true
RØ,267,VY/86,1066,RG/86,1076,87,21.4,true
RØ,267,RG/86,1078,FJ/86,1083,74,7.6,true
RØ,267,FJ/86,1083,SO/86,1086,74,6.8,true
RØ,267,SO/86,1087,SG/86,1095,74,14.6,true
RØ,267,SG/86,1095,End,1095,0,0.0,true
L,27,Start,446,CPH/86,446,0,0.0,true
L,27,CPH/86,446,TÅT/86,449,17,3.3,true
L,27,TÅT/86,449,KH/86,460,17,8.5,true
L,27,KH/86,472,GB/86,475,482,3.2,true
L,27,GB/86,475,OD/86,543,482,154.9,true
L,27,OD/86,546,HP/86,550,282,8.6,true
L,27,HP/86,550,FA/86,574,282,51.7,true
L,27,FA/86,578,BK/86,584,231,11.9,false
L,27,BK/86,584,VJ/86,591,231,13.8,false
L,27,VJ/86,593,HED/86,601,195,15.1,false
L,27,HED/86,601,HS/86,608,195,16.3,false
L,27,HS/86,610,HÅ/86,617,189,14.5,false
L,27,HÅ/86,617,SD/86,624,189,14.1,false
L,27,SD/86,625,HX/86,630,166,8.5,false
L,27,HX/86,630,AR/86,638,166,14.3,false
L,27,AR/86,638,End,638,0,0.0,true
RØ,270,Start,1400,RO/86,1400,0,0.0,true
RØ,270,RO/86,1400,TRK/86,1403,7,3.1,true
RØ,270,TRK/86,1404,HH/86,1406,7,4.0,true
RØ,270,HH/86,1406,HTÅ/86,1409,7,4.7,true
RØ,270,HTÅ/86,1411,GL/86,1415,10,8.3,true
RØ,270,GL/86,1415,NEL/86,1420,10,7.6,true
RØ,270,NEL/86,1422,KLV/86,1424,10,3.2,true
RØ,270,KLV/86,1424,ØRE/86,1426,10,2.1,true
RØ,270,ØRE/86,1427,TÅT/86,1429,10,1.6,true
RØ,270,TÅT/86,1430,CPH/86,1434,10,3.3,true
RØ,270,CPH/86,1434,End,1434,0,0.0,true
RØ,271,Start,1085,CPH/86,1085,0,0.0,true
RØ,271,CPH/86,1085,TÅT/86,1087,69,3.3,true
RØ,271,TÅT/86,1088,ØRE/86,1090,69,1.6,true
RØ,271,ØRE/86,1091,KLV/86,1094,69,2.1,true
RØ,271,KLV/86,1094,NEL/86,1096,69,3.2,true
RØ,271,NEL/86,1098,IG/86,1100,69,1.6,true
RØ,271,IG/86,1100,HTÅ/86,1108,69,14.3,true
RØ,271,HTÅ/86,1109,HH/86,1112,50,4.7,true
RØ,271,HH/86,1112,TRK/86,1115,50,4.0,true
RØ,271,TRK/86,1116,RO/86,1119,50,3.1,true
RØ,271,RO/86,1121,VY/86,1126,36,11.2,true
RØ,271,VY/86,1126,RG/86,1136,36,21.4,true
RØ,271,RG/86,1138,FJ/86,1143,30,7.6,true
RØ,271,FJ/86,1143,SO/86,1146,30,6.8,true
RØ,271,SO/86,1147,SG/86,1155,30,14.6,true
RØ,271,SG/86,1155,End,1155,0,0.0,true
RV,2710,Start,371,FA/86,371,0,0.0,true
RV,2710,FA/86,371,SNO/86,374,2,4.3,true
RV,2710,SNO/86,374,MD/86,378,2,5.9,true
RV,2710,MD/86,379,KA/86,383,29,6.1,true
RV,2710,KA/86,383,NA/86,387,29,4.2,true
RV,2710,NA/86,388,EB/86,392,29,5.3,true
RV,2710,EB/86,403,GD/86,407,29,4.6,true
RV,2710,GD/86,408,AP/86,412,29,5.5,true
RV,2710,AP/86,413,BD/86,416,29,3.6,true
RV,2710,BD/86,417,SC/86,419,29,2.4,true
RV,2710,SC/86,420,TP/86,423,29,3.2,true
RV,2710,TP/86,424,HP/86,429,29,6.6,true
RV,2710,HP/86,429,OD/86,436,29,8.6,true
RV,2710,OD/86,436,End,436,0,0.0,true
RV,2715,Start,400,OD/86,400,0,0.0,true
RV,2715,OD/86,400,HP/86,405,29,8.6,true
RV,2715,HP/86,406,TP/86,410,29,6.6,true
RV,2715,TP/86,411,SC/86,413,29,3.2,true
RV,2715,SC/86,414,BD/86,416,29,2.4,true
RV,2715,BD/86,417,AP/86,420,29,3.6,true
RV,2715,AP/86,421,GD/86,424,29,5.5,true
RV,2715,GD/86,425,EB/86,429,29,4.6,true
RV,2715,EB/86,430,NA/86,433,29,5.3,true
RV,2715,NA/86,434,KA/86,438,29,4.2,true
RV,2715,KA/86,438,MD/86,442,29,6.1,true
RV,2715,MD/86,443,SNO/86,447,19,5.9,true
RV,2715,SNO/86,447,FA/86,450,19,4.3,true
RV,2715,FA/86,450,End,450,0,0.0,true
RV,2720,Start,510,FA/86,510,0,0.0,true
RV,2720,FA/86,510,SNO/86,513,16,4.3,true
RV,2720,SNO/86,513,MD/86,517,16,5.9,true
RV,2720,MD/86,518,KA/86,522,27,6.1,true
RV,2720,KA/86,523,NA/86,526,27,4.2,true
RV,2720,NA/86,527,EB/86,531,27,5.3,true
RV,2720,EB/86,532,GD/86,536,27,4.6,true
RV,2720,GD/86,537,AP/86,541,27,5.5,true
RV,2720,AP/86,542,BD/86,545,27,3.6,true
RV,2720,BD/86,545,SC/86,548,27,2.4,true
RV,2720,SC/86,548,TP/86,551,27,3.2,true
RV,2720,TP/86,552,HP/86,557,27,6.6,true
RV,2720,HP/86,557,OD/86,564,27,8.6,true
RV,2720,OD/86,564,End,564,0,0.0,true
RV,2727,Start,526,OD/86,526,0,0.0,true
RV,2727,OD/86,526,HP/86,532,10,8.6,true
RV,2727,HP/86,532,TP/86,537,10,6.6,true
RV,2727,TP/86,538,SC/86,541,10,3.2,true
RV,2727,SC/86,541,BD/86,544,10,2.4,true
RV,2727,BD/86,544,AP/86,547,10,3.6,true
RV,2727,AP/86,548,GD/86,553,10,5.5,true
RV,2727,GD/86,554,EB/86,558,10,4.6,true
RV,2727,EB/86,567,NA/86,571,10,5.3,true
RV,2727,NA/86,572,KA/86,575,10,4.2,true
RV,2727,KA/86,576,MD/86,580,10,6.1,true
RV,2727,MD/86,581,SNO/86,585,3,5.9,true
RV,2727,SNO/86,585,FA/86,588,3,4.3,true
RV,2727,FA/86,588,End,588,0,0.0,true
RV,2728,Start,635,FA/86,635,0,0.0,true
RV,2728,FA/86,635,SNO/86,638,2,4.3,true
RV,2728,SNO/86,638,MD/86,642,2,5.9,true
RV,2728,MD/86,643,KA/86,647,11,6.1,true
RV,2728,KA/86,647,NA/86,651,11,4.2,true
RV,2728,NA/86,652,EB/86,656,11,5.3,true
RV,2728,EB/86,657,GD/86,661,11,4.6,true
RV,2728,GD/86,662,AP/86,666,11,5.5,true
RV,2728,AP/86,667,BD/86,670,11,3.6,true
RV,2728,BD/86,670,SC/86,673,11,2.4,true
RV,2728,SC/86,673,TP/86,676,11,3.2,true
RV,2728,TP/86,683,HP/86,687,11,6.6,true
RV,2728,HP/86,688,OD/86,694,11,8.6,true
RV,2728,OD/86,694,End,694,0,0.0,true
RV,2733,Start,639,OD/86,639,0,0.0,true
RV,2733,OD/86,639,HP/86,645,8,8.6,true
RV,2733,HP/86,645,TP/86,650,8,6.6,true
RV,2733,TP/86,651,SC/86,653,8,3.2,true
RV,2733,SC/86,654,BD/86,656,8,2.4,true
RV,2733,BD/86,656,AP/86,659,8,3.6,true
RV,2733,AP/86,660,GD/86,664,8,5.5,true
RV,2733,GD/86,665,EB/86,668,8,4.6,true
RV,2733,EB/86,669,NA/86,673,8,5.3,true
RV,2733,NA/86,674,KA/86,677,8,4.2,true
RV,2733,KA/86,678,MD/86,682,8,6.1,true
RV,2733,MD/86,683,SNO/86,686,5,5.9,true
RV,2733,SNO/86,686,FA/86,689,5,4.3,true
RV,2733,FA/86,689,End,689,0,0.0,true
RV,2736,Start,750,FA/86,750,0,0.0,true
RV,2736,FA/86,750,SNO/86,753,5,4.3,true
RV,2736,SNO/86,753,MD/86,757,5,5.9,true
RV,2736,MD/86,758,KA/86,762,15,6.1,true
RV,2736,KA/86,762,NA/86,765,15,4.2,true
RV,2736,NA/86,766,EB/86,770,15,5.3,true
RV,2736,EB/86,771,GD/86,774,15,4.6,true
RV,2736,GD/86,775,AP/86,779,15,5.5,true
RV,2736,AP/86,780,BD/86,783,15,3.6,true
RV,2736,BD/86,783,SC/86,786,15,2.4,true
RV,2736,SC/86,786,TP/86,789,15,3.2,true
RV,2736,TP/86,790,HP/86,794,15,6.6,true
RV,2736,HP/86,795,OD/86,801,15,8.6,true
RV,2736,OD/86,801,End,801,0,0.0,true
RØ,274,Start,20,RO/86,20,0,0.0,true
RØ,274,RO/86,20,TRK/86,23,8,3.1,true
RØ,274,TRK/86,24,HH/86,26,8,4.0,true
RØ,274,HH/86,26,HTÅ/86,29,8,4.7,true
RØ,274,HTÅ/86,31,GL/86,35,13,8.3,true
RØ,274,GL/86,35,NEL/86,40,13,7.6,true
RØ,274,NEL/86,42,KLV/86,44,13,3.2,true
RØ,274,KLV/86,44,ØRE/86,46,13,2.1,true
RØ,274,ØRE/86,47,TÅT/86,49,13,1.6,true
RØ,274,TÅT/86,50,CPH/86,54,13,3.3,true
RØ,274,CPH/86,54,End,54,0,0.0,true
RV,2741,Start,758,OD/86,758,0,0.0,true
RV,2741,OD/86,758,HP/86,764,19,8.6,true
RV,2741,HP/86,764,TP/86,769,19,6.6,true
RV,2741,TP/86,770,SC/86,773,19,3.2,true
RV,2741,SC/86,773,BD/86,776,19,2.4,true
RV,2741,BD/86,776,AP/86,779,19,3.6,true
RV,2741,AP/86,780,GD/86,784,19,5.5,true
RV,2741,GD/86,785,EB/86,789,19,4.6,true
RV,2741,EB/86,790,NA/86,794,19,5.3,true
RV,2741,NA/86,795,KA/86,798,19,4.2,true
RV,2741,KA/86,798,MD/86,803,19,6.1,true
RV,2741,MD/86,804,SNO/86,808,7,5.9,true
RV,2741,SNO/86,808,FA/86,811,7,4.3,true
RV,2741,FA/86,811,End,811,0,0.0,true
RV,2742,Start,873,FA/86,873,0,0.0,true
RV,2742,FA/86,873,SNO/86,876,8,4.3,true
RV,2742,SNO/86,876,MD/86,880,8,5.9,true
RV,2742,MD/86,881,KA/86,885,30,6.1,true
RV,2742,KA/86,885,NA/86,888,30,4.2,true
RV,2742,NA/86,889,EB/86,893,30,5.3,true
RV,2742,EB/86,894,GD/86,897,30,4.6,true
RV,2742,GD/86,898,AP/86,902,30,5.5,true
RV,2742,AP/86,903,BD/86,906,30,3.6,true
RV,2742,BD/86,906,SC/86,908,30,2.4,true
RV,2742,SC/86,909,TP/86,911,30,3.2,true
RV,2742,TP/86,923,HP/86,927,30,6.6,true
RV,2742,HP/86,928,OD/86,934,30,8.6,true
RV,2742,OD/86,934,End,934,0,0.0,true
RØ,275,Start,1145,CPH/86,1145,0,0.0,true
RØ,275,CPH/86,1145,TÅT/86,1147,44,3.3,true
RØ,275,TÅT/86,1148,ØRE/86,1150,44,1.6,true
RØ,275,ØRE/86,1151,KLV/86,1154,44,2.1,true
RØ,275,KLV/86,1154,NEL/86,1156,44,3.2,true
RØ,275,NEL/86,1158,IG/86,1160,44,1.6,true
RØ,275,IG/86,1160,HTÅ/86,1168,44,14.3,true
RØ,275,HTÅ/86,1169,HH/86,1172,41,4.7,true
RØ,275,HH/86,1172,TRK/86,1175,41,4.0,true
RØ,275,TRK/86,1176,RO/86,1179,41,3.1,true
RØ,275,RO/86,1181,VY/86,1186,37,11.2,true
RØ,275,VY/86,1186,RG/86,1196,37,21.4,true
RØ,275,RG/86,1198,FJ/86,1203,32,7.6,true
RØ,275,FJ/86,1203,SO/86,1206,32,6.8,true
RØ,275,SO/86,1207,SG/86,1215,32,14.6,true
RØ,275,SG/86,1215,End,1215,0,0.0,true
RV,2751,Start,885,OD/86,885,0,0.0,true
RV,2751,OD/86,885,HP/86,891,52,8.6,true
RV,2751,HP/86,891,TP/86,896,52,6.6,true
RV,2751,TP/86,897,SC/86,900,52,3.2,true
RV,2751,SC/86,900,BD/86,903,52,2.4,true
RV,2751,BD/86,903,AP/86,906,52,3.6,true
RV,2751,AP/86,907,GD/86,911,52,5.5,true
RV,2751,GD/86,912,EB/86,917,52,4.6,true
RV,2751,EB/86,927,NA/86,931,52,5.3,true
RV,2751,NA/86,932,KA/86,935,52,4.2,true
RV,2751,KA/86,936,MD/86,940,52,6.1,true
RV,2751,MD/86,941,SNO/86,944,21,5.9,true
RV,2751,SNO/86,944,FA/86,948,21,4.3,true
RV,2751,FA/86,948,End,948,0,0.0,true
RV,2754,Start,1000,FA/86,1000,0,0.0,true
RV,2754,FA/86,1000,SNO/86,1003,6,4.3,true
RV,2754,SNO/86,1003,MD/86,1007,6,5.9,true
RV,2754,MD/86,1008,KA/86,1012,12,6.1,true
RV,2754,KA/86,1013,NA/86,1016,12,4.2,true
RV,2754,NA/86,1017,EB/86,1023,12,5.3,true
RV,2754,EB/86,1035,GD/86,1039,12,4.6,true
RV,2754,GD/86,1040,AP/86,1044,12,5.5,true
RV,2754,AP/86,1045,BD/86,1048,12,3.6,true
RV,2754,BD/86,1049,SC/86,1051,12,2.4,true
RV,2754,SC/86,1052,TP/86,1055,12,3.2,true
RV,2754,TP/86,1056,HP/86,1060,12,6.6,true
RV,2754,HP/86,1061,OD/86,1067,12,8.6,true
RV,2754,OD/86,1067,End,1067,0,0.0,true
RV,2759,Start,1005,OD/86,1005,0,0.0,true
RV,2759,OD/86,1005,HP/86,1011,45,8.6,true
RV,2759,HP/86,1011,TP/86,1016,45,6.6,true
RV,2759,TP/86,1017,SC/86,1020,45,3.2,true
RV,2759,SC/86,1020,BD/86,1023,45,2.4,true
RV,2759,BD/86,1023,AP/86,1026,45,3.6,true
RV,2759,AP/86,1027,GD/86,1032,45,5.5,true
RV,2759,GD/86,1033,EB/86,1037,45,4.6,true
RV,2759,EB/86,1047,NA/86,1051,45,5.3,true
RV,2759,NA/86,1052,KA/86,1055,45,4.2,true
RV,2759,KA/86,1056,MD/86,1060,45,6.1,true
RV,2759,MD/86,1061,SNO/86,1064,3,5.9,true
RV,2759,SNO/86,1064,FA/86,1068,3,4.3,true
RV,2759,FA/86,1068,End,1068,0,0.0,true
RV,2760,Start,1110,FA/86,1110,0,0.0,true
RV,2760,FA/86,1110,SNO/86,1113,11,4.3,true
RV,2760,SNO/86,1113,MD/86,1117,11,5.9,true
RV,2760,MD/86,1118,KA/86,1122,16,6.1,true
RV,2760,KA/86,1123,NA/86,1126,16,4.2,true
RV,2760,NA/86,1127,EB/86,1131,16,5.3,true
RV,2760,EB/86,1132,GD/86,1136,16,4.6,true
RV,2760,GD/86,1137,AP/86,1141,16,5.5,true
RV,2760,AP/86,1142,BD/86,1145,16,3.6,true
RV,2760,BD/86,1145,SC/86,1148,16,2.4,true
RV,2760,SC/86,1148,TP/86,1151,16,3.2,true
RV,2760,TP/86,1152,HP/86,1157,16,6.6,true
RV,2760,HP/86,1157,OD/86,1164,16,8.6,true
RV,2760,OD/86,1164,End,1164,0,0.0,true
RV,2765,Start,1116,OD/86,1116,0,0.0,true
RV,2765,OD/86,1116,HP/86,1122,19,8.6,true
RV,2765,HP/86,1122,TP/86,1127,19,6.6,true
RV,2765,TP/86,1128,SC/86,1131,19,3.2,true
RV,2765,SC/86,1132,BD/86,1134,19,2.4,true
RV,2765,BD/86,1134,AP/86,1138,19,3.6,true
RV,2765,AP/86,1139,GD/86,1143,19,5.5,true
RV,2765,GD/86,1144,EB/86,1147,19,4.6,true
RV,2765,EB/86,1148,NA/86,1152,19,5.3,true
RV,2765,NA/86,1153,KA/86,1157,19,4.2,true
RV,2765,KA/86,1157,MD/86,1162,19,6.1,true
RV,2765,MD/86,1163,SNO/86,1167,2,5.9,true
RV,2765,SNO/86,1167,FA/86,1170,2,4.3,true
RV,2765,FA/86,1170,End,1170,0,0.0,true
RV,2768,Start,1230,FA/86,1230,0,0.0,true
RV,2768,FA/86,1230,SNO/86,1233,33,4.3,true
RV,2768,SNO/86,1233,MD/86,1237,33,5.9,true
RV,2768,MD/86,1238,KA/86,1242,58,6.1,true
RV,2768,KA/86,1243,NA/86,1246,58,4.2,true
RV,2768,NA/86,1247,EB/86,1251,58,5.3,true
RV,2768,EB/86,1252,GD/86,1256,58,4.6,true
RV,2768,GD/86,1257,AP/86,1261,58,5.5,true
RV,2768,AP/86,1262,BD/86,1265,58,3.6,true
RV,2768,BD/86,1265,SC/86,1268,58,2.4,true
RV,2768,SC/86,1268,TP/86,1271,58,3.2,true
RV,2768,TP/86,1272,HP/86,1277,58,6.6,true
RV,2768,HP/86,1277,OD/86,1284,58,8.6,true
RV,2768,OD/86,1284,End,1284,0,0.0,true
RR,2776,Start,1347,FA/86,1347,0,0.0,true
RR,2776,FA/86,1347,SNO/86,1350,15,4.3,true
RR,2776,SNO/86,1350,MD/86,1354,15,5.9,true
RR,2776,MD/86,1355,KA/86,1359,12,6.1,true
RR,2776,KA/86,1360,NA/86,1363,12,4.2,true
RR,2776,NA/86,1364,EB/86,1368,12,5.3,true
RR,2776,EB/86,1369,GD/86,1373,12,4.6,true
RR,2776,GD/86,1374,AP/86,1378,12,5.5,true
RR,2776,AP/86,1379,BD/86,1382,12,3.6,true
RR,2776,BD/86,1383,SC/86,1385,12,2.4,true
RR,2776,SC/86,1385,TP/86,1388,12,3.2,true
RR,2776,TP/86,1389,HP/86,1394,12,6.6,true
RR,2776,HP/86,1395,OD/86,1401,12,8.6,true
RR,2776,OD/86,1401,End,1401,0,0.0,true
RV,2777,Start,1296,OD/86,1296,0,0.0,true
RV,2777,OD/86,1296,HP/86,1302,37,8.6,true
RV,2777,HP/86,1302,TP/86,1307,37,6.6,true
RV,2777,TP/86,1308,SC/86,1311,37,3.2,true
RV,2777,SC/86,1312,BD/86,1314,37,2.4,true
RV,2777,BD/86,1314,AP/86,1318,37,3.6,true
RV,2777,AP/86,1319,GD/86,1323,37,5.5,true
RV,2777,GD/86,1324,EB/86,1327,37,4.6,true
RV,2777,EB/86,1328,NA/86,1332,37,5.3,true
RV,2777,NA/86,1333,KA/86,1337,37,4.2,true
RV,2777,KA/86,1337,MD/86,1342,37,6.1,true
RV,2777,MD/86,1343,SNO/86,1347,1,5.9,true
RV,2777,SNO/86,1347,FA/86,1350,1,4.3,true
RV,2777,FA/86,1350,End,1350,0,0.0,true
RV,2785,Start,1416,OD/86,1416,0,0.0,true
RV,2785,OD/86,1416,HP/86,1422,14,8.6,true
RV,2785,HP/86,1422,TP/86,1427,14,6.6,true
RV,2785,TP/86,1428,SC/86,1431,14,3.2,true
RV,2785,SC/86,1432,BD/86,1434,14,2.4,true
RV,2785,BD/86,1434,AP/86,1438,14,3.6,true
RV,2785,AP/86,1439,GD/86,1443,14,5.5,true
RV,2785,GD/86,1444,EB/86,1447,14,4.6,true
RV,2785,EB/86,1448,NA/86,1452,14,5.3,true
RV,2785,NA/86,1453,KA/86,1457,14,4.2,true
RV,2785,KA/86,1457,MD/86,1462,14,6.1,true
RV,2785,MD/86,1463,SNO/86,1467,1,5.9,true
RV,2785,SNO/86,1467,FA/86,1470,1,4.3,true
RV,2785,FA/86,1470,End,1470,0,0.0,true
RØ,279,Start,1205,CPH/86,1205,0,0.0,true
RØ,279,CPH/86,1205,TÅT/86,1207,64,3.3,true
RØ,279,TÅT/86,1208,ØRE/86,1210,64,1.6,true
RØ,279,ØRE/86,1211,KLV/86,1214,64,2.1,true
RØ,279,KLV/86,1214,NEL/86,1216,64,3.2,true
RØ,279,NEL/86,1218,IG/86,1220,64,1.6,true
RØ,279,IG/86,1220,HTÅ/86,1228,64,14.3,true
RØ,279,HTÅ/86,1229,HH/86,1232,37,4.7,true
RØ,279,HH/86,1232,TRK/86,1235,37,4.0,true
RØ,279,TRK/86,1236,RO/86,1239,37,3.1,true
RØ,279,RO/86,1241,VY/86,1246,39,11.2,true
RØ,279,VY/86,1246,RG/86,1256,39,21.4,true
RØ,279,RG/86,1258,FJ/86,1263,33,7.6,true
RØ,279,FJ/86,1263,SO/86,1266,33,6.8,true
RØ,279,SO/86,1267,SG/86,1275,33,14.6,true
RØ,279,SG/86,1275,End,1275,0,0.0,true
RØ,283,Start,1265,CPH/86,1265,0,0.0,true
RØ,283,CPH/86,1265,TÅT/86,1267,73,3.3,true
RØ,283,TÅT/86,1268,ØRE/86,1270,73,1.6,true
RØ,283,ØRE/86,1271,KLV/86,1274,73,2.1,true
RØ,283,KLV/86,1274,NEL/86,1276,73,3.2,true
RØ,283,NEL/86,1278,IG/86,1280,73,1.6,true
RØ,283,IG/86,1280,HTÅ/86,1288,73,14.3,true
RØ,283,HTÅ/86,1289,HH/86,1292,16,4.7,true
RØ,283,HH/86,1292,TRK/86,1295,16,4.0,true
RØ,283,TRK/86,1296,RO/86,1299,16,3.1,true
RØ,283,RO/86,1299,End,1299,0,0.0,true
RØ,287,Start,1325,CPH/86,1325,0,0.0,true
RØ,287,CPH/86,1325,TÅT/86,1327,24,3.3,true
RØ,287,TÅT/86,1328,ØRE/86,1330,24,1.6,true
RØ,287,ØRE/86,1331,KLV/86,1334,24,2.1,true
RØ,287,KLV/86,1334,NEL/86,1336,24,3.2,true
RØ,287,NEL/86,1338,IG/86,1340,24,1.6,true
RØ,287,IG/86,1340,HTÅ/86,1348,24,14.3,true
RØ,287,HTÅ/86,1349,HH/86,1352,15,4.7,true
RØ,287,HH/86,1352,TRK/86,1355,15,4.0,true
RØ,287,TRK/86,1356,RO/86,1359,15,3.1,true
RØ,287,RO/86,1359,End,1359,0,0.0,true
RV,2909,Start,314,FA/86,314,0,0.0,true
RV,2909,FA/86,314,BK/86,320,33,11.9,false
RV,2909,BK/86,321,BET/86,324,33,2.9,false
RV,2909,BET/86,325,VJ/86,332,33,10.9,false
RV,2909,VJ/86,333,HED/86,342,31,15.1,false
RV,2909,HED/86,343,HS/86,351,31,16.3,false
RV,2909,HS/86,352,HÅ/86,359,41,14.5,false
RV,2909,HÅ/86,359,SD/86,366,41,14.1,false
RV,2909,SD/86,367,HX/86,371,31,8.5,false
RV,2909,HX/86,371,VI/86,376,31,9.6,false
RV,2909,VI/86,377,KGV/86,379,31,1.7,false
RV,2909,KGV/86,379,AR/86,383,31,3.0,false
RV,2909,AR/86,383,End,383,0,0.0,true
RØ,291,Start,1385,CPH/86,1385,0,0.0,true
RØ,291,CPH/86,1385,TÅT/86,1387,35,3.3,true
RØ,291,TÅT/86,1388,ØRE/86,1390,35,1.6,true
RØ,291,ØRE/86,1391,KLV/86,1394,35,2.1,true
RØ,291,KLV/86,1394,NEL/86,1396,35,3.2,true
RØ,291,NEL/86,1398,IG/86,1400,35,1.6,true
RØ,291,IG/86,1400,HTÅ/86,1408,35,14.3,true
RØ,291,HTÅ/86,1409,HH/86,1412,16,4.7,true
RØ,291,HH/86,1412,TRK/86,1415,16,4.0,true
RØ,291,TRK/86,1416,RO/86,1419,16,3.1,true
RØ,291,RO/86,1419,End,1419,0,0.0,true
RV,2912,Start,338,AR/86,338,0,0.0,true
RV,2912,AR/86,338,KGV/86,340,16,3.0,false
RV,2912,KGV/86,340,VI/86,342,16,1.7,false
RV,2912,VI/86,343,HC/86,346,16,4.8,false
RV,2912,HC/86,346,SD/86,352,16,13.3,false
RV,2912,SD/86,353,HÅ/86,360,18,14.1,false
RV,2912,HÅ/86,360,HS/86,366,18,14.5,false
RV,2912,HS/86,368,HED/86,376,75,16.3,false
RV,2912,HED/86,377,VJ/86,385,75,15.1,false
RV,2912,VJ/86,387,BET/86,393,85,10.9,false
RV,2912,BET/86,394,BK/86,397,85,2.9,false
RV,2912,BK/86,398,FA/86,406,85,11.9,false
RV,2912,FA/86,406,End,406,0,0.0,true
RV,2913,Start,376,FA/86,376,0,0.0,true
RV,2913,FA/86,376,BK/86,382,30,11.9,false
RV,2913,BK/86,383,BET/86,386,30,2.9,false
RV,2913,BET/86,387,VJ/86,394,30,10.9,false
RV,2913,VJ/86,395,HED/86,404,34,15.1,false
RV,2913,HED/86,405,HS/86,413,34,16.3,false
RV,2913,HS/86,415,HÅ/86,422,54,14.5,false
RV,2913,HÅ/86,422,SD/86,429,54,14.1,false
RV,2913,SD/86,430,HX/86,435,50,8.5,false
RV,2913,HX/86,435,VI/86,440,50,9.6,false
RV,2913,VI/86,441,KGV/86,443,50,1.7,false
RV,2913,KGV/86,443,AR/86,446,50,3.0,false
RV,2913,AR/86,446,End,446,0,0.0,true
RV,2916,Start,398,AR/86,398,0,0.0,true
RV,2916,AR/86,398,KGV/86,400,88,3.0,false
RV,2916,KGV/86,400,VI/86,402,88,1.7,false
RV,2916,VI/86,403,HC/86,406,88,4.8,false
RV,2916,HC/86,406,SD/86,412,88,13.3,false
RV,2916,SD/86,413,HÅ/86,420,101,14.1,false
RV,2916,HÅ/86,420,HS/86,426,101,14.5,false
RV,2916,HS/86,428,HED/86,436,117,16.3,false
RV,2916,HED/86,437,VJ/86,445,117,15.1,false
RV,2916,VJ/86,447,BET/86,453,86,10.9,false
RV,2916,BET/86,454,BK/86,457,86,2.9,false
RV,2916,BK/86,458,FA/86,466,86,11.9,false
RV,2916,FA/86,466,End,466,0,0.0,true
RV,2917,Start,432,FA/86,432,0,0.0,true
RV,2917,FA/86,432,BK/86,438,104,11.9,false
RV,2917,BK/86,439,BET/86,442,104,2.9,false
RV,2917,BET/86,443,VJ/86,450,104,10.9,false
RV,2917,VJ/86,451,HED/86,460,76,15.1,false
RV,2917,HED/86,461,HS/86,469,76,16.3,false
RV,2917,HS/86,470,HÅ/86,477,97,14.5,false
RV,2917,HÅ/86,477,SD/86,484,97,14.1,false
RV,2917,SD/86,485,HX/86,489,78,8.5,false
RV,2917,HX/86,489,VI/86,494,78,9.6,false
RV,2917,VI/86,495,KGV/86,497,78,1.7,false
RV,2917,KGV/86,497,AR/86,500,78,3.0,false
RV,2917,AR/86,500,End,500,0,0.0,true
RV,2920,Start,458,AR/86,458,0,0.0,true
RV,2920,AR/86,458,KGV/86,460,117,3.0,false
RV,2920,KGV/86,460,VI/86,462,117,1.7,false
RV,2920,VI/86,463,HC/86,466,117,4.8,false
RV,2920,HC/86,466,SD/86,472,117,13.3,false
RV,2920,SD/86,473,HÅ/86,480,138,14.1,false
RV,2920,HÅ/86,480,HS/86,486,138,14.5,false
RV,2920,HS/86,488,HED/86,496,126,16.3,false
RV,2920,HED/86,497,VJ/86,505,126,15.1,false
RV,2920,VJ/86,507,BET/86,513,101,10.9,false
RV,2920,BET/86,514,BK/86,517,101,2.9,false
RV,2920,BK/86,518,FA/86,526,101,11.9,false
RV,2920,FA/86,526,End,526,0,0.0,true
RV,2921,Start,494,FA/86,494,0,0.0,true
RV,2921,FA/86,494,BK/86,500,30,11.9,false
RV,2921,BK/86,501,BET/86,504,30,2.9,false
RV,2921,BET/86,505,VJ/86,512,30,10.9,false
RV,2921,VJ/86,513,HED/86,522,23,15.1,false
RV,2921,HED/86,523,HS/86,531,23,16.3,false
RV,2921,HS/86,532,HÅ/86,539,33,14.5,false
RV,2921,HÅ/86,539,SD/86,546,33,14.1,false
RV,2921,SD/86,547,HX/86,551,25,8.5,false
RV,2921,HX/86,551,VI/86,556,25,9.6,false
RV,2921,VI/86,557,KGV/86,559,25,1.7,false
RV,2921,KGV/86,559,AR/86,563,25,3.0,false
RV,2921,AR/86,563,End,563,0,0.0,true
RV,2924,Start,518,AR/86,518,0,0.0,true
RV,2924,AR/86,518,KGV/86,520,62,3.0,false
RV,2924,KGV/86,520,VI/86,522,62,1.7,false
RV,2924,VI/86,523,HC/86,526,62,4.8,false
RV,2924,HC/86,526,SD/86,532,62,13.3,false
RV,2924,SD/86,533,HÅ/86,540,117,14.1,false
RV,2924,HÅ/86,540,HS/86,546,117,14.5,false
RV,2924,HS/86,548,HED/86,556,139,16.3,false
RV,2924,HED/86,557,VJ/86,565,139,15.1,false
RV,2924,VJ/86,567,BET/86,573,118,10.9,false
RV,2924,BET/86,574,BK/86,577,118,2.9,false
RV,2924,BK/86,578,FA/86,586,118,11.9,false
RV,2924,FA/86,586,End,586,0,0.0,true
RV,2925,Start,554,FA/86,554,0,0.0,true
RV,2925,FA/86,554,BK/86,560,98,11.9,false
RV,2925,BK/86,561,BET/86,564,98,2.9,false
RV,2925,BET/86,565,VJ/86,572,98,10.9,false
RV,2925,VJ/86,573,HED/86,582,66,15.1,false
RV,2925,HED/86,583,HS/86,591,66,16.3,false
RV,2925,HS/86,592,HÅ/86,599,60,14.5,false
RV,2925,HÅ/86,599,SD/86,606,60,14.1,false
RV,2925,SD/86,607,HX/86,611,42,8.5,false
RV,2925,HX/86,611,VI/86,616,42,9.6,false
RV,2925,VI/86,617,KGV/86,619,42,1.7,false
RV,2925,KGV/86,619,AR/86,623,42,3.0,false
RV,2925,AR/86,623,End,623,0,0.0,true
RV,2928,Start,578,AR/86,578,0,0.0,true
RV,2928,AR/86,578,KGV/86,580,40,3.0,false
RV,2928,KGV/86,580,VI/86,582,40,1.7,false
RV,2928,VI/86,583,HC/86,586,40,4.8,false
RV,2928,HC/86,586,SD/86,592,40,13.3,false
RV,2928,SD/86,593,HÅ/86,600,74,14.1,false
RV,2928,HÅ/86,600,HS/86,606,74,14.5,false
RV,2928,HS/86,608,HED/86,616,101,16.3,false
RV,2928,HED/86,617,VJ/86,625,101,15.1,false
RV,2928,VJ/86,627,BET/86,633,101,10.9,false
RV,2928,BET/86,634,BK/86,637,101,2.9,false
RV,2928,BK/86,638,FA/86,646,101,11.9,false
RV,2928,FA/86,646,End,646,0,0.0,true
RV,2929,Start,614,FA/86,614,0,0.0,true
RV,2929,FA/86,614,BK/86,620,30,11.9,false
RV,2929,BK/86,621,BET/86,624,30,2.9,false
RV,2929,BET/86,625,VJ/86,632,30,10.9,false
RV,2929,VJ/86,633,HED/86,642,28,15.1,false
RV,2929,HED/86,643,HS/86,651,28,16.3,false
RV,2929,HS/86,652,HÅ/86,659,34,14.5,false
RV,2929,HÅ/86,659,SD/86,666,34,14.1,false
RV,2929,SD/86,667,HX/86,671,22,8.5,false
RV,2929,HX/86,671,VI/86,676,22,9.6,false
RV,2929,VI/86,677,KGV/86,679,22,1.7,false
RV,2929,KGV/86,679,AR/86,683,22,3.0,false
RV,2929,AR/86,683,End,683,0,0.0,true
RV,2932,Start,638,AR/86,638,0,0.0,true
RV,2932,AR/86,638,KGV/86,640,44,3.0,false
RV,2932,KGV/86,640,VI/86,642,44,1.7,false
RV,2932,VI/86,643,HC/86,646,44,4.8,false
RV,2932,HC/86,646,SD/86,652,44,13.3,false
RV,2932,SD/86,653,HÅ/86,660,75,14.1,false
RV,2932,HÅ/86,660,HS/86,666,75,14.5,false
RV,2932,HS/86,668,HED/86,676,97,16.3,false
RV,2932,HED/86,677,VJ/86,685,97,15.1,false
RV,2932,VJ/86,687,BET/86,693,99,10.9,false
RV,2932,BET/86,694,BK/86,697,99,2.9,false
RV,2932,BK/86,698,FA/86,706,99,11.9,false
RV,2932,FA/86,706,End,706,0,0.0,true
RV,2933,Start,674,FA/86,674,0,0.0,true
RV,2933,FA/86,674,BK/86,680,19,11.9,false
RV,2933,BK/86,681,BET/86,684,19,2.9,false
RV,2933,BET/86,685,VJ/86,692,19,10.9,false
RV,2933,VJ/86,693,HED/86,702,20,15.1,false
RV,2933,HED/86,703,HS/86,711,20,16.3,false
RV,2933,HS/86,712,HÅ/86,719,30,14.5,false
RV,2933,HÅ/86,719,SD/86,726,30,14.1,false
RV,2933,SD/86,727,HX/86,731,19,8.5,false
RV,2933,HX/86,731,VI/86,736,19,9.6,false
RV,2933,VI/86,737,KGV/86,739,19,1.7,false
RV,2933,KGV/86,739,AR/86,743,19,3.0,false
RV,2933,AR/86,743,End,743,0,0.0,true
RV,2936,Start,698,AR/86,698,0,0.0,true
RV,2936,AR/86,698,KGV/86,700,67,3.0,false
RV,2936,KGV/86,700,VI/86,702,67,1.7,false
RV,2936,VI/86,703,HC/86,706,67,4.8,false
RV,2936,HC/86,706,SD/86,712,67,13.3,false
RV,2936,SD/86,713,HÅ/86,720,98,14.1,false
RV,2936,HÅ/86,720,HS/86,726,98,14.5,false
RV,2936,HS/86,728,HED/86,736,123,16.3,false
RV,2936,HED/86,737,VJ/86,745,123,15.1,false
RV,2936,VJ/86,747,BET/86,753,142,10.9,false
RV,2936,BET/86,754,BK/86,757,142,2.9,false
RV,2936,BK/86,758,FA/86,766,142,11.9,false
RV,2936,FA/86,766,End,766,0,0.0,true
RV,2937,Start,734,FA/86,734,0,0.0,true
RV,2937,FA/86,734,BK/86,740,29,11.9,false
RV,2937,BK/86,741,BET/86,744,29,2.9,false
RV,2937,BET/86,745,VJ/86,752,29,10.9,false
RV,2937,VJ/86,753,HED/86,762,28,15.1,false
RV,2937,HED/86,763,HS/86,771,28,16.3,false
RV,2937,HS/86,772,HÅ/86,779,35,14.5,false
RV,2937,HÅ/86,779,SD/86,786,35,14.1,false
RV,2937,SD/86,787,HX/86,791,19,8.5,false
RV,2937,HX/86,791,VI/86,796,19,9.6,false
RV,2937,VI/86,797,KGV/86,799,19,1.7,false
RV,2937,KGV/86,799,AR/86,803,19,3.0,false
RV,2937,AR/86,803,End,803,0,0.0,true
RV,2940,Start,758,AR/86,758,0,0.0,true
RV,2940,AR/86,758,KGV/86,760,73,3.0,false
RV,2940,KGV/86,760,VI/86,762,73,1.7,false
RV,2940,VI/86,763,HC/86,766,73,4.8,false
RV,2940,HC/86,766,SD/86,772,73,13.3,false
RV,2940,SD/86,773,HÅ/86,780,117,14.1,false
RV,2940,HÅ/86,780,HS/86,786,117,14.5,false
RV,2940,HS/86,788,HED/86,796,141,16.3,false
RV,2940,HED/86,797,VJ/86,805,141,15.1,false
RV,2940,VJ/86,807,BET/86,813,164,10.9,false
RV,2940,BET/86,814,BK/86,817,164,2.9,false
RV,2940,BK/86,818,FA/86,826,164,11.9,false
RV,2940,FA/86,826,End,826,0,0.0,true
RV,2941,Start,794,FA/86,794,0,0.0,true
RV,2941,FA/86,794,BK/86,800,37,11.9,false
RV,2941,BK/86,801,BET/86,804,37,2.9,false
RV,2941,BET/86,805,VJ/86,812,37,10.9,false
RV,2941,VJ/86,813,HED/86,822,43,15.1,false
RV,2941,HED/86,823,HS/86,831,43,16.3,false
RV,2941,HS/86,832,HÅ/86,839,42,14.5,false
RV,2941,HÅ/86,839,SD/86,846,42,14.1,false
RV,2941,SD/86,847,HX/86,851,28,8.5,false
RV,2941,HX/86,851,VI/86,856,28,9.6,false
RV,2941,VI/86,857,KGV/86,859,28,1.7,false
RV,2941,KGV/86,859,AR/86,863,28,3.0,false
RV,2941,AR/86,863,End,863,0,0.0,true
RV,2944,Start,818,AR/86,818,0,0.0,true
RV,2944,AR/86,818,KGV/86,820,47,3.0,false
RV,2944,KGV/86,820,VI/86,822,47,1.7,false
RV,2944,VI/86,823,HC/86,826,47,4.8,false
RV,2944,HC/86,826,SD/86,832,47,13.3,false
RV,2944,SD/86,833,HÅ/86,840,63,14.1,false
RV,2944,HÅ/86,840,HS/86,846,63,14.5,false
RV,2944,HS/86,848,HED/86,856,83,16.3,false
RV,2944,HED/86,857,VJ/86,865,83,15.1,false
RV,2944,VJ/86,867,BET/86,873,110,10.9,false
RV,2944,BET/86,874,BK/86,877,110,2.9,false
RV,2944,BK/86,878,FA/86,886,110,11.9,false
RV,2944,FA/86,886,End,886,0,0.0,true
RV,2945,Start,854,FA/86,854,0,0.0,true
RV,2945,FA/86,854,BK/86,860,29,11.9,false
RV,2945,BK/86,861,BET/86,864,29,2.9,false
RV,2945,BET/86,865,VJ/86,872,29,10.9,false
RV,2945,VJ/86,873,HED/86,882,47,15.1,false
RV,2945,HED/86,883,HS/86,891,47,16.3,false
RV,2945,HS/86,892,HÅ/86,899,51,14.5,false
RV,2945,HÅ/86,899,SD/86,906,51,14.1,false
RV,2945,SD/86,907,HX/86,911,27,8.5,false
RV,2945,HX/86,911,VI/86,916,27,9.6,false
RV,2945,VI/86,917,KGV/86,919,27,1.7,false
RV,2945,KGV/86,919,AR/86,923,27,3.0,false
RV,2945,AR/86,923,End,923,0,0.0,true
RV,2948,Start,878,AR/86,878,0,0.0,true
RV,2948,AR/86,878,KGV/86,880,100,3.0,false
RV,2948,KGV/86,880,VI/86,882,100,1.7,false
RV,2948,VI/86,883,HC/86,886,100,4.8,false
RV,2948,HC/86,886,SD/86,892,100,13.3,false
RV,2948,SD/86,893,HÅ/86,900,175,14.1,false
RV,2948,HÅ/86,900,HS/86,906,175,14.5,false
RV,2948,HS/86,908,HED/86,916,205,16.3,false
RV,2948,HED/86,917,VJ/86,925,205,15.1,false
RV,2948,VJ/86,927,BET/86,933,230,10.9,false
RV,2948,BET/86,934,BK/86,937,230,2.9,false
RV,2948,BK/86,938,FA/86,946,230,11.9,false
RV,2948,FA/86,946,End,946,0,0.0,true
RV,2949,Start,914,FA/86,914,0,0.0,true
RV,2949,FA/86,914,BK/86,920,80,11.9,false
RV,2949,BK/86,921,BET/86,924,80,2.9,false
RV,2949,BET/86,925,VJ/86,932,80,10.9,false
RV,2949,VJ/86,933,HED/86,942,99,15.1,false
RV,2949,HED/86,943,HS/86,951,99,16.3,false
RV,2949,HS/86,952,HÅ/86,959,100,14.5,false
RV,2949,HÅ/86,959,SD/86,966,100,14.1,false
RV,2949,SD/86,967,HX/86,971,80,8.5,false
RV,2949,HX/86,971,VI/86,976,80,9.6,false
RV,2949,VI/86,977,KGV/86,979,80,1.7,false
RV,2949,KGV/86,979,AR/86,983,80,3.0,false
RV,2949,AR/86,983,End,983,0,0.0,true
RØ,295,Start,5,CPH/86,5,0,0.0,true
RØ,295,CPH/86,5,TÅT/86,7,9,3.3,true
RØ,295,TÅT/86,8,ØRE/86,10,9,1.6,true
RØ,295,ØRE/86,11,KLV/86,14,9,2.1,true
RØ,295,KLV/86,14,NEL/86,16,9,3.2,true
RØ,295,NEL/86,18,IG/86,20,9,1.6,true
RØ,295,IG/86,20,HTÅ/86,28,9,14.3,true
RØ,295,HTÅ/86,29,HH/86,32,6,4.7,true
RØ,295,HH/86,32,TRK/86,35,6,4.0,true
RØ,295,TRK/86,36,RO/86,39,6,3.1,true
RØ,295,RO/86,39,End,39,0,0.0,true
RV,2952,Start,938,AR/86,938,0,0.0,true
RV,2952,AR/86,938,KGV/86,940,128,3.0,false
RV,2952,KGV/86,940,VI/86,942,128,1.7,false
RV,2952,VI/86,943,HC/86,946,128,4.8,false
RV,2952,HC/86,946,SD/86,952,128,13.3,false
RV,2952,SD/86,953,HÅ/86,960,157,14.1,false
RV,2952,HÅ/86,960,HS/86,966,157,14.5,false
RV,2952,HS/86,968,HED/86,976,143,16.3,false
RV,2952,HED/86,977,VJ/86,985,143,15.1,false
RV,2952,VJ/86,987,BET/86,993,141,10.9,false
RV,2952,BET/86,994,BK/86,997,141,2.9,false
RV,2952,BK/86,998,FA/86,1006,141,11.9,false
RV,2952,FA/86,1006,End,1006,0,0.0,true
RV,2953,Start,974,FA/86,974,0,0.0,true
RV,2953,FA/86,974,BK/86,980,93,11.9,false
RV,2953,BK/86,981,BET/86,984,93,2.9,false
RV,2953,BET/86,985,VJ/86,992,93,10.9,false
RV,2953,VJ/86,993,HED/86,1002,102,15.1,false
RV,2953,HED/86,1003,HS/86,1011,102,16.3,false
RV,2953,HS/86,1012,HÅ/86,1019,99,14.5,false
RV,2953,HÅ/86,1019,SD/86,1026,99,14.1,false
RV,2953,SD/86,1027,HX/86,1031,66,8.5,false
RV,2953,HX/86,1031,VI/86,1036,66,9.6,false
RV,2953,VI/86,1037,KGV/86,1039,66,1.7,false
RV,2953,KGV/86,1039,AR/86,1043,66,3.0,false
RV,2953,AR/86,1043,End,1043,0,0.0,true
RV,2956,Start,998,AR/86,998,0,0.0,true
RV,2956,AR/86,998,KGV/86,1000,110,3.0,false
RV,2956,KGV/86,1000,VI/86,1002,110,1.7,false
RV,2956,VI/86,1003,HC/86,1006,110,4.8,false
RV,2956,HC/86,1006,SD/86,1012,110,13.3,false
RV,2956,SD/86,1013,HÅ/86,1020,193,14.1,false
RV,2956,HÅ/86,1020,HS/86,1026,193,14.5,false
RV,2956,HS/86,1028,HED/86,1036,170,16.3,false
RV,2956,HED/86,1037,VJ/86,1045,170,15.1,false
RV,2956,VJ/86,1047,BET/86,1053,168,10.9,false
RV,2956,BET/86,1054,BK/86,1057,168,2.9,false
RV,2956,BK/86,1058,FA/86,1066,168,11.9,false
RV,2956,FA/86,1066,End,1066,0,0.0,true
RV,2957,Start,1034,FA/86,1034,0,0.0,true
RV,2957,FA/86,1034,BK/86,1040,243,11.9,false
RV,2957,BK/86,1041,BET/86,1044,243,2.9,false
RV,2957,BET/86,1045,VJ/86,1052,243,10.9,false
RV,2957,VJ/86,1053,HED/86,1062,225,15.1,false
RV,2957,HED/86,1063,HS/86,1071,225,16.3,false
RV,2957,HS/86,1072,HÅ/86,1079,165,14.5,false
RV,2957,HÅ/86,1079,SD/86,1086,165,14.1,false
RV,2957,SD/86,1087,HX/86,1091,100,8.5,false
RV,2957,HX/86,1091,VI/86,1096,100,9.6,false
RV,2957,VI/86,1097,KGV/86,1099,100,1.7,false
RV,2957,KGV/86,1099,AR/86,1103,100,3.0,false
RV,2957,AR/86,1103,End,1103,0,0.0,true
RV,2960,Start,1058,AR/86,1058,0,0.0,true
RV,2960,AR/86,1058,KGV/86,1060,51,3.0,false
RV,2960,KGV/86,1060,VI/86,1062,51,1.7,false
RV,2960,VI/86,1063,HC/86,1066,51,4.8,false
RV,2960,HC/86,1066,SD/86,1072,51,13.3,false
RV,2960,SD/86,1073,HÅ/86,1080,94,14.1,false
RV,2960,HÅ/86,1080,HS/86,1086,94,14.5,false
RV,2960,HS/86,1088,HED/86,1096,86,16.3,false
RV,2960,HED/86,1097,VJ/86,1105,86,15.1,false
RV,2960,VJ/86,1107,BET/86,1113,90,10.9,false
RV,2960,BET/86,1114,BK/86,1117,90,2.9,false
RV,2960,BK/86,1118,FA/86,1126,90,11.9,false
RV,2960,FA/86,1126,End,1126,0,0.0,true
RV,2961,Start,1094,FA/86,1094,0,0.0,true
RV,2961,FA/86,1094,BK/86,1100,25,11.9,false
RV,2961,BK/86,1101,BET/86,1104,25,2.9,false
RV,2961,BET/86,1105,VJ/86,1112,25,10.9,false
RV,2961,VJ/86,1113,HED/86,1122,30,15.1,false
RV,2961,HED/86,1123,HS/86,1131,30,16.3,false
RV,2961,HS/86,1132,HÅ/86,1139,20,14.5,false
RV,2961,HÅ/86,1139,SD/86,1146,20,14.1,false
RV,2961,SD/86,1147,HX/86,1151,16,8.5,false
RV,2961,HX/86,1151,VI/86,1156,16,9.6,false
RV,2961,VI/86,1157,KGV/86,1159,16,1.7,false
RV,2961,KGV/86,1159,AR/86,1163,16,3.0,false
RV,2961,AR/86,1163,End,1163,0,0.0,true
RV,2964,Start,1118,AR/86,1118,0,0.0,true
RV,2964,AR/86,1118,KGV/86,1120,53,3.0,false
RV,2964,KGV/86,1120,VI/86,1122,53,1.7,false
RV,2964,VI/86,1123,HC/86,1126,53,4.8,false
RV,2964,HC/86,1126,SD/86,1132,53,13.3,false
RV,2964,SD/86,1133,HÅ/86,1140,81,14.1,false
RV,2964,HÅ/86,1140,HS/86,1146,81,14.5,false
RV,2964,HS/86,1148,HED/86,1156,95,16.3,false
RV,2964,HED/86,1157,VJ/86,1165,95,15.1,false
RV,2964,VJ/86,1167,BET/86,1173,112,10.9,false
RV,2964,BET/86,1174,BK/86,1177,112,2.9,false
RV,2964,BK/86,1178,FA/86,1186,112,11.9,false
RV,2964,FA/86,1186,End,1186,0,0.0,true
RV,2965,Start,1154,FA/86,1154,0,0.0,true
RV,2965,FA/86,1154,BK/86,1160,17,11.9,false
RV,2965,BK/86,1161,BET/86,1164,17,2.9,false
RV,2965,BET/86,1165,VJ/86,1172,17,10.9,false
RV,2965,VJ/86,1173,HED/86,1182,19,15.1,false
RV,2965,HED/86,1183,HS/86,1191,19,16.3,false
RV,2965,HS/86,1192,HÅ/86,1199,16,14.5,false
RV,2965,HÅ/86,1199,SD/86,1206,16,14.1,false
RV,2965,SD/86,1207,HX/86,1211,16,8.5,false
RV,2965,HX/86,1211,VI/86,1216,16,9.6,false
RV,2965,VI/86,1217,KGV/86,1219,16,1.7,false
RV,2965,KGV/86,1219,AR/86,1223,16,3.0,false
RV,2965,AR/86,1223,End,1223,0,0.0,true
RV,2968,Start,1178,AR/86,1178,0,0.0,true
RV,2968,AR/86,1178,KGV/86,1180,16,3.0,false
RV,2968,KGV/86,1180,VI/86,1182,16,1.7,false
RV,2968,VI/86,1183,HC/86,1186,16,4.8,false
RV,2968,HC/86,1186,SD/86,1192,16,13.3,false
RV,2968,SD/86,1193,HÅ/86,1200,18,14.1,false
RV,2968,HÅ/86,1200,HS/86,1206,18,14.5,false
RV,2968,HS/86,1208,HED/86,1216,38,16.3,false
RV,2968,HED/86,1217,VJ/86,1225,38,15.1,false
RV,2968,VJ/86,1227,BET/86,1233,30,10.9,false
RV,2968,BET/86,1234,BK/86,1237,30,2.9,false
RV,2968,BK/86,1238,FA/86,1246,30,11.9,false
RV,2968,FA/86,1246,End,1246,0,0.0,true
RV,2969,Start,1214,FA/86,1214,0,0.0,true
RV,2969,FA/86,1214,BK/86,1220,40,11.9,false
RV,2969,BK/86,1221,BET/86,1224,40,2.9,false
RV,2969,BET/86,1225,VJ/86,1232,40,10.9,false
RV,2969,VJ/86,1233,HED/86,1242,55,15.1,false
RV,2969,HED/86,1243,HS/86,1251,55,16.3,false
RV,2969,HS/86,1252,HÅ/86,1259,38,14.5,false
RV,2969,HÅ/86,1259,SD/86,1266,38,14.1,false
RV,2969,SD/86,1267,HX/86,1271,36,8.5,false
RV,2969,HX/86,1271,VI/86,1276,36,9.6,false
RV,2969,VI/86,1277,KGV/86,1279,36,1.7,false
RV,2969,KGV/86,1279,AR/86,1283,36,3.0,false
RV,2969,AR/86,1283,End,1283,0,0.0,true
RV,2972,Start,1238,AR/86,1238,0,0.0,true
RV,2972,AR/86,1238,KGV/86,1240,53,3.0,false
RV,2972,KGV/86,1240,VI/86,1242,53,1.7,false
RV,2972,VI/86,1243,HC/86,1246,53,4.8,false
RV,2972,HC/86,1246,SD/86,1252,53,13.3,false
RV,2972,SD/86,1253,HÅ/86,1260,61,14.1,false
RV,2972,HÅ/86,1260,HS/86,1266,61,14.5,false
RV,2972,HS/86,1268,HED/86,1276,54,16.3,false
RV,2972,HED/86,1277,VJ/86,1285,54,15.1,false
RV,2972,VJ/86,1287,BET/86,1293,42,10.9,false
RV,2972,BET/86,1294,BK/86,1297,42,2.9,false
RV,2972,BK/86,1298,FA/86,1306,42,11.9,false
RV,2972,FA/86,1306,End,1306,0,0.0,true
RV,2973,Start,1274,FA/86,1274,0,0.0,true
RV,2973,FA/86,1274,BK/86,1280,14,11.9,false
RV,2973,BK/86,1281,BET/86,1284,14,2.9,false
RV,2973,BET/86,1285,VJ/86,1292,14,10.9,false
RV,2973,VJ/86,1293,HED/86,1302,13,15.1,false
RV,2973,HED/86,1303,HS/86,1311,13,16.3,false
RV,2973,HS/86,1312,HÅ/86,1319,11,14.5,false
RV,2973,HÅ/86,1319,SD/86,1326,11,14.1,false
RV,2973,SD/86,1327,HX/86,1331,11,8.5,false
RV,2973,HX/86,1331,VI/86,1336,11,9.6,false
RV,2973,VI/86,1337,KGV/86,1339,11,1.7,false
RV,2973,KGV/86,1339,AR/86,1343,11,3.0,false
RV,2973,AR/86,1343,End,1343,0,0.0,true
RV,2974,Start,1348,FA/86,1348,0,0.0,true
RV,2974,FA/86,1348,TL/86,1353,3,8.6,true
RV,2974,TL/86,1353,KD/86,1359,3,11.3,true
RV,2974,KD/86,1359,End,1359,0,0.0,true
RV,2976,Start,1298,AR/86,1298,0,0.0,true
RV,2976,AR/86,1298,KGV/86,1300,42,3.0,false
RV,2976,KGV/86,1300,VI/86,1302,42,1.7,false
RV,2976,VI/86,1303,HC/86,1306,42,4.8,false
RV,2976,HC/86,1306,SD/86,1312,42,13.3,false
RV,2976,SD/86,1313,HÅ/86,1320,45,14.1,false
RV,2976,HÅ/86,1320,HS/86,1326,45,14.5,false
RV,2976,HS/86,1328,HED/86,1336,42,16.3,false
RV,2976,HED/86,1337,VJ/86,1345,42,15.1,false
RV,2976,VJ/86,1347,BET/86,1353,40,10.9,false
RV,2976,BET/86,1354,BK/86,1357,40,2.9,false
RV,2976,BK/86,1358,FA/86,1366,40,11.9,false
RV,2976,FA/86,1366,End,1366,0,0.0,true
RV,2980,Start,1358,AR/86,1358,0,0.0,true
RV,2980,AR/86,1358,KGV/86,1360,51,3.0,false
RV,2980,KGV/86,1360,VI/86,1362,51,1.7,false
RV,2980,VI/86,1363,HC/86,1366,51,4.8,false
RV,2980,HC/86,1366,SD/86,1372,51,13.3,false
RV,2980,SD/86,1373,HÅ/86,1380,54,14.1,false
RV,2980,HÅ/86,1380,HS/86,1386,54,14.5,false
RV,2980,HS/86,1388,HED/86,1396,42,16.3,false
RV,2980,HED/86,1397,VJ/86,1405,42,15.1,false
RV,2980,VJ/86,1407,BET/86,1413,43,10.9,false
RV,2980,BET/86,1414,BK/86,1417,43,2.9,false
RV,2980,BK/86,1418,FA/86,1426,43,11.9,false
RV,2980,FA/86,1426,End,1426,0,0.0,true
RV,2981,Start,1369,KD/86,1369,0,0.0,true
RV,2981,KD/86,1369,TL/86,1375,2,11.3,true
RV,2981,TL/86,1375,FA/86,1381,2,8.6,true
RV,2981,FA/86,1381,End,1381,0,0.0,true
L,30,Start,620,AR/86,620,0,0.0,true
L,30,AR/86,620,KGV/86,623,212,3.0,false
L,30,KGV/86,623,SD/86,632,212,19.8,false
L,30,SD/86,634,HÅ/86,641,235,14.1,false
L,30,HÅ/86,641,HS/86,647,235,14.5,false
L,30,HS/86,649,HED/86,657,253,16.3,false
L,30,HED/86,657,VJ/86,664,253,15.1,false
L,30,VJ/86,666,BET/86,671,278,10.9,false
L,30,BET/86,671,FA/86,681,278,14.8,false
L,30,FA/86,687,SNO/86,689,274,4.3,true
L,30,SNO/86,689,OD/86,714,274,56.0,true
L,30,OD/86,717,MV/86,722,333,9.3,true
L,30,MV/86,722,KH/86,786,333,148.8,true
L,30,KH/86,798,BAN/86,801,59,2.4,true
L,30,BAN/86,801,CPH/86,812,59,9.4,true
L,30,CPH/86,812,End,812,0,0.0,true
L,31,Start,506,CPH/86,506,0,0.0,true
L,31,CPH/86,506,TÅT/86,509,43,3.3,true
L,31,TÅT/86,509,KH/86,520,43,8.5,true
L,31,KH/86,532,GB/86,535,350,3.2,true
L,31,GB/86,535,OD/86,603,350,154.9,true
L,31,OD/86,606,HP/86,610,294,8.6,true
L,31,HP/86,610,FA/86,634,294,51.7,true
L,31,FA/86,638,BK/86,644,227,11.9,false
L,31,BK/86,644,VJ/86,651,227,13.8,false
L,31,VJ/86,653,HED/86,661,218,15.1,false
L,31,HED/86,661,HS/86,668,218,16.3,false
L,31,HS/86,670,HÅ/86,677,209,14.5,false
L,31,HÅ/86,677,SD/86,684,209,14.1,false
L,31,SD/86,685,HX/86,690,190,8.5,false
L,31,HX/86,690,AR/86,698,190,14.3,false
L,31,AR/86,698,End,698,0,0.0,true
RØ,3206,Start,363,NF/86,363,0,0.0,true
RØ,3206,NF/86,363,TN/86,366,42,6.0,false
RØ,3206,TN/86,366,VO/86,378,42,22.8,false
RØ,3206,VO/86,380,LU/86,385,69,11.4,true
RØ,3206,LU/86,385,NÆ/86,392,69,16.0,true
RØ,3206,NÆ/86,396,GZ/86,403,173,14.8,true
RØ,3206,GZ/86,403,KH/86,437,173,73.7,true
RØ,3206,KH/86,437,End,437,0,0.0,true
RØ,3306,Start,437,RO/86,437,0,0.0,true
RØ,3306,RO/86,437,TRK/86,439,193,3.1,true
RØ,3306,TRK/86,439,HTÅ/86,443,193,8.7,true
RØ,3306,HTÅ/86,445,GL/86,449,176,8.3,true
RØ,3306,GL/86,449,VAL/86,453,176,7.3,true
RØ,3306,VAL/86,455,KH/86,460,176,3.9,true
RØ,3306,KH/86,463,KN/86,465,70,1.5,true
RØ,3306,KN/86,466,KK/86,469,70,1.6,true
RØ,3306,KK/86,469,End,469,0,0.0,true
RØ,3310,Start,497,RO/86,497,0,0.0,true
RØ,3310,RO/86,497,TRK/86,499,163,3.1,true
RØ,3310,TRK/86,499,HTÅ/86,503,163,8.7,true
RØ,3310,HTÅ/86,505,GL/86,509,164,8.3,true
RØ,3310,GL/86,509,VAL/86,513,164,7.3,true
RØ,3310,VAL/86,515,KH/86,520,164,3.9,true
RØ,3310,KH/86,523,KN/86,525,64,1.5,true
RØ,3310,KN/86,526,KK/86,529,64,1.6,true
RØ,3310,KK/86,529,End,529,0,0.0,true
RØ,3327,Start,446,KK/86,446,0,0.0,true
RØ,3327,KK/86,446,KN/86,448,45,1.6,true
RØ,3327,KN/86,449,KH/86,452,45,1.5,true
RØ,3327,KH/86,455,VAL/86,458,187,3.9,true
RØ,3327,VAL/86,460,HIF/86,463,187,3.4,true
RØ,3327,HIF/86,463,HTÅ/86,469,187,12.2,true
RØ,3327,HTÅ/86,470,HH/86,473,162,4.7,true
RØ,3327,HH/86,473,RO/86,478,162,7.1,true
RØ,3327,RO/86,478,End,478,0,0.0,true
RØ,3359,Start,905,HGL/86,905,0,0.0,true
RØ,3359,HGL/86,905,KK/86,909,0,2.1,true
RØ,3359,KK/86,911,KN/86,913,78,1.6,true
RØ,3359,KN/86,914,KH/86,917,78,1.5,true
RØ,3359,KH/86,920,VAL/86,923,144,3.9,true
RØ,3359,VAL/86,925,HIF/86,928,144,3.4,true
RØ,3359,HIF/86,928,HTÅ/86,934,144,12.2,true
RØ,3359,HTÅ/86,935,HH/86,938,141,4.7,true
RØ,3359,HH/86,938,RO/86,943,141,7.1,true
RØ,3359,RO/86,943,End,943,0,0.0,true
RØ,3363,Start,965,HGL/86,965,0,0.0,true
RØ,3363,HGL/86,965,KK/86,969,0,2.1,true
RØ,3363,KK/86,971,KN/86,973,103,1.6,true
RØ,3363,KN/86,974,KH/86,977,103,1.5,true
RØ,3363,KH/86,980,VAL/86,983,177,3.9,true
RØ,3363,VAL/86,985,HIF/86,988,177,3.4,true
RØ,3363,HIF/86,988,HTÅ/86,994,177,12.2,true
RØ,3363,HTÅ/86,995,HH/86,998,166,4.7,true
RØ,3363,HH/86,998,RO/86,1003,166,7.1,true
RØ,3363,RO/86,1003,End,1003,0,0.0,true
L,34,Start,680,AR/86,680,0,0.0,true
L,34,AR/86,680,KGV/86,683,202,3.0,false
L,34,KGV/86,683,SD/86,692,202,19.8,false
L,34,SD/86,694,HÅ/86,701,214,14.1,false
L,34,HÅ/86,701,HS/86,707,214,14.5,false
L,34,HS/86,709,HED/86,717,226,16.3,false
L,34,HED/86,717,VJ/86,724,226,15.1,false
L,34,VJ/86,726,BET/86,731,248,10.9,false
L,34,BET/86,731,FA/86,741,248,14.8,false
L,34,FA/86,747,SNO/86,749,302,4.3,true
L,34,SNO/86,749,OD/86,774,302,56.0,true
L,34,OD/86,777,MV/86,782,348,9.3,true
L,34,MV/86,782,KH/86,846,348,148.8,true
L,34,KH/86,858,BAN/86,861,70,2.4,true
L,34,BAN/86,861,CPH/86,872,70,9.4,true
L,34,CPH/86,872,End,872,0,0.0,true
RØ,3400,Start,346,KH/86,346,0,0.0,true
RØ,3400,KH/86,346,KN/86,348,24,1.5,true
RØ,3400,KN/86,349,KK/86,352,24,1.6,true
RØ,3400,KK/86,353,HGL/86,356,13,2.1,true
RØ,3400,HGL/86,356,HL/86,359,13,2.6,true
RØ,3400,HL/86,360,KL/86,365,13,5.5,true
RØ,3400,KL/86,365,OK/86,377,13,15.8,true
RØ,3400,OK/86,378,NI/86,381,13,3.4,true
RØ,3400,NI/86,382,HUM/86,385,9,3.8,true
RØ,3400,HUM/86,386,GÆ/86,389,9,3.7,true
RØ,3400,GÆ/86,390,SQ/86,392,9,2.7,true
RØ,3400,SQ/86,392,HG/86,396,9,3.5,true
RØ,3400,HG/86,396,End,396,0,0.0,true
RØ,3402,Start,376,KH/86,376,0,0.0,true
RØ,3402,KH/86,376,KN/86,378,38,1.5,true
RØ,3402,KN/86,379,KK/86,382,38,1.6,true
RØ,3402,KK/86,383,HGL/86,386,26,2.1,true
RØ,3402,HGL/86,386,HL/86,389,26,2.6,true
RØ,3402,HL/86,390,KL/86,395,26,5.5,true
RØ,3402,KL/86,395,OK/86,407,26,15.8,true
RØ,3402,OK/86,408,NI/86,411,26,3.4,true
RØ,3402,NI/86,412,HUM/86,415,19,3.8,true
RØ,3402,HUM/86,416,GÆ/86,419,19,3.7,true
RØ,3402,GÆ/86,420,SQ/86,423,19,2.7,true
RØ,3402,SQ/86,423,HG/86,426,19,3.5,true
RØ,3402,HG/86,426,End,426,0,0.0,true
RØ,3404,Start,406,KH/86,406,0,0.0,true
RØ,3404,KH/86,406,KN/86,408,42,1.5,true
RØ,3404,KN/86,409,KK/86,412,42,1.6,true
RØ,3404,KK/86,413,HGL/86,416,50,2.1,true
RØ,3404,HGL/86,416,HL/86,419,50,2.6,true
RØ,3404,HL/86,420,KL/86,425,50,5.5,true
RØ,3404,KL/86,425,OK/86,437,50,15.8,true
RØ,3404,OK/86,438,NI/86,441,50,3.4,true
RØ,3404,NI/86,442,HUM/86,445,35,3.8,true
RØ,3404,HUM/86,446,GÆ/86,449,35,3.7,true
RØ,3404,GÆ/86,450,SQ/86,453,35,2.7,true
RØ,3404,SQ/86,453,HG/86,456,35,3.5,true
RØ,3404,HG/86,456,End,456,0,0.0,true
RØ,3406,Start,436,KH/86,436,0,0.0,true
RØ,3406,KH/86,436,KN/86,438,134,1.5,true
RØ,3406,KN/86,439,KK/86,442,134,1.6,true
RØ,3406,KK/86,443,HGL/86,446,117,2.1,true
RØ,3406,HGL/86,446,HL/86,449,117,2.6,true
RØ,3406,HL/86,450,KL/86,455,117,5.5,true
RØ,3406,KL/86,455,OK/86,467,117,15.8,true
RØ,3406,OK/86,468,NI/86,471,117,3.4,true
RØ,3406,NI/86,472,HUM/86,475,91,3.8,true
RØ,3406,HUM/86,476,GÆ/86,479,91,3.7,true
RØ,3406,GÆ/86,480,SQ/86,483,91,2.7,true
RØ,3406,SQ/86,483,HG/86,486,91,3.5,true
RØ,3406,HG/86,486,End,486,0,0.0,true
RR,3408,Start,466,KH/86,466,0,0.0,true
RR,3408,KH/86,466,KN/86,468,71,1.5,true
RR,3408,KN/86,469,KK/86,472,71,1.6,true
RR,3408,KK/86,473,HGL/86,476,109,2.1,true
RR,3408,HGL/86,476,HL/86,479,109,2.6,true
RR,3408,HL/86,480,KL/86,485,109,5.5,true
RR,3408,KL/86,485,OK/86,497,109,15.8,true
RR,3408,OK/86,498,NI/86,501,109,3.4,true
RR,3408,NI/86,502,HUM/86,505,94,3.8,true
RR,3408,HUM/86,506,GÆ/86,509,94,3.7,true
RR,3408,GÆ/86,510,SQ/86,513,94,2.7,true
RR,3408,SQ/86,513,HG/86,516,94,3.5,true
RR,3408,HG/86,516,End,516,0,0.0,true
RØ,3427,Start,384,HG/86,384,0,0.0,true
RØ,3427,HG/86,384,SQ/86,386,88,3.5,true
RØ,3427,SQ/86,386,GÆ/86,389,88,2.7,true
RØ,3427,GÆ/86,390,HUM/86,393,88,3.7,true
RØ,3427,HUM/86,394,NI/86,397,88,3.8,true
RØ,3427,NI/86,398,OK/86,401,140,3.4,true
RØ,3427,OK/86,402,RU/86,405,140,3.0,true
RØ,3427,RU/86,405,HL/86,419,140,18.3,true
RØ,3427,HL/86,420,HGL/86,422,140,2.6,true
RØ,3427,HGL/86,422,KK/86,425,140,2.1,true
RØ,3427,KK/86,428,KN/86,430,71,1.6,true
RØ,3427,KN/86,431,KH/86,434,71,1.5,true
RØ,3427,KH/86,434,End,434,0,0.0,true
RØ,3429,Start,414,HG/86,414,0,0.0,true
RØ,3429,HG/86,414,SQ/86,416,193,3.5,true
RØ,3429,SQ/86,416,GÆ/86,419,193,2.7,true
RØ,3429,GÆ/86,420,HUM/86,423,193,3.7,true
RØ,3429,HUM/86,424,NI/86,427,193,3.8,true
RØ,3429,NI/86,428,OK/86,431,292,3.4,true
RØ,3429,OK/86,432,RU/86,435,292,3.0,true
RØ,3429,RU/86,435,HL/86,449,292,18.3,true
RØ,3429,HL/86,450,HGL/86,452,292,2.6,true
RØ,3429,HGL/86,452,KK/86,455,292,2.1,true
RØ,3429,KK/86,458,KN/86,460,149,1.6,true
RØ,3429,KN/86,461,KH/86,464,149,1.5,true
RØ,3429,KH/86,464,End,464,0,0.0,true
RØ,3431,Start,444,HG/86,444,0,0.0,true
RØ,3431,HG/86,444,SQ/86,446,192,3.5,true
RØ,3431,SQ/86,446,GÆ/86,449,192,2.7,true
RØ,3431,GÆ/86,450,HUM/86,453,192,3.7,true
RØ,3431,HUM/86,454,NI/86,457,192,3.8,true
RØ,3431,NI/86,458,OK/86,461,302,3.4,true
RØ,3431,OK/86,462,RU/86,465,302,3.0,true
RØ,3431,RU/86,465,HL/86,479,302,18.3,true
RØ,3431,HL/86,480,HGL/86,482,302,2.6,true
RØ,3431,HGL/86,482,KK/86,485,302,2.1,true
RØ,3431,KK/86,488,KN/86,490,152,1.6,true
RØ,3431,KN/86,491,KH/86,494,152,1.5,true
RØ,3431,KH/86,494,End,494,0,0.0,true
RØ,3433,Start,474,HG/86,474,0,0.0,true
RØ,3433,HG/86,474,SQ/86,476,232,3.5,true
RØ,3433,SQ/86,476,GÆ/86,479,232,2.7,true
RØ,3433,GÆ/86,480,HUM/86,483,232,3.7,true
RØ,3433,HUM/86,484,NI/86,487,232,3.8,true
RØ,3433,NI/86,488,OK/86,491,332,3.4,true
RØ,3433,OK/86,492,RU/86,495,332,3.0,true
RØ,3433,RU/86,495,HL/86,509,332,18.3,true
RØ,3433,HL/86,510,HGL/86,512,332,2.6,true
RØ,3433,HGL/86,512,KK/86,515,332,2.1,true
RØ,3433,KK/86,518,KN/86,520,163,1.6,true
RØ,3433,KN/86,521,KH/86,524,163,1.5,true
RØ,3433,KH/86,524,End,524,0,0.0,true
RØ,3434,Start,856,KH/86,856,0,0.0,true
RØ,3434,KH/86,856,KN/86,858,100,1.5,true
RØ,3434,KN/86,859,KK/86,862,100,1.6,true
RØ,3434,KK/86,863,HGL/86,866,194,2.1,true
RØ,3434,HGL/86,866,HL/86,869,194,2.6,true
RØ,3434,HL/86,870,KL/86,875,194,5.5,true
RØ,3434,KL/86,875,OK/86,887,194,15.8,true
RØ,3434,OK/86,888,NI/86,891,194,3.4,true
RØ,3434,NI/86,892,HUM/86,895,138,3.8,true
RØ,3434,HUM/86,896,GÆ/86,899,138,3.7,true
RØ,3434,GÆ/86,900,SQ/86,903,138,2.7,true
RØ,3434,SQ/86,903,HG/86,906,138,3.5,true
RØ,3434,HG/86,906,End,906,0,0.0,true
RØ,3435,Start,504,HG/86,504,0,0.0,true
RØ,3435,HG/86,504,SQ/86,506,132,3.5,true
RØ,3435,SQ/86,506,GÆ/86,509,132,2.7,true
RØ,3435,GÆ/86,510,HUM/86,513,132,3.7,true
RØ,3435,HUM/86,514,NI/86,517,132,3.8,true
RØ,3435,NI/86,518,OK/86,521,198,3.4,true
RØ,3435,OK/86,522,RU/86,525,198,3.0,true
RØ,3435,RU/86,525,HL/86,539,198,18.3,true
RØ,3435,HL/86,540,HGL/86,542,198,2.6,true
RØ,3435,HGL/86,542,KK/86,545,198,2.1,true
RØ,3435,KK/86,548,KN/86,550,97,1.6,true
RØ,3435,KN/86,551,KH/86,554,97,1.5,true
RØ,3435,KH/86,554,End,554,0,0.0,true
RØ,3436,Start,886,KH/86,886,0,0.0,true
RØ,3436,KH/86,886,KN/86,888,74,1.5,true
RØ,3436,KN/86,889,KK/86,892,74,1.6,true
RØ,3436,KK/86,893,HGL/86,896,159,2.1,true
RØ,3436,HGL/86,896,HL/86,899,159,2.6,true
RØ,3436,HL/86,900,KL/86,905,159,5.5,true
RØ,3436,KL/86,905,OK/86,917,159,15.8,true
RØ,3436,OK/86,918,NI/86,921,159,3.4,true
RØ,3436,NI/86,922,HUM/86,925,113,3.8,true
RØ,3436,HUM/86,926,GÆ/86,929,113,3.7,true
RØ,3436,GÆ/86,930,SQ/86,933,113,2.7,true
RØ,3436,SQ/86,933,HG/86,936,113,3.5,true
RØ,3436,HG/86,936,End,936,0,0.0,true
RØ,3437,Start,534,HG/86,534,0,0.0,true
RØ,3437,HG/86,534,SQ/86,536,130,3.5,true
RØ,3437,SQ/86,536,GÆ/86,539,130,2.7,true
RØ,3437,GÆ/86,540,HUM/86,543,130,3.7,true
RØ,3437,HUM/86,544,NI/86,547,130,3.8,true
RØ,3437,NI/86,548,OK/86,551,212,3.4,true
RØ,3437,OK/86,552,RU/86,555,212,3.0,true
RØ,3437,RU/86,555,HL/86,569,212,18.3,true
RØ,3437,HL/86,570,HGL/86,572,212,2.6,true
RØ,3437,HGL/86,572,KK/86,575,212,2.1,true
RØ,3437,KK/86,578,KN/86,580,109,1.6,true
RØ,3437,KN/86,581,KH/86,584,109,1.5,true
RØ,3437,KH/86,584,End,584,0,0.0,true
RØ,3438,Start,916,KH/86,916,0,0.0,true
RØ,3438,KH/86,916,KN/86,918,92,1.5,true
RØ,3438,KN/86,919,KK/86,922,92,1.6,true
RØ,3438,KK/86,923,HGL/86,926,187,2.1,true
RØ,3438,HGL/86,926,HL/86,929,187,2.6,true
RØ,3438,HL/86,930,KL/86,935,187,5.5,true
RØ,3438,KL/86,935,OK/86,947,187,15.8,true
RØ,3438,OK/86,948,NI/86,951,187,3.4,true
RØ,3438,NI/86,952,HUM/86,955,131,3.8,true
RØ,3438,HUM/86,956,GÆ/86,959,131,3.7,true
RØ,3438,GÆ/86,960,SQ/86,963,131,2.7,true
RØ,3438,SQ/86,963,HG/86,966,131,3.5,true
RØ,3438,HG/86,966,End,966,0,0.0,true
RØ,3440,Start,946,KH/86,946,0,0.0,true
RØ,3440,KH/86,946,KN/86,948,86,1.5,true
RØ,3440,KN/86,949,KK/86,952,86,1.6,true
RØ,3440,KK/86,953,HGL/86,956,177,2.1,true
RØ,3440,HGL/86,956,HL/86,959,177,2.6,true
RØ,3440,HL/86,960,KL/86,965,177,5.5,true
RØ,3440,KL/86,965,OK/86,977,177,15.8,true
RØ,3440,OK/86,978,NI/86,981,177,3.4,true
RØ,3440,NI/86,982,HUM/86,985,122,3.8,true
RØ,3440,HUM/86,986,GÆ/86,989,122,3.7,true
RØ,3440,GÆ/86,990,SQ/86,993,122,2.7,true
RØ,3440,SQ/86,993,HG/86,996,122,3.5,true
RØ,3440,HG/86,996,End,996,0,0.0,true
RØ,3442,Start,976,KH/86,976,0,0.0,true
RØ,3442,KH/86,976,KN/86,978,111,1.5,true
RØ,3442,KN/86,979,KK/86,982,111,1.6,true
RØ,3442,KK/86,983,HGL/86,986,214,2.1,true
RØ,3442,HGL/86,986,HL/86,989,214,2.6,true
RØ,3442,HL/86,990,KL/86,995,214,5.5,true
RØ,3442,KL/86,995,OK/86,1007,214,15.8,true
RØ,3442,OK/86,1008,NI/86,1011,214,3.4,true
RØ,3442,NI/86,1012,HUM/86,1015,142,3.8,true
RØ,3442,HUM/86,1016,GÆ/86,1019,142,3.7,true
RØ,3442,GÆ/86,1020,SQ/86,1023,142,2.7,true
RØ,3442,SQ/86,1023,HG/86,1026,142,3.5,true
RØ,3442,HG/86,1026,End,1026,0,0.0,true
RØ,3444,Start,1006,KH/86,1006,0,0.0,true
RØ,3444,KH/86,1006,KN/86,1008,86,1.5,true
RØ,3444,KN/86,1009,KK/86,1012,86,1.6,true
RØ,3444,KK/86,1013,HGL/86,1016,177,2.1,true
RØ,3444,HGL/86,1016,HL/86,1019,177,2.6,true
RØ,3444,HL/86,1020,KL/86,1025,177,5.5,true
RØ,3444,KL/86,1025,OK/86,1037,177,15.8,true
RØ,3444,OK/86,1038,NI/86,1041,177,3.4,true
RØ,3444,NI/86,1042,HUM/86,1045,115,3.8,true
RØ,3444,HUM/86,1046,GÆ/86,1049,115,3.7,true
RØ,3444,GÆ/86,1050,SQ/86,1053,115,2.7,true
RØ,3444,SQ/86,1053,HG/86,1056,115,3.5,true
RØ,3444,HG/86,1056,End,1056,0,0.0,true
RØ,3446,Start,1036,KH/86,1036,0,0.0,true
RØ,3446,KH/86,1036,KN/86,1038,83,1.5,true
RØ,3446,KN/86,1039,KK/86,1042,83,1.6,true
RØ,3446,KK/86,1043,HGL/86,1046,153,2.1,true
RØ,3446,HGL/86,1046,HL/86,1049,153,2.6,true
RØ,3446,HL/86,1050,KL/86,1055,153,5.5,true
RØ,3446,KL/86,1055,OK/86,1067,153,15.8,true
RØ,3446,OK/86,1068,NI/86,1071,153,3.4,true
RØ,3446,NI/86,1072,HUM/86,1075,95,3.8,true
RØ,3446,HUM/86,1076,GÆ/86,1079,95,3.7,true
RØ,3446,GÆ/86,1080,SQ/86,1083,95,2.7,true
RØ,3446,SQ/86,1083,HG/86,1086,95,3.5,true
RØ,3446,HG/86,1086,End,1086,0,0.0,true
RØ,3448,Start,1066,KH/86,1066,0,0.0,true
RØ,3448,KH/86,1066,KN/86,1068,54,1.5,true
RØ,3448,KN/86,1069,KK/86,1072,54,1.6,true
RØ,3448,KK/86,1073,HGL/86,1076,100,2.1,true
RØ,3448,HGL/86,1076,HL/86,1079,100,2.6,true
RØ,3448,HL/86,1080,KL/86,1085,100,5.5,true
RØ,3448,KL/86,1085,OK/86,1097,100,15.8,true
RØ,3448,OK/86,1098,NI/86,1101,100,3.4,true
RØ,3448,NI/86,1102,HUM/86,1105,62,3.8,true
RØ,3448,HUM/86,1106,GÆ/86,1109,62,3.7,true
RØ,3448,GÆ/86,1110,SQ/86,1113,62,2.7,true
RØ,3448,SQ/86,1113,HG/86,1116,62,3.5,true
RØ,3448,HG/86,1116,End,1116,0,0.0,true
RØ,3450,Start,1096,KH/86,1096,0,0.0,true
RØ,3450,KH/86,1096,KN/86,1098,74,1.5,true
RØ,3450,KN/86,1099,KK/86,1102,74,1.6,true
RØ,3450,KK/86,1103,HGL/86,1106,139,2.1,true
RØ,3450,HGL/86,1106,HL/86,1109,139,2.6,true
RØ,3450,HL/86,1110,KL/86,1115,139,5.5,true
RØ,3450,KL/86,1115,OK/86,1127,139,15.8,true
RØ,3450,OK/86,1128,NI/86,1131,139,3.4,true
RØ,3450,NI/86,1132,HUM/86,1135,85,3.8,true
RØ,3450,HUM/86,1136,GÆ/86,1139,85,3.7,true
RØ,3450,GÆ/86,1140,SQ/86,1143,85,2.7,true
RØ,3450,SQ/86,1143,HG/86,1146,85,3.5,true
RØ,3450,HG/86,1146,End,1146,0,0.0,true
RØ,3463,Start,924,HG/86,924,0,0.0,true
RØ,3463,HG/86,924,SQ/86,926,99,3.5,true
RØ,3463,SQ/86,926,GÆ/86,929,99,2.7,true
RØ,3463,GÆ/86,930,HUM/86,933,99,3.7,true
RØ,3463,HUM/86,934,NI/86,937,99,3.8,true
RØ,3463,NI/86,938,OK/86,941,146,3.4,true
RØ,3463,OK/86,942,RU/86,945,146,3.0,true
RØ,3463,RU/86,945,HL/86,959,146,18.3,true
RØ,3463,HL/86,960,HGL/86,962,146,2.6,true
RØ,3463,HGL/86,962,KK/86,965,146,2.1,true
RØ,3463,KK/86,968,KN/86,970,191,1.6,true
RØ,3463,KN/86,971,KH/86,974,191,1.5,true
RØ,3463,KH/86,974,End,974,0,0.0,true
RØ,3465,Start,954,HG/86,954,0,0.0,true
RØ,3465,HG/86,954,SQ/86,956,132,3.5,true
RØ,3465,SQ/86,956,GÆ/86,959,132,2.7,true
RØ,3465,GÆ/86,960,HUM/86,963,132,3.7,true
RØ,3465,HUM/86,964,NI/86,967,132,3.8,true
RØ,3465,NI/86,968,OK/86,971,180,3.4,true
RØ,3465,OK/86,972,RU/86,975,180,3.0,true
RØ,3465,RU/86,975,HL/86,989,180,18.3,true
RØ,3465,HL/86,990,HGL/86,992,180,2.6,true
RØ,3465,HGL/86,992,KK/86,995,180,2.1,true
RØ,3465,KK/86,998,KN/86,1000,140,1.6,true
RØ,3465,KN/86,1001,KH/86,1004,140,1.5,true
RØ,3465,KH/86,1004,End,1004,0,0.0,true
RØ,3467,Start,984,HG/86,984,0,0.0,true
RØ,3467,HG/86,984,SQ/86,986,69,3.5,true
RØ,3467,SQ/86,986,GÆ/86,989,69,2.7,true
RØ,3467,GÆ/86,990,HUM/86,993,69,3.7,true
RØ,3467,HUM/86,994,NI/86,997,69,3.8,true
RØ,3467,NI/86,998,OK/86,1001,86,3.4,true
RØ,3467,OK/86,1002,RU/86,1005,86,3.0,true
RØ,3467,RU/86,1005,HL/86,1019,86,18.3,true
RØ,3467,HL/86,1020,HGL/86,1022,86,2.6,true
RØ,3467,HGL/86,1022,KK/86,1025,86,2.1,true
RØ,3467,KK/86,1028,KN/86,1030,85,1.6,true
RØ,3467,KN/86,1031,KH/86,1034,85,1.5,true
RØ,3467,KH/86,1034,End,1034,0,0.0,true
RØ,3469,Start,1014,HG/86,1014,0,0.0,true
RØ,3469,HG/86,1014,SQ/86,1016,59,3.5,true
RØ,3469,SQ/86,1016,GÆ/86,1019,59,2.7,true
RØ,3469,GÆ/86,1020,HUM/86,1023,59,3.7,true
RØ,3469,HUM/86,1024,NI/86,1027,59,3.8,true
RØ,3469,NI/86,1028,OK/86,1031,78,3.4,true
RØ,3469,OK/86,1032,RU/86,1035,78,3.0,true
RØ,3469,RU/86,1035,HL/86,1049,78,18.3,true
RØ,3469,HL/86,1050,HGL/86,1052,78,2.6,true
RØ,3469,HGL/86,1052,KK/86,1055,78,2.1,true
RØ,3469,KK/86,1058,KN/86,1060,62,1.6,true
RØ,3469,KN/86,1061,KH/86,1064,62,1.5,true
RØ,3469,KH/86,1064,End,1064,0,0.0,true
RØ,3471,Start,1044,HG/86,1044,0,0.0,true
RØ,3471,HG/86,1044,SQ/86,1046,45,3.5,true
RØ,3471,SQ/86,1046,GÆ/86,1049,45,2.7,true
RØ,3471,GÆ/86,1050,HUM/86,1053,45,3.7,true
RØ,3471,HUM/86,1054,NI/86,1057,45,3.8,true
RØ,3471,NI/86,1058,OK/86,1061,62,3.4,true
RØ,3471,OK/86,1062,RU/86,1065,62,3.0,true
RØ,3471,RU/86,1065,HL/86,1079,62,18.3,true
RØ,3471,HL/86,1080,HGL/86,1082,62,2.6,true
RØ,3471,HGL/86,1082,KK/86,1085,62,2.1,true
RØ,3471,KK/86,1088,KN/86,1090,47,1.6,true
RØ,3471,KN/86,1091,KH/86,1094,47,1.5,true
RØ,3471,KH/86,1094,End,1094,0,0.0,true
RØ,3473,Start,1074,HG/86,1074,0,0.0,true
RØ,3473,HG/86,1074,SQ/86,1076,43,3.5,true
RØ,3473,SQ/86,1076,GÆ/86,1079,43,2.7,true
RØ,3473,GÆ/86,1080,HUM/86,1083,43,3.7,true
RØ,3473,HUM/86,1084,NI/86,1087,43,3.8,true
RØ,3473,NI/86,1088,OK/86,1091,60,3.4,true
RØ,3473,OK/86,1092,RU/86,1095,60,3.0,true
RØ,3473,RU/86,1095,HL/86,1109,60,18.3,true
RØ,3473,HL/86,1110,HGL/86,1112,60,2.6,true
RØ,3473,HGL/86,1112,KK/86,1115,60,2.1,true
RØ,3473,KK/86,1118,KN/86,1120,41,1.6,true
RØ,3473,KN/86,1121,KH/86,1124,41,1.5,true
RØ,3473,KH/86,1124,End,1124,0,0.0,true
RØ,3475,Start,1104,HG/86,1104,0,0.0,true
RØ,3475,HG/86,1104,SQ/86,1106,30,3.5,true
RØ,3475,SQ/86,1106,GÆ/86,1109,30,2.7,true
RØ,3475,GÆ/86,1110,HUM/86,1113,30,3.7,true
RØ,3475,HUM/86,1114,NI/86,1117,30,3.8,true
RØ,3475,NI/86,1118,OK/86,1121,41,3.4,true
RØ,3475,OK/86,1122,RU/86,1125,41,3.0,true
RØ,3475,RU/86,1125,HL/86,1139,41,18.3,true
RØ,3475,HL/86,1140,HGL/86,1142,41,2.6,true
RØ,3475,HGL/86,1142,KK/86,1145,41,2.1,true
RØ,3475,KK/86,1148,KN/86,1150,32,1.6,true
RØ,3475,KN/86,1151,KH/86,1154,32,1.5,true
RØ,3475,KH/86,1154,End,1154,0,0.0,true
L,35,Start,566,CPH/86,566,0,0.0,true
L,35,CPH/86,566,TÅT/86,569,39,3.3,true
L,35,TÅT/86,569,KH/86,580,39,8.5,true
L,35,KH/86,592,GB/86,595,237,3.2,true
L,35,GB/86,595,OD/86,663,237,154.9,true
L,35,OD/86,666,HP/86,670,198,8.6,true
L,35,HP/86,670,FA/86,694,198,51.7,true
L,35,FA/86,698,BK/86,704,160,11.9,false
L,35,BK/86,704,VJ/86,711,160,13.8,false
L,35,VJ/86,713,HED/86,721,146,15.1,false
L,35,HED/86,721,HS/86,728,146,16.3,false
L,35,HS/86,730,HÅ/86,737,145,14.5,false
L,35,HÅ/86,737,SD/86,744,145,14.1,false
L,35,SD/86,745,HX/86,750,128,8.5,false
L,35,HX/86,750,AR/86,758,128,14.3,false
L,35,AR/86,758,End,758,0,0.0,true
RØ,3502,Start,303,KB/86,303,0,0.0,true
RØ,3502,KB/86,303,KBØ/86,305,27,2.0,false
RØ,3502,KBØ/86,306,VÆ/86,310,27,5.8,false
RØ,3502,VÆ/86,310,JY/86,319,27,13.3,false
RØ,3502,JY/86,320,MØ/86,325,27,6.6,false
RØ,3502,MØ/86,327,KS/86,329,27,3.5,false
RØ,3502,KS/86,329,HK/86,337,27,12.3,false
RØ,3502,HK/86,339,PE/86,342,92,5.9,true
RØ,3502,PE/86,342,HV/86,348,92,12.9,true
RØ,3502,HV/86,350,LJ/86,354,92,7.5,true
RØ,3502,LJ/86,354,RO/86,359,92,9.5,true
RØ,3502,RO/86,361,TRK/86,363,133,3.1,true
RØ,3502,TRK/86,363,HTÅ/86,368,133,8.7,true
RØ,3502,HTÅ/86,369,GL/86,374,133,8.3,true
RØ,3502,GL/86,374,KH/86,382,133,11.2,true
RØ,3502,KH/86,385,KN/86,387,39,1.5,true
RØ,3502,KN/86,388,KK/86,391,39,1.6,true
RØ,3502,KK/86,391,End,391,0,0.0,true
RØ,3506,Start,359,KB/86,359,0,0.0,true
RØ,3506,KB/86,359,KBØ/86,361,45,2.0,false
RØ,3506,KBØ/86,362,VÆ/86,366,45,5.8,false
RØ,3506,VÆ/86,366,SE/86,370,45,5.6,false
RØ,3506,SE/86,373,JY/86,379,45,7.7,false
RØ,3506,JY/86,380,MØ/86,385,45,6.6,false
RØ,3506,MØ/86,387,KS/86,389,45,3.5,false
RØ,3506,KS/86,389,HK/86,397,45,12.3,false
RØ,3506,HK/86,399,PE/86,402,151,5.9,true
RØ,3506,PE/86,402,HV/86,408,151,12.9,true
RØ,3506,HV/86,410,LJ/86,414,151,7.5,true
RØ,3506,LJ/86,414,RO/86,419,151,9.5,true
RØ,3506,RO/86,421,TRK/86,423,238,3.1,true
RØ,3506,TRK/86,423,HTÅ/86,428,238,8.7,true
RØ,3506,HTÅ/86,429,GL/86,434,241,8.3,true
RØ,3506,GL/86,434,KH/86,442,241,11.2,true
RØ,3506,KH/86,445,KN/86,447,90,1.5,true
RØ,3506,KN/86,448,KK/86,451,90,1.6,true
RØ,3506,KK/86,451,End,451,0,0.0,true
RØ,3510,Start,419,KB/86,419,0,0.0,true
RØ,3510,KB/86,419,KBØ/86,421,122,2.0,false
RØ,3510,KBØ/86,422,VÆ/86,426,122,5.8,false
RØ,3510,VÆ/86,426,SE/86,430,122,5.6,false
RØ,3510,SE/86,433,JY/86,438,122,7.7,false
RØ,3510,JY/86,439,MØ/86,444,122,6.6,false
RØ,3510,MØ/86,447,KS/86,449,122,3.5,false
RØ,3510,KS/86,449,HK/86,457,122,12.3,false
RØ,3510,HK/86,459,PE/86,462,249,5.9,true
RØ,3510,PE/86,462,HV/86,468,249,12.9,true
RØ,3510,HV/86,470,LJ/86,474,249,7.5,true
RØ,3510,LJ/86,474,RO/86,479,249,9.5,true
RØ,3510,RO/86,481,TRK/86,483,351,3.1,true
RØ,3510,TRK/86,483,HTÅ/86,488,351,8.7,true
RØ,3510,HTÅ/86,489,GL/86,494,370,8.3,true
RØ,3510,GL/86,494,KH/86,502,370,11.2,true
RØ,3510,KH/86,505,KN/86,507,144,1.5,true
RØ,3510,KN/86,508,KK/86,511,144,1.6,true
RØ,3510,KK/86,511,End,511,0,0.0,true
RØ,3523,Start,386,KK/86,386,0,0.0,true
RØ,3523,KK/86,386,KN/86,388,23,1.6,true
RØ,3523,KN/86,389,KH/86,392,23,1.5,true
RØ,3523,KH/86,396,VAL/86,399,104,3.9,true
RØ,3523,VAL/86,399,HTÅ/86,408,104,15.6,true
RØ,3523,HTÅ/86,409,HH/86,412,108,4.7,true
RØ,3523,HH/86,412,RO/86,416,108,7.1,true
RØ,3523,RO/86,418,LJ/86,423,101,9.5,true
RØ,3523,LJ/86,423,HK/86,435,101,26.3,true
RØ,3523,HK/86,437,RT/86,442,70,8.1,false
RØ,3523,RT/86,442,JY/86,451,70,14.3,false
RØ,3523,JY/86,452,SE/86,457,70,7.7,false
RØ,3523,SE/86,457,VÆ/86,462,70,5.6,false
RØ,3523,VÆ/86,465,KBØ/86,469,70,5.8,false
RØ,3523,KBØ/86,470,KB/86,474,70,2.0,false
RØ,3523,KB/86,474,End,474,0,0.0,true
RØ,3542,Start,907,KB/86,907,0,0.0,true
RØ,3542,KB/86,907,KBØ/86,909,74,2.0,false
RØ,3542,KBØ/86,910,VÆ/86,915,74,5.8,false
RØ,3542,VÆ/86,918,SE/86,922,74,5.6,false
RØ,3542,SE/86,922,JY/86,927,74,7.7,false
RØ,3542,JY/86,928,MØ/86,932,74,6.6,false
RØ,3542,MØ/86,932,HK/86,941,74,15.8,false
RØ,3542,HK/86,943,PE/86,947,109,5.9,true
RØ,3542,PE/86,947,RO/86,961,109,29.9,true
RØ,3542,RO/86,963,TRK/86,965,186,3.1,true
RØ,3542,TRK/86,965,HTÅ/86,969,186,8.7,true
RØ,3542,HTÅ/86,971,GL/86,976,212,8.3,true
RØ,3542,GL/86,976,KH/86,984,212,11.2,true
RØ,3542,KH/86,988,KN/86,990,95,1.5,true
RØ,3542,KN/86,991,KK/86,994,95,1.6,true
RØ,3542,KK/86,994,End,994,0,0.0,true
RØ,3546,Start,967,KB/86,967,0,0.0,true
RØ,3546,KB/86,967,KBØ/86,969,50,2.0,false
RØ,3546,KBØ/86,970,VÆ/86,975,50,5.8,false
RØ,3546,VÆ/86,978,SE/86,982,50,5.6,false
RØ,3546,SE/86,982,JY/86,987,50,7.7,false
RØ,3546,JY/86,988,MØ/86,992,50,6.6,false
RØ,3546,MØ/86,992,HK/86,1001,50,15.8,false
RØ,3546,HK/86,1003,PE/86,1007,69,5.9,true
RØ,3546,PE/86,1007,RO/86,1021,69,29.9,true
RØ,3546,RO/86,1023,TRK/86,1025,122,3.1,true
RØ,3546,TRK/86,1025,HTÅ/86,1029,122,8.7,true
RØ,3546,HTÅ/86,1031,GL/86,1036,142,8.3,true
RØ,3546,GL/86,1036,KH/86,1044,142,11.2,true
RØ,3546,KH/86,1048,KN/86,1050,64,1.5,true
RØ,3546,KN/86,1051,KK/86,1054,64,1.6,true
RØ,3546,KK/86,1054,End,1054,0,0.0,true
RØ,3555,Start,866,KK/86,866,0,0.0,true
RØ,3555,KK/86,866,KN/86,868,77,1.6,true
RØ,3555,KN/86,869,KH/86,872,77,1.5,true
RØ,3555,KH/86,876,VAL/86,879,206,3.9,true
RØ,3555,VAL/86,879,HTÅ/86,887,206,15.6,true
RØ,3555,HTÅ/86,888,HH/86,891,194,4.7,true
RØ,3555,HH/86,891,RO/86,895,194,7.1,true
RØ,3555,RO/86,897,LJ/86,903,159,9.5,true
RØ,3555,LJ/86,903,HV/86,906,159,7.5,true
RØ,3555,HV/86,908,TØ/86,911,159,6.3,true
RØ,3555,TØ/86,911,HK/86,918,159,12.5,true
RØ,3555,HK/86,920,RT/86,925,76,8.1,false
RØ,3555,RT/86,925,MØ/86,930,76,7.7,false
RØ,3555,MØ/86,933,JY/86,938,76,6.6,false
RØ,3555,JY/86,939,SE/86,945,76,7.7,false
RØ,3555,SE/86,948,VÆ/86,952,76,5.6,false
RØ,3555,VÆ/86,952,KBØ/86,955,76,5.8,false
RØ,3555,KBØ/86,956,KB/86,960,76,2.0,false
RØ,3555,KB/86,960,End,960,0,0.0,true
RØ,3559,Start,926,KK/86,926,0,0.0,true
RØ,3559,KK/86,926,KN/86,928,143,1.6,true
RØ,3559,KN/86,929,KH/86,932,143,1.5,true
RØ,3559,KH/86,936,VAL/86,939,343,3.9,true
RØ,3559,VAL/86,939,HTÅ/86,947,343,15.6,true
RØ,3559,HTÅ/86,948,HH/86,951,330,4.7,true
RØ,3559,HH/86,951,RO/86,955,330,7.1,true
RØ,3559,RO/86,957,LJ/86,963,238,9.5,true
RØ,3559,LJ/86,963,HV/86,966,238,7.5,true
RØ,3559,HV/86,968,TØ/86,971,238,6.3,true
RØ,3559,TØ/86,971,HK/86,978,238,12.5,true
RØ,3559,HK/86,980,RT/86,985,99,8.1,false
RØ,3559,RT/86,985,MØ/86,990,99,7.7,false
RØ,3559,MØ/86,993,JY/86,998,99,6.6,false
RØ,3559,JY/86,999,SE/86,1005,99,7.7,false
RØ,3559,SE/86,1008,VÆ/86,1012,99,5.6,false
RØ,3559,VÆ/86,1012,KBØ/86,1015,99,5.8,false
RØ,3559,KBØ/86,1016,KB/86,1020,99,2.0,false
RØ,3559,KB/86,1020,End,1020,0,0.0,true
RØ,3563,Start,986,KK/86,986,0,0.0,true
RØ,3563,KK/86,986,KN/86,988,152,1.6,true
RØ,3563,KN/86,989,KH/86,992,152,1.5,true
RØ,3563,KH/86,996,VAL/86,999,361,3.9,true
RØ,3563,VAL/86,999,HTÅ/86,1007,361,15.6,true
RØ,3563,HTÅ/86,1008,HH/86,1011,339,4.7,true
RØ,3563,HH/86,1011,RO/86,1015,339,7.1,true
RØ,3563,RO/86,1017,LJ/86,1023,214,9.5,true
RØ,3563,LJ/86,1023,HV/86,1026,214,7.5,true
RØ,3563,HV/86,1028,TØ/86,1031,214,6.3,true
RØ,3563,TØ/86,1031,HK/86,1038,214,12.5,true
RØ,3563,HK/86,1040,RT/86,1045,89,8.1,false
RØ,3563,RT/86,1045,MØ/86,1050,89,7.7,false
RØ,3563,MØ/86,1053,JY/86,1058,89,6.6,false
RØ,3563,JY/86,1059,SE/86,1065,89,7.7,false
RØ,3563,SE/86,1068,VÆ/86,1072,89,5.6,false
RØ,3563,VÆ/86,1072,KBØ/86,1075,89,5.8,false
RØ,3563,KBØ/86,1076,KB/86,1080,89,2.0,false
RØ,3563,KB/86,1080,End,1080,0,0.0,true
L,38,Start,740,AR/86,740,0,0.0,true
L,38,AR/86,740,KGV/86,743,198,3.0,false
L,38,KGV/86,743,SD/86,752,198,19.8,false
L,38,SD/86,754,HÅ/86,761,214,14.1,false
L,38,HÅ/86,761,HS/86,767,214,14.5,false
L,38,HS/86,769,HED/86,777,221,16.3,false
L,38,HED/86,777,VJ/86,784,221,15.1,false
L,38,VJ/86,786,BET/86,791,229,10.9,false
L,38,BET/86,791,FA/86,801,229,14.8,false
L,38,FA/86,807,SNO/86,809,289,4.3,true
L,38,SNO/86,809,OD/86,834,289,56.0,true
L,38,OD/86,837,MV/86,842,388,9.3,true
L,38,MV/86,842,KH/86,906,388,148.8,true
L,38,KH/86,918,BAN/86,921,67,2.4,true
L,38,BAN/86,921,CPH/86,932,67,9.4,true
L,38,CPH/86,932,End,932,0,0.0,true
RØ,3802,Start,283,NF/86,283,0,0.0,true
RØ,3802,NF/86,283,TN/86,286,8,6.0,false
RØ,3802,TN/86,286,EK/86,288,8,4.1,false
RØ,3802,EK/86,289,NV/86,293,8,4.5,false
RØ,3802,NV/86,294,OH/86,297,8,5.0,false
RØ,3802,OH/86,297,VO/86,304,8,9.2,false
RØ,3802,VO/86,304,End,304,0,0.0,true
RØ,3810,Start,403,NF/86,403,0,0.0,true
RØ,3810,NF/86,403,TN/86,406,34,6.0,false
RØ,3810,TN/86,406,EK/86,408,34,4.1,false
RØ,3810,EK/86,409,NV/86,413,34,4.5,false
RØ,3810,NV/86,414,OH/86,417,34,5.0,false
RØ,3810,OH/86,417,VO/86,424,34,9.2,false
RØ,3810,VO/86,425,LU/86,432,47,11.4,true
RØ,3810,LU/86,433,MOG/86,438,47,7.5,true
RØ,3810,MOG/86,438,NÆ/86,442,47,8.5,true
RØ,3810,NÆ/86,442,End,442,0,0.0,true
RØ,3859,Start,998,NÆ/86,998,0,0.0,true
RØ,3859,NÆ/86,998,MOG/86,1001,50,8.5,true
RØ,3859,MOG/86,1001,LU/86,1006,50,7.5,true
RØ,3859,LU/86,1007,VO/86,1013,50,11.4,true
RØ,3859,VO/86,1015,MN/86,1018,26,3.8,false
RØ,3859,MN/86,1018,NV/86,1025,26,10.4,false
RØ,3859,NV/86,1026,EK/86,1030,26,4.5,false
RØ,3859,EK/86,1031,TN/86,1034,26,4.1,false
RØ,3859,TN/86,1034,NF/86,1037,26,6.0,false
RØ,3859,NF/86,1037,End,1037,0,0.0,true
RØ,3863,Start,1058,NÆ/86,1058,0,0.0,true
RØ,3863,NÆ/86,1058,MOG/86,1061,49,8.5,true
RØ,3863,MOG/86,1061,LU/86,1066,49,7.5,true
RØ,3863,LU/86,1067,VO/86,1073,49,11.4,true
RØ,3863,VO/86,1075,MN/86,1078,31,3.8,false
RØ,3863,MN/86,1078,NV/86,1085,31,10.4,false
RØ,3863,NV/86,1086,EK/86,1090,31,4.5,false
RØ,3863,EK/86,1091,TN/86,1094,31,4.1,false
RØ,3863,TN/86,1094,NF/86,1097,31,6.0,false
RØ,3863,NF/86,1097,End,1097,0,0.0,true
L,39,Start,626,CPH/86,626,0,0.0,true
L,39,CPH/86,626,TÅT/86,629,41,3.3,true
L,39,TÅT/86,629,KH/86,640,41,8.5,true
L,39,KH/86,652,GB/86,655,322,3.2,true
L,39,GB/86,655,OD/86,723,322,154.9,true
L,39,OD/86,726,HP/86,730,290,8.6,true
L,39,HP/86,730,FA/86,754,290,51.7,true
L,39,FA/86,758,BK/86,764,295,11.9,false
L,39,BK/86,764,VJ/86,771,295,13.8,false
L,39,VJ/86,773,HED/86,781,263,15.1,false
L,39,HED/86,781,HS/86,788,263,16.3,false
L,39,HS/86,790,HÅ/86,797,254,14.5,false
L,39,HÅ/86,797,SD/86,804,254,14.1,false
L,39,SD/86,805,HX/86,810,230,8.5,false
L,39,HX/86,810,AR/86,818,230,14.3,false
L,39,AR/86,818,End,818,0,0.0,true
RV,3915,Start,401,FA/86,401,0,0.0,true
RV,3915,FA/86,401,BK/86,407,37,11.9,false
RV,3915,BK/86,408,BET/86,411,37,2.9,false
RV,3915,BET/86,412,VJ/86,419,37,10.9,false
RV,3915,VJ/86,420,HED/86,429,65,15.1,false
RV,3915,HED/86,430,HS/86,438,65,16.3,false
RV,3915,HS/86,439,HÅ/86,446,85,14.5,false
RV,3915,HÅ/86,446,SD/86,453,85,14.1,false
RV,3915,SD/86,454,HX/86,458,81,8.5,false
RV,3915,HX/86,458,VI/86,463,81,9.6,false
RV,3915,VI/86,464,KGV/86,466,81,1.7,false
RV,3915,KGV/86,466,AR/86,469,81,3.0,false
RV,3915,AR/86,469,End,469,0,0.0,true
RV,3918,Start,424,AR/86,424,0,0.0,true
RV,3918,AR/86,424,KGV/86,426,119,3.0,false
RV,3918,KGV/86,426,VI/86,428,119,1.7,false
RV,3918,VI/86,429,HC/86,432,119,4.8,false
RV,3918,HC/86,432,SD/86,439,119,13.3,false
RV,3918,SD/86,440,HÅ/86,446,149,14.1,false
RV,3918,HÅ/86,446,HS/86,453,149,14.5,false
RV,3918,HS/86,455,HED/86,463,153,16.3,false
RV,3918,HED/86,464,VJ/86,472,153,15.1,false
RV,3918,VJ/86,473,BET/86,480,74,10.9,false
RV,3918,BET/86,481,BK/86,483,74,2.9,false
RV,3918,BK/86,484,FA/86,492,74,11.9,false
RV,3918,FA/86,492,End,492,0,0.0,true
RV,3919,Start,461,FA/86,461,0,0.0,true
RV,3919,FA/86,461,BK/86,467,29,11.9,false
RV,3919,BK/86,468,BET/86,471,29,2.9,false
RV,3919,BET/86,472,VJ/86,479,29,10.9,false
RV,3919,VJ/86,480,HED/86,489,24,15.1,false
RV,3919,HED/86,490,HS/86,498,24,16.3,false
RV,3919,HS/86,499,HÅ/86,506,30,14.5,false
RV,3919,HÅ/86,506,SD/86,513,30,14.1,false
RV,3919,SD/86,514,HX/86,518,26,8.5,false
RV,3919,HX/86,518,VI/86,523,26,9.6,false
RV,3919,VI/86,524,KGV/86,526,26,1.7,false
RV,3919,KGV/86,526,AR/86,529,26,3.0,false
RV,3919,AR/86,529,End,529,0,0.0,true
EX,392,Start,1130,HMB/80,1130,0,0.0,true
EX,392,HMB/80,1130,ADF/80,1137,0,1.8,true
EX,392,ADF/80,1137,ASW/80,1224,0,140.3,true
EX,392,ASW/80,1226,AFW/80,1240,0,33.2,true
EX,392,AFW/80,1240,PA/86,1253,0,9.2,true
EX,392,PA/86,1263,VK/86,1267,25,6.8,true
EX,392,VK/86,1267,KD/86,1304,25,83.0,true
EX,392,KD/86,1306,TL/86,1312,23,11.3,true
EX,392,TL/86,1312,OD/86,1344,23,62.4,true
EX,392,OD/86,1347,MV/86,1351,14,9.3,true
EX,392,MV/86,1351,RG/86,1387,14,87.1,true
EX,392,RG/86,1389,ADA/86,1392,15,5.0,true
EX,392,ADA/86,1392,KH/86,1417,15,56.7,true
EX,392,KH/86,1417,End,1417,0,0.0,true
RV,3922,Start,489,AR/86,489,0,0.0,true
RV,3922,AR/86,489,KGV/86,491,35,3.0,false
RV,3922,KGV/86,491,VI/86,493,35,1.7,false
RV,3922,VI/86,494,HC/86,497,35,4.8,false
RV,3922,HC/86,497,SD/86,504,35,13.3,false
RV,3922,SD/86,505,HÅ/86,511,59,14.1,false
RV,3922,HÅ/86,511,HS/86,518,59,14.5,false
RV,3922,HS/86,520,HED/86,528,53,16.3,false
RV,3922,HED/86,529,VJ/86,539,53,15.1,false
RV,3922,VJ/86,549,BET/86,555,64,10.9,false
RV,3922,BET/86,556,BK/86,558,64,2.9,false
RV,3922,BK/86,559,FA/86,567,64,11.9,false
RV,3922,FA/86,567,End,567,0,0.0,true
EX,393,Start,502,KH/86,502,0,0.0,true
EX,393,KH/86,502,GB/86,505,193,3.2,true
EX,393,GB/86,505,RG/86,530,193,58.5,true
EX,393,RG/86,532,FJ/86,536,206,7.6,true
EX,393,FJ/86,536,OD/86,573,206,88.8,true
EX,393,OD/86,576,HP/86,581,180,8.6,true
EX,393,HP/86,581,KD/86,612,180,65.1,true
EX,393,KD/86,615,LK/86,622,229,12.9,true
EX,393,LK/86,622,PA/86,657,229,76.9,true
EX,393,PA/86,662,PAGR/86,663,0,1.0,true
EX,393,PAGR/86,663,ASW/80,688,0,41.4,true
EX,393,ASW/80,690,AR/80,720,0,24.5,true
EX,393,AR/80,720,HMB/80,786,0,117.6,true
EX,393,HMB/80,786,End,786,0,0.0,true
EX,394,Start,893,HMB/80,893,0,0.0,true
EX,394,HMB/80,893,ADF/80,896,0,1.8,true
EX,394,ADF/80,896,ASW/80,986,0,140.3,true
EX,394,ASW/80,988,AFW/80,1000,0,33.2,true
EX,394,AFW/80,1000,PA/86,1013,0,9.2,true
EX,394,PA/86,1023,VK/86,1027,232,6.8,true
EX,394,VK/86,1027,KD/86,1064,232,83.0,true
EX,394,KD/86,1066,TL/86,1072,190,11.3,true
EX,394,TL/86,1072,OD/86,1104,190,62.4,true
EX,394,OD/86,1107,MV/86,1111,190,9.3,true
EX,394,MV/86,1111,RG/86,1147,190,87.1,true
EX,394,RG/86,1149,ADA/86,1152,189,5.0,true
EX,394,ADA/86,1152,KH/86,1178,189,56.7,true
EX,394,KH/86,1178,End,1178,0,0.0,true
RV,3947,Start,881,FA/86,881,0,0.0,true
RV,3947,FA/86,881,BK/86,887,105,11.9,false
RV,3947,BK/86,888,BET/86,891,105,2.9,false
RV,3947,BET/86,892,VJ/86,899,105,10.9,false
RV,3947,VJ/86,900,HED/86,909,165,15.1,false
RV,3947,HED/86,910,HS/86,918,165,16.3,false
RV,3947,HS/86,919,HÅ/86,926,140,14.5,false
RV,3947,HÅ/86,926,SD/86,933,140,14.1,false
RV,3947,SD/86,934,HX/86,938,110,8.5,false
RV,3947,HX/86,938,VI/86,943,110,9.6,false
RV,3947,VI/86,944,KGV/86,946,110,1.7,false
RV,3947,KGV/86,946,AR/86,949,110,3.0,false
RV,3947,AR/86,949,End,949,0,0.0,true
EX,395,Start,742,KH/86,742,0,0.0,true
EX,395,KH/86,742,GB/86,745,272,3.2,true
EX,395,GB/86,745,RG/86,770,272,58.5,true
EX,395,RG/86,772,FJ/86,776,282,7.6,true
EX,395,FJ/86,776,OD/86,813,282,88.8,true
EX,395,OD/86,816,HP/86,821,269,8.6,true
EX,395,HP/86,821,KD/86,852,269,65.1,true
EX,395,KD/86,855,LK/86,862,277,12.9,true
EX,395,LK/86,862,PA/86,897,277,76.9,true
EX,395,PA/86,902,PAGR/86,903,0,1.0,true
EX,395,PAGR/86,903,ASW/80,928,0,41.4,true
EX,395,ASW/80,930,AR/80,960,0,24.5,true
EX,395,AR/80,960,HMB/80,1024,0,117.6,true
EX,395,HMB/80,1024,End,1024,0,0.0,true
RV,3950,Start,909,AR/86,909,0,0.0,true
RV,3950,AR/86,909,KGV/86,911,77,3.0,false
RV,3950,KGV/86,911,VI/86,913,77,1.7,false
RV,3950,VI/86,914,HC/86,917,77,4.8,false
RV,3950,HC/86,917,SD/86,924,77,13.3,false
RV,3950,SD/86,925,HÅ/86,931,105,14.1,false
RV,3950,HÅ/86,931,HS/86,938,105,14.5,false
RV,3950,HS/86,940,HED/86,948,118,16.3,false
RV,3950,HED/86,949,VJ/86,957,118,15.1,false
RV,3950,VJ/86,958,BET/86,965,96,10.9,false
RV,3950,BET/86,966,BK/86,968,96,2.9,false
RV,3950,BK/86,969,FA/86,977,96,11.9,false
RV,3950,FA/86,977,End,977,0,0.0,true
RV,3951,Start,941,FA/86,941,0,0.0,true
RV,3951,FA/86,941,BK/86,947,65,11.9,false
RV,3951,BK/86,948,BET/86,951,65,2.9,false
RV,3951,BET/86,952,VJ/86,959,65,10.9,false
RV,3951,VJ/86,960,HED/86,969,98,15.1,false
RV,3951,HED/86,970,HS/86,978,98,16.3,false
RV,3951,HS/86,979,HÅ/86,986,82,14.5,false
RV,3951,HÅ/86,986,SD/86,993,82,14.1,false
RV,3951,SD/86,994,HX/86,998,66,8.5,false
RV,3951,HX/86,998,VI/86,1003,66,9.6,false
RV,3951,VI/86,1004,KGV/86,1006,66,1.7,false
RV,3951,KGV/86,1006,AR/86,1009,66,3.0,false
RV,3951,AR/86,1009,End,1009,0,0.0,true
RV,3954,Start,969,AR/86,969,0,0.0,true
RV,3954,AR/86,969,KGV/86,971,101,3.0,false
RV,3954,KGV/86,971,VI/86,973,101,1.7,false
RV,3954,VI/86,974,HC/86,977,101,4.8,false
RV,3954,HC/86,977,SD/86,984,101,13.3,false
RV,3954,SD/86,985,HÅ/86,991,161,14.1,false
RV,3954,HÅ/86,991,HS/86,998,161,14.5,false
RV,3954,HS/86,1000,HED/86,1008,153,16.3,false
RV,3954,HED/86,1009,VJ/86,1017,153,15.1,false
RV,3954,VJ/86,1018,BET/86,1025,133,10.9,false
RV,3954,BET/86,1026,BK/86,1028,133,2.9,false
RV,3954,BK/86,1029,FA/86,1037,133,11.9,false
RV,3954,FA/86,1037,End,1037,0,0.0,true
RV,3958,Start,1029,AR/86,1029,0,0.0,true
RV,3958,AR/86,1029,KGV/86,1031,40,3.0,false
RV,3958,KGV/86,1031,VI/86,1033,40,1.7,false
RV,3958,VI/86,1034,HC/86,1037,40,4.8,false
RV,3958,HC/86,1037,SD/86,1044,40,13.3,false
RV,3958,SD/86,1045,HÅ/86,1051,75,14.1,false
RV,3958,HÅ/86,1051,HS/86,1058,75,14.5,false
RV,3958,HS/86,1060,HED/86,1068,70,16.3,false
RV,3958,HED/86,1069,VJ/86,1077,70,15.1,false
RV,3958,VJ/86,1078,BET/86,1085,71,10.9,false
RV,3958,BET/86,1086,BK/86,1088,71,2.9,false
RV,3958,BK/86,1089,FA/86,1097,71,11.9,false
RV,3958,FA/86,1097,End,1097,0,0.0,true
EX,396,Start,653,HMB/80,653,0,0.0,true
EX,396,HMB/80,653,ADF/80,656,0,1.8,true
EX,396,ADF/80,656,ASW/80,746,0,140.3,true
EX,396,ASW/80,748,AFW/80,760,0,33.2,true
EX,396,AFW/80,760,PA/86,773,0,9.2,true
EX,396,PA/86,783,VK/86,787,219,6.8,true
EX,396,VK/86,787,KD/86,824,219,83.0,true
EX,396,KD/86,826,TL/86,832,200,11.3,true
EX,396,TL/86,832,OD/86,864,200,62.4,true
EX,396,OD/86,867,MV/86,871,256,9.3,true
EX,396,MV/86,871,RG/86,907,256,87.1,true
EX,396,RG/86,909,ADA/86,912,274,5.0,true
EX,396,ADA/86,912,KH/86,938,274,56.7,true
EX,396,KH/86,938,End,938,0,0.0,true
EX,397,Start,862,KH/86,862,0,0.0,true
EX,397,KH/86,862,GB/86,865,149,3.2,true
EX,397,GB/86,865,RG/86,890,149,58.5,true
EX,397,RG/86,892,FJ/86,896,146,7.6,true
EX,397,FJ/86,896,OD/86,933,146,88.8,true
EX,397,OD/86,936,HP/86,941,104,8.6,true
EX,397,HP/86,941,KD/86,972,104,65.1,true
EX,397,KD/86,975,LK/86,982,113,12.9,true
EX,397,LK/86,982,PA/86,1017,113,76.9,true
EX,397,PA/86,1022,PAGR/86,1023,0,1.0,true
EX,397,PAGR/86,1023,ASW/80,1049,0,41.4,true
EX,397,ASW/80,1051,AR/80,1080,0,24.5,true
EX,397,AR/80,1080,HMB/80,1144,0,117.6,true
EX,397,HMB/80,1144,End,1144,0,0.0,true
EX,398,Start,535,HMB/80,535,0,0.0,true
EX,398,HMB/80,535,ADF/80,536,0,1.8,true
EX,398,ADF/80,536,ASW/80,623,0,140.3,true
EX,398,ASW/80,625,AFW/80,640,0,33.2,true
EX,398,AFW/80,640,PA/86,653,0,9.2,true
EX,398,PA/86,663,VK/86,667,235,6.8,true
EX,398,VK/86,667,KD/86,704,235,83.0,true
EX,398,KD/86,706,TL/86,712,210,11.3,true
EX,398,TL/86,712,OD/86,744,210,62.4,true
EX,398,OD/86,747,MV/86,751,237,9.3,true
EX,398,MV/86,751,RG/86,787,237,87.1,true
EX,398,RG/86,789,ADA/86,792,243,5.0,true
EX,398,ADA/86,792,KH/86,818,243,56.7,true
EX,398,KH/86,818,End,818,0,0.0,true
EX,399,Start,982,KH/86,982,0,0.0,true
EX,399,KH/86,982,GB/86,985,201,3.2,true
EX,399,GB/86,985,RG/86,1010,201,58.5,true
EX,399,RG/86,1012,FJ/86,1016,133,7.6,true
EX,399,FJ/86,1016,OD/86,1053,133,88.8,true
EX,399,OD/86,1056,HP/86,1061,76,8.6,true
EX,399,HP/86,1061,KD/86,1092,76,65.1,true
EX,399,KD/86,1095,LK/86,1102,81,12.9,true
EX,399,LK/86,1102,PA/86,1137,81,76.9,true
EX,399,PA/86,1142,PAGR/86,1143,0,1.0,true
EX,399,PAGR/86,1143,ASW/80,1169,0,41.4,true
EX,399,ASW/80,1171,AR/80,1200,0,24.5,true
EX,399,AR/80,1200,HMB/80,1264,0,117.6,true
EX,399,HMB/80,1264,End,1264,0,0.0,true
RV,4003,Start,358,AB/86,358,0,0.0,true
RV,4003,AB/86,358,ABV/86,360,3,1.2,false
RV,4003,ABV/86,361,LIH/86,363,3,1.8,false
RV,4003,LIH/86,364,ABL/86,368,3,2.5,false
RV,4003,ABL/86,368,End,368,0,0.0,true
L,4007,Start,345,AR/86,345,0,0.0,true
L,4007,AR/86,345,BR/86,350,35,6.7,false
L,4007,BR/86,350,RD/86,373,35,52.4,false
L,4007,RD/86,375,FP/86,382,40,14.7,false
L,4007,FP/86,382,HB/86,389,40,16.6,false
L,4007,HB/86,390,AD/86,398,48,15.5,false
L,4007,AD/86,398,AB/86,413,48,33.9,false
L,4007,AB/86,418,ABV/86,420,10,1.2,false
L,4007,ABV/86,421,LIH/86,423,10,1.8,false
L,4007,LIH/86,424,ABL/86,428,6,2.5,false
L,4007,ABL/86,428,End,428,0,0.0,true
L,4011,Start,405,AR/86,405,0,0.0,true
L,4011,AR/86,405,BR/86,410,125,6.7,false
L,4011,BR/86,410,RD/86,433,125,52.4,false
L,4011,RD/86,435,FP/86,442,110,14.7,false
L,4011,FP/86,442,HB/86,449,110,16.6,false
L,4011,HB/86,450,AD/86,458,88,15.5,false
L,4011,AD/86,458,AB/86,473,88,33.9,false
L,4011,AB/86,478,ABV/86,480,23,1.2,false
L,4011,ABV/86,481,LIH/86,483,23,1.8,false
L,4011,LIH/86,484,ABL/86,488,9,2.5,false
L,4011,ABL/86,488,End,488,0,0.0,true
L,4014,Start,303,AB/86,303,0,0.0,true
L,4014,AB/86,303,OG/86,305,23,4.3,false
L,4014,OG/86,305,HB/86,325,23,45.1,false
L,4014,HB/86,326,FP/86,334,43,16.6,false
L,4014,FP/86,334,RD/86,340,43,14.7,false
L,4014,RD/86,342,LG/86,349,74,13.4,false
L,4014,LG/86,349,AR/86,372,74,45.7,false
L,4014,AR/86,372,End,372,0,0.0,true
L,4015,Start,465,AR/86,465,0,0.0,true
L,4015,AR/86,465,BR/86,470,81,6.7,false
L,4015,BR/86,470,RD/86,493,81,52.4,false
L,4015,RD/86,495,FP/86,502,65,14.7,false
L,4015,FP/86,502,HB/86,509,65,16.6,false
L,4015,HB/86,510,AD/86,518,56,15.5,false
L,4015,AD/86,518,AB/86,533,56,33.9,false
L,4015,AB/86,538,ABV/86,540,8,1.2,false
L,4015,ABV/86,541,LIH/86,543,8,1.8,false
L,4015,LIH/86,544,ABL/86,548,5,2.5,false
L,4015,ABL/86,548,End,548,0,0.0,true
L,4018,Start,363,AB/86,363,0,0.0,true
L,4018,AB/86,363,OG/86,365,29,4.3,false
L,4018,OG/86,365,HB/86,385,29,45.1,false
L,4018,HB/86,386,FP/86,394,102,16.6,false
L,4018,FP/86,394,RD/86,401,102,14.7,false
L,4018,RD/86,403,LG/86,410,197,13.4,false
L,4018,LG/86,410,AR/86,433,197,45.7,false
L,4018,AR/86,433,End,433,0,0.0,true
L,4019,Start,525,AR/86,525,0,0.0,true
L,4019,AR/86,525,BR/86,530,63,6.7,false
L,4019,BR/86,530,RD/86,553,63,52.4,false
L,4019,RD/86,555,FP/86,562,54,14.7,false
L,4019,FP/86,562,HB/86,569,54,16.6,false
L,4019,HB/86,570,AD/86,578,42,15.5,false
L,4019,AD/86,578,AB/86,593,42,33.9,false
L,4019,AB/86,598,ABV/86,600,5,1.2,false
L,4019,ABV/86,601,LIH/86,603,5,1.8,false
L,4019,LIH/86,604,ABL/86,608,3,2.5,false
L,4019,ABL/86,608,End,608,0,0.0,true
L,4022,Start,406,ABL/86,406,0,0.0,true
L,4022,ABL/86,406,LIH/86,409,2,2.5,false
L,4022,LIH/86,410,ABV/86,413,22,1.8,false
L,4022,ABV/86,414,AB/86,418,22,1.2,false
L,4022,AB/86,423,OG/86,425,92,4.3,false
L,4022,OG/86,425,HB/86,445,92,45.1,false
L,4022,HB/86,446,FP/86,454,158,16.6,false
L,4022,FP/86,454,RD/86,461,158,14.7,false
L,4022,RD/86,463,LG/86,470,234,13.4,false
L,4022,LG/86,470,AR/86,493,234,45.7,false
L,4022,AR/86,493,End,493,0,0.0,true
L,4023,Start,585,AR/86,585,0,0.0,true
L,4023,AR/86,585,BR/86,590,49,6.7,false
L,4023,BR/86,590,RD/86,613,49,52.4,false
L,4023,RD/86,615,FP/86,622,44,14.7,false
L,4023,FP/86,622,HB/86,629,44,16.6,false
L,4023,HB/86,630,AD/86,638,28,15.5,false
L,4023,AD/86,638,AB/86,653,28,33.9,false
L,4023,AB/86,658,ABV/86,660,5,1.2,false
L,4023,ABV/86,661,LIH/86,663,5,1.8,false
L,4023,LIH/86,664,ABL/86,668,2,2.5,false
L,4023,ABL/86,668,End,668,0,0.0,true
L,4026,Start,466,ABL/86,466,0,0.0,true
L,4026,ABL/86,466,LIH/86,469,4,2.5,false
L,4026,LIH/86,470,ABV/86,473,19,1.8,false
L,4026,ABV/86,474,AB/86,478,19,1.2,false
L,4026,AB/86,483,OG/86,485,60,4.3,false
L,4026,OG/86,485,HB/86,505,60,45.1,false
L,4026,HB/86,506,FP/86,514,108,16.6,false
L,4026,FP/86,514,RD/86,521,108,14.7,false
L,4026,RD/86,523,LG/86,530,141,13.4,false
L,4026,LG/86,530,AR/86,553,141,45.7,false
L,4026,AR/86,553,End,553,0,0.0,true
L,4027,Start,645,AR/86,645,0,0.0,true
L,4027,AR/86,645,BR/86,650,65,6.7,false
L,4027,BR/86,650,RD/86,673,65,52.4,false
L,4027,RD/86,675,FP/86,682,57,14.7,false
L,4027,FP/86,682,HB/86,689,57,16.6,false
L,4027,HB/86,690,AD/86,698,40,15.5,false
L,4027,AD/86,698,AB/86,713,40,33.9,false
L,4027,AB/86,718,ABV/86,720,6,1.2,false
L,4027,ABV/86,721,LIH/86,723,6,1.8,false
L,4027,LIH/86,724,ABL/86,728,3,2.5,false
L,4027,ABL/86,728,End,728,0,0.0,true
L,4030,Start,526,ABL/86,526,0,0.0,true
L,4030,ABL/86,526,LIH/86,529,4,2.5,false
L,4030,LIH/86,530,ABV/86,533,12,1.8,false
L,4030,ABV/86,534,AB/86,538,12,1.2,false
L,4030,AB/86,543,OG/86,545,62,4.3,false
L,4030,OG/86,545,HB/86,565,62,45.1,false
L,4030,HB/86,566,FP/86,574,96,16.6,false
L,4030,FP/86,574,RD/86,581,96,14.7,false
L,4030,RD/86,583,LG/86,590,119,13.4,false
L,4030,LG/86,590,AR/86,613,119,45.7,false
L,4030,AR/86,613,End,613,0,0.0,true
L,4031,Start,705,AR/86,705,0,0.0,true
L,4031,AR/86,705,BR/86,710,80,6.7,false
L,4031,BR/86,710,RD/86,733,80,52.4,false
L,4031,RD/86,735,FP/86,742,68,14.7,false
L,4031,FP/86,742,HB/86,749,68,16.6,false
L,4031,HB/86,750,AD/86,758,43,15.5,false
L,4031,AD/86,758,AB/86,773,43,33.9,false
L,4031,AB/86,778,ABV/86,780,7,1.2,false
L,4031,ABV/86,781,LIH/86,783,7,1.8,false
L,4031,LIH/86,784,ABL/86,788,3,2.5,false
L,4031,ABL/86,788,End,788,0,0.0,true
L,4034,Start,586,ABL/86,586,0,0.0,true
L,4034,ABL/86,586,LIH/86,589,4,2.5,false
L,4034,LIH/86,590,ABV/86,593,9,1.8,false
L,4034,ABV/86,594,AB/86,598,9,1.2,false
L,4034,AB/86,603,OG/86,605,70,4.3,false
L,4034,OG/86,605,HB/86,625,70,45.1,false
L,4034,HB/86,626,FP/86,634,103,16.6,false
L,4034,FP/86,634,RD/86,641,103,14.7,false
L,4034,RD/86,643,LG/86,650,125,13.4,false
L,4034,LG/86,650,AR/86,673,125,45.7,false
L,4034,AR/86,673,End,673,0,0.0,true
L,4035,Start,765,AR/86,765,0,0.0,true
L,4035,AR/86,765,BR/86,770,72,6.7,false
L,4035,BR/86,770,RD/86,793,72,52.4,false
L,4035,RD/86,795,FP/86,802,59,14.7,false
L,4035,FP/86,802,HB/86,809,59,16.6,false
L,4035,HB/86,810,AD/86,818,35,15.5,false
L,4035,AD/86,818,AB/86,833,35,33.9,false
L,4035,AB/86,838,ABV/86,840,8,1.2,false
L,4035,ABV/86,841,LIH/86,843,8,1.8,false
L,4035,LIH/86,844,ABL/86,848,4,2.5,false
L,4035,ABL/86,848,End,848,0,0.0,true
L,4038,Start,646,ABL/86,646,0,0.0,true
L,4038,ABL/86,646,LIH/86,649,5,2.5,false
L,4038,LIH/86,650,ABV/86,653,9,1.8,false
L,4038,ABV/86,654,AB/86,658,9,1.2,false
L,4038,AB/86,663,OG/86,665,52,4.3,false
L,4038,OG/86,665,HB/86,685,52,45.1,false
L,4038,HB/86,686,FP/86,694,85,16.6,false
L,4038,FP/86,694,RD/86,701,85,14.7,false
L,4038,RD/86,703,LG/86,710,106,13.4,false
L,4038,LG/86,710,AR/86,733,106,45.7,false
L,4038,AR/86,733,End,733,0,0.0,true
L,4039,Start,825,AR/86,825,0,0.0,true
L,4039,AR/86,825,BR/86,830,141,6.7,false
L,4039,BR/86,830,RD/86,853,141,52.4,false
L,4039,RD/86,855,FP/86,862,118,14.7,false
L,4039,FP/86,862,HB/86,869,118,16.6,false
L,4039,HB/86,870,AD/86,878,78,15.5,false
L,4039,AD/86,878,AB/86,893,78,33.9,false
L,4039,AB/86,898,ABV/86,900,15,1.2,false
L,4039,ABV/86,901,LIH/86,903,15,1.8,false
L,4039,LIH/86,904,ABL/86,908,7,2.5,false
L,4039,ABL/86,908,End,908,0,0.0,true
L,4042,Start,706,ABL/86,706,0,0.0,true
L,4042,ABL/86,706,LIH/86,709,5,2.5,false
L,4042,LIH/86,710,ABV/86,713,10,1.8,false
L,4042,ABV/86,714,AB/86,718,10,1.2,false
L,4042,AB/86,723,OG/86,725,52,4.3,false
L,4042,OG/86,725,HB/86,745,52,45.1,false
L,4042,HB/86,746,FP/86,754,90,16.6,false
L,4042,FP/86,754,RD/86,761,90,14.7,false
L,4042,RD/86,763,LG/86,770,109,13.4,false
L,4042,LG/86,770,AR/86,793,109,45.7,false
L,4042,AR/86,793,End,793,0,0.0,true
L,4043,Start,885,AR/86,885,0,0.0,true
L,4043,AR/86,885,BR/86,890,169,6.7,false
L,4043,BR/86,890,RD/86,913,169,52.4,false
L,4043,RD/86,915,FP/86,922,138,14.7,false
L,4043,FP/86,922,HB/86,929,138,16.6,false
L,4043,HB/86,930,AD/86,938,89,15.5,false
L,4043,AD/86,938,AB/86,953,89,33.9,false
L,4043,AB/86,958,ABV/86,960,18,1.2,false
L,4043,ABV/86,961,LIH/86,963,18,1.8,false
L,4043,LIH/86,964,ABL/86,968,8,2.5,false
L,4043,ABL/86,968,End,968,0,0.0,true
L,4046,Start,766,ABL/86,766,0,0.0,true
L,4046,ABL/86,766,LIH/86,769,2,2.5,false
L,4046,LIH/86,770,ABV/86,773,7,1.8,false
L,4046,ABV/86,774,AB/86,778,7,1.2,false
L,4046,AB/86,783,OG/86,785,50,4.3,false
L,4046,OG/86,785,HB/86,805,50,45.1,false
L,4046,HB/86,806,FP/86,814,94,16.6,false
L,4046,FP/86,814,RD/86,821,94,14.7,false
L,4046,RD/86,823,LG/86,830,111,13.4,false
L,4046,LG/86,830,AR/86,853,111,45.7,false
L,4046,AR/86,853,End,853,0,0.0,true
L,4047,Start,945,AR/86,945,0,0.0,true
L,4047,AR/86,945,BR/86,950,249,6.7,false
L,4047,BR/86,950,RD/86,973,249,52.4,false
L,4047,RD/86,975,FP/86,982,190,14.7,false
L,4047,FP/86,982,HB/86,989,190,16.6,false
L,4047,HB/86,990,AD/86,998,123,15.5,false
L,4047,AD/86,998,AB/86,1013,123,33.9,false
L,4047,AB/86,1018,ABV/86,1020,22,1.2,false
L,4047,ABV/86,1021,LIH/86,1023,22,1.8,false
L,4047,LIH/86,1024,ABL/86,1028,4,2.5,false
L,4047,ABL/86,1028,End,1028,0,0.0,true
L,4050,Start,826,ABL/86,826,0,0.0,true
L,4050,ABL/86,826,LIH/86,829,2,2.5,false
L,4050,LIH/86,830,ABV/86,833,9,1.8,false
L,4050,ABV/86,834,AB/86,838,9,1.2,false
L,4050,AB/86,843,OG/86,845,66,4.3,false
L,4050,OG/86,845,HB/86,865,66,45.1,false
L,4050,HB/86,866,FP/86,874,95,16.6,false
L,4050,FP/86,874,RD/86,881,95,14.7,false
L,4050,RD/86,883,LG/86,890,123,13.4,false
L,4050,LG/86,890,AR/86,913,123,45.7,false
L,4050,AR/86,913,End,913,0,0.0,true
L,4051,Start,1005,AR/86,1005,0,0.0,true
L,4051,AR/86,1005,BR/86,1010,156,6.7,false
L,4051,BR/86,1010,RD/86,1033,156,52.4,false
L,4051,RD/86,1035,FP/86,1042,124,14.7,false
L,4051,FP/86,1042,HB/86,1049,124,16.6,false
L,4051,HB/86,1050,AD/86,1058,78,15.5,false
L,4051,AD/86,1058,AB/86,1073,78,33.9,false
L,4051,AB/86,1078,ABV/86,1080,11,1.2,false
L,4051,ABV/86,1081,LIH/86,1083,11,1.8,false
L,4051,LIH/86,1084,ABL/86,1088,3,2.5,false
L,4051,ABL/86,1088,End,1088,0,0.0,true
L,4054,Start,886,ABL/86,886,0,0.0,true
L,4054,ABL/86,886,LIH/86,889,5,2.5,false
L,4054,LIH/86,890,ABV/86,893,16,1.8,false
L,4054,ABV/86,894,AB/86,898,16,1.2,false
L,4054,AB/86,903,OG/86,905,94,4.3,false
L,4054,OG/86,905,HB/86,925,94,45.1,false
L,4054,HB/86,926,FP/86,934,142,16.6,false
L,4054,FP/86,934,RD/86,941,142,14.7,false
L,4054,RD/86,943,LG/86,950,169,13.4,false
L,4054,LG/86,950,AR/86,973,169,45.7,false
L,4054,AR/86,973,End,973,0,0.0,true
L,4055,Start,1065,AR/86,1065,0,0.0,true
L,4055,AR/86,1065,BR/86,1070,111,6.7,false
L,4055,BR/86,1070,RD/86,1093,111,52.4,false
L,4055,RD/86,1095,FP/86,1102,79,14.7,false
L,4055,FP/86,1102,HB/86,1109,79,16.6,false
L,4055,HB/86,1110,AD/86,1118,54,15.5,false
L,4055,AD/86,1118,AB/86,1133,54,33.9,false
L,4055,AB/86,1133,End,1133,0,0.0,true
L,4058,Start,946,ABL/86,946,0,0.0,true
L,4058,ABL/86,946,LIH/86,949,5,2.5,false
L,4058,LIH/86,950,ABV/86,953,12,1.8,false
L,4058,ABV/86,954,AB/86,958,12,1.2,false
L,4058,AB/86,963,OG/86,965,105,4.3,false
L,4058,OG/86,965,HB/86,985,105,45.1,false
L,4058,HB/86,986,FP/86,994,136,16.6,false
L,4058,FP/86,994,RD/86,1001,136,14.7,false
L,4058,RD/86,1003,LG/86,1010,160,13.4,false
L,4058,LG/86,1010,AR/86,1033,160,45.7,false
L,4058,AR/86,1033,End,1033,0,0.0,true
L,4059,Start,1125,AR/86,1125,0,0.0,true
L,4059,AR/86,1125,BR/86,1130,90,6.7,false
L,4059,BR/86,1130,RD/86,1153,90,52.4,false
L,4059,RD/86,1155,FP/86,1162,72,14.7,false
L,4059,FP/86,1162,HB/86,1169,72,16.6,false
L,4059,HB/86,1170,AD/86,1178,44,15.5,false
L,4059,AD/86,1178,AB/86,1193,44,33.9,false
L,4059,AB/86,1193,End,1193,0,0.0,true
L,4062,Start,1006,ABL/86,1006,0,0.0,true
L,4062,ABL/86,1006,LIH/86,1009,3,2.5,false
L,4062,LIH/86,1010,ABV/86,1013,11,1.8,false
L,4062,ABV/86,1014,AB/86,1018,11,1.2,false
L,4062,AB/86,1023,OG/86,1025,55,4.3,false
L,4062,OG/86,1025,HB/86,1045,55,45.1,false
L,4062,HB/86,1046,FP/86,1054,77,16.6,false
L,4062,FP/86,1054,RD/86,1061,77,14.7,false
L,4062,RD/86,1063,LG/86,1070,90,13.4,false
L,4062,LG/86,1070,AR/86,1093,90,45.7,false
L,4062,AR/86,1093,End,1093,0,0.0,true
L,4063,Start,1185,AR/86,1185,0,0.0,true
L,4063,AR/86,1185,BR/86,1190,78,6.7,false
L,4063,BR/86,1190,RD/86,1213,78,52.4,false
L,4063,RD/86,1215,FP/86,1222,69,14.7,false
L,4063,FP/86,1222,HB/86,1229,69,16.6,false
L,4063,HB/86,1230,AD/86,1238,43,15.5,false
L,4063,AD/86,1238,AB/86,1253,43,33.9,false
L,4063,AB/86,1253,End,1253,0,0.0,true
L,4066,Start,1066,ABL/86,1066,0,0.0,true
L,4066,ABL/86,1066,LIH/86,1069,6,2.5,false
L,4066,LIH/86,1070,ABV/86,1073,11,1.8,false
L,4066,ABV/86,1074,AB/86,1078,11,1.2,false
L,4066,AB/86,1083,OG/86,1085,40,4.3,false
L,4066,OG/86,1085,HB/86,1105,40,45.1,false
L,4066,HB/86,1106,FP/86,1114,50,16.6,false
L,4066,FP/86,1114,RD/86,1121,50,14.7,false
L,4066,RD/86,1123,LG/86,1130,56,13.4,false
L,4066,LG/86,1130,AR/86,1153,56,45.7,false
L,4066,AR/86,1153,End,1153,0,0.0,true
L,4067,Start,1245,AR/86,1245,0,0.0,true
L,4067,AR/86,1245,BR/86,1250,87,6.7,false
L,4067,BR/86,1250,RD/86,1273,87,52.4,false
L,4067,RD/86,1275,FP/86,1282,63,14.7,false
L,4067,FP/86,1282,HB/86,1289,63,16.6,false
L,4067,HB/86,1290,AD/86,1298,49,15.5,false
L,4067,AD/86,1298,AB/86,1313,49,33.9,false
L,4067,AB/86,1313,End,1313,0,0.0,true
L,4070,Start,1126,ABL/86,1126,0,0.0,true
L,4070,ABL/86,1126,LIH/86,1129,7,2.5,false
L,4070,LIH/86,1130,ABV/86,1133,9,1.8,false
L,4070,ABV/86,1134,AB/86,1138,9,1.2,false
L,4070,AB/86,1143,OG/86,1145,23,4.3,false
L,4070,OG/86,1145,HB/86,1165,23,45.1,false
L,4070,HB/86,1166,FP/86,1174,31,16.6,false
L,4070,FP/86,1174,RD/86,1181,31,14.7,false
L,4070,RD/86,1183,LG/86,1190,37,13.4,false
L,4070,LG/86,1190,AR/86,1213,37,45.7,false
L,4070,AR/86,1213,End,1213,0,0.0,true
L,4074,Start,1203,AB/86,1203,0,0.0,true
L,4074,AB/86,1203,OG/86,1205,8,4.3,false
L,4074,OG/86,1205,HB/86,1225,8,45.1,false
L,4074,HB/86,1226,FP/86,1234,19,16.6,false
L,4074,FP/86,1234,RD/86,1241,19,14.7,false
L,4074,RD/86,1243,LG/86,1250,28,13.4,false
L,4074,LG/86,1250,AR/86,1273,28,45.7,false
L,4074,AR/86,1273,End,1273,0,0.0,true
IC,4101,Start,255,AR/86,255,0,0.0,true
IC,4101,AR/86,255,BR/86,259,69,6.7,false
IC,4101,BR/86,259,HA/86,271,69,25.8,false
IC,4101,HA/86,272,LG/86,279,69,13.2,false
IC,4101,LG/86,280,RD/86,287,56,13.4,false
IC,4101,RD/86,289,FP/86,297,43,14.7,false
IC,4101,FP/86,297,HB/86,304,43,16.6,false
IC,4101,HB/86,305,AD/86,313,38,15.5,false
IC,4101,AD/86,313,SØ/86,316,38,7.6,false
IC,4101,SØ/86,317,SR/86,321,40,7.5,false
IC,4101,SR/86,321,AB/86,331,40,18.8,false
IC,4101,AB/86,334,ABV/86,336,9,1.2,false
IC,4101,ABV/86,337,LIH/86,339,9,1.8,false
IC,4101,LIH/86,340,ABL/86,344,7,2.5,false
IC,4101,ABL/86,344,End,344,0,0.0,true
IC,4105,Start,312,AR/86,312,0,0.0,true
IC,4105,AR/86,312,BR/86,316,7,6.7,false
IC,4105,BR/86,316,HA/86,328,7,25.8,false
IC,4105,HA/86,329,LG/86,336,7,13.2,false
IC,4105,LG/86,337,RD/86,344,8,13.4,false
IC,4105,RD/86,346,FP/86,353,7,14.7,false
IC,4105,FP/86,353,HB/86,361,7,16.6,false
IC,4105,HB/86,362,AD/86,370,11,15.5,false
IC,4105,AD/86,371,SØ/86,376,11,7.6,false
IC,4105,SØ/86,377,SR/86,381,21,7.5,false
IC,4105,SR/86,381,AB/86,391,21,18.8,false
IC,4105,AB/86,394,ABV/86,396,4,1.2,false
IC,4105,ABV/86,397,LIH/86,399,4,1.8,false
IC,4105,LIH/86,400,ABL/86,404,4,2.5,false
IC,4105,ABL/86,404,End,404,0,0.0,true
IC,4107,Start,372,AR/86,372,0,0.0,true
IC,4107,AR/86,372,BR/86,376,143,6.7,false
IC,4107,BR/86,376,HA/86,388,143,25.8,false
IC,4107,HA/86,389,LG/86,396,143,13.2,false
IC,4107,LG/86,397,RD/86,404,138,13.4,false
IC,4107,RD/86,406,FP/86,413,113,14.7,false
IC,4107,FP/86,413,HB/86,421,113,16.6,false
IC,4107,HB/86,422,AD/86,430,128,15.5,false
IC,4107,AD/86,431,SØ/86,436,128,7.6,false
IC,4107,SØ/86,437,SR/86,441,121,7.5,false
IC,4107,SR/86,441,AB/86,451,121,18.8,false
IC,4107,AB/86,454,ABV/86,456,9,1.2,false
IC,4107,ABV/86,457,LIH/86,459,9,1.8,false
IC,4107,LIH/86,460,ABL/86,464,6,2.5,false
IC,4107,ABL/86,464,End,464,0,0.0,true
IC,4113,Start,435,AR/86,435,0,0.0,true
IC,4113,AR/86,435,BR/86,439,178,6.7,false
IC,4113,BR/86,439,HA/86,451,178,25.8,false
IC,4113,HA/86,452,LG/86,459,178,13.2,false
IC,4113,LG/86,460,RD/86,467,135,13.4,false
IC,4113,RD/86,469,FP/86,477,86,14.7,false
IC,4113,FP/86,477,HB/86,484,86,16.6,false
IC,4113,HB/86,485,AD/86,493,80,15.5,false
IC,4113,AD/86,493,SØ/86,496,80,7.6,false
IC,4113,SØ/86,497,SR/86,501,68,7.5,false
IC,4113,SR/86,501,AB/86,511,68,18.8,false
IC,4113,AB/86,514,ABV/86,516,7,1.2,false
IC,4113,ABV/86,517,LIH/86,519,7,1.8,false
IC,4113,LIH/86,520,ABL/86,524,3,2.5,false
IC,4113,ABL/86,524,End,524,0,0.0,true
IC,4116,Start,325,AB/86,325,0,0.0,true
IC,4116,AB/86,325,OG/86,327,17,4.3,false
IC,4116,OG/86,327,SØ/86,337,17,22.0,false
IC,4116,SØ/86,338,AD/86,342,26,7.6,false
IC,4116,AD/86,342,HB/86,350,26,15.5,false
IC,4116,HB/86,351,FP/86,359,31,16.6,false
IC,4116,FP/86,359,RD/86,365,31,14.7,false
IC,4116,RD/86,367,LG/86,375,61,13.4,false
IC,4116,LG/86,376,HA/86,383,137,13.2,false
IC,4116,HA/86,384,HN/86,389,137,9.3,false
IC,4116,HN/86,389,AR/86,403,137,23.2,false
IC,4116,AR/86,403,End,403,0,0.0,true
IC,4117,Start,495,AR/86,495,0,0.0,true
IC,4117,AR/86,495,BR/86,499,88,6.7,false
IC,4117,BR/86,499,HA/86,511,88,25.8,false
IC,4117,HA/86,512,LG/86,519,88,13.2,false
IC,4117,LG/86,520,RD/86,527,71,13.4,false
IC,4117,RD/86,529,FP/86,537,55,14.7,false
IC,4117,FP/86,537,HB/86,544,55,16.6,false
IC,4117,HB/86,545,AD/86,553,51,15.5,false
IC,4117,AD/86,553,SØ/86,556,51,7.6,false
IC,4117,SØ/86,557,SR/86,561,49,7.5,false
IC,4117,SR/86,561,AB/86,571,49,18.8,false
IC,4117,AB/86,574,ABV/86,576,5,1.2,false
IC,4117,ABV/86,577,LIH/86,579,5,1.8,false
IC,4117,LIH/86,580,ABL/86,584,3,2.5,false
IC,4117,ABL/86,584,End,584,0,0.0,true
IC,412,Start,350,AR/86,350,0,0.0,true
IC,412,AR/86,350,KGV/86,353,87,3.0,false
IC,412,KGV/86,353,SD/86,362,87,19.8,false
IC,412,SD/86,363,HÅ/86,370,127,14.1,false
IC,412,HÅ/86,370,HS/86,377,127,14.5,false
IC,412,HS/86,379,HED/86,386,162,16.3,false
IC,412,HED/86,386,VJ/86,393,162,15.1,false
IC,412,VJ/86,395,BET/86,401,158,10.9,false
IC,412,BET/86,401,FA/86,409,158,14.8,false
IC,412,FA/86,409,End,409,0,0.0,true
IC,4120,Start,368,ABL/86,368,0,0.0,true
IC,4120,ABL/86,368,LIH/86,371,2,2.5,false
IC,4120,LIH/86,372,ABV/86,375,18,1.8,false
IC,4120,ABV/86,376,AB/86,380,18,1.2,false
IC,4120,AB/86,385,OG/86,387,40,4.3,false
IC,4120,OG/86,387,SØ/86,397,40,22.0,false
IC,4120,SØ/86,398,AD/86,402,115,7.6,false
IC,4120,AD/86,402,HB/86,410,115,15.5,false
IC,4120,HB/86,411,FP/86,419,129,16.6,false
IC,4120,FP/86,419,RD/86,425,129,14.7,false
IC,4120,RD/86,427,LG/86,435,201,13.4,false
IC,4120,LG/86,436,HA/86,443,377,13.2,false
IC,4120,HA/86,444,HN/86,449,377,9.3,false
IC,4120,HN/86,449,AR/86,463,377,23.2,false
IC,4120,AR/86,463,End,463,0,0.0,true
IC,4121,Start,555,AR/86,555,0,0.0,true
IC,4121,AR/86,555,BR/86,559,47,6.7,false
IC,4121,BR/86,559,HA/86,571,47,25.8,false
IC,4121,HA/86,572,LG/86,579,47,13.2,false
IC,4121,LG/86,580,RD/86,587,40,13.4,false
IC,4121,RD/86,589,FP/86,597,29,14.7,false
IC,4121,FP/86,597,HB/86,604,29,16.6,false
IC,4121,HB/86,605,AD/86,613,26,15.5,false
IC,4121,AD/86,613,SØ/86,616,26,7.6,false
IC,4121,SØ/86,617,SR/86,621,25,7.5,false
IC,4121,SR/86,621,AB/86,631,25,18.8,false
IC,4121,AB/86,634,ABV/86,636,3,1.2,false
IC,4121,ABV/86,637,LIH/86,639,3,1.8,false
IC,4121,LIH/86,640,ABL/86,644,1,2.5,false
IC,4121,ABL/86,644,End,644,0,0.0,true
IC,4124,Start,428,ABL/86,428,0,0.0,true
IC,4124,ABL/86,428,LIH/86,431,1,2.5,false
IC,4124,LIH/86,432,ABV/86,435,7,1.8,false
IC,4124,ABV/86,436,AB/86,440,7,1.2,false
IC,4124,AB/86,445,OG/86,447,33,4.3,false
IC,4124,OG/86,447,SØ/86,457,33,22.0,false
IC,4124,SØ/86,458,AD/86,462,88,7.6,false
IC,4124,AD/86,462,HB/86,470,88,15.5,false
IC,4124,HB/86,471,FP/86,479,103,16.6,false
IC,4124,FP/86,479,RD/86,485,103,14.7,false
IC,4124,RD/86,487,LG/86,495,151,13.4,false
IC,4124,LG/86,496,HA/86,503,233,13.2,false
IC,4124,HA/86,504,HN/86,509,233,9.3,false
IC,4124,HN/86,509,AR/86,523,233,23.2,false
IC,4124,AR/86,523,End,523,0,0.0,true
IC,4125,Start,615,AR/86,615,0,0.0,true
IC,4125,AR/86,615,BR/86,619,77,6.7,false
IC,4125,BR/86,619,HA/86,631,77,25.8,false
IC,4125,HA/86,632,LG/86,639,77,13.2,false
IC,4125,LG/86,640,RD/86,647,69,13.4,false
IC,4125,RD/86,649,FP/86,657,57,14.7,false
IC,4125,FP/86,657,HB/86,664,57,16.6,false
IC,4125,HB/86,665,AD/86,673,53,15.5,false
IC,4125,AD/86,673,SØ/86,676,53,7.6,false
IC,4125,SØ/86,677,SR/86,681,38,7.5,false
IC,4125,SR/86,681,AB/86,691,38,18.8,false
IC,4125,AB/86,694,ABV/86,696,6,1.2,false
IC,4125,ABV/86,697,LIH/86,699,6,1.8,false
IC,4125,LIH/86,700,ABL/86,704,2,2.5,false
IC,4125,ABL/86,704,End,704,0,0.0,true
IC,4128,Start,488,ABL/86,488,0,0.0,true
IC,4128,ABL/86,488,LIH/86,491,3,2.5,false
IC,4128,LIH/86,492,ABV/86,495,8,1.8,false
IC,4128,ABV/86,496,AB/86,500,8,1.2,false
IC,4128,AB/86,505,OG/86,507,20,4.3,false
IC,4128,OG/86,507,SØ/86,517,20,22.0,false
IC,4128,SØ/86,518,AD/86,522,50,7.6,false
IC,4128,AD/86,522,HB/86,530,50,15.5,false
IC,4128,HB/86,531,FP/86,539,59,16.6,false
IC,4128,FP/86,539,RD/86,545,59,14.7,false
IC,4128,RD/86,547,LG/86,555,80,13.4,false
IC,4128,LG/86,556,HA/86,563,110,13.2,false
IC,4128,HA/86,564,HN/86,569,110,9.3,false
IC,4128,HN/86,569,AR/86,583,110,23.2,false
IC,4128,AR/86,583,End,583,0,0.0,true
IC,4129,Start,675,AR/86,675,0,0.0,true
IC,4129,AR/86,675,BR/86,679,70,6.7,false
IC,4129,BR/86,679,HA/86,691,70,25.8,false
IC,4129,HA/86,692,LG/86,699,70,13.2,false
IC,4129,LG/86,700,RD/86,707,62,13.4,false
IC,4129,RD/86,709,FP/86,717,46,14.7,false
IC,4129,FP/86,717,HB/86,724,46,16.6,false
IC,4129,HB/86,725,AD/86,733,40,15.5,false
IC,4129,AD/86,733,SØ/86,736,40,7.6,false
IC,4129,SØ/86,737,SR/86,741,33,7.5,false
IC,4129,SR/86,741,AB/86,751,33,18.8,false
IC,4129,AB/86,754,ABV/86,756,4,1.2,false
IC,4129,ABV/86,757,LIH/86,759,4,1.8,false
IC,4129,LIH/86,760,ABL/86,764,2,2.5,false
IC,4129,ABL/86,764,End,764,0,0.0,true
IC,413,Start,369,FA/86,369,0,0.0,true
IC,413,FA/86,369,BK/86,375,70,11.9,false
IC,413,BK/86,375,VJ/86,382,70,13.8,false
IC,413,VJ/86,384,HED/86,391,118,15.1,false
IC,413,HED/86,391,HS/86,398,118,16.3,false
IC,413,HS/86,400,HÅ/86,407,161,14.5,false
IC,413,HÅ/86,407,SD/86,414,161,14.1,false
IC,413,SD/86,415,HX/86,420,167,8.5,false
IC,413,HX/86,420,AR/86,428,167,14.3,false
IC,413,AR/86,428,End,428,0,0.0,true
IC,4132,Start,548,ABL/86,548,0,0.0,true
IC,4132,ABL/86,548,LIH/86,551,1,2.5,false
IC,4132,LIH/86,552,ABV/86,555,5,1.8,false
IC,4132,ABV/86,556,AB/86,560,5,1.2,false
IC,4132,AB/86,565,OG/86,567,26,4.3,false
IC,4132,OG/86,567,SØ/86,577,26,22.0,false
IC,4132,SØ/86,578,AD/86,582,42,7.6,false
IC,4132,AD/86,582,HB/86,590,42,15.5,false
IC,4132,HB/86,591,FP/86,599,50,16.6,false
IC,4132,FP/86,599,RD/86,605,50,14.7,false
IC,4132,RD/86,607,LG/86,615,74,13.4,false
IC,4132,LG/86,616,HA/86,623,92,13.2,false
IC,4132,HA/86,624,HN/86,629,92,9.3,false
IC,4132,HN/86,629,AR/86,643,92,23.2,false
IC,4132,AR/86,643,End,643,0,0.0,true
IC,4133,Start,735,AR/86,735,0,0.0,true
IC,4133,AR/86,735,BR/86,739,106,6.7,false
IC,4133,BR/86,739,HA/86,751,106,25.8,false
IC,4133,HA/86,752,LG/86,759,106,13.2,false
IC,4133,LG/86,760,RD/86,767,84,13.4,false
IC,4133,RD/86,769,FP/86,777,57,14.7,false
IC,4133,FP/86,777,HB/86,784,57,16.6,false
IC,4133,HB/86,785,AD/86,793,47,15.5,false
IC,4133,AD/86,793,SØ/86,796,47,7.6,false
IC,4133,SØ/86,797,SR/86,801,35,7.5,false
IC,4133,SR/86,801,AB/86,811,35,18.8,false
IC,4133,AB/86,814,ABV/86,816,7,1.2,false
IC,4133,ABV/86,817,LIH/86,819,7,1.8,false
IC,4133,LIH/86,820,ABL/86,824,3,2.5,false
IC,4133,ABL/86,824,End,824,0,0.0,true
IC,4136,Start,608,ABL/86,608,0,0.0,true
IC,4136,ABL/86,608,LIH/86,611,1,2.5,false
IC,4136,LIH/86,612,ABV/86,615,4,1.8,false
IC,4136,ABV/86,616,AB/86,620,4,1.2,false
IC,4136,AB/86,625,OG/86,627,23,4.3,false
IC,4136,OG/86,627,SØ/86,637,23,22.0,false
IC,4136,SØ/86,638,AD/86,642,51,7.6,false
IC,4136,AD/86,642,HB/86,650,51,15.5,false
IC,4136,HB/86,651,FP/86,659,60,16.6,false
IC,4136,FP/86,659,RD/86,665,60,14.7,false
IC,4136,RD/86,667,LG/86,675,82,13.4,false
IC,4136,LG/86,676,HA/86,683,105,13.2,false
IC,4136,HA/86,684,HN/86,689,105,9.3,false
IC,4136,HN/86,689,AR/86,703,105,23.2,false
IC,4136,AR/86,703,End,703,0,0.0,true
IC,4137,Start,795,AR/86,795,0,0.0,true
IC,4137,AR/86,795,BR/86,799,127,6.7,false
IC,4137,BR/86,799,HA/86,811,127,25.8,false
IC,4137,HA/86,812,LG/86,819,127,13.2,false
IC,4137,LG/86,820,RD/86,827,103,13.4,false
IC,4137,RD/86,829,FP/86,837,77,14.7,false
IC,4137,FP/86,837,HB/86,844,77,16.6,false
IC,4137,HB/86,845,AD/86,853,67,15.5,false
IC,4137,AD/86,853,SØ/86,856,67,7.6,false
IC,4137,SØ/86,857,SR/86,861,47,7.5,false
IC,4137,SR/86,861,AB/86,871,47,18.8,false
IC,4137,AB/86,874,ABV/86,876,7,1.2,false
IC,4137,ABV/86,877,LIH/86,879,7,1.8,false
IC,4137,LIH/86,880,ABL/86,884,3,2.5,false
IC,4137,ABL/86,884,End,884,0,0.0,true
IC,4140,Start,668,ABL/86,668,0,0.0,true
IC,4140,ABL/86,668,LIH/86,671,1,2.5,false
IC,4140,LIH/86,672,ABV/86,675,4,1.8,false
IC,4140,ABV/86,676,AB/86,680,4,1.2,false
IC,4140,AB/86,685,OG/86,687,40,4.3,false
IC,4140,OG/86,687,SØ/86,697,40,22.0,false
IC,4140,SØ/86,698,AD/86,702,58,7.6,false
IC,4140,AD/86,702,HB/86,710,58,15.5,false
IC,4140,HB/86,711,FP/86,719,67,16.6,false
IC,4140,FP/86,719,RD/86,725,67,14.7,false
IC,4140,RD/86,727,LG/86,735,90,13.4,false
IC,4140,LG/86,736,HA/86,743,103,13.2,false
IC,4140,HA/86,744,HN/86,749,103,9.3,false
IC,4140,HN/86,749,AR/86,763,103,23.2,false
IC,4140,AR/86,763,End,763,0,0.0,true
IC,4141,Start,855,AR/86,855,0,0.0,true
IC,4141,AR/86,855,BR/86,859,150,6.7,false
IC,4141,BR/86,859,HA/86,871,150,25.8,false
IC,4141,HA/86,872,LG/86,879,150,13.2,false
IC,4141,LG/86,880,RD/86,887,103,13.4,false
IC,4141,RD/86,889,FP/86,897,67,14.7,false
IC,4141,FP/86,897,HB/86,904,67,16.6,false
IC,4141,HB/86,905,AD/86,913,60,15.5,false
IC,4141,AD/86,913,SØ/86,916,60,7.6,false
IC,4141,SØ/86,917,SR/86,921,29,7.5,false
IC,4141,SR/86,921,AB/86,931,29,18.8,false
IC,4141,AB/86,934,ABV/86,936,10,1.2,false
IC,4141,ABV/86,937,LIH/86,939,10,1.8,false
IC,4141,LIH/86,940,ABL/86,944,5,2.5,false
IC,4141,ABL/86,944,End,944,0,0.0,true
IC,4144,Start,728,ABL/86,728,0,0.0,true
IC,4144,ABL/86,728,LIH/86,731,1,2.5,false
IC,4144,LIH/86,732,ABV/86,735,5,1.8,false
IC,4144,ABV/86,736,AB/86,740,5,1.2,false
IC,4144,AB/86,745,OG/86,747,30,4.3,false
IC,4144,OG/86,747,SØ/86,757,30,22.0,false
IC,4144,SØ/86,758,AD/86,762,46,7.6,false
IC,4144,AD/86,762,HB/86,770,46,15.5,false
IC,4144,HB/86,771,FP/86,779,57,16.6,false
IC,4144,FP/86,779,RD/86,785,57,14.7,false
IC,4144,RD/86,787,LG/86,795,73,13.4,false
IC,4144,LG/86,796,HA/86,803,99,13.2,false
IC,4144,HA/86,804,HN/86,809,99,9.3,false
IC,4144,HN/86,809,AR/86,823,99,23.2,false
IC,4144,AR/86,823,End,823,0,0.0,true
IC,4145,Start,915,AR/86,915,0,0.0,true
IC,4145,AR/86,915,BR/86,919,279,6.7,false
IC,4145,BR/86,919,HA/86,931,279,25.8,false
IC,4145,HA/86,932,LG/86,939,279,13.2,false
IC,4145,LG/86,940,RD/86,947,182,13.4,false
IC,4145,RD/86,949,FP/86,957,105,14.7,false
IC,4145,FP/86,957,HB/86,964,105,16.6,false
IC,4145,HB/86,965,AD/86,973,88,15.5,false
IC,4145,AD/86,973,SØ/86,976,88,7.6,false
IC,4145,SØ/86,977,SR/86,981,45,7.5,false
IC,4145,SR/86,981,AB/86,991,45,18.8,false
IC,4145,AB/86,994,ABV/86,996,8,1.2,false
IC,4145,ABV/86,997,LIH/86,999,8,1.8,false
IC,4145,LIH/86,1000,ABL/86,1004,4,2.5,false
IC,4145,ABL/86,1004,End,1004,0,0.0,true
IC,4148,Start,788,ABL/86,788,0,0.0,true
IC,4148,ABL/86,788,LIH/86,791,2,2.5,false
IC,4148,LIH/86,792,ABV/86,795,5,1.8,false
IC,4148,ABV/86,796,AB/86,800,5,1.2,false
IC,4148,AB/86,805,OG/86,807,49,4.3,false
IC,4148,OG/86,807,SØ/86,817,49,22.0,false
IC,4148,SØ/86,818,AD/86,822,62,7.6,false
IC,4148,AD/86,822,HB/86,830,62,15.5,false
IC,4148,HB/86,831,FP/86,839,69,16.6,false
IC,4148,FP/86,839,RD/86,845,69,14.7,false
IC,4148,RD/86,847,LG/86,855,93,13.4,false
IC,4148,LG/86,856,HA/86,863,112,13.2,false
IC,4148,HA/86,864,HN/86,869,112,9.3,false
IC,4148,HN/86,869,AR/86,883,112,23.2,false
IC,4148,AR/86,883,End,883,0,0.0,true
IC,4149,Start,975,AR/86,975,0,0.0,true
IC,4149,AR/86,975,BR/86,979,302,6.7,false
IC,4149,BR/86,979,HA/86,991,302,25.8,false
IC,4149,HA/86,992,LG/86,999,302,13.2,false
IC,4149,LG/86,1000,RD/86,1007,204,13.4,false
IC,4149,RD/86,1009,FP/86,1017,112,14.7,false
IC,4149,FP/86,1017,HB/86,1024,112,16.6,false
IC,4149,HB/86,1025,AD/86,1033,93,15.5,false
IC,4149,AD/86,1033,SØ/86,1036,93,7.6,false
IC,4149,SØ/86,1037,SR/86,1041,44,7.5,false
IC,4149,SR/86,1041,AB/86,1051,44,18.8,false
IC,4149,AB/86,1054,ABV/86,1056,6,1.2,false
IC,4149,ABV/86,1057,LIH/86,1059,6,1.8,false
IC,4149,LIH/86,1060,ABL/86,1064,2,2.5,false
IC,4149,ABL/86,1064,End,1064,0,0.0,true
IC,4152,Start,848,ABL/86,848,0,0.0,true
IC,4152,ABL/86,848,LIH/86,851,3,2.5,false
IC,4152,LIH/86,852,ABV/86,855,5,1.8,false
IC,4152,ABV/86,856,AB/86,860,5,1.2,false
IC,4152,AB/86,865,OG/86,867,43,4.3,false
IC,4152,OG/86,867,SØ/86,877,43,22.0,false
IC,4152,SØ/86,878,AD/86,882,60,7.6,false
IC,4152,AD/86,882,HB/86,890,60,15.5,false
IC,4152,HB/86,891,FP/86,899,66,16.6,false
IC,4152,FP/86,899,RD/86,905,66,14.7,false
IC,4152,RD/86,907,LG/86,915,82,13.4,false
IC,4152,LG/86,916,HA/86,923,108,13.2,false
IC,4152,HA/86,924,HN/86,929,108,9.3,false
IC,4152,HN/86,929,AR/86,943,108,23.2,false
IC,4152,AR/86,943,End,943,0,0.0,true
IC,4153,Start,1035,AR/86,1035,0,0.0,true
IC,4153,AR/86,1035,BR/86,1039,161,6.7,false
IC,4153,BR/86,1039,HA/86,1051,161,25.8,false
IC,4153,HA/86,1052,LG/86,1059,161,13.2,false
IC,4153,LG/86,1060,RD/86,1067,123,13.4,false
IC,4153,RD/86,1069,FP/86,1077,86,14.7,false
IC,4153,FP/86,1077,HB/86,1084,86,16.6,false
IC,4153,HB/86,1085,AD/86,1093,75,15.5,false
IC,4153,AD/86,1093,SØ/86,1096,75,7.6,false
IC,4153,SØ/86,1097,SR/86,1101,51,7.5,false
IC,4153,SR/86,1101,AB/86,1111,51,18.8,false
IC,4153,AB/86,1114,ABV/86,1116,7,1.2,false
IC,4153,ABV/86,1117,LIH/86,1119,7,1.8,false
IC,4153,LIH/86,1120,ABL/86,1124,3,2.5,false
IC,4153,ABL/86,1124,End,1124,0,0.0,true
IC,4156,Start,908,ABL/86,908,0,0.0,true
IC,4156,ABL/86,908,LIH/86,911,2,2.5,false
IC,4156,LIH/86,912,ABV/86,915,7,1.8,false
IC,4156,ABV/86,916,AB/86,920,7,1.2,false
IC,4156,AB/86,925,OG/86,927,82,4.3,false
IC,4156,OG/86,927,SØ/86,937,82,22.0,false
IC,4156,SØ/86,938,AD/86,942,84,7.6,false
IC,4156,AD/86,942,HB/86,950,84,15.5,false
IC,4156,HB/86,951,FP/86,959,89,16.6,false
IC,4156,FP/86,959,RD/86,965,89,14.7,false
IC,4156,RD/86,967,LG/86,975,113,13.4,false
IC,4156,LG/86,976,HA/86,983,142,13.2,false
IC,4156,HA/86,984,HN/86,989,142,9.3,false
IC,4156,HN/86,989,AR/86,1003,142,23.2,false
IC,4156,AR/86,1003,End,1003,0,0.0,true
IC,4157,Start,1095,AR/86,1095,0,0.0,true
IC,4157,AR/86,1095,BR/86,1099,61,6.7,false
IC,4157,BR/86,1099,HA/86,1111,61,25.8,false
IC,4157,HA/86,1112,LG/86,1119,61,13.2,false
IC,4157,LG/86,1120,RD/86,1127,47,13.4,false
IC,4157,RD/86,1129,FP/86,1137,36,14.7,false
IC,4157,FP/86,1137,HB/86,1144,36,16.6,false
IC,4157,HB/86,1145,AD/86,1153,33,15.5,false
IC,4157,AD/86,1153,SØ/86,1156,33,7.6,false
IC,4157,SØ/86,1157,SR/86,1161,31,7.5,false
IC,4157,SR/86,1161,AB/86,1171,31,18.8,false
IC,4157,AB/86,1174,ABV/86,1176,12,1.2,false
IC,4157,ABV/86,1177,LIH/86,1179,12,1.8,false
IC,4157,LIH/86,1180,ABL/86,1184,6,2.5,false
IC,4157,ABL/86,1184,End,1184,0,0.0,true
IC,416,Start,410,AR/86,410,0,0.0,true
IC,416,AR/86,410,KGV/86,412,221,3.0,false
IC,416,KGV/86,412,SD/86,422,221,19.8,false
IC,416,SD/86,423,HÅ/86,430,232,14.1,false
IC,416,HÅ/86,430,HS/86,437,232,14.5,false
IC,416,HS/86,439,HED/86,446,239,16.3,false
IC,416,HED/86,446,VJ/86,453,239,15.1,false
IC,416,VJ/86,455,BET/86,461,204,10.9,false
IC,416,BET/86,461,FA/86,469,204,14.8,false
IC,416,FA/86,469,End,469,0,0.0,true
IC,4160,Start,968,ABL/86,968,0,0.0,true
IC,4160,ABL/86,968,LIH/86,971,3,2.5,false
IC,4160,LIH/86,972,ABV/86,975,5,1.8,false
IC,4160,ABV/86,976,AB/86,980,5,1.2,false
IC,4160,AB/86,985,OG/86,987,61,4.3,false
IC,4160,OG/86,987,SØ/86,997,61,22.0,false
IC,4160,SØ/86,998,AD/86,1002,78,7.6,false
IC,4160,AD/86,1002,HB/86,1010,78,15.5,false
IC,4160,HB/86,1011,FP/86,1019,84,16.6,false
IC,4160,FP/86,1019,RD/86,1025,84,14.7,false
IC,4160,RD/86,1027,LG/86,1035,98,13.4,false
IC,4160,LG/86,1036,HA/86,1043,113,13.2,false
IC,4160,HA/86,1044,HN/86,1049,113,9.3,false
IC,4160,HN/86,1049,AR/86,1063,113,23.2,false
IC,4160,AR/86,1063,End,1063,0,0.0,true
IC,4161,Start,1155,AR/86,1155,0,0.0,true
IC,4161,AR/86,1155,BR/86,1159,55,6.7,false
IC,4161,BR/86,1159,HA/86,1171,55,25.8,false
IC,4161,HA/86,1172,LG/86,1179,55,13.2,false
IC,4161,LG/86,1180,RD/86,1187,46,13.4,false
IC,4161,RD/86,1189,FP/86,1197,36,14.7,false
IC,4161,FP/86,1197,HB/86,1204,36,16.6,false
IC,4161,HB/86,1205,AD/86,1213,31,15.5,false
IC,4161,AD/86,1213,SØ/86,1216,31,7.6,false
IC,4161,SØ/86,1217,SR/86,1221,31,7.5,false
IC,4161,SR/86,1221,AB/86,1231,31,18.8,false
IC,4161,AB/86,1234,ABV/86,1236,16,1.2,false
IC,4161,ABV/86,1237,LIH/86,1239,16,1.8,false
IC,4161,LIH/86,1240,ABL/86,1244,9,2.5,false
IC,4161,ABL/86,1244,End,1244,0,0.0,true
IC,4164,Start,1028,ABL/86,1028,0,0.0,true
IC,4164,ABL/86,1028,LIH/86,1031,4,2.5,false
IC,4164,LIH/86,1032,ABV/86,1035,6,1.8,false
IC,4164,ABV/86,1036,AB/86,1040,6,1.2,false
IC,4164,AB/86,1045,OG/86,1047,52,4.3,false
IC,4164,OG/86,1047,SØ/86,1057,52,22.0,false
IC,4164,SØ/86,1058,AD/86,1062,65,7.6,false
IC,4164,AD/86,1062,HB/86,1070,65,15.5,false
IC,4164,HB/86,1071,FP/86,1079,73,16.6,false
IC,4164,FP/86,1079,RD/86,1085,73,14.7,false
IC,4164,RD/86,1087,LG/86,1095,83,13.4,false
IC,4164,LG/86,1096,HA/86,1103,94,13.2,false
IC,4164,HA/86,1104,HN/86,1109,94,9.3,false
IC,4164,HN/86,1109,AR/86,1123,94,23.2,false
IC,4164,AR/86,1123,End,1123,0,0.0,true
IC,4165,Start,1215,AR/86,1215,0,0.0,true
IC,4165,AR/86,1215,BR/86,1219,55,6.7,false
IC,4165,BR/86,1219,HA/86,1231,55,25.8,false
IC,4165,HA/86,1232,LG/86,1239,55,13.2,false
IC,4165,LG/86,1240,RD/86,1247,44,13.4,false
IC,4165,RD/86,1249,FP/86,1257,44,14.7,false
IC,4165,FP/86,1257,HB/86,1264,44,16.6,false
IC,4165,HB/86,1265,AD/86,1273,30,15.5,false
IC,4165,AD/86,1273,SØ/86,1276,30,7.6,false
IC,4165,SØ/86,1277,SR/86,1281,30,7.5,false
IC,4165,SR/86,1281,AB/86,1291,30,18.8,false
IC,4165,AB/86,1294,ABV/86,1296,8,1.2,false
IC,4165,ABV/86,1297,LIH/86,1299,8,1.8,false
IC,4165,LIH/86,1300,ABL/86,1304,4,2.5,false
IC,4165,ABL/86,1304,End,1304,0,0.0,true
IC,4168,Start,1088,ABL/86,1088,0,0.0,true
IC,4168,ABL/86,1088,LIH/86,1091,3,2.5,false
IC,4168,LIH/86,1092,ABV/86,1095,5,1.8,false
IC,4168,ABV/86,1096,AB/86,1100,5,1.2,false
IC,4168,AB/86,1105,OG/86,1107,20,4.3,false
IC,4168,OG/86,1107,SØ/86,1117,20,22.0,false
IC,4168,SØ/86,1118,AD/86,1122,20,7.6,false
IC,4168,AD/86,1122,HB/86,1130,20,15.5,false
IC,4168,HB/86,1131,FP/86,1139,23,16.6,false
IC,4168,FP/86,1139,RD/86,1145,23,14.7,false
IC,4168,RD/86,1147,LG/86,1155,25,13.4,false
IC,4168,LG/86,1156,HA/86,1163,26,13.2,false
IC,4168,HA/86,1164,HN/86,1169,26,9.3,false
IC,4168,HN/86,1169,AR/86,1183,26,23.2,false
IC,4168,AR/86,1183,End,1183,0,0.0,true
RV,4169,Start,1354,AB/86,1354,0,0.0,true
RV,4169,AB/86,1354,ABV/86,1356,1,1.2,false
RV,4169,ABV/86,1357,LIH/86,1359,1,1.8,false
RV,4169,LIH/86,1360,ABL/86,1364,1,2.5,false
RV,4169,ABL/86,1364,End,1364,0,0.0,true
IC,417,Start,429,FA/86,429,0,0.0,true
IC,417,FA/86,429,BK/86,435,184,11.9,false
IC,417,BK/86,435,VJ/86,442,184,13.8,false
IC,417,VJ/86,444,HED/86,451,203,15.1,false
IC,417,HED/86,451,HS/86,458,203,16.3,false
IC,417,HS/86,460,HÅ/86,467,213,14.5,false
IC,417,HÅ/86,467,SD/86,474,213,14.1,false
IC,417,SD/86,475,HX/86,480,197,8.5,false
IC,417,HX/86,480,AR/86,488,197,14.3,false
IC,417,AR/86,488,End,488,0,0.0,true
IC,4171,Start,1305,AR/86,1305,0,0.0,true
IC,4171,AR/86,1305,BR/86,1309,49,6.7,false
IC,4171,BR/86,1309,HA/86,1321,49,25.8,false
IC,4171,HA/86,1322,LG/86,1329,49,13.2,false
IC,4171,LG/86,1330,RD/86,1337,45,13.4,false
IC,4171,RD/86,1339,FP/86,1346,34,14.7,false
IC,4171,FP/86,1346,HB/86,1353,34,16.6,false
IC,4171,HB/86,1354,AD/86,1361,25,15.5,false
IC,4171,AD/86,1361,SØ/86,1365,25,7.6,false
IC,4171,SØ/86,1366,SR/86,1370,23,7.5,false
IC,4171,SR/86,1370,AB/86,1379,23,18.8,false
IC,4171,AB/86,1379,End,1379,0,0.0,true
IC,4172,Start,1148,ABL/86,1148,0,0.0,true
IC,4172,ABL/86,1148,LIH/86,1151,3,2.5,false
IC,4172,LIH/86,1152,ABV/86,1155,5,1.8,false
IC,4172,ABV/86,1156,AB/86,1160,5,1.2,false
IC,4172,AB/86,1165,OG/86,1167,14,4.3,false
IC,4172,OG/86,1167,SØ/86,1177,14,22.0,false
IC,4172,SØ/86,1178,AD/86,1182,12,7.6,false
IC,4172,AD/86,1182,HB/86,1190,12,15.5,false
IC,4172,HB/86,1191,FP/86,1199,15,16.6,false
IC,4172,FP/86,1199,RD/86,1205,15,14.7,false
IC,4172,RD/86,1207,LG/86,1215,24,13.4,false
IC,4172,LG/86,1216,HA/86,1223,31,13.2,false
IC,4172,HA/86,1224,HN/86,1229,31,9.3,false
IC,4172,HN/86,1229,AR/86,1243,31,23.2,false
IC,4172,AR/86,1243,End,1243,0,0.0,true
IC,4175,Start,1365,AR/86,1365,0,0.0,true
IC,4175,AR/86,1365,BR/86,1369,25,6.7,false
IC,4175,BR/86,1369,HA/86,1381,25,25.8,false
IC,4175,HA/86,1382,LG/86,1389,25,13.2,false
IC,4175,LG/86,1390,RD/86,1397,24,13.4,false
IC,4175,RD/86,1399,FP/86,1406,15,14.7,false
IC,4175,FP/86,1406,HB/86,1413,15,16.6,false
IC,4175,HB/86,1414,AD/86,1421,12,15.5,false
IC,4175,AD/86,1421,SØ/86,1425,12,7.6,false
IC,4175,SØ/86,1426,SR/86,1430,12,7.5,false
IC,4175,SR/86,1430,AB/86,1439,12,18.8,false
IC,4175,AB/86,1439,End,1439,0,0.0,true
IC,4176,Start,1208,ABL/86,1208,0,0.0,true
IC,4176,ABL/86,1208,LIH/86,1211,7,2.5,false
IC,4176,LIH/86,1212,ABV/86,1215,12,1.8,false
IC,4176,ABV/86,1216,AB/86,1220,12,1.2,false
IC,4176,AB/86,1225,OG/86,1227,53,4.3,false
IC,4176,OG/86,1227,SØ/86,1237,53,22.0,false
IC,4176,SØ/86,1238,AD/86,1242,51,7.6,false
IC,4176,AD/86,1242,HB/86,1250,51,15.5,false
IC,4176,HB/86,1251,FP/86,1259,61,16.6,false
IC,4176,FP/86,1259,RD/86,1265,61,14.7,false
IC,4176,RD/86,1267,LG/86,1275,63,13.4,false
IC,4176,LG/86,1276,HA/86,1283,60,13.2,false
IC,4176,HA/86,1284,HN/86,1289,60,9.3,false
IC,4176,HN/86,1289,AR/86,1303,60,23.2,false
IC,4176,AR/86,1303,End,1303,0,0.0,true
IC,4178,Start,1268,ABL/86,1268,0,0.0,true
IC,4178,ABL/86,1268,LIH/86,1271,9,2.5,false
IC,4178,LIH/86,1272,ABV/86,1275,10,1.8,false
IC,4178,ABV/86,1276,AB/86,1280,10,1.2,false
IC,4178,AB/86,1280,End,1280,0,0.0,true
IC,4179,Start,1425,AR/86,1425,0,0.0,true
IC,4179,AR/86,1425,BR/86,1429,10,6.7,false
IC,4179,BR/86,1429,HA/86,1441,10,25.8,false
IC,4179,HA/86,1442,LG/86,1449,10,13.2,false
IC,4179,LG/86,1450,RD/86,1457,11,13.4,false
IC,4179,RD/86,1459,FP/86,1466,9,14.7,false
IC,4179,FP/86,1466,HB/86,1473,9,16.6,false
IC,4179,HB/86,1474,AD/86,1481,6,15.5,false
IC,4179,AD/86,1481,SØ/86,1485,6,7.6,false
IC,4179,SØ/86,1486,SR/86,1490,6,7.5,false
IC,4179,SR/86,1490,AB/86,1499,6,18.8,false
IC,4179,AB/86,1499,End,1499,0,0.0,true
IC,4180,Start,1285,AB/86,1285,0,0.0,true
IC,4180,AB/86,1285,OG/86,1287,25,4.3,false
IC,4180,OG/86,1287,SØ/86,1297,25,22.0,false
IC,4180,SØ/86,1298,AD/86,1302,23,7.6,false
IC,4180,AD/86,1302,HB/86,1310,23,15.5,false
IC,4180,HB/86,1311,FP/86,1319,28,16.6,false
IC,4180,FP/86,1319,RD/86,1325,28,14.7,false
IC,4180,RD/86,1327,LG/86,1335,30,13.4,false
IC,4180,LG/86,1336,HA/86,1343,30,13.2,false
IC,4180,HA/86,1344,HN/86,1349,30,9.3,false
IC,4180,HN/86,1349,AR/86,1363,30,23.2,false
IC,4180,AR/86,1363,End,1363,0,0.0,true
IC,4184,Start,1328,ABL/86,1328,0,0.0,true
IC,4184,ABL/86,1328,LIH/86,1331,2,2.5,false
IC,4184,LIH/86,1332,ABV/86,1335,2,1.8,false
IC,4184,ABV/86,1336,AB/86,1340,2,1.2,false
IC,4184,AB/86,1345,OG/86,1347,14,4.3,false
IC,4184,OG/86,1347,SØ/86,1357,14,22.0,false
IC,4184,SØ/86,1358,AD/86,1362,13,7.6,false
IC,4184,AD/86,1362,HB/86,1370,13,15.5,false
IC,4184,HB/86,1371,FP/86,1379,15,16.6,false
IC,4184,FP/86,1379,RD/86,1385,15,14.7,false
IC,4184,RD/86,1387,LG/86,1395,15,13.4,false
IC,4184,LG/86,1396,HA/86,1403,16,13.2,false
IC,4184,HA/86,1404,HN/86,1409,16,9.3,false
IC,4184,HN/86,1409,AR/86,1423,16,23.2,false
IC,4184,AR/86,1423,End,1423,0,0.0,true
IC,4190,Start,1378,ABL/86,1378,0,0.0,true
IC,4190,ABL/86,1378,LIH/86,1381,2,2.5,false
IC,4190,LIH/86,1382,ABV/86,1385,3,1.8,false
IC,4190,ABV/86,1386,AB/86,1390,3,1.2,false
IC,4190,AB/86,1395,OG/86,1397,7,4.3,false
IC,4190,OG/86,1397,SØ/86,1407,7,22.0,false
IC,4190,SØ/86,1408,AD/86,1412,6,7.6,false
IC,4190,AD/86,1412,HB/86,1420,6,15.5,false
IC,4190,HB/86,1421,FP/86,1429,20,16.6,false
IC,4190,FP/86,1429,RD/86,1435,20,14.7,false
IC,4190,RD/86,1437,LG/86,1445,19,13.4,false
IC,4190,LG/86,1446,HA/86,1453,19,13.2,false
IC,4190,HA/86,1454,HN/86,1459,19,9.3,false
IC,4190,HN/86,1459,AR/86,1473,19,23.2,false
IC,4190,AR/86,1473,End,1473,0,0.0,true
IC,4192,Start,25,AB/86,25,0,0.0,true
IC,4192,AB/86,25,OG/86,27,2,4.3,false
IC,4192,OG/86,27,SØ/86,37,2,22.0,false
IC,4192,SØ/86,38,AD/86,42,2,7.6,false
IC,4192,AD/86,42,HB/86,50,2,15.5,false
IC,4192,HB/86,51,FP/86,59,1,16.6,false
IC,4192,FP/86,59,RD/86,65,1,14.7,false
IC,4192,RD/86,67,LG/86,75,2,13.4,false
IC,4192,LG/86,76,HA/86,83,4,13.2,false
IC,4192,HA/86,84,HN/86,89,4,9.3,false
IC,4192,HN/86,89,AR/86,103,4,23.2,false
IC,4192,AR/86,103,End,103,0,0.0,true
L,42,Start,800,AR/86,800,0,0.0,true
L,42,AR/86,800,KGV/86,803,235,3.0,false
L,42,KGV/86,803,SD/86,812,235,19.8,false
L,42,SD/86,814,HÅ/86,821,248,14.1,false
L,42,HÅ/86,821,HS/86,827,248,14.5,false
L,42,HS/86,829,HED/86,837,267,16.3,false
L,42,HED/86,837,VJ/86,844,267,15.1,false
L,42,VJ/86,846,BET/86,851,298,10.9,false
L,42,BET/86,851,FA/86,861,298,14.8,false
L,42,FA/86,867,SNO/86,869,336,4.3,true
L,42,SNO/86,869,OD/86,894,336,56.0,true
L,42,OD/86,897,MV/86,902,419,9.3,true
L,42,MV/86,902,KH/86,966,419,148.8,true
L,42,KH/86,978,BAN/86,981,47,2.4,true
L,42,BAN/86,981,CPH/86,992,47,9.4,true
L,42,CPH/86,992,End,992,0,0.0,true
RØ,4202,Start,265,NÆ/86,265,0,0.0,true
RØ,4202,NÆ/86,265,GZ/86,273,21,14.8,true
RØ,4202,GZ/86,274,RG/86,280,21,12.0,true
RØ,4202,RG/86,281,KY/86,285,58,7.3,true
RØ,4202,KY/86,285,BO/86,289,58,6.9,true
RØ,4202,BO/86,290,VY/86,295,58,7.2,true
RØ,4202,VY/86,296,RO/86,302,58,11.2,true
RØ,4202,RO/86,304,TRK/86,306,106,3.1,true
RØ,4202,TRK/86,307,HH/86,310,106,4.0,true
RØ,4202,HH/86,311,HTÅ/86,315,106,4.7,true
RØ,4202,HTÅ/86,316,GL/86,320,103,8.3,true
RØ,4202,GL/86,320,VAL/86,324,103,7.3,true
RØ,4202,VAL/86,325,KH/86,331,103,3.9,true
RØ,4202,KH/86,337,KN/86,339,36,1.5,true
RØ,4202,KN/86,340,KK/86,343,36,1.6,true
RØ,4202,KK/86,344,HGL/86,346,28,2.1,true
RØ,4202,HGL/86,346,HL/86,349,28,2.6,true
RØ,4202,HL/86,350,KL/86,354,28,5.5,true
RØ,4202,KL/86,355,SÅ/86,359,28,5.5,true
RØ,4202,SÅ/86,360,VB/86,363,28,3.3,true
RØ,4202,VB/86,364,RU/86,367,28,4.0,true
RØ,4202,RU/86,368,OK/86,371,28,3.0,true
RØ,4202,OK/86,372,NI/86,375,28,3.4,true
RØ,4202,NI/86,376,HUM/86,379,15,3.8,true
RØ,4202,HUM/86,380,GÆ/86,383,15,3.7,true
RØ,4202,GÆ/86,384,SQ/86,387,15,2.7,true
RØ,4202,SQ/86,388,HG/86,392,15,3.5,true
RØ,4202,HG/86,392,End,392,0,0.0,true
RØ,4204,Start,310,VO/86,310,0,0.0,true
RØ,4204,VO/86,310,LU/86,316,47,11.4,true
RØ,4204,LU/86,317,MOG/86,322,47,7.5,true
RØ,4204,MOG/86,322,NÆ/86,326,47,8.5,true
RØ,4204,NÆ/86,328,GZ/86,336,109,14.8,true
RØ,4204,GZ/86,337,RG/86,343,109,12.0,true
RØ,4204,RG/86,344,KY/86,348,170,7.3,true
RØ,4204,KY/86,348,BO/86,352,170,6.9,true
RØ,4204,BO/86,353,VY/86,358,170,7.2,true
RØ,4204,VY/86,359,RO/86,365,170,11.2,true
RØ,4204,RO/86,367,TRK/86,369,222,3.1,true
RØ,4204,TRK/86,370,HH/86,373,222,4.0,true
RØ,4204,HH/86,374,HTÅ/86,378,222,4.7,true
RØ,4204,HTÅ/86,379,GL/86,383,198,8.3,true
RØ,4204,GL/86,383,VAL/86,387,198,7.3,true
RØ,4204,VAL/86,388,KH/86,394,198,3.9,true
RØ,4204,KH/86,397,KN/86,399,80,1.5,true
RØ,4204,KN/86,400,KK/86,403,80,1.6,true
RØ,4204,KK/86,404,HGL/86,406,55,2.1,true
RØ,4204,HGL/86,406,HL/86,409,55,2.6,true
RØ,4204,HL/86,410,KL/86,414,55,5.5,true
RØ,4204,KL/86,415,SÅ/86,419,55,5.5,true
RØ,4204,SÅ/86,420,VB/86,423,55,3.3,true
RØ,4204,VB/86,424,RU/86,427,55,4.0,true
RØ,4204,RU/86,428,OK/86,431,55,3.0,true
RØ,4204,OK/86,432,NI/86,435,55,3.4,true
RØ,4204,NI/86,436,HUM/86,439,28,3.8,true
RØ,4204,HUM/86,440,GÆ/86,443,28,3.7,true
RØ,4204,GÆ/86,444,SQ/86,447,28,2.7,true
RØ,4204,SQ/86,448,HG/86,452,28,3.5,true
RØ,4204,HG/86,452,End,452,0,0.0,true
RØ,4206,Start,370,VO/86,370,0,0.0,true
RØ,4206,VO/86,370,LU/86,376,37,11.4,true
RØ,4206,LU/86,377,MOG/86,382,37,7.5,true
RØ,4206,MOG/86,382,NÆ/86,386,37,8.5,true
RØ,4206,NÆ/86,388,GZ/86,396,138,14.8,true
RØ,4206,GZ/86,397,RG/86,403,138,12.0,true
RØ,4206,RG/86,404,KY/86,408,323,7.3,true
RØ,4206,KY/86,408,BO/86,412,323,6.9,true
RØ,4206,BO/86,413,VY/86,418,323,7.2,true
RØ,4206,VY/86,419,RO/86,425,323,11.2,true
RØ,4206,RO/86,427,TRK/86,429,463,3.1,true
RØ,4206,TRK/86,430,HH/86,433,463,4.0,true
RØ,4206,HH/86,434,HTÅ/86,438,463,4.7,true
RØ,4206,HTÅ/86,439,GL/86,443,429,8.3,true
RØ,4206,GL/86,443,VAL/86,447,429,7.3,true
RØ,4206,VAL/86,448,KH/86,454,429,3.9,true
RØ,4206,KH/86,457,KN/86,459,136,1.5,true
RØ,4206,KN/86,460,KK/86,463,136,1.6,true
RØ,4206,KK/86,464,HGL/86,466,89,2.1,true
RØ,4206,HGL/86,466,HL/86,469,89,2.6,true
RØ,4206,HL/86,470,KL/86,474,89,5.5,true
RØ,4206,KL/86,475,SÅ/86,479,89,5.5,true
RØ,4206,SÅ/86,480,VB/86,483,89,3.3,true
RØ,4206,VB/86,484,RU/86,487,89,4.0,true
RØ,4206,RU/86,488,OK/86,491,89,3.0,true
RØ,4206,OK/86,492,NI/86,495,89,3.4,true
RØ,4206,NI/86,496,HUM/86,499,59,3.8,true
RØ,4206,HUM/86,500,GÆ/86,503,59,3.7,true
RØ,4206,GÆ/86,504,SQ/86,507,59,2.7,true
RØ,4206,SQ/86,508,HG/86,512,59,3.5,true
RØ,4206,HG/86,512,End,512,0,0.0,true
IC,421,Start,489,FA/86,489,0,0.0,true
IC,421,FA/86,489,BK/86,495,138,11.9,false
IC,421,BK/86,495,VJ/86,502,138,13.8,false
IC,421,VJ/86,504,HED/86,511,128,15.1,false
IC,421,HED/86,511,HS/86,518,128,16.3,false
IC,421,HS/86,520,HÅ/86,527,126,14.5,false
IC,421,HÅ/86,527,SD/86,534,126,14.1,false
IC,421,SD/86,535,HX/86,540,119,8.5,false
IC,421,HX/86,540,AR/86,548,119,14.3,false
IC,421,AR/86,548,End,548,0,0.0,true
RØ,4210,Start,448,NÆ/86,448,0,0.0,true
RØ,4210,NÆ/86,448,GZ/86,456,178,14.8,true
RØ,4210,GZ/86,457,RG/86,463,178,12.0,true
RØ,4210,RG/86,464,KY/86,468,367,7.3,true
RØ,4210,KY/86,468,BO/86,472,367,6.9,true
RØ,4210,BO/86,473,VY/86,478,367,7.2,true
RØ,4210,VY/86,479,RO/86,485,367,11.2,true
RØ,4210,RO/86,487,TRK/86,489,520,3.1,true
RØ,4210,TRK/86,490,HH/86,493,520,4.0,true
RØ,4210,HH/86,494,HTÅ/86,498,520,4.7,true
RØ,4210,HTÅ/86,499,GL/86,503,499,8.3,true
RØ,4210,GL/86,503,VAL/86,507,499,7.3,true
RØ,4210,VAL/86,508,KH/86,514,499,3.9,true
RØ,4210,KH/86,517,KN/86,519,160,1.5,true
RØ,4210,KN/86,520,KK/86,523,160,1.6,true
RØ,4210,KK/86,524,HGL/86,526,95,2.1,true
RØ,4210,HGL/86,526,HL/86,529,95,2.6,true
RØ,4210,HL/86,530,KL/86,534,95,5.5,true
RØ,4210,KL/86,535,SÅ/86,539,95,5.5,true
RØ,4210,SÅ/86,540,VB/86,543,95,3.3,true
RØ,4210,VB/86,544,RU/86,547,95,4.0,true
RØ,4210,RU/86,548,OK/86,551,95,3.0,true
RØ,4210,OK/86,552,NI/86,555,95,3.4,true
RØ,4210,NI/86,556,HUM/86,559,56,3.8,true
RØ,4210,HUM/86,560,GÆ/86,563,56,3.7,true
RØ,4210,GÆ/86,564,SQ/86,567,56,2.7,true
RØ,4210,SQ/86,568,HG/86,572,56,3.5,true
RØ,4210,HG/86,572,End,572,0,0.0,true
RØ,4214,Start,508,NÆ/86,508,0,0.0,true
RØ,4214,NÆ/86,508,GZ/86,516,72,14.8,true
RØ,4214,GZ/86,517,RG/86,523,72,12.0,true
RØ,4214,RG/86,524,KY/86,528,135,7.3,true
RØ,4214,KY/86,528,BO/86,532,135,6.9,true
RØ,4214,BO/86,533,VY/86,538,135,7.2,true
RØ,4214,VY/86,539,RO/86,545,135,11.2,true
RØ,4214,RO/86,547,TRK/86,549,246,3.1,true
RØ,4214,TRK/86,550,HH/86,553,246,4.0,true
RØ,4214,HH/86,554,HTÅ/86,558,246,4.7,true
RØ,4214,HTÅ/86,559,GL/86,563,265,8.3,true
RØ,4214,GL/86,563,VAL/86,567,265,7.3,true
RØ,4214,VAL/86,568,KH/86,574,265,3.9,true
RØ,4214,KH/86,577,KN/86,579,129,1.5,true
RØ,4214,KN/86,580,KK/86,583,129,1.6,true
RØ,4214,KK/86,584,HGL/86,586,80,2.1,true
RØ,4214,HGL/86,586,HL/86,589,80,2.6,true
RØ,4214,HL/86,590,KL/86,594,80,5.5,true
RØ,4214,KL/86,595,SÅ/86,599,80,5.5,true
RØ,4214,SÅ/86,600,VB/86,603,80,3.3,true
RØ,4214,VB/86,604,RU/86,607,80,4.0,true
RØ,4214,RU/86,608,OK/86,611,80,3.0,true
RØ,4214,OK/86,612,NI/86,615,80,3.4,true
RØ,4214,NI/86,616,HUM/86,619,54,3.8,true
RØ,4214,HUM/86,620,GÆ/86,623,54,3.7,true
RØ,4214,GÆ/86,624,SQ/86,627,54,2.7,true
RØ,4214,SQ/86,628,HG/86,632,54,3.5,true
RØ,4214,HG/86,632,End,632,0,0.0,true
RØ,4218,Start,568,NÆ/86,568,0,0.0,true
RØ,4218,NÆ/86,568,GZ/86,576,33,14.8,true
RØ,4218,GZ/86,577,RG/86,583,33,12.0,true
RØ,4218,RG/86,584,KY/86,588,61,7.3,true
RØ,4218,KY/86,588,BO/86,592,61,6.9,true
RØ,4218,BO/86,593,VY/86,598,61,7.2,true
RØ,4218,VY/86,599,RO/86,605,61,11.2,true
RØ,4218,RO/86,607,TRK/86,609,118,3.1,true
RØ,4218,TRK/86,610,HH/86,613,118,4.0,true
RØ,4218,HH/86,614,HTÅ/86,618,118,4.7,true
RØ,4218,HTÅ/86,619,GL/86,623,128,8.3,true
RØ,4218,GL/86,623,VAL/86,627,128,7.3,true
RØ,4218,VAL/86,628,KH/86,634,128,3.9,true
RØ,4218,KH/86,637,KN/86,639,73,1.5,true
RØ,4218,KN/86,640,KK/86,643,73,1.6,true
RØ,4218,KK/86,644,HGL/86,646,86,2.1,true
RØ,4218,HGL/86,646,HL/86,649,86,2.6,true
RØ,4218,HL/86,650,KL/86,654,86,5.5,true
RØ,4218,KL/86,655,SÅ/86,659,86,5.5,true
RØ,4218,SÅ/86,660,VB/86,663,86,3.3,true
RØ,4218,VB/86,664,RU/86,667,86,4.0,true
RØ,4218,RU/86,668,OK/86,671,86,3.0,true
RØ,4218,OK/86,672,NI/86,675,86,3.4,true
RØ,4218,NI/86,676,HUM/86,679,59,3.8,true
RØ,4218,HUM/86,680,GÆ/86,683,59,3.7,true
RØ,4218,GÆ/86,684,SQ/86,687,59,2.7,true
RØ,4218,SQ/86,688,HG/86,692,59,3.5,true
RØ,4218,HG/86,692,End,692,0,0.0,true
RØ,4219,Start,268,HG/86,268,0,0.0,true
RØ,4219,HG/86,268,SQ/86,271,44,3.5,true
RØ,4219,SQ/86,272,GÆ/86,274,44,2.7,true
RØ,4219,GÆ/86,275,HUM/86,278,44,3.7,true
RØ,4219,HUM/86,279,NI/86,282,44,3.8,true
RØ,4219,NI/86,283,OK/86,287,60,3.4,true
RØ,4219,OK/86,288,RU/86,290,60,3.0,true
RØ,4219,RU/86,291,VB/86,294,60,4.0,true
RØ,4219,VB/86,295,SÅ/86,298,60,3.3,true
RØ,4219,SÅ/86,299,KL/86,303,60,5.5,true
RØ,4219,KL/86,304,HL/86,309,60,5.5,true
RØ,4219,HL/86,310,HGL/86,312,60,2.6,true
RØ,4219,HGL/86,312,KK/86,315,60,2.1,true
RØ,4219,KK/86,317,KN/86,319,28,1.6,true
RØ,4219,KN/86,320,KH/86,323,28,1.5,true
RØ,4219,KH/86,323,End,323,0,0.0,true
RØ,4222,Start,628,NÆ/86,628,0,0.0,true
RØ,4222,NÆ/86,628,GZ/86,636,31,14.8,true
RØ,4222,GZ/86,637,RG/86,643,31,12.0,true
RØ,4222,RG/86,644,KY/86,648,52,7.3,true
RØ,4222,KY/86,648,BO/86,652,52,6.9,true
RØ,4222,BO/86,653,VY/86,658,52,7.2,true
RØ,4222,VY/86,659,RO/86,665,52,11.2,true
RØ,4222,RO/86,667,TRK/86,669,119,3.1,true
RØ,4222,TRK/86,670,HH/86,673,119,4.0,true
RØ,4222,HH/86,674,HTÅ/86,678,119,4.7,true
RØ,4222,HTÅ/86,679,GL/86,683,133,8.3,true
RØ,4222,GL/86,683,VAL/86,687,133,7.3,true
RØ,4222,VAL/86,688,KH/86,694,133,3.9,true
RØ,4222,KH/86,697,KN/86,699,73,1.5,true
RØ,4222,KN/86,700,KK/86,703,73,1.6,true
RØ,4222,KK/86,704,HGL/86,706,88,2.1,true
RØ,4222,HGL/86,706,HL/86,709,88,2.6,true
RØ,4222,HL/86,710,KL/86,714,88,5.5,true
RØ,4222,KL/86,715,SÅ/86,719,88,5.5,true
RØ,4222,SÅ/86,720,VB/86,723,88,3.3,true
RØ,4222,VB/86,724,RU/86,727,88,4.0,true
RØ,4222,RU/86,728,OK/86,731,88,3.0,true
RØ,4222,OK/86,732,NI/86,735,88,3.4,true
RØ,4222,NI/86,736,HUM/86,739,56,3.8,true
RØ,4222,HUM/86,740,GÆ/86,743,56,3.7,true
RØ,4222,GÆ/86,744,SQ/86,747,56,2.7,true
RØ,4222,SQ/86,748,HG/86,752,56,3.5,true
RØ,4222,HG/86,752,End,752,0,0.0,true
RØ,4223,Start,328,HG/86,328,0,0.0,true
RØ,4223,HG/86,328,SQ/86,331,57,3.5,true
RØ,4223,SQ/86,332,GÆ/86,334,57,2.7,true
RØ,4223,GÆ/86,335,HUM/86,338,57,3.7,true
RØ,4223,HUM/86,339,NI/86,342,57,3.8,true
RØ,4223,NI/86,343,OK/86,347,83,3.4,true
RØ,4223,OK/86,348,RU/86,350,83,3.0,true
RØ,4223,RU/86,351,VB/86,354,83,4.0,true
RØ,4223,VB/86,355,SÅ/86,358,83,3.3,true
RØ,4223,SÅ/86,359,KL/86,363,83,5.5,true
RØ,4223,KL/86,364,HL/86,369,83,5.5,true
RØ,4223,HL/86,370,HGL/86,372,83,2.6,true
RØ,4223,HGL/86,372,KK/86,375,83,2.1,true
RØ,4223,KK/86,377,KN/86,379,54,1.6,true
RØ,4223,KN/86,380,KH/86,383,54,1.5,true
RØ,4223,KH/86,386,VAL/86,390,80,3.9,true
RØ,4223,VAL/86,391,HIF/86,393,80,3.4,true
RØ,4223,HIF/86,393,HTÅ/86,400,80,12.2,true
RØ,4223,HTÅ/86,401,HH/86,405,106,4.7,true
RØ,4223,HH/86,406,TRK/86,409,106,4.0,true
RØ,4223,TRK/86,410,RO/86,413,106,3.1,true
RØ,4223,RO/86,414,VY/86,420,57,11.2,true
RØ,4223,VY/86,421,BO/86,426,57,7.2,true
RØ,4223,BO/86,427,KY/86,430,57,6.9,true
RØ,4223,KY/86,430,RG/86,435,57,7.3,true
RØ,4223,RG/86,436,GZ/86,442,50,12.0,true
RØ,4223,GZ/86,443,NÆ/86,452,50,14.8,true
RØ,4223,NÆ/86,452,End,452,0,0.0,true
RØ,4226,Start,688,NÆ/86,688,0,0.0,true
RØ,4226,NÆ/86,688,GZ/86,696,34,14.8,true
RØ,4226,GZ/86,697,RG/86,703,34,12.0,true
RØ,4226,RG/86,704,KY/86,708,56,7.3,true
RØ,4226,KY/86,708,BO/86,712,56,6.9,true
RØ,4226,BO/86,713,VY/86,718,56,7.2,true
RØ,4226,VY/86,719,RO/86,725,56,11.2,true
RØ,4226,RO/86,727,TRK/86,729,145,3.1,true
RØ,4226,TRK/86,730,HH/86,733,145,4.0,true
RØ,4226,HH/86,734,HTÅ/86,738,145,4.7,true
RØ,4226,HTÅ/86,739,GL/86,743,154,8.3,true
RØ,4226,GL/86,743,VAL/86,747,154,7.3,true
RØ,4226,VAL/86,748,KH/86,754,154,3.9,true
RØ,4226,KH/86,757,KN/86,759,74,1.5,true
RØ,4226,KN/86,760,KK/86,763,74,1.6,true
RØ,4226,KK/86,764,HGL/86,766,96,2.1,true
RØ,4226,HGL/86,766,HL/86,769,96,2.6,true
RØ,4226,HL/86,770,KL/86,774,96,5.5,true
RØ,4226,KL/86,775,SÅ/86,779,96,5.5,true
RØ,4226,SÅ/86,780,VB/86,783,96,3.3,true
RØ,4226,VB/86,784,RU/86,787,96,4.0,true
RØ,4226,RU/86,788,OK/86,791,96,3.0,true
RØ,4226,OK/86,792,NI/86,795,96,3.4,true
RØ,4226,NI/86,796,HUM/86,799,61,3.8,true
RØ,4226,HUM/86,800,GÆ/86,803,61,3.7,true
RØ,4226,GÆ/86,804,SQ/86,807,61,2.7,true
RØ,4226,SQ/86,808,HG/86,812,61,3.5,true
RØ,4226,HG/86,812,End,812,0,0.0,true
RØ,4227,Start,388,HG/86,388,0,0.0,true
RØ,4227,HG/86,388,SQ/86,391,94,3.5,true
RØ,4227,SQ/86,392,GÆ/86,394,94,2.7,true
RØ,4227,GÆ/86,395,HUM/86,398,94,3.7,true
RØ,4227,HUM/86,399,NI/86,402,94,3.8,true
RØ,4227,NI/86,403,OK/86,407,210,3.4,true
RØ,4227,OK/86,408,RU/86,410,210,3.0,true
RØ,4227,RU/86,411,VB/86,414,210,4.0,true
RØ,4227,VB/86,415,SÅ/86,418,210,3.3,true
RØ,4227,SÅ/86,419,KL/86,423,210,5.5,true
RØ,4227,KL/86,424,HL/86,429,210,5.5,true
RØ,4227,HL/86,430,HGL/86,432,210,2.6,true
RØ,4227,HGL/86,432,KK/86,435,210,2.1,true
RØ,4227,KK/86,437,KN/86,439,200,1.6,true
RØ,4227,KN/86,440,KH/86,443,200,1.5,true
RØ,4227,KH/86,446,VAL/86,450,424,3.9,true
RØ,4227,VAL/86,451,HIF/86,453,424,3.4,true
RØ,4227,HIF/86,453,HTÅ/86,460,424,12.2,true
RØ,4227,HTÅ/86,461,HH/86,465,473,4.7,true
RØ,4227,HH/86,466,TRK/86,469,473,4.0,true
RØ,4227,TRK/86,470,RO/86,473,473,3.1,true
RØ,4227,RO/86,474,VY/86,480,133,11.2,true
RØ,4227,VY/86,481,BO/86,486,133,7.2,true
RØ,4227,BO/86,487,KY/86,490,133,6.9,true
RØ,4227,KY/86,490,RG/86,495,133,7.3,true
RØ,4227,RG/86,496,GZ/86,502,49,12.0,true
RØ,4227,GZ/86,503,NÆ/86,512,49,14.8,true
RØ,4227,NÆ/86,512,End,512,0,0.0,true
RØ,4230,Start,748,NÆ/86,748,0,0.0,true
RØ,4230,NÆ/86,748,GZ/86,756,33,14.8,true
RØ,4230,GZ/86,757,RG/86,763,33,12.0,true
RØ,4230,RG/86,764,KY/86,768,49,7.3,true
RØ,4230,KY/86,768,BO/86,772,49,6.9,true
RØ,4230,BO/86,773,VY/86,778,49,7.2,true
RØ,4230,VY/86,779,RO/86,785,49,11.2,true
RØ,4230,RO/86,787,TRK/86,789,129,3.1,true
RØ,4230,TRK/86,790,HH/86,793,129,4.0,true
RØ,4230,HH/86,794,HTÅ/86,798,129,4.7,true
RØ,4230,HTÅ/86,799,GL/86,803,137,8.3,true
RØ,4230,GL/86,803,VAL/86,807,137,7.3,true
RØ,4230,VAL/86,808,KH/86,814,137,3.9,true
RØ,4230,KH/86,817,KN/86,819,70,1.5,true
RØ,4230,KN/86,820,KK/86,823,70,1.6,true
RØ,4230,KK/86,824,HGL/86,826,129,2.1,true
RØ,4230,HGL/86,826,HL/86,829,129,2.6,true
RØ,4230,HL/86,830,KL/86,834,129,5.5,true
RØ,4230,KL/86,835,SÅ/86,839,129,5.5,true
RØ,4230,SÅ/86,840,VB/86,843,129,3.3,true
RØ,4230,VB/86,844,RU/86,847,129,4.0,true
RØ,4230,RU/86,848,OK/86,851,129,3.0,true
RØ,4230,OK/86,852,NI/86,855,129,3.4,true
RØ,4230,NI/86,856,HUM/86,859,77,3.8,true
RØ,4230,HUM/86,860,GÆ/86,863,77,3.7,true
RØ,4230,GÆ/86,864,SQ/86,867,77,2.7,true
RØ,4230,SQ/86,868,HG/86,872,77,3.5,true
RØ,4230,HG/86,872,End,872,0,0.0,true
RØ,4231,Start,448,HG/86,448,0,0.0,true
RØ,4231,HG/86,448,SQ/86,451,173,3.5,true
RØ,4231,SQ/86,452,GÆ/86,454,173,2.7,true
RØ,4231,GÆ/86,455,HUM/86,458,173,3.7,true
RØ,4231,HUM/86,459,NI/86,462,173,3.8,true
RØ,4231,NI/86,463,OK/86,467,413,3.4,true
RØ,4231,OK/86,468,RU/86,470,413,3.0,true
RØ,4231,RU/86,471,VB/86,474,413,4.0,true
RØ,4231,VB/86,475,SÅ/86,478,413,3.3,true
RØ,4231,SÅ/86,479,KL/86,483,413,5.5,true
RØ,4231,KL/86,484,HL/86,489,413,5.5,true
RØ,4231,HL/86,490,HGL/86,492,413,2.6,true
RØ,4231,HGL/86,492,KK/86,495,413,2.1,true
RØ,4231,KK/86,497,KN/86,499,262,1.6,true
RØ,4231,KN/86,500,KH/86,503,262,1.5,true
RØ,4231,KH/86,506,VAL/86,510,331,3.9,true
RØ,4231,VAL/86,511,HIF/86,513,331,3.4,true
RØ,4231,HIF/86,513,HTÅ/86,520,331,12.2,true
RØ,4231,HTÅ/86,521,HH/86,525,299,4.7,true
RØ,4231,HH/86,526,TRK/86,529,299,4.0,true
RØ,4231,TRK/86,530,RO/86,533,299,3.1,true
RØ,4231,RO/86,534,VY/86,540,59,11.2,true
RØ,4231,VY/86,541,BO/86,546,59,7.2,true
RØ,4231,BO/86,547,KY/86,550,59,6.9,true
RØ,4231,KY/86,550,RG/86,555,59,7.3,true
RØ,4231,RG/86,556,GZ/86,562,38,12.0,true
RØ,4231,GZ/86,563,NÆ/86,572,38,14.8,true
RØ,4231,NÆ/86,572,End,572,0,0.0,true
RØ,4234,Start,808,NÆ/86,808,0,0.0,true
RØ,4234,NÆ/86,808,GZ/86,816,28,14.8,true
RØ,4234,GZ/86,817,RG/86,823,28,12.0,true
RØ,4234,RG/86,824,KY/86,828,47,7.3,true
RØ,4234,KY/86,828,BO/86,832,47,6.9,true
RØ,4234,BO/86,833,VY/86,838,47,7.2,true
RØ,4234,VY/86,839,RO/86,845,47,11.2,true
RØ,4234,RO/86,847,TRK/86,849,191,3.1,true
RØ,4234,TRK/86,850,HH/86,853,191,4.0,true
RØ,4234,HH/86,854,HTÅ/86,858,191,4.7,true
RØ,4234,HTÅ/86,859,GL/86,863,192,8.3,true
RØ,4234,GL/86,863,VAL/86,867,192,7.3,true
RØ,4234,VAL/86,868,KH/86,874,192,3.9,true
RØ,4234,KH/86,877,KN/86,879,102,1.5,true
RØ,4234,KN/86,880,KK/86,883,102,1.6,true
RØ,4234,KK/86,884,HGL/86,886,159,2.1,true
RØ,4234,HGL/86,886,HL/86,889,159,2.6,true
RØ,4234,HL/86,890,KL/86,894,159,5.5,true
RØ,4234,KL/86,895,SÅ/86,899,159,5.5,true
RØ,4234,SÅ/86,900,VB/86,903,159,3.3,true
RØ,4234,VB/86,904,RU/86,907,159,4.0,true
RØ,4234,RU/86,908,OK/86,911,159,3.0,true
RØ,4234,OK/86,912,NI/86,915,159,3.4,true
RØ,4234,NI/86,916,HUM/86,919,89,3.8,true
RØ,4234,HUM/86,920,GÆ/86,923,89,3.7,true
RØ,4234,GÆ/86,924,SQ/86,927,89,2.7,true
RØ,4234,SQ/86,928,HG/86,932,89,3.5,true
RØ,4234,HG/86,932,End,932,0,0.0,true
RØ,4235,Start,508,HG/86,508,0,0.0,true
RØ,4235,HG/86,508,SQ/86,511,67,3.5,true
RØ,4235,SQ/86,512,GÆ/86,514,67,2.7,true
RØ,4235,GÆ/86,515,HUM/86,518,67,3.7,true
RØ,4235,HUM/86,519,NI/86,522,67,3.8,true
RØ,4235,NI/86,523,OK/86,527,158,3.4,true
RØ,4235,OK/86,528,RU/86,530,158,3.0,true
RØ,4235,RU/86,531,VB/86,534,158,4.0,true
RØ,4235,VB/86,535,SÅ/86,538,158,3.3,true
RØ,4235,SÅ/86,539,KL/86,543,158,5.5,true
RØ,4235,KL/86,544,HL/86,549,158,5.5,true
RØ,4235,HL/86,550,HGL/86,552,158,2.6,true
RØ,4235,HGL/86,552,KK/86,555,158,2.1,true
RØ,4235,KK/86,557,KN/86,559,132,1.6,true
RØ,4235,KN/86,560,KH/86,563,132,1.5,true
RØ,4235,KH/86,566,VAL/86,570,277,3.9,true
RØ,4235,VAL/86,571,HIF/86,573,277,3.4,true
RØ,4235,HIF/86,573,HTÅ/86,580,277,12.2,true
RØ,4235,HTÅ/86,581,HH/86,585,296,4.7,true
RØ,4235,HH/86,586,TRK/86,589,296,4.0,true
RØ,4235,TRK/86,590,RO/86,593,296,3.1,true
RØ,4235,RO/86,594,VY/86,600,90,11.2,true
RØ,4235,VY/86,601,BO/86,606,90,7.2,true
RØ,4235,BO/86,607,KY/86,610,90,6.9,true
RØ,4235,KY/86,610,RG/86,615,90,7.3,true
RØ,4235,RG/86,616,GZ/86,622,27,12.0,true
RØ,4235,GZ/86,623,NÆ/86,632,27,14.8,true
RØ,4235,NÆ/86,632,End,632,0,0.0,true
RØ,4238,Start,868,NÆ/86,868,0,0.0,true
RØ,4238,NÆ/86,868,GZ/86,876,48,14.8,true
RØ,4238,GZ/86,877,RG/86,883,48,12.0,true
RØ,4238,RG/86,884,KY/86,888,68,7.3,true
RØ,4238,KY/86,888,BO/86,892,68,6.9,true
RØ,4238,BO/86,893,VY/86,898,68,7.2,true
RØ,4238,VY/86,899,RO/86,905,68,11.2,true
RØ,4238,RO/86,907,TRK/86,909,284,3.1,true
RØ,4238,TRK/86,910,HH/86,913,284,4.0,true
RØ,4238,HH/86,914,HTÅ/86,918,284,4.7,true
RØ,4238,HTÅ/86,919,GL/86,923,304,8.3,true
RØ,4238,GL/86,923,VAL/86,927,304,7.3,true
RØ,4238,VAL/86,928,KH/86,934,304,3.9,true
RØ,4238,KH/86,937,KN/86,939,194,1.5,true
RØ,4238,KN/86,940,KK/86,943,194,1.6,true
RØ,4238,KK/86,944,HGL/86,946,352,2.1,true
RØ,4238,HGL/86,946,HL/86,949,352,2.6,true
RØ,4238,HL/86,950,KL/86,954,352,5.5,true
RØ,4238,KL/86,955,SÅ/86,959,352,5.5,true
RØ,4238,SÅ/86,960,VB/86,963,352,3.3,true
RØ,4238,VB/86,964,RU/86,967,352,4.0,true
RØ,4238,RU/86,968,OK/86,971,352,3.0,true
RØ,4238,OK/86,972,NI/86,975,352,3.4,true
RØ,4238,NI/86,976,HUM/86,979,148,3.8,true
RØ,4238,HUM/86,980,GÆ/86,983,148,3.7,true
RØ,4238,GÆ/86,984,SQ/86,987,148,2.7,true
RØ,4238,SQ/86,988,HG/86,992,148,3.5,true
RØ,4238,HG/86,992,End,992,0,0.0,true
RØ,4239,Start,568,HG/86,568,0,0.0,true
RØ,4239,HG/86,568,SQ/86,571,78,3.5,true
RØ,4239,SQ/86,572,GÆ/86,574,78,2.7,true
RØ,4239,GÆ/86,575,HUM/86,578,78,3.7,true
RØ,4239,HUM/86,579,NI/86,582,78,3.8,true
RØ,4239,NI/86,583,OK/86,587,139,3.4,true
RØ,4239,OK/86,588,RU/86,590,139,3.0,true
RØ,4239,RU/86,591,VB/86,594,139,4.0,true
RØ,4239,VB/86,595,SÅ/86,598,139,3.3,true
RØ,4239,SÅ/86,599,KL/86,603,139,5.5,true
RØ,4239,KL/86,604,HL/86,609,139,5.5,true
RØ,4239,HL/86,610,HGL/86,612,139,2.6,true
RØ,4239,HGL/86,612,KK/86,615,139,2.1,true
RØ,4239,KK/86,617,KN/86,619,71,1.6,true
RØ,4239,KN/86,620,KH/86,623,71,1.5,true
RØ,4239,KH/86,626,VAL/86,630,106,3.9,true
RØ,4239,VAL/86,631,HIF/86,633,106,3.4,true
RØ,4239,HIF/86,633,HTÅ/86,640,106,12.2,true
RØ,4239,HTÅ/86,641,HH/86,645,105,4.7,true
RØ,4239,HH/86,646,TRK/86,649,105,4.0,true
RØ,4239,TRK/86,650,RO/86,653,105,3.1,true
RØ,4239,RO/86,654,VY/86,660,38,11.2,true
RØ,4239,VY/86,661,BO/86,666,38,7.2,true
RØ,4239,BO/86,667,KY/86,670,38,6.9,true
RØ,4239,KY/86,670,RG/86,675,38,7.3,true
RØ,4239,RG/86,676,GZ/86,682,29,12.0,true
RØ,4239,GZ/86,683,NÆ/86,692,29,14.8,true
RØ,4239,NÆ/86,692,End,692,0,0.0,true
IC,424,Start,530,AR/86,530,0,0.0,true
IC,424,AR/86,530,KGV/86,532,151,3.0,false
IC,424,KGV/86,532,SD/86,542,151,19.8,false
IC,424,SD/86,543,HÅ/86,550,145,14.1,false
IC,424,HÅ/86,550,HS/86,557,145,14.5,false
IC,424,HS/86,559,HED/86,566,128,16.3,false
IC,424,HED/86,566,VJ/86,573,128,15.1,false
IC,424,VJ/86,575,BET/86,581,114,10.9,false
IC,424,BET/86,581,FA/86,589,114,14.8,false
IC,424,FA/86,589,End,589,0,0.0,true
RØ,4242,Start,928,NÆ/86,928,0,0.0,true
RØ,4242,NÆ/86,928,GZ/86,936,68,14.8,true
RØ,4242,GZ/86,937,RG/86,943,68,12.0,true
RØ,4242,RG/86,944,KY/86,948,107,7.3,true
RØ,4242,KY/86,948,BO/86,952,107,6.9,true
RØ,4242,BO/86,953,VY/86,958,107,7.2,true
RØ,4242,VY/86,959,RO/86,965,107,11.2,true
RØ,4242,RO/86,967,TRK/86,969,301,3.1,true
RØ,4242,TRK/86,970,HH/86,973,301,4.0,true
RØ,4242,HH/86,974,HTÅ/86,978,301,4.7,true
RØ,4242,HTÅ/86,979,GL/86,983,344,8.3,true
RØ,4242,GL/86,983,VAL/86,987,344,7.3,true
RØ,4242,VAL/86,988,KH/86,994,344,3.9,true
RØ,4242,KH/86,997,KN/86,999,212,1.5,true
RØ,4242,KN/86,1000,KK/86,1003,212,1.6,true
RØ,4242,KK/86,1004,HGL/86,1006,411,2.1,true
RØ,4242,HGL/86,1006,HL/86,1009,411,2.6,true
RØ,4242,HL/86,1010,KL/86,1014,411,5.5,true
RØ,4242,KL/86,1015,SÅ/86,1019,411,5.5,true
RØ,4242,SÅ/86,1020,VB/86,1023,411,3.3,true
RØ,4242,VB/86,1024,RU/86,1027,411,4.0,true
RØ,4242,RU/86,1028,OK/86,1031,411,3.0,true
RØ,4242,OK/86,1032,NI/86,1035,411,3.4,true
RØ,4242,NI/86,1036,HUM/86,1039,155,3.8,true
RØ,4242,HUM/86,1040,GÆ/86,1043,155,3.7,true
RØ,4242,GÆ/86,1044,SQ/86,1047,155,2.7,true
RØ,4242,SQ/86,1048,HG/86,1052,155,3.5,true
RØ,4242,HG/86,1052,End,1052,0,0.0,true
RØ,4243,Start,628,HG/86,628,0,0.0,true
RØ,4243,HG/86,628,SQ/86,631,57,3.5,true
RØ,4243,SQ/86,632,GÆ/86,634,57,2.7,true
RØ,4243,GÆ/86,635,HUM/86,638,57,3.7,true
RØ,4243,HUM/86,639,NI/86,642,57,3.8,true
RØ,4243,NI/86,643,OK/86,647,101,3.4,true
RØ,4243,OK/86,648,RU/86,650,101,3.0,true
RØ,4243,RU/86,651,VB/86,654,101,4.0,true
RØ,4243,VB/86,655,SÅ/86,658,101,3.3,true
RØ,4243,SÅ/86,659,KL/86,663,101,5.5,true
RØ,4243,KL/86,664,HL/86,669,101,5.5,true
RØ,4243,HL/86,670,HGL/86,672,101,2.6,true
RØ,4243,HGL/86,672,KK/86,675,101,2.1,true
RØ,4243,KK/86,677,KN/86,679,80,1.6,true
RØ,4243,KN/86,680,KH/86,683,80,1.5,true
RØ,4243,KH/86,686,VAL/86,690,147,3.9,true
RØ,4243,VAL/86,691,HIF/86,693,147,3.4,true
RØ,4243,HIF/86,693,HTÅ/86,700,147,12.2,true
RØ,4243,HTÅ/86,701,HH/86,705,165,4.7,true
RØ,4243,HH/86,706,TRK/86,709,165,4.0,true
RØ,4243,TRK/86,710,RO/86,713,165,3.1,true
RØ,4243,RO/86,714,VY/86,720,67,11.2,true
RØ,4243,VY/86,721,BO/86,726,67,7.2,true
RØ,4243,BO/86,727,KY/86,730,67,6.9,true
RØ,4243,KY/86,730,RG/86,735,67,7.3,true
RØ,4243,RG/86,736,GZ/86,742,35,12.0,true
RØ,4243,GZ/86,743,NÆ/86,752,35,14.8,true
RØ,4243,NÆ/86,752,End,752,0,0.0,true
RØ,4246,Start,988,NÆ/86,988,0,0.0,true
RØ,4246,NÆ/86,988,GZ/86,996,40,14.8,true
RØ,4246,GZ/86,997,RG/86,1003,40,12.0,true
RØ,4246,RG/86,1004,KY/86,1008,60,7.3,true
RØ,4246,KY/86,1008,BO/86,1012,60,6.9,true
RØ,4246,BO/86,1013,VY/86,1018,60,7.2,true
RØ,4246,VY/86,1019,RO/86,1025,60,11.2,true
RØ,4246,RO/86,1027,TRK/86,1029,151,3.1,true
RØ,4246,TRK/86,1030,HH/86,1033,151,4.0,true
RØ,4246,HH/86,1034,HTÅ/86,1038,151,4.7,true
RØ,4246,HTÅ/86,1039,GL/86,1043,187,8.3,true
RØ,4246,GL/86,1043,VAL/86,1047,187,7.3,true
RØ,4246,VAL/86,1048,KH/86,1054,187,3.9,true
RØ,4246,KH/86,1057,KN/86,1059,118,1.5,true
RØ,4246,KN/86,1060,KK/86,1063,118,1.6,true
RØ,4246,KK/86,1064,HGL/86,1066,208,2.1,true
RØ,4246,HGL/86,1066,HL/86,1069,208,2.6,true
RØ,4246,HL/86,1070,KL/86,1074,208,5.5,true
RØ,4246,KL/86,1075,SÅ/86,1079,208,5.5,true
RØ,4246,SÅ/86,1080,VB/86,1083,208,3.3,true
RØ,4246,VB/86,1084,RU/86,1087,208,4.0,true
RØ,4246,RU/86,1088,OK/86,1091,208,3.0,true
RØ,4246,OK/86,1092,NI/86,1095,208,3.4,true
RØ,4246,NI/86,1096,HUM/86,1099,75,3.8,true
RØ,4246,HUM/86,1100,GÆ/86,1103,75,3.7,true
RØ,4246,GÆ/86,1104,SQ/86,1107,75,2.7,true
RØ,4246,SQ/86,1108,HG/86,1112,75,3.5,true
RØ,4246,HG/86,1112,End,1112,0,0.0,true
RØ,4247,Start,688,HG/86,688,0,0.0,true
RØ,4247,HG/86,688,SQ/86,691,53,3.5,true
RØ,4247,SQ/86,692,GÆ/86,694,53,2.7,true
RØ,4247,GÆ/86,695,HUM/86,698,53,3.7,true
RØ,4247,HUM/86,699,NI/86,702,53,3.8,true
RØ,4247,NI/86,703,OK/86,707,94,3.4,true
RØ,4247,OK/86,708,RU/86,710,94,3.0,true
RØ,4247,RU/86,711,VB/86,714,94,4.0,true
RØ,4247,VB/86,715,SÅ/86,718,94,3.3,true
RØ,4247,SÅ/86,719,KL/86,723,94,5.5,true
RØ,4247,KL/86,724,HL/86,729,94,5.5,true
RØ,4247,HL/86,730,HGL/86,732,94,2.6,true
RØ,4247,HGL/86,732,KK/86,735,94,2.1,true
RØ,4247,KK/86,737,KN/86,739,74,1.6,true
RØ,4247,KN/86,740,KH/86,743,74,1.5,true
RØ,4247,KH/86,746,VAL/86,750,139,3.9,true
RØ,4247,VAL/86,751,HIF/86,753,139,3.4,true
RØ,4247,HIF/86,753,HTÅ/86,760,139,12.2,true
RØ,4247,HTÅ/86,761,HH/86,765,150,4.7,true
RØ,4247,HH/86,766,TRK/86,769,150,4.0,true
RØ,4247,TRK/86,770,RO/86,773,150,3.1,true
RØ,4247,RO/86,774,VY/86,780,82,11.2,true
RØ,4247,VY/86,781,BO/86,786,82,7.2,true
RØ,4247,BO/86,787,KY/86,790,82,6.9,true
RØ,4247,KY/86,790,RG/86,795,82,7.3,true
RØ,4247,RG/86,796,GZ/86,802,62,12.0,true
RØ,4247,GZ/86,803,NÆ/86,812,62,14.8,true
RØ,4247,NÆ/86,812,End,812,0,0.0,true
RØ,4250,Start,1048,NÆ/86,1048,0,0.0,true
RØ,4250,NÆ/86,1048,GZ/86,1056,21,14.8,true
RØ,4250,GZ/86,1057,RG/86,1063,21,12.0,true
RØ,4250,RG/86,1064,KY/86,1068,26,7.3,true
RØ,4250,KY/86,1068,BO/86,1072,26,6.9,true
RØ,4250,BO/86,1073,VY/86,1078,26,7.2,true
RØ,4250,VY/86,1079,RO/86,1085,26,11.2,true
RØ,4250,RO/86,1087,TRK/86,1089,84,3.1,true
RØ,4250,TRK/86,1090,HH/86,1093,84,4.0,true
RØ,4250,HH/86,1094,HTÅ/86,1098,84,4.7,true
RØ,4250,HTÅ/86,1099,GL/86,1103,110,8.3,true
RØ,4250,GL/86,1103,VAL/86,1107,110,7.3,true
RØ,4250,VAL/86,1108,KH/86,1114,110,3.9,true
RØ,4250,KH/86,1117,KN/86,1119,58,1.5,true
RØ,4250,KN/86,1120,KK/86,1123,58,1.6,true
RØ,4250,KK/86,1124,HGL/86,1126,99,2.1,true
RØ,4250,HGL/86,1126,HL/86,1129,99,2.6,true
RØ,4250,HL/86,1130,KL/86,1134,99,5.5,true
RØ,4250,KL/86,1135,SÅ/86,1139,99,5.5,true
RØ,4250,SÅ/86,1140,VB/86,1143,99,3.3,true
RØ,4250,VB/86,1144,RU/86,1147,99,4.0,true
RØ,4250,RU/86,1148,OK/86,1151,99,3.0,true
RØ,4250,OK/86,1152,NI/86,1155,99,3.4,true
RØ,4250,NI/86,1156,HUM/86,1159,50,3.8,true
RØ,4250,HUM/86,1160,GÆ/86,1163,50,3.7,true
RØ,4250,GÆ/86,1164,SQ/86,1167,50,2.7,true
RØ,4250,SQ/86,1168,HG/86,1172,50,3.5,true
RØ,4250,HG/86,1172,End,1172,0,0.0,true
RØ,4251,Start,748,HG/86,748,0,0.0,true
RØ,4251,HG/86,748,SQ/86,751,63,3.5,true
RØ,4251,SQ/86,752,GÆ/86,754,63,2.7,true
RØ,4251,GÆ/86,755,HUM/86,758,63,3.7,true
RØ,4251,HUM/86,759,NI/86,762,63,3.8,true
RØ,4251,NI/86,763,OK/86,767,103,3.4,true
RØ,4251,OK/86,768,RU/86,770,103,3.0,true
RØ,4251,RU/86,771,VB/86,774,103,4.0,true
RØ,4251,VB/86,775,SÅ/86,778,103,3.3,true
RØ,4251,SÅ/86,779,KL/86,783,103,5.5,true
RØ,4251,KL/86,784,HL/86,789,103,5.5,true
RØ,4251,HL/86,790,HGL/86,792,103,2.6,true
RØ,4251,HGL/86,792,KK/86,795,103,2.1,true
RØ,4251,KK/86,797,KN/86,799,88,1.6,true
RØ,4251,KN/86,800,KH/86,803,88,1.5,true
RØ,4251,KH/86,806,VAL/86,810,166,3.9,true
RØ,4251,VAL/86,811,HIF/86,813,166,3.4,true
RØ,4251,HIF/86,813,HTÅ/86,820,166,12.2,true
RØ,4251,HTÅ/86,821,HH/86,825,181,4.7,true
RØ,4251,HH/86,826,TRK/86,829,181,4.0,true
RØ,4251,TRK/86,830,RO/86,833,181,3.1,true
RØ,4251,RO/86,834,VY/86,840,115,11.2,true
RØ,4251,VY/86,841,BO/86,846,115,7.2,true
RØ,4251,BO/86,847,KY/86,850,115,6.9,true
RØ,4251,KY/86,850,RG/86,855,115,7.3,true
RØ,4251,RG/86,856,GZ/86,862,69,12.0,true
RØ,4251,GZ/86,863,NÆ/86,872,69,14.8,true
RØ,4251,NÆ/86,872,End,872,0,0.0,true
RØ,4254,Start,1147,RO/86,1147,0,0.0,true
RØ,4254,RO/86,1147,TRK/86,1149,42,3.1,true
RØ,4254,TRK/86,1150,HH/86,1153,42,4.0,true
RØ,4254,HH/86,1154,HTÅ/86,1158,42,4.7,true
RØ,4254,HTÅ/86,1159,GL/86,1163,50,8.3,true
RØ,4254,GL/86,1163,VAL/86,1167,50,7.3,true
RØ,4254,VAL/86,1168,KH/86,1174,50,3.9,true
RØ,4254,KH/86,1177,KN/86,1179,49,1.5,true
RØ,4254,KN/86,1180,KK/86,1183,49,1.6,true
RØ,4254,KK/86,1184,HGL/86,1186,83,2.1,true
RØ,4254,HGL/86,1186,HL/86,1189,83,2.6,true
RØ,4254,HL/86,1190,KL/86,1194,83,5.5,true
RØ,4254,KL/86,1195,SÅ/86,1199,83,5.5,true
RØ,4254,SÅ/86,1200,VB/86,1203,83,3.3,true
RØ,4254,VB/86,1204,RU/86,1207,83,4.0,true
RØ,4254,RU/86,1208,OK/86,1211,83,3.0,true
RØ,4254,OK/86,1212,NI/86,1215,83,3.4,true
RØ,4254,NI/86,1216,HUM/86,1219,48,3.8,true
RØ,4254,HUM/86,1220,GÆ/86,1223,48,3.7,true
RØ,4254,GÆ/86,1224,SQ/86,1227,48,2.7,true
RØ,4254,SQ/86,1228,HG/86,1232,48,3.5,true
RØ,4254,HG/86,1232,End,1232,0,0.0,true
RØ,4255,Start,808,HG/86,808,0,0.0,true
RØ,4255,HG/86,808,SQ/86,811,68,3.5,true
RØ,4255,SQ/86,812,GÆ/86,814,68,2.7,true
RØ,4255,GÆ/86,815,HUM/86,818,68,3.7,true
RØ,4255,HUM/86,819,NI/86,822,68,3.8,true
RØ,4255,NI/86,823,OK/86,827,106,3.4,true
RØ,4255,OK/86,828,RU/86,830,106,3.0,true
RØ,4255,RU/86,831,VB/86,834,106,4.0,true
RØ,4255,VB/86,835,SÅ/86,838,106,3.3,true
RØ,4255,SÅ/86,839,KL/86,843,106,5.5,true
RØ,4255,KL/86,844,HL/86,849,106,5.5,true
RØ,4255,HL/86,850,HGL/86,852,106,2.6,true
RØ,4255,HGL/86,852,KK/86,855,106,2.1,true
RØ,4255,KK/86,857,KN/86,859,121,1.6,true
RØ,4255,KN/86,860,KH/86,863,121,1.5,true
RØ,4255,KH/86,866,VAL/86,870,267,3.9,true
RØ,4255,VAL/86,871,HIF/86,873,267,3.4,true
RØ,4255,HIF/86,873,HTÅ/86,880,267,12.2,true
RØ,4255,HTÅ/86,881,HH/86,885,306,4.7,true
RØ,4255,HH/86,886,TRK/86,889,306,4.0,true
RØ,4255,TRK/86,890,RO/86,893,306,3.1,true
RØ,4255,RO/86,894,VY/86,900,240,11.2,true
RØ,4255,VY/86,901,BO/86,906,240,7.2,true
RØ,4255,BO/86,907,KY/86,910,240,6.9,true
RØ,4255,KY/86,910,RG/86,915,240,7.3,true
RØ,4255,RG/86,916,GZ/86,922,132,12.0,true
RØ,4255,GZ/86,923,NÆ/86,932,132,14.8,true
RØ,4255,NÆ/86,932,End,932,0,0.0,true
RØ,4258,Start,1207,RO/86,1207,0,0.0,true
RØ,4258,RO/86,1207,TRK/86,1209,42,3.1,true
RØ,4258,TRK/86,1210,HH/86,1213,42,4.0,true
RØ,4258,HH/86,1214,HTÅ/86,1218,42,4.7,true
RØ,4258,HTÅ/86,1219,GL/86,1223,53,8.3,true
RØ,4258,GL/86,1223,VAL/86,1227,53,7.3,true
RØ,4258,VAL/86,1228,KH/86,1234,53,3.9,true
RØ,4258,KH/86,1237,KN/86,1239,111,1.5,true
RØ,4258,KN/86,1240,KK/86,1243,111,1.6,true
RØ,4258,KK/86,1244,HGL/86,1246,133,2.1,true
RØ,4258,HGL/86,1246,HL/86,1249,133,2.6,true
RØ,4258,HL/86,1250,KL/86,1254,133,5.5,true
RØ,4258,KL/86,1255,SÅ/86,1259,133,5.5,true
RØ,4258,SÅ/86,1260,VB/86,1263,133,3.3,true
RØ,4258,VB/86,1264,RU/86,1267,133,4.0,true
RØ,4258,RU/86,1268,OK/86,1271,133,3.0,true
RØ,4258,OK/86,1272,NI/86,1275,133,3.4,true
RØ,4258,NI/86,1276,HUM/86,1279,99,3.8,true
RØ,4258,HUM/86,1280,GÆ/86,1283,99,3.7,true
RØ,4258,GÆ/86,1284,SQ/86,1287,99,2.7,true
RØ,4258,SQ/86,1288,HG/86,1292,99,3.5,true
RØ,4258,HG/86,1292,End,1292,0,0.0,true
RØ,4259,Start,868,HG/86,868,0,0.0,true
RØ,4259,HG/86,868,SQ/86,871,84,3.5,true
RØ,4259,SQ/86,872,GÆ/86,874,84,2.7,true
RØ,4259,GÆ/86,875,HUM/86,878,84,3.7,true
RØ,4259,HUM/86,879,NI/86,882,84,3.8,true
RØ,4259,NI/86,883,OK/86,887,137,3.4,true
RØ,4259,OK/86,888,RU/86,890,137,3.0,true
RØ,4259,RU/86,891,VB/86,894,137,4.0,true
RØ,4259,VB/86,895,SÅ/86,898,137,3.3,true
RØ,4259,SÅ/86,899,KL/86,903,137,5.5,true
RØ,4259,KL/86,904,HL/86,909,137,5.5,true
RØ,4259,HL/86,910,HGL/86,912,137,2.6,true
RØ,4259,HGL/86,912,KK/86,915,137,2.1,true
RØ,4259,KK/86,917,KN/86,919,188,1.6,true
RØ,4259,KN/86,920,KH/86,923,188,1.5,true
RØ,4259,KH/86,926,VAL/86,930,383,3.9,true
RØ,4259,VAL/86,931,HIF/86,933,383,3.4,true
RØ,4259,HIF/86,933,HTÅ/86,940,383,12.2,true
RØ,4259,HTÅ/86,941,HH/86,945,435,4.7,true
RØ,4259,HH/86,946,TRK/86,949,435,4.0,true
RØ,4259,TRK/86,950,RO/86,953,435,3.1,true
RØ,4259,RO/86,954,VY/86,960,310,11.2,true
RØ,4259,VY/86,961,BO/86,966,310,7.2,true
RØ,4259,BO/86,967,KY/86,970,310,6.9,true
RØ,4259,KY/86,970,RG/86,975,310,7.3,true
RØ,4259,RG/86,976,GZ/86,982,193,12.0,true
RØ,4259,GZ/86,983,NÆ/86,992,193,14.8,true
RØ,4259,NÆ/86,992,End,992,0,0.0,true
RØ,4262,Start,1267,RO/86,1267,0,0.0,true
RØ,4262,RO/86,1267,TRK/86,1269,40,3.1,true
RØ,4262,TRK/86,1270,HH/86,1273,40,4.0,true
RØ,4262,HH/86,1274,HTÅ/86,1278,40,4.7,true
RØ,4262,HTÅ/86,1279,GL/86,1283,50,8.3,true
RØ,4262,GL/86,1283,VAL/86,1287,50,7.3,true
RØ,4262,VAL/86,1288,KH/86,1294,50,3.9,true
RØ,4262,KH/86,1297,KN/86,1299,57,1.5,true
RØ,4262,KN/86,1300,KK/86,1303,57,1.6,true
RØ,4262,KK/86,1304,HGL/86,1306,92,2.1,true
RØ,4262,HGL/86,1306,HL/86,1309,92,2.6,true
RØ,4262,HL/86,1310,KL/86,1314,92,5.5,true
RØ,4262,KL/86,1315,SÅ/86,1319,92,5.5,true
RØ,4262,SÅ/86,1320,VB/86,1323,92,3.3,true
RØ,4262,VB/86,1324,RU/86,1327,92,4.0,true
RØ,4262,RU/86,1328,OK/86,1331,92,3.0,true
RØ,4262,OK/86,1332,NI/86,1335,92,3.4,true
RØ,4262,NI/86,1336,HUM/86,1339,46,3.8,true
RØ,4262,HUM/86,1340,GÆ/86,1343,46,3.7,true
RØ,4262,GÆ/86,1344,SQ/86,1347,46,2.7,true
RØ,4262,SQ/86,1348,HG/86,1352,46,3.5,true
RØ,4262,HG/86,1352,End,1352,0,0.0,true
RØ,4263,Start,928,HG/86,928,0,0.0,true
RØ,4263,HG/86,928,SQ/86,931,56,3.5,true
RØ,4263,SQ/86,932,GÆ/86,934,56,2.7,true
RØ,4263,GÆ/86,935,HUM/86,938,56,3.7,true
RØ,4263,HUM/86,939,NI/86,942,56,3.8,true
RØ,4263,NI/86,943,OK/86,947,127,3.4,true
RØ,4263,OK/86,948,RU/86,950,127,3.0,true
RØ,4263,RU/86,951,VB/86,954,127,4.0,true
RØ,4263,VB/86,955,SÅ/86,958,127,3.3,true
RØ,4263,SÅ/86,959,KL/86,963,127,5.5,true
RØ,4263,KL/86,964,HL/86,969,127,5.5,true
RØ,4263,HL/86,970,HGL/86,972,127,2.6,true
RØ,4263,HGL/86,972,KK/86,975,127,2.1,true
RØ,4263,KK/86,977,KN/86,979,212,1.6,true
RØ,4263,KN/86,980,KH/86,983,212,1.5,true
RØ,4263,KH/86,986,VAL/86,990,440,3.9,true
RØ,4263,VAL/86,991,HIF/86,993,440,3.4,true
RØ,4263,HIF/86,993,HTÅ/86,1000,440,12.2,true
RØ,4263,HTÅ/86,1001,HH/86,1005,484,4.7,true
RØ,4263,HH/86,1006,TRK/86,1009,484,4.0,true
RØ,4263,TRK/86,1010,RO/86,1013,484,3.1,true
RØ,4263,RO/86,1014,VY/86,1020,298,11.2,true
RØ,4263,VY/86,1021,BO/86,1026,298,7.2,true
RØ,4263,BO/86,1027,KY/86,1030,298,6.9,true
RØ,4263,KY/86,1030,RG/86,1035,298,7.3,true
RØ,4263,RG/86,1036,GZ/86,1042,175,12.0,true
RØ,4263,GZ/86,1043,NÆ/86,1052,175,14.8,true
RØ,4263,NÆ/86,1052,End,1052,0,0.0,true
RØ,4266,Start,1327,RO/86,1327,0,0.0,true
RØ,4266,RO/86,1327,TRK/86,1329,32,3.1,true
RØ,4266,TRK/86,1330,HH/86,1333,32,4.0,true
RØ,4266,HH/86,1334,HTÅ/86,1338,32,4.7,true
RØ,4266,HTÅ/86,1339,GL/86,1343,39,8.3,true
RØ,4266,GL/86,1343,VAL/86,1347,39,7.3,true
RØ,4266,VAL/86,1348,KH/86,1354,39,3.9,true
RØ,4266,KH/86,1357,KN/86,1359,76,1.5,true
RØ,4266,KN/86,1360,KK/86,1363,76,1.6,true
RØ,4266,KK/86,1364,HGL/86,1366,137,2.1,true
RØ,4266,HGL/86,1366,HL/86,1369,137,2.6,true
RØ,4266,HL/86,1370,KL/86,1374,137,5.5,true
RØ,4266,KL/86,1375,SÅ/86,1379,137,5.5,true
RØ,4266,SÅ/86,1380,VB/86,1383,137,3.3,true
RØ,4266,VB/86,1384,RU/86,1387,137,4.0,true
RØ,4266,RU/86,1388,OK/86,1391,137,3.0,true
RØ,4266,OK/86,1392,NI/86,1395,137,3.4,true
RØ,4266,NI/86,1396,HUM/86,1399,67,3.8,true
RØ,4266,HUM/86,1400,GÆ/86,1403,67,3.7,true
RØ,4266,GÆ/86,1404,SQ/86,1407,67,2.7,true
RØ,4266,SQ/86,1408,HG/86,1412,67,3.5,true
RØ,4266,HG/86,1412,End,1412,0,0.0,true
RØ,4267,Start,988,HG/86,988,0,0.0,true
RØ,4267,HG/86,988,SQ/86,991,44,3.5,true
RØ,4267,SQ/86,992,GÆ/86,994,44,2.7,true
RØ,4267,GÆ/86,995,HUM/86,998,44,3.7,true
RØ,4267,HUM/86,999,NI/86,1002,44,3.8,true
RØ,4267,NI/86,1003,OK/86,1007,105,3.4,true
RØ,4267,OK/86,1008,RU/86,1010,105,3.0,true
RØ,4267,RU/86,1011,VB/86,1014,105,4.0,true
RØ,4267,VB/86,1015,SÅ/86,1018,105,3.3,true
RØ,4267,SÅ/86,1019,KL/86,1023,105,5.5,true
RØ,4267,KL/86,1024,HL/86,1029,105,5.5,true
RØ,4267,HL/86,1030,HGL/86,1032,105,2.6,true
RØ,4267,HGL/86,1032,KK/86,1035,105,2.1,true
RØ,4267,KK/86,1037,KN/86,1039,180,1.6,true
RØ,4267,KN/86,1040,KH/86,1043,180,1.5,true
RØ,4267,KH/86,1046,VAL/86,1050,344,3.9,true
RØ,4267,VAL/86,1051,HIF/86,1053,344,3.4,true
RØ,4267,HIF/86,1053,HTÅ/86,1060,344,12.2,true
RØ,4267,HTÅ/86,1061,HH/86,1065,349,4.7,true
RØ,4267,HH/86,1066,TRK/86,1069,349,4.0,true
RØ,4267,TRK/86,1070,RO/86,1073,349,3.1,true
RØ,4267,RO/86,1074,VY/86,1080,142,11.2,true
RØ,4267,VY/86,1081,BO/86,1086,142,7.2,true
RØ,4267,BO/86,1087,KY/86,1090,142,6.9,true
RØ,4267,KY/86,1090,RG/86,1095,142,7.3,true
RØ,4267,RG/86,1096,GZ/86,1102,89,12.0,true
RØ,4267,GZ/86,1103,NÆ/86,1112,89,14.8,true
RØ,4267,NÆ/86,1112,End,1112,0,0.0,true
RØ,4270,Start,1417,KH/86,1417,0,0.0,true
RØ,4270,KH/86,1417,KN/86,1419,78,1.5,true
RØ,4270,KN/86,1420,KK/86,1423,78,1.6,true
RØ,4270,KK/86,1424,HGL/86,1426,137,2.1,true
RØ,4270,HGL/86,1426,HL/86,1429,137,2.6,true
RØ,4270,HL/86,1430,KL/86,1434,137,5.5,true
RØ,4270,KL/86,1435,SÅ/86,1439,137,5.5,true
RØ,4270,SÅ/86,1440,VB/86,1443,137,3.3,true
RØ,4270,VB/86,1444,RU/86,1447,137,4.0,true
RØ,4270,RU/86,1448,OK/86,1451,137,3.0,true
RØ,4270,OK/86,1452,NI/86,1455,137,3.4,true
RØ,4270,NI/86,1456,HUM/86,1459,63,3.8,true
RØ,4270,HUM/86,1460,GÆ/86,1463,63,3.7,true
RØ,4270,GÆ/86,1464,SQ/86,1467,63,2.7,true
RØ,4270,SQ/86,1468,HG/86,1472,63,3.5,true
RØ,4270,HG/86,1472,End,1472,0,0.0,true
RØ,4271,Start,1048,HG/86,1048,0,0.0,true
RØ,4271,HG/86,1048,SQ/86,1051,25,3.5,true
RØ,4271,SQ/86,1052,GÆ/86,1054,25,2.7,true
RØ,4271,GÆ/86,1055,HUM/86,1058,25,3.7,true
RØ,4271,HUM/86,1059,NI/86,1062,25,3.8,true
RØ,4271,NI/86,1063,OK/86,1067,63,3.4,true
RØ,4271,OK/86,1068,RU/86,1070,63,3.0,true
RØ,4271,RU/86,1071,VB/86,1074,63,4.0,true
RØ,4271,VB/86,1075,SÅ/86,1078,63,3.3,true
RØ,4271,SÅ/86,1079,KL/86,1083,63,5.5,true
RØ,4271,KL/86,1084,HL/86,1089,63,5.5,true
RØ,4271,HL/86,1090,HGL/86,1092,63,2.6,true
RØ,4271,HGL/86,1092,KK/86,1095,63,2.1,true
RØ,4271,KK/86,1097,KN/86,1099,75,1.6,true
RØ,4271,KN/86,1100,KH/86,1103,75,1.5,true
RØ,4271,KH/86,1106,VAL/86,1110,135,3.9,true
RØ,4271,VAL/86,1111,HIF/86,1113,135,3.4,true
RØ,4271,HIF/86,1113,HTÅ/86,1120,135,12.2,true
RØ,4271,HTÅ/86,1121,HH/86,1125,115,4.7,true
RØ,4271,HH/86,1126,TRK/86,1129,115,4.0,true
RØ,4271,TRK/86,1130,RO/86,1133,115,3.1,true
RØ,4271,RO/86,1133,End,1133,0,0.0,true
RØ,4274,Start,37,KH/86,37,0,0.0,true
RØ,4274,KH/86,37,KN/86,39,25,1.5,true
RØ,4274,KN/86,40,KK/86,43,25,1.6,true
RØ,4274,KK/86,44,HGL/86,46,32,2.1,true
RØ,4274,HGL/86,46,HL/86,49,32,2.6,true
RØ,4274,HL/86,50,KL/86,54,32,5.5,true
RØ,4274,KL/86,55,SÅ/86,59,32,5.5,true
RØ,4274,SÅ/86,60,VB/86,63,32,3.3,true
RØ,4274,VB/86,64,RU/86,67,32,4.0,true
RØ,4274,RU/86,68,OK/86,71,32,3.0,true
RØ,4274,OK/86,72,NI/86,75,32,3.4,true
RØ,4274,NI/86,76,HUM/86,79,12,3.8,true
RØ,4274,HUM/86,80,GÆ/86,83,12,3.7,true
RØ,4274,GÆ/86,84,SQ/86,87,12,2.7,true
RØ,4274,SQ/86,88,HG/86,92,12,3.5,true
RØ,4274,HG/86,92,End,92,0,0.0,true
RØ,4275,Start,1108,HG/86,1108,0,0.0,true
RØ,4275,HG/86,1108,SQ/86,1111,15,3.5,true
RØ,4275,SQ/86,1112,GÆ/86,1114,15,2.7,true
RØ,4275,GÆ/86,1115,HUM/86,1118,15,3.7,true
RØ,4275,HUM/86,1119,NI/86,1122,15,3.8,true
RØ,4275,NI/86,1123,OK/86,1127,32,3.4,true
RØ,4275,OK/86,1128,RU/86,1130,32,3.0,true
RØ,4275,RU/86,1131,VB/86,1134,32,4.0,true
RØ,4275,VB/86,1135,SÅ/86,1138,32,3.3,true
RØ,4275,SÅ/86,1139,KL/86,1143,32,5.5,true
RØ,4275,KL/86,1144,HL/86,1149,32,5.5,true
RØ,4275,HL/86,1150,HGL/86,1152,32,2.6,true
RØ,4275,HGL/86,1152,KK/86,1155,32,2.1,true
RØ,4275,KK/86,1157,KN/86,1159,46,1.6,true
RØ,4275,KN/86,1160,KH/86,1163,46,1.5,true
RØ,4275,KH/86,1166,VAL/86,1170,84,3.9,true
RØ,4275,VAL/86,1171,HIF/86,1173,84,3.4,true
RØ,4275,HIF/86,1173,HTÅ/86,1180,84,12.2,true
RØ,4275,HTÅ/86,1181,HH/86,1185,78,4.7,true
RØ,4275,HH/86,1186,TRK/86,1189,78,4.0,true
RØ,4275,TRK/86,1190,RO/86,1193,78,3.1,true
RØ,4275,RO/86,1193,End,1193,0,0.0,true
RØ,4279,Start,1168,HG/86,1168,0,0.0,true
RØ,4279,HG/86,1168,SQ/86,1171,25,3.5,true
RØ,4279,SQ/86,1172,GÆ/86,1174,25,2.7,true
RØ,4279,GÆ/86,1175,HUM/86,1178,25,3.7,true
RØ,4279,HUM/86,1179,NI/86,1182,25,3.8,true
RØ,4279,NI/86,1183,OK/86,1187,46,3.4,true
RØ,4279,OK/86,1188,RU/86,1190,46,3.0,true
RØ,4279,RU/86,1191,VB/86,1194,46,4.0,true
RØ,4279,VB/86,1195,SÅ/86,1198,46,3.3,true
RØ,4279,SÅ/86,1199,KL/86,1203,46,5.5,true
RØ,4279,KL/86,1204,HL/86,1209,46,5.5,true
RØ,4279,HL/86,1210,HGL/86,1212,46,2.6,true
RØ,4279,HGL/86,1212,KK/86,1215,46,2.1,true
RØ,4279,KK/86,1217,KN/86,1219,83,1.6,true
RØ,4279,KN/86,1220,KH/86,1223,83,1.5,true
RØ,4279,KH/86,1226,VAL/86,1230,163,3.9,true
RØ,4279,VAL/86,1231,HIF/86,1233,163,3.4,true
RØ,4279,HIF/86,1233,HTÅ/86,1240,163,12.2,true
RØ,4279,HTÅ/86,1241,HH/86,1245,120,4.7,true
RØ,4279,HH/86,1246,TRK/86,1249,120,4.0,true
RØ,4279,TRK/86,1250,RO/86,1253,120,3.1,true
RØ,4279,RO/86,1253,End,1253,0,0.0,true
IC,428,Start,590,AR/86,590,0,0.0,true
IC,428,AR/86,590,KGV/86,592,69,3.0,false
IC,428,KGV/86,592,SD/86,602,69,19.8,false
IC,428,SD/86,603,HÅ/86,610,68,14.1,false
IC,428,HÅ/86,610,HS/86,617,68,14.5,false
IC,428,HS/86,619,HED/86,626,65,16.3,false
IC,428,HED/86,626,VJ/86,633,65,15.1,false
IC,428,VJ/86,635,BET/86,641,58,10.9,false
IC,428,BET/86,641,FA/86,649,58,14.8,false
IC,428,FA/86,649,End,649,0,0.0,true
RØ,4283,Start,1228,HG/86,1228,0,0.0,true
RØ,4283,HG/86,1228,SQ/86,1231,74,3.5,true
RØ,4283,SQ/86,1232,GÆ/86,1234,74,2.7,true
RØ,4283,GÆ/86,1235,HUM/86,1238,74,3.7,true
RØ,4283,HUM/86,1239,NI/86,1242,74,3.8,true
RØ,4283,NI/86,1243,OK/86,1247,78,3.4,true
RØ,4283,OK/86,1248,RU/86,1250,78,3.0,true
RØ,4283,RU/86,1251,VB/86,1254,78,4.0,true
RØ,4283,VB/86,1255,SÅ/86,1258,78,3.3,true
RØ,4283,SÅ/86,1259,KL/86,1263,78,5.5,true
RØ,4283,KL/86,1264,HL/86,1269,78,5.5,true
RØ,4283,HL/86,1270,HGL/86,1272,78,2.6,true
RØ,4283,HGL/86,1272,KK/86,1275,78,2.1,true
RØ,4283,KK/86,1277,KN/86,1279,71,1.6,true
RØ,4283,KN/86,1280,KH/86,1283,71,1.5,true
RØ,4283,KH/86,1283,End,1283,0,0.0,true
RØ,4287,Start,1288,HG/86,1288,0,0.0,true
RØ,4287,HG/86,1288,SQ/86,1291,19,3.5,true
RØ,4287,SQ/86,1292,GÆ/86,1294,19,2.7,true
RØ,4287,GÆ/86,1295,HUM/86,1298,19,3.7,true
RØ,4287,HUM/86,1299,NI/86,1302,19,3.8,true
RØ,4287,NI/86,1303,OK/86,1307,26,3.4,true
RØ,4287,OK/86,1308,RU/86,1310,26,3.0,true
RØ,4287,RU/86,1311,VB/86,1314,26,4.0,true
RØ,4287,VB/86,1315,SÅ/86,1318,26,3.3,true
RØ,4287,SÅ/86,1319,KL/86,1323,26,5.5,true
RØ,4287,KL/86,1324,HL/86,1329,26,5.5,true
RØ,4287,HL/86,1330,HGL/86,1332,26,2.6,true
RØ,4287,HGL/86,1332,KK/86,1335,26,2.1,true
RØ,4287,KK/86,1337,KN/86,1339,15,1.6,true
RØ,4287,KN/86,1340,KH/86,1343,15,1.5,true
RØ,4287,KH/86,1343,End,1343,0,0.0,true
IC,429,Start,609,FA/86,609,0,0.0,true
IC,429,FA/86,609,BK/86,615,72,11.9,false
IC,429,BK/86,615,VJ/86,622,72,13.8,false
IC,429,VJ/86,624,HED/86,631,85,15.1,false
IC,429,HED/86,631,HS/86,638,85,16.3,false
IC,429,HS/86,640,HÅ/86,647,92,14.5,false
IC,429,HÅ/86,647,SD/86,654,92,14.1,false
IC,429,SD/86,655,HX/86,660,89,8.5,false
IC,429,HX/86,660,AR/86,668,89,14.3,false
IC,429,AR/86,668,End,668,0,0.0,true
RØ,4291,Start,1348,HG/86,1348,0,0.0,true
RØ,4291,HG/86,1348,SQ/86,1351,24,3.5,true
RØ,4291,SQ/86,1352,GÆ/86,1354,24,2.7,true
RØ,4291,GÆ/86,1355,HUM/86,1358,24,3.7,true
RØ,4291,HUM/86,1359,NI/86,1362,24,3.8,true
RØ,4291,NI/86,1363,OK/86,1367,36,3.4,true
RØ,4291,OK/86,1368,RU/86,1370,36,3.0,true
RØ,4291,RU/86,1371,VB/86,1374,36,4.0,true
RØ,4291,VB/86,1375,SÅ/86,1378,36,3.3,true
RØ,4291,SÅ/86,1379,KL/86,1383,36,5.5,true
RØ,4291,KL/86,1384,HL/86,1389,36,5.5,true
RØ,4291,HL/86,1390,HGL/86,1392,36,2.6,true
RØ,4291,HGL/86,1392,KK/86,1395,36,2.1,true
RØ,4291,KK/86,1397,KN/86,1399,23,1.6,true
RØ,4291,KN/86,1400,KH/86,1403,23,1.5,true
RØ,4291,KH/86,1403,End,1403,0,0.0,true
L,43,Start,686,CPH/86,686,0,0.0,true
L,43,CPH/86,686,TÅT/86,689,40,3.3,true
L,43,TÅT/86,689,KH/86,700,40,8.5,true
L,43,KH/86,712,GB/86,715,324,3.2,true
L,43,GB/86,715,OD/86,783,324,154.9,true
L,43,OD/86,786,HP/86,790,309,8.6,true
L,43,HP/86,790,FA/86,814,309,51.7,true
L,43,FA/86,818,BK/86,824,278,11.9,false
L,43,BK/86,824,VJ/86,831,278,13.8,false
L,43,VJ/86,833,HED/86,841,261,15.1,false
L,43,HED/86,841,HS/86,848,261,16.3,false
L,43,HS/86,850,HÅ/86,857,256,14.5,false
L,43,HÅ/86,857,SD/86,864,256,14.1,false
L,43,SD/86,865,HX/86,870,237,8.5,false
L,43,HX/86,870,AR/86,878,237,14.3,false
L,43,AR/86,878,End,878,0,0.0,true
IC,432,Start,650,AR/86,650,0,0.0,true
IC,432,AR/86,650,KGV/86,652,92,3.0,false
IC,432,KGV/86,652,SD/86,662,92,19.8,false
IC,432,SD/86,663,HÅ/86,670,96,14.1,false
IC,432,HÅ/86,670,HS/86,677,96,14.5,false
IC,432,HS/86,679,HED/86,686,95,16.3,false
IC,432,HED/86,686,VJ/86,693,95,15.1,false
IC,432,VJ/86,695,BET/86,701,93,10.9,false
IC,432,BET/86,701,FA/86,709,93,14.8,false
IC,432,FA/86,709,End,709,0,0.0,true
IC,433,Start,669,FA/86,669,0,0.0,true
IC,433,FA/86,669,BK/86,675,98,11.9,false
IC,433,BK/86,675,VJ/86,682,98,13.8,false
IC,433,VJ/86,684,HED/86,691,111,15.1,false
IC,433,HED/86,691,HS/86,698,111,16.3,false
IC,433,HS/86,700,HÅ/86,707,119,14.5,false
IC,433,HÅ/86,707,SD/86,714,119,14.1,false
IC,433,SD/86,715,HX/86,720,116,8.5,false
IC,433,HX/86,720,AR/86,728,116,14.3,false
IC,433,AR/86,728,End,728,0,0.0,true
IC,437,Start,729,FA/86,729,0,0.0,true
IC,437,FA/86,729,BK/86,735,120,11.9,false
IC,437,BK/86,735,VJ/86,742,120,13.8,false
IC,437,VJ/86,744,HED/86,751,133,15.1,false
IC,437,HED/86,751,HS/86,758,133,16.3,false
IC,437,HS/86,760,HÅ/86,767,135,14.5,false
IC,437,HÅ/86,767,SD/86,774,135,14.1,false
IC,437,SD/86,775,HX/86,780,131,8.5,false
IC,437,HX/86,780,AR/86,788,131,14.3,false
IC,437,AR/86,788,End,788,0,0.0,true
IC,440,Start,770,AR/86,770,0,0.0,true
IC,440,AR/86,770,KGV/86,772,111,3.0,false
IC,440,KGV/86,772,SD/86,782,111,19.8,false
IC,440,SD/86,783,HÅ/86,790,113,14.1,false
IC,440,HÅ/86,790,HS/86,797,113,14.5,false
IC,440,HS/86,799,HED/86,806,112,16.3,false
IC,440,HED/86,806,VJ/86,813,112,15.1,false
IC,440,VJ/86,815,BET/86,821,109,10.9,false
IC,440,BET/86,821,FA/86,829,109,14.8,false
IC,440,FA/86,829,End,829,0,0.0,true
RØ,4402,Start,306,NÆ/86,306,0,0.0,true
RØ,4402,NÆ/86,306,NÆN/86,309,39,3.1,true
RØ,4402,NÆN/86,310,OL/86,314,39,4.3,true
RØ,4402,OL/86,315,HZ/86,321,39,10.9,true
RØ,4402,HZ/86,322,TH/86,327,39,8.8,true
RØ,4402,TH/86,330,HF/86,334,39,6.4,true
RØ,4402,HF/86,335,KJ/86,339,39,5.5,true
RØ,4402,KJ/86,345,ØLB/86,347,72,2.7,true
RØ,4402,ØLB/86,348,KJN/86,351,72,2.2,true
RØ,4402,KJN/86,352,JSF/86,353,81,2.5,true
RØ,4402,JSF/86,353,NEL/86,366,81,28.2,true
RØ,4402,NEL/86,367,GB/86,369,81,1.4,true
RØ,4402,GB/86,369,KH/86,373,81,3.2,true
RØ,4402,KH/86,373,End,373,0,0.0,true
RØ,4406,Start,366,NÆ/86,366,0,0.0,true
RØ,4406,NÆ/86,366,NÆN/86,369,75,3.1,true
RØ,4406,NÆN/86,370,OL/86,374,75,4.3,true
RØ,4406,OL/86,375,HZ/86,381,75,10.9,true
RØ,4406,HZ/86,382,TH/86,387,75,8.8,true
RØ,4406,TH/86,390,HF/86,394,75,6.4,true
RØ,4406,HF/86,395,KJ/86,399,75,5.5,true
RØ,4406,KJ/86,405,ØLB/86,407,201,2.7,true
RØ,4406,ØLB/86,408,KJN/86,411,201,2.2,true
RØ,4406,KJN/86,412,JSF/86,413,253,2.5,true
RØ,4406,JSF/86,413,NEL/86,426,253,28.2,true
RØ,4406,NEL/86,427,GB/86,429,253,1.4,true
RØ,4406,GB/86,429,KH/86,433,253,3.2,true
RØ,4406,KH/86,433,End,433,0,0.0,true
RØ,4410,Start,426,NÆ/86,426,0,0.0,true
RØ,4410,NÆ/86,426,NÆN/86,429,119,3.1,true
RØ,4410,NÆN/86,430,OL/86,434,119,4.3,true
RØ,4410,OL/86,435,HZ/86,441,119,10.9,true
RØ,4410,HZ/86,442,TH/86,447,119,8.8,true
RØ,4410,TH/86,450,HF/86,454,119,6.4,true
RØ,4410,HF/86,455,KJ/86,459,119,5.5,true
RØ,4410,KJ/86,465,ØLB/86,467,258,2.7,true
RØ,4410,ØLB/86,468,KJN/86,471,258,2.2,true
RØ,4410,KJN/86,472,JSF/86,473,307,2.5,true
RØ,4410,JSF/86,473,NEL/86,486,307,28.2,true
RØ,4410,NEL/86,487,GB/86,489,307,1.4,true
RØ,4410,GB/86,489,KH/86,493,307,3.2,true
RØ,4410,KH/86,493,End,493,0,0.0,true
RØ,4414,Start,486,NÆ/86,486,0,0.0,true
RØ,4414,NÆ/86,486,NÆN/86,489,42,3.1,true
RØ,4414,NÆN/86,490,OL/86,494,42,4.3,true
RØ,4414,OL/86,495,HZ/86,501,42,10.9,true
RØ,4414,HZ/86,502,TH/86,507,42,8.8,true
RØ,4414,TH/86,510,HF/86,514,42,6.4,true
RØ,4414,HF/86,515,KJ/86,519,42,5.5,true
RØ,4414,KJ/86,525,ØLB/86,527,104,2.7,true
RØ,4414,ØLB/86,528,KJN/86,531,104,2.2,true
RØ,4414,KJN/86,532,JSF/86,533,124,2.5,true
RØ,4414,JSF/86,533,NEL/86,546,124,28.2,true
RØ,4414,NEL/86,547,GB/86,549,124,1.4,true
RØ,4414,GB/86,549,KH/86,553,124,3.2,true
RØ,4414,KH/86,556,KN/86,558,46,1.5,true
RØ,4414,KN/86,559,KK/86,562,46,1.6,true
RØ,4414,KK/86,562,End,562,0,0.0,true
RØ,4418,Start,546,NÆ/86,546,0,0.0,true
RØ,4418,NÆ/86,546,NÆN/86,549,39,3.1,true
RØ,4418,NÆN/86,550,OL/86,554,39,4.3,true
RØ,4418,OL/86,555,HZ/86,561,39,10.9,true
RØ,4418,HZ/86,562,TH/86,567,39,8.8,true
RØ,4418,TH/86,570,HF/86,574,39,6.4,true
RØ,4418,HF/86,575,KJ/86,579,39,5.5,true
RØ,4418,KJ/86,585,ØLB/86,587,74,2.7,true
RØ,4418,ØLB/86,588,KJN/86,591,74,2.2,true
RØ,4418,KJN/86,592,JSF/86,593,85,2.5,true
RØ,4418,JSF/86,593,NEL/86,606,85,28.2,true
RØ,4418,NEL/86,607,GB/86,609,85,1.4,true
RØ,4418,GB/86,609,KH/86,613,85,3.2,true
RØ,4418,KH/86,616,KN/86,618,41,1.5,true
RØ,4418,KN/86,619,KK/86,622,41,1.6,true
RØ,4418,KK/86,622,End,622,0,0.0,true
RØ,4421,Start,347,KH/86,347,0,0.0,true
RØ,4421,KH/86,347,GB/86,350,28,3.2,true
RØ,4421,GB/86,350,NEL/86,351,28,1.4,true
RØ,4421,NEL/86,352,IG/86,353,28,1.6,true
RØ,4421,IG/86,353,KJN/86,366,28,29.1,true
RØ,4421,KJN/86,367,ØLB/86,370,25,2.2,true
RØ,4421,ØLB/86,371,KJ/86,373,25,2.7,true
RØ,4421,KJ/86,379,HF/86,383,14,5.5,true
RØ,4421,HF/86,384,TH/86,389,14,6.4,true
RØ,4421,TH/86,390,HZ/86,395,14,8.8,true
RØ,4421,HZ/86,396,OL/86,402,14,10.9,true
RØ,4421,OL/86,404,NÆN/86,407,14,4.3,true
RØ,4421,NÆN/86,408,NÆ/86,412,14,3.1,true
RØ,4421,NÆ/86,412,End,412,0,0.0,true
RØ,4422,Start,606,NÆ/86,606,0,0.0,true
RØ,4422,NÆ/86,606,NÆN/86,609,23,3.1,true
RØ,4422,NÆN/86,610,OL/86,614,23,4.3,true
RØ,4422,OL/86,615,HZ/86,621,23,10.9,true
RØ,4422,HZ/86,622,TH/86,627,23,8.8,true
RØ,4422,TH/86,630,HF/86,634,23,6.4,true
RØ,4422,HF/86,635,KJ/86,639,23,5.5,true
RØ,4422,KJ/86,645,ØLB/86,647,52,2.7,true
RØ,4422,ØLB/86,648,KJN/86,651,52,2.2,true
RØ,4422,KJN/86,652,JSF/86,653,61,2.5,true
RØ,4422,JSF/86,653,NEL/86,666,61,28.2,true
RØ,4422,NEL/86,667,GB/86,669,61,1.4,true
RØ,4422,GB/86,669,KH/86,673,61,3.2,true
RØ,4422,KH/86,676,KN/86,678,31,1.5,true
RØ,4422,KN/86,679,KK/86,682,31,1.6,true
RØ,4422,KK/86,682,End,682,0,0.0,true
RØ,4425,Start,398,KK/86,398,0,0.0,true
RØ,4425,KK/86,398,KN/86,400,24,1.6,true
RØ,4425,KN/86,401,KH/86,404,24,1.5,true
RØ,4425,KH/86,407,GB/86,410,74,3.2,true
RØ,4425,GB/86,410,NEL/86,411,74,1.4,true
RØ,4425,NEL/86,412,IG/86,413,74,1.6,true
RØ,4425,IG/86,413,KJN/86,426,74,29.1,true
RØ,4425,KJN/86,427,ØLB/86,430,67,2.2,true
RØ,4425,ØLB/86,431,KJ/86,433,67,2.7,true
RØ,4425,KJ/86,439,HF/86,443,33,5.5,true
RØ,4425,HF/86,444,TH/86,449,33,6.4,true
RØ,4425,TH/86,450,HZ/86,455,33,8.8,true
RØ,4425,HZ/86,456,OL/86,462,33,10.9,true
RØ,4425,OL/86,464,NÆN/86,467,33,4.3,true
RØ,4425,NÆN/86,468,NÆ/86,472,33,3.1,true
RØ,4425,NÆ/86,472,End,472,0,0.0,true
RØ,4426,Start,666,NÆ/86,666,0,0.0,true
RØ,4426,NÆ/86,666,NÆN/86,669,20,3.1,true
RØ,4426,NÆN/86,670,OL/86,674,20,4.3,true
RØ,4426,OL/86,675,HZ/86,681,20,10.9,true
RØ,4426,HZ/86,682,TH/86,687,20,8.8,true
RØ,4426,TH/86,690,HF/86,694,20,6.4,true
RØ,4426,HF/86,695,KJ/86,699,20,5.5,true
RØ,4426,KJ/86,705,ØLB/86,707,46,2.7,true
RØ,4426,ØLB/86,708,KJN/86,711,46,2.2,true
RØ,4426,KJN/86,712,JSF/86,713,54,2.5,true
RØ,4426,JSF/86,713,NEL/86,726,54,28.2,true
RØ,4426,NEL/86,727,GB/86,729,54,1.4,true
RØ,4426,GB/86,729,KH/86,733,54,3.2,true
RØ,4426,KH/86,736,KN/86,738,32,1.5,true
RØ,4426,KN/86,739,KK/86,742,32,1.6,true
RØ,4426,KK/86,742,End,742,0,0.0,true
RØ,4429,Start,467,KH/86,467,0,0.0,true
RØ,4429,KH/86,467,GB/86,470,66,3.2,true
RØ,4429,GB/86,470,NEL/86,471,66,1.4,true
RØ,4429,NEL/86,472,IG/86,473,66,1.6,true
RØ,4429,IG/86,473,KJN/86,486,66,29.1,true
RØ,4429,KJN/86,487,ØLB/86,490,57,2.2,true
RØ,4429,ØLB/86,491,KJ/86,493,57,2.7,true
RØ,4429,KJ/86,499,HF/86,503,18,5.5,true
RØ,4429,HF/86,504,TH/86,509,18,6.4,true
RØ,4429,TH/86,510,HZ/86,515,18,8.8,true
RØ,4429,HZ/86,516,OL/86,522,18,10.9,true
RØ,4429,OL/86,524,NÆN/86,527,18,4.3,true
RØ,4429,NÆN/86,528,NÆ/86,532,18,3.1,true
RØ,4429,NÆ/86,532,End,532,0,0.0,true
RØ,4430,Start,726,NÆ/86,726,0,0.0,true
RØ,4430,NÆ/86,726,NÆN/86,729,28,3.1,true
RØ,4430,NÆN/86,730,OL/86,734,28,4.3,true
RØ,4430,OL/86,735,HZ/86,741,28,10.9,true
RØ,4430,HZ/86,742,TH/86,747,28,8.8,true
RØ,4430,TH/86,750,HF/86,754,28,6.4,true
RØ,4430,HF/86,755,KJ/86,759,28,5.5,true
RØ,4430,KJ/86,765,ØLB/86,767,38,2.7,true
RØ,4430,ØLB/86,768,KJN/86,771,38,2.2,true
RØ,4430,KJN/86,772,JSF/86,773,44,2.5,true
RØ,4430,JSF/86,773,NEL/86,786,44,28.2,true
RØ,4430,NEL/86,787,GB/86,789,44,1.4,true
RØ,4430,GB/86,789,KH/86,793,44,3.2,true
RØ,4430,KH/86,796,KN/86,798,20,1.5,true
RØ,4430,KN/86,799,KK/86,802,20,1.6,true
RØ,4430,KK/86,802,End,802,0,0.0,true
RØ,4433,Start,527,KH/86,527,0,0.0,true
RØ,4433,KH/86,527,GB/86,530,39,3.2,true
RØ,4433,GB/86,530,NEL/86,531,39,1.4,true
RØ,4433,NEL/86,532,IG/86,533,39,1.6,true
RØ,4433,IG/86,533,KJN/86,546,39,29.1,true
RØ,4433,KJN/86,547,ØLB/86,550,36,2.2,true
RØ,4433,ØLB/86,551,KJ/86,553,36,2.7,true
RØ,4433,KJ/86,559,HF/86,563,10,5.5,true
RØ,4433,HF/86,564,TH/86,569,10,6.4,true
RØ,4433,TH/86,570,HZ/86,575,10,8.8,true
RØ,4433,HZ/86,576,OL/86,582,10,10.9,true
RØ,4433,OL/86,584,NÆN/86,587,10,4.3,true
RØ,4433,NÆN/86,588,NÆ/86,592,10,3.1,true
RØ,4433,NÆ/86,592,End,592,0,0.0,true
RØ,4434,Start,786,NÆ/86,786,0,0.0,true
RØ,4434,NÆ/86,786,NÆN/86,789,22,3.1,true
RØ,4434,NÆN/86,790,OL/86,794,22,4.3,true
RØ,4434,OL/86,795,HZ/86,801,22,10.9,true
RØ,4434,HZ/86,802,TH/86,807,22,8.8,true
RØ,4434,TH/86,810,HF/86,814,22,6.4,true
RØ,4434,HF/86,815,KJ/86,819,22,5.5,true
RØ,4434,KJ/86,825,ØLB/86,827,53,2.7,true
RØ,4434,ØLB/86,828,KJN/86,831,53,2.2,true
RØ,4434,KJN/86,832,JSF/86,833,58,2.5,true
RØ,4434,JSF/86,833,NEL/86,846,58,28.2,true
RØ,4434,NEL/86,847,GB/86,849,58,1.4,true
RØ,4434,GB/86,849,KH/86,853,58,3.2,true
RØ,4434,KH/86,853,End,853,0,0.0,true
RØ,4437,Start,587,KH/86,587,0,0.0,true
RØ,4437,KH/86,587,GB/86,590,32,3.2,true
RØ,4437,GB/86,590,NEL/86,591,32,1.4,true
RØ,4437,NEL/86,592,IG/86,593,32,1.6,true
RØ,4437,IG/86,593,KJN/86,606,32,29.1,true
RØ,4437,KJN/86,607,ØLB/86,610,31,2.2,true
RØ,4437,ØLB/86,611,KJ/86,613,31,2.7,true
RØ,4437,KJ/86,619,HF/86,623,11,5.5,true
RØ,4437,HF/86,624,TH/86,629,11,6.4,true
RØ,4437,TH/86,630,HZ/86,635,11,8.8,true
RØ,4437,HZ/86,636,OL/86,642,11,10.9,true
RØ,4437,OL/86,644,NÆN/86,647,11,4.3,true
RØ,4437,NÆN/86,648,NÆ/86,652,11,3.1,true
RØ,4437,NÆ/86,652,End,652,0,0.0,true
RØ,4438,Start,846,NÆ/86,846,0,0.0,true
RØ,4438,NÆ/86,846,NÆN/86,849,29,3.1,true
RØ,4438,NÆN/86,850,OL/86,854,29,4.3,true
RØ,4438,OL/86,855,HZ/86,861,29,10.9,true
RØ,4438,HZ/86,862,TH/86,867,29,8.8,true
RØ,4438,TH/86,870,HF/86,874,29,6.4,true
RØ,4438,HF/86,875,KJ/86,879,29,5.5,true
RØ,4438,KJ/86,885,ØLB/86,887,55,2.7,true
RØ,4438,ØLB/86,888,KJN/86,891,55,2.2,true
RØ,4438,KJN/86,892,JSF/86,893,63,2.5,true
RØ,4438,JSF/86,893,NEL/86,906,63,28.2,true
RØ,4438,NEL/86,907,GB/86,909,63,1.4,true
RØ,4438,GB/86,909,KH/86,913,63,3.2,true
RØ,4438,KH/86,913,End,913,0,0.0,true
IC,444,Start,830,AR/86,830,0,0.0,true
IC,444,AR/86,830,KGV/86,832,182,3.0,false
IC,444,KGV/86,832,SD/86,842,182,19.8,false
IC,444,SD/86,843,HÅ/86,850,192,14.1,false
IC,444,HÅ/86,850,HS/86,857,192,14.5,false
IC,444,HS/86,859,HED/86,866,213,16.3,false
IC,444,HED/86,866,VJ/86,873,213,15.1,false
IC,444,VJ/86,875,BET/86,881,230,10.9,false
IC,444,BET/86,881,FA/86,889,230,14.8,false
IC,444,FA/86,889,End,889,0,0.0,true
RØ,4441,Start,638,KK/86,638,0,0.0,true
RØ,4441,KK/86,638,KN/86,640,15,1.6,true
RØ,4441,KN/86,641,KH/86,644,15,1.5,true
RØ,4441,KH/86,647,GB/86,650,35,3.2,true
RØ,4441,GB/86,650,NEL/86,651,35,1.4,true
RØ,4441,NEL/86,652,IG/86,653,35,1.6,true
RØ,4441,IG/86,653,KJN/86,666,35,29.1,true
RØ,4441,KJN/86,667,ØLB/86,670,29,2.2,true
RØ,4441,ØLB/86,671,KJ/86,673,29,2.7,true
RØ,4441,KJ/86,679,HF/86,683,14,5.5,true
RØ,4441,HF/86,684,TH/86,689,14,6.4,true
RØ,4441,TH/86,690,HZ/86,695,14,8.8,true
RØ,4441,HZ/86,696,OL/86,702,14,10.9,true
RØ,4441,OL/86,704,NÆN/86,707,14,4.3,true
RØ,4441,NÆN/86,708,NÆ/86,712,14,3.1,true
RØ,4441,NÆ/86,712,End,712,0,0.0,true
RØ,4442,Start,906,NÆ/86,906,0,0.0,true
RØ,4442,NÆ/86,906,NÆN/86,909,32,3.1,true
RØ,4442,NÆN/86,910,OL/86,914,32,4.3,true
RØ,4442,OL/86,915,HZ/86,921,32,10.9,true
RØ,4442,HZ/86,922,TH/86,927,32,8.8,true
RØ,4442,TH/86,930,HF/86,934,32,6.4,true
RØ,4442,HF/86,935,KJ/86,939,32,5.5,true
RØ,4442,KJ/86,945,ØLB/86,947,74,2.7,true
RØ,4442,ØLB/86,948,KJN/86,951,74,2.2,true
RØ,4442,KJN/86,952,JSF/86,953,90,2.5,true
RØ,4442,JSF/86,953,NEL/86,966,90,28.2,true
RØ,4442,NEL/86,967,GB/86,969,90,1.4,true
RØ,4442,GB/86,969,KH/86,973,90,3.2,true
RØ,4442,KH/86,973,End,973,0,0.0,true
RØ,4445,Start,698,KK/86,698,0,0.0,true
RØ,4445,KK/86,698,KN/86,700,17,1.6,true
RØ,4445,KN/86,701,KH/86,704,17,1.5,true
RØ,4445,KH/86,707,GB/86,710,46,3.2,true
RØ,4445,GB/86,710,NEL/86,711,46,1.4,true
RØ,4445,NEL/86,712,IG/86,713,46,1.6,true
RØ,4445,IG/86,713,KJN/86,726,46,29.1,true
RØ,4445,KJN/86,727,ØLB/86,730,42,2.2,true
RØ,4445,ØLB/86,731,KJ/86,733,42,2.7,true
RØ,4445,KJ/86,739,HF/86,743,18,5.5,true
RØ,4445,HF/86,744,TH/86,749,18,6.4,true
RØ,4445,TH/86,750,HZ/86,755,18,8.8,true
RØ,4445,HZ/86,756,OL/86,762,18,10.9,true
RØ,4445,OL/86,764,NÆN/86,767,18,4.3,true
RØ,4445,NÆN/86,768,NÆ/86,772,18,3.1,true
RØ,4445,NÆ/86,772,End,772,0,0.0,true
RØ,4446,Start,966,NÆ/86,966,0,0.0,true
RØ,4446,NÆ/86,966,NÆN/86,969,25,3.1,true
RØ,4446,NÆN/86,970,OL/86,974,25,4.3,true
RØ,4446,OL/86,975,HZ/86,981,25,10.9,true
RØ,4446,HZ/86,982,TH/86,987,25,8.8,true
RØ,4446,TH/86,990,HF/86,994,25,6.4,true
RØ,4446,HF/86,995,KJ/86,999,25,5.5,true
RØ,4446,KJ/86,1005,ØLB/86,1007,65,2.7,true
RØ,4446,ØLB/86,1008,KJN/86,1011,65,2.2,true
RØ,4446,KJN/86,1012,JSF/86,1013,79,2.5,true
RØ,4446,JSF/86,1013,NEL/86,1026,79,28.2,true
RØ,4446,NEL/86,1027,GB/86,1029,79,1.4,true
RØ,4446,GB/86,1029,KH/86,1033,79,3.2,true
RØ,4446,KH/86,1033,End,1033,0,0.0,true
RØ,4449,Start,758,KK/86,758,0,0.0,true
RØ,4449,KK/86,758,KN/86,760,22,1.6,true
RØ,4449,KN/86,761,KH/86,764,22,1.5,true
RØ,4449,KH/86,767,GB/86,770,59,3.2,true
RØ,4449,GB/86,770,NEL/86,771,59,1.4,true
RØ,4449,NEL/86,772,IG/86,773,59,1.6,true
RØ,4449,IG/86,773,KJN/86,786,59,29.1,true
RØ,4449,KJN/86,787,ØLB/86,790,55,2.2,true
RØ,4449,ØLB/86,791,KJ/86,793,55,2.7,true
RØ,4449,KJ/86,799,HF/86,803,28,5.5,true
RØ,4449,HF/86,804,TH/86,809,28,6.4,true
RØ,4449,TH/86,810,HZ/86,815,28,8.8,true
RØ,4449,HZ/86,816,OL/86,822,28,10.9,true
RØ,4449,OL/86,824,NÆN/86,827,28,4.3,true
RØ,4449,NÆN/86,828,NÆ/86,832,28,3.1,true
RØ,4449,NÆ/86,832,End,832,0,0.0,true
IC,445,Start,849,FA/86,849,0,0.0,true
IC,445,FA/86,849,BK/86,855,134,11.9,false
IC,445,BK/86,855,VJ/86,862,134,13.8,false
IC,445,VJ/86,864,HED/86,871,192,15.1,false
IC,445,HED/86,871,HS/86,878,192,16.3,false
IC,445,HS/86,880,HÅ/86,887,206,14.5,false
IC,445,HÅ/86,887,SD/86,894,206,14.1,false
IC,445,SD/86,895,HX/86,900,217,8.5,false
IC,445,HX/86,900,AR/86,908,217,14.3,false
IC,445,AR/86,908,End,908,0,0.0,true
RØ,4450,Start,1026,NÆ/86,1026,0,0.0,true
RØ,4450,NÆ/86,1026,NÆN/86,1029,18,3.1,true
RØ,4450,NÆN/86,1030,OL/86,1034,18,4.3,true
RØ,4450,OL/86,1035,HZ/86,1041,18,10.9,true
RØ,4450,HZ/86,1042,TH/86,1047,18,8.8,true
RØ,4450,TH/86,1050,HF/86,1054,18,6.4,true
RØ,4450,HF/86,1055,KJ/86,1059,18,5.5,true
RØ,4450,KJ/86,1065,ØLB/86,1067,44,2.7,true
RØ,4450,ØLB/86,1068,KJN/86,1071,44,2.2,true
RØ,4450,KJN/86,1072,JSF/86,1073,54,2.5,true
RØ,4450,JSF/86,1073,NEL/86,1086,54,28.2,true
RØ,4450,NEL/86,1087,GB/86,1089,54,1.4,true
RØ,4450,GB/86,1089,KH/86,1093,54,3.2,true
RØ,4450,KH/86,1093,End,1093,0,0.0,true
RØ,4453,Start,818,KK/86,818,0,0.0,true
RØ,4453,KK/86,818,KN/86,820,35,1.6,true
RØ,4453,KN/86,821,KH/86,824,35,1.5,true
RØ,4453,KH/86,827,GB/86,830,93,3.2,true
RØ,4453,GB/86,830,NEL/86,831,93,1.4,true
RØ,4453,NEL/86,832,IG/86,833,93,1.6,true
RØ,4453,IG/86,833,KJN/86,846,93,29.1,true
RØ,4453,KJN/86,847,ØLB/86,850,85,2.2,true
RØ,4453,ØLB/86,851,KJ/86,853,85,2.7,true
RØ,4453,KJ/86,859,HF/86,863,44,5.5,true
RØ,4453,HF/86,864,TH/86,869,44,6.4,true
RØ,4453,TH/86,870,HZ/86,875,44,8.8,true
RØ,4453,HZ/86,876,OL/86,882,44,10.9,true
RØ,4453,OL/86,884,NÆN/86,887,44,4.3,true
RØ,4453,NÆN/86,888,NÆ/86,892,44,3.1,true
RØ,4453,NÆ/86,892,End,892,0,0.0,true
RØ,4454,Start,1086,NÆ/86,1086,0,0.0,true
RØ,4454,NÆ/86,1086,NÆN/86,1090,11,3.1,true
RØ,4454,NÆN/86,1091,OL/86,1094,11,4.3,true
RØ,4454,OL/86,1095,HZ/86,1101,11,10.9,true
RØ,4454,HZ/86,1102,TH/86,1107,11,8.8,true
RØ,4454,TH/86,1110,HF/86,1114,11,6.4,true
RØ,4454,HF/86,1115,KJ/86,1119,11,5.5,true
RØ,4454,KJ/86,1125,ØLB/86,1127,31,2.7,true
RØ,4454,ØLB/86,1128,KJN/86,1131,31,2.2,true
RØ,4454,KJN/86,1132,JSF/86,1133,34,2.5,true
RØ,4454,JSF/86,1133,NEL/86,1146,34,28.2,true
RØ,4454,NEL/86,1147,GB/86,1149,34,1.4,true
RØ,4454,GB/86,1149,KH/86,1153,34,3.2,true
RØ,4454,KH/86,1156,KN/86,1158,18,1.5,true
RØ,4454,KN/86,1159,KK/86,1162,18,1.6,true
RØ,4454,KK/86,1162,End,1162,0,0.0,true
RØ,4457,Start,878,KK/86,878,0,0.0,true
RØ,4457,KK/86,878,KN/86,880,62,1.6,true
RØ,4457,KN/86,881,KH/86,884,62,1.5,true
RØ,4457,KH/86,887,GB/86,890,169,3.2,true
RØ,4457,GB/86,890,NEL/86,891,169,1.4,true
RØ,4457,NEL/86,892,IG/86,893,169,1.6,true
RØ,4457,IG/86,893,KJN/86,906,169,29.1,true
RØ,4457,KJN/86,907,ØLB/86,910,145,2.2,true
RØ,4457,ØLB/86,911,KJ/86,913,145,2.7,true
RØ,4457,KJ/86,919,HF/86,923,74,5.5,true
RØ,4457,HF/86,924,TH/86,929,74,6.4,true
RØ,4457,TH/86,930,HZ/86,935,74,8.8,true
RØ,4457,HZ/86,936,OL/86,942,74,10.9,true
RØ,4457,OL/86,944,NÆN/86,947,74,4.3,true
RØ,4457,NÆN/86,948,NÆ/86,952,74,3.1,true
RØ,4457,NÆ/86,952,End,952,0,0.0,true
RØ,4461,Start,947,KH/86,947,0,0.0,true
RØ,4461,KH/86,947,GB/86,950,209,3.2,true
RØ,4461,GB/86,950,NEL/86,951,209,1.4,true
RØ,4461,NEL/86,952,IG/86,953,209,1.6,true
RØ,4461,IG/86,953,KJN/86,966,209,29.1,true
RØ,4461,KJN/86,967,ØLB/86,970,181,2.2,true
RØ,4461,ØLB/86,971,KJ/86,973,181,2.7,true
RØ,4461,KJ/86,979,HF/86,983,89,5.5,true
RØ,4461,HF/86,984,TH/86,989,89,6.4,true
RØ,4461,TH/86,990,HZ/86,995,89,8.8,true
RØ,4461,HZ/86,996,OL/86,1002,89,10.9,true
RØ,4461,OL/86,1004,NÆN/86,1007,89,4.3,true
RØ,4461,NÆN/86,1008,NÆ/86,1012,89,3.1,true
RØ,4461,NÆ/86,1012,End,1012,0,0.0,true
RØ,4465,Start,1007,KH/86,1007,0,0.0,true
RØ,4465,KH/86,1007,GB/86,1010,237,3.2,true
RØ,4465,GB/86,1010,NEL/86,1011,237,1.4,true
RØ,4465,NEL/86,1012,IG/86,1013,237,1.6,true
RØ,4465,IG/86,1013,KJN/86,1026,237,29.1,true
RØ,4465,KJN/86,1027,ØLB/86,1030,196,2.2,true
RØ,4465,ØLB/86,1031,KJ/86,1033,196,2.7,true
RØ,4465,KJ/86,1039,HF/86,1043,68,5.5,true
RØ,4465,HF/86,1044,TH/86,1049,68,6.4,true
RØ,4465,TH/86,1050,HZ/86,1055,68,8.8,true
RØ,4465,HZ/86,1056,OL/86,1062,68,10.9,true
RØ,4465,OL/86,1064,NÆN/86,1067,68,4.3,true
RØ,4465,NÆN/86,1068,NÆ/86,1072,68,3.1,true
RØ,4465,NÆ/86,1072,End,1072,0,0.0,true
RØ,4469,Start,1067,KH/86,1067,0,0.0,true
RØ,4469,KH/86,1067,GB/86,1070,93,3.2,true
RØ,4469,GB/86,1070,NEL/86,1071,93,1.4,true
RØ,4469,NEL/86,1072,IG/86,1073,93,1.6,true
RØ,4469,IG/86,1073,KJN/86,1086,93,29.1,true
RØ,4469,KJN/86,1087,ØLB/86,1090,75,2.2,true
RØ,4469,ØLB/86,1091,KJ/86,1093,75,2.7,true
RØ,4469,KJ/86,1099,HF/86,1103,30,5.5,true
RØ,4469,HF/86,1104,TH/86,1109,30,6.4,true
RØ,4469,TH/86,1110,HZ/86,1115,30,8.8,true
RØ,4469,HZ/86,1116,OL/86,1122,30,10.9,true
RØ,4469,OL/86,1124,NÆN/86,1127,30,4.3,true
RØ,4469,NÆN/86,1128,NÆ/86,1132,30,3.1,true
RØ,4469,NÆ/86,1132,End,1132,0,0.0,true
RØ,4473,Start,1127,KH/86,1127,0,0.0,true
RØ,4473,KH/86,1127,GB/86,1130,59,3.2,true
RØ,4473,GB/86,1130,NEL/86,1131,59,1.4,true
RØ,4473,NEL/86,1132,IG/86,1133,59,1.6,true
RØ,4473,IG/86,1133,KJN/86,1146,59,29.1,true
RØ,4473,KJN/86,1147,ØLB/86,1150,48,2.2,true
RØ,4473,ØLB/86,1151,KJ/86,1153,48,2.7,true
RØ,4473,KJ/86,1159,HF/86,1163,24,5.5,true
RØ,4473,HF/86,1164,TH/86,1169,24,6.4,true
RØ,4473,TH/86,1170,HZ/86,1175,24,8.8,true
RØ,4473,HZ/86,1176,OL/86,1182,24,10.9,true
RØ,4473,OL/86,1184,NÆN/86,1187,24,4.3,true
RØ,4473,NÆN/86,1188,NÆ/86,1192,24,3.1,true
RØ,4473,NÆ/86,1192,End,1192,0,0.0,true
IC,448,Start,890,AR/86,890,0,0.0,true
IC,448,AR/86,890,KGV/86,892,125,3.0,false
IC,448,KGV/86,892,SD/86,902,125,19.8,false
IC,448,SD/86,903,HÅ/86,910,122,14.1,false
IC,448,HÅ/86,910,HS/86,917,122,14.5,false
IC,448,HS/86,919,HED/86,926,116,16.3,false
IC,448,HED/86,926,VJ/86,933,116,15.1,false
IC,448,VJ/86,935,BET/86,941,127,10.9,false
IC,448,BET/86,941,FA/86,949,127,14.8,false
IC,448,FA/86,949,End,949,0,0.0,true
IC,449,Start,909,FA/86,909,0,0.0,true
IC,449,FA/86,909,BK/86,915,174,11.9,false
IC,449,BK/86,915,VJ/86,922,174,13.8,false
IC,449,VJ/86,924,HED/86,931,265,15.1,false
IC,449,HED/86,931,HS/86,938,265,16.3,false
IC,449,HS/86,940,HÅ/86,947,273,14.5,false
IC,449,HÅ/86,947,SD/86,954,273,14.1,false
IC,449,SD/86,955,HX/86,960,286,8.5,false
IC,449,HX/86,960,AR/86,968,286,14.3,false
IC,449,AR/86,968,End,968,0,0.0,true
RØ,4500,Start,382,KH/86,382,0,0.0,true
RØ,4500,KH/86,382,KN/86,384,8,1.5,true
RØ,4500,KN/86,385,KK/86,388,8,1.6,true
RØ,4500,KK/86,389,HGL/86,391,26,2.1,true
RØ,4500,HGL/86,391,HL/86,394,26,2.6,true
RØ,4500,HL/86,395,KL/86,399,26,5.5,true
RØ,4500,KL/86,400,SÅ/86,404,26,5.5,true
RØ,4500,SÅ/86,405,VB/86,408,26,3.3,true
RØ,4500,VB/86,409,RU/86,412,26,4.0,true
RØ,4500,RU/86,413,OK/86,416,26,3.0,true
RØ,4500,OK/86,417,NI/86,420,26,3.4,true
RØ,4500,NI/86,421,HUM/86,424,19,3.8,true
RØ,4500,HUM/86,425,GÆ/86,428,19,3.7,true
RØ,4500,GÆ/86,429,SQ/86,432,19,2.7,true
RØ,4500,SQ/86,433,HG/86,437,19,3.5,true
RØ,4500,HG/86,437,End,437,0,0.0,true
RØ,4504,Start,383,HK/86,383,0,0.0,true
RØ,4504,HK/86,383,PE/86,387,179,5.9,true
RØ,4504,PE/86,388,TØ/86,393,179,6.6,true
RØ,4504,TØ/86,394,HV/86,398,179,6.3,true
RØ,4504,HV/86,399,LJ/86,403,179,7.5,true
RØ,4504,LJ/86,404,RO/86,410,179,9.5,true
RØ,4504,RO/86,412,TRK/86,414,313,3.1,true
RØ,4504,TRK/86,415,HH/86,418,313,4.0,true
RØ,4504,HH/86,419,HTÅ/86,423,313,4.7,true
RØ,4504,HTÅ/86,424,GL/86,429,314,8.3,true
RØ,4504,GL/86,429,VAL/86,433,314,7.3,true
RØ,4504,VAL/86,434,KH/86,439,314,3.9,true
RØ,4504,KH/86,442,KN/86,444,160,1.5,true
RØ,4504,KN/86,445,KK/86,448,160,1.6,true
RØ,4504,KK/86,449,HGL/86,451,89,2.1,true
RØ,4504,HGL/86,451,HL/86,454,89,2.6,true
RØ,4504,HL/86,455,KL/86,459,89,5.5,true
RØ,4504,KL/86,460,SÅ/86,464,89,5.5,true
RØ,4504,SÅ/86,465,VB/86,468,89,3.3,true
RØ,4504,VB/86,469,RU/86,472,89,4.0,true
RØ,4504,RU/86,473,OK/86,476,89,3.0,true
RØ,4504,OK/86,477,NI/86,480,89,3.4,true
RØ,4504,NI/86,481,HUM/86,484,62,3.8,true
RØ,4504,HUM/86,485,GÆ/86,488,62,3.7,true
RØ,4504,GÆ/86,489,SQ/86,492,62,2.7,true
RØ,4504,SQ/86,493,HG/86,497,62,3.5,true
RØ,4504,HG/86,497,End,497,0,0.0,true
RØ,4508,Start,443,HK/86,443,0,0.0,true
RØ,4508,HK/86,443,PE/86,447,389,5.9,true
RØ,4508,PE/86,448,TØ/86,453,389,6.6,true
RØ,4508,TØ/86,454,HV/86,458,389,6.3,true
RØ,4508,HV/86,459,LJ/86,463,389,7.5,true
RØ,4508,LJ/86,464,RO/86,470,389,9.5,true
RØ,4508,RO/86,472,TRK/86,474,507,3.1,true
RØ,4508,TRK/86,475,HH/86,478,507,4.0,true
RØ,4508,HH/86,479,HTÅ/86,483,507,4.7,true
RØ,4508,HTÅ/86,484,GL/86,489,505,8.3,true
RØ,4508,GL/86,489,VAL/86,493,505,7.3,true
RØ,4508,VAL/86,494,KH/86,499,505,3.9,true
RØ,4508,KH/86,502,KN/86,504,218,1.5,true
RØ,4508,KN/86,505,KK/86,508,218,1.6,true
RØ,4508,KK/86,509,HGL/86,511,117,2.1,true
RØ,4508,HGL/86,511,HL/86,514,117,2.6,true
RØ,4508,HL/86,515,KL/86,519,117,5.5,true
RØ,4508,KL/86,520,SÅ/86,524,117,5.5,true
RØ,4508,SÅ/86,525,VB/86,528,117,3.3,true
RØ,4508,VB/86,529,RU/86,532,117,4.0,true
RØ,4508,RU/86,533,OK/86,536,117,3.0,true
RØ,4508,OK/86,537,NI/86,540,117,3.4,true
RØ,4508,NI/86,541,HUM/86,544,75,3.8,true
RØ,4508,HUM/86,545,GÆ/86,548,75,3.7,true
RØ,4508,GÆ/86,549,SQ/86,552,75,2.7,true
RØ,4508,SQ/86,553,HG/86,557,75,3.5,true
RØ,4508,HG/86,557,End,557,0,0.0,true
RØ,4512,Start,503,HK/86,503,0,0.0,true
RØ,4512,HK/86,503,PE/86,507,144,5.9,true
RØ,4512,PE/86,508,TØ/86,513,144,6.6,true
RØ,4512,TØ/86,514,HV/86,518,144,6.3,true
RØ,4512,HV/86,519,LJ/86,523,144,7.5,true
RØ,4512,LJ/86,524,RO/86,530,144,9.5,true
RØ,4512,RO/86,532,TRK/86,534,230,3.1,true
RØ,4512,TRK/86,535,HH/86,538,230,4.0,true
RØ,4512,HH/86,539,HTÅ/86,543,230,4.7,true
RØ,4512,HTÅ/86,544,GL/86,549,259,8.3,true
RØ,4512,GL/86,549,VAL/86,553,259,7.3,true
RØ,4512,VAL/86,554,KH/86,559,259,3.9,true
RØ,4512,KH/86,562,KN/86,564,100,1.5,true
RØ,4512,KN/86,565,KK/86,568,100,1.6,true
RØ,4512,KK/86,569,HGL/86,571,80,2.1,true
RØ,4512,HGL/86,571,HL/86,574,80,2.6,true
RØ,4512,HL/86,575,KL/86,579,80,5.5,true
RØ,4512,KL/86,580,SÅ/86,584,80,5.5,true
RØ,4512,SÅ/86,585,VB/86,588,80,3.3,true
RØ,4512,VB/86,589,RU/86,592,80,4.0,true
RØ,4512,RU/86,593,OK/86,596,80,3.0,true
RØ,4512,OK/86,597,NI/86,600,80,3.4,true
RØ,4512,NI/86,601,HUM/86,604,49,3.8,true
RØ,4512,HUM/86,605,GÆ/86,608,49,3.7,true
RØ,4512,GÆ/86,609,SQ/86,612,49,2.7,true
RØ,4512,SQ/86,613,HG/86,617,49,3.5,true
RØ,4512,HG/86,617,End,617,0,0.0,true
RØ,4516,Start,563,HK/86,563,0,0.0,true
RØ,4516,HK/86,563,PE/86,567,90,5.9,true
RØ,4516,PE/86,568,TØ/86,573,90,6.6,true
RØ,4516,TØ/86,574,HV/86,578,90,6.3,true
RØ,4516,HV/86,579,LJ/86,583,90,7.5,true
RØ,4516,LJ/86,584,RO/86,590,90,9.5,true
RØ,4516,RO/86,592,TRK/86,594,134,3.1,true
RØ,4516,TRK/86,595,HH/86,598,134,4.0,true
RØ,4516,HH/86,599,HTÅ/86,603,134,4.7,true
RØ,4516,HTÅ/86,604,GL/86,609,144,8.3,true
RØ,4516,GL/86,609,VAL/86,613,144,7.3,true
RØ,4516,VAL/86,614,KH/86,619,144,3.9,true
RØ,4516,KH/86,622,KN/86,624,81,1.5,true
RØ,4516,KN/86,625,KK/86,628,81,1.6,true
RØ,4516,KK/86,629,HGL/86,631,101,2.1,true
RØ,4516,HGL/86,631,HL/86,634,101,2.6,true
RØ,4516,HL/86,635,KL/86,639,101,5.5,true
RØ,4516,KL/86,640,SÅ/86,644,101,5.5,true
RØ,4516,SÅ/86,645,VB/86,648,101,3.3,true
RØ,4516,VB/86,649,RU/86,652,101,4.0,true
RØ,4516,RU/86,653,OK/86,656,101,3.0,true
RØ,4516,OK/86,657,NI/86,660,101,3.4,true
RØ,4516,NI/86,661,HUM/86,664,65,3.8,true
RØ,4516,HUM/86,665,GÆ/86,668,65,3.7,true
RØ,4516,GÆ/86,669,SQ/86,672,65,2.7,true
RØ,4516,SQ/86,673,HG/86,677,65,3.5,true
RØ,4516,HG/86,677,End,677,0,0.0,true
RØ,4520,Start,623,HK/86,623,0,0.0,true
RØ,4520,HK/86,623,PE/86,627,76,5.9,true
RØ,4520,PE/86,628,TØ/86,633,76,6.6,true
RØ,4520,TØ/86,634,HV/86,638,76,6.3,true
RØ,4520,HV/86,639,LJ/86,643,76,7.5,true
RØ,4520,LJ/86,644,RO/86,650,76,9.5,true
RØ,4520,RO/86,652,TRK/86,654,113,3.1,true
RØ,4520,TRK/86,655,HH/86,658,113,4.0,true
RØ,4520,HH/86,659,HTÅ/86,663,113,4.7,true
RØ,4520,HTÅ/86,664,GL/86,669,126,8.3,true
RØ,4520,GL/86,669,VAL/86,673,126,7.3,true
RØ,4520,VAL/86,674,KH/86,679,126,3.9,true
RØ,4520,KH/86,682,KN/86,684,68,1.5,true
RØ,4520,KN/86,685,KK/86,688,68,1.6,true
RØ,4520,KK/86,689,HGL/86,691,98,2.1,true
RØ,4520,HGL/86,691,HL/86,694,98,2.6,true
RØ,4520,HL/86,695,KL/86,699,98,5.5,true
RØ,4520,KL/86,700,SÅ/86,704,98,5.5,true
RØ,4520,SÅ/86,705,VB/86,708,98,3.3,true
RØ,4520,VB/86,709,RU/86,712,98,4.0,true
RØ,4520,RU/86,713,OK/86,716,98,3.0,true
RØ,4520,OK/86,717,NI/86,720,98,3.4,true
RØ,4520,NI/86,721,HUM/86,724,63,3.8,true
RØ,4520,HUM/86,725,GÆ/86,728,63,3.7,true
RØ,4520,GÆ/86,729,SQ/86,732,63,2.7,true
RØ,4520,SQ/86,733,HG/86,737,63,3.5,true
RØ,4520,HG/86,737,End,737,0,0.0,true
RØ,4521,Start,332,KK/86,332,0,0.0,true
RØ,4521,KK/86,332,KN/86,334,19,1.6,true
RØ,4521,KN/86,335,KH/86,338,19,1.5,true
RØ,4521,KH/86,342,VAL/86,345,50,3.9,true
RØ,4521,VAL/86,346,HIF/86,349,50,3.4,true
RØ,4521,HIF/86,349,HTÅ/86,355,50,12.2,true
RØ,4521,HTÅ/86,356,HH/86,360,43,4.7,true
RØ,4521,HH/86,361,TRK/86,364,43,4.0,true
RØ,4521,TRK/86,365,RO/86,368,43,3.1,true
RØ,4521,RO/86,369,LJ/86,375,16,9.5,true
RØ,4521,LJ/86,376,HV/86,381,16,7.5,true
RØ,4521,HV/86,382,TØ/86,386,16,6.3,true
RØ,4521,TØ/86,387,PE/86,391,16,6.6,true
RØ,4521,PE/86,392,HK/86,397,16,5.9,true
RØ,4521,HK/86,397,End,397,0,0.0,true
RØ,4524,Start,683,HK/86,683,0,0.0,true
RØ,4524,HK/86,683,PE/86,687,56,5.9,true
RØ,4524,PE/86,688,TØ/86,693,56,6.6,true
RØ,4524,TØ/86,694,HV/86,698,56,6.3,true
RØ,4524,HV/86,699,LJ/86,703,56,7.5,true
RØ,4524,LJ/86,704,RO/86,710,56,9.5,true
RØ,4524,RO/86,712,TRK/86,714,124,3.1,true
RØ,4524,TRK/86,715,HH/86,718,124,4.0,true
RØ,4524,HH/86,719,HTÅ/86,723,124,4.7,true
RØ,4524,HTÅ/86,724,GL/86,729,135,8.3,true
RØ,4524,GL/86,729,VAL/86,733,135,7.3,true
RØ,4524,VAL/86,734,KH/86,739,135,3.9,true
RØ,4524,KH/86,742,KN/86,744,77,1.5,true
RØ,4524,KN/86,745,KK/86,748,77,1.6,true
RØ,4524,KK/86,749,HGL/86,751,128,2.1,true
RØ,4524,HGL/86,751,HL/86,754,128,2.6,true
RØ,4524,HL/86,755,KL/86,759,128,5.5,true
RØ,4524,KL/86,760,SÅ/86,764,128,5.5,true
RØ,4524,SÅ/86,765,VB/86,768,128,3.3,true
RØ,4524,VB/86,769,RU/86,772,128,4.0,true
RØ,4524,RU/86,773,OK/86,776,128,3.0,true
RØ,4524,OK/86,777,NI/86,780,128,3.4,true
RØ,4524,NI/86,781,HUM/86,784,76,3.8,true
RØ,4524,HUM/86,785,GÆ/86,788,76,3.7,true
RØ,4524,GÆ/86,789,SQ/86,792,76,2.7,true
RØ,4524,SQ/86,793,HG/86,797,76,3.5,true
RØ,4524,HG/86,797,End,797,0,0.0,true
RØ,4525,Start,343,HG/86,343,0,0.0,true
RØ,4525,HG/86,343,SQ/86,346,69,3.5,true
RØ,4525,SQ/86,347,GÆ/86,349,69,2.7,true
RØ,4525,GÆ/86,350,HUM/86,353,69,3.7,true
RØ,4525,HUM/86,354,NI/86,357,69,3.8,true
RØ,4525,NI/86,358,OK/86,362,108,3.4,true
RØ,4525,OK/86,363,RU/86,365,108,3.0,true
RØ,4525,RU/86,366,VB/86,369,108,4.0,true
RØ,4525,VB/86,370,SÅ/86,373,108,3.3,true
RØ,4525,SÅ/86,374,KL/86,378,108,5.5,true
RØ,4525,KL/86,379,HL/86,384,108,5.5,true
RØ,4525,HL/86,385,HGL/86,387,108,2.6,true
RØ,4525,HGL/86,387,KK/86,390,108,2.1,true
RØ,4525,KK/86,392,KN/86,394,71,1.6,true
RØ,4525,KN/86,395,KH/86,398,71,1.5,true
RØ,4525,KH/86,402,VAL/86,405,81,3.9,true
RØ,4525,VAL/86,406,HIF/86,409,81,3.4,true
RØ,4525,HIF/86,409,HTÅ/86,415,81,12.2,true
RØ,4525,HTÅ/86,416,HH/86,420,88,4.7,true
RØ,4525,HH/86,421,TRK/86,424,88,4.0,true
RØ,4525,TRK/86,425,RO/86,428,88,3.1,true
RØ,4525,RO/86,429,LJ/86,435,34,9.5,true
RØ,4525,LJ/86,436,HV/86,441,34,7.5,true
RØ,4525,HV/86,442,TØ/86,446,34,6.3,true
RØ,4525,TØ/86,447,PE/86,451,34,6.6,true
RØ,4525,PE/86,452,HK/86,457,34,5.9,true
RØ,4525,HK/86,457,End,457,0,0.0,true
RØ,4528,Start,743,HK/86,743,0,0.0,true
RØ,4528,HK/86,743,PE/86,747,61,5.9,true
RØ,4528,PE/86,748,TØ/86,753,61,6.6,true
RØ,4528,TØ/86,754,HV/86,758,61,6.3,true
RØ,4528,HV/86,759,LJ/86,763,61,7.5,true
RØ,4528,LJ/86,764,RO/86,770,61,9.5,true
RØ,4528,RO/86,772,TRK/86,774,118,3.1,true
RØ,4528,TRK/86,775,HH/86,778,118,4.0,true
RØ,4528,HH/86,779,HTÅ/86,783,118,4.7,true
RØ,4528,HTÅ/86,784,GL/86,789,126,8.3,true
RØ,4528,GL/86,789,VAL/86,793,126,7.3,true
RØ,4528,VAL/86,794,KH/86,799,126,3.9,true
RØ,4528,KH/86,802,KN/86,804,80,1.5,true
RØ,4528,KN/86,805,KK/86,808,80,1.6,true
RØ,4528,KK/86,809,HGL/86,811,147,2.1,true
RØ,4528,HGL/86,811,HL/86,814,147,2.6,true
RØ,4528,HL/86,815,KL/86,819,147,5.5,true
RØ,4528,KL/86,820,SÅ/86,824,147,5.5,true
RØ,4528,SÅ/86,825,VB/86,828,147,3.3,true
RØ,4528,VB/86,829,RU/86,832,147,4.0,true
RØ,4528,RU/86,833,OK/86,836,147,3.0,true
RØ,4528,OK/86,837,NI/86,840,147,3.4,true
RØ,4528,NI/86,841,HUM/86,844,89,3.8,true
RØ,4528,HUM/86,845,GÆ/86,848,89,3.7,true
RØ,4528,GÆ/86,849,SQ/86,852,89,2.7,true
RØ,4528,SQ/86,853,HG/86,857,89,3.5,true
RØ,4528,HG/86,857,End,857,0,0.0,true
RØ,4529,Start,403,HG/86,403,0,0.0,true
RØ,4529,HG/86,403,SQ/86,406,112,3.5,true
RØ,4529,SQ/86,407,GÆ/86,409,112,2.7,true
RØ,4529,GÆ/86,410,HUM/86,413,112,3.7,true
RØ,4529,HUM/86,414,NI/86,417,112,3.8,true
RØ,4529,NI/86,418,OK/86,422,310,3.4,true
RØ,4529,OK/86,423,RU/86,425,310,3.0,true
RØ,4529,RU/86,426,VB/86,429,310,4.0,true
RØ,4529,VB/86,430,SÅ/86,433,310,3.3,true
RØ,4529,SÅ/86,434,KL/86,438,310,5.5,true
RØ,4529,KL/86,439,HL/86,444,310,5.5,true
RØ,4529,HL/86,445,HGL/86,447,310,2.6,true
RØ,4529,HGL/86,447,KK/86,450,310,2.1,true
RØ,4529,KK/86,452,KN/86,454,214,1.6,true
RØ,4529,KN/86,455,KH/86,458,214,1.5,true
RØ,4529,KH/86,462,VAL/86,465,324,3.9,true
RØ,4529,VAL/86,466,HIF/86,469,324,3.4,true
RØ,4529,HIF/86,469,HTÅ/86,475,324,12.2,true
RØ,4529,HTÅ/86,476,HH/86,480,322,4.7,true
RØ,4529,HH/86,481,TRK/86,484,322,4.0,true
RØ,4529,TRK/86,485,RO/86,488,322,3.1,true
RØ,4529,RO/86,489,LJ/86,495,99,9.5,true
RØ,4529,LJ/86,496,HV/86,501,99,7.5,true
RØ,4529,HV/86,502,TØ/86,506,99,6.3,true
RØ,4529,TØ/86,507,PE/86,511,99,6.6,true
RØ,4529,PE/86,512,HK/86,517,99,5.9,true
RØ,4529,HK/86,517,End,517,0,0.0,true
IC,453,Start,969,FA/86,969,0,0.0,true
IC,453,FA/86,969,BK/86,975,199,11.9,false
IC,453,BK/86,975,VJ/86,982,199,13.8,false
IC,453,VJ/86,984,HED/86,991,231,15.1,false
IC,453,HED/86,991,HS/86,998,231,16.3,false
IC,453,HS/86,1000,HÅ/86,1007,219,14.5,false
IC,453,HÅ/86,1007,SD/86,1014,219,14.1,false
IC,453,SD/86,1015,HX/86,1020,196,8.5,false
IC,453,HX/86,1020,AR/86,1028,196,14.3,false
IC,453,AR/86,1028,End,1028,0,0.0,true
RØ,4532,Start,803,HK/86,803,0,0.0,true
RØ,4532,HK/86,803,PE/86,807,69,5.9,true
RØ,4532,PE/86,808,TØ/86,813,69,6.6,true
RØ,4532,TØ/86,814,HV/86,818,69,6.3,true
RØ,4532,HV/86,819,LJ/86,823,69,7.5,true
RØ,4532,LJ/86,824,RO/86,830,69,9.5,true
RØ,4532,RO/86,832,TRK/86,834,162,3.1,true
RØ,4532,TRK/86,835,HH/86,838,162,4.0,true
RØ,4532,HH/86,839,HTÅ/86,843,162,4.7,true
RØ,4532,HTÅ/86,844,GL/86,849,169,8.3,true
RØ,4532,GL/86,849,VAL/86,853,169,7.3,true
RØ,4532,VAL/86,854,KH/86,859,169,3.9,true
RØ,4532,KH/86,862,KN/86,864,91,1.5,true
RØ,4532,KN/86,865,KK/86,868,91,1.6,true
RØ,4532,KK/86,869,HGL/86,871,127,2.1,true
RØ,4532,HGL/86,871,HL/86,874,127,2.6,true
RØ,4532,HL/86,875,KL/86,879,127,5.5,true
RØ,4532,KL/86,880,SÅ/86,884,127,5.5,true
RØ,4532,SÅ/86,885,VB/86,888,127,3.3,true
RØ,4532,VB/86,889,RU/86,892,127,4.0,true
RØ,4532,RU/86,893,OK/86,896,127,3.0,true
RØ,4532,OK/86,897,NI/86,900,127,3.4,true
RØ,4532,NI/86,901,HUM/86,904,70,3.8,true
RØ,4532,HUM/86,905,GÆ/86,908,70,3.7,true
RØ,4532,GÆ/86,909,SQ/86,912,70,2.7,true
RØ,4532,SQ/86,913,HG/86,917,70,3.5,true
RØ,4532,HG/86,917,End,917,0,0.0,true
RØ,4533,Start,463,HG/86,463,0,0.0,true
RØ,4533,HG/86,463,SQ/86,466,186,3.5,true
RØ,4533,SQ/86,467,GÆ/86,469,186,2.7,true
RØ,4533,GÆ/86,470,HUM/86,473,186,3.7,true
RØ,4533,HUM/86,474,NI/86,477,186,3.8,true
RØ,4533,NI/86,478,OK/86,482,475,3.4,true
RØ,4533,OK/86,483,RU/86,485,475,3.0,true
RØ,4533,RU/86,486,VB/86,489,475,4.0,true
RØ,4533,VB/86,490,SÅ/86,493,475,3.3,true
RØ,4533,SÅ/86,494,KL/86,498,475,5.5,true
RØ,4533,KL/86,499,HL/86,504,475,5.5,true
RØ,4533,HL/86,505,HGL/86,507,475,2.6,true
RØ,4533,HGL/86,507,KK/86,510,475,2.1,true
RØ,4533,KK/86,512,KN/86,514,252,1.6,true
RØ,4533,KN/86,515,KH/86,518,252,1.5,true
RØ,4533,KH/86,522,VAL/86,525,233,3.9,true
RØ,4533,VAL/86,526,HIF/86,529,233,3.4,true
RØ,4533,HIF/86,529,HTÅ/86,535,233,12.2,true
RØ,4533,HTÅ/86,536,HH/86,540,198,4.7,true
RØ,4533,HH/86,541,TRK/86,544,198,4.0,true
RØ,4533,TRK/86,545,RO/86,548,198,3.1,true
RØ,4533,RO/86,549,LJ/86,555,61,9.5,true
RØ,4533,LJ/86,556,HV/86,561,61,7.5,true
RØ,4533,HV/86,562,TØ/86,566,61,6.3,true
RØ,4533,TØ/86,567,PE/86,571,61,6.6,true
RØ,4533,PE/86,572,HK/86,577,61,5.9,true
RØ,4533,HK/86,577,End,577,0,0.0,true
RØ,4536,Start,863,HK/86,863,0,0.0,true
RØ,4536,HK/86,863,PE/86,867,81,5.9,true
RØ,4536,PE/86,868,TØ/86,873,81,6.6,true
RØ,4536,TØ/86,874,HV/86,878,81,6.3,true
RØ,4536,HV/86,879,LJ/86,883,81,7.5,true
RØ,4536,LJ/86,884,RO/86,890,81,9.5,true
RØ,4536,RO/86,892,TRK/86,894,190,3.1,true
RØ,4536,TRK/86,895,HH/86,898,190,4.0,true
RØ,4536,HH/86,899,HTÅ/86,903,190,4.7,true
RØ,4536,HTÅ/86,904,GL/86,909,219,8.3,true
RØ,4536,GL/86,909,VAL/86,913,219,7.3,true
RØ,4536,VAL/86,914,KH/86,919,219,3.9,true
RØ,4536,KH/86,922,KN/86,924,173,1.5,true
RØ,4536,KN/86,925,KK/86,928,173,1.6,true
RØ,4536,KK/86,929,HGL/86,931,267,2.1,true
RØ,4536,HGL/86,931,HL/86,934,267,2.6,true
RØ,4536,HL/86,935,KL/86,939,267,5.5,true
RØ,4536,KL/86,940,SÅ/86,944,267,5.5,true
RØ,4536,SÅ/86,945,VB/86,948,267,3.3,true
RØ,4536,VB/86,949,RU/86,952,267,4.0,true
RØ,4536,RU/86,953,OK/86,956,267,3.0,true
RØ,4536,OK/86,957,NI/86,960,267,3.4,true
RØ,4536,NI/86,961,HUM/86,964,108,3.8,true
RØ,4536,HUM/86,965,GÆ/86,968,108,3.7,true
RØ,4536,GÆ/86,969,SQ/86,972,108,2.7,true
RØ,4536,SQ/86,973,HG/86,977,108,3.5,true
RØ,4536,HG/86,977,End,977,0,0.0,true
RØ,4537,Start,523,HG/86,523,0,0.0,true
RØ,4537,HG/86,523,SQ/86,526,66,3.5,true
RØ,4537,SQ/86,527,GÆ/86,529,66,2.7,true
RØ,4537,GÆ/86,530,HUM/86,533,66,3.7,true
RØ,4537,HUM/86,534,NI/86,537,66,3.8,true
RØ,4537,NI/86,538,OK/86,542,148,3.4,true
RØ,4537,OK/86,543,RU/86,545,148,3.0,true
RØ,4537,RU/86,546,VB/86,549,148,4.0,true
RØ,4537,VB/86,550,SÅ/86,553,148,3.3,true
RØ,4537,SÅ/86,554,KL/86,558,148,5.5,true
RØ,4537,KL/86,559,HL/86,564,148,5.5,true
RØ,4537,HL/86,565,HGL/86,567,148,2.6,true
RØ,4537,HGL/86,567,KK/86,570,148,2.1,true
RØ,4537,KK/86,572,KN/86,574,115,1.6,true
RØ,4537,KN/86,575,KH/86,578,115,1.5,true
RØ,4537,KH/86,582,VAL/86,585,145,3.9,true
RØ,4537,VAL/86,586,HIF/86,589,145,3.4,true
RØ,4537,HIF/86,589,HTÅ/86,595,145,12.2,true
RØ,4537,HTÅ/86,596,HH/86,600,142,4.7,true
RØ,4537,HH/86,601,TRK/86,604,142,4.0,true
RØ,4537,TRK/86,605,RO/86,608,142,3.1,true
RØ,4537,RO/86,609,LJ/86,615,39,9.5,true
RØ,4537,LJ/86,616,HV/86,621,39,7.5,true
RØ,4537,HV/86,622,TØ/86,626,39,6.3,true
RØ,4537,TØ/86,627,PE/86,631,39,6.6,true
RØ,4537,PE/86,632,HK/86,637,39,5.9,true
RØ,4537,HK/86,637,End,637,0,0.0,true
RØ,4540,Start,923,HK/86,923,0,0.0,true
RØ,4540,HK/86,923,PE/86,927,110,5.9,true
RØ,4540,PE/86,928,TØ/86,933,110,6.6,true
RØ,4540,TØ/86,934,HV/86,938,110,6.3,true
RØ,4540,HV/86,939,LJ/86,943,110,7.5,true
RØ,4540,LJ/86,944,RO/86,950,110,9.5,true
RØ,4540,RO/86,952,TRK/86,954,243,3.1,true
RØ,4540,TRK/86,955,HH/86,958,243,4.0,true
RØ,4540,HH/86,959,HTÅ/86,963,243,4.7,true
RØ,4540,HTÅ/86,964,GL/86,969,283,8.3,true
RØ,4540,GL/86,969,VAL/86,973,283,7.3,true
RØ,4540,VAL/86,974,KH/86,979,283,3.9,true
RØ,4540,KH/86,982,KN/86,984,212,1.5,true
RØ,4540,KN/86,985,KK/86,988,212,1.6,true
RØ,4540,KK/86,989,HGL/86,991,316,2.1,true
RØ,4540,HGL/86,991,HL/86,994,316,2.6,true
RØ,4540,HL/86,995,KL/86,999,316,5.5,true
RØ,4540,KL/86,1000,SÅ/86,1004,316,5.5,true
RØ,4540,SÅ/86,1005,VB/86,1008,316,3.3,true
RØ,4540,VB/86,1009,RU/86,1012,316,4.0,true
RØ,4540,RU/86,1013,OK/86,1016,316,3.0,true
RØ,4540,OK/86,1017,NI/86,1020,316,3.4,true
RØ,4540,NI/86,1021,HUM/86,1024,119,3.8,true
RØ,4540,HUM/86,1025,GÆ/86,1028,119,3.7,true
RØ,4540,GÆ/86,1029,SQ/86,1032,119,2.7,true
RØ,4540,SQ/86,1033,HG/86,1037,119,3.5,true
RØ,4540,HG/86,1037,End,1037,0,0.0,true
RØ,4541,Start,583,HG/86,583,0,0.0,true
RØ,4541,HG/86,583,SQ/86,586,62,3.5,true
RØ,4541,SQ/86,587,GÆ/86,589,62,2.7,true
RØ,4541,GÆ/86,590,HUM/86,593,62,3.7,true
RØ,4541,HUM/86,594,NI/86,597,62,3.8,true
RØ,4541,NI/86,598,OK/86,602,119,3.4,true
RØ,4541,OK/86,603,RU/86,605,119,3.0,true
RØ,4541,RU/86,606,VB/86,609,119,4.0,true
RØ,4541,VB/86,610,SÅ/86,613,119,3.3,true
RØ,4541,SÅ/86,614,KL/86,618,119,5.5,true
RØ,4541,KL/86,619,HL/86,624,119,5.5,true
RØ,4541,HL/86,625,HGL/86,627,119,2.6,true
RØ,4541,HGL/86,627,KK/86,630,119,2.1,true
RØ,4541,KK/86,632,KN/86,634,91,1.6,true
RØ,4541,KN/86,635,KH/86,638,91,1.5,true
RØ,4541,KH/86,642,VAL/86,645,86,3.9,true
RØ,4541,VAL/86,646,HIF/86,649,86,3.4,true
RØ,4541,HIF/86,649,HTÅ/86,655,86,12.2,true
RØ,4541,HTÅ/86,656,HH/86,660,79,4.7,true
RØ,4541,HH/86,661,TRK/86,664,79,4.0,true
RØ,4541,TRK/86,665,RO/86,668,79,3.1,true
RØ,4541,RO/86,669,LJ/86,675,43,9.5,true
RØ,4541,LJ/86,676,HV/86,681,43,7.5,true
RØ,4541,HV/86,682,TØ/86,686,43,6.3,true
RØ,4541,TØ/86,687,PE/86,691,43,6.6,true
RØ,4541,PE/86,692,HK/86,697,43,5.9,true
RØ,4541,HK/86,697,End,697,0,0.0,true
RØ,4544,Start,983,HK/86,983,0,0.0,true
RØ,4544,HK/86,983,PE/86,987,70,5.9,true
RØ,4544,PE/86,988,TØ/86,993,70,6.6,true
RØ,4544,TØ/86,994,HV/86,998,70,6.3,true
RØ,4544,HV/86,999,LJ/86,1003,70,7.5,true
RØ,4544,LJ/86,1004,RO/86,1010,70,9.5,true
RØ,4544,RO/86,1012,TRK/86,1014,156,3.1,true
RØ,4544,TRK/86,1015,HH/86,1018,156,4.0,true
RØ,4544,HH/86,1019,HTÅ/86,1023,156,4.7,true
RØ,4544,HTÅ/86,1024,GL/86,1029,180,8.3,true
RØ,4544,GL/86,1029,VAL/86,1033,180,7.3,true
RØ,4544,VAL/86,1034,KH/86,1039,180,3.9,true
RØ,4544,KH/86,1042,KN/86,1044,138,1.5,true
RØ,4544,KN/86,1045,KK/86,1048,138,1.6,true
RØ,4544,KK/86,1049,HGL/86,1051,194,2.1,true
RØ,4544,HGL/86,1051,HL/86,1054,194,2.6,true
RØ,4544,HL/86,1055,KL/86,1059,194,5.5,true
RØ,4544,KL/86,1060,SÅ/86,1064,194,5.5,true
RØ,4544,SÅ/86,1065,VB/86,1068,194,3.3,true
RØ,4544,VB/86,1069,RU/86,1072,194,4.0,true
RØ,4544,RU/86,1073,OK/86,1076,194,3.0,true
RØ,4544,OK/86,1077,NI/86,1080,194,3.4,true
RØ,4544,NI/86,1081,HUM/86,1084,63,3.8,true
RØ,4544,HUM/86,1085,GÆ/86,1088,63,3.7,true
RØ,4544,GÆ/86,1089,SQ/86,1092,63,2.7,true
RØ,4544,SQ/86,1093,HG/86,1097,63,3.5,true
RØ,4544,HG/86,1097,End,1097,0,0.0,true
RØ,4545,Start,643,HG/86,643,0,0.0,true
RØ,4545,HG/86,643,SQ/86,646,54,3.5,true
RØ,4545,SQ/86,647,GÆ/86,649,54,2.7,true
RØ,4545,GÆ/86,650,HUM/86,653,54,3.7,true
RØ,4545,HUM/86,654,NI/86,657,54,3.8,true
RØ,4545,NI/86,658,OK/86,662,100,3.4,true
RØ,4545,OK/86,663,RU/86,665,100,3.0,true
RØ,4545,RU/86,666,VB/86,669,100,4.0,true
RØ,4545,VB/86,670,SÅ/86,673,100,3.3,true
RØ,4545,SÅ/86,674,KL/86,678,100,5.5,true
RØ,4545,KL/86,679,HL/86,684,100,5.5,true
RØ,4545,HL/86,685,HGL/86,687,100,2.6,true
RØ,4545,HGL/86,687,KK/86,690,100,2.1,true
RØ,4545,KK/86,692,KN/86,694,80,1.6,true
RØ,4545,KN/86,695,KH/86,698,80,1.5,true
RØ,4545,KH/86,702,VAL/86,705,137,3.9,true
RØ,4545,VAL/86,706,HIF/86,709,137,3.4,true
RØ,4545,HIF/86,709,HTÅ/86,715,137,12.2,true
RØ,4545,HTÅ/86,716,HH/86,720,132,4.7,true
RØ,4545,HH/86,721,TRK/86,724,132,4.0,true
RØ,4545,TRK/86,725,RO/86,728,132,3.1,true
RØ,4545,RO/86,729,LJ/86,735,59,9.5,true
RØ,4545,LJ/86,736,HV/86,741,59,7.5,true
RØ,4545,HV/86,742,TØ/86,746,59,6.3,true
RØ,4545,TØ/86,747,PE/86,751,59,6.6,true
RØ,4545,PE/86,752,HK/86,757,59,5.9,true
RØ,4545,HK/86,757,End,757,0,0.0,true
RØ,4548,Start,1043,HK/86,1043,0,0.0,true
RØ,4548,HK/86,1043,PE/86,1047,52,5.9,true
RØ,4548,PE/86,1048,TØ/86,1053,52,6.6,true
RØ,4548,TØ/86,1054,HV/86,1058,52,6.3,true
RØ,4548,HV/86,1059,LJ/86,1063,52,7.5,true
RØ,4548,LJ/86,1064,RO/86,1070,52,9.5,true
RØ,4548,RO/86,1072,TRK/86,1074,101,3.1,true
RØ,4548,TRK/86,1075,HH/86,1078,101,4.0,true
RØ,4548,HH/86,1079,HTÅ/86,1083,101,4.7,true
RØ,4548,HTÅ/86,1084,GL/86,1089,121,8.3,true
RØ,4548,GL/86,1089,VAL/86,1093,121,7.3,true
RØ,4548,VAL/86,1094,KH/86,1099,121,3.9,true
RØ,4548,KH/86,1102,KN/86,1104,59,1.5,true
RØ,4548,KN/86,1105,KK/86,1108,59,1.6,true
RØ,4548,KK/86,1109,HGL/86,1111,80,2.1,true
RØ,4548,HGL/86,1111,HL/86,1114,80,2.6,true
RØ,4548,HL/86,1115,KL/86,1119,80,5.5,true
RØ,4548,KL/86,1120,SÅ/86,1124,80,5.5,true
RØ,4548,SÅ/86,1125,VB/86,1128,80,3.3,true
RØ,4548,VB/86,1129,RU/86,1132,80,4.0,true
RØ,4548,RU/86,1133,OK/86,1136,80,3.0,true
RØ,4548,OK/86,1137,NI/86,1140,80,3.4,true
RØ,4548,NI/86,1141,HUM/86,1144,31,3.8,true
RØ,4548,HUM/86,1145,GÆ/86,1148,31,3.7,true
RØ,4548,GÆ/86,1149,SQ/86,1152,31,2.7,true
RØ,4548,SQ/86,1153,HG/86,1157,31,3.5,true
RØ,4548,HG/86,1157,End,1157,0,0.0,true
RØ,4549,Start,703,HG/86,703,0,0.0,true
RØ,4549,HG/86,703,SQ/86,706,50,3.5,true
RØ,4549,SQ/86,707,GÆ/86,709,50,2.7,true
RØ,4549,GÆ/86,710,HUM/86,713,50,3.7,true
RØ,4549,HUM/86,714,NI/86,717,50,3.8,true
RØ,4549,NI/86,718,OK/86,722,88,3.4,true
RØ,4549,OK/86,723,RU/86,725,88,3.0,true
RØ,4549,RU/86,726,VB/86,729,88,4.0,true
RØ,4549,VB/86,730,SÅ/86,733,88,3.3,true
RØ,4549,SÅ/86,734,KL/86,738,88,5.5,true
RØ,4549,KL/86,739,HL/86,744,88,5.5,true
RØ,4549,HL/86,745,HGL/86,747,88,2.6,true
RØ,4549,HGL/86,747,KK/86,750,88,2.1,true
RØ,4549,KK/86,752,KN/86,754,74,1.6,true
RØ,4549,KN/86,755,KH/86,758,74,1.5,true
RØ,4549,KH/86,762,VAL/86,765,138,3.9,true
RØ,4549,VAL/86,766,HIF/86,769,138,3.4,true
RØ,4549,HIF/86,769,HTÅ/86,775,138,12.2,true
RØ,4549,HTÅ/86,776,HH/86,780,127,4.7,true
RØ,4549,HH/86,781,TRK/86,784,127,4.0,true
RØ,4549,TRK/86,785,RO/86,788,127,3.1,true
RØ,4549,RO/86,789,LJ/86,795,84,9.5,true
RØ,4549,LJ/86,796,HV/86,801,84,7.5,true
RØ,4549,HV/86,802,TØ/86,806,84,6.3,true
RØ,4549,TØ/86,807,PE/86,811,84,6.6,true
RØ,4549,PE/86,812,HK/86,817,84,5.9,true
RØ,4549,HK/86,817,End,817,0,0.0,true
RØ,4552,Start,1103,HK/86,1103,0,0.0,true
RØ,4552,HK/86,1103,PE/86,1107,27,5.9,true
RØ,4552,PE/86,1108,TØ/86,1113,27,6.6,true
RØ,4552,TØ/86,1114,HV/86,1118,27,6.3,true
RØ,4552,HV/86,1119,LJ/86,1123,27,7.5,true
RØ,4552,LJ/86,1124,RO/86,1130,27,9.5,true
RØ,4552,RO/86,1132,TRK/86,1134,53,3.1,true
RØ,4552,TRK/86,1135,HH/86,1138,53,4.0,true
RØ,4552,HH/86,1139,HTÅ/86,1143,53,4.7,true
RØ,4552,HTÅ/86,1144,GL/86,1149,64,8.3,true
RØ,4552,GL/86,1149,VAL/86,1153,64,7.3,true
RØ,4552,VAL/86,1154,KH/86,1159,64,3.9,true
RØ,4552,KH/86,1162,KN/86,1164,62,1.5,true
RØ,4552,KN/86,1165,KK/86,1168,62,1.6,true
RØ,4552,KK/86,1169,HGL/86,1171,100,2.1,true
RØ,4552,HGL/86,1171,HL/86,1174,100,2.6,true
RØ,4552,HL/86,1175,KL/86,1179,100,5.5,true
RØ,4552,KL/86,1180,SÅ/86,1184,100,5.5,true
RØ,4552,SÅ/86,1185,VB/86,1188,100,3.3,true
RØ,4552,VB/86,1189,RU/86,1192,100,4.0,true
RØ,4552,RU/86,1193,OK/86,1196,100,3.0,true
RØ,4552,OK/86,1197,NI/86,1200,100,3.4,true
RØ,4552,NI/86,1201,HUM/86,1204,55,3.8,true
RØ,4552,HUM/86,1205,GÆ/86,1208,55,3.7,true
RØ,4552,GÆ/86,1209,SQ/86,1212,55,2.7,true
RØ,4552,SQ/86,1213,HG/86,1217,55,3.5,true
RØ,4552,HG/86,1217,End,1217,0,0.0,true
RØ,4553,Start,763,HG/86,763,0,0.0,true
RØ,4553,HG/86,763,SQ/86,766,63,3.5,true
RØ,4553,SQ/86,767,GÆ/86,769,63,2.7,true
RØ,4553,GÆ/86,770,HUM/86,773,63,3.7,true
RØ,4553,HUM/86,774,NI/86,777,63,3.8,true
RØ,4553,NI/86,778,OK/86,782,105,3.4,true
RØ,4553,OK/86,783,RU/86,785,105,3.0,true
RØ,4553,RU/86,786,VB/86,789,105,4.0,true
RØ,4553,VB/86,790,SÅ/86,793,105,3.3,true
RØ,4553,SÅ/86,794,KL/86,798,105,5.5,true
RØ,4553,KL/86,799,HL/86,804,105,5.5,true
RØ,4553,HL/86,805,HGL/86,807,105,2.6,true
RØ,4553,HGL/86,807,KK/86,810,105,2.1,true
RØ,4553,KK/86,812,KN/86,814,99,1.6,true
RØ,4553,KN/86,815,KH/86,818,99,1.5,true
RØ,4553,KH/86,822,VAL/86,825,182,3.9,true
RØ,4553,VAL/86,826,HIF/86,829,182,3.4,true
RØ,4553,HIF/86,829,HTÅ/86,835,182,12.2,true
RØ,4553,HTÅ/86,836,HH/86,840,171,4.7,true
RØ,4553,HH/86,841,TRK/86,844,171,4.0,true
RØ,4553,TRK/86,845,RO/86,848,171,3.1,true
RØ,4553,RO/86,849,LJ/86,855,126,9.5,true
RØ,4553,LJ/86,856,HV/86,861,126,7.5,true
RØ,4553,HV/86,862,TØ/86,866,126,6.3,true
RØ,4553,TØ/86,867,PE/86,871,126,6.6,true
RØ,4553,PE/86,872,HK/86,877,126,5.9,true
RØ,4553,HK/86,877,End,877,0,0.0,true
RØ,4556,Start,1163,HK/86,1163,0,0.0,true
RØ,4556,HK/86,1163,PE/86,1167,17,5.9,true
RØ,4556,PE/86,1168,TØ/86,1173,17,6.6,true
RØ,4556,TØ/86,1174,HV/86,1178,17,6.3,true
RØ,4556,HV/86,1179,LJ/86,1183,17,7.5,true
RØ,4556,LJ/86,1184,RO/86,1190,17,9.5,true
RØ,4556,RO/86,1192,TRK/86,1194,38,3.1,true
RØ,4556,TRK/86,1195,HH/86,1198,38,4.0,true
RØ,4556,HH/86,1199,HTÅ/86,1203,38,4.7,true
RØ,4556,HTÅ/86,1204,GL/86,1209,53,8.3,true
RØ,4556,GL/86,1209,VAL/86,1213,53,7.3,true
RØ,4556,VAL/86,1214,KH/86,1219,53,3.9,true
RØ,4556,KH/86,1222,KN/86,1224,98,1.5,true
RØ,4556,KN/86,1225,KK/86,1228,98,1.6,true
RØ,4556,KK/86,1229,HGL/86,1231,118,2.1,true
RØ,4556,HGL/86,1231,HL/86,1234,118,2.6,true
RØ,4556,HL/86,1235,KL/86,1239,118,5.5,true
RØ,4556,KL/86,1240,SÅ/86,1244,118,5.5,true
RØ,4556,SÅ/86,1245,VB/86,1248,118,3.3,true
RØ,4556,VB/86,1249,RU/86,1252,118,4.0,true
RØ,4556,RU/86,1253,OK/86,1256,118,3.0,true
RØ,4556,OK/86,1257,NI/86,1260,118,3.4,true
RØ,4556,NI/86,1261,HUM/86,1264,83,3.8,true
RØ,4556,HUM/86,1265,GÆ/86,1268,83,3.7,true
RØ,4556,GÆ/86,1269,SQ/86,1272,83,2.7,true
RØ,4556,SQ/86,1273,HG/86,1277,83,3.5,true
RØ,4556,HG/86,1277,End,1277,0,0.0,true
RØ,4557,Start,823,HG/86,823,0,0.0,true
RØ,4557,HG/86,823,SQ/86,826,69,3.5,true
RØ,4557,SQ/86,827,GÆ/86,829,69,2.7,true
RØ,4557,GÆ/86,830,HUM/86,833,69,3.7,true
RØ,4557,HUM/86,834,NI/86,837,69,3.8,true
RØ,4557,NI/86,838,OK/86,842,111,3.4,true
RØ,4557,OK/86,843,RU/86,845,111,3.0,true
RØ,4557,RU/86,846,VB/86,849,111,4.0,true
RØ,4557,VB/86,850,SÅ/86,853,111,3.3,true
RØ,4557,SÅ/86,854,KL/86,858,111,5.5,true
RØ,4557,KL/86,859,HL/86,864,111,5.5,true
RØ,4557,HL/86,865,HGL/86,867,111,2.6,true
RØ,4557,HGL/86,867,KK/86,870,111,2.1,true
RØ,4557,KK/86,872,KN/86,874,121,1.6,true
RØ,4557,KN/86,875,KH/86,878,121,1.5,true
RØ,4557,KH/86,882,VAL/86,885,216,3.9,true
RØ,4557,VAL/86,886,HIF/86,889,216,3.4,true
RØ,4557,HIF/86,889,HTÅ/86,895,216,12.2,true
RØ,4557,HTÅ/86,896,HH/86,900,211,4.7,true
RØ,4557,HH/86,901,TRK/86,904,211,4.0,true
RØ,4557,TRK/86,905,RO/86,908,211,3.1,true
RØ,4557,RO/86,909,LJ/86,915,136,9.5,true
RØ,4557,LJ/86,916,HV/86,921,136,7.5,true
RØ,4557,HV/86,922,TØ/86,926,136,6.3,true
RØ,4557,TØ/86,927,PE/86,931,136,6.6,true
RØ,4557,PE/86,932,HK/86,937,136,5.9,true
RØ,4557,HK/86,937,End,937,0,0.0,true
IC,456,Start,1010,AR/86,1010,0,0.0,true
IC,456,AR/86,1010,KGV/86,1012,151,3.0,false
IC,456,KGV/86,1012,SD/86,1022,151,19.8,false
IC,456,SD/86,1023,HÅ/86,1030,142,14.1,false
IC,456,HÅ/86,1030,HS/86,1037,142,14.5,false
IC,456,HS/86,1039,HED/86,1046,124,16.3,false
IC,456,HED/86,1046,VJ/86,1053,124,15.1,false
IC,456,VJ/86,1055,BET/86,1061,118,10.9,false
IC,456,BET/86,1061,FA/86,1069,118,14.8,false
IC,456,FA/86,1069,End,1069,0,0.0,true
RØ,4560,Start,1223,HK/86,1223,0,0.0,true
RØ,4560,HK/86,1223,PE/86,1227,28,5.9,true
RØ,4560,PE/86,1228,TØ/86,1233,28,6.6,true
RØ,4560,TØ/86,1234,HV/86,1238,28,6.3,true
RØ,4560,HV/86,1239,LJ/86,1243,28,7.5,true
RØ,4560,LJ/86,1244,RO/86,1250,28,9.5,true
RØ,4560,RO/86,1252,TRK/86,1254,59,3.1,true
RØ,4560,TRK/86,1255,HH/86,1258,59,4.0,true
RØ,4560,HH/86,1259,HTÅ/86,1263,59,4.7,true
RØ,4560,HTÅ/86,1264,GL/86,1269,66,8.3,true
RØ,4560,GL/86,1269,VAL/86,1273,66,7.3,true
RØ,4560,VAL/86,1274,KH/86,1279,66,3.9,true
RØ,4560,KH/86,1282,KN/86,1284,69,1.5,true
RØ,4560,KN/86,1285,KK/86,1288,69,1.6,true
RØ,4560,KK/86,1289,HGL/86,1291,95,2.1,true
RØ,4560,HGL/86,1291,HL/86,1294,95,2.6,true
RØ,4560,HL/86,1295,KL/86,1299,95,5.5,true
RØ,4560,KL/86,1300,SÅ/86,1304,95,5.5,true
RØ,4560,SÅ/86,1305,VB/86,1308,95,3.3,true
RØ,4560,VB/86,1309,RU/86,1312,95,4.0,true
RØ,4560,RU/86,1313,OK/86,1316,95,3.0,true
RØ,4560,OK/86,1317,NI/86,1320,95,3.4,true
RØ,4560,NI/86,1321,HUM/86,1324,45,3.8,true
RØ,4560,HUM/86,1325,GÆ/86,1328,45,3.7,true
RØ,4560,GÆ/86,1329,SQ/86,1332,45,2.7,true
RØ,4560,SQ/86,1333,HG/86,1337,45,3.5,true
RØ,4560,HG/86,1337,End,1337,0,0.0,true
RØ,4561,Start,883,HG/86,883,0,0.0,true
RØ,4561,HG/86,883,SQ/86,886,86,3.5,true
RØ,4561,SQ/86,887,GÆ/86,889,86,2.7,true
RØ,4561,GÆ/86,890,HUM/86,893,86,3.7,true
RØ,4561,HUM/86,894,NI/86,897,86,3.8,true
RØ,4561,NI/86,898,OK/86,902,145,3.4,true
RØ,4561,OK/86,903,RU/86,905,145,3.0,true
RØ,4561,RU/86,906,VB/86,909,145,4.0,true
RØ,4561,VB/86,910,SÅ/86,913,145,3.3,true
RØ,4561,SÅ/86,914,KL/86,918,145,5.5,true
RØ,4561,KL/86,919,HL/86,924,145,5.5,true
RØ,4561,HL/86,925,HGL/86,927,145,2.6,true
RØ,4561,HGL/86,927,KK/86,930,145,2.1,true
RØ,4561,KK/86,932,KN/86,934,196,1.6,true
RØ,4561,KN/86,935,KH/86,938,196,1.5,true
RØ,4561,KH/86,942,VAL/86,945,340,3.9,true
RØ,4561,VAL/86,946,HIF/86,949,340,3.4,true
RØ,4561,HIF/86,949,HTÅ/86,955,340,12.2,true
RØ,4561,HTÅ/86,956,HH/86,960,340,4.7,true
RØ,4561,HH/86,961,TRK/86,964,340,4.0,true
RØ,4561,TRK/86,965,RO/86,968,340,3.1,true
RØ,4561,RO/86,969,LJ/86,975,178,9.5,true
RØ,4561,LJ/86,976,HV/86,981,178,7.5,true
RØ,4561,HV/86,982,TØ/86,986,178,6.3,true
RØ,4561,TØ/86,987,PE/86,991,178,6.6,true
RØ,4561,PE/86,992,HK/86,997,178,5.9,true
RØ,4561,HK/86,997,End,997,0,0.0,true
RØ,4565,Start,943,HG/86,943,0,0.0,true
RØ,4565,HG/86,943,SQ/86,946,56,3.5,true
RØ,4565,SQ/86,947,GÆ/86,949,56,2.7,true
RØ,4565,GÆ/86,950,HUM/86,953,56,3.7,true
RØ,4565,HUM/86,954,NI/86,957,56,3.8,true
RØ,4565,NI/86,958,OK/86,962,106,3.4,true
RØ,4565,OK/86,963,RU/86,965,106,3.0,true
RØ,4565,RU/86,966,VB/86,969,106,4.0,true
RØ,4565,VB/86,970,SÅ/86,973,106,3.3,true
RØ,4565,SÅ/86,974,KL/86,978,106,5.5,true
RØ,4565,KL/86,979,HL/86,984,106,5.5,true
RØ,4565,HL/86,985,HGL/86,987,106,2.6,true
RØ,4565,HGL/86,987,KK/86,990,106,2.1,true
RØ,4565,KK/86,992,KN/86,994,189,1.6,true
RØ,4565,KN/86,995,KH/86,998,189,1.5,true
RØ,4565,KH/86,1002,VAL/86,1005,352,3.9,true
RØ,4565,VAL/86,1006,HIF/86,1009,352,3.4,true
RØ,4565,HIF/86,1009,HTÅ/86,1015,352,12.2,true
RØ,4565,HTÅ/86,1016,HH/86,1020,345,4.7,true
RØ,4565,HH/86,1021,TRK/86,1024,345,4.0,true
RØ,4565,TRK/86,1025,RO/86,1028,345,3.1,true
RØ,4565,RO/86,1029,LJ/86,1035,171,9.5,true
RØ,4565,LJ/86,1036,HV/86,1041,171,7.5,true
RØ,4565,HV/86,1042,TØ/86,1046,171,6.3,true
RØ,4565,TØ/86,1047,PE/86,1051,171,6.6,true
RØ,4565,PE/86,1052,HK/86,1057,171,5.9,true
RØ,4565,HK/86,1057,End,1057,0,0.0,true
RØ,4569,Start,1003,HG/86,1003,0,0.0,true
RØ,4569,HG/86,1003,SQ/86,1006,50,3.5,true
RØ,4569,SQ/86,1007,GÆ/86,1009,50,2.7,true
RØ,4569,GÆ/86,1010,HUM/86,1013,50,3.7,true
RØ,4569,HUM/86,1014,NI/86,1017,50,3.8,true
RØ,4569,NI/86,1018,OK/86,1022,117,3.4,true
RØ,4569,OK/86,1023,RU/86,1025,117,3.0,true
RØ,4569,RU/86,1026,VB/86,1029,117,4.0,true
RØ,4569,VB/86,1030,SÅ/86,1033,117,3.3,true
RØ,4569,SÅ/86,1034,KL/86,1038,117,5.5,true
RØ,4569,KL/86,1039,HL/86,1044,117,5.5,true
RØ,4569,HL/86,1045,HGL/86,1047,117,2.6,true
RØ,4569,HGL/86,1047,KK/86,1050,117,2.1,true
RØ,4569,KK/86,1052,KN/86,1054,176,1.6,true
RØ,4569,KN/86,1055,KH/86,1058,176,1.5,true
RØ,4569,KH/86,1062,VAL/86,1065,287,3.9,true
RØ,4569,VAL/86,1066,HIF/86,1069,287,3.4,true
RØ,4569,HIF/86,1069,HTÅ/86,1075,287,12.2,true
RØ,4569,HTÅ/86,1076,HH/86,1080,276,4.7,true
RØ,4569,HH/86,1081,TRK/86,1084,276,4.0,true
RØ,4569,TRK/86,1085,RO/86,1088,276,3.1,true
RØ,4569,RO/86,1089,LJ/86,1095,141,9.5,true
RØ,4569,LJ/86,1096,HV/86,1101,141,7.5,true
RØ,4569,HV/86,1102,TØ/86,1106,141,6.3,true
RØ,4569,TØ/86,1107,PE/86,1111,141,6.6,true
RØ,4569,PE/86,1112,HK/86,1117,141,5.9,true
RØ,4569,HK/86,1117,End,1117,0,0.0,true
RØ,4573,Start,1063,HG/86,1063,0,0.0,true
RØ,4573,HG/86,1063,SQ/86,1066,29,3.5,true
RØ,4573,SQ/86,1067,GÆ/86,1069,29,2.7,true
RØ,4573,GÆ/86,1070,HUM/86,1073,29,3.7,true
RØ,4573,HUM/86,1074,NI/86,1077,29,3.8,true
RØ,4573,NI/86,1078,OK/86,1082,70,3.4,true
RØ,4573,OK/86,1083,RU/86,1085,70,3.0,true
RØ,4573,RU/86,1086,VB/86,1089,70,4.0,true
RØ,4573,VB/86,1090,SÅ/86,1093,70,3.3,true
RØ,4573,SÅ/86,1094,KL/86,1098,70,5.5,true
RØ,4573,KL/86,1099,HL/86,1104,70,5.5,true
RØ,4573,HL/86,1105,HGL/86,1107,70,2.6,true
RØ,4573,HGL/86,1107,KK/86,1110,70,2.1,true
RØ,4573,KK/86,1112,KN/86,1114,81,1.6,true
RØ,4573,KN/86,1115,KH/86,1118,81,1.5,true
RØ,4573,KH/86,1122,VAL/86,1125,156,3.9,true
RØ,4573,VAL/86,1126,HIF/86,1129,156,3.4,true
RØ,4573,HIF/86,1129,HTÅ/86,1135,156,12.2,true
RØ,4573,HTÅ/86,1136,HH/86,1140,131,4.7,true
RØ,4573,HH/86,1141,TRK/86,1144,131,4.0,true
RØ,4573,TRK/86,1145,RO/86,1148,131,3.1,true
RØ,4573,RO/86,1149,LJ/86,1155,69,9.5,true
RØ,4573,LJ/86,1156,HV/86,1161,69,7.5,true
RØ,4573,HV/86,1162,TØ/86,1166,69,6.3,true
RØ,4573,TØ/86,1167,PE/86,1171,69,6.6,true
RØ,4573,PE/86,1172,HK/86,1177,69,5.9,true
RØ,4573,HK/86,1177,End,1177,0,0.0,true
RØ,4577,Start,1123,HG/86,1123,0,0.0,true
RØ,4577,HG/86,1123,SQ/86,1126,25,3.5,true
RØ,4577,SQ/86,1127,GÆ/86,1129,25,2.7,true
RØ,4577,GÆ/86,1130,HUM/86,1133,25,3.7,true
RØ,4577,HUM/86,1134,NI/86,1137,25,3.8,true
RØ,4577,NI/86,1138,OK/86,1142,44,3.4,true
RØ,4577,OK/86,1143,RU/86,1145,44,3.0,true
RØ,4577,RU/86,1146,VB/86,1149,44,4.0,true
RØ,4577,VB/86,1150,SÅ/86,1153,44,3.3,true
RØ,4577,SÅ/86,1154,KL/86,1158,44,5.5,true
RØ,4577,KL/86,1159,HL/86,1164,44,5.5,true
RØ,4577,HL/86,1165,HGL/86,1167,44,2.6,true
RØ,4577,HGL/86,1167,KK/86,1170,44,2.1,true
RØ,4577,KK/86,1172,KN/86,1174,60,1.6,true
RØ,4577,KN/86,1175,KH/86,1178,60,1.5,true
RØ,4577,KH/86,1182,VAL/86,1185,122,3.9,true
RØ,4577,VAL/86,1186,HIF/86,1189,122,3.4,true
RØ,4577,HIF/86,1189,HTÅ/86,1195,122,12.2,true
RØ,4577,HTÅ/86,1196,HH/86,1200,102,4.7,true
RØ,4577,HH/86,1201,TRK/86,1204,102,4.0,true
RØ,4577,TRK/86,1205,RO/86,1208,102,3.1,true
RØ,4577,RO/86,1209,LJ/86,1215,76,9.5,true
RØ,4577,LJ/86,1216,HV/86,1221,76,7.5,true
RØ,4577,HV/86,1222,TØ/86,1226,76,6.3,true
RØ,4577,TØ/86,1227,PE/86,1231,76,6.6,true
RØ,4577,PE/86,1232,HK/86,1237,76,5.9,true
RØ,4577,HK/86,1237,End,1237,0,0.0,true
RØ,4581,Start,1183,HG/86,1183,0,0.0,true
RØ,4581,HG/86,1183,SQ/86,1186,22,3.5,true
RØ,4581,SQ/86,1187,GÆ/86,1189,22,2.7,true
RØ,4581,GÆ/86,1190,HUM/86,1193,22,3.7,true
RØ,4581,HUM/86,1194,NI/86,1197,22,3.8,true
RØ,4581,NI/86,1198,OK/86,1202,50,3.4,true
RØ,4581,OK/86,1203,RU/86,1205,50,3.0,true
RØ,4581,RU/86,1206,VB/86,1209,50,4.0,true
RØ,4581,VB/86,1210,SÅ/86,1213,50,3.3,true
RØ,4581,SÅ/86,1214,KL/86,1218,50,5.5,true
RØ,4581,KL/86,1219,HL/86,1224,50,5.5,true
RØ,4581,HL/86,1225,HGL/86,1227,50,2.6,true
RØ,4581,HGL/86,1227,KK/86,1230,50,2.1,true
RØ,4581,KK/86,1232,KN/86,1234,90,1.6,true
RØ,4581,KN/86,1235,KH/86,1238,90,1.5,true
RØ,4581,KH/86,1242,VAL/86,1245,184,3.9,true
RØ,4581,VAL/86,1246,HIF/86,1249,184,3.4,true
RØ,4581,HIF/86,1249,HTÅ/86,1255,184,12.2,true
RØ,4581,HTÅ/86,1256,HH/86,1260,146,4.7,true
RØ,4581,HH/86,1261,TRK/86,1264,146,4.0,true
RØ,4581,TRK/86,1265,RO/86,1268,146,3.1,true
RØ,4581,RO/86,1269,LJ/86,1275,95,9.5,true
RØ,4581,LJ/86,1276,HV/86,1281,95,7.5,true
RØ,4581,HV/86,1282,TØ/86,1286,95,6.3,true
RØ,4581,TØ/86,1287,PE/86,1291,95,6.6,true
RØ,4581,PE/86,1292,HK/86,1297,95,5.9,true
RØ,4581,HK/86,1297,End,1297,0,0.0,true
RØ,4585,Start,1243,HG/86,1243,0,0.0,true
RØ,4585,HG/86,1243,SQ/86,1246,87,3.5,true
RØ,4585,SQ/86,1247,GÆ/86,1249,87,2.7,true
RØ,4585,GÆ/86,1250,HUM/86,1253,87,3.7,true
RØ,4585,HUM/86,1254,NI/86,1257,87,3.8,true
RØ,4585,NI/86,1258,OK/86,1262,86,3.4,true
RØ,4585,OK/86,1263,RU/86,1265,86,3.0,true
RØ,4585,RU/86,1266,VB/86,1269,86,4.0,true
RØ,4585,VB/86,1270,SÅ/86,1273,86,3.3,true
RØ,4585,SÅ/86,1274,KL/86,1278,86,5.5,true
RØ,4585,KL/86,1279,HL/86,1284,86,5.5,true
RØ,4585,HL/86,1285,HGL/86,1287,86,2.6,true
RØ,4585,HGL/86,1287,KK/86,1290,86,2.1,true
RØ,4585,KK/86,1292,KN/86,1294,78,1.6,true
RØ,4585,KN/86,1295,KH/86,1298,78,1.5,true
RØ,4585,KH/86,1298,End,1298,0,0.0,true
RØ,4589,Start,1303,HG/86,1303,0,0.0,true
RØ,4589,HG/86,1303,SQ/86,1306,57,3.5,true
RØ,4589,SQ/86,1307,GÆ/86,1309,57,2.7,true
RØ,4589,GÆ/86,1310,HUM/86,1313,57,3.7,true
RØ,4589,HUM/86,1314,NI/86,1317,57,3.8,true
RØ,4589,NI/86,1318,OK/86,1322,65,3.4,true
RØ,4589,OK/86,1323,RU/86,1325,65,3.0,true
RØ,4589,RU/86,1326,VB/86,1329,65,4.0,true
RØ,4589,VB/86,1330,SÅ/86,1333,65,3.3,true
RØ,4589,SÅ/86,1334,KL/86,1338,65,5.5,true
RØ,4589,KL/86,1339,HL/86,1344,65,5.5,true
RØ,4589,HL/86,1345,HGL/86,1347,65,2.6,true
RØ,4589,HGL/86,1347,KK/86,1350,65,2.1,true
RØ,4589,KK/86,1352,KN/86,1354,53,1.6,true
RØ,4589,KN/86,1355,KH/86,1358,53,1.5,true
RØ,4589,KH/86,1358,End,1358,0,0.0,true
L,46,Start,860,AR/86,860,0,0.0,true
L,46,AR/86,860,KGV/86,863,235,3.0,false
L,46,KGV/86,863,SD/86,872,235,19.8,false
L,46,SD/86,874,HÅ/86,881,243,14.1,false
L,46,HÅ/86,881,HS/86,887,243,14.5,false
L,46,HS/86,889,HED/86,897,247,16.3,false
L,46,HED/86,897,VJ/86,904,247,15.1,false
L,46,VJ/86,906,BET/86,911,264,10.9,false
L,46,BET/86,911,FA/86,921,264,14.8,false
L,46,FA/86,927,SNO/86,929,349,4.3,true
L,46,SNO/86,929,OD/86,954,349,56.0,true
L,46,OD/86,957,MV/86,962,409,9.3,true
L,46,MV/86,962,KH/86,1026,409,148.8,true
L,46,KH/86,1038,BAN/86,1041,51,2.4,true
L,46,BAN/86,1041,CPH/86,1052,51,9.4,true
L,46,CPH/86,1052,End,1052,0,0.0,true
IC,460,Start,1070,AR/86,1070,0,0.0,true
IC,460,AR/86,1070,KGV/86,1072,87,3.0,false
IC,460,KGV/86,1072,SD/86,1082,87,19.8,false
IC,460,SD/86,1083,HÅ/86,1090,83,14.1,false
IC,460,HÅ/86,1090,HS/86,1097,83,14.5,false
IC,460,HS/86,1099,HED/86,1106,80,16.3,false
IC,460,HED/86,1106,VJ/86,1113,80,15.1,false
IC,460,VJ/86,1115,BET/86,1121,66,10.9,false
IC,460,BET/86,1121,FA/86,1129,66,14.8,false
IC,460,FA/86,1129,End,1129,0,0.0,true
IC,461,Start,1089,FA/86,1089,0,0.0,true
IC,461,FA/86,1089,BK/86,1095,128,11.9,false
IC,461,BK/86,1095,VJ/86,1102,128,13.8,false
IC,461,VJ/86,1104,HED/86,1111,124,15.1,false
IC,461,HED/86,1111,HS/86,1118,124,16.3,false
IC,461,HS/86,1120,HÅ/86,1127,121,14.5,false
IC,461,HÅ/86,1127,SD/86,1134,121,14.1,false
IC,461,SD/86,1135,HX/86,1140,107,8.5,false
IC,461,HX/86,1140,AR/86,1148,107,14.3,false
IC,461,AR/86,1148,End,1148,0,0.0,true
IC,464,Start,1130,AR/86,1130,0,0.0,true
IC,464,AR/86,1130,KGV/86,1132,100,3.0,false
IC,464,KGV/86,1132,SD/86,1142,100,19.8,false
IC,464,SD/86,1143,HÅ/86,1150,96,14.1,false
IC,464,HÅ/86,1150,HS/86,1157,96,14.5,false
IC,464,HS/86,1159,HED/86,1166,91,16.3,false
IC,464,HED/86,1166,VJ/86,1173,91,15.1,false
IC,464,VJ/86,1175,BET/86,1181,88,10.9,false
IC,464,BET/86,1181,FA/86,1189,88,14.8,false
IC,464,FA/86,1189,End,1189,0,0.0,true
IC,465,Start,1149,FA/86,1149,0,0.0,true
IC,465,FA/86,1149,BK/86,1155,102,11.9,false
IC,465,BK/86,1155,VJ/86,1162,102,13.8,false
IC,465,VJ/86,1164,HED/86,1171,106,15.1,false
IC,465,HED/86,1171,HS/86,1178,106,16.3,false
IC,465,HS/86,1180,HÅ/86,1187,93,14.5,false
IC,465,HÅ/86,1187,SD/86,1194,93,14.1,false
IC,465,SD/86,1195,HX/86,1200,80,8.5,false
IC,465,HX/86,1200,AR/86,1208,80,14.3,false
IC,465,AR/86,1208,End,1208,0,0.0,true
IC,468,Start,1190,AR/86,1190,0,0.0,true
IC,468,AR/86,1190,KGV/86,1192,39,3.0,false
IC,468,KGV/86,1192,SD/86,1202,39,19.8,false
IC,468,SD/86,1203,HÅ/86,1210,39,14.1,false
IC,468,HÅ/86,1210,HS/86,1217,39,14.5,false
IC,468,HS/86,1219,HED/86,1226,51,16.3,false
IC,468,HED/86,1226,VJ/86,1233,51,15.1,false
IC,468,VJ/86,1235,BET/86,1241,52,10.9,false
IC,468,BET/86,1241,FA/86,1249,52,14.8,false
IC,468,FA/86,1249,End,1249,0,0.0,true
IC,469,Start,1209,FA/86,1209,0,0.0,true
IC,469,FA/86,1209,BK/86,1215,77,11.9,false
IC,469,BK/86,1215,VJ/86,1222,77,13.8,false
IC,469,VJ/86,1224,HED/86,1231,88,15.1,false
IC,469,HED/86,1231,HS/86,1238,88,16.3,false
IC,469,HS/86,1240,HÅ/86,1247,89,14.5,false
IC,469,HÅ/86,1247,SD/86,1254,89,14.1,false
IC,469,SD/86,1255,HX/86,1260,94,8.5,false
IC,469,HX/86,1260,AR/86,1268,94,14.3,false
IC,469,AR/86,1268,End,1268,0,0.0,true
L,47,Start,746,CPH/86,746,0,0.0,true
L,47,CPH/86,746,TÅT/86,749,51,3.3,true
L,47,TÅT/86,749,KH/86,760,51,8.5,true
L,47,KH/86,772,GB/86,775,347,3.2,true
L,47,GB/86,775,OD/86,843,347,154.9,true
L,47,OD/86,846,HP/86,850,365,8.6,true
L,47,HP/86,850,FA/86,874,365,51.7,true
L,47,FA/86,878,BK/86,884,383,11.9,false
L,47,BK/86,884,VJ/86,891,383,13.8,false
L,47,VJ/86,893,HED/86,901,305,15.1,false
L,47,HED/86,901,HS/86,908,305,16.3,false
L,47,HS/86,910,HÅ/86,917,305,14.5,false
L,47,HÅ/86,917,SD/86,924,305,14.1,false
L,47,SD/86,925,HX/86,930,293,8.5,false
L,47,HX/86,930,AR/86,938,293,14.3,false
L,47,AR/86,938,End,938,0,0.0,true
RR,4708,Start,334,FA/86,334,0,0.0,true
RR,4708,FA/86,334,SNO/86,337,9,4.3,true
RR,4708,SNO/86,337,MD/86,340,9,5.9,true
RR,4708,MD/86,341,KA/86,345,57,6.1,true
RR,4708,KA/86,345,NA/86,347,57,4.2,true
RR,4708,NA/86,348,EB/86,351,57,5.3,true
RR,4708,EB/86,352,GD/86,356,57,4.6,true
RR,4708,GD/86,357,AP/86,361,57,5.5,true
RR,4708,AP/86,362,BD/86,364,57,3.6,true
RR,4708,BD/86,364,TP/86,367,57,5.6,true
RR,4708,TP/86,368,HP/86,371,57,6.6,true
RR,4708,HP/86,371,OD/86,376,57,8.6,true
RR,4708,OD/86,376,End,376,0,0.0,true
IC,471,Start,1269,FA/86,1269,0,0.0,true
IC,471,FA/86,1269,BK/86,1275,49,11.9,false
IC,471,BK/86,1275,VJ/86,1282,49,13.8,false
IC,471,VJ/86,1284,HED/86,1291,46,15.1,false
IC,471,HED/86,1291,HS/86,1298,46,16.3,false
IC,471,HS/86,1300,HÅ/86,1307,41,14.5,false
IC,471,HÅ/86,1307,SD/86,1314,41,14.1,false
IC,471,SD/86,1315,HX/86,1320,39,8.5,false
IC,471,HX/86,1320,AR/86,1328,39,14.3,false
IC,471,AR/86,1328,End,1328,0,0.0,true
RV,4713,Start,340,OD/86,340,0,0.0,true
RV,4713,OD/86,340,HP/86,345,17,8.6,true
RV,4713,HP/86,345,TP/86,349,17,6.6,true
RV,4713,TP/86,350,SC/86,352,17,3.2,true
RV,4713,SC/86,352,AP/86,355,17,6.0,true
RV,4713,AP/86,356,GD/86,361,17,5.5,true
RV,4713,GD/86,362,EB/86,365,17,4.6,true
RV,4713,EB/86,366,NA/86,370,17,5.3,true
RV,4713,NA/86,371,KA/86,374,17,4.2,true
RV,4713,KA/86,374,MD/86,378,17,6.1,true
RV,4713,MD/86,379,SNO/86,382,12,5.9,true
RV,4713,SNO/86,382,FA/86,386,12,4.3,true
RV,4713,FA/86,386,End,386,0,0.0,true
RR,4714,Start,422,FA/86,422,0,0.0,true
RR,4714,FA/86,422,SNO/86,424,7,4.3,true
RR,4714,SNO/86,424,MD/86,428,7,5.9,true
RR,4714,MD/86,429,KA/86,432,70,6.1,true
RR,4714,KA/86,432,NA/86,434,70,4.2,true
RR,4714,NA/86,435,EB/86,439,70,5.3,true
RR,4714,EB/86,440,GD/86,443,70,4.6,true
RR,4714,GD/86,444,AP/86,448,70,5.5,true
RR,4714,AP/86,449,BD/86,451,70,3.6,true
RR,4714,BD/86,452,SC/86,453,70,2.4,true
RR,4714,SC/86,453,TP/86,456,70,3.2,true
RR,4714,TP/86,457,HP/86,461,70,6.6,true
RR,4714,HP/86,461,OD/86,468,70,8.6,true
RR,4714,OD/86,468,End,468,0,0.0,true
RV,4716,Start,450,FA/86,450,0,0.0,true
RV,4716,FA/86,450,SNO/86,453,15,4.3,true
RV,4716,SNO/86,453,MD/86,457,15,5.9,true
RV,4716,MD/86,458,KA/86,461,45,6.1,true
RV,4716,KA/86,461,NA/86,464,45,4.2,true
RV,4716,NA/86,465,EB/86,469,45,5.3,true
RV,4716,EB/86,470,GD/86,474,45,4.6,true
RV,4716,GD/86,475,AP/86,479,45,5.5,true
RV,4716,AP/86,480,BD/86,482,45,3.6,true
RV,4716,BD/86,482,TP/86,486,45,5.6,true
RV,4716,TP/86,487,HP/86,491,45,6.6,true
RV,4716,HP/86,491,OD/86,496,45,8.6,true
RV,4716,OD/86,496,End,496,0,0.0,true
RV,4719,Start,432,OD/86,432,0,0.0,true
RV,4719,OD/86,432,HP/86,437,29,8.6,true
RV,4719,HP/86,437,TP/86,441,29,6.6,true
RV,4719,TP/86,442,SC/86,444,29,3.2,true
RV,4719,SC/86,444,AP/86,447,29,6.0,true
RV,4719,AP/86,448,GD/86,452,29,5.5,true
RV,4719,GD/86,453,EB/86,457,29,4.6,true
RV,4719,EB/86,458,NA/86,462,29,5.3,true
RV,4719,NA/86,463,KA/86,465,29,4.2,true
RV,4719,KA/86,465,MD/86,469,29,6.1,true
RV,4719,MD/86,470,SNO/86,474,6,5.9,true
RV,4719,SNO/86,474,FA/86,477,6,4.3,true
RV,4719,FA/86,477,End,477,0,0.0,true
RV,4721,Start,460,OD/86,460,0,0.0,true
RV,4721,OD/86,460,HP/86,465,30,8.6,true
RV,4721,HP/86,465,TP/86,469,30,6.6,true
RV,4721,TP/86,470,SC/86,472,30,3.2,true
RV,4721,SC/86,472,AP/86,475,30,6.0,true
RV,4721,AP/86,476,GD/86,481,30,5.5,true
RV,4721,GD/86,482,EB/86,485,30,4.6,true
RV,4721,EB/86,486,NA/86,490,30,5.3,true
RV,4721,NA/86,491,KA/86,494,30,4.2,true
RV,4721,KA/86,494,MD/86,498,30,6.1,true
RV,4721,MD/86,499,SNO/86,502,4,5.9,true
RV,4721,SNO/86,502,FA/86,506,4,4.3,true
RV,4721,FA/86,506,End,506,0,0.0,true
RV,4724,Start,570,FA/86,570,0,0.0,true
RV,4724,FA/86,570,SNO/86,573,10,4.3,true
RV,4724,SNO/86,573,MD/86,577,10,5.9,true
RV,4724,MD/86,578,KA/86,581,16,6.1,true
RV,4724,KA/86,581,NA/86,584,16,4.2,true
RV,4724,NA/86,585,EB/86,589,16,5.3,true
RV,4724,EB/86,590,GD/86,594,16,4.6,true
RV,4724,GD/86,595,AP/86,599,16,5.5,true
RV,4724,AP/86,600,BD/86,602,16,3.6,true
RV,4724,BD/86,602,TP/86,606,16,5.6,true
RV,4724,TP/86,607,HP/86,611,16,6.6,true
RV,4724,HP/86,611,OD/86,616,16,8.6,true
RV,4724,OD/86,616,End,616,0,0.0,true
RV,4729,Start,580,OD/86,580,0,0.0,true
RV,4729,OD/86,580,HP/86,585,10,8.6,true
RV,4729,HP/86,585,TP/86,589,10,6.6,true
RV,4729,TP/86,590,SC/86,592,10,3.2,true
RV,4729,SC/86,592,AP/86,595,10,6.0,true
RV,4729,AP/86,596,GD/86,601,10,5.5,true
RV,4729,GD/86,602,EB/86,605,10,4.6,true
RV,4729,EB/86,606,NA/86,610,10,5.3,true
RV,4729,NA/86,611,KA/86,614,10,4.2,true
RV,4729,KA/86,614,MD/86,618,10,6.1,true
RV,4729,MD/86,619,SNO/86,622,3,5.9,true
RV,4729,SNO/86,622,FA/86,626,3,4.3,true
RV,4729,FA/86,626,End,626,0,0.0,true
RV,4732,Start,690,FA/86,690,0,0.0,true
RV,4732,FA/86,690,SNO/86,693,4,4.3,true
RV,4732,SNO/86,693,MD/86,697,4,5.9,true
RV,4732,MD/86,698,KA/86,701,8,6.1,true
RV,4732,KA/86,701,NA/86,704,8,4.2,true
RV,4732,NA/86,705,EB/86,709,8,5.3,true
RV,4732,EB/86,710,GD/86,714,8,4.6,true
RV,4732,GD/86,715,AP/86,719,8,5.5,true
RV,4732,AP/86,720,BD/86,722,8,3.6,true
RV,4732,BD/86,722,TP/86,726,8,5.6,true
RV,4732,TP/86,727,HP/86,731,8,6.6,true
RV,4732,HP/86,731,OD/86,736,8,8.6,true
RV,4732,OD/86,736,End,736,0,0.0,true
RV,4737,Start,704,OD/86,704,0,0.0,true
RV,4737,OD/86,704,HP/86,709,15,8.6,true
RV,4737,HP/86,709,TP/86,713,15,6.6,true
RV,4737,TP/86,714,SC/86,716,15,3.2,true
RV,4737,SC/86,716,AP/86,719,15,6.0,true
RV,4737,AP/86,720,GD/86,725,15,5.5,true
RV,4737,GD/86,726,EB/86,729,15,4.6,true
RV,4737,EB/86,730,NA/86,734,15,5.3,true
RV,4737,NA/86,735,KA/86,738,15,4.2,true
RV,4737,KA/86,738,MD/86,742,15,6.1,true
RV,4737,MD/86,743,SNO/86,746,4,5.9,true
RV,4737,SNO/86,746,FA/86,750,4,4.3,true
RV,4737,FA/86,750,End,750,0,0.0,true
IC,474,Start,1250,AR/86,1250,0,0.0,true
IC,474,AR/86,1250,KGV/86,1252,95,3.0,false
IC,474,KGV/86,1252,SD/86,1262,95,19.8,false
IC,474,SD/86,1263,HÅ/86,1270,82,14.1,false
IC,474,HÅ/86,1270,HS/86,1277,82,14.5,false
IC,474,HS/86,1279,HED/86,1286,63,16.3,false
IC,474,HED/86,1286,VJ/86,1293,63,15.1,false
IC,474,VJ/86,1295,BET/86,1301,53,10.9,false
IC,474,BET/86,1301,FA/86,1309,53,14.8,false
IC,474,FA/86,1309,End,1309,0,0.0,true
RV,4740,Start,810,FA/86,810,0,0.0,true
RV,4740,FA/86,810,SNO/86,813,8,4.3,true
RV,4740,SNO/86,813,MD/86,817,8,5.9,true
RV,4740,MD/86,818,KA/86,821,37,6.1,true
RV,4740,KA/86,821,NA/86,824,37,4.2,true
RV,4740,NA/86,825,EB/86,829,37,5.3,true
RV,4740,EB/86,830,GD/86,834,37,4.6,true
RV,4740,GD/86,835,AP/86,839,37,5.5,true
RV,4740,AP/86,840,BD/86,842,37,3.6,true
RV,4740,BD/86,842,TP/86,846,37,5.6,true
RV,4740,TP/86,847,HP/86,851,37,6.6,true
RV,4740,HP/86,851,OD/86,856,37,8.6,true
RV,4740,OD/86,856,End,856,0,0.0,true
RV,4745,Start,820,OD/86,820,0,0.0,true
RV,4745,OD/86,820,HP/86,825,28,8.6,true
RV,4745,HP/86,825,TP/86,829,28,6.6,true
RV,4745,TP/86,830,SC/86,832,28,3.2,true
RV,4745,SC/86,832,AP/86,835,28,6.0,true
RV,4745,AP/86,836,GD/86,841,28,5.5,true
RV,4745,GD/86,842,EB/86,845,28,4.6,true
RV,4745,EB/86,846,NA/86,850,28,5.3,true
RV,4745,NA/86,851,KA/86,854,28,4.2,true
RV,4745,KA/86,854,MD/86,858,28,6.1,true
RV,4745,MD/86,859,SNO/86,862,10,5.9,true
RV,4745,SNO/86,862,FA/86,866,10,4.3,true
RV,4745,FA/86,866,End,866,0,0.0,true
RV,4748,Start,930,FA/86,930,0,0.0,true
RV,4748,FA/86,930,SNO/86,933,21,4.3,true
RV,4748,SNO/86,933,MD/86,937,21,5.9,true
RV,4748,MD/86,938,KA/86,941,31,6.1,true
RV,4748,KA/86,941,NA/86,944,31,4.2,true
RV,4748,NA/86,945,EB/86,949,31,5.3,true
RV,4748,EB/86,950,GD/86,954,31,4.6,true
RV,4748,GD/86,955,AP/86,959,31,5.5,true
RV,4748,AP/86,960,BD/86,962,31,3.6,true
RV,4748,BD/86,962,TP/86,966,31,5.6,true
RV,4748,TP/86,967,HP/86,971,31,6.6,true
RV,4748,HP/86,971,OD/86,976,31,8.6,true
RV,4748,OD/86,976,End,976,0,0.0,true
RV,4753,Start,943,OD/86,943,0,0.0,true
RV,4753,OD/86,943,HP/86,948,72,8.6,true
RV,4753,HP/86,948,TP/86,952,72,6.6,true
RV,4753,TP/86,953,SC/86,955,72,3.2,true
RV,4753,SC/86,955,AP/86,958,72,6.0,true
RV,4753,AP/86,959,GD/86,964,72,5.5,true
RV,4753,GD/86,965,EB/86,968,72,4.6,true
RV,4753,EB/86,969,NA/86,973,72,5.3,true
RV,4753,NA/86,974,KA/86,977,72,4.2,true
RV,4753,KA/86,977,MD/86,981,72,6.1,true
RV,4753,MD/86,982,SNO/86,985,9,5.9,true
RV,4753,SNO/86,985,FA/86,989,9,4.3,true
RV,4753,FA/86,989,End,989,0,0.0,true
RV,4756,Start,1050,FA/86,1050,0,0.0,true
RV,4756,FA/86,1050,SNO/86,1053,26,4.3,true
RV,4756,SNO/86,1053,MD/86,1057,26,5.9,true
RV,4756,MD/86,1058,KA/86,1061,31,6.1,true
RV,4756,KA/86,1061,NA/86,1064,31,4.2,true
RV,4756,NA/86,1065,EB/86,1069,31,5.3,true
RV,4756,EB/86,1070,GD/86,1074,31,4.6,true
RV,4756,GD/86,1075,AP/86,1079,31,5.5,true
RV,4756,AP/86,1080,BD/86,1082,31,3.6,true
RV,4756,BD/86,1082,TP/86,1086,31,5.6,true
RV,4756,TP/86,1087,HP/86,1091,31,6.6,true
RV,4756,HP/86,1091,OD/86,1096,31,8.6,true
RV,4756,OD/86,1096,End,1096,0,0.0,true
RV,4761,Start,1063,OD/86,1063,0,0.0,true
RV,4761,OD/86,1063,HP/86,1068,24,8.6,true
RV,4761,HP/86,1068,TP/86,1072,24,6.6,true
RV,4761,TP/86,1073,SC/86,1075,24,3.2,true
RV,4761,SC/86,1075,AP/86,1078,24,6.0,true
RV,4761,AP/86,1079,GD/86,1084,24,5.5,true
RV,4761,GD/86,1085,EB/86,1088,24,4.6,true
RV,4761,EB/86,1089,NA/86,1093,24,5.3,true
RV,4761,NA/86,1094,KA/86,1097,24,4.2,true
RV,4761,KA/86,1097,MD/86,1101,24,6.1,true
RV,4761,MD/86,1102,SNO/86,1105,3,5.9,true
RV,4761,SNO/86,1105,FA/86,1109,3,4.3,true
RV,4761,FA/86,1109,End,1109,0,0.0,true
RV,4764,Start,1170,FA/86,1170,0,0.0,true
RV,4764,FA/86,1170,SNO/86,1173,5,4.3,true
RV,4764,SNO/86,1173,MD/86,1177,5,5.9,true
RV,4764,MD/86,1178,KA/86,1181,14,6.1,true
RV,4764,KA/86,1181,NA/86,1184,14,4.2,true
RV,4764,NA/86,1185,EB/86,1189,14,5.3,true
RV,4764,EB/86,1190,GD/86,1194,14,4.6,true
RV,4764,GD/86,1195,AP/86,1199,14,5.5,true
RV,4764,AP/86,1200,BD/86,1202,14,3.6,true
RV,4764,BD/86,1202,TP/86,1206,14,5.6,true
RV,4764,TP/86,1207,HP/86,1210,14,6.6,true
RV,4764,HP/86,1210,OD/86,1216,14,8.6,true
RV,4764,OD/86,1216,End,1216,0,0.0,true
RV,4769,Start,1180,OD/86,1180,0,0.0,true
RV,4769,OD/86,1180,HP/86,1185,40,8.6,true
RV,4769,HP/86,1185,TP/86,1189,40,6.6,true
RV,4769,TP/86,1190,SC/86,1192,40,3.2,true
RV,4769,SC/86,1192,AP/86,1195,40,6.0,true
RV,4769,AP/86,1196,GD/86,1201,40,5.5,true
RV,4769,GD/86,1202,EB/86,1205,40,4.6,true
RV,4769,EB/86,1206,NA/86,1210,40,5.3,true
RV,4769,NA/86,1211,KA/86,1214,40,4.2,true
RV,4769,KA/86,1214,MD/86,1218,40,6.1,true
RV,4769,MD/86,1219,SNO/86,1222,19,5.9,true
RV,4769,SNO/86,1222,FA/86,1226,19,4.3,true
RV,4769,FA/86,1226,End,1226,0,0.0,true
IC,477,Start,1329,FA/86,1329,0,0.0,true
IC,477,FA/86,1329,BK/86,1336,48,11.9,false
IC,477,BK/86,1337,BET/86,1339,48,2.9,false
IC,477,BET/86,1340,VJ/86,1347,48,10.9,false
IC,477,VJ/86,1349,HED/86,1357,44,15.1,false
IC,477,HED/86,1358,HS/86,1367,44,16.3,false
IC,477,HS/86,1369,HÅ/86,1375,35,14.5,false
IC,477,HÅ/86,1375,SD/86,1382,35,14.1,false
IC,477,SD/86,1384,HX/86,1389,29,8.5,false
IC,477,HX/86,1389,VI/86,1394,29,9.6,false
IC,477,VI/86,1395,KGV/86,1397,29,1.7,false
IC,477,KGV/86,1397,AR/86,1400,29,3.0,false
IC,477,AR/86,1400,End,1400,0,0.0,true
RV,4772,Start,1290,FA/86,1290,0,0.0,true
RV,4772,FA/86,1290,SNO/86,1293,4,4.3,true
RV,4772,SNO/86,1293,MD/86,1297,4,5.9,true
RV,4772,MD/86,1298,KA/86,1301,9,6.1,true
RV,4772,KA/86,1301,NA/86,1304,9,4.2,true
RV,4772,NA/86,1305,EB/86,1309,9,5.3,true
RV,4772,EB/86,1310,GD/86,1314,9,4.6,true
RV,4772,GD/86,1315,AP/86,1319,9,5.5,true
RV,4772,AP/86,1320,BD/86,1322,9,3.6,true
RV,4772,BD/86,1322,TP/86,1326,9,5.6,true
RV,4772,TP/86,1327,HP/86,1330,9,6.6,true
RV,4772,HP/86,1330,OD/86,1336,9,8.6,true
RV,4772,OD/86,1336,End,1336,0,0.0,true
RØ,4804,Start,307,NF/86,307,0,0.0,true
RØ,4804,NF/86,307,TN/86,310,18,6.0,false
RØ,4804,TN/86,310,EK/86,312,18,4.1,false
RØ,4804,EK/86,313,NV/86,317,18,4.5,false
RØ,4804,NV/86,318,OH/86,321,18,5.0,false
RØ,4804,OH/86,321,VO/86,328,18,9.2,false
RØ,4804,VO/86,330,LU/86,336,18,11.4,true
RØ,4804,LU/86,337,MOG/86,342,18,7.5,true
RØ,4804,MOG/86,342,NÆ/86,346,18,8.5,true
RØ,4804,NÆ/86,346,End,346,0,0.0,true
RØ,4808,Start,366,NF/86,366,0,0.0,true
RØ,4808,NF/86,366,TN/86,369,16,6.0,false
RØ,4808,TN/86,369,EK/86,371,16,4.1,false
RØ,4808,EK/86,372,NV/86,376,16,4.5,false
RØ,4808,NV/86,377,OH/86,380,16,5.0,false
RØ,4808,OH/86,380,VO/86,387,16,9.2,false
RØ,4808,VO/86,389,LU/86,395,13,11.4,true
RØ,4808,LU/86,396,MOG/86,401,13,7.5,true
RØ,4808,MOG/86,401,NÆ/86,405,13,8.5,true
RØ,4808,NÆ/86,405,End,405,0,0.0,true
RØ,4812,Start,427,NF/86,427,0,0.0,true
RØ,4812,NF/86,427,TN/86,430,28,6.0,false
RØ,4812,TN/86,430,EK/86,432,28,4.1,false
RØ,4812,EK/86,433,NV/86,437,28,4.5,false
RØ,4812,NV/86,438,OH/86,441,28,5.0,false
RØ,4812,OH/86,441,VO/86,448,28,9.2,false
RØ,4812,VO/86,450,LU/86,456,29,11.4,true
RØ,4812,LU/86,457,MOG/86,462,29,7.5,true
RØ,4812,MOG/86,462,NÆ/86,466,29,8.5,true
RØ,4812,NÆ/86,466,End,466,0,0.0,true
RØ,4816,Start,487,NF/86,487,0,0.0,true
RØ,4816,NF/86,487,TN/86,490,21,6.0,false
RØ,4816,TN/86,490,EK/86,492,21,4.1,false
RØ,4816,EK/86,493,NV/86,497,21,4.5,false
RØ,4816,NV/86,498,OH/86,501,21,5.0,false
RØ,4816,OH/86,501,VO/86,508,21,9.2,false
RØ,4816,VO/86,510,LU/86,516,25,11.4,true
RØ,4816,LU/86,517,MOG/86,522,25,7.5,true
RØ,4816,MOG/86,522,NÆ/86,526,25,8.5,true
RØ,4816,NÆ/86,526,End,526,0,0.0,true
RØ,4817,Start,373,NÆ/86,373,0,0.0,true
RØ,4817,NÆ/86,373,MOG/86,376,29,8.5,true
RØ,4817,MOG/86,376,LU/86,381,29,7.5,true
RØ,4817,LU/86,382,VO/86,388,29,11.4,true
RØ,4817,VO/86,390,MN/86,393,41,3.8,false
RØ,4817,MN/86,393,NV/86,400,41,10.4,false
RØ,4817,NV/86,401,EK/86,405,41,4.5,false
RØ,4817,EK/86,406,TN/86,409,41,4.1,false
RØ,4817,TN/86,409,NF/86,412,41,6.0,false
RØ,4817,NF/86,412,End,412,0,0.0,true
RØ,4820,Start,547,NF/86,547,0,0.0,true
RØ,4820,NF/86,547,TN/86,550,16,6.0,false
RØ,4820,TN/86,550,EK/86,552,16,4.1,false
RØ,4820,EK/86,553,NV/86,557,16,4.5,false
RØ,4820,NV/86,558,OH/86,561,16,5.0,false
RØ,4820,OH/86,561,VO/86,568,16,9.2,false
RØ,4820,VO/86,570,LU/86,576,19,11.4,true
RØ,4820,LU/86,577,MOG/86,582,19,7.5,true
RØ,4820,MOG/86,582,NÆ/86,586,19,8.5,true
RØ,4820,NÆ/86,586,End,586,0,0.0,true
RØ,4821,Start,433,NÆ/86,433,0,0.0,true
RØ,4821,NÆ/86,433,MOG/86,436,31,8.5,true
RØ,4821,MOG/86,436,LU/86,441,31,7.5,true
RØ,4821,LU/86,442,VO/86,448,31,11.4,true
RØ,4821,VO/86,450,MN/86,453,32,3.8,false
RØ,4821,MN/86,453,NV/86,460,32,10.4,false
RØ,4821,NV/86,461,EK/86,465,32,4.5,false
RØ,4821,EK/86,466,TN/86,469,32,4.1,false
RØ,4821,TN/86,469,NF/86,472,32,6.0,false
RØ,4821,NF/86,472,End,472,0,0.0,true
RØ,4824,Start,607,NF/86,607,0,0.0,true
RØ,4824,NF/86,607,TN/86,610,12,6.0,false
RØ,4824,TN/86,610,EK/86,612,12,4.1,false
RØ,4824,EK/86,613,NV/86,617,12,4.5,false
RØ,4824,NV/86,618,OH/86,621,12,5.0,false
RØ,4824,OH/86,621,VO/86,628,12,9.2,false
RØ,4824,VO/86,630,LU/86,636,15,11.4,true
RØ,4824,LU/86,637,MOG/86,642,15,7.5,true
RØ,4824,MOG/86,642,NÆ/86,646,15,8.5,true
RØ,4824,NÆ/86,646,End,646,0,0.0,true
RØ,4825,Start,493,NÆ/86,493,0,0.0,true
RØ,4825,NÆ/86,493,MOG/86,496,36,8.5,true
RØ,4825,MOG/86,496,LU/86,501,36,7.5,true
RØ,4825,LU/86,502,VO/86,508,36,11.4,true
RØ,4825,VO/86,510,MN/86,513,21,3.8,false
RØ,4825,MN/86,513,NV/86,520,21,10.4,false
RØ,4825,NV/86,521,EK/86,525,21,4.5,false
RØ,4825,EK/86,526,TN/86,529,21,4.1,false
RØ,4825,TN/86,529,NF/86,532,21,6.0,false
RØ,4825,NF/86,532,End,532,0,0.0,true
RØ,4828,Start,667,NF/86,667,0,0.0,true
RØ,4828,NF/86,667,TN/86,670,14,6.0,false
RØ,4828,TN/86,670,EK/86,672,14,4.1,false
RØ,4828,EK/86,673,NV/86,677,14,4.5,false
RØ,4828,NV/86,678,OH/86,681,14,5.0,false
RØ,4828,OH/86,681,VO/86,688,14,9.2,false
RØ,4828,VO/86,690,LU/86,696,14,11.4,true
RØ,4828,LU/86,697,MOG/86,702,14,7.5,true
RØ,4828,MOG/86,702,NÆ/86,706,14,8.5,true
RØ,4828,NÆ/86,706,End,706,0,0.0,true
RØ,4829,Start,553,NÆ/86,553,0,0.0,true
RØ,4829,NÆ/86,553,MOG/86,556,33,8.5,true
RØ,4829,MOG/86,556,LU/86,561,33,7.5,true
RØ,4829,LU/86,562,VO/86,568,33,11.4,true
RØ,4829,VO/86,570,MN/86,573,31,3.8,false
RØ,4829,MN/86,573,NV/86,580,31,10.4,false
RØ,4829,NV/86,581,EK/86,585,31,4.5,false
RØ,4829,EK/86,586,TN/86,589,31,4.1,false
RØ,4829,TN/86,589,NF/86,592,31,6.0,false
RØ,4829,NF/86,592,End,592,0,0.0,true
RØ,4832,Start,727,NF/86,727,0,0.0,true
RØ,4832,NF/86,727,TN/86,730,19,6.0,false
RØ,4832,TN/86,730,EK/86,732,19,4.1,false
RØ,4832,EK/86,733,NV/86,737,19,4.5,false
RØ,4832,NV/86,738,OH/86,741,19,5.0,false
RØ,4832,OH/86,741,VO/86,748,19,9.2,false
RØ,4832,VO/86,750,LU/86,756,23,11.4,true
RØ,4832,LU/86,757,MOG/86,762,23,7.5,true
RØ,4832,MOG/86,762,NÆ/86,766,23,8.5,true
RØ,4832,NÆ/86,766,End,766,0,0.0,true
RØ,4833,Start,613,NÆ/86,613,0,0.0,true
RØ,4833,NÆ/86,613,MOG/86,616,15,8.5,true
RØ,4833,MOG/86,616,LU/86,621,15,7.5,true
RØ,4833,LU/86,622,VO/86,628,15,11.4,true
RØ,4833,VO/86,630,MN/86,633,14,3.8,false
RØ,4833,MN/86,633,NV/86,640,14,10.4,false
RØ,4833,NV/86,641,EK/86,645,14,4.5,false
RØ,4833,EK/86,646,TN/86,649,14,4.1,false
RØ,4833,TN/86,649,NF/86,652,14,6.0,false
RØ,4833,NF/86,652,End,652,0,0.0,true
RØ,4836,Start,787,NF/86,787,0,0.0,true
RØ,4836,NF/86,787,TN/86,790,27,6.0,false
RØ,4836,TN/86,790,EK/86,792,27,4.1,false
RØ,4836,EK/86,793,NV/86,797,27,4.5,false
RØ,4836,NV/86,798,OH/86,801,27,5.0,false
RØ,4836,OH/86,801,VO/86,808,27,9.2,false
RØ,4836,VO/86,810,LU/86,816,29,11.4,true
RØ,4836,LU/86,817,MOG/86,822,29,7.5,true
RØ,4836,MOG/86,822,NÆ/86,826,29,8.5,true
RØ,4836,NÆ/86,826,End,826,0,0.0,true
RØ,4837,Start,673,NÆ/86,673,0,0.0,true
RØ,4837,NÆ/86,673,MOG/86,676,11,8.5,true
RØ,4837,MOG/86,676,LU/86,681,11,7.5,true
RØ,4837,LU/86,682,VO/86,688,11,11.4,true
RØ,4837,VO/86,690,MN/86,693,15,3.8,false
RØ,4837,MN/86,693,NV/86,700,15,10.4,false
RØ,4837,NV/86,701,EK/86,705,15,4.5,false
RØ,4837,EK/86,706,TN/86,709,15,4.1,false
RØ,4837,TN/86,709,NF/86,712,15,6.0,false
RØ,4837,NF/86,712,End,712,0,0.0,true
IC,484,Start,1430,AR/86,1430,0,0.0,true
IC,484,AR/86,1430,KGV/86,1433,27,3.0,false
IC,484,KGV/86,1433,VI/86,1434,27,1.7,false
IC,484,VI/86,1436,HC/86,1438,27,4.8,false
IC,484,HC/86,1438,SD/86,1445,27,13.3,false
IC,484,SD/86,1446,HÅ/86,1453,25,14.1,false
IC,484,HÅ/86,1453,HS/86,1459,25,14.5,false
IC,484,HS/86,1461,HED/86,1469,16,16.3,false
IC,484,HED/86,1470,VJ/86,1478,16,15.1,false
IC,484,VJ/86,1480,BET/86,1486,9,10.9,false
IC,484,BET/86,1487,BK/86,1490,9,2.9,false
IC,484,BK/86,1491,FA/86,1500,9,11.9,false
IC,484,FA/86,1502,TL/86,1507,1,8.6,true
IC,484,TL/86,1507,KD/86,1513,1,11.3,true
IC,484,KD/86,1513,End,1513,0,0.0,true
RØ,4840,Start,847,NF/86,847,0,0.0,true
RØ,4840,NF/86,847,TN/86,850,37,6.0,false
RØ,4840,TN/86,850,EK/86,852,37,4.1,false
RØ,4840,EK/86,853,NV/86,857,37,4.5,false
RØ,4840,NV/86,858,OH/86,861,37,5.0,false
RØ,4840,OH/86,861,VO/86,868,37,9.2,false
RØ,4840,VO/86,870,LU/86,876,42,11.4,true
RØ,4840,LU/86,877,MOG/86,882,42,7.5,true
RØ,4840,MOG/86,882,NÆ/86,886,42,8.5,true
RØ,4840,NÆ/86,886,End,886,0,0.0,true
RØ,4841,Start,733,NÆ/86,733,0,0.0,true
RØ,4841,NÆ/86,733,MOG/86,736,18,8.5,true
RØ,4841,MOG/86,736,LU/86,741,18,7.5,true
RØ,4841,LU/86,742,VO/86,748,18,11.4,true
RØ,4841,VO/86,750,MN/86,753,17,3.8,false
RØ,4841,MN/86,753,NV/86,760,17,10.4,false
RØ,4841,NV/86,761,EK/86,765,17,4.5,false
RØ,4841,EK/86,766,TN/86,769,17,4.1,false
RØ,4841,TN/86,769,NF/86,772,17,6.0,false
RØ,4841,NF/86,772,End,772,0,0.0,true
RØ,4844,Start,907,NF/86,907,0,0.0,true
RØ,4844,NF/86,907,TN/86,910,41,6.0,false
RØ,4844,TN/86,910,EK/86,912,41,4.1,false
RØ,4844,EK/86,913,NV/86,917,41,4.5,false
RØ,4844,NV/86,918,OH/86,921,41,5.0,false
RØ,4844,OH/86,921,VO/86,928,41,9.2,false
RØ,4844,VO/86,930,LU/86,936,53,11.4,true
RØ,4844,LU/86,937,MOG/86,942,53,7.5,true
RØ,4844,MOG/86,942,NÆ/86,946,53,8.5,true
RØ,4844,NÆ/86,946,End,946,0,0.0,true
RØ,4845,Start,793,NÆ/86,793,0,0.0,true
RØ,4845,NÆ/86,793,MOG/86,796,19,8.5,true
RØ,4845,MOG/86,796,LU/86,801,19,7.5,true
RØ,4845,LU/86,802,VO/86,808,19,11.4,true
RØ,4845,VO/86,810,MN/86,813,22,3.8,false
RØ,4845,MN/86,813,NV/86,820,22,10.4,false
RØ,4845,NV/86,821,EK/86,825,22,4.5,false
RØ,4845,EK/86,826,TN/86,829,22,4.1,false
RØ,4845,TN/86,829,NF/86,832,22,6.0,false
RØ,4845,NF/86,832,End,832,0,0.0,true
RØ,4848,Start,967,NF/86,967,0,0.0,true
RØ,4848,NF/86,967,TN/86,970,34,6.0,false
RØ,4848,TN/86,970,EK/86,972,34,4.1,false
RØ,4848,EK/86,973,NV/86,977,34,4.5,false
RØ,4848,NV/86,978,OH/86,981,34,5.0,false
RØ,4848,OH/86,981,VO/86,988,34,9.2,false
RØ,4848,VO/86,990,LU/86,996,34,11.4,true
RØ,4848,LU/86,997,MOG/86,1002,34,7.5,true
RØ,4848,MOG/86,1002,NÆ/86,1006,34,8.5,true
RØ,4848,NÆ/86,1006,End,1006,0,0.0,true
RØ,4849,Start,853,NÆ/86,853,0,0.0,true
RØ,4849,NÆ/86,853,MOG/86,856,36,8.5,true
RØ,4849,MOG/86,856,LU/86,861,36,7.5,true
RØ,4849,LU/86,862,VO/86,868,36,11.4,true
RØ,4849,VO/86,870,MN/86,873,38,3.8,false
RØ,4849,MN/86,873,NV/86,880,38,10.4,false
RØ,4849,NV/86,881,EK/86,885,38,4.5,false
RØ,4849,EK/86,886,TN/86,889,38,4.1,false
RØ,4849,TN/86,889,NF/86,892,38,6.0,false
RØ,4849,NF/86,892,End,892,0,0.0,true
IC,485,Start,9,FA/86,9,0,0.0,true
IC,485,FA/86,9,BK/86,16,3,11.9,false
IC,485,BK/86,17,BET/86,19,3,2.9,false
IC,485,BET/86,20,VJ/86,27,3,10.9,false
IC,485,VJ/86,29,HED/86,37,7,15.1,false
IC,485,HED/86,38,HS/86,47,7,16.3,false
IC,485,HS/86,49,HÅ/86,55,5,14.5,false
IC,485,HÅ/86,55,SD/86,62,5,14.1,false
IC,485,SD/86,64,HX/86,69,5,8.5,false
IC,485,HX/86,69,VI/86,74,5,9.6,false
IC,485,VI/86,75,KGV/86,77,5,1.7,false
IC,485,KGV/86,77,AR/86,80,5,3.0,false
IC,485,AR/86,80,End,80,0,0.0,true
RØ,4852,Start,1027,NF/86,1027,0,0.0,true
RØ,4852,NF/86,1027,TN/86,1030,21,6.0,false
RØ,4852,TN/86,1030,EK/86,1032,21,4.1,false
RØ,4852,EK/86,1033,NV/86,1037,21,4.5,false
RØ,4852,NV/86,1038,OH/86,1041,21,5.0,false
RØ,4852,OH/86,1041,VO/86,1048,21,9.2,false
RØ,4852,VO/86,1050,LU/86,1056,19,11.4,true
RØ,4852,LU/86,1057,MOG/86,1062,19,7.5,true
RØ,4852,MOG/86,1062,NÆ/86,1066,19,8.5,true
RØ,4852,NÆ/86,1066,End,1066,0,0.0,true
RØ,4853,Start,913,NÆ/86,913,0,0.0,true
RØ,4853,NÆ/86,913,MOG/86,916,53,8.5,true
RØ,4853,MOG/86,916,LU/86,921,53,7.5,true
RØ,4853,LU/86,922,VO/86,928,53,11.4,true
RØ,4853,VO/86,930,MN/86,932,42,3.8,false
RØ,4853,MN/86,932,NV/86,940,42,10.4,false
RØ,4853,NV/86,941,EK/86,945,42,4.5,false
RØ,4853,EK/86,946,TN/86,948,42,4.1,false
RØ,4853,TN/86,948,NF/86,952,42,6.0,false
RØ,4853,NF/86,952,End,952,0,0.0,true
RØ,4856,Start,1087,NF/86,1087,0,0.0,true
RØ,4856,NF/86,1087,TN/86,1090,13,6.0,false
RØ,4856,TN/86,1090,EK/86,1092,13,4.1,false
RØ,4856,EK/86,1093,NV/86,1097,13,4.5,false
RØ,4856,NV/86,1098,OH/86,1101,13,5.0,false
RØ,4856,OH/86,1101,VO/86,1108,13,9.2,false
RØ,4856,VO/86,1110,LU/86,1116,8,11.4,true
RØ,4856,LU/86,1117,MOG/86,1122,8,7.5,true
RØ,4856,MOG/86,1122,NÆ/86,1126,8,8.5,true
RØ,4856,NÆ/86,1126,End,1126,0,0.0,true
RØ,4857,Start,973,NÆ/86,973,0,0.0,true
RØ,4857,NÆ/86,973,MOG/86,976,48,8.5,true
RØ,4857,MOG/86,976,LU/86,981,48,7.5,true
RØ,4857,LU/86,982,VO/86,988,48,11.4,true
RØ,4857,VO/86,990,MN/86,992,30,3.8,false
RØ,4857,MN/86,992,NV/86,1000,30,10.4,false
RØ,4857,NV/86,1001,EK/86,1005,30,4.5,false
RØ,4857,EK/86,1006,TN/86,1008,30,4.1,false
RØ,4857,TN/86,1008,NF/86,1012,30,6.0,false
RØ,4857,NF/86,1012,End,1012,0,0.0,true
RØ,4860,Start,1147,NF/86,1147,0,0.0,true
RØ,4860,NF/86,1147,TN/86,1150,9,6.0,false
RØ,4860,TN/86,1150,EK/86,1152,9,4.1,false
RØ,4860,EK/86,1153,NV/86,1157,9,4.5,false
RØ,4860,NV/86,1158,OH/86,1161,9,5.0,false
RØ,4860,OH/86,1161,VO/86,1168,9,9.2,false
RØ,4860,VO/86,1170,LU/86,1176,8,11.4,true
RØ,4860,LU/86,1177,MOG/86,1182,8,7.5,true
RØ,4860,MOG/86,1182,NÆ/86,1186,8,8.5,true
RØ,4860,NÆ/86,1186,End,1186,0,0.0,true
RØ,4861,Start,1033,NÆ/86,1033,0,0.0,true
RØ,4861,NÆ/86,1033,MOG/86,1036,25,8.5,true
RØ,4861,MOG/86,1036,LU/86,1041,25,7.5,true
RØ,4861,LU/86,1042,VO/86,1048,25,11.4,true
RØ,4861,VO/86,1050,MN/86,1053,17,3.8,false
RØ,4861,MN/86,1053,NV/86,1060,17,10.4,false
RØ,4861,NV/86,1061,EK/86,1065,17,4.5,false
RØ,4861,EK/86,1066,TN/86,1069,17,4.1,false
RØ,4861,TN/86,1069,NF/86,1072,17,6.0,false
RØ,4861,NF/86,1072,End,1072,0,0.0,true
RØ,4865,Start,1093,NÆ/86,1093,0,0.0,true
RØ,4865,NÆ/86,1093,MOG/86,1096,20,8.5,true
RØ,4865,MOG/86,1096,LU/86,1101,20,7.5,true
RØ,4865,LU/86,1102,VO/86,1108,20,11.4,true
RØ,4865,VO/86,1110,MN/86,1113,13,3.8,false
RØ,4865,MN/86,1113,NV/86,1120,13,10.4,false
RØ,4865,NV/86,1121,EK/86,1125,13,4.5,false
RØ,4865,EK/86,1126,TN/86,1129,13,4.1,false
RØ,4865,TN/86,1129,NF/86,1132,13,6.0,false
RØ,4865,NF/86,1132,End,1132,0,0.0,true
RØ,4869,Start,1153,NÆ/86,1153,0,0.0,true
RØ,4869,NÆ/86,1153,MOG/86,1156,24,8.5,true
RØ,4869,MOG/86,1156,LU/86,1161,24,7.5,true
RØ,4869,LU/86,1162,VO/86,1168,24,11.4,true
RØ,4869,VO/86,1170,MN/86,1173,15,3.8,false
RØ,4869,MN/86,1173,NV/86,1180,15,10.4,false
RØ,4869,NV/86,1181,EK/86,1185,15,4.5,false
RØ,4869,EK/86,1186,TN/86,1189,15,4.1,false
RØ,4869,TN/86,1189,NF/86,1192,15,6.0,false
RØ,4869,NF/86,1192,End,1192,0,0.0,true
RØ,4873,Start,1213,NÆ/86,1213,0,0.0,true
RØ,4873,NÆ/86,1213,MOG/86,1216,20,8.5,true
RØ,4873,MOG/86,1216,LU/86,1221,20,7.5,true
RØ,4873,LU/86,1222,VO/86,1228,20,11.4,true
RØ,4873,VO/86,1230,MN/86,1233,29,3.8,false
RØ,4873,MN/86,1233,NV/86,1240,29,10.4,false
RØ,4873,NV/86,1241,EK/86,1245,29,4.5,false
RØ,4873,EK/86,1246,TN/86,1249,29,4.1,false
RØ,4873,TN/86,1249,NF/86,1252,29,6.0,false
RØ,4873,NF/86,1252,End,1252,0,0.0,true
RØ,4895,Start,10,KH/86,10,0,0.0,true
RØ,4895,KH/86,10,VAL/86,14,52,3.9,true
RØ,4895,VAL/86,15,HIF/86,17,52,3.4,true
RØ,4895,HIF/86,17,HTÅ/86,23,52,12.2,true
RØ,4895,HTÅ/86,25,HH/86,28,50,4.7,true
RØ,4895,HH/86,29,TRK/86,32,50,4.0,true
RØ,4895,TRK/86,33,RO/86,36,50,3.1,true
RØ,4895,RO/86,37,VY/86,44,28,11.2,true
RØ,4895,VY/86,45,BO/86,49,28,7.2,true
RØ,4895,BO/86,50,KY/86,54,28,6.9,true
RØ,4895,KY/86,54,RG/86,58,28,7.3,true
RØ,4895,RG/86,59,GZ/86,65,21,12.0,true
RØ,4895,GZ/86,66,NÆ/86,74,21,14.8,true
RØ,4895,NÆ/86,76,MOG/86,79,19,8.5,true
RØ,4895,MOG/86,79,LU/86,84,19,7.5,true
RØ,4895,LU/86,85,VO/86,91,19,11.4,true
RØ,4895,VO/86,92,MN/86,95,11,3.8,false
RØ,4895,MN/86,95,NV/86,103,11,10.4,false
RØ,4895,NV/86,104,EK/86,107,11,4.5,false
RØ,4895,EK/86,108,TN/86,111,11,4.1,false
RØ,4895,TN/86,111,NF/86,114,11,6.0,false
RØ,4895,NF/86,114,End,114,0,0.0,true
L,50,Start,920,AR/86,920,0,0.0,true
L,50,AR/86,920,KGV/86,923,278,3.0,false
L,50,KGV/86,923,SD/86,932,278,19.8,false
L,50,SD/86,934,HÅ/86,941,293,14.1,false
L,50,HÅ/86,941,HS/86,947,293,14.5,false
L,50,HS/86,949,HED/86,957,306,16.3,false
L,50,HED/86,957,VJ/86,964,306,15.1,false
L,50,VJ/86,966,BET/86,971,360,10.9,false
L,50,BET/86,971,FA/86,981,360,14.8,false
L,50,FA/86,987,SNO/86,989,430,4.3,true
L,50,SNO/86,989,OD/86,1014,430,56.0,true
L,50,OD/86,1017,MV/86,1022,494,9.3,true
L,50,MV/86,1022,KH/86,1086,494,148.8,true
L,50,KH/86,1098,BAN/86,1101,50,2.4,true
L,50,BAN/86,1101,CPH/86,1112,50,9.4,true
L,50,CPH/86,1112,End,1112,0,0.0,true
L,51,Start,806,CPH/86,806,0,0.0,true
L,51,CPH/86,806,TÅT/86,809,54,3.3,true
L,51,TÅT/86,809,KH/86,820,54,8.5,true
L,51,KH/86,832,GB/86,835,384,3.2,true
L,51,GB/86,835,OD/86,903,384,154.9,true
L,51,OD/86,906,HP/86,910,386,8.6,true
L,51,HP/86,910,FA/86,934,386,51.7,true
L,51,FA/86,938,BK/86,944,322,11.9,false
L,51,BK/86,944,VJ/86,951,322,13.8,false
L,51,VJ/86,953,HED/86,961,298,15.1,false
L,51,HED/86,961,HS/86,968,298,16.3,false
L,51,HS/86,970,HÅ/86,977,295,14.5,false
L,51,HÅ/86,977,SD/86,984,295,14.1,false
L,51,SD/86,985,HX/86,990,265,8.5,false
L,51,HX/86,990,AR/86,998,265,14.3,false
L,51,AR/86,998,End,998,0,0.0,true
L,54,Start,980,AR/86,980,0,0.0,true
L,54,AR/86,980,KGV/86,983,340,3.0,false
L,54,KGV/86,983,SD/86,992,340,19.8,false
L,54,SD/86,994,HÅ/86,1001,339,14.1,false
L,54,HÅ/86,1001,HS/86,1007,339,14.5,false
L,54,HS/86,1009,HED/86,1017,336,16.3,false
L,54,HED/86,1017,VJ/86,1024,336,15.1,false
L,54,VJ/86,1026,BET/86,1031,385,10.9,false
L,54,BET/86,1031,FA/86,1041,385,14.8,false
L,54,FA/86,1047,SNO/86,1049,378,4.3,true
L,54,SNO/86,1049,OD/86,1074,378,56.0,true
L,54,OD/86,1077,MV/86,1082,393,9.3,true
L,54,MV/86,1082,KH/86,1146,393,148.8,true
L,54,KH/86,1158,BAN/86,1161,35,2.4,true
L,54,BAN/86,1161,CPH/86,1172,35,9.4,true
L,54,CPH/86,1172,End,1172,0,0.0,true
L,55,Start,866,CPH/86,866,0,0.0,true
L,55,CPH/86,866,TÅT/86,869,54,3.3,true
L,55,TÅT/86,869,KH/86,880,54,8.5,true
L,55,KH/86,892,GB/86,895,441,3.2,true
L,55,GB/86,895,OD/86,963,441,154.9,true
L,55,OD/86,966,HP/86,970,392,8.6,true
L,55,HP/86,970,FA/86,994,392,51.7,true
L,55,FA/86,998,BK/86,1004,379,11.9,false
L,55,BK/86,1004,VJ/86,1011,379,13.8,false
L,55,VJ/86,1013,HED/86,1021,330,15.1,false
L,55,HED/86,1021,HS/86,1028,330,16.3,false
L,55,HS/86,1030,HÅ/86,1037,329,14.5,false
L,55,HÅ/86,1037,SD/86,1044,329,14.1,false
L,55,SD/86,1045,HX/86,1050,288,8.5,false
L,55,HX/86,1050,AR/86,1058,288,14.3,false
L,55,AR/86,1058,End,1058,0,0.0,true
IC,5750,Start,365,FLB/80,365,0,0.0,true
IC,5750,FLB/80,365,AHAL/80,372,0,5.6,true
IC,5750,AHAL/80,372,PA/86,375,0,6.3,true
IC,5750,PA/86,381,VK/86,385,14,6.8,true
IC,5750,VK/86,385,TE/86,390,14,7.6,true
IC,5750,TE/86,392,RQ/86,400,27,15.7,true
IC,5750,RQ/86,401,OJ/86,411,27,20.4,true
IC,5750,OJ/86,412,SST/86,417,27,7.4,true
IC,5750,SST/86,417,VM/86,422,27,13.0,true
IC,5750,VM/86,423,LK/86,428,27,6.0,true
IC,5750,LK/86,429,KD/86,436,28,12.9,true
IC,5750,KD/86,438,TL/86,444,31,11.3,true
IC,5750,TL/86,444,FA/86,450,31,8.6,true
IC,5750,FA/86,450,End,450,0,0.0,true
IC,5751,Start,270,FA/86,270,0,0.0,true
IC,5751,FA/86,270,TL/86,275,9,8.6,true
IC,5751,TL/86,275,KD/86,280,9,11.3,true
IC,5751,KD/86,283,LK/86,290,8,12.9,true
IC,5751,LK/86,291,VM/86,295,5,6.0,true
IC,5751,VM/86,296,FZ/86,299,5,5.0,true
IC,5751,FZ/86,299,OJ/86,306,5,15.4,true
IC,5751,OJ/86,308,RQ/86,317,5,20.4,true
IC,5751,RQ/86,319,TE/86,327,5,15.7,true
IC,5751,TE/86,329,VK/86,334,5,7.6,true
IC,5751,VK/86,334,PA/86,339,5,6.8,true
IC,5751,PA/86,342,PAGR/86,343,0,1.0,true
IC,5751,PAGR/86,343,FLB/80,353,0,10.9,true
IC,5751,FLB/80,353,End,353,0,0.0,true
IC,5752,Start,485,FLB/80,485,0,0.0,true
IC,5752,FLB/80,485,AHAL/80,492,0,5.6,true
IC,5752,AHAL/80,492,PA/86,495,0,6.3,true
IC,5752,PA/86,501,VK/86,505,9,6.8,true
IC,5752,VK/86,505,TE/86,510,9,7.6,true
IC,5752,TE/86,512,RQ/86,520,28,15.7,true
IC,5752,RQ/86,521,OJ/86,531,28,20.4,true
IC,5752,OJ/86,532,SST/86,537,28,7.4,true
IC,5752,SST/86,537,VM/86,542,28,13.0,true
IC,5752,VM/86,543,LK/86,548,28,6.0,true
IC,5752,LK/86,549,KD/86,556,30,12.9,true
IC,5752,KD/86,558,TL/86,564,18,11.3,true
IC,5752,TL/86,564,FA/86,570,18,8.6,true
IC,5752,FA/86,570,End,570,0,0.0,true
IC,5753,Start,390,FA/86,390,0,0.0,true
IC,5753,FA/86,390,TL/86,395,17,8.6,true
IC,5753,TL/86,395,KD/86,400,17,11.3,true
IC,5753,KD/86,403,LK/86,410,12,12.9,true
IC,5753,LK/86,411,VM/86,415,14,6.0,true
IC,5753,VM/86,416,FZ/86,419,14,5.0,true
IC,5753,FZ/86,419,OJ/86,426,14,15.4,true
IC,5753,OJ/86,428,RQ/86,437,14,20.4,true
IC,5753,RQ/86,439,TE/86,447,14,15.7,true
IC,5753,TE/86,449,VK/86,454,13,7.6,true
IC,5753,VK/86,454,PA/86,459,13,6.8,true
IC,5753,PA/86,462,PAGR/86,463,0,1.0,true
IC,5753,PAGR/86,463,FLB/80,473,0,10.9,true
IC,5753,FLB/80,473,End,473,0,0.0,true
IC,5754,Start,605,FLB/80,605,0,0.0,true
IC,5754,FLB/80,605,AHAL/80,612,0,5.6,true
IC,5754,AHAL/80,612,PA/86,615,0,6.3,true
IC,5754,PA/86,621,VK/86,625,5,6.8,true
IC,5754,VK/86,625,TE/86,630,5,7.6,true
IC,5754,TE/86,632,RQ/86,640,16,15.7,true
IC,5754,RQ/86,641,OJ/86,651,16,20.4,true
IC,5754,OJ/86,652,SST/86,657,16,7.4,true
IC,5754,SST/86,657,VM/86,662,16,13.0,true
IC,5754,VM/86,663,LK/86,668,16,6.0,true
IC,5754,LK/86,669,KD/86,676,16,12.9,true
IC,5754,KD/86,678,TL/86,684,16,11.3,true
IC,5754,TL/86,684,FA/86,690,16,8.6,true
IC,5754,FA/86,690,End,690,0,0.0,true
IC,5755,Start,510,FA/86,510,0,0.0,true
IC,5755,FA/86,510,TL/86,515,65,8.6,true
IC,5755,TL/86,515,KD/86,520,65,11.3,true
IC,5755,KD/86,523,LK/86,530,27,12.9,true
IC,5755,LK/86,531,VM/86,535,29,6.0,true
IC,5755,VM/86,536,FZ/86,539,29,5.0,true
IC,5755,FZ/86,539,OJ/86,546,29,15.4,true
IC,5755,OJ/86,548,RQ/86,557,29,20.4,true
IC,5755,RQ/86,559,TE/86,567,29,15.7,true
IC,5755,TE/86,569,VK/86,574,7,7.6,true
IC,5755,VK/86,574,PA/86,579,7,6.8,true
IC,5755,PA/86,582,PAGR/86,583,0,1.0,true
IC,5755,PAGR/86,583,FLB/80,593,0,10.9,true
IC,5755,FLB/80,593,End,593,0,0.0,true
IC,5756,Start,723,FLB/80,723,0,0.0,true
IC,5756,FLB/80,723,AHAL/80,730,0,5.6,true
IC,5756,AHAL/80,730,PA/86,733,0,6.3,true
IC,5756,PA/86,741,VK/86,745,8,6.8,true
IC,5756,VK/86,745,TE/86,750,8,7.6,true
IC,5756,TE/86,752,RQ/86,760,18,15.7,true
IC,5756,RQ/86,761,OJ/86,771,18,20.4,true
IC,5756,OJ/86,772,SST/86,777,18,7.4,true
IC,5756,SST/86,777,VM/86,782,18,13.0,true
IC,5756,VM/86,783,LK/86,788,18,6.0,true
IC,5756,LK/86,789,KD/86,796,18,12.9,true
IC,5756,KD/86,798,TL/86,804,38,11.3,true
IC,5756,TL/86,804,FA/86,810,38,8.6,true
IC,5756,FA/86,810,End,810,0,0.0,true
IC,5757,Start,630,FA/86,630,0,0.0,true
IC,5757,FA/86,630,TL/86,635,15,8.6,true
IC,5757,TL/86,635,KD/86,640,15,11.3,true
IC,5757,KD/86,643,LK/86,650,15,12.9,true
IC,5757,LK/86,651,VM/86,655,17,6.0,true
IC,5757,VM/86,656,FZ/86,659,17,5.0,true
IC,5757,FZ/86,659,OJ/86,666,17,15.4,true
IC,5757,OJ/86,668,RQ/86,677,17,20.4,true
IC,5757,RQ/86,679,TE/86,687,17,15.7,true
IC,5757,TE/86,689,VK/86,694,11,7.6,true
IC,5757,VK/86,694,PA/86,699,11,6.8,true
IC,5757,PA/86,702,PAGR/86,703,0,1.0,true
IC,5757,PAGR/86,703,FLB/80,713,0,10.9,true
IC,5757,FLB/80,713,End,713,0,0.0,true
IC,5758,Start,845,FLB/80,845,0,0.0,true
IC,5758,FLB/80,845,AHAL/80,852,0,5.6,true
IC,5758,AHAL/80,852,PA/86,855,0,6.3,true
IC,5758,PA/86,861,VK/86,865,12,6.8,true
IC,5758,VK/86,865,TE/86,870,12,7.6,true
IC,5758,TE/86,872,RQ/86,880,20,15.7,true
IC,5758,RQ/86,881,OJ/86,891,20,20.4,true
IC,5758,OJ/86,892,SST/86,897,20,7.4,true
IC,5758,SST/86,897,VM/86,902,20,13.0,true
IC,5758,VM/86,903,LK/86,908,20,6.0,true
IC,5758,LK/86,909,KD/86,916,20,12.9,true
IC,5758,KD/86,918,TL/86,924,37,11.3,true
IC,5758,TL/86,924,FA/86,930,37,8.6,true
IC,5758,FA/86,930,End,930,0,0.0,true
IC,5759,Start,750,FA/86,750,0,0.0,true
IC,5759,FA/86,750,TL/86,755,30,8.6,true
IC,5759,TL/86,755,KD/86,760,30,11.3,true
IC,5759,KD/86,763,LK/86,770,23,12.9,true
IC,5759,LK/86,771,VM/86,775,22,6.0,true
IC,5759,VM/86,776,FZ/86,779,22,5.0,true
IC,5759,FZ/86,779,OJ/86,786,22,15.4,true
IC,5759,OJ/86,788,RQ/86,797,22,20.4,true
IC,5759,RQ/86,799,TE/86,807,22,15.7,true
IC,5759,TE/86,809,VK/86,814,13,7.6,true
IC,5759,VK/86,814,PA/86,819,13,6.8,true
IC,5759,PA/86,822,PAGR/86,823,0,1.0,true
IC,5759,PAGR/86,823,FLB/80,833,0,10.9,true
IC,5759,FLB/80,833,End,833,0,0.0,true
IC,5760,Start,965,FLB/80,965,0,0.0,true
IC,5760,FLB/80,965,AHAL/80,972,0,5.6,true
IC,5760,AHAL/80,972,PA/86,975,0,6.3,true
IC,5760,PA/86,981,VK/86,985,8,6.8,true
IC,5760,VK/86,985,TE/86,990,8,7.6,true
IC,5760,TE/86,992,RQ/86,1000,16,15.7,true
IC,5760,RQ/86,1001,OJ/86,1011,16,20.4,true
IC,5760,OJ/86,1012,SST/86,1017,16,7.4,true
IC,5760,SST/86,1017,VM/86,1022,16,13.0,true
IC,5760,VM/86,1023,LK/86,1028,16,6.0,true
IC,5760,LK/86,1029,KD/86,1036,14,12.9,true
IC,5760,KD/86,1038,TL/86,1044,21,11.3,true
IC,5760,TL/86,1044,FA/86,1050,21,8.6,true
IC,5760,FA/86,1050,End,1050,0,0.0,true
IC,5761,Start,870,FA/86,870,0,0.0,true
IC,5761,FA/86,870,TL/86,875,27,8.6,true
IC,5761,TL/86,875,KD/86,880,27,11.3,true
IC,5761,KD/86,883,LK/86,890,49,12.9,true
IC,5761,LK/86,891,VM/86,895,46,6.0,true
IC,5761,VM/86,896,FZ/86,899,46,5.0,true
IC,5761,FZ/86,899,OJ/86,906,46,15.4,true
IC,5761,OJ/86,908,RQ/86,917,46,20.4,true
IC,5761,RQ/86,919,TE/86,927,46,15.7,true
IC,5761,TE/86,929,VK/86,934,22,7.6,true
IC,5761,VK/86,934,PA/86,939,22,6.8,true
IC,5761,PA/86,942,PAGR/86,943,0,1.0,true
IC,5761,PAGR/86,943,FLB/80,953,0,10.9,true
IC,5761,FLB/80,953,End,953,0,0.0,true
IC,5762,Start,1085,FLB/80,1085,0,0.0,true
IC,5762,FLB/80,1085,AHAL/80,1092,0,5.6,true
IC,5762,AHAL/80,1092,PA/86,1095,0,6.3,true
IC,5762,PA/86,1101,VK/86,1105,7,6.8,true
IC,5762,VK/86,1105,TE/86,1110,7,7.6,true
IC,5762,TE/86,1112,RQ/86,1120,15,15.7,true
IC,5762,RQ/86,1121,OJ/86,1131,15,20.4,true
IC,5762,OJ/86,1132,SST/86,1137,15,7.4,true
IC,5762,SST/86,1137,VM/86,1142,15,13.0,true
IC,5762,VM/86,1143,LK/86,1148,15,6.0,true
IC,5762,LK/86,1149,KD/86,1156,13,12.9,true
IC,5762,KD/86,1158,TL/86,1164,11,11.3,true
IC,5762,TL/86,1164,FA/86,1170,11,8.6,true
IC,5762,FA/86,1170,End,1170,0,0.0,true
IC,5763,Start,990,FA/86,990,0,0.0,true
IC,5763,FA/86,990,TL/86,995,74,8.6,true
IC,5763,TL/86,995,KD/86,1000,74,11.3,true
IC,5763,KD/86,1003,LK/86,1010,45,12.9,true
IC,5763,LK/86,1011,VM/86,1015,44,6.0,true
IC,5763,VM/86,1016,FZ/86,1019,44,5.0,true
IC,5763,FZ/86,1019,OJ/86,1026,44,15.4,true
IC,5763,OJ/86,1028,RQ/86,1037,44,20.4,true
IC,5763,RQ/86,1039,TE/86,1047,44,15.7,true
IC,5763,TE/86,1049,VK/86,1054,12,7.6,true
IC,5763,VK/86,1054,PA/86,1059,12,6.8,true
IC,5763,PA/86,1062,PAGR/86,1063,0,1.0,true
IC,5763,PAGR/86,1063,FLB/80,1073,0,10.9,true
IC,5763,FLB/80,1073,End,1073,0,0.0,true
IC,5764,Start,1205,FLB/80,1205,0,0.0,true
IC,5764,FLB/80,1205,AHAL/80,1212,0,5.6,true
IC,5764,AHAL/80,1212,PA/86,1215,0,6.3,true
IC,5764,PA/86,1221,VK/86,1225,17,6.8,true
IC,5764,VK/86,1225,TE/86,1230,17,7.6,true
IC,5764,TE/86,1232,RQ/86,1240,34,15.7,true
IC,5764,RQ/86,1241,OJ/86,1251,34,20.4,true
IC,5764,OJ/86,1252,SST/86,1257,34,7.4,true
IC,5764,SST/86,1257,VM/86,1262,34,13.0,true
IC,5764,VM/86,1263,LK/86,1268,34,6.0,true
IC,5764,LK/86,1269,KD/86,1276,32,12.9,true
IC,5764,KD/86,1278,TL/86,1284,21,11.3,true
IC,5764,TL/86,1284,FA/86,1290,21,8.6,true
IC,5764,FA/86,1290,End,1290,0,0.0,true
IC,5765,Start,1110,FA/86,1110,0,0.0,true
IC,5765,FA/86,1110,TL/86,1115,38,8.6,true
IC,5765,TL/86,1115,KD/86,1120,38,11.3,true
IC,5765,KD/86,1123,LK/86,1130,33,12.9,true
IC,5765,LK/86,1131,VM/86,1135,33,6.0,true
IC,5765,VM/86,1136,FZ/86,1139,33,5.0,true
IC,5765,FZ/86,1139,OJ/86,1146,33,15.4,true
IC,5765,OJ/86,1148,RQ/86,1157,33,20.4,true
IC,5765,RQ/86,1159,TE/86,1167,33,15.7,true
IC,5765,TE/86,1169,VK/86,1174,12,7.6,true
IC,5765,VK/86,1174,PA/86,1179,12,6.8,true
IC,5765,PA/86,1182,PAGR/86,1183,0,1.0,true
IC,5765,PAGR/86,1183,FLB/80,1193,0,10.9,true
IC,5765,FLB/80,1193,End,1193,0,0.0,true
IC,5766,Start,1325,FLB/80,1325,0,0.0,true
IC,5766,FLB/80,1325,AHAL/80,1332,0,5.6,true
IC,5766,AHAL/80,1332,PA/86,1335,0,6.3,true
IC,5766,PA/86,1341,VK/86,1345,2,6.8,true
IC,5766,VK/86,1345,TE/86,1350,2,7.6,true
IC,5766,TE/86,1352,RQ/86,1360,5,15.7,true
IC,5766,RQ/86,1361,OJ/86,1371,5,20.4,true
IC,5766,OJ/86,1374,SST/86,1378,5,7.4,true
IC,5766,SST/86,1378,VM/86,1384,5,13.0,true
IC,5766,VM/86,1385,LK/86,1389,5,6.0,true
IC,5766,LK/86,1390,KD/86,1397,4,12.9,true
IC,5766,KD/86,1399,TL/86,1404,4,11.3,true
IC,5766,TL/86,1404,FA/86,1410,4,8.6,true
IC,5766,FA/86,1410,End,1410,0,0.0,true
IC,5767,Start,1230,FA/86,1230,0,0.0,true
IC,5767,FA/86,1230,TL/86,1235,42,8.6,true
IC,5767,TL/86,1235,KD/86,1240,42,11.3,true
IC,5767,KD/86,1243,LK/86,1250,46,12.9,true
IC,5767,LK/86,1251,VM/86,1255,35,6.0,true
IC,5767,VM/86,1256,FZ/86,1259,35,5.0,true
IC,5767,FZ/86,1259,OJ/86,1266,35,15.4,true
IC,5767,OJ/86,1268,RQ/86,1277,35,20.4,true
IC,5767,RQ/86,1279,TE/86,1287,35,15.7,true
IC,5767,TE/86,1289,VK/86,1294,20,7.6,true
IC,5767,VK/86,1294,PA/86,1299,20,6.8,true
IC,5767,PA/86,1302,PAGR/86,1303,0,1.0,true
IC,5767,PAGR/86,1303,FLB/80,1313,0,10.9,true
IC,5767,FLB/80,1313,End,1313,0,0.0,true
L,58,Start,1040,AR/86,1040,0,0.0,true
L,58,AR/86,1040,KGV/86,1043,242,3.0,false
L,58,KGV/86,1043,SD/86,1052,242,19.8,false
L,58,SD/86,1054,HÅ/86,1061,249,14.1,false
L,58,HÅ/86,1061,HS/86,1067,249,14.5,false
L,58,HS/86,1069,HED/86,1077,251,16.3,false
L,58,HED/86,1077,VJ/86,1084,251,15.1,false
L,58,VJ/86,1086,BET/86,1091,280,10.9,false
L,58,BET/86,1091,FA/86,1101,280,14.8,false
L,58,FA/86,1107,SNO/86,1109,309,4.3,true
L,58,SNO/86,1109,OD/86,1134,309,56.0,true
L,58,OD/86,1137,MV/86,1142,302,9.3,true
L,58,MV/86,1142,KH/86,1206,302,148.8,true
L,58,KH/86,1218,BAN/86,1221,207,2.4,true
L,58,BAN/86,1221,CPH/86,1232,207,9.4,true
L,58,CPH/86,1232,End,1232,0,0.0,true
L,59,Start,926,CPH/86,926,0,0.0,true
L,59,CPH/86,926,TÅT/86,929,60,3.3,true
L,59,TÅT/86,929,KH/86,940,60,8.5,true
L,59,KH/86,952,GB/86,955,653,3.2,true
L,59,GB/86,955,OD/86,1023,653,154.9,true
L,59,OD/86,1026,HP/86,1030,487,8.6,true
L,59,HP/86,1030,FA/86,1054,487,51.7,true
L,59,FA/86,1058,BK/86,1064,407,11.9,false
L,59,BK/86,1064,VJ/86,1071,407,13.8,false
L,59,VJ/86,1073,HED/86,1081,355,15.1,false
L,59,HED/86,1081,HS/86,1088,355,16.3,false
L,59,HS/86,1090,HÅ/86,1097,337,14.5,false
L,59,HÅ/86,1097,SD/86,1104,337,14.1,false
L,59,SD/86,1105,HX/86,1110,293,8.5,false
L,59,HX/86,1110,AR/86,1118,293,14.3,false
L,59,AR/86,1118,End,1118,0,0.0,true
L,6,Start,254,AR/86,254,0,0.0,true
L,6,AR/86,254,KGV/86,259,42,3.0,false
L,6,KGV/86,259,SD/86,271,42,19.8,false
L,6,SD/86,274,HÅ/86,281,42,14.1,false
L,6,HÅ/86,281,HS/86,287,42,14.5,false
L,6,HS/86,289,HED/86,297,54,16.3,false
L,6,HED/86,297,VJ/86,304,54,15.1,false
L,6,VJ/86,306,BET/86,311,58,10.9,false
L,6,BET/86,311,FA/86,321,58,14.8,false
L,6,FA/86,327,SNO/86,329,66,4.3,true
L,6,SNO/86,329,OD/86,354,66,56.0,true
L,6,OD/86,357,MV/86,362,246,9.3,true
L,6,MV/86,362,KH/86,426,246,148.8,true
L,6,KH/86,438,BAN/86,441,65,2.4,true
L,6,BAN/86,441,CPH/86,452,65,9.4,true
L,6,CPH/86,452,End,452,0,0.0,true
L,608,Start,379,OD/86,379,0,0.0,true
L,608,OD/86,379,MV/86,383,174,9.3,true
L,608,MV/86,383,NG/86,391,174,19.4,true
L,608,NG/86,393,SPR/86,399,247,11.4,true
L,608,SPR/86,399,SG/86,411,247,27.3,true
L,608,SG/86,413,SO/86,420,368,14.6,true
L,608,SO/86,420,KH/86,458,368,76.1,true
L,608,KH/86,458,End,458,0,0.0,true
L,62,Start,1100,AR/86,1100,0,0.0,true
L,62,AR/86,1100,KGV/86,1103,147,3.0,false
L,62,KGV/86,1103,SD/86,1112,147,19.8,false
L,62,SD/86,1114,HÅ/86,1121,144,14.1,false
L,62,HÅ/86,1121,HS/86,1127,144,14.5,false
L,62,HS/86,1129,HED/86,1137,140,16.3,false
L,62,HED/86,1137,VJ/86,1144,140,15.1,false
L,62,VJ/86,1146,BET/86,1151,139,10.9,false
L,62,BET/86,1151,FA/86,1161,139,14.8,false
L,62,FA/86,1167,SNO/86,1169,166,4.3,true
L,62,SNO/86,1169,OD/86,1194,166,56.0,true
L,62,OD/86,1197,MV/86,1202,205,9.3,true
L,62,MV/86,1202,KH/86,1266,205,148.8,true
L,62,KH/86,1278,BAN/86,1281,62,2.4,true
L,62,BAN/86,1281,CPH/86,1292,62,9.4,true
L,62,CPH/86,1292,End,1292,0,0.0,true
L,63,Start,986,CPH/86,986,0,0.0,true
L,63,CPH/86,986,TÅT/86,989,50,3.3,true
L,63,TÅT/86,989,KH/86,1000,50,8.5,true
L,63,KH/86,1012,GB/86,1015,589,3.2,true
L,63,GB/86,1015,OD/86,1083,589,154.9,true
L,63,OD/86,1086,HP/86,1090,470,8.6,true
L,63,HP/86,1090,FA/86,1114,470,51.7,true
L,63,FA/86,1118,BK/86,1124,364,11.9,false
L,63,BK/86,1124,VJ/86,1131,364,13.8,false
L,63,VJ/86,1133,HED/86,1141,337,15.1,false
L,63,HED/86,1141,HS/86,1148,337,16.3,false
L,63,HS/86,1150,HÅ/86,1157,319,14.5,false
L,63,HÅ/86,1157,SD/86,1164,319,14.1,false
L,63,SD/86,1165,HX/86,1170,264,8.5,false
L,63,HX/86,1170,AR/86,1178,264,14.3,false
L,63,AR/86,1178,End,1178,0,0.0,true
L,649,Start,802,KH/86,802,0,0.0,true
L,649,KH/86,802,GB/86,805,50,3.2,true
L,649,GB/86,805,OD/86,873,50,154.9,true
L,649,OD/86,876,HP/86,881,11,8.6,true
L,649,HP/86,881,FA/86,907,11,51.7,true
L,649,FA/86,907,End,907,0,0.0,true
L,659,Start,922,KH/86,922,0,0.0,true
L,659,KH/86,922,GB/86,925,176,3.2,true
L,659,GB/86,925,OD/86,993,176,154.9,true
L,659,OD/86,996,HP/86,1001,42,8.6,true
L,659,HP/86,1001,FA/86,1027,42,51.7,true
L,659,FA/86,1027,End,1027,0,0.0,true
L,66,Start,1160,AR/86,1160,0,0.0,true
L,66,AR/86,1160,KGV/86,1163,104,3.0,false
L,66,KGV/86,1163,SD/86,1172,104,19.8,false
L,66,SD/86,1174,HÅ/86,1181,106,14.1,false
L,66,HÅ/86,1181,HS/86,1187,106,14.5,false
L,66,HS/86,1189,HED/86,1197,101,16.3,false
L,66,HED/86,1197,VJ/86,1204,101,15.1,false
L,66,VJ/86,1206,BET/86,1211,119,10.9,false
L,66,BET/86,1211,FA/86,1221,119,14.8,false
L,66,FA/86,1227,SNO/86,1229,117,4.3,true
L,66,SNO/86,1229,OD/86,1254,117,56.0,true
L,66,OD/86,1257,MV/86,1262,182,9.3,true
L,66,MV/86,1262,KH/86,1326,182,148.8,true
L,66,KH/86,1338,BAN/86,1341,25,2.4,true
L,66,BAN/86,1341,CPH/86,1352,25,9.4,true
L,66,CPH/86,1352,End,1352,0,0.0,true
L,67,Start,1047,CPH/86,1047,0,0.0,true
L,67,CPH/86,1047,TÅT/86,1050,47,3.3,true
L,67,TÅT/86,1050,KH/86,1060,47,8.5,true
L,67,KH/86,1072,GB/86,1075,380,3.2,true
L,67,GB/86,1075,OD/86,1143,380,154.9,true
L,67,OD/86,1146,HP/86,1150,315,8.6,true
L,67,HP/86,1150,FA/86,1174,315,51.7,true
L,67,FA/86,1178,BK/86,1184,270,11.9,false
L,67,BK/86,1184,VJ/86,1191,270,13.8,false
L,67,VJ/86,1193,HED/86,1201,233,15.1,false
L,67,HED/86,1201,HS/86,1208,233,16.3,false
L,67,HS/86,1210,HÅ/86,1217,227,14.5,false
L,67,HÅ/86,1217,SD/86,1224,227,14.1,false
L,67,SD/86,1225,HX/86,1230,201,8.5,false
L,67,HX/86,1230,AR/86,1238,201,14.3,false
L,67,AR/86,1238,End,1238,0,0.0,true
L,70,Start,1220,AR/86,1220,0,0.0,true
L,70,AR/86,1220,KGV/86,1223,183,3.0,false
L,70,KGV/86,1223,SD/86,1232,183,19.8,false
L,70,SD/86,1234,HÅ/86,1241,181,14.1,false
L,70,HÅ/86,1241,HS/86,1247,181,14.5,false
L,70,HS/86,1249,HED/86,1257,178,16.3,false
L,70,HED/86,1257,VJ/86,1264,178,15.1,false
L,70,VJ/86,1266,BET/86,1271,173,10.9,false
L,70,BET/86,1271,FA/86,1281,173,14.8,false
L,70,FA/86,1287,SNO/86,1289,170,4.3,true
L,70,SNO/86,1289,OD/86,1314,170,56.0,true
L,70,OD/86,1317,MV/86,1322,166,9.3,true
L,70,MV/86,1322,KH/86,1386,166,148.8,true
L,70,KH/86,1398,BAN/86,1401,4,2.4,true
L,70,BAN/86,1401,CPH/86,1412,4,9.4,true
L,70,CPH/86,1412,End,1412,0,0.0,true
L,71,Start,1106,CPH/86,1106,0,0.0,true
L,71,CPH/86,1106,TÅT/86,1109,44,3.3,true
L,71,TÅT/86,1109,KH/86,1120,44,8.5,true
L,71,KH/86,1132,GB/86,1135,232,3.2,true
L,71,GB/86,1135,OD/86,1203,232,154.9,true
L,71,OD/86,1206,HP/86,1210,179,8.6,true
L,71,HP/86,1210,FA/86,1234,179,51.7,true
L,71,FA/86,1238,BK/86,1244,208,11.9,false
L,71,BK/86,1244,VJ/86,1251,208,13.8,false
L,71,VJ/86,1253,HED/86,1261,205,15.1,false
L,71,HED/86,1261,HS/86,1268,205,16.3,false
L,71,HS/86,1270,HÅ/86,1277,184,14.5,false
L,71,HÅ/86,1277,SD/86,1284,184,14.1,false
L,71,SD/86,1285,HX/86,1290,158,8.5,false
L,71,HX/86,1290,AR/86,1298,158,14.3,false
L,71,AR/86,1298,End,1298,0,0.0,true
L,722,Start,424,STR/86,424,0,0.0,true
L,722,STR/86,424,HM/86,430,26,7.0,false
L,722,HM/86,431,HO/86,437,26,8.5,false
L,722,HO/86,438,TS/86,445,50,9.5,false
L,722,TS/86,445,UU/86,451,50,8.2,false
L,722,UU/86,451,ID/86,457,50,7.6,false
L,722,ID/86,460,IB/86,464,50,6.3,false
L,722,IB/86,464,GP/86,466,50,3.3,false
L,722,GP/86,467,HR/86,472,50,6.3,false
L,722,HR/86,479,KE/86,485,75,10.0,false
L,722,KE/86,485,BB/86,493,75,14.2,false
L,722,BB/86,494,TY/86,500,75,9.5,false
L,722,TY/86,501,GW/86,507,75,7.9,false
L,722,GW/86,508,GG/86,515,75,10.6,false
L,722,GG/86,515,JL/86,520,75,6.8,false
L,722,JL/86,520,GES/86,529,75,9.4,false
L,722,GES/86,529,VJS/86,532,75,3.6,false
L,722,VJS/86,533,VJ/86,535,75,1.0,false
L,722,VJ/86,538,BET/86,544,71,10.9,false
L,722,BET/86,544,FA/86,554,71,14.8,false
L,722,FA/86,554,End,554,0,0.0,true
L,723,Start,523,FA/86,523,0,0.0,true
L,723,FA/86,523,BK/86,529,67,11.9,false
L,723,BK/86,529,VJ/86,537,67,13.8,false
L,723,VJ/86,539,VJS/86,541,67,1.0,false
L,723,VJS/86,541,GES/86,546,67,3.6,false
L,723,GES/86,546,JL/86,556,67,9.4,false
L,723,JL/86,556,GG/86,561,67,6.8,false
L,723,GG/86,561,GW/86,568,67,10.6,false
L,723,GW/86,569,TY/86,574,67,7.9,false
L,723,TY/86,575,BB/86,581,67,9.5,false
L,723,BB/86,582,FT/86,586,67,7.8,false
L,723,FT/86,586,HR/86,596,67,16.4,false
L,723,HR/86,598,GP/86,603,22,6.3,false
L,723,GP/86,603,IB/86,606,22,3.3,false
L,723,IB/86,606,ID/86,610,22,6.3,false
L,723,ID/86,611,UU/86,616,22,7.6,false
L,723,UU/86,617,TS/86,623,22,8.2,false
L,723,TS/86,625,HO/86,632,22,9.5,false
L,723,HO/86,634,HM/86,640,9,8.5,false
L,723,HM/86,641,STR/86,648,9,7.0,false
L,723,STR/86,648,End,648,0,0.0,true
L,731,Start,643,FA/86,643,0,0.0,true
L,731,FA/86,643,BK/86,649,71,11.9,false
L,731,BK/86,649,VJ/86,657,71,13.8,false
L,731,VJ/86,659,VJS/86,661,72,1.0,false
L,731,VJS/86,661,GES/86,666,72,3.6,false
L,731,GES/86,666,JL/86,676,72,9.4,false
L,731,JL/86,676,GG/86,681,72,6.8,false
L,731,GG/86,681,GW/86,688,72,10.6,false
L,731,GW/86,689,TY/86,694,72,7.9,false
L,731,TY/86,695,BB/86,701,72,9.5,false
L,731,BB/86,702,FT/86,706,72,7.8,false
L,731,FT/86,706,HR/86,716,72,16.4,false
L,731,HR/86,718,GP/86,723,39,6.3,false
L,731,GP/86,723,IB/86,726,39,3.3,false
L,731,IB/86,726,ID/86,730,39,6.3,false
L,731,ID/86,731,UU/86,736,39,7.6,false
L,731,UU/86,737,TS/86,743,39,8.2,false
L,731,TS/86,745,HO/86,752,39,9.5,false
L,731,HO/86,754,HM/86,760,22,8.5,false
L,731,HM/86,761,STR/86,768,22,7.0,false
L,731,STR/86,768,End,768,0,0.0,true
L,738,Start,664,STR/86,664,0,0.0,true
L,738,STR/86,664,HM/86,670,20,7.0,false
L,738,HM/86,671,HO/86,677,20,8.5,false
L,738,HO/86,678,TS/86,685,42,9.5,false
L,738,TS/86,685,UU/86,691,42,8.2,false
L,738,UU/86,691,ID/86,697,42,7.6,false
L,738,ID/86,700,IB/86,704,42,6.3,false
L,738,IB/86,704,GP/86,706,42,3.3,false
L,738,GP/86,707,HR/86,712,42,6.3,false
L,738,HR/86,719,KE/86,725,82,10.0,false
L,738,KE/86,725,BB/86,733,82,14.2,false
L,738,BB/86,734,TY/86,740,82,9.5,false
L,738,TY/86,741,GW/86,747,82,7.9,false
L,738,GW/86,748,GG/86,755,82,10.6,false
L,738,GG/86,755,JL/86,760,82,6.8,false
L,738,JL/86,760,GES/86,769,82,9.4,false
L,738,GES/86,769,VJS/86,772,82,3.6,false
L,738,VJS/86,773,VJ/86,775,82,1.0,false
L,738,VJ/86,778,BET/86,784,73,10.9,false
L,738,BET/86,784,FA/86,794,73,14.8,false
L,738,FA/86,794,End,794,0,0.0,true
L,74,Start,1280,AR/86,1280,0,0.0,true
L,74,AR/86,1280,KGV/86,1283,32,3.0,false
L,74,KGV/86,1283,SD/86,1292,32,19.8,false
L,74,SD/86,1294,HÅ/86,1301,38,14.1,false
L,74,HÅ/86,1301,HS/86,1307,38,14.5,false
L,74,HS/86,1309,HED/86,1317,18,16.3,false
L,74,HED/86,1317,VJ/86,1324,18,15.1,false
L,74,VJ/86,1326,BET/86,1331,15,10.9,false
L,74,BET/86,1331,FA/86,1341,15,14.8,false
L,74,FA/86,1341,End,1341,0,0.0,true
L,746,Start,784,STR/86,784,0,0.0,true
L,746,STR/86,784,HM/86,790,33,7.0,false
L,746,HM/86,791,HO/86,797,33,8.5,false
L,746,HO/86,798,TS/86,805,51,9.5,false
L,746,TS/86,805,UU/86,811,51,8.2,false
L,746,UU/86,811,ID/86,817,51,7.6,false
L,746,ID/86,820,IB/86,824,51,6.3,false
L,746,IB/86,824,GP/86,826,51,3.3,false
L,746,GP/86,827,HR/86,832,51,6.3,false
L,746,HR/86,839,KE/86,845,124,10.0,false
L,746,KE/86,845,BB/86,853,124,14.2,false
L,746,BB/86,854,TY/86,860,124,9.5,false
L,746,TY/86,861,GW/86,867,124,7.9,false
L,746,GW/86,868,GG/86,875,124,10.6,false
L,746,GG/86,875,JL/86,880,124,6.8,false
L,746,JL/86,880,GES/86,889,124,9.4,false
L,746,GES/86,889,VJS/86,892,124,3.6,false
L,746,VJS/86,893,VJ/86,895,124,1.0,false
L,746,VJ/86,898,BET/86,904,91,10.9,false
L,746,BET/86,904,FA/86,914,91,14.8,false
L,746,FA/86,914,End,914,0,0.0,true
L,747,Start,899,VJ/86,899,0,0.0,true
L,747,VJ/86,899,VJS/86,901,76,1.0,false
L,747,VJS/86,901,GES/86,906,76,3.6,false
L,747,GES/86,906,JL/86,916,76,9.4,false
L,747,JL/86,916,GG/86,921,76,6.8,false
L,747,GG/86,921,GW/86,928,76,10.6,false
L,747,GW/86,929,TY/86,934,76,7.9,false
L,747,TY/86,935,BB/86,941,76,9.5,false
L,747,BB/86,942,FT/86,946,76,7.8,false
L,747,FT/86,946,HR/86,956,76,16.4,false
L,747,HR/86,958,GP/86,963,42,6.3,false
L,747,GP/86,963,IB/86,966,42,3.3,false
L,747,IB/86,966,ID/86,970,42,6.3,false
L,747,ID/86,971,UU/86,976,42,7.6,false
L,747,UU/86,977,TS/86,983,42,8.2,false
L,747,TS/86,985,HO/86,992,42,9.5,false
L,747,HO/86,994,HM/86,1000,15,8.5,false
L,747,HM/86,1001,STR/86,1008,15,7.0,false
L,747,STR/86,1008,End,1008,0,0.0,true
L,75,Start,1166,CPH/86,1166,0,0.0,true
L,75,CPH/86,1166,TÅT/86,1169,36,3.3,true
L,75,TÅT/86,1169,KH/86,1180,36,8.5,true
L,75,KH/86,1192,GB/86,1195,248,3.2,true
L,75,GB/86,1195,OD/86,1263,248,154.9,true
L,75,OD/86,1266,HP/86,1270,199,8.6,true
L,75,HP/86,1270,FA/86,1294,199,51.7,true
L,75,FA/86,1298,BK/86,1304,161,11.9,false
L,75,BK/86,1304,VJ/86,1311,161,13.8,false
L,75,VJ/86,1313,HED/86,1321,131,15.1,false
L,75,HED/86,1321,HS/86,1328,131,16.3,false
L,75,HS/86,1330,HÅ/86,1337,127,14.5,false
L,75,HÅ/86,1337,SD/86,1344,127,14.1,false
L,75,SD/86,1345,HX/86,1350,111,8.5,false
L,75,HX/86,1350,AR/86,1358,111,14.3,false
L,75,AR/86,1358,End,1358,0,0.0,true
L,762,Start,1024,STR/86,1024,0,0.0,true
L,762,STR/86,1024,HM/86,1030,11,7.0,false
L,762,HM/86,1031,HO/86,1037,11,8.5,false
L,762,HO/86,1038,TS/86,1045,27,9.5,false
L,762,TS/86,1045,UU/86,1051,27,8.2,false
L,762,UU/86,1051,ID/86,1057,27,7.6,false
L,762,ID/86,1060,IB/86,1064,27,6.3,false
L,762,IB/86,1064,GP/86,1066,27,3.3,false
L,762,GP/86,1067,HR/86,1072,27,6.3,false
L,762,HR/86,1079,KE/86,1085,52,10.0,false
L,762,KE/86,1085,BB/86,1093,52,14.2,false
L,762,BB/86,1094,TY/86,1100,52,9.5,false
L,762,TY/86,1101,GW/86,1107,52,7.9,false
L,762,GW/86,1108,GG/86,1115,52,10.6,false
L,762,GG/86,1115,JL/86,1120,52,6.8,false
L,762,JL/86,1120,GES/86,1129,52,9.4,false
L,762,GES/86,1129,VJS/86,1132,52,3.6,false
L,762,VJS/86,1133,VJ/86,1135,52,1.0,false
L,762,VJ/86,1138,BET/86,1144,50,10.9,false
L,762,BET/86,1144,FA/86,1154,50,14.8,false
L,762,FA/86,1154,End,1154,0,0.0,true
L,763,Start,1123,FA/86,1123,0,0.0,true
L,763,FA/86,1123,BK/86,1129,96,11.9,false
L,763,BK/86,1129,VJ/86,1137,96,13.8,false
L,763,VJ/86,1139,VJS/86,1141,97,1.0,false
L,763,VJS/86,1141,GES/86,1146,97,3.6,false
L,763,GES/86,1146,JL/86,1156,97,9.4,false
L,763,JL/86,1156,GG/86,1161,97,6.8,false
L,763,GG/86,1161,GW/86,1168,97,10.6,false
L,763,GW/86,1169,TY/86,1174,97,7.9,false
L,763,TY/86,1175,BB/86,1181,97,9.5,false
L,763,BB/86,1182,FT/86,1186,97,7.8,false
L,763,FT/86,1186,HR/86,1196,97,16.4,false
L,763,HR/86,1198,GP/86,1203,60,6.3,false
L,763,GP/86,1203,IB/86,1206,60,3.3,false
L,763,IB/86,1206,ID/86,1210,60,6.3,false
L,763,ID/86,1211,UU/86,1216,60,7.6,false
L,763,UU/86,1217,TS/86,1223,60,8.2,false
L,763,TS/86,1225,HO/86,1232,60,9.5,false
L,763,HO/86,1234,HM/86,1240,44,8.5,false
L,763,HM/86,1241,STR/86,1248,44,7.0,false
L,763,STR/86,1248,End,1248,0,0.0,true
L,79,Start,1226,CPH/86,1226,0,0.0,true
L,79,CPH/86,1226,TÅT/86,1229,308,3.3,true
L,79,TÅT/86,1229,KH/86,1240,308,8.5,true
L,79,KH/86,1252,GB/86,1255,251,3.2,true
L,79,GB/86,1255,OD/86,1323,251,154.9,true
L,79,OD/86,1326,HP/86,1330,116,8.6,true
L,79,HP/86,1330,FA/86,1354,116,51.7,true
L,79,FA/86,1358,BK/86,1364,116,11.9,false
L,79,BK/86,1364,VJ/86,1371,116,13.8,false
L,79,VJ/86,1373,HED/86,1381,113,15.1,false
L,79,HED/86,1381,HS/86,1388,113,16.3,false
L,79,HS/86,1390,HÅ/86,1397,115,14.5,false
L,79,HÅ/86,1397,SD/86,1404,115,14.1,false
L,79,SD/86,1405,HX/86,1410,114,8.5,false
L,79,HX/86,1410,AR/86,1418,114,14.3,false
L,79,AR/86,1418,End,1418,0,0.0,true
IC,80108,Start,356,FA/86,356,0,0.0,true
IC,80108,FA/86,356,SNO/86,359,12,4.3,true
IC,80108,SNO/86,359,MD/86,363,12,5.9,true
IC,80108,MD/86,365,KA/86,369,34,6.1,true
IC,80108,KA/86,369,OD/86,387,34,44.0,true
IC,80108,OD/86,389,MV/86,394,137,9.3,true
IC,80108,MV/86,394,LV/86,397,137,4.4,true
IC,80108,LV/86,398,UV/86,401,137,5.1,true
IC,80108,UV/86,401,NG/86,405,137,9.9,true
IC,80108,NG/86,407,SPR/86,413,160,11.4,true
IC,80108,SPR/86,413,KØ/86,419,160,11.9,true
IC,80108,KØ/86,420,FO/86,424,192,8.3,true
IC,80108,FO/86,424,SG/86,428,192,7.1,true
IC,80108,SG/86,430,SO/86,438,359,14.6,true
IC,80108,SO/86,439,FJ/86,443,359,6.8,true
IC,80108,FJ/86,443,RG/86,447,359,7.6,true
IC,80108,RG/86,449,KY/86,454,437,7.3,true
IC,80108,KY/86,454,RO/86,464,437,25.3,true
IC,80108,RO/86,466,TRK/86,468,445,3.1,true
IC,80108,TRK/86,468,HTÅ/86,473,445,8.7,true
IC,80108,HTÅ/86,474,GL/86,479,302,8.3,true
IC,80108,GL/86,479,VAL/86,483,302,7.3,true
IC,80108,VAL/86,484,KH/86,490,302,3.9,true
IC,80108,KH/86,493,KN/86,496,46,1.5,true
IC,80108,KN/86,496,KK/86,499,46,1.6,true
IC,80108,KK/86,502,HGL/86,505,0,2.1,true
IC,80108,HGL/86,505,End,505,0,0.0,true
IC,80169,Start,1055,HGL/86,1055,0,0.0,true
IC,80169,HGL/86,1055,KK/86,1058,0,2.1,true
IC,80169,KK/86,1061,KN/86,1064,26,1.6,true
IC,80169,KN/86,1064,KH/86,1067,26,1.5,true
IC,80169,KH/86,1070,VAL/86,1073,184,3.9,true
IC,80169,VAL/86,1075,HIF/86,1078,184,3.4,true
IC,80169,HIF/86,1078,HTÅ/86,1084,184,12.2,true
IC,80169,HTÅ/86,1085,HH/86,1088,194,4.7,true
IC,80169,HH/86,1088,RO/86,1092,194,7.1,true
IC,80169,RO/86,1094,VY/86,1099,164,11.2,true
IC,80169,VY/86,1099,RG/86,1109,164,21.4,true
IC,80169,RG/86,1111,FJ/86,1116,146,7.6,true
IC,80169,FJ/86,1116,SO/86,1119,146,6.8,true
IC,80169,SO/86,1120,SG/86,1128,146,14.6,true
IC,80169,SG/86,1130,FO/86,1134,103,7.1,true
IC,80169,FO/86,1134,KØ/86,1138,103,8.3,true
IC,80169,KØ/86,1139,SPR/86,1145,95,11.9,true
IC,80169,SPR/86,1145,NG/86,1150,95,11.4,true
IC,80169,NG/86,1152,JU/86,1155,73,5.0,true
IC,80169,JU/86,1155,LV/86,1160,73,10.0,true
IC,80169,LV/86,1161,MV/86,1164,73,4.4,true
IC,80169,MV/86,1164,OD/86,1168,73,9.3,true
IC,80169,OD/86,1171,HP/86,1175,47,8.6,true
IC,80169,HP/86,1175,MD/86,1193,47,41.5,true
IC,80169,MD/86,1194,SNO/86,1198,41,5.9,true
IC,80169,SNO/86,1198,FA/86,1202,41,4.3,true
IC,80169,FA/86,1202,End,1202,0,0.0,true
IC,802,Start,300,OD/86,300,0,0.0,true
IC,802,OD/86,300,MV/86,305,25,9.3,true
IC,802,MV/86,305,NG/86,312,25,19.4,true
IC,802,NG/86,314,SPR/86,319,53,11.4,true
IC,802,SPR/86,319,KØ/86,325,53,11.9,true
IC,802,KØ/86,327,FO/86,331,73,8.3,true
IC,802,FO/86,331,SG/86,334,73,7.1,true
IC,802,SG/86,336,SO/86,343,145,14.6,true
IC,802,SO/86,345,FJ/86,348,145,6.8,true
IC,802,FJ/86,348,RG/86,352,145,7.6,true
IC,802,RG/86,354,ADA/86,358,246,5.0,true
IC,802,ADA/86,358,KJN/86,366,246,21.4,true
IC,802,KJN/86,368,JSF/86,369,244,2.5,true
IC,802,JSF/86,369,NEL/86,381,244,28.2,true
IC,802,NEL/86,383,GB/86,384,244,1.4,true
IC,802,GB/86,384,KH/86,388,244,3.2,true
IC,802,KH/86,391,KN/86,393,87,1.5,true
IC,802,KN/86,394,KK/86,397,87,1.6,true
IC,802,KK/86,400,HGL/86,403,0,2.1,true
IC,802,HGL/86,403,End,403,0,0.0,true
IC,806,Start,272,ES/86,272,0,0.0,true
IC,806,ES/86,272,JNE/86,274,11,2.4,true
IC,806,JNE/86,274,BM/86,281,11,14.0,true
IC,806,BM/86,283,GØ/86,286,11,6.0,true
IC,806,GØ/86,286,VN/86,296,11,21.7,true
IC,806,VN/86,297,LK/86,304,11,11.6,true
IC,806,LK/86,304,KD/86,311,11,12.9,true
IC,806,KD/86,313,TL/86,318,29,11.3,true
IC,806,TL/86,318,MD/86,326,29,12.3,true
IC,806,MD/86,328,KA/86,331,35,6.1,true
IC,806,KA/86,331,OD/86,352,35,44.0,true
IC,806,OD/86,360,MV/86,365,62,9.3,true
IC,806,MV/86,365,NG/86,372,62,19.4,true
IC,806,NG/86,374,SPR/86,379,90,11.4,true
IC,806,SPR/86,379,KØ/86,385,90,11.9,true
IC,806,KØ/86,387,FO/86,391,125,8.3,true
IC,806,FO/86,391,SG/86,394,125,7.1,true
IC,806,SG/86,396,SO/86,403,350,14.6,true
IC,806,SO/86,405,FJ/86,408,350,6.8,true
IC,806,FJ/86,408,RG/86,412,350,7.6,true
IC,806,RG/86,414,ADA/86,418,515,5.0,true
IC,806,ADA/86,418,KJN/86,426,515,21.4,true
IC,806,KJN/86,428,JSF/86,429,529,2.5,true
IC,806,JSF/86,429,NEL/86,441,529,28.2,true
IC,806,NEL/86,443,GB/86,444,529,1.4,true
IC,806,GB/86,444,KH/86,448,529,3.2,true
IC,806,KH/86,451,KN/86,453,214,1.5,true
IC,806,KN/86,454,KK/86,457,214,1.6,true
IC,806,KK/86,460,HGL/86,463,0,2.1,true
IC,806,HGL/86,463,End,463,0,0.0,true
IC,810,Start,332,ES/86,332,0,0.0,true
IC,810,ES/86,332,JNE/86,334,33,2.4,true
IC,810,JNE/86,334,BM/86,341,33,14.0,true
IC,810,BM/86,343,GØ/86,346,49,6.0,true
IC,810,GØ/86,346,VN/86,356,49,21.7,true
IC,810,VN/86,357,LK/86,364,49,11.6,true
IC,810,LK/86,364,KD/86,371,49,12.9,true
IC,810,KD/86,373,TL/86,378,114,11.3,true
IC,810,TL/86,378,MD/86,386,114,12.3,true
IC,810,MD/86,388,KA/86,391,141,6.1,true
IC,810,KA/86,391,OD/86,412,141,44.0,true
IC,810,OD/86,420,MV/86,425,210,9.3,true
IC,810,MV/86,425,NG/86,432,210,19.4,true
IC,810,NG/86,434,SPR/86,439,291,11.4,true
IC,810,SPR/86,439,KØ/86,445,291,11.9,true
IC,810,KØ/86,447,FO/86,451,300,8.3,true
IC,810,FO/86,451,SG/86,454,300,7.1,true
IC,810,SG/86,456,SO/86,463,483,14.6,true
IC,810,SO/86,465,FJ/86,468,483,6.8,true
IC,810,FJ/86,468,RG/86,472,483,7.6,true
IC,810,RG/86,474,ADA/86,478,558,5.0,true
IC,810,ADA/86,478,KJN/86,486,558,21.4,true
IC,810,KJN/86,488,JSF/86,489,543,2.5,true
IC,810,JSF/86,489,NEL/86,501,543,28.2,true
IC,810,NEL/86,503,GB/86,504,543,1.4,true
IC,810,GB/86,504,KH/86,508,543,3.2,true
IC,810,KH/86,511,KN/86,513,239,1.5,true
IC,810,KN/86,514,KK/86,517,239,1.6,true
IC,810,KK/86,520,HGL/86,523,0,2.1,true
IC,810,HGL/86,523,End,523,0,0.0,true
IC,814,Start,392,ES/86,392,0,0.0,true
IC,814,ES/86,392,JNE/86,394,55,2.4,true
IC,814,JNE/86,394,BM/86,401,55,14.0,true
IC,814,BM/86,403,GØ/86,406,85,6.0,true
IC,814,GØ/86,406,VN/86,416,85,21.7,true
IC,814,VN/86,417,LK/86,424,85,11.6,true
IC,814,LK/86,424,KD/86,431,85,12.9,true
IC,814,KD/86,433,TL/86,438,166,11.3,true
IC,814,TL/86,438,MD/86,446,166,12.3,true
IC,814,MD/86,448,KA/86,451,191,6.1,true
IC,814,KA/86,451,OD/86,472,191,44.0,true
IC,814,OD/86,480,MV/86,485,173,9.3,true
IC,814,MV/86,485,NG/86,492,173,19.4,true
IC,814,NG/86,494,SPR/86,499,208,11.4,true
IC,814,SPR/86,499,KØ/86,505,208,11.9,true
IC,814,KØ/86,507,FO/86,511,226,8.3,true
IC,814,FO/86,511,SG/86,514,226,7.1,true
IC,814,SG/86,516,SO/86,523,281,14.6,true
IC,814,SO/86,525,FJ/86,528,281,6.8,true
IC,814,FJ/86,528,RG/86,532,281,7.6,true
IC,814,RG/86,534,ADA/86,538,305,5.0,true
IC,814,ADA/86,538,KJN/86,546,305,21.4,true
IC,814,KJN/86,548,JSF/86,549,298,2.5,true
IC,814,JSF/86,549,NEL/86,561,298,28.2,true
IC,814,NEL/86,563,GB/86,564,298,1.4,true
IC,814,GB/86,564,KH/86,568,298,3.2,true
IC,814,KH/86,571,KN/86,573,135,1.5,true
IC,814,KN/86,574,KK/86,577,135,1.6,true
IC,814,KK/86,580,HGL/86,583,0,2.1,true
IC,814,HGL/86,583,End,583,0,0.0,true
IC,815,Start,369,OD/86,369,0,0.0,true
IC,815,OD/86,369,HP/86,374,77,8.6,true
IC,815,HP/86,374,MD/86,390,77,41.5,true
IC,815,MD/86,392,SNO/86,396,78,5.9,true
IC,815,SNO/86,396,KD/86,406,78,17.7,true
IC,815,KD/86,408,LK/86,415,70,12.9,true
IC,815,LK/86,416,VN/86,423,88,11.6,true
IC,815,VN/86,424,BP/86,428,88,7.8,true
IC,815,BP/86,429,HQ/86,434,88,6.5,true
IC,815,HQ/86,435,GØ/86,440,88,7.4,true
IC,815,GØ/86,441,BM/86,445,88,6.0,true
IC,815,BM/86,446,TB/86,450,74,8.1,true
IC,815,TB/86,450,ES/86,456,74,8.3,true
IC,815,ES/86,456,End,456,0,0.0,true
IC,818,Start,451,ES/86,451,0,0.0,true
IC,818,ES/86,451,JNE/86,453,46,2.4,true
IC,818,JNE/86,453,BM/86,460,46,14.0,true
IC,818,BM/86,463,GØ/86,466,62,6.0,true
IC,818,GØ/86,466,VN/86,476,62,21.7,true
IC,818,VN/86,477,LK/86,484,62,11.6,true
IC,818,LK/86,484,KD/86,491,62,12.9,true
IC,818,KD/86,493,TL/86,498,112,11.3,true
IC,818,TL/86,498,MD/86,506,112,12.3,true
IC,818,MD/86,508,KA/86,511,110,6.1,true
IC,818,KA/86,511,OD/86,532,110,44.0,true
IC,818,OD/86,540,MV/86,545,104,9.3,true
IC,818,MV/86,545,NG/86,552,104,19.4,true
IC,818,NG/86,554,SPR/86,559,115,11.4,true
IC,818,SPR/86,559,KØ/86,565,115,11.9,true
IC,818,KØ/86,567,FO/86,571,124,8.3,true
IC,818,FO/86,571,SG/86,574,124,7.1,true
IC,818,SG/86,576,SO/86,583,135,14.6,true
IC,818,SO/86,585,FJ/86,588,135,6.8,true
IC,818,FJ/86,588,RG/86,592,135,7.6,true
IC,818,RG/86,594,ADA/86,598,143,5.0,true
IC,818,ADA/86,598,KJN/86,606,143,21.4,true
IC,818,KJN/86,608,JSF/86,609,124,2.5,true
IC,818,JSF/86,609,NEL/86,621,124,28.2,true
IC,818,NEL/86,623,GB/86,624,124,1.4,true
IC,818,GB/86,624,KH/86,628,124,3.2,true
IC,818,KH/86,631,KN/86,633,53,1.5,true
IC,818,KN/86,634,KK/86,637,53,1.6,true
IC,818,KK/86,640,HGL/86,643,0,2.1,true
IC,818,HGL/86,643,End,643,0,0.0,true
IC,819,Start,316,HGL/86,316,0,0.0,true
IC,819,HGL/86,316,KK/86,320,0,2.1,true
IC,819,KK/86,323,KN/86,325,20,1.6,true
IC,819,KN/86,326,KH/86,329,20,1.5,true
IC,819,KH/86,332,GB/86,335,50,3.2,true
IC,819,GB/86,335,NEL/86,336,50,1.4,true
IC,819,NEL/86,337,IG/86,338,50,1.6,true
IC,819,IG/86,338,KJN/86,350,50,29.1,true
IC,819,KJN/86,352,LEL/86,354,59,4.3,true
IC,819,LEL/86,354,RG/86,364,59,22.1,true
IC,819,RG/86,366,FJ/86,371,80,7.6,true
IC,819,FJ/86,371,SO/86,374,80,6.8,true
IC,819,SO/86,375,SG/86,382,80,14.6,true
IC,819,SG/86,384,FO/86,388,83,7.1,true
IC,819,FO/86,388,KØ/86,392,83,8.3,true
IC,819,KØ/86,393,SPR/86,399,86,11.9,true
IC,819,SPR/86,399,NG/86,404,86,11.4,true
IC,819,NG/86,406,JU/86,409,109,5.0,true
IC,819,JU/86,409,OD/86,420,109,23.7,true
IC,819,OD/86,429,HP/86,434,145,8.6,true
IC,819,HP/86,434,MD/86,450,145,41.5,true
IC,819,MD/86,452,SNO/86,457,135,5.9,true
IC,819,SNO/86,457,KD/86,466,135,17.7,true
IC,819,KD/86,468,LK/86,474,52,12.9,true
IC,819,LK/86,474,VN/86,481,52,11.6,true
IC,819,VN/86,482,BP/86,486,52,7.8,true
IC,819,BP/86,486,BM/86,495,52,19.9,true
IC,819,BM/86,497,TB/86,501,42,8.1,true
IC,819,TB/86,501,ES/86,506,42,8.3,true
IC,819,ES/86,506,End,506,0,0.0,true
IC,822,Start,511,ES/86,511,0,0.0,true
IC,822,ES/86,511,JNE/86,513,31,2.4,true
IC,822,JNE/86,513,BM/86,520,31,14.0,true
IC,822,BM/86,523,GØ/86,526,44,6.0,true
IC,822,GØ/86,526,VN/86,536,44,21.7,true
IC,822,VN/86,537,LK/86,544,44,11.6,true
IC,822,LK/86,544,KD/86,551,44,12.9,true
IC,822,KD/86,553,TL/86,558,68,11.3,true
IC,822,TL/86,558,MD/86,566,68,12.3,true
IC,822,MD/86,568,KA/86,571,74,6.1,true
IC,822,KA/86,571,OD/86,592,74,44.0,true
IC,822,OD/86,600,MV/86,605,109,9.3,true
IC,822,MV/86,605,NG/86,612,109,19.4,true
IC,822,NG/86,614,SPR/86,619,133,11.4,true
IC,822,SPR/86,619,KØ/86,625,133,11.9,true
IC,822,KØ/86,627,FO/86,631,144,8.3,true
IC,822,FO/86,631,SG/86,634,144,7.1,true
IC,822,SG/86,636,SO/86,643,155,14.6,true
IC,822,SO/86,645,FJ/86,648,155,6.8,true
IC,822,FJ/86,648,RG/86,652,155,7.6,true
IC,822,RG/86,654,ADA/86,658,158,5.0,true
IC,822,ADA/86,658,KJN/86,666,158,21.4,true
IC,822,KJN/86,668,JSF/86,669,140,2.5,true
IC,822,JSF/86,669,NEL/86,681,140,28.2,true
IC,822,NEL/86,683,GB/86,684,140,1.4,true
IC,822,GB/86,684,KH/86,688,140,3.2,true
IC,822,KH/86,691,KN/86,693,57,1.5,true
IC,822,KN/86,694,KK/86,697,57,1.6,true
IC,822,KK/86,697,End,697,0,0.0,true
IC,823,Start,383,KK/86,383,0,0.0,true
IC,823,KK/86,383,KN/86,385,38,1.6,true
IC,823,KN/86,386,KH/86,389,38,1.5,true
IC,823,KH/86,392,GB/86,395,132,3.2,true
IC,823,GB/86,395,NEL/86,396,132,1.4,true
IC,823,NEL/86,397,IG/86,398,132,1.6,true
IC,823,IG/86,398,KJN/86,410,132,29.1,true
IC,823,KJN/86,412,LEL/86,414,157,4.3,true
IC,823,LEL/86,414,RG/86,424,157,22.1,true
IC,823,RG/86,426,FJ/86,431,186,7.6,true
IC,823,FJ/86,431,SO/86,434,186,6.8,true
IC,823,SO/86,435,SG/86,442,186,14.6,true
IC,823,SG/86,444,FO/86,448,168,7.1,true
IC,823,FO/86,448,KØ/86,452,168,8.3,true
IC,823,KØ/86,453,SPR/86,459,164,11.9,true
IC,823,SPR/86,459,NG/86,464,164,11.4,true
IC,823,NG/86,466,JU/86,469,183,5.0,true
IC,823,JU/86,469,OD/86,480,183,23.7,true
IC,823,OD/86,489,HP/86,494,137,8.6,true
IC,823,HP/86,494,MD/86,510,137,41.5,true
IC,823,MD/86,512,SNO/86,517,110,5.9,true
IC,823,SNO/86,517,KD/86,526,110,17.7,true
IC,823,KD/86,528,LK/86,535,61,12.9,true
IC,823,LK/86,535,VN/86,541,61,11.6,true
IC,823,VN/86,542,BP/86,546,61,7.8,true
IC,823,BP/86,546,BM/86,555,61,19.9,true
IC,823,BM/86,557,TB/86,561,49,8.1,true
IC,823,TB/86,561,ES/86,566,49,8.3,true
IC,823,ES/86,566,End,566,0,0.0,true
IC,826,Start,572,ES/86,572,0,0.0,true
IC,826,ES/86,572,JNE/86,574,28,2.4,true
IC,826,JNE/86,574,BM/86,581,28,14.0,true
IC,826,BM/86,583,GØ/86,586,38,6.0,true
IC,826,GØ/86,586,VN/86,596,38,21.7,true
IC,826,VN/86,597,LK/86,604,38,11.6,true
IC,826,LK/86,604,KD/86,611,38,12.9,true
IC,826,KD/86,613,TL/86,618,48,11.3,true
IC,826,TL/86,618,MD/86,626,48,12.3,true
IC,826,MD/86,628,KA/86,631,54,6.1,true
IC,826,KA/86,631,OD/86,652,54,44.0,true
IC,826,OD/86,660,MV/86,665,90,9.3,true
IC,826,MV/86,665,NG/86,672,90,19.4,true
IC,826,NG/86,674,SPR/86,679,114,11.4,true
IC,826,SPR/86,679,KØ/86,685,114,11.9,true
IC,826,KØ/86,687,FO/86,691,124,8.3,true
IC,826,FO/86,691,SG/86,694,124,7.1,true
IC,826,SG/86,696,SO/86,703,128,14.6,true
IC,826,SO/86,705,FJ/86,708,128,6.8,true
IC,826,FJ/86,708,RG/86,712,128,7.6,true
IC,826,RG/86,714,ADA/86,718,140,5.0,true
IC,826,ADA/86,718,KJN/86,726,140,21.4,true
IC,826,KJN/86,728,JSF/86,729,118,2.5,true
IC,826,JSF/86,729,NEL/86,741,118,28.2,true
IC,826,NEL/86,743,GB/86,744,118,1.4,true
IC,826,GB/86,744,KH/86,748,118,3.2,true
IC,826,KH/86,751,KN/86,753,41,1.5,true
IC,826,KN/86,754,KK/86,757,41,1.6,true
IC,826,KK/86,760,HGL/86,763,0,2.1,true
IC,826,HGL/86,763,End,763,0,0.0,true
IC,827,Start,436,HGL/86,436,0,0.0,true
IC,827,HGL/86,436,KK/86,440,0,2.1,true
IC,827,KK/86,443,KN/86,445,55,1.6,true
IC,827,KN/86,446,KH/86,449,55,1.5,true
IC,827,KH/86,452,GB/86,455,223,3.2,true
IC,827,GB/86,455,NEL/86,456,223,1.4,true
IC,827,NEL/86,457,IG/86,458,223,1.6,true
IC,827,IG/86,458,KJN/86,470,223,29.1,true
IC,827,KJN/86,472,LEL/86,474,259,4.3,true
IC,827,LEL/86,474,RG/86,484,259,22.1,true
IC,827,RG/86,486,FJ/86,491,243,7.6,true
IC,827,FJ/86,491,SO/86,494,243,6.8,true
IC,827,SO/86,495,SG/86,502,243,14.6,true
IC,827,SG/86,504,FO/86,508,214,7.1,true
IC,827,FO/86,508,KØ/86,511,214,8.3,true
IC,827,KØ/86,513,SPR/86,519,202,11.9,true
IC,827,SPR/86,519,NG/86,524,202,11.4,true
IC,827,NG/86,526,JU/86,529,183,5.0,true
IC,827,JU/86,529,OD/86,540,183,23.7,true
IC,827,OD/86,549,HP/86,554,107,8.6,true
IC,827,HP/86,554,MD/86,570,107,41.5,true
IC,827,MD/86,572,SNO/86,577,75,5.9,true
IC,827,SNO/86,577,KD/86,586,75,17.7,true
IC,827,KD/86,588,LK/86,594,35,12.9,true
IC,827,LK/86,594,VN/86,601,35,11.6,true
IC,827,VN/86,602,BP/86,606,35,7.8,true
IC,827,BP/86,606,BM/86,615,35,19.9,true
IC,827,BM/86,617,TB/86,621,25,8.1,true
IC,827,TB/86,621,ES/86,626,25,8.3,true
IC,827,ES/86,626,End,626,0,0.0,true
IC,830,Start,632,ES/86,632,0,0.0,true
IC,830,ES/86,632,JNE/86,634,41,2.4,true
IC,830,JNE/86,634,BM/86,641,41,14.0,true
IC,830,BM/86,643,GØ/86,646,61,6.0,true
IC,830,GØ/86,646,VN/86,656,61,21.7,true
IC,830,VN/86,657,LK/86,664,61,11.6,true
IC,830,LK/86,664,KD/86,671,61,12.9,true
IC,830,KD/86,673,TL/86,678,93,11.3,true
IC,830,TL/86,678,MD/86,686,93,12.3,true
IC,830,MD/86,688,KA/86,691,98,6.1,true
IC,830,KA/86,691,OD/86,712,98,44.0,true
IC,830,OD/86,720,MV/86,725,121,9.3,true
IC,830,MV/86,725,NG/86,732,121,19.4,true
IC,830,NG/86,734,SPR/86,739,132,11.4,true
IC,830,SPR/86,739,KØ/86,745,132,11.9,true
IC,830,KØ/86,747,FO/86,751,138,8.3,true
IC,830,FO/86,751,SG/86,754,138,7.1,true
IC,830,SG/86,756,SO/86,763,154,14.6,true
IC,830,SO/86,765,FJ/86,768,154,6.8,true
IC,830,FJ/86,768,RG/86,772,154,7.6,true
IC,830,RG/86,774,ADA/86,778,155,5.0,true
IC,830,ADA/86,778,KJN/86,786,155,21.4,true
IC,830,KJN/86,788,JSF/86,789,126,2.5,true
IC,830,JSF/86,789,NEL/86,801,126,28.2,true
IC,830,NEL/86,803,GB/86,804,126,1.4,true
IC,830,GB/86,804,KH/86,808,126,3.2,true
IC,830,KH/86,811,KN/86,813,42,1.5,true
IC,830,KN/86,814,KK/86,817,42,1.6,true
IC,830,KK/86,820,HGL/86,823,0,2.1,true
IC,830,HGL/86,823,End,823,0,0.0,true
IC,831,Start,496,HGL/86,496,0,0.0,true
IC,831,HGL/86,496,KK/86,500,0,2.1,true
IC,831,KK/86,503,KN/86,505,53,1.6,true
IC,831,KN/86,506,KH/86,509,53,1.5,true
IC,831,KH/86,512,GB/86,515,135,3.2,true
IC,831,GB/86,515,NEL/86,516,135,1.4,true
IC,831,NEL/86,517,IG/86,518,135,1.6,true
IC,831,IG/86,518,KJN/86,530,135,29.1,true
IC,831,KJN/86,532,LEL/86,534,155,4.3,true
IC,831,LEL/86,534,RG/86,544,155,22.1,true
IC,831,RG/86,546,FJ/86,551,150,7.6,true
IC,831,FJ/86,551,SO/86,554,150,6.8,true
IC,831,SO/86,555,SG/86,562,150,14.6,true
IC,831,SG/86,564,FO/86,568,145,7.1,true
IC,831,FO/86,568,KØ/86,572,145,8.3,true
IC,831,KØ/86,573,SPR/86,579,140,11.9,true
IC,831,SPR/86,579,NG/86,584,140,11.4,true
IC,831,NG/86,586,JU/86,589,114,5.0,true
IC,831,JU/86,589,OD/86,600,114,23.7,true
IC,831,OD/86,609,HP/86,614,84,8.6,true
IC,831,HP/86,614,MD/86,630,84,41.5,true
IC,831,MD/86,632,SNO/86,637,71,5.9,true
IC,831,SNO/86,637,KD/86,646,71,17.7,true
IC,831,KD/86,648,LK/86,654,48,12.9,true
IC,831,LK/86,654,VN/86,661,48,11.6,true
IC,831,VN/86,662,BP/86,666,48,7.8,true
IC,831,BP/86,666,BM/86,675,48,19.9,true
IC,831,BM/86,677,TB/86,681,33,8.1,true
IC,831,TB/86,681,ES/86,686,33,8.3,true
IC,831,ES/86,686,End,686,0,0.0,true
IC,834,Start,692,ES/86,692,0,0.0,true
IC,834,ES/86,692,JNE/86,694,44,2.4,true
IC,834,JNE/86,694,BM/86,701,44,14.0,true
IC,834,BM/86,703,GØ/86,706,64,6.0,true
IC,834,GØ/86,706,VN/86,716,64,21.7,true
IC,834,VN/86,717,LK/86,724,64,11.6,true
IC,834,LK/86,724,KD/86,731,64,12.9,true
IC,834,KD/86,733,TL/86,738,98,11.3,true
IC,834,TL/86,738,MD/86,746,98,12.3,true
IC,834,MD/86,748,KA/86,751,102,6.1,true
IC,834,KA/86,751,OD/86,772,102,44.0,true
IC,834,OD/86,780,MV/86,785,164,9.3,true
IC,834,MV/86,785,NG/86,792,164,19.4,true
IC,834,NG/86,794,SPR/86,799,188,11.4,true
IC,834,SPR/86,799,KØ/86,805,188,11.9,true
IC,834,KØ/86,807,FO/86,811,193,8.3,true
IC,834,FO/86,811,SG/86,814,193,7.1,true
IC,834,SG/86,816,SO/86,823,205,14.6,true
IC,834,SO/86,825,FJ/86,828,205,6.8,true
IC,834,FJ/86,828,RG/86,832,205,7.6,true
IC,834,RG/86,834,ADA/86,838,199,5.0,true
IC,834,ADA/86,838,KJN/86,846,199,21.4,true
IC,834,KJN/86,848,JSF/86,849,155,2.5,true
IC,834,JSF/86,849,NEL/86,861,155,28.2,true
IC,834,NEL/86,863,GB/86,864,155,1.4,true
IC,834,GB/86,864,KH/86,868,155,3.2,true
IC,834,KH/86,871,KN/86,873,41,1.5,true
IC,834,KN/86,874,KK/86,877,41,1.6,true
IC,834,KK/86,880,HGL/86,883,0,2.1,true
IC,834,HGL/86,883,End,883,0,0.0,true
IC,835,Start,556,HGL/86,556,0,0.0,true
IC,835,HGL/86,556,KK/86,560,0,2.1,true
IC,835,KK/86,563,KN/86,565,32,1.6,true
IC,835,KN/86,566,KH/86,569,32,1.5,true
IC,835,KH/86,572,GB/86,575,87,3.2,true
IC,835,GB/86,575,NEL/86,576,87,1.4,true
IC,835,NEL/86,577,IG/86,578,87,1.6,true
IC,835,IG/86,578,KJN/86,590,87,29.1,true
IC,835,KJN/86,592,LEL/86,594,99,4.3,true
IC,835,LEL/86,594,RG/86,604,99,22.1,true
IC,835,RG/86,606,FJ/86,611,100,7.6,true
IC,835,FJ/86,611,SO/86,614,100,6.8,true
IC,835,SO/86,615,SG/86,622,100,14.6,true
IC,835,SG/86,624,FO/86,628,114,7.1,true
IC,835,FO/86,628,KØ/86,632,114,8.3,true
IC,835,KØ/86,633,SPR/86,639,106,11.9,true
IC,835,SPR/86,639,NG/86,644,106,11.4,true
IC,835,NG/86,646,JU/86,649,102,5.0,true
IC,835,JU/86,649,OD/86,660,102,23.7,true
IC,835,OD/86,669,HP/86,674,74,8.6,true
IC,835,HP/86,674,MD/86,690,74,41.5,true
IC,835,MD/86,692,SNO/86,697,63,5.9,true
IC,835,SNO/86,697,KD/86,706,63,17.7,true
IC,835,KD/86,708,LK/86,714,46,12.9,true
IC,835,LK/86,714,VN/86,721,46,11.6,true
IC,835,VN/86,722,BP/86,726,46,7.8,true
IC,835,BP/86,726,BM/86,735,46,19.9,true
IC,835,BM/86,737,TB/86,741,32,8.1,true
IC,835,TB/86,741,ES/86,746,32,8.3,true
IC,835,ES/86,746,End,746,0,0.0,true
IC,838,Start,752,ES/86,752,0,0.0,true
IC,838,ES/86,752,JNE/86,754,52,2.4,true
IC,838,JNE/86,754,BM/86,761,52,14.0,true
IC,838,BM/86,763,GØ/86,766,71,6.0,true
IC,838,GØ/86,766,VN/86,776,71,21.7,true
IC,838,VN/86,777,LK/86,784,71,11.6,true
IC,838,LK/86,784,KD/86,791,71,12.9,true
IC,838,KD/86,793,TL/86,798,102,11.3,true
IC,838,TL/86,798,MD/86,806,102,12.3,true
IC,838,MD/86,808,KA/86,811,106,6.1,true
IC,838,KA/86,811,OD/86,832,106,44.0,true
IC,838,OD/86,840,MV/86,845,126,9.3,true
IC,838,MV/86,845,NG/86,852,126,19.4,true
IC,838,NG/86,854,SPR/86,859,136,11.4,true
IC,838,SPR/86,859,KØ/86,865,136,11.9,true
IC,838,KØ/86,867,FO/86,871,145,8.3,true
IC,838,FO/86,871,SG/86,874,145,7.1,true
IC,838,SG/86,876,SO/86,883,175,14.6,true
IC,838,SO/86,885,FJ/86,888,175,6.8,true
IC,838,FJ/86,888,RG/86,892,175,7.6,true
IC,838,RG/86,894,ADA/86,898,174,5.0,true
IC,838,ADA/86,898,KJN/86,906,174,21.4,true
IC,838,KJN/86,908,JSF/86,909,140,2.5,true
IC,838,JSF/86,909,NEL/86,921,140,28.2,true
IC,838,NEL/86,923,GB/86,924,140,1.4,true
IC,838,GB/86,924,KH/86,928,140,3.2,true
IC,838,KH/86,931,KN/86,933,51,1.5,true
IC,838,KN/86,934,KK/86,937,51,1.6,true
IC,838,KK/86,940,HGL/86,943,0,2.1,true
IC,838,HGL/86,943,End,943,0,0.0,true
IC,839,Start,623,KK/86,623,0,0.0,true
IC,839,KK/86,623,KN/86,625,54,1.6,true
IC,839,KN/86,626,KH/86,629,54,1.5,true
IC,839,KH/86,632,GB/86,635,122,3.2,true
IC,839,GB/86,635,NEL/86,636,122,1.4,true
IC,839,NEL/86,637,IG/86,638,122,1.6,true
IC,839,IG/86,638,KJN/86,650,122,29.1,true
IC,839,KJN/86,652,LEL/86,654,152,4.3,true
IC,839,LEL/86,654,RG/86,664,152,22.1,true
IC,839,RG/86,666,FJ/86,671,155,7.6,true
IC,839,FJ/86,671,SO/86,674,155,6.8,true
IC,839,SO/86,675,SG/86,682,155,14.6,true
IC,839,SG/86,684,FO/86,688,157,7.1,true
IC,839,FO/86,688,KØ/86,691,157,8.3,true
IC,839,KØ/86,693,SPR/86,699,151,11.9,true
IC,839,SPR/86,699,NG/86,704,151,11.4,true
IC,839,NG/86,706,JU/86,709,134,5.0,true
IC,839,JU/86,709,OD/86,720,134,23.7,true
IC,839,OD/86,729,HP/86,734,104,8.6,true
IC,839,HP/86,734,MD/86,750,104,41.5,true
IC,839,MD/86,752,SNO/86,757,91,5.9,true
IC,839,SNO/86,757,KD/86,766,91,17.7,true
IC,839,KD/86,768,LK/86,774,81,12.9,true
IC,839,LK/86,774,VN/86,781,81,11.6,true
IC,839,VN/86,782,BP/86,786,81,7.8,true
IC,839,BP/86,786,BM/86,795,81,19.9,true
IC,839,BM/86,797,TB/86,801,54,8.1,true
IC,839,TB/86,801,ES/86,806,54,8.3,true
IC,839,ES/86,806,End,806,0,0.0,true
IC,842,Start,812,ES/86,812,0,0.0,true
IC,842,ES/86,812,JNE/86,814,52,2.4,true
IC,842,JNE/86,814,BM/86,821,52,14.0,true
IC,842,BM/86,823,GØ/86,826,75,6.0,true
IC,842,GØ/86,826,VN/86,836,75,21.7,true
IC,842,VN/86,837,LK/86,844,75,11.6,true
IC,842,LK/86,844,KD/86,851,75,12.9,true
IC,842,KD/86,853,TL/86,858,140,11.3,true
IC,842,TL/86,858,MD/86,866,140,12.3,true
IC,842,MD/86,868,KA/86,871,152,6.1,true
IC,842,KA/86,871,OD/86,892,152,44.0,true
IC,842,OD/86,900,MV/86,905,202,9.3,true
IC,842,MV/86,905,NG/86,912,202,19.4,true
IC,842,NG/86,914,SPR/86,919,198,11.4,true
IC,842,SPR/86,919,KØ/86,925,198,11.9,true
IC,842,KØ/86,927,FO/86,931,200,8.3,true
IC,842,FO/86,931,SG/86,934,200,7.1,true
IC,842,SG/86,936,SO/86,943,242,14.6,true
IC,842,SO/86,945,FJ/86,948,242,6.8,true
IC,842,FJ/86,948,RG/86,952,242,7.6,true
IC,842,RG/86,954,ADA/86,958,239,5.0,true
IC,842,ADA/86,958,KJN/86,966,239,21.4,true
IC,842,KJN/86,968,JSF/86,969,199,2.5,true
IC,842,JSF/86,969,NEL/86,981,199,28.2,true
IC,842,NEL/86,983,GB/86,984,199,1.4,true
IC,842,GB/86,984,KH/86,988,199,3.2,true
IC,842,KH/86,991,KN/86,993,71,1.5,true
IC,842,KN/86,994,KK/86,997,71,1.6,true
IC,842,KK/86,1000,HGL/86,1003,0,2.1,true
IC,842,HGL/86,1003,End,1003,0,0.0,true
IC,843,Start,676,HGL/86,676,0,0.0,true
IC,843,HGL/86,676,KK/86,680,0,2.1,true
IC,843,KK/86,683,KN/86,685,61,1.6,true
IC,843,KN/86,686,KH/86,689,61,1.5,true
IC,843,KH/86,692,GB/86,695,128,3.2,true
IC,843,GB/86,695,NEL/86,696,128,1.4,true
IC,843,NEL/86,697,IG/86,698,128,1.6,true
IC,843,IG/86,698,KJN/86,710,128,29.1,true
IC,843,KJN/86,712,LEL/86,714,151,4.3,true
IC,843,LEL/86,714,RG/86,724,151,22.1,true
IC,843,RG/86,726,FJ/86,731,154,7.6,true
IC,843,FJ/86,731,SO/86,734,154,6.8,true
IC,843,SO/86,735,SG/86,742,154,14.6,true
IC,843,SG/86,744,FO/86,748,157,7.1,true
IC,843,FO/86,748,KØ/86,752,157,8.3,true
IC,843,KØ/86,753,SPR/86,759,151,11.9,true
IC,843,SPR/86,759,NG/86,764,151,11.4,true
IC,843,NG/86,766,JU/86,769,138,5.0,true
IC,843,JU/86,769,OD/86,780,138,23.7,true
IC,843,OD/86,789,HP/86,794,116,8.6,true
IC,843,HP/86,794,MD/86,810,116,41.5,true
IC,843,MD/86,812,SNO/86,817,110,5.9,true
IC,843,SNO/86,817,KD/86,826,110,17.7,true
IC,843,KD/86,828,LK/86,834,87,12.9,true
IC,843,LK/86,834,VN/86,841,87,11.6,true
IC,843,VN/86,842,BP/86,846,87,7.8,true
IC,843,BP/86,846,BM/86,855,87,19.9,true
IC,843,BM/86,857,TB/86,861,57,8.1,true
IC,843,TB/86,861,ES/86,866,57,8.3,true
IC,843,ES/86,866,End,866,0,0.0,true
IC,846,Start,872,ES/86,872,0,0.0,true
IC,846,ES/86,872,JNE/86,874,47,2.4,true
IC,846,JNE/86,874,BM/86,881,47,14.0,true
IC,846,BM/86,883,GØ/86,886,73,6.0,true
IC,846,GØ/86,886,VN/86,896,73,21.7,true
IC,846,VN/86,897,LK/86,904,73,11.6,true
IC,846,LK/86,904,KD/86,911,73,12.9,true
IC,846,KD/86,913,TL/86,918,146,11.3,true
IC,846,TL/86,918,MD/86,926,146,12.3,true
IC,846,MD/86,928,KA/86,931,177,6.1,true
IC,846,KA/86,931,OD/86,952,177,44.0,true
IC,846,OD/86,960,MV/86,965,223,9.3,true
IC,846,MV/86,965,NG/86,972,223,19.4,true
IC,846,NG/86,974,SPR/86,979,222,11.4,true
IC,846,SPR/86,979,KØ/86,985,222,11.9,true
IC,846,KØ/86,987,FO/86,991,228,8.3,true
IC,846,FO/86,991,SG/86,994,228,7.1,true
IC,846,SG/86,996,SO/86,1003,232,14.6,true
IC,846,SO/86,1005,FJ/86,1008,232,6.8,true
IC,846,FJ/86,1008,RG/86,1012,232,7.6,true
IC,846,RG/86,1014,ADA/86,1018,224,5.0,true
IC,846,ADA/86,1018,KJN/86,1026,224,21.4,true
IC,846,KJN/86,1028,JSF/86,1029,169,2.5,true
IC,846,JSF/86,1029,NEL/86,1041,169,28.2,true
IC,846,NEL/86,1043,GB/86,1044,169,1.4,true
IC,846,GB/86,1044,KH/86,1048,169,3.2,true
IC,846,KH/86,1051,KN/86,1053,53,1.5,true
IC,846,KN/86,1054,KK/86,1057,53,1.6,true
IC,846,KK/86,1060,HGL/86,1063,0,2.1,true
IC,846,HGL/86,1063,End,1063,0,0.0,true
IC,847,Start,736,HGL/86,736,0,0.0,true
IC,847,HGL/86,736,KK/86,740,0,2.1,true
IC,847,KK/86,743,KN/86,745,51,1.6,true
IC,847,KN/86,746,KH/86,749,51,1.5,true
IC,847,KH/86,752,GB/86,754,121,3.2,true
IC,847,GB/86,754,NEL/86,756,121,1.4,true
IC,847,NEL/86,757,IG/86,758,121,1.6,true
IC,847,IG/86,758,KJN/86,770,121,29.1,true
IC,847,KJN/86,772,LEL/86,774,139,4.3,true
IC,847,LEL/86,774,RG/86,784,139,22.1,true
IC,847,RG/86,786,FJ/86,791,139,7.6,true
IC,847,FJ/86,791,SO/86,794,139,6.8,true
IC,847,SO/86,795,SG/86,802,139,14.6,true
IC,847,SG/86,804,FO/86,808,134,7.1,true
IC,847,FO/86,808,KØ/86,812,134,8.3,true
IC,847,KØ/86,813,SPR/86,819,128,11.9,true
IC,847,SPR/86,819,NG/86,824,128,11.4,true
IC,847,NG/86,826,JU/86,829,116,5.0,true
IC,847,JU/86,829,OD/86,840,116,23.7,true
IC,847,OD/86,849,HP/86,854,91,8.6,true
IC,847,HP/86,854,MD/86,870,91,41.5,true
IC,847,MD/86,872,SNO/86,877,80,5.9,true
IC,847,SNO/86,877,KD/86,886,80,17.7,true
IC,847,KD/86,888,LK/86,894,67,12.9,true
IC,847,LK/86,894,VN/86,901,67,11.6,true
IC,847,VN/86,902,BP/86,906,67,7.8,true
IC,847,BP/86,906,BM/86,915,67,19.9,true
IC,847,BM/86,917,TB/86,921,43,8.1,true
IC,847,TB/86,921,ES/86,926,43,8.3,true
IC,847,ES/86,926,End,926,0,0.0,true
IC,850,Start,932,ES/86,932,0,0.0,true
IC,850,ES/86,932,JNE/86,934,79,2.4,true
IC,850,JNE/86,934,BM/86,941,79,14.0,true
IC,850,BM/86,943,GØ/86,946,105,6.0,true
IC,850,GØ/86,946,VN/86,956,105,21.7,true
IC,850,VN/86,957,LK/86,964,105,11.6,true
IC,850,LK/86,964,KD/86,971,105,12.9,true
IC,850,KD/86,973,TL/86,978,148,11.3,true
IC,850,TL/86,978,MD/86,986,148,12.3,true
IC,850,MD/86,988,KA/86,991,174,6.1,true
IC,850,KA/86,991,OD/86,1012,174,44.0,true
IC,850,OD/86,1020,MV/86,1025,165,9.3,true
IC,850,MV/86,1025,NG/86,1032,165,19.4,true
IC,850,NG/86,1034,SPR/86,1039,163,11.4,true
IC,850,SPR/86,1039,KØ/86,1045,163,11.9,true
IC,850,KØ/86,1047,FO/86,1051,162,8.3,true
IC,850,FO/86,1051,SG/86,1054,162,7.1,true
IC,850,SG/86,1056,SO/86,1063,157,14.6,true
IC,850,SO/86,1065,FJ/86,1068,157,6.8,true
IC,850,FJ/86,1068,RG/86,1072,157,7.6,true
IC,850,RG/86,1074,ADA/86,1078,140,5.0,true
IC,850,ADA/86,1078,KJN/86,1086,140,21.4,true
IC,850,KJN/86,1088,JSF/86,1089,109,2.5,true
IC,850,JSF/86,1089,NEL/86,1101,109,28.2,true
IC,850,NEL/86,1103,GB/86,1104,109,1.4,true
IC,850,GB/86,1104,KH/86,1108,109,3.2,true
IC,850,KH/86,1111,KN/86,1113,33,1.5,true
IC,850,KN/86,1114,KK/86,1117,33,1.6,true
IC,850,KK/86,1120,HGL/86,1123,0,2.1,true
IC,850,HGL/86,1123,End,1123,0,0.0,true
IC,851,Start,796,HGL/86,796,0,0.0,true
IC,851,HGL/86,796,KK/86,800,0,2.1,true
IC,851,KK/86,803,KN/86,805,70,1.6,true
IC,851,KN/86,806,KH/86,809,70,1.5,true
IC,851,KH/86,812,GB/86,815,173,3.2,true
IC,851,GB/86,815,NEL/86,816,173,1.4,true
IC,851,NEL/86,817,IG/86,818,173,1.6,true
IC,851,IG/86,818,KJN/86,830,173,29.1,true
IC,851,KJN/86,832,LEL/86,834,189,4.3,true
IC,851,LEL/86,834,RG/86,844,189,22.1,true
IC,851,RG/86,846,FJ/86,851,180,7.6,true
IC,851,FJ/86,851,SO/86,854,180,6.8,true
IC,851,SO/86,855,SG/86,862,180,14.6,true
IC,851,SG/86,864,FO/86,868,166,7.1,true
IC,851,FO/86,868,KØ/86,871,166,8.3,true
IC,851,KØ/86,873,SPR/86,879,163,11.9,true
IC,851,SPR/86,879,NG/86,884,163,11.4,true
IC,851,NG/86,886,JU/86,889,147,5.0,true
IC,851,JU/86,889,OD/86,900,147,23.7,true
IC,851,OD/86,909,HP/86,914,148,8.6,true
IC,851,HP/86,914,MD/86,930,148,41.5,true
IC,851,MD/86,932,SNO/86,937,137,5.9,true
IC,851,SNO/86,937,KD/86,946,137,17.7,true
IC,851,KD/86,948,LK/86,954,90,12.9,true
IC,851,LK/86,954,VN/86,961,90,11.6,true
IC,851,VN/86,962,BP/86,966,90,7.8,true
IC,851,BP/86,966,BM/86,975,90,19.9,true
IC,851,BM/86,977,TB/86,981,57,8.1,true
IC,851,TB/86,981,ES/86,986,57,8.3,true
IC,851,ES/86,986,End,986,0,0.0,true
IC,854,Start,992,ES/86,992,0,0.0,true
IC,854,ES/86,992,JNE/86,994,52,2.4,true
IC,854,JNE/86,994,BM/86,1001,52,14.0,true
IC,854,BM/86,1003,GØ/86,1006,71,6.0,true
IC,854,GØ/86,1006,VN/86,1016,71,21.7,true
IC,854,VN/86,1017,LK/86,1024,71,11.6,true
IC,854,LK/86,1024,KD/86,1031,71,12.9,true
IC,854,KD/86,1033,TL/86,1038,94,11.3,true
IC,854,TL/86,1038,MD/86,1046,94,12.3,true
IC,854,MD/86,1048,KA/86,1051,105,6.1,true
IC,854,KA/86,1051,OD/86,1072,105,44.0,true
IC,854,OD/86,1080,MV/86,1085,117,9.3,true
IC,854,MV/86,1085,NG/86,1092,117,19.4,true
IC,854,NG/86,1094,SPR/86,1099,119,11.4,true
IC,854,SPR/86,1099,KØ/86,1105,119,11.9,true
IC,854,KØ/86,1107,FO/86,1111,113,8.3,true
IC,854,FO/86,1111,SG/86,1114,113,7.1,true
IC,854,SG/86,1116,SO/86,1123,100,14.6,true
IC,854,SO/86,1125,FJ/86,1128,100,6.8,true
IC,854,FJ/86,1128,RG/86,1132,100,7.6,true
IC,854,RG/86,1134,ADA/86,1138,88,5.0,true
IC,854,ADA/86,1138,KJN/86,1146,88,21.4,true
IC,854,KJN/86,1148,JSF/86,1149,68,2.5,true
IC,854,JSF/86,1149,NEL/86,1161,68,28.2,true
IC,854,NEL/86,1163,GB/86,1164,68,1.4,true
IC,854,GB/86,1164,KH/86,1168,68,3.2,true
IC,854,KH/86,1171,KN/86,1173,27,1.5,true
IC,854,KN/86,1174,KK/86,1177,27,1.6,true
IC,854,KK/86,1180,HGL/86,1183,0,2.1,true
IC,854,HGL/86,1183,End,1183,0,0.0,true
IC,855,Start,856,HGL/86,856,0,0.0,true
IC,855,HGL/86,856,KK/86,860,0,2.1,true
IC,855,KK/86,863,KN/86,865,124,1.6,true
IC,855,KN/86,866,KH/86,869,124,1.5,true
IC,855,KH/86,872,GB/86,875,295,3.2,true
IC,855,GB/86,875,NEL/86,876,295,1.4,true
IC,855,NEL/86,877,IG/86,878,295,1.6,true
IC,855,IG/86,878,KJN/86,890,295,29.1,true
IC,855,KJN/86,892,LEL/86,894,314,4.3,true
IC,855,LEL/86,894,RG/86,904,314,22.1,true
IC,855,RG/86,906,FJ/86,911,299,7.6,true
IC,855,FJ/86,911,SO/86,914,299,6.8,true
IC,855,SO/86,915,SG/86,922,299,14.6,true
IC,855,SG/86,924,FO/86,928,224,7.1,true
IC,855,FO/86,928,KØ/86,932,224,8.3,true
IC,855,KØ/86,933,SPR/86,939,221,11.9,true
IC,855,SPR/86,939,NG/86,944,221,11.4,true
IC,855,NG/86,946,JU/86,949,193,5.0,true
IC,855,JU/86,949,OD/86,960,193,23.7,true
IC,855,OD/86,969,HP/86,974,171,8.6,true
IC,855,HP/86,974,MD/86,990,171,41.5,true
IC,855,MD/86,992,SNO/86,997,157,5.9,true
IC,855,SNO/86,997,KD/86,1006,157,17.7,true
IC,855,KD/86,1008,LK/86,1014,147,12.9,true
IC,855,LK/86,1014,VN/86,1021,147,11.6,true
IC,855,VN/86,1022,BP/86,1026,147,7.8,true
IC,855,BP/86,1026,BM/86,1035,147,19.9,true
IC,855,BM/86,1037,TB/86,1041,96,8.1,true
IC,855,TB/86,1041,ES/86,1046,96,8.3,true
IC,855,ES/86,1046,End,1046,0,0.0,true
IC,858,Start,1052,ES/86,1052,0,0.0,true
IC,858,ES/86,1052,JNE/86,1054,45,2.4,true
IC,858,JNE/86,1054,BM/86,1061,45,14.0,true
IC,858,BM/86,1063,GØ/86,1066,53,6.0,true
IC,858,GØ/86,1066,VN/86,1076,53,21.7,true
IC,858,VN/86,1077,LK/86,1084,53,11.6,true
IC,858,LK/86,1084,KD/86,1091,53,12.9,true
IC,858,KD/86,1093,TL/86,1098,66,11.3,true
IC,858,TL/86,1098,MD/86,1106,66,12.3,true
IC,858,MD/86,1108,KA/86,1111,70,6.1,true
IC,858,KA/86,1111,OD/86,1132,70,44.0,true
IC,858,OD/86,1140,MV/86,1145,99,9.3,true
IC,858,MV/86,1145,NG/86,1152,99,19.4,true
IC,858,NG/86,1154,SPR/86,1159,99,11.4,true
IC,858,SPR/86,1159,KØ/86,1165,99,11.9,true
IC,858,KØ/86,1167,FO/86,1171,95,8.3,true
IC,858,FO/86,1171,SG/86,1174,95,7.1,true
IC,858,SG/86,1176,SO/86,1183,78,14.6,true
IC,858,SO/86,1185,FJ/86,1188,78,6.8,true
IC,858,FJ/86,1188,RG/86,1192,78,7.6,true
IC,858,RG/86,1194,ADA/86,1198,76,5.0,true
IC,858,ADA/86,1198,KJN/86,1206,76,21.4,true
IC,858,KJN/86,1208,JSF/86,1209,68,2.5,true
IC,858,JSF/86,1209,NEL/86,1221,68,28.2,true
IC,858,NEL/86,1223,GB/86,1224,68,1.4,true
IC,858,GB/86,1224,KH/86,1228,68,3.2,true
IC,858,KH/86,1231,KN/86,1233,30,1.5,true
IC,858,KN/86,1234,KK/86,1237,30,1.6,true
IC,858,KK/86,1240,HGL/86,1243,0,2.1,true
IC,858,HGL/86,1243,End,1243,0,0.0,true
IC,859,Start,916,HGL/86,916,0,0.0,true
IC,859,HGL/86,916,KK/86,920,0,2.1,true
IC,859,KK/86,923,KN/86,925,250,1.6,true
IC,859,KN/86,926,KH/86,929,250,1.5,true
IC,859,KH/86,932,GB/86,935,533,3.2,true
IC,859,GB/86,935,NEL/86,936,533,1.4,true
IC,859,NEL/86,937,IG/86,938,533,1.6,true
IC,859,IG/86,938,KJN/86,950,533,29.1,true
IC,859,KJN/86,952,LEL/86,954,561,4.3,true
IC,859,LEL/86,954,RG/86,964,561,22.1,true
IC,859,RG/86,966,FJ/86,971,483,7.6,true
IC,859,FJ/86,971,SO/86,974,483,6.8,true
IC,859,SO/86,975,SG/86,982,483,14.6,true
IC,859,SG/86,984,FO/86,988,372,7.1,true
IC,859,FO/86,988,KØ/86,992,372,8.3,true
IC,859,KØ/86,993,SPR/86,999,373,11.9,true
IC,859,SPR/86,999,NG/86,1004,373,11.4,true
IC,859,NG/86,1006,JU/86,1009,301,5.0,true
IC,859,JU/86,1009,OD/86,1020,301,23.7,true
IC,859,OD/86,1029,HP/86,1034,205,8.6,true
IC,859,HP/86,1034,MD/86,1050,205,41.5,true
IC,859,MD/86,1052,SNO/86,1057,166,5.9,true
IC,859,SNO/86,1057,KD/86,1066,166,17.7,true
IC,859,KD/86,1068,LK/86,1074,125,12.9,true
IC,859,LK/86,1074,VN/86,1081,125,11.6,true
IC,859,VN/86,1082,BP/86,1086,125,7.8,true
IC,859,BP/86,1086,BM/86,1095,125,19.9,true
IC,859,BM/86,1097,TB/86,1101,83,8.1,true
IC,859,TB/86,1101,ES/86,1106,83,8.3,true
IC,859,ES/86,1106,End,1106,0,0.0,true
IC,862,Start,1112,ES/86,1112,0,0.0,true
IC,862,ES/86,1112,JNE/86,1114,22,2.4,true
IC,862,JNE/86,1114,BM/86,1121,22,14.0,true
IC,862,BM/86,1123,GØ/86,1126,26,6.0,true
IC,862,GØ/86,1126,VN/86,1136,26,21.7,true
IC,862,VN/86,1137,LK/86,1144,26,11.6,true
IC,862,LK/86,1144,KD/86,1151,26,12.9,true
IC,862,KD/86,1153,TL/86,1158,31,11.3,true
IC,862,TL/86,1158,MD/86,1166,31,12.3,true
IC,862,MD/86,1168,KA/86,1171,32,6.1,true
IC,862,KA/86,1171,OD/86,1192,32,44.0,true
IC,862,OD/86,1200,MV/86,1205,80,9.3,true
IC,862,MV/86,1205,NG/86,1212,80,19.4,true
IC,862,NG/86,1214,SPR/86,1219,89,11.4,true
IC,862,SPR/86,1219,KØ/86,1225,89,11.9,true
IC,862,KØ/86,1227,FO/86,1231,93,8.3,true
IC,862,FO/86,1231,SG/86,1234,93,7.1,true
IC,862,SG/86,1236,SO/86,1243,89,14.6,true
IC,862,SO/86,1245,FJ/86,1248,89,6.8,true
IC,862,FJ/86,1248,RG/86,1252,89,7.6,true
IC,862,RG/86,1254,ADA/86,1258,88,5.0,true
IC,862,ADA/86,1258,KJN/86,1266,88,21.4,true
IC,862,KJN/86,1268,JSF/86,1269,86,2.5,true
IC,862,JSF/86,1269,NEL/86,1281,86,28.2,true
IC,862,NEL/86,1283,GB/86,1284,86,1.4,true
IC,862,GB/86,1284,KH/86,1288,86,3.2,true
IC,862,KH/86,1291,KN/86,1293,19,1.5,true
IC,862,KN/86,1294,KK/86,1297,19,1.6,true
IC,862,KK/86,1297,End,1297,0,0.0,true
IC,863,Start,976,HGL/86,976,0,0.0,true
IC,863,HGL/86,976,KK/86,980,0,2.1,true
IC,863,KK/86,983,KN/86,985,218,1.6,true
IC,863,KN/86,986,KH/86,989,218,1.5,true
IC,863,KH/86,992,GB/86,995,556,3.2,true
IC,863,GB/86,995,NEL/86,996,556,1.4,true
IC,863,NEL/86,997,IG/86,998,556,1.6,true
IC,863,IG/86,998,KJN/86,1010,556,29.1,true
IC,863,KJN/86,1012,LEL/86,1014,583,4.3,true
IC,863,LEL/86,1014,RG/86,1024,583,22.1,true
IC,863,RG/86,1026,FJ/86,1031,517,7.6,true
IC,863,FJ/86,1031,SO/86,1034,517,6.8,true
IC,863,SO/86,1035,SG/86,1042,517,14.6,true
IC,863,SG/86,1044,FO/86,1048,344,7.1,true
IC,863,FO/86,1048,KØ/86,1052,344,8.3,true
IC,863,KØ/86,1053,SPR/86,1059,321,11.9,true
IC,863,SPR/86,1059,NG/86,1064,321,11.4,true
IC,863,NG/86,1066,JU/86,1069,254,5.0,true
IC,863,JU/86,1069,OD/86,1080,254,23.7,true
IC,863,OD/86,1089,HP/86,1094,155,8.6,true
IC,863,HP/86,1094,MD/86,1110,155,41.5,true
IC,863,MD/86,1112,SNO/86,1117,111,5.9,true
IC,863,SNO/86,1117,KD/86,1126,111,17.7,true
IC,863,KD/86,1128,LK/86,1134,88,12.9,true
IC,863,LK/86,1134,VN/86,1141,88,11.6,true
IC,863,VN/86,1142,BP/86,1146,88,7.8,true
IC,863,BP/86,1146,BM/86,1155,88,19.9,true
IC,863,BM/86,1157,TB/86,1161,48,8.1,true
IC,863,TB/86,1161,ES/86,1166,48,8.3,true
IC,863,ES/86,1166,End,1166,0,0.0,true
IC,866,Start,1172,ES/86,1172,0,0.0,true
IC,866,ES/86,1172,JNE/86,1174,20,2.4,true
IC,866,JNE/86,1174,BM/86,1181,20,14.0,true
IC,866,BM/86,1183,GØ/86,1186,26,6.0,true
IC,866,GØ/86,1186,VN/86,1196,26,21.7,true
IC,866,VN/86,1197,LK/86,1204,26,11.6,true
IC,866,LK/86,1204,KD/86,1211,26,12.9,true
IC,866,KD/86,1213,TL/86,1218,45,11.3,true
IC,866,TL/86,1218,MD/86,1226,45,12.3,true
IC,866,MD/86,1228,KA/86,1231,46,6.1,true
IC,866,KA/86,1231,OD/86,1252,46,44.0,true
IC,866,OD/86,1260,MV/86,1265,61,9.3,true
IC,866,MV/86,1265,NG/86,1272,61,19.4,true
IC,866,NG/86,1274,SPR/86,1279,54,11.4,true
IC,866,SPR/86,1279,KØ/86,1285,54,11.9,true
IC,866,KØ/86,1287,FO/86,1291,52,8.3,true
IC,866,FO/86,1291,SG/86,1294,52,7.1,true
IC,866,SG/86,1296,SO/86,1303,54,14.6,true
IC,866,SO/86,1305,FJ/86,1308,54,6.8,true
IC,866,FJ/86,1308,RG/86,1312,54,7.6,true
IC,866,RG/86,1314,ADA/86,1318,52,5.0,true
IC,866,ADA/86,1318,KJN/86,1326,52,21.4,true
IC,866,KJN/86,1328,JSF/86,1329,46,2.5,true
IC,866,JSF/86,1329,NEL/86,1341,46,28.2,true
IC,866,NEL/86,1343,GB/86,1344,46,1.4,true
IC,866,GB/86,1344,KH/86,1348,46,3.2,true
IC,866,KH/86,1354,KN/86,1356,19,1.5,true
IC,866,KN/86,1357,KK/86,1360,19,1.6,true
IC,866,KK/86,1360,End,1360,0,0.0,true
IC,867,Start,1036,HGL/86,1036,0,0.0,true
IC,867,HGL/86,1036,KK/86,1040,0,2.1,true
IC,867,KK/86,1043,KN/86,1045,149,1.6,true
IC,867,KN/86,1046,KH/86,1049,149,1.5,true
IC,867,KH/86,1052,GB/86,1055,356,3.2,true
IC,867,GB/86,1055,NEL/86,1056,356,1.4,true
IC,867,NEL/86,1057,IG/86,1058,356,1.6,true
IC,867,IG/86,1058,KJN/86,1070,356,29.1,true
IC,867,KJN/86,1072,LEL/86,1074,372,4.3,true
IC,867,LEL/86,1074,RG/86,1084,372,22.1,true
IC,867,RG/86,1086,FJ/86,1091,321,7.6,true
IC,867,FJ/86,1091,SO/86,1094,321,6.8,true
IC,867,SO/86,1095,SG/86,1102,321,14.6,true
IC,867,SG/86,1104,FO/86,1108,239,7.1,true
IC,867,FO/86,1108,KØ/86,1112,239,8.3,true
IC,867,KØ/86,1113,SPR/86,1119,228,11.9,true
IC,867,SPR/86,1119,NG/86,1124,228,11.4,true
IC,867,NG/86,1126,JU/86,1129,190,5.0,true
IC,867,JU/86,1129,OD/86,1140,190,23.7,true
IC,867,OD/86,1149,HP/86,1154,114,8.6,true
IC,867,HP/86,1154,MD/86,1170,114,41.5,true
IC,867,MD/86,1172,SNO/86,1177,97,5.9,true
IC,867,SNO/86,1177,KD/86,1186,97,17.7,true
IC,867,KD/86,1188,LK/86,1194,54,12.9,true
IC,867,LK/86,1194,VN/86,1201,54,11.6,true
IC,867,VN/86,1202,BP/86,1206,54,7.8,true
IC,867,BP/86,1206,BM/86,1215,54,19.9,true
IC,867,BM/86,1217,TB/86,1221,42,8.1,true
IC,867,TB/86,1221,ES/86,1226,42,8.3,true
IC,867,ES/86,1226,End,1226,0,0.0,true
IC,871,Start,1096,HGL/86,1096,0,0.0,true
IC,871,HGL/86,1096,KK/86,1100,0,2.1,true
IC,871,KK/86,1103,KN/86,1105,68,1.6,true
IC,871,KN/86,1106,KH/86,1109,68,1.5,true
IC,871,KH/86,1112,GB/86,1115,154,3.2,true
IC,871,GB/86,1115,NEL/86,1116,154,1.4,true
IC,871,NEL/86,1117,IG/86,1118,154,1.6,true
IC,871,IG/86,1118,KJN/86,1130,154,29.1,true
IC,871,KJN/86,1132,LEL/86,1134,158,4.3,true
IC,871,LEL/86,1134,RG/86,1144,158,22.1,true
IC,871,RG/86,1146,FJ/86,1151,143,7.6,true
IC,871,FJ/86,1151,SO/86,1154,143,6.8,true
IC,871,SO/86,1155,SG/86,1162,143,14.6,true
IC,871,SG/86,1164,FO/86,1168,108,7.1,true
IC,871,FO/86,1168,KØ/86,1172,108,8.3,true
IC,871,KØ/86,1173,SPR/86,1179,97,11.9,true
IC,871,SPR/86,1179,NG/86,1184,97,11.4,true
IC,871,NG/86,1186,JU/86,1189,71,5.0,true
IC,871,JU/86,1189,OD/86,1200,71,23.7,true
IC,871,OD/86,1209,HP/86,1214,75,8.6,true
IC,871,HP/86,1214,MD/86,1230,75,41.5,true
IC,871,MD/86,1232,SNO/86,1237,66,5.9,true
IC,871,SNO/86,1237,KD/86,1246,66,17.7,true
IC,871,KD/86,1248,LK/86,1254,53,12.9,true
IC,871,LK/86,1254,VN/86,1261,53,11.6,true
IC,871,VN/86,1262,BP/86,1266,53,7.8,true
IC,871,BP/86,1266,BM/86,1275,53,19.9,true
IC,871,BM/86,1277,TB/86,1281,36,8.1,true
IC,871,TB/86,1281,ES/86,1286,36,8.3,true
IC,871,ES/86,1286,End,1286,0,0.0,true
IC,875,Start,1156,HGL/86,1156,0,0.0,true
IC,875,HGL/86,1156,KK/86,1160,0,2.1,true
IC,875,KK/86,1163,KN/86,1165,69,1.6,true
IC,875,KN/86,1166,KH/86,1169,69,1.5,true
IC,875,KH/86,1172,GB/86,1175,168,3.2,true
IC,875,GB/86,1175,NEL/86,1176,168,1.4,true
IC,875,NEL/86,1177,IG/86,1178,168,1.6,true
IC,875,IG/86,1178,KJN/86,1190,168,29.1,true
IC,875,KJN/86,1192,LEL/86,1194,174,4.3,true
IC,875,LEL/86,1194,RG/86,1204,174,22.1,true
IC,875,RG/86,1206,FJ/86,1211,161,7.6,true
IC,875,FJ/86,1211,SO/86,1214,161,6.8,true
IC,875,SO/86,1215,SG/86,1222,161,14.6,true
IC,875,SG/86,1224,FO/86,1228,132,7.1,true
IC,875,FO/86,1228,KØ/86,1232,132,8.3,true
IC,875,KØ/86,1233,SPR/86,1239,115,11.9,true
IC,875,SPR/86,1239,NG/86,1244,115,11.4,true
IC,875,NG/86,1246,JU/86,1249,103,5.0,true
IC,875,JU/86,1249,OD/86,1260,103,23.7,true
IC,875,OD/86,1269,HP/86,1274,80,8.6,true
IC,875,HP/86,1274,MD/86,1290,80,41.5,true
IC,875,MD/86,1292,SNO/86,1297,67,5.9,true
IC,875,SNO/86,1297,KD/86,1306,67,17.7,true
IC,875,KD/86,1308,LK/86,1314,58,12.9,true
IC,875,LK/86,1314,VN/86,1321,58,11.6,true
IC,875,VN/86,1322,BP/86,1326,58,7.8,true
IC,875,BP/86,1326,BM/86,1335,58,19.9,true
IC,875,BM/86,1337,TB/86,1341,22,8.1,true
IC,875,TB/86,1341,ES/86,1346,22,8.3,true
IC,875,ES/86,1346,End,1346,0,0.0,true
IC,879,Start,1216,HGL/86,1216,0,0.0,true
IC,879,HGL/86,1216,KK/86,1220,0,2.1,true
IC,879,KK/86,1223,KN/86,1225,58,1.6,true
IC,879,KN/86,1226,KH/86,1229,58,1.5,true
IC,879,KH/86,1232,GB/86,1235,191,3.2,true
IC,879,GB/86,1235,NEL/86,1236,191,1.4,true
IC,879,NEL/86,1237,IG/86,1238,191,1.6,true
IC,879,IG/86,1238,KJN/86,1250,191,29.1,true
IC,879,KJN/86,1252,LEL/86,1254,187,4.3,true
IC,879,LEL/86,1254,RG/86,1264,187,22.1,true
IC,879,RG/86,1266,FJ/86,1271,148,7.6,true
IC,879,FJ/86,1271,SO/86,1274,148,6.8,true
IC,879,SO/86,1275,SG/86,1282,148,14.6,true
IC,879,SG/86,1284,FO/86,1288,116,7.1,true
IC,879,FO/86,1288,KØ/86,1292,116,8.3,true
IC,879,KØ/86,1293,SPR/86,1299,104,11.9,true
IC,879,SPR/86,1299,NG/86,1304,104,11.4,true
IC,879,NG/86,1306,JU/86,1309,68,5.0,true
IC,879,JU/86,1309,OD/86,1320,68,23.7,true
IC,879,OD/86,1320,End,1320,0,0.0,true
IC,883,Start,1276,HGL/86,1276,0,0.0,true
IC,883,HGL/86,1276,KK/86,1280,0,2.1,true
IC,883,KK/86,1283,KN/86,1285,55,1.6,true
IC,883,KN/86,1286,KH/86,1289,55,1.5,true
IC,883,KH/86,1292,GB/86,1295,123,3.2,true
IC,883,GB/86,1295,NEL/86,1296,123,1.4,true
IC,883,NEL/86,1297,IG/86,1298,123,1.6,true
IC,883,IG/86,1298,KJN/86,1310,123,29.1,true
IC,883,KJN/86,1312,LEL/86,1314,115,4.3,true
IC,883,LEL/86,1314,RG/86,1324,115,22.1,true
IC,883,RG/86,1326,FJ/86,1331,96,7.6,true
IC,883,FJ/86,1331,SO/86,1334,96,6.8,true
IC,883,SO/86,1335,SG/86,1342,96,14.6,true
IC,883,SG/86,1344,FO/86,1348,61,7.1,true
IC,883,FO/86,1348,KØ/86,1352,61,8.3,true
IC,883,KØ/86,1353,SPR/86,1359,54,11.9,true
IC,883,SPR/86,1359,NG/86,1364,54,11.4,true
IC,883,NG/86,1366,JU/86,1369,41,5.0,true
IC,883,JU/86,1369,OD/86,1380,41,23.7,true
IC,883,OD/86,1380,End,1380,0,0.0,true
L,910,Start,284,SDB/86,284,0,0.0,true
L,910,SDB/86,284,GST/86,296,14,16.3,true
L,910,GST/86,299,KW/86,309,14,15.0,true
L,910,KW/86,310,TE/86,317,14,9.9,true
L,910,TE/86,319,RQ/86,327,51,15.7,true
L,910,RQ/86,329,OJ/86,338,51,20.4,true
L,910,OJ/86,339,SST/86,344,51,7.4,true
L,910,SST/86,344,VM/86,349,51,13.0,true
L,910,VM/86,350,LK/86,355,51,6.0,true
L,910,LK/86,356,KD/86,363,56,12.9,true
L,910,KD/86,365,TL/86,371,67,11.3,true
L,910,TL/86,371,FA/86,377,67,8.6,true
L,910,FA/86,377,End,377,0,0.0,true
L,911,Start,341,FA/86,341,0,0.0,true
L,911,FA/86,341,TL/86,346,11,8.6,true
L,911,TL/86,346,KD/86,352,11,11.3,true
L,911,KD/86,354,LK/86,361,13,12.9,true
L,911,LK/86,362,VM/86,366,12,6.0,true
L,911,VM/86,367,FZ/86,370,12,5.0,true
L,911,FZ/86,370,OJ/86,377,12,15.4,true
L,911,OJ/86,379,RQ/86,388,12,20.4,true
L,911,RQ/86,390,TE/86,398,12,15.7,true
L,911,TE/86,400,KW/86,407,9,9.9,true
L,911,KW/86,408,GST/86,418,9,15.0,true
L,911,GST/86,419,SDB/86,432,9,16.3,true
L,911,SDB/86,432,End,432,0,0.0,true
L,918,Start,404,SDB/86,404,0,0.0,true
L,918,SDB/86,404,GST/86,416,32,16.3,true
L,918,GST/86,419,KW/86,429,32,15.0,true
L,918,KW/86,430,TE/86,437,32,9.9,true
L,918,TE/86,439,RQ/86,447,83,15.7,true
L,918,RQ/86,449,OJ/86,458,83,20.4,true
L,918,OJ/86,459,SST/86,464,83,7.4,true
L,918,SST/86,464,VM/86,469,83,13.0,true
L,918,VM/86,470,LK/86,475,83,6.0,true
L,918,LK/86,476,KD/86,483,87,12.9,true
L,918,KD/86,485,TL/86,491,76,11.3,true
L,918,TL/86,491,FA/86,497,76,8.6,true
L,918,FA/86,497,End,497,0,0.0,true
L,919,Start,461,FA/86,461,0,0.0,true
L,919,FA/86,461,TL/86,466,64,8.6,true
L,919,TL/86,466,KD/86,472,64,11.3,true
L,919,KD/86,474,LK/86,481,43,12.9,true
L,919,LK/86,482,VM/86,486,44,6.0,true
L,919,VM/86,487,FZ/86,490,44,5.0,true
L,919,FZ/86,490,OJ/86,497,44,15.4,true
L,919,OJ/86,499,RQ/86,508,44,20.4,true
L,919,RQ/86,510,TE/86,518,44,15.7,true
L,919,TE/86,520,KW/86,527,24,9.9,true
L,919,KW/86,528,GST/86,538,24,15.0,true
L,919,GST/86,539,SDB/86,552,24,16.3,true
L,919,SDB/86,552,End,552,0,0.0,true
L,926,Start,524,SDB/86,524,0,0.0,true
L,926,SDB/86,524,GST/86,536,39,16.3,true
L,926,GST/86,539,KW/86,549,39,15.0,true
L,926,KW/86,550,TE/86,557,39,9.9,true
L,926,TE/86,559,RQ/86,567,84,15.7,true
L,926,RQ/86,569,OJ/86,578,84,20.4,true
L,926,OJ/86,579,SST/86,584,84,7.4,true
L,926,SST/86,584,VM/86,589,84,13.0,true
L,926,VM/86,590,LK/86,595,84,6.0,true
L,926,LK/86,596,KD/86,603,87,12.9,true
L,926,KD/86,605,TL/86,611,83,11.3,true
L,926,TL/86,611,FA/86,617,83,8.6,true
L,926,FA/86,617,End,617,0,0.0,true
L,927,Start,581,FA/86,581,0,0.0,true
L,927,FA/86,581,TL/86,586,64,8.6,true
L,927,TL/86,586,KD/86,592,64,11.3,true
L,927,KD/86,594,LK/86,601,57,12.9,true
L,927,LK/86,602,VM/86,606,57,6.0,true
L,927,VM/86,607,FZ/86,610,57,5.0,true
L,927,FZ/86,610,OJ/86,617,57,15.4,true
L,927,OJ/86,619,RQ/86,628,57,20.4,true
L,927,RQ/86,630,TE/86,638,57,15.7,true
L,927,TE/86,640,KW/86,647,32,9.9,true
L,927,KW/86,648,GST/86,658,32,15.0,true
L,927,GST/86,659,SDB/86,672,32,16.3,true
L,927,SDB/86,672,End,672,0,0.0,true
L,934,Start,644,SDB/86,644,0,0.0,true
L,934,SDB/86,644,GST/86,656,39,16.3,true
L,934,GST/86,659,KW/86,669,39,15.0,true
L,934,KW/86,670,TE/86,677,39,9.9,true
L,934,TE/86,679,RQ/86,687,71,15.7,true
L,934,RQ/86,689,OJ/86,698,71,20.4,true
L,934,OJ/86,699,SST/86,704,71,7.4,true
L,934,SST/86,704,VM/86,709,71,13.0,true
L,934,VM/86,710,LK/86,715,71,6.0,true
L,934,LK/86,716,KD/86,723,73,12.9,true
L,934,KD/86,725,TL/86,731,72,11.3,true
L,934,TL/86,731,FA/86,737,72,8.6,true
L,934,FA/86,737,End,737,0,0.0,true
L,935,Start,701,FA/86,701,0,0.0,true
L,935,FA/86,701,TL/86,706,59,8.6,true
L,935,TL/86,706,KD/86,712,59,11.3,true
L,935,KD/86,714,LK/86,721,63,12.9,true
L,935,LK/86,722,VM/86,726,59,6.0,true
L,935,VM/86,727,FZ/86,730,59,5.0,true
L,935,FZ/86,730,OJ/86,737,59,15.4,true
L,935,OJ/86,739,RQ/86,748,59,20.4,true
L,935,RQ/86,750,TE/86,758,59,15.7,true
L,935,TE/86,760,KW/86,767,32,9.9,true
L,935,KW/86,768,GST/86,778,32,15.0,true
L,935,GST/86,779,SDB/86,792,32,16.3,true
L,935,SDB/86,792,End,792,0,0.0,true
L,942,Start,764,SDB/86,764,0,0.0,true
L,942,SDB/86,764,GST/86,776,31,16.3,true
L,942,GST/86,779,KW/86,789,31,15.0,true
L,942,KW/86,790,TE/86,797,31,9.9,true
L,942,TE/86,799,RQ/86,807,56,15.7,true
L,942,RQ/86,809,OJ/86,818,56,20.4,true
L,942,OJ/86,819,SST/86,824,56,7.4,true
L,942,SST/86,824,VM/86,829,56,13.0,true
L,942,VM/86,830,LK/86,835,56,6.0,true
L,942,LK/86,836,KD/86,843,58,12.9,true
L,942,KD/86,845,TL/86,851,67,11.3,true
L,942,TL/86,851,FA/86,857,67,8.6,true
L,942,FA/86,857,End,857,0,0.0,true
L,943,Start,821,FA/86,821,0,0.0,true
L,943,FA/86,821,TL/86,826,87,8.6,true
L,943,TL/86,826,KD/86,832,87,11.3,true
L,943,KD/86,834,LK/86,841,105,12.9,true
L,943,LK/86,842,VM/86,846,98,6.0,true
L,943,VM/86,847,FZ/86,850,98,5.0,true
L,943,FZ/86,850,OJ/86,857,98,15.4,true
L,943,OJ/86,859,RQ/86,868,98,20.4,true
L,943,RQ/86,870,TE/86,878,98,15.7,true
L,943,TE/86,880,KW/86,887,48,9.9,true
L,943,KW/86,888,GST/86,898,48,15.0,true
L,943,GST/86,899,SDB/86,912,48,16.3,true
L,943,SDB/86,912,End,912,0,0.0,true
L,950,Start,884,SDB/86,884,0,0.0,true
L,950,SDB/86,884,GST/86,896,41,16.3,true
L,950,GST/86,899,KW/86,909,41,15.0,true
L,950,KW/86,910,TE/86,917,41,9.9,true
L,950,TE/86,919,RQ/86,927,74,15.7,true
L,950,RQ/86,929,OJ/86,938,74,20.4,true
L,950,OJ/86,939,SST/86,944,74,7.4,true
L,950,SST/86,944,VM/86,949,74,13.0,true
L,950,VM/86,950,LK/86,955,74,6.0,true
L,950,LK/86,956,KD/86,963,72,12.9,true
L,950,KD/86,965,TL/86,971,78,11.3,true
L,950,TL/86,971,FA/86,977,78,8.6,true
L,950,FA/86,977,End,977,0,0.0,true
L,951,Start,941,FA/86,941,0,0.0,true
L,951,FA/86,941,TL/86,946,98,8.6,true
L,951,TL/86,946,KD/86,952,98,11.3,true
L,951,KD/86,954,LK/86,961,111,12.9,true
L,951,LK/86,962,VM/86,966,106,6.0,true
L,951,VM/86,967,FZ/86,970,106,5.0,true
L,951,FZ/86,970,OJ/86,977,106,15.4,true
L,951,OJ/86,979,RQ/86,988,106,20.4,true
L,951,RQ/86,990,TE/86,998,106,15.7,true
L,951,TE/86,1000,KW/86,1007,46,9.9,true
L,951,KW/86,1008,GST/86,1018,46,15.0,true
L,951,GST/86,1019,SDB/86,1032,46,16.3,true
L,951,SDB/86,1032,End,1032,0,0.0,true
L,958,Start,1004,SDB/86,1004,0,0.0,true
L,958,SDB/86,1004,GST/86,1016,32,16.3,true
L,958,GST/86,1019,KW/86,1029,32,15.0,true
L,958,KW/86,1030,TE/86,1037,32,9.9,true
L,958,TE/86,1039,RQ/86,1047,55,15.7,true
L,958,RQ/86,1049,OJ/86,1058,55,20.4,true
L,958,OJ/86,1059,SST/86,1064,55,7.4,true
L,958,SST/86,1064,VM/86,1069,55,13.0,true
L,958,VM/86,1070,LK/86,1075,55,6.0,true
L,958,LK/86,1076,KD/86,1083,54,12.9,true
L,958,KD/86,1085,TL/86,1091,53,11.3,true
L,958,TL/86,1091,FA/86,1097,53,8.6,true
L,958,FA/86,1097,End,1097,0,0.0,true
L,959,Start,1061,FA/86,1061,0,0.0,true
L,959,FA/86,1061,TL/86,1066,109,8.6,true
L,959,TL/86,1066,KD/86,1072,109,11.3,true
L,959,KD/86,1074,LK/86,1081,105,12.9,true
L,959,LK/86,1082,VM/86,1086,101,6.0,true
L,959,VM/86,1087,FZ/86,1090,101,5.0,true
L,959,FZ/86,1090,OJ/86,1097,101,15.4,true
L,959,OJ/86,1099,RQ/86,1108,101,20.4,true
L,959,RQ/86,1110,TE/86,1118,101,15.7,true
L,959,TE/86,1120,KW/86,1127,45,9.9,true
L,959,KW/86,1128,GST/86,1138,45,15.0,true
L,959,GST/86,1139,SDB/86,1152,45,16.3,true
L,959,SDB/86,1152,End,1152,0,0.0,true
L,966,Start,1124,SDB/86,1124,0,0.0,true
L,966,SDB/86,1124,GST/86,1136,13,16.3,true
L,966,GST/86,1139,KW/86,1149,13,15.0,true
L,966,KW/86,1150,TE/86,1157,13,9.9,true
L,966,TE/86,1159,RQ/86,1167,24,15.7,true
L,966,RQ/86,1169,OJ/86,1178,24,20.4,true
L,966,OJ/86,1179,SST/86,1184,24,7.4,true
L,966,SST/86,1184,VM/86,1189,24,13.0,true
L,966,VM/86,1190,LK/86,1195,24,6.0,true
L,966,LK/86,1196,KD/86,1203,25,12.9,true
L,966,KD/86,1205,TL/86,1211,32,11.3,true
L,966,TL/86,1211,FA/86,1217,32,8.6,true
L,966,FA/86,1217,End,1217,0,0.0,true
L,967,Start,1181,FA/86,1181,0,0.0,true
L,967,FA/86,1181,TL/86,1186,63,8.6,true
L,967,TL/86,1186,KD/86,1192,63,11.3,true
L,967,KD/86,1194,LK/86,1201,65,12.9,true
L,967,LK/86,1202,VM/86,1206,63,6.0,true
L,967,VM/86,1207,FZ/86,1210,63,5.0,true
L,967,FZ/86,1210,OJ/86,1217,63,15.4,true
L,967,OJ/86,1219,RQ/86,1228,63,20.4,true
L,967,RQ/86,1230,TE/86,1238,63,15.7,true
L,967,TE/86,1240,KW/86,1247,32,9.9,true
L,967,KW/86,1248,GST/86,1258,32,15.0,true
L,967,GST/86,1259,SDB/86,1272,32,16.3,true
L,967,SDB/86,1272,End,1272,0,0.0,true
RR,974,Start,1244,SDB/86,1244,0,0.0,true
RR,974,SDB/86,1244,GST/86,1256,17,16.3,true
RR,974,GST/86,1259,KW/86,1269,17,15.0,true
RR,974,KW/86,1270,TE/86,1277,17,9.9,true
RR,974,TE/86,1279,RQ/86,1287,15,15.7,true
RR,974,RQ/86,1289,OJ/86,1298,15,20.4,true
RR,974,OJ/86,1299,SST/86,1304,15,7.4,true
RR,974,SST/86,1304,VM/86,1309,15,13.0,true
RR,974,VM/86,1310,LK/86,1315,15,6.0,true
RR,974,LK/86,1316,KD/86,1323,16,12.9,true
RR,974,KD/86,1325,TL/86,1331,15,11.3,true
RR,974,TL/86,1331,FA/86,1337,15,8.6,true
RR,974,FA/86,1337,End,1337,0,0.0,true
L,975,Start,1301,FA/86,1301,0,0.0,true
L,975,FA/86,1301,TL/86,1306,43,8.6,true
L,975,TL/86,1306,KD/86,1312,43,11.3,true
L,975,KD/86,1314,LK/86,1321,39,12.9,true
L,975,LK/86,1322,VM/86,1326,38,6.0,true
L,975,VM/86,1327,FZ/86,1330,38,5.0,true
L,975,FZ/86,1330,OJ/86,1337,38,15.4,true
L,975,OJ/86,1339,RQ/86,1348,38,20.4,true
L,975,RQ/86,1350,TE/86,1358,38,15.7,true
L,975,TE/86,1360,KW/86,1367,16,9.9,true
L,975,KW/86,1368,GST/86,1378,16,15.0,true
L,975,GST/86,1379,SDB/86,1392,16,16.3,true
L,975,SDB/86,1392,End,1392,0,0.0,true
RR,982,Start,1364,SDB/86,1364,0,0.0,true
RR,982,SDB/86,1364,GST/86,1376,2,16.3,true
RR,982,GST/86,1379,KW/86,1389,2,15.0,true
RR,982,KW/86,1390,TE/86,1397,2,9.9,true
RR,982,TE/86,1399,RQ/86,1407,2,15.7,true
RR,982,RQ/86,1409,OJ/86,1418,2,20.4,true
RR,982,OJ/86,1419,SST/86,1424,2,7.4,true
RR,982,SST/86,1424,VM/86,1429,2,13.0,true
RR,982,VM/86,1430,LK/86,1435,2,6.0,true
RR,982,LK/86,1436,KD/86,1443,0,12.9,true
RR,982,KD/86,1445,TL/86,1451,0,11.3,true
RR,982,TL/86,1451,FA/86,1457,0,8.6,true
RR,982,FA/86,1457,End,1457,0,0.0,true
RR,983,Start,1436,FA/86,1436,0,0.0,true
RR,983,FA/86,1436,TL/86,1441,8,8.6,true
RR,983,TL/86,1441,KD/86,1447,8,11.3,true
RR,983,KD/86,1449,LK/86,1456,4,12.9,true
RR,983,LK/86,1457,VM/86,1461,4,6.0,true
RR,983,VM/86,1462,FZ/86,1465,4,5.0,true
RR,983,FZ/86,1465,OJ/86,1472,4,15.4,true
RR,983,OJ/86,1474,RQ/86,1483,4,20.4,true
RR,983,RQ/86,1485,TE/86,1493,4,15.7,true
RR,983,TE/86,1495,KW/86,1502,1,9.9,true
RR,983,KW/86,1503,GST/86,1513,1,15.0,true
RR,983,GST/86,1514,SDB/86,1527,1,16.3,true
RR,983,SDB/86,1527,End,1527,0,0.0,true
