TrainCategory,TrainId,DayType,PassengerNum,FromStation,ToStation
L,6,2,42,AR/86,SD/86
L,6,2,42,SD/86,HS/86
L,6,2,54,HS/86,VJ/86
L,6,2,58,VJ/86,FA/86
L,6,2,66,FA/86,MD/86
L,6,2,66,MD/86,OD/86
L,6,2,246,OD/86,NG/86
L,6,2,246,NG/86,KØ/86
L,6,2,246,KØ/86,SG/86
L,6,2,246,SG/86,RG/86
L,6,2,246,RG/86,KJN/86
L,6,2,246,KJN/86,KH/86
L,6,2,65,KH/86,CPH/86
L,6,3,42,AR/86,SD/86
L,6,3,42,SD/86,HS/86
L,6,3,54,HS/86,VJ/86
L,6,3,58,VJ/86,FA/86
L,6,3,66,FA/86,MD/86
L,6,3,66,MD/86,OD/86
L,6,3,246,OD/86,NG/86
L,6,3,246,NG/86,KØ/86
L,6,3,246,KØ/86,SG/86
L,6,3,246,SG/86,RG/86
L,6,3,246,RG/86,KJN/86
L,6,3,246,KJN/86,KH/86
L,6,3,65,KH/86,CPH/86
L,10,2,92,AR/86,SD/86
L,10,2,121,SD/86,HS/86
L,10,2,153,HS/86,VJ/86
L,10,2,203,VJ/86,FA/86
L,10,2,302,FA/86,MD/86
L,10,2,302,MD/86,OD/86
L,10,2,614,OD/86,NG/86
L,10,2,614,NG/86,KØ/86
L,10,2,614,KØ/86,SG/86
L,10,2,614,SG/86,RG/86
L,10,2,614,RG/86,KJN/86
L,10,2,614,KJN/86,KH/86
L,10,2,83,KH/86,CPH/86
L,10,3,92,AR/86,SD/86
L,10,3,121,SD/86,HS/86
L,10,3,153,HS/86,VJ/86
L,10,3,203,VJ/86,FA/86
L,10,3,302,FA/86,MD/86
L,10,3,302,MD/86,OD/86
L,10,3,614,OD/86,NG/86
L,10,3,614,NG/86,KØ/86
L,10,3,614,KØ/86,SG/86
L,10,3,614,SG/86,RG/86
L,10,3,614,RG/86,KJN/86
L,10,3,614,KJN/86,KH/86
L,10,3,83,KH/86,CPH/86
L,11,2,9,OD/86,MD/86
L,11,2,10,MD/86,FA/86
L,11,2,15,FA/86,VJ/86
L,11,2,31,VJ/86,HS/86
L,11,2,66,HS/86,SD/86
L,11,2,69,SD/86,AR/86
L,11,3,9,OD/86,MD/86
L,11,3,10,MD/86,FA/86
L,11,3,15,FA/86,VJ/86
L,11,3,31,VJ/86,HS/86
L,11,3,66,HS/86,SD/86
L,11,3,69,SD/86,AR/86
L,14,2,306,AR/86,SD/86
L,14,2,386,SD/86,HS/86
L,14,2,413,HS/86,VJ/86
L,14,2,462,VJ/86,FA/86
L,14,2,491,FA/86,MD/86
L,14,2,491,MD/86,OD/86
L,14,2,663,OD/86,NG/86
L,14,2,663,NG/86,KØ/86
L,14,2,663,KØ/86,SG/86
L,14,2,663,SG/86,RG/86
L,14,2,663,RG/86,KJN/86
L,14,2,663,KJN/86,KH/86
L,14,2,98,KH/86,CPH/86
L,14,3,306,AR/86,SD/86
L,14,3,386,SD/86,HS/86
L,14,3,413,HS/86,VJ/86
L,14,3,462,VJ/86,FA/86
L,14,3,491,FA/86,MD/86
L,14,3,491,MD/86,OD/86
L,14,3,663,OD/86,NG/86
L,14,3,663,NG/86,KØ/86
L,14,3,663,KØ/86,SG/86
L,14,3,663,SG/86,RG/86
L,14,3,663,RG/86,KJN/86
L,14,3,663,KJN/86,KH/86
L,14,3,98,KH/86,CPH/86
L,15,2,92,OD/86,MD/86
L,15,2,92,MD/86,FA/86
L,15,2,126,FA/86,VJ/86
L,15,2,154,VJ/86,HS/86
L,15,2,182,HS/86,SD/86
L,15,2,156,SD/86,AR/86
L,15,3,92,OD/86,MD/86
L,15,3,92,MD/86,FA/86
L,15,3,126,FA/86,VJ/86
L,15,3,154,VJ/86,HS/86
L,15,3,182,HS/86,SD/86
L,15,3,156,SD/86,AR/86
L,18,2,347,AR/86,SD/86
L,18,2,485,SD/86,HS/86
L,18,2,465,HS/86,VJ/86
L,18,2,467,VJ/86,FA/86
L,18,2,454,FA/86,MD/86
L,18,2,454,MD/86,OD/86
L,18,2,492,OD/86,NG/86
L,18,2,492,NG/86,KØ/86
L,18,2,492,KØ/86,SG/86
L,18,2,492,SG/86,RG/86
L,18,2,492,RG/86,KJN/86
L,18,2,492,KJN/86,KH/86
L,18,2,119,KH/86,CPH/86
L,18,3,347,AR/86,SD/86
L,18,3,485,SD/86,HS/86
L,18,3,465,HS/86,VJ/86
L,18,3,467,VJ/86,FA/86
L,18,3,454,FA/86,MD/86
L,18,3,454,MD/86,OD/86
L,18,3,492,OD/86,NG/86
L,18,3,492,NG/86,KØ/86
L,18,3,492,KØ/86,SG/86
L,18,3,492,SG/86,RG/86
L,18,3,492,RG/86,KJN/86
L,18,3,492,KJN/86,KH/86
L,18,3,119,KH/86,CPH/86
L,19,2,6,CPH/86,KH/86
L,19,2,224,KH/86,KJN/86
L,19,2,224,KJN/86,RG/86
L,19,2,224,RG/86,SG/86
L,19,2,224,SG/86,KØ/86
L,19,2,224,KØ/86,NG/86
L,19,2,224,NG/86,OD/86
L,19,2,332,OD/86,MD/86
L,19,2,332,MD/86,FA/86
L,19,2,300,FA/86,VJ/86
L,19,2,232,VJ/86,HS/86
L,19,2,228,HS/86,SD/86
L,19,2,215,SD/86,AR/86
L,19,3,6,CPH/86,KH/86
L,19,3,224,KH/86,KJN/86
L,19,3,224,KJN/86,RG/86
L,19,3,224,RG/86,SG/86
L,19,3,224,SG/86,KØ/86
L,19,3,224,KØ/86,NG/86
L,19,3,224,NG/86,OD/86
L,19,3,332,OD/86,MD/86
L,19,3,332,MD/86,FA/86
L,19,3,300,FA/86,VJ/86
L,19,3,232,VJ/86,HS/86
L,19,3,228,HS/86,SD/86
L,19,3,215,SD/86,AR/86
L,22,2,253,AR/86,SD/86
L,22,2,275,SD/86,HS/86
L,22,2,280,HS/86,VJ/86
L,22,2,268,VJ/86,FA/86
L,22,2,314,FA/86,MD/86
L,22,2,314,MD/86,OD/86
L,22,2,337,OD/86,NG/86
L,22,2,337,NG/86,KØ/86
L,22,2,337,KØ/86,SG/86
L,22,2,337,SG/86,RG/86
L,22,2,337,RG/86,KJN/86
L,22,2,337,KJN/86,KH/86
L,22,2,96,KH/86,CPH/86
L,22,3,253,AR/86,SD/86
L,22,3,275,SD/86,HS/86
L,22,3,280,HS/86,VJ/86
L,22,3,268,VJ/86,FA/86
L,22,3,314,FA/86,MD/86
L,22,3,314,MD/86,OD/86
L,22,3,337,OD/86,NG/86
L,22,3,337,NG/86,KØ/86
L,22,3,337,KØ/86,SG/86
L,22,3,337,SG/86,RG/86
L,22,3,337,RG/86,KJN/86
L,22,3,337,KJN/86,KH/86
L,22,3,96,KH/86,CPH/86
L,23,2,6,CPH/86,KH/86
L,23,2,414,KH/86,KJN/86
L,23,2,414,KJN/86,RG/86
L,23,2,414,RG/86,SG/86
L,23,2,414,SG/86,KØ/86
L,23,2,414,KØ/86,NG/86
L,23,2,414,NG/86,OD/86
L,23,2,346,OD/86,MD/86
L,23,2,346,MD/86,FA/86
L,23,2,253,FA/86,VJ/86
L,23,2,226,VJ/86,HS/86
L,23,2,220,HS/86,SD/86
L,23,2,197,SD/86,AR/86
L,23,3,6,CPH/86,KH/86
L,23,3,414,KH/86,KJN/86
L,23,3,414,KJN/86,RG/86
L,23,3,414,RG/86,SG/86
L,23,3,414,SG/86,KØ/86
L,23,3,414,KØ/86,NG/86
L,23,3,414,NG/86,OD/86
L,23,3,346,OD/86,MD/86
L,23,3,346,MD/86,FA/86
L,23,3,253,FA/86,VJ/86
L,23,3,226,VJ/86,HS/86
L,23,3,220,HS/86,SD/86
L,23,3,197,SD/86,AR/86
L,26,2,194,AR/86,SD/86
L,26,2,219,SD/86,HS/86
L,26,2,226,HS/86,VJ/86
L,26,2,257,VJ/86,FA/86
L,26,2,335,FA/86,MD/86
L,26,2,335,MD/86,OD/86
L,26,2,373,OD/86,NG/86
L,26,2,373,NG/86,KØ/86
L,26,2,373,KØ/86,SG/86
L,26,2,373,SG/86,RG/86
L,26,2,373,RG/86,KJN/86
L,26,2,373,KJN/86,KH/86
L,26,2,90,KH/86,CPH/86
L,26,3,194,AR/86,SD/86
L,26,3,219,SD/86,HS/86
L,26,3,226,HS/86,VJ/86
L,26,3,257,VJ/86,FA/86
L,26,3,335,FA/86,MD/86
L,26,3,335,MD/86,OD/86
L,26,3,373,OD/86,NG/86
L,26,3,373,NG/86,KØ/86
L,26,3,373,KØ/86,SG/86
L,26,3,373,SG/86,RG/86
L,26,3,373,RG/86,KJN/86
L,26,3,373,KJN/86,KH/86
L,26,3,90,KH/86,CPH/86
L,27,2,17,CPH/86,KH/86
L,27,2,482,KH/86,KJN/86
L,27,2,482,KJN/86,RG/86
L,27,2,482,RG/86,SG/86
L,27,2,482,SG/86,KØ/86
L,27,2,482,KØ/86,NG/86
L,27,2,482,NG/86,OD/86
L,27,2,282,OD/86,MD/86
L,27,2,282,MD/86,FA/86
L,27,2,231,FA/86,VJ/86
L,27,2,195,VJ/86,HS/86
L,27,2,189,HS/86,SD/86
L,27,2,166,SD/86,AR/86
L,27,3,17,CPH/86,KH/86
L,27,3,482,KH/86,KJN/86
L,27,3,482,KJN/86,RG/86
L,27,3,482,RG/86,SG/86
L,27,3,482,SG/86,KØ/86
L,27,3,482,KØ/86,NG/86
L,27,3,482,NG/86,OD/86
L,27,3,282,OD/86,MD/86
L,27,3,282,MD/86,FA/86
L,27,3,231,FA/86,VJ/86
L,27,3,195,VJ/86,HS/86
L,27,3,189,HS/86,SD/86
L,27,3,166,SD/86,AR/86
L,30,2,212,AR/86,SD/86
L,30,2,235,SD/86,HS/86
L,30,2,253,HS/86,VJ/86
L,30,2,278,VJ/86,FA/86
L,30,2,274,FA/86,MD/86
L,30,2,274,MD/86,OD/86
L,30,2,333,OD/86,NG/86
L,30,2,333,NG/86,KØ/86
L,30,2,333,KØ/86,SG/86
L,30,2,333,SG/86,RG/86
L,30,2,333,RG/86,KJN/86
L,30,2,333,KJN/86,KH/86
L,30,2,59,KH/86,CPH/86
L,30,3,212,AR/86,SD/86
L,30,3,235,SD/86,HS/86
L,30,3,253,HS/86,VJ/86
L,30,3,278,VJ/86,FA/86
L,30,3,274,FA/86,MD/86
L,30,3,274,MD/86,OD/86
L,30,3,333,OD/86,NG/86
L,30,3,333,NG/86,KØ/86
L,30,3,333,KØ/86,SG/86
L,30,3,333,SG/86,RG/86
L,30,3,333,RG/86,KJN/86
L,30,3,333,KJN/86,KH/86
L,30,3,59,KH/86,CPH/86
L,31,2,43,CPH/86,KH/86
L,31,2,350,KH/86,KJN/86
L,31,2,350,KJN/86,RG/86
L,31,2,350,RG/86,SG/86
L,31,2,350,SG/86,KØ/86
L,31,2,350,KØ/86,NG/86
L,31,2,350,NG/86,OD/86
L,31,2,294,OD/86,MD/86
L,31,2,294,MD/86,FA/86
L,31,2,227,FA/86,VJ/86
L,31,2,218,VJ/86,HS/86
L,31,2,209,HS/86,SD/86
L,31,2,190,SD/86,AR/86
L,31,3,43,CPH/86,KH/86
L,31,3,350,KH/86,KJN/86
L,31,3,350,KJN/86,RG/86
L,31,3,350,RG/86,SG/86
L,31,3,350,SG/86,KØ/86
L,31,3,350,KØ/86,NG/86
L,31,3,350,NG/86,OD/86
L,31,3,294,OD/86,MD/86
L,31,3,294,MD/86,FA/86
L,31,3,227,FA/86,VJ/86
L,31,3,218,VJ/86,HS/86
L,31,3,209,HS/86,SD/86
L,31,3,190,SD/86,AR/86
L,34,2,202,AR/86,SD/86
L,34,2,214,SD/86,HS/86
L,34,2,226,HS/86,VJ/86
L,34,2,248,VJ/86,FA/86
L,34,2,302,FA/86,MD/86
L,34,2,302,MD/86,OD/86
L,34,2,348,OD/86,NG/86
L,34,2,348,NG/86,KØ/86
L,34,2,348,KØ/86,SG/86
L,34,2,348,SG/86,RG/86
L,34,2,348,RG/86,KJN/86
L,34,2,348,KJN/86,KH/86
L,34,2,70,KH/86,CPH/86
L,34,3,202,AR/86,SD/86
L,34,3,214,SD/86,HS/86
L,34,3,226,HS/86,VJ/86
L,34,3,248,VJ/86,FA/86
L,34,3,302,FA/86,MD/86
L,34,3,302,MD/86,OD/86
L,34,3,348,OD/86,NG/86
L,34,3,348,NG/86,KØ/86
L,34,3,348,KØ/86,SG/86
L,34,3,348,SG/86,RG/86
L,34,3,348,RG/86,KJN/86
L,34,3,348,KJN/86,KH/86
L,34,3,70,KH/86,CPH/86
L,35,2,39,CPH/86,KH/86
L,35,2,237,KH/86,KJN/86
L,35,2,237,KJN/86,RG/86
L,35,2,237,RG/86,SG/86
L,35,2,237,SG/86,KØ/86
L,35,2,237,KØ/86,NG/86
L,35,2,237,NG/86,OD/86
L,35,2,198,OD/86,MD/86
L,35,2,198,MD/86,FA/86
L,35,2,160,FA/86,VJ/86
L,35,2,146,VJ/86,HS/86
L,35,2,145,HS/86,SD/86
L,35,2,128,SD/86,AR/86
L,35,3,39,CPH/86,KH/86
L,35,3,237,KH/86,KJN/86
L,35,3,237,KJN/86,RG/86
L,35,3,237,RG/86,SG/86
L,35,3,237,SG/86,KØ/86
L,35,3,237,KØ/86,NG/86
L,35,3,237,NG/86,OD/86
L,35,3,198,OD/86,MD/86
L,35,3,198,MD/86,FA/86
L,35,3,160,FA/86,VJ/86
L,35,3,146,VJ/86,HS/86
L,35,3,145,HS/86,SD/86
L,35,3,128,SD/86,AR/86
L,38,2,198,AR/86,SD/86
L,38,2,214,SD/86,HS/86
L,38,2,221,HS/86,VJ/86
L,38,2,229,VJ/86,FA/86
L,38,2,289,FA/86,MD/86
L,38,2,289,MD/86,OD/86
L,38,2,388,OD/86,NG/86
L,38,2,388,NG/86,KØ/86
L,38,2,388,KØ/86,SG/86
L,38,2,388,SG/86,RG/86
L,38,2,388,RG/86,KJN/86
L,38,2,388,KJN/86,KH/86
L,38,2,67,KH/86,CPH/86
L,38,3,198,AR/86,SD/86
L,38,3,214,SD/86,HS/86
L,38,3,221,HS/86,VJ/86
L,38,3,229,VJ/86,FA/86
L,38,3,289,FA/86,MD/86
L,38,3,289,MD/86,OD/86
L,38,3,388,OD/86,NG/86
L,38,3,388,NG/86,KØ/86
L,38,3,388,KØ/86,SG/86
L,38,3,388,SG/86,RG/86
L,38,3,388,RG/86,KJN/86
L,38,3,388,KJN/86,KH/86
L,38,3,67,KH/86,CPH/86
L,39,2,41,CPH/86,KH/86
L,39,2,322,KH/86,KJN/86
L,39,2,322,KJN/86,RG/86
L,39,2,322,RG/86,SG/86
L,39,2,322,SG/86,KØ/86
L,39,2,322,KØ/86,NG/86
L,39,2,322,NG/86,OD/86
L,39,2,290,OD/86,MD/86
L,39,2,290,MD/86,FA/86
L,39,2,295,FA/86,VJ/86
L,39,2,263,VJ/86,HS/86
L,39,2,254,HS/86,SD/86
L,39,2,230,SD/86,AR/86
L,39,3,41,CPH/86,KH/86
L,39,3,322,KH/86,KJN/86
L,39,3,322,KJN/86,RG/86
L,39,3,322,RG/86,SG/86
L,39,3,322,SG/86,KØ/86
L,39,3,322,KØ/86,NG/86
L,39,3,322,NG/86,OD/86
L,39,3,290,OD/86,MD/86
L,39,3,290,MD/86,FA/86
L,39,3,295,FA/86,VJ/86
L,39,3,263,VJ/86,HS/86
L,39,3,254,HS/86,SD/86
L,39,3,230,SD/86,AR/86
L,42,2,235,AR/86,SD/86
L,42,2,248,SD/86,HS/86
L,42,2,267,HS/86,VJ/86
L,42,2,298,VJ/86,FA/86
L,42,2,336,FA/86,MD/86
L,42,2,336,MD/86,OD/86
L,42,2,419,OD/86,NG/86
L,42,2,419,NG/86,KØ/86
L,42,2,419,KØ/86,SG/86
L,42,2,419,SG/86,RG/86
L,42,2,419,RG/86,KJN/86
L,42,2,419,KJN/86,KH/86
L,42,2,47,KH/86,CPH/86
L,42,3,235,AR/86,SD/86
L,42,3,248,SD/86,HS/86
L,42,3,267,HS/86,VJ/86
L,42,3,298,VJ/86,FA/86
L,42,3,336,FA/86,MD/86
L,42,3,336,MD/86,OD/86
L,42,3,419,OD/86,NG/86
L,42,3,419,NG/86,KØ/86
L,42,3,419,KØ/86,SG/86
L,42,3,419,SG/86,RG/86
L,42,3,419,RG/86,KJN/86
L,42,3,419,KJN/86,KH/86
L,42,3,47,KH/86,CPH/86
L,43,2,40,CPH/86,KH/86
L,43,2,324,KH/86,KJN/86
L,43,2,324,KJN/86,RG/86
L,43,2,324,RG/86,SG/86
L,43,2,324,SG/86,KØ/86
L,43,2,324,KØ/86,NG/86
L,43,2,324,NG/86,OD/86
L,43,2,309,OD/86,MD/86
L,43,2,309,MD/86,FA/86
L,43,2,278,FA/86,VJ/86
L,43,2,261,VJ/86,HS/86
L,43,2,256,HS/86,SD/86
L,43,2,237,SD/86,AR/86
L,43,3,40,CPH/86,KH/86
L,43,3,324,KH/86,KJN/86
L,43,3,324,KJN/86,RG/86
L,43,3,324,RG/86,SG/86
L,43,3,324,SG/86,KØ/86
L,43,3,324,KØ/86,NG/86
L,43,3,324,NG/86,OD/86
L,43,3,309,OD/86,MD/86
L,43,3,309,MD/86,FA/86
L,43,3,278,FA/86,VJ/86
L,43,3,261,VJ/86,HS/86
L,43,3,256,HS/86,SD/86
L,43,3,237,SD/86,AR/86
L,46,2,235,AR/86,SD/86
L,46,2,243,SD/86,HS/86
L,46,2,247,HS/86,VJ/86
L,46,2,264,VJ/86,FA/86
L,46,2,349,FA/86,MD/86
L,46,2,349,MD/86,OD/86
L,46,2,409,OD/86,NG/86
L,46,2,409,NG/86,KØ/86
L,46,2,409,KØ/86,SG/86
L,46,2,409,SG/86,RG/86
L,46,2,409,RG/86,KJN/86
L,46,2,409,KJN/86,KH/86
L,46,2,51,KH/86,CPH/86
L,46,3,235,AR/86,SD/86
L,46,3,243,SD/86,HS/86
L,46,3,247,HS/86,VJ/86
L,46,3,264,VJ/86,FA/86
L,46,3,349,FA/86,MD/86
L,46,3,349,MD/86,OD/86
L,46,3,409,OD/86,NG/86
L,46,3,409,NG/86,KØ/86
L,46,3,409,KØ/86,SG/86
L,46,3,409,SG/86,RG/86
L,46,3,409,RG/86,KJN/86
L,46,3,409,KJN/86,KH/86
L,46,3,51,KH/86,CPH/86
L,47,2,51,CPH/86,KH/86
L,47,2,347,KH/86,KJN/86
L,47,2,347,KJN/86,RG/86
L,47,2,347,RG/86,SG/86
L,47,2,347,SG/86,KØ/86
L,47,2,347,KØ/86,NG/86
L,47,2,347,NG/86,OD/86
L,47,2,365,OD/86,MD/86
L,47,2,365,MD/86,FA/86
L,47,2,383,FA/86,VJ/86
L,47,2,305,VJ/86,HS/86
L,47,2,305,HS/86,SD/86
L,47,2,293,SD/86,AR/86
L,47,3,51,CPH/86,KH/86
L,47,3,347,KH/86,KJN/86
L,47,3,347,KJN/86,RG/86
L,47,3,347,RG/86,SG/86
L,47,3,347,SG/86,KØ/86
L,47,3,347,KØ/86,NG/86
L,47,3,347,NG/86,OD/86
L,47,3,365,OD/86,MD/86
L,47,3,365,MD/86,FA/86
L,47,3,383,FA/86,VJ/86
L,47,3,305,VJ/86,HS/86
L,47,3,305,HS/86,SD/86
L,47,3,293,SD/86,AR/86
L,50,2,278,AR/86,SD/86
L,50,2,293,SD/86,HS/86
L,50,2,306,HS/86,VJ/86
L,50,2,360,VJ/86,FA/86
L,50,2,430,FA/86,MD/86
L,50,2,430,MD/86,OD/86
L,50,2,494,OD/86,NG/86
L,50,2,494,NG/86,KØ/86
L,50,2,494,KØ/86,SG/86
L,50,2,494,SG/86,RG/86
L,50,2,494,RG/86,KJN/86
L,50,2,494,KJN/86,KH/86
L,50,2,50,KH/86,CPH/86
L,50,3,278,AR/86,SD/86
L,50,3,293,SD/86,HS/86
L,50,3,306,HS/86,VJ/86
L,50,3,360,VJ/86,FA/86
L,50,3,430,FA/86,MD/86
L,50,3,430,MD/86,OD/86
L,50,3,494,OD/86,NG/86
L,50,3,494,NG/86,KØ/86
L,50,3,494,KØ/86,SG/86
L,50,3,494,SG/86,RG/86
L,50,3,494,RG/86,KJN/86
L,50,3,494,KJN/86,KH/86
L,50,3,50,KH/86,CPH/86
L,51,2,54,CPH/86,KH/86
L,51,2,384,KH/86,KJN/86
L,51,2,384,KJN/86,RG/86
L,51,2,384,RG/86,SG/86
L,51,2,384,SG/86,KØ/86
L,51,2,384,KØ/86,NG/86
L,51,2,384,NG/86,OD/86
L,51,2,386,OD/86,MD/86
L,51,2,386,MD/86,FA/86
L,51,2,322,FA/86,VJ/86
L,51,2,298,VJ/86,HS/86
L,51,2,295,HS/86,SD/86
L,51,2,265,SD/86,AR/86
L,51,3,54,CPH/86,KH/86
L,51,3,384,KH/86,KJN/86
L,51,3,384,KJN/86,RG/86
L,51,3,384,RG/86,SG/86
L,51,3,384,SG/86,KØ/86
L,51,3,384,KØ/86,NG/86
L,51,3,384,NG/86,OD/86
L,51,3,386,OD/86,MD/86
L,51,3,386,MD/86,FA/86
L,51,3,322,FA/86,VJ/86
L,51,3,298,VJ/86,HS/86
L,51,3,295,HS/86,SD/86
L,51,3,265,SD/86,AR/86
L,54,2,340,AR/86,SD/86
L,54,2,339,SD/86,HS/86
L,54,2,336,HS/86,VJ/86
L,54,2,385,VJ/86,FA/86
L,54,2,378,FA/86,MD/86
L,54,2,378,MD/86,OD/86
L,54,2,393,OD/86,NG/86
L,54,2,393,NG/86,KØ/86
L,54,2,393,KØ/86,SG/86
L,54,2,393,SG/86,RG/86
L,54,2,393,RG/86,KJN/86
L,54,2,393,KJN/86,KH/86
L,54,2,35,KH/86,CPH/86
L,54,3,340,AR/86,SD/86
L,54,3,339,SD/86,HS/86
L,54,3,336,HS/86,VJ/86
L,54,3,385,VJ/86,FA/86
L,54,3,378,FA/86,MD/86
L,54,3,378,MD/86,OD/86
L,54,3,393,OD/86,NG/86
L,54,3,393,NG/86,KØ/86
L,54,3,393,KØ/86,SG/86
L,54,3,393,SG/86,RG/86
L,54,3,393,RG/86,KJN/86
L,54,3,393,KJN/86,KH/86
L,54,3,35,KH/86,CPH/86
L,55,2,54,CPH/86,KH/86
L,55,2,441,KH/86,KJN/86
L,55,2,441,KJN/86,RG/86
L,55,2,441,RG/86,SG/86
L,55,2,441,SG/86,KØ/86
L,55,2,441,KØ/86,NG/86
L,55,2,441,NG/86,OD/86
L,55,2,392,OD/86,MD/86
L,55,2,392,MD/86,FA/86
L,55,2,379,FA/86,VJ/86
L,55,2,330,VJ/86,HS/86
L,55,2,329,HS/86,SD/86
L,55,2,288,SD/86,AR/86
L,55,3,54,CPH/86,KH/86
L,55,3,441,KH/86,KJN/86
L,55,3,441,KJN/86,RG/86
L,55,3,441,RG/86,SG/86
L,55,3,441,SG/86,KØ/86
L,55,3,441,KØ/86,NG/86
L,55,3,441,NG/86,OD/86
L,55,3,392,OD/86,MD/86
L,55,3,392,MD/86,FA/86
L,55,3,379,FA/86,VJ/86
L,55,3,330,VJ/86,HS/86
L,55,3,329,HS/86,SD/86
L,55,3,288,SD/86,AR/86
L,58,2,242,AR/86,SD/86
L,58,2,249,SD/86,HS/86
L,58,2,251,HS/86,VJ/86
L,58,2,280,VJ/86,FA/86
L,58,2,309,FA/86,MD/86
L,58,2,309,MD/86,OD/86
L,58,2,302,OD/86,NG/86
L,58,2,302,NG/86,KØ/86
L,58,2,302,KØ/86,SG/86
L,58,2,302,SG/86,RG/86
L,58,2,302,RG/86,KJN/86
L,58,2,302,KJN/86,KH/86
L,58,2,207,KH/86,CPH/86
L,58,3,242,AR/86,SD/86
L,58,3,249,SD/86,HS/86
L,58,3,251,HS/86,VJ/86
L,58,3,280,VJ/86,FA/86
L,58,3,309,FA/86,MD/86
L,58,3,309,MD/86,OD/86
L,58,3,302,OD/86,NG/86
L,58,3,302,NG/86,KØ/86
L,58,3,302,KØ/86,SG/86
L,58,3,302,SG/86,RG/86
L,58,3,302,RG/86,KJN/86
L,58,3,302,KJN/86,KH/86
L,58,3,207,KH/86,CPH/86
L,59,2,60,CPH/86,KH/86
L,59,2,653,KH/86,KJN/86
L,59,2,653,KJN/86,RG/86
L,59,2,653,RG/86,SG/86
L,59,2,653,SG/86,KØ/86
L,59,2,653,KØ/86,NG/86
L,59,2,653,NG/86,OD/86
L,59,2,487,OD/86,MD/86
L,59,2,487,MD/86,FA/86
L,59,2,407,FA/86,VJ/86
L,59,2,355,VJ/86,HS/86
L,59,2,337,HS/86,SD/86
L,59,2,293,SD/86,AR/86
L,59,3,60,CPH/86,KH/86
L,59,3,653,KH/86,KJN/86
L,59,3,653,KJN/86,RG/86
L,59,3,653,RG/86,SG/86
L,59,3,653,SG/86,KØ/86
L,59,3,653,KØ/86,NG/86
L,59,3,653,NG/86,OD/86
L,59,3,487,OD/86,MD/86
L,59,3,487,MD/86,FA/86
L,59,3,407,FA/86,VJ/86
L,59,3,355,VJ/86,HS/86
L,59,3,337,HS/86,SD/86
L,59,3,293,SD/86,AR/86
L,62,2,147,AR/86,SD/86
L,62,2,144,SD/86,HS/86
L,62,2,140,HS/86,VJ/86
L,62,2,139,VJ/86,FA/86
L,62,2,166,FA/86,MD/86
L,62,2,166,MD/86,OD/86
L,62,2,205,OD/86,NG/86
L,62,2,205,NG/86,KØ/86
L,62,2,205,KØ/86,SG/86
L,62,2,205,SG/86,RG/86
L,62,2,205,RG/86,KJN/86
L,62,2,205,KJN/86,KH/86
L,62,2,62,KH/86,CPH/86
L,62,3,147,AR/86,SD/86
L,62,3,144,SD/86,HS/86
L,62,3,140,HS/86,VJ/86
L,62,3,139,VJ/86,FA/86
L,62,3,166,FA/86,MD/86
L,62,3,166,MD/86,OD/86
L,62,3,205,OD/86,NG/86
L,62,3,205,NG/86,KØ/86
L,62,3,205,KØ/86,SG/86
L,62,3,205,SG/86,RG/86
L,62,3,205,RG/86,KJN/86
L,62,3,205,KJN/86,KH/86
L,62,3,62,KH/86,CPH/86
L,63,2,50,CPH/86,KH/86
L,63,2,589,KH/86,KJN/86
L,63,2,589,KJN/86,RG/86
L,63,2,589,RG/86,SG/86
L,63,2,589,SG/86,KØ/86
L,63,2,589,KØ/86,NG/86
L,63,2,589,NG/86,OD/86
L,63,2,470,OD/86,MD/86
L,63,2,470,MD/86,FA/86
L,63,2,364,FA/86,VJ/86
L,63,2,337,VJ/86,HS/86
L,63,2,319,HS/86,SD/86
L,63,2,264,SD/86,AR/86
L,63,3,50,CPH/86,KH/86
L,63,3,589,KH/86,KJN/86
L,63,3,589,KJN/86,RG/86
L,63,3,589,RG/86,SG/86
L,63,3,589,SG/86,KØ/86
L,63,3,589,KØ/86,NG/86
L,63,3,589,NG/86,OD/86
L,63,3,470,OD/86,MD/86
L,63,3,470,MD/86,FA/86
L,63,3,364,FA/86,VJ/86
L,63,3,337,VJ/86,HS/86
L,63,3,319,HS/86,SD/86
L,63,3,264,SD/86,AR/86
L,66,2,104,AR/86,SD/86
L,66,2,106,SD/86,HS/86
L,66,2,101,HS/86,VJ/86
L,66,2,119,VJ/86,FA/86
L,66,2,117,FA/86,MD/86
L,66,2,117,MD/86,OD/86
L,66,2,182,OD/86,NG/86
L,66,2,182,NG/86,KØ/86
L,66,2,182,KØ/86,SG/86
L,66,2,182,SG/86,RG/86
L,66,2,182,RG/86,KJN/86
L,66,2,182,KJN/86,KH/86
L,66,2,25,KH/86,CPH/86
L,66,3,104,AR/86,SD/86
L,66,3,106,SD/86,HS/86
L,66,3,101,HS/86,VJ/86
L,66,3,119,VJ/86,FA/86
L,66,3,117,FA/86,MD/86
L,66,3,117,MD/86,OD/86
L,66,3,182,OD/86,NG/86
L,66,3,182,NG/86,KØ/86
L,66,3,182,KØ/86,SG/86
L,66,3,182,SG/86,RG/86
L,66,3,182,RG/86,KJN/86
L,66,3,182,KJN/86,KH/86
L,66,3,25,KH/86,CPH/86
L,67,2,47,CPH/86,KH/86
L,67,2,380,KH/86,KJN/86
L,67,2,380,KJN/86,RG/86
L,67,2,380,RG/86,SG/86
L,67,2,380,SG/86,KØ/86
L,67,2,380,KØ/86,NG/86
L,67,2,380,NG/86,OD/86
L,67,2,315,OD/86,MD/86
L,67,2,315,MD/86,FA/86
L,67,2,270,FA/86,VJ/86
L,67,2,233,VJ/86,HS/86
L,67,2,227,HS/86,SD/86
L,67,2,201,SD/86,AR/86
L,67,3,47,CPH/86,KH/86
L,67,3,380,KH/86,KJN/86
L,67,3,380,KJN/86,RG/86
L,67,3,380,RG/86,SG/86
L,67,3,380,SG/86,KØ/86
L,67,3,380,KØ/86,NG/86
L,67,3,380,NG/86,OD/86
L,67,3,315,OD/86,MD/86
L,67,3,315,MD/86,FA/86
L,67,3,270,FA/86,VJ/86
L,67,3,233,VJ/86,HS/86
L,67,3,227,HS/86,SD/86
L,67,3,201,SD/86,AR/86
L,70,2,183,AR/86,SD/86
L,70,2,181,SD/86,HS/86
L,70,2,178,HS/86,VJ/86
L,70,2,173,VJ/86,FA/86
L,70,2,170,FA/86,MD/86
L,70,2,170,MD/86,OD/86
L,70,2,166,OD/86,NG/86
L,70,2,166,NG/86,KØ/86
L,70,2,166,KØ/86,SG/86
L,70,2,166,SG/86,RG/86
L,70,2,166,RG/86,KJN/86
L,70,2,166,KJN/86,KH/86
L,70,2,4,KH/86,CPH/86
L,70,3,183,AR/86,SD/86
L,70,3,181,SD/86,HS/86
L,70,3,178,HS/86,VJ/86
L,70,3,173,VJ/86,FA/86
L,70,3,170,FA/86,MD/86
L,70,3,170,MD/86,OD/86
L,70,3,166,OD/86,NG/86
L,70,3,166,NG/86,KØ/86
L,70,3,166,KØ/86,SG/86
L,70,3,166,SG/86,RG/86
L,70,3,166,RG/86,KJN/86
L,70,3,166,KJN/86,KH/86
L,70,3,4,KH/86,CPH/86
L,71,2,44,CPH/86,KH/86
L,71,2,232,KH/86,KJN/86
L,71,2,232,KJN/86,RG/86
L,71,2,232,RG/86,SG/86
L,71,2,232,SG/86,KØ/86
L,71,2,232,KØ/86,NG/86
L,71,2,232,NG/86,OD/86
L,71,2,179,OD/86,MD/86
L,71,2,179,MD/86,FA/86
L,71,2,208,FA/86,VJ/86
L,71,2,205,VJ/86,HS/86
L,71,2,184,HS/86,SD/86
L,71,2,158,SD/86,AR/86
L,71,3,44,CPH/86,KH/86
L,71,3,232,KH/86,KJN/86
L,71,3,232,KJN/86,RG/86
L,71,3,232,RG/86,SG/86
L,71,3,232,SG/86,KØ/86
L,71,3,232,KØ/86,NG/86
L,71,3,232,NG/86,OD/86
L,71,3,179,OD/86,MD/86
L,71,3,179,MD/86,FA/86
L,71,3,208,FA/86,VJ/86
L,71,3,205,VJ/86,HS/86
L,71,3,184,HS/86,SD/86
L,71,3,158,SD/86,AR/86
L,74,2,32,AR/86,SD/86
L,74,2,38,SD/86,HS/86
L,74,2,18,HS/86,VJ/86
L,74,2,15,VJ/86,FA/86
L,74,3,32,AR/86,SD/86
L,74,3,38,SD/86,HS/86
L,74,3,18,HS/86,VJ/86
L,74,3,15,VJ/86,FA/86
L,75,2,36,CPH/86,KH/86
L,75,2,248,KH/86,KJN/86
L,75,2,248,KJN/86,RG/86
L,75,2,248,RG/86,SG/86
L,75,2,248,SG/86,KØ/86
L,75,2,248,KØ/86,NG/86
L,75,2,248,NG/86,OD/86
L,75,2,199,OD/86,MD/86
L,75,2,199,MD/86,FA/86
L,75,2,161,FA/86,VJ/86
L,75,2,131,VJ/86,HS/86
L,75,2,127,HS/86,SD/86
L,75,2,111,SD/86,AR/86
L,75,3,36,CPH/86,KH/86
L,75,3,248,KH/86,KJN/86
L,75,3,248,KJN/86,RG/86
L,75,3,248,RG/86,SG/86
L,75,3,248,SG/86,KØ/86
L,75,3,248,KØ/86,NG/86
L,75,3,248,NG/86,OD/86
L,75,3,199,OD/86,MD/86
L,75,3,199,MD/86,FA/86
L,75,3,161,FA/86,VJ/86
L,75,3,131,VJ/86,HS/86
L,75,3,127,HS/86,SD/86
L,75,3,111,SD/86,AR/86
L,79,2,308,CPH/86,KH/86
L,79,2,251,KH/86,KJN/86
L,79,2,251,KJN/86,RG/86
L,79,2,251,RG/86,SG/86
L,79,2,251,SG/86,KØ/86
L,79,2,251,KØ/86,NG/86
L,79,2,251,NG/86,OD/86
L,79,2,116,OD/86,MD/86
L,79,2,116,MD/86,FA/86
L,79,2,116,FA/86,VJ/86
L,79,2,113,VJ/86,HS/86
L,79,2,115,HS/86,SD/86
L,79,2,114,SD/86,AR/86
L,79,3,308,CPH/86,KH/86
L,79,3,251,KH/86,KJN/86
L,79,3,251,KJN/86,RG/86
L,79,3,251,RG/86,SG/86
L,79,3,251,SG/86,KØ/86
L,79,3,251,KØ/86,NG/86
L,79,3,251,NG/86,OD/86
L,79,3,116,OD/86,MD/86
L,79,3,116,MD/86,FA/86
L,79,3,116,FA/86,VJ/86
L,79,3,113,VJ/86,HS/86
L,79,3,115,HS/86,SD/86
L,79,3,114,SD/86,AR/86
IC,100,2,23,OD/86,NG/86
IC,100,2,33,NG/86,KØ/86
IC,100,2,46,KØ/86,SG/86
IC,100,2,96,SG/86,RG/86
IC,100,2,124,RG/86,RO/86
IC,100,2,141,RO/86,HTÅ/86
IC,100,2,130,HTÅ/86,KH/86
IC,100,2,41,KH/86,KK/86
IC,100,3,23,OD/86,NG/86
IC,100,3,33,NG/86,KØ/86
IC,100,3,46,KØ/86,SG/86
IC,100,3,96,SG/86,RG/86
IC,100,3,124,RG/86,RO/86
IC,100,3,141,RO/86,HTÅ/86
IC,100,3,130,HTÅ/86,KH/86
IC,100,3,41,KH/86,KK/86
IC,101,2,115,KH/86,HTÅ/86
IC,101,2,115,HTÅ/86,RO/86
IC,101,2,104,RO/86,RG/86
IC,101,2,102,RG/86,SG/86
IC,101,2,93,SG/86,KØ/86
IC,101,2,92,KØ/86,NG/86
IC,101,2,86,NG/86,OD/86
IC,101,2,75,OD/86,MD/86
IC,101,2,73,MD/86,FA/86
IC,101,2,69,FA/86,VJ/86
IC,101,2,68,VJ/86,HS/86
IC,101,2,66,HS/86,SD/86
IC,101,2,63,SD/86,AR/86
IC,101,3,115,KH/86,HTÅ/86
IC,101,3,115,HTÅ/86,RO/86
IC,101,3,104,RO/86,RG/86
IC,101,3,102,RG/86,SG/86
IC,101,3,93,SG/86,KØ/86
IC,101,3,92,KØ/86,NG/86
IC,101,3,86,NG/86,OD/86
IC,101,3,75,OD/86,MD/86
IC,101,3,73,MD/86,FA/86
IC,101,3,69,FA/86,VJ/86
IC,101,3,68,VJ/86,HS/86
IC,101,3,66,HS/86,SD/86
IC,101,3,63,SD/86,AR/86
IC,104,2,13,FA/86,MD/86
IC,104,2,24,MD/86,OD/86
IC,104,2,45,OD/86,NG/86
IC,104,2,114,NG/86,KØ/86
IC,104,2,141,KØ/86,SG/86
IC,104,2,241,SG/86,RG/86
IC,104,2,306,RG/86,RO/86
IC,104,2,319,RO/86,HTÅ/86
IC,104,2,254,HTÅ/86,KH/86
IC,104,2,140,KH/86,KK/86
IC,104,3,13,FA/86,MD/86
IC,104,3,24,MD/86,OD/86
IC,104,3,45,OD/86,NG/86
IC,104,3,114,NG/86,KØ/86
IC,104,3,141,KØ/86,SG/86
IC,104,3,241,SG/86,RG/86
IC,104,3,306,RG/86,RO/86
IC,104,3,319,RO/86,HTÅ/86
IC,104,3,254,HTÅ/86,KH/86
IC,104,3,140,KH/86,KK/86
IC,107,2,47,KH/86,HTÅ/86
IC,107,2,44,HTÅ/86,RO/86
IC,107,2,40,RO/86,RG/86
IC,107,2,41,RG/86,SG/86
IC,107,2,39,SG/86,KØ/86
IC,107,2,38,KØ/86,NG/86
IC,107,2,41,NG/86,OD/86
IC,107,2,49,OD/86,MD/86
IC,107,2,53,MD/86,FA/86
IC,107,2,46,FA/86,VJ/86
IC,107,2,69,VJ/86,HS/86
IC,107,2,80,HS/86,SD/86
IC,107,2,96,SD/86,AR/86
IC,107,3,47,KH/86,HTÅ/86
IC,107,3,44,HTÅ/86,RO/86
IC,107,3,40,RO/86,RG/86
IC,107,3,41,RG/86,SG/86
IC,107,3,39,SG/86,KØ/86
IC,107,3,38,KØ/86,NG/86
IC,107,3,41,NG/86,OD/86
IC,107,3,49,OD/86,MD/86
IC,107,3,53,MD/86,FA/86
IC,107,3,46,FA/86,VJ/86
IC,107,3,69,VJ/86,HS/86
IC,107,3,80,HS/86,SD/86
IC,107,3,96,SD/86,AR/86
IC,112,2,158,FA/86,MD/86
IC,112,2,198,MD/86,OD/86
IC,112,2,269,OD/86,NG/86
IC,112,2,298,NG/86,KØ/86
IC,112,2,305,KØ/86,SG/86
IC,112,2,376,SG/86,RG/86
IC,112,2,388,RG/86,RO/86
IC,112,2,391,RO/86,HTÅ/86
IC,112,2,314,HTÅ/86,KH/86
IC,112,2,141,KH/86,KK/86
IC,112,3,158,FA/86,MD/86
IC,112,3,198,MD/86,OD/86
IC,112,3,269,OD/86,NG/86
IC,112,3,298,NG/86,KØ/86
IC,112,3,305,KØ/86,SG/86
IC,112,3,376,SG/86,RG/86
IC,112,3,388,RG/86,RO/86
IC,112,3,391,RO/86,HTÅ/86
IC,112,3,314,HTÅ/86,KH/86
IC,112,3,141,KH/86,KK/86
IC,113,2,49,KH/86,HTÅ/86
IC,113,2,34,HTÅ/86,RO/86
IC,113,2,32,RO/86,RG/86
IC,113,2,32,RG/86,SG/86
IC,113,2,30,SG/86,KØ/86
IC,113,2,29,KØ/86,NG/86
IC,113,2,32,NG/86,OD/86
IC,113,2,48,OD/86,MD/86
IC,113,2,47,MD/86,FA/86
IC,113,3,49,KH/86,HTÅ/86
IC,113,3,34,HTÅ/86,RO/86
IC,113,3,32,RO/86,RG/86
IC,113,3,32,RG/86,SG/86
IC,113,3,30,SG/86,KØ/86
IC,113,3,29,KØ/86,NG/86
IC,113,3,32,NG/86,OD/86
IC,113,3,48,OD/86,MD/86
IC,113,3,47,MD/86,FA/86
IC,116,2,114,FA/86,MD/86
IC,116,2,115,MD/86,OD/86
IC,116,2,110,OD/86,NG/86
IC,116,2,122,NG/86,KØ/86
IC,116,2,128,KØ/86,SG/86
IC,116,2,161,SG/86,RG/86
IC,116,2,169,RG/86,RO/86
IC,116,2,168,RO/86,HTÅ/86
IC,116,2,145,HTÅ/86,KH/86
IC,116,2,51,KH/86,KK/86
IC,116,3,114,FA/86,MD/86
IC,116,3,115,MD/86,OD/86
IC,116,3,110,OD/86,NG/86
IC,116,3,122,NG/86,KØ/86
IC,116,3,128,KØ/86,SG/86
IC,116,3,161,SG/86,RG/86
IC,116,3,169,RG/86,RO/86
IC,116,3,168,RO/86,HTÅ/86
IC,116,3,145,HTÅ/86,KH/86
IC,116,3,51,KH/86,KK/86
IC,117,2,60,KH/86,HTÅ/86
IC,117,2,40,HTÅ/86,RO/86
IC,117,2,54,RO/86,RG/86
IC,117,2,55,RG/86,SG/86
IC,117,2,59,SG/86,KØ/86
IC,117,2,63,KØ/86,NG/86
IC,117,2,78,NG/86,OD/86
IC,117,2,98,OD/86,MD/86
IC,117,2,107,MD/86,FA/86
IC,117,3,60,KH/86,HTÅ/86
IC,117,3,40,HTÅ/86,RO/86
IC,117,3,54,RO/86,RG/86
IC,117,3,55,RG/86,SG/86
IC,117,3,59,SG/86,KØ/86
IC,117,3,63,KØ/86,NG/86
IC,117,3,78,NG/86,OD/86
IC,117,3,98,OD/86,MD/86
IC,117,3,107,MD/86,FA/86
IC,120,2,254,AR/86,SD/86
IC,120,2,222,SD/86,HS/86
IC,120,2,171,HS/86,VJ/86
IC,120,2,125,VJ/86,FA/86
IC,120,2,112,FA/86,MD/86
IC,120,2,101,MD/86,OD/86
IC,120,2,97,OD/86,NG/86
IC,120,2,100,NG/86,KØ/86
IC,120,2,108,KØ/86,SG/86
IC,120,2,131,SG/86,RG/86
IC,120,2,138,RG/86,RO/86
IC,120,2,146,RO/86,HTÅ/86
IC,120,2,133,HTÅ/86,KH/86
IC,120,2,52,KH/86,KK/86
IC,120,3,254,AR/86,SD/86
IC,120,3,222,SD/86,HS/86
IC,120,3,171,HS/86,VJ/86
IC,120,3,125,VJ/86,FA/86
IC,120,3,112,FA/86,MD/86
IC,120,3,101,MD/86,OD/86
IC,120,3,97,OD/86,NG/86
IC,120,3,100,NG/86,KØ/86
IC,120,3,108,KØ/86,SG/86
IC,120,3,131,SG/86,RG/86
IC,120,3,138,RG/86,RO/86
IC,120,3,146,RO/86,HTÅ/86
IC,120,3,133,HTÅ/86,KH/86
IC,120,3,52,KH/86,KK/86
IC,121,2,51,KH/86,HTÅ/86
IC,121,2,74,HTÅ/86,RO/86
IC,121,2,110,RO/86,RG/86
IC,121,2,135,RG/86,SG/86
IC,121,2,137,SG/86,KØ/86
IC,121,2,139,KØ/86,NG/86
IC,121,2,212,NG/86,OD/86
IC,121,2,153,OD/86,MD/86
IC,121,2,114,MD/86,FA/86
IC,121,3,51,KH/86,HTÅ/86
IC,121,3,74,HTÅ/86,RO/86
IC,121,3,110,RO/86,RG/86
IC,121,3,135,RG/86,SG/86
IC,121,3,137,SG/86,KØ/86
IC,121,3,139,KØ/86,NG/86
IC,121,3,212,NG/86,OD/86
IC,121,3,153,OD/86,MD/86
IC,121,3,114,MD/86,FA/86
IC,124,2,87,FA/86,MD/86
IC,124,2,81,MD/86,OD/86
IC,124,2,97,OD/86,NG/86
IC,124,2,110,NG/86,KØ/86
IC,124,2,117,KØ/86,SG/86
IC,124,2,132,SG/86,RG/86
IC,124,2,135,RG/86,RO/86
IC,124,2,135,RO/86,HTÅ/86
IC,124,2,106,HTÅ/86,KH/86
IC,124,3,87,FA/86,MD/86
IC,124,3,81,MD/86,OD/86
IC,124,3,97,OD/86,NG/86
IC,124,3,110,NG/86,KØ/86
IC,124,3,117,KØ/86,SG/86
IC,124,3,132,SG/86,RG/86
IC,124,3,135,RG/86,RO/86
IC,124,3,135,RO/86,HTÅ/86
IC,124,3,106,HTÅ/86,KH/86
IC,125,2,48,KK/86,KH/86
IC,125,2,250,KH/86,HTÅ/86
IC,125,2,305,HTÅ/86,RO/86
IC,125,2,279,RO/86,RG/86
IC,125,2,282,RG/86,SG/86
IC,125,2,226,SG/86,KØ/86
IC,125,2,220,KØ/86,NG/86
IC,125,2,220,NG/86,OD/86
IC,125,2,149,OD/86,MD/86
IC,125,2,127,MD/86,FA/86
IC,125,2,115,FA/86,VJ/86
IC,125,2,104,VJ/86,HS/86
IC,125,2,102,HS/86,SD/86
IC,125,2,95,SD/86,AR/86
IC,125,3,48,KK/86,KH/86
IC,125,3,250,KH/86,HTÅ/86
IC,125,3,305,HTÅ/86,RO/86
IC,125,3,279,RO/86,RG/86
IC,125,3,282,RG/86,SG/86
IC,125,3,226,SG/86,KØ/86
IC,125,3,220,KØ/86,NG/86
IC,125,3,220,NG/86,OD/86
IC,125,3,149,OD/86,MD/86
IC,125,3,127,MD/86,FA/86
IC,125,3,115,FA/86,VJ/86
IC,125,3,104,VJ/86,HS/86
IC,125,3,102,HS/86,SD/86
IC,125,3,95,SD/86,AR/86
IC,128,2,78,FA/86,MD/86
IC,128,2,77,MD/86,OD/86
IC,128,2,97,OD/86,NG/86
IC,128,2,104,NG/86,KØ/86
IC,128,2,107,KØ/86,SG/86
IC,128,2,125,SG/86,RG/86
IC,128,2,125,RG/86,RO/86
IC,128,2,125,RO/86,HTÅ/86
IC,128,2,112,HTÅ/86,KH/86
IC,128,2,34,KH/86,KK/86
IC,128,3,78,FA/86,MD/86
IC,128,3,77,MD/86,OD/86
IC,128,3,97,OD/86,NG/86
IC,128,3,104,NG/86,KØ/86
IC,128,3,107,KØ/86,SG/86
IC,128,3,125,SG/86,RG/86
IC,128,3,125,RG/86,RO/86
IC,128,3,125,RO/86,HTÅ/86
IC,128,3,112,HTÅ/86,KH/86
IC,128,3,34,KH/86,KK/86
IC,129,2,85,KK/86,KH/86
IC,129,2,252,KH/86,HTÅ/86
IC,129,2,237,HTÅ/86,RO/86
IC,129,2,184,RO/86,RG/86
IC,129,2,166,RG/86,SG/86
IC,129,2,131,SG/86,KØ/86
IC,129,2,126,KØ/86,NG/86
IC,129,2,118,NG/86,OD/86
IC,129,2,68,OD/86,MD/86
IC,129,2,57,MD/86,FA/86
IC,129,3,85,KK/86,KH/86
IC,129,3,252,KH/86,HTÅ/86
IC,129,3,237,HTÅ/86,RO/86
IC,129,3,184,RO/86,RG/86
IC,129,3,166,RG/86,SG/86
IC,129,3,131,SG/86,KØ/86
IC,129,3,126,KØ/86,NG/86
IC,129,3,118,NG/86,OD/86
IC,129,3,68,OD/86,MD/86
IC,129,3,57,MD/86,FA/86
IC,132,2,72,FA/86,MD/86
IC,132,2,72,MD/86,OD/86
IC,132,2,94,OD/86,NG/86
IC,132,2,112,NG/86,KØ/86
IC,132,2,117,KØ/86,SG/86
IC,132,2,143,SG/86,RG/86
IC,132,2,141,RG/86,RO/86
IC,132,2,165,RO/86,HTÅ/86
IC,132,2,143,HTÅ/86,KH/86
IC,132,2,47,KH/86,KK/86
IC,132,3,72,FA/86,MD/86
IC,132,3,72,MD/86,OD/86
IC,132,3,94,OD/86,NG/86
IC,132,3,112,NG/86,KØ/86
IC,132,3,117,KØ/86,SG/86
IC,132,3,143,SG/86,RG/86
IC,132,3,141,RG/86,RO/86
IC,132,3,165,RO/86,HTÅ/86
IC,132,3,143,HTÅ/86,KH/86
IC,132,3,47,KH/86,KK/86
IC,133,2,63,KK/86,KH/86
IC,133,2,151,KH/86,HTÅ/86
IC,133,2,138,HTÅ/86,RO/86
IC,133,2,107,RO/86,RG/86
IC,133,2,107,RG/86,SG/86
IC,133,2,84,SG/86,KØ/86
IC,133,2,80,KØ/86,NG/86
IC,133,2,73,NG/86,OD/86
IC,133,2,54,OD/86,MD/86
IC,133,2,51,MD/86,FA/86
IC,133,3,63,KK/86,KH/86
IC,133,3,151,KH/86,HTÅ/86
IC,133,3,138,HTÅ/86,RO/86
IC,133,3,107,RO/86,RG/86
IC,133,3,107,RG/86,SG/86
IC,133,3,84,SG/86,KØ/86
IC,133,3,80,KØ/86,NG/86
IC,133,3,73,NG/86,OD/86
IC,133,3,54,OD/86,MD/86
IC,133,3,51,MD/86,FA/86
IC,136,2,86,AR/86,SD/86
IC,136,2,103,SD/86,HS/86
IC,136,2,96,HS/86,VJ/86
IC,136,2,81,VJ/86,FA/86
IC,136,2,123,FA/86,MD/86
IC,136,2,124,MD/86,OD/86
IC,136,2,166,OD/86,NG/86
IC,136,2,194,NG/86,KØ/86
IC,136,2,198,KØ/86,SG/86
IC,136,2,226,SG/86,RG/86
IC,136,2,225,RG/86,RO/86
IC,136,2,250,RO/86,HTÅ/86
IC,136,2,219,HTÅ/86,KH/86
IC,136,2,69,KH/86,KK/86
IC,136,3,86,AR/86,SD/86
IC,136,3,103,SD/86,HS/86
IC,136,3,96,HS/86,VJ/86
IC,136,3,81,VJ/86,FA/86
IC,136,3,123,FA/86,MD/86
IC,136,3,124,MD/86,OD/86
IC,136,3,166,OD/86,NG/86
IC,136,3,194,NG/86,KØ/86
IC,136,3,198,KØ/86,SG/86
IC,136,3,226,SG/86,RG/86
IC,136,3,225,RG/86,RO/86
IC,136,3,250,RO/86,HTÅ/86
IC,136,3,219,HTÅ/86,KH/86
IC,136,3,69,KH/86,KK/86
IC,137,2,73,KH/86,HTÅ/86
IC,137,2,78,HTÅ/86,RO/86
IC,137,2,68,RO/86,RG/86
IC,137,2,81,RG/86,SG/86
IC,137,2,84,SG/86,KØ/86
IC,137,2,85,KØ/86,NG/86
IC,137,2,84,NG/86,OD/86
IC,137,2,66,OD/86,MD/86
IC,137,2,61,MD/86,FA/86
IC,137,3,73,KH/86,HTÅ/86
IC,137,3,78,HTÅ/86,RO/86
IC,137,3,68,RO/86,RG/86
IC,137,3,81,RG/86,SG/86
IC,137,3,84,SG/86,KØ/86
IC,137,3,85,KØ/86,NG/86
IC,137,3,84,NG/86,OD/86
IC,137,3,66,OD/86,MD/86
IC,137,3,61,MD/86,FA/86
IC,140,2,79,FA/86,MD/86
IC,140,2,85,MD/86,OD/86
IC,140,2,123,OD/86,NG/86
IC,140,2,128,NG/86,KØ/86
IC,140,2,136,KØ/86,SG/86
IC,140,2,186,SG/86,RG/86
IC,140,2,193,RG/86,RO/86
IC,140,2,236,RO/86,HTÅ/86
IC,140,2,210,HTÅ/86,KH/86
IC,140,2,68,KH/86,KK/86
IC,140,3,79,FA/86,MD/86
IC,140,3,85,MD/86,OD/86
IC,140,3,123,OD/86,NG/86
IC,140,3,128,NG/86,KØ/86
IC,140,3,136,KØ/86,SG/86
IC,140,3,186,SG/86,RG/86
IC,140,3,193,RG/86,RO/86
IC,140,3,236,RO/86,HTÅ/86
IC,140,3,210,HTÅ/86,KH/86
IC,140,3,68,KH/86,KK/86
IC,141,2,100,KH/86,HTÅ/86
IC,141,2,114,HTÅ/86,RO/86
IC,141,2,118,RO/86,RG/86
IC,141,2,121,RG/86,SG/86
IC,141,2,107,SG/86,KØ/86
IC,141,2,102,KØ/86,NG/86
IC,141,2,92,NG/86,OD/86
IC,141,2,77,OD/86,MD/86
IC,141,2,73,MD/86,FA/86
IC,141,2,69,FA/86,VJ/86
IC,141,2,99,VJ/86,HS/86
IC,141,2,111,HS/86,SD/86
IC,141,2,109,SD/86,AR/86
IC,141,3,100,KH/86,HTÅ/86
IC,141,3,114,HTÅ/86,RO/86
IC,141,3,118,RO/86,RG/86
IC,141,3,121,RG/86,SG/86
IC,141,3,107,SG/86,KØ/86
IC,141,3,102,KØ/86,NG/86
IC,141,3,92,NG/86,OD/86
IC,141,3,77,OD/86,MD/86
IC,141,3,73,MD/86,FA/86
IC,141,3,69,FA/86,VJ/86
IC,141,3,99,VJ/86,HS/86
IC,141,3,111,HS/86,SD/86
IC,141,3,109,SD/86,AR/86
IC,144,2,148,FA/86,MD/86
IC,144,2,181,MD/86,OD/86
IC,144,2,236,OD/86,NG/86
IC,144,2,228,NG/86,KØ/86
IC,144,2,235,KØ/86,SG/86
IC,144,2,262,SG/86,RG/86
IC,144,2,261,RG/86,RO/86
IC,144,2,258,RO/86,HTÅ/86
IC,144,2,230,HTÅ/86,KH/86
IC,144,2,73,KH/86,KK/86
IC,144,3,148,FA/86,MD/86
IC,144,3,181,MD/86,OD/86
IC,144,3,236,OD/86,NG/86
IC,144,3,228,NG/86,KØ/86
IC,144,3,235,KØ/86,SG/86
IC,144,3,262,SG/86,RG/86
IC,144,3,261,RG/86,RO/86
IC,144,3,258,RO/86,HTÅ/86
IC,144,3,230,HTÅ/86,KH/86
IC,144,3,73,KH/86,KK/86
IC,145,2,35,KK/86,KH/86
IC,145,2,111,KH/86,HTÅ/86
IC,145,2,123,HTÅ/86,RO/86
IC,145,2,115,RO/86,RG/86
IC,145,2,113,RG/86,SG/86
IC,145,2,90,SG/86,KØ/86
IC,145,2,85,KØ/86,NG/86
IC,145,2,75,NG/86,OD/86
IC,145,2,65,OD/86,MD/86
IC,145,2,61,MD/86,FA/86
IC,145,3,35,KK/86,KH/86
IC,145,3,111,KH/86,HTÅ/86
IC,145,3,123,HTÅ/86,RO/86
IC,145,3,115,RO/86,RG/86
IC,145,3,113,RG/86,SG/86
IC,145,3,90,SG/86,KØ/86
IC,145,3,85,KØ/86,NG/86
IC,145,3,75,NG/86,OD/86
IC,145,3,65,OD/86,MD/86
IC,145,3,61,MD/86,FA/86
IC,148,2,146,FA/86,MD/86
IC,148,2,166,MD/86,OD/86
IC,148,2,178,OD/86,NG/86
IC,148,2,182,NG/86,KØ/86
IC,148,2,184,KØ/86,SG/86
IC,148,2,187,SG/86,RG/86
IC,148,2,171,RG/86,RO/86
IC,148,2,162,RO/86,HTÅ/86
IC,148,2,137,HTÅ/86,KH/86
IC,148,2,42,KH/86,KK/86
IC,148,3,146,FA/86,MD/86
IC,148,3,166,MD/86,OD/86
IC,148,3,178,OD/86,NG/86
IC,148,3,182,NG/86,KØ/86
IC,148,3,184,KØ/86,SG/86
IC,148,3,187,SG/86,RG/86
IC,148,3,171,RG/86,RO/86
IC,148,3,162,RO/86,HTÅ/86
IC,148,3,137,HTÅ/86,KH/86
IC,148,3,42,KH/86,KK/86
IC,149,2,39,KK/86,KH/86
IC,149,2,106,KH/86,HTÅ/86
IC,149,2,123,HTÅ/86,RO/86
IC,149,2,135,RO/86,RG/86
IC,149,2,141,RG/86,SG/86
IC,149,2,121,SG/86,KØ/86
IC,149,2,112,KØ/86,NG/86
IC,149,2,105,NG/86,OD/86
IC,149,2,99,OD/86,MD/86
IC,149,2,90,MD/86,FA/86
IC,149,3,39,KK/86,KH/86
IC,149,3,106,KH/86,HTÅ/86
IC,149,3,123,HTÅ/86,RO/86
IC,149,3,135,RO/86,RG/86
IC,149,3,141,RG/86,SG/86
IC,149,3,121,SG/86,KØ/86
IC,149,3,112,KØ/86,NG/86
IC,149,3,105,NG/86,OD/86
IC,149,3,99,OD/86,MD/86
IC,149,3,90,MD/86,FA/86
IC,152,2,144,AR/86,SD/86
IC,152,2,149,SD/86,HS/86
IC,152,2,132,HS/86,VJ/86
IC,152,2,114,VJ/86,FA/86
IC,152,2,125,FA/86,MD/86
IC,152,2,142,MD/86,OD/86
IC,152,2,145,OD/86,NG/86
IC,152,2,133,NG/86,KØ/86
IC,152,2,133,KØ/86,SG/86
IC,152,2,137,SG/86,RG/86
IC,152,2,113,RG/86,RO/86
IC,152,2,108,RO/86,HTÅ/86
IC,152,2,78,HTÅ/86,KH/86
IC,152,3,144,AR/86,SD/86
IC,152,3,149,SD/86,HS/86
IC,152,3,132,HS/86,VJ/86
IC,152,3,114,VJ/86,FA/86
IC,152,3,125,FA/86,MD/86
IC,152,3,142,MD/86,OD/86
IC,152,3,145,OD/86,NG/86
IC,152,3,133,NG/86,KØ/86
IC,152,3,133,KØ/86,SG/86
IC,152,3,137,SG/86,RG/86
IC,152,3,113,RG/86,RO/86
IC,152,3,108,RO/86,HTÅ/86
IC,152,3,78,HTÅ/86,KH/86
IC,153,2,63,KK/86,KH/86
IC,153,2,199,KH/86,HTÅ/86
IC,153,2,230,HTÅ/86,RO/86
IC,153,2,241,RO/86,RG/86
IC,153,2,225,RG/86,SG/86
IC,153,2,174,SG/86,KØ/86
IC,153,2,174,KØ/86,NG/86
IC,153,2,156,NG/86,OD/86
IC,153,2,124,OD/86,MD/86
IC,153,2,109,MD/86,FA/86
IC,153,3,63,KK/86,KH/86
IC,153,3,199,KH/86,HTÅ/86
IC,153,3,230,HTÅ/86,RO/86
IC,153,3,241,RO/86,RG/86
IC,153,3,225,RG/86,SG/86
IC,153,3,174,SG/86,KØ/86
IC,153,3,174,KØ/86,NG/86
IC,153,3,156,NG/86,OD/86
IC,153,3,124,OD/86,MD/86
IC,153,3,109,MD/86,FA/86
IC,156,2,85,FA/86,MD/86
IC,156,2,82,MD/86,OD/86
IC,156,2,85,OD/86,NG/86
IC,156,2,81,NG/86,KØ/86
IC,156,2,79,KØ/86,SG/86
IC,156,2,85,SG/86,RG/86
IC,156,2,80,RG/86,RO/86
IC,156,2,78,RO/86,HTÅ/86
IC,156,2,55,HTÅ/86,KH/86
IC,156,2,34,KH/86,KK/86
IC,156,3,85,FA/86,MD/86
IC,156,3,82,MD/86,OD/86
IC,156,3,85,OD/86,NG/86
IC,156,3,81,NG/86,KØ/86
IC,156,3,79,KØ/86,SG/86
IC,156,3,85,SG/86,RG/86
IC,156,3,80,RG/86,RO/86
IC,156,3,78,RO/86,HTÅ/86
IC,156,3,55,HTÅ/86,KH/86
IC,156,3,34,KH/86,KK/86
IC,157,2,137,KK/86,KH/86
IC,157,2,380,KH/86,HTÅ/86
IC,157,2,455,HTÅ/86,RO/86
IC,157,2,465,RO/86,RG/86
IC,157,2,434,RG/86,SG/86
IC,157,2,303,SG/86,KØ/86
IC,157,2,293,KØ/86,NG/86
IC,157,2,250,NG/86,OD/86
IC,157,2,184,OD/86,MD/86
IC,157,2,169,MD/86,FA/86
IC,157,2,151,FA/86,VJ/86
IC,157,2,150,VJ/86,HS/86
IC,157,2,151,HS/86,SD/86
IC,157,2,125,SD/86,AR/86
IC,157,3,137,KK/86,KH/86
IC,157,3,380,KH/86,HTÅ/86
IC,157,3,455,HTÅ/86,RO/86
IC,157,3,465,RO/86,RG/86
IC,157,3,434,RG/86,SG/86
IC,157,3,303,SG/86,KØ/86
IC,157,3,293,KØ/86,NG/86
IC,157,3,250,NG/86,OD/86
IC,157,3,184,OD/86,MD/86
IC,157,3,169,MD/86,FA/86
IC,157,3,151,FA/86,VJ/86
IC,157,3,150,VJ/86,HS/86
IC,157,3,151,HS/86,SD/86
IC,157,3,125,SD/86,AR/86
IC,160,2,60,FA/86,MD/86
IC,160,2,59,MD/86,OD/86
IC,160,2,78,OD/86,NG/86
IC,160,2,70,NG/86,KØ/86
IC,160,2,68,KØ/86,SG/86
IC,160,2,75,SG/86,RG/86
IC,160,2,75,RG/86,RO/86
IC,160,2,80,RO/86,HTÅ/86
IC,160,2,73,HTÅ/86,KH/86
IC,160,3,60,FA/86,MD/86
IC,160,3,59,MD/86,OD/86
IC,160,3,78,OD/86,NG/86
IC,160,3,70,NG/86,KØ/86
IC,160,3,68,KØ/86,SG/86
IC,160,3,75,SG/86,RG/86
IC,160,3,75,RG/86,RO/86
IC,160,3,80,RO/86,HTÅ/86
IC,160,3,73,HTÅ/86,KH/86
IC,161,2,245,KK/86,KH/86
IC,161,2,474,KH/86,HTÅ/86
IC,161,2,519,HTÅ/86,RO/86
IC,161,2,479,RO/86,RG/86
IC,161,2,431,RG/86,SG/86
IC,161,2,286,SG/86,KØ/86
IC,161,2,281,KØ/86,NG/86
IC,161,2,236,NG/86,OD/86
IC,161,2,146,OD/86,MD/86
IC,161,2,119,MD/86,FA/86
IC,161,3,245,KK/86,KH/86
IC,161,3,474,KH/86,HTÅ/86
IC,161,3,519,HTÅ/86,RO/86
IC,161,3,479,RO/86,RG/86
IC,161,3,431,RG/86,SG/86
IC,161,3,286,SG/86,KØ/86
IC,161,3,281,KØ/86,NG/86
IC,161,3,236,NG/86,OD/86
IC,161,3,146,OD/86,MD/86
IC,161,3,119,MD/86,FA/86
IC,164,2,59,FA/86,MD/86
IC,164,2,51,MD/86,OD/86
IC,164,2,67,OD/86,NG/86
IC,164,2,86,NG/86,KØ/86
IC,164,2,92,KØ/86,SG/86
IC,164,2,89,SG/86,RG/86
IC,164,2,81,RG/86,RO/86
IC,164,2,78,RO/86,HTÅ/86
IC,164,2,65,HTÅ/86,KH/86
IC,164,3,59,FA/86,MD/86
IC,164,3,51,MD/86,OD/86
IC,164,3,67,OD/86,NG/86
IC,164,3,86,NG/86,KØ/86
IC,164,3,92,KØ/86,SG/86
IC,164,3,89,SG/86,RG/86
IC,164,3,81,RG/86,RO/86
IC,164,3,78,RO/86,HTÅ/86
IC,164,3,65,HTÅ/86,KH/86
IC,165,2,161,KK/86,KH/86
IC,165,2,376,KH/86,HTÅ/86
IC,165,2,395,HTÅ/86,RO/86
IC,165,2,332,RO/86,RG/86
IC,165,2,292,RG/86,SG/86
IC,165,2,184,SG/86,KØ/86
IC,165,2,168,KØ/86,NG/86
IC,165,2,132,NG/86,OD/86
IC,165,2,84,OD/86,MD/86
IC,165,2,76,MD/86,FA/86
IC,165,3,161,KK/86,KH/86
IC,165,3,376,KH/86,HTÅ/86
IC,165,3,395,HTÅ/86,RO/86
IC,165,3,332,RO/86,RG/86
IC,165,3,292,RG/86,SG/86
IC,165,3,184,SG/86,KØ/86
IC,165,3,168,KØ/86,NG/86
IC,165,3,132,NG/86,OD/86
IC,165,3,84,OD/86,MD/86
IC,165,3,76,MD/86,FA/86
IC,168,2,47,FA/86,MD/86
IC,168,2,43,MD/86,OD/86
IC,168,2,58,OD/86,NG/86
IC,168,2,51,NG/86,KØ/86
IC,168,2,48,KØ/86,SG/86
IC,168,2,53,SG/86,RG/86
IC,168,2,52,RG/86,RO/86
IC,168,2,52,RO/86,HTÅ/86
IC,168,2,40,HTÅ/86,KH/86
IC,168,3,47,FA/86,MD/86
IC,168,3,43,MD/86,OD/86
IC,168,3,58,OD/86,NG/86
IC,168,3,51,NG/86,KØ/86
IC,168,3,48,KØ/86,SG/86
IC,168,3,53,SG/86,RG/86
IC,168,3,52,RG/86,RO/86
IC,168,3,52,RO/86,HTÅ/86
IC,168,3,40,HTÅ/86,KH/86
IC,172,2,42,FA/86,MD/86
IC,172,2,46,MD/86,OD/86
IC,172,2,61,OD/86,NG/86
IC,172,2,54,NG/86,KØ/86
IC,172,2,44,KØ/86,SG/86
IC,172,2,46,SG/86,RG/86
IC,172,2,41,RG/86,RO/86
IC,172,2,45,RO/86,HTÅ/86
IC,172,2,38,HTÅ/86,KH/86
IC,172,3,42,FA/86,MD/86
IC,172,3,46,MD/86,OD/86
IC,172,3,61,OD/86,NG/86
IC,172,3,54,NG/86,KØ/86
IC,172,3,44,KØ/86,SG/86
IC,172,3,46,SG/86,RG/86
IC,172,3,41,RG/86,RO/86
IC,172,3,45,RO/86,HTÅ/86
IC,172,3,38,HTÅ/86,KH/86
IC,173,2,50,KK/86,KH/86
IC,173,2,130,KH/86,HTÅ/86
IC,173,2,129,HTÅ/86,RO/86
IC,173,2,100,RO/86,RG/86
IC,173,2,88,RG/86,SG/86
IC,173,2,66,SG/86,KØ/86
IC,173,2,59,KØ/86,NG/86
IC,173,2,47,NG/86,OD/86
IC,173,2,34,OD/86,MD/86
IC,173,2,48,MD/86,FA/86
IC,173,3,50,KK/86,KH/86
IC,173,3,130,KH/86,HTÅ/86
IC,173,3,129,HTÅ/86,RO/86
IC,173,3,100,RO/86,RG/86
IC,173,3,88,RG/86,SG/86
IC,173,3,66,SG/86,KØ/86
IC,173,3,59,KØ/86,NG/86
IC,173,3,47,NG/86,OD/86
IC,173,3,34,OD/86,MD/86
IC,173,3,48,MD/86,FA/86
IC,176,2,82,AR/86,SD/86
IC,176,2,80,SD/86,HS/86
IC,176,2,69,HS/86,VJ/86
IC,176,2,58,VJ/86,FA/86
IC,176,2,58,FA/86,MD/86
IC,176,2,59,MD/86,OD/86
IC,176,2,68,OD/86,NG/86
IC,176,2,68,NG/86,KØ/86
IC,176,2,68,KØ/86,SG/86
IC,176,2,67,SG/86,RG/86
IC,176,2,68,RG/86,RO/86
IC,176,2,66,RO/86,HTÅ/86
IC,176,2,62,HTÅ/86,KH/86
IC,176,3,82,AR/86,SD/86
IC,176,3,80,SD/86,HS/86
IC,176,3,69,HS/86,VJ/86
IC,176,3,58,VJ/86,FA/86
IC,176,3,58,FA/86,MD/86
IC,176,3,59,MD/86,OD/86
IC,176,3,68,OD/86,NG/86
IC,176,3,68,NG/86,KØ/86
IC,176,3,68,KØ/86,SG/86
IC,176,3,67,SG/86,RG/86
IC,176,3,68,RG/86,RO/86
IC,176,3,66,RO/86,HTÅ/86
IC,176,3,62,HTÅ/86,KH/86
IC,177,2,42,KK/86,KH/86
IC,177,2,120,KH/86,HTÅ/86
IC,177,2,125,HTÅ/86,RO/86
IC,177,2,109,RO/86,RG/86
IC,177,2,107,RG/86,SG/86
IC,177,2,93,SG/86,KØ/86
IC,177,2,66,KØ/86,NG/86
IC,177,2,48,NG/86,OD/86
IC,177,2,29,OD/86,MD/86
IC,177,2,25,MD/86,FA/86
IC,177,3,42,KK/86,KH/86
IC,177,3,120,KH/86,HTÅ/86
IC,177,3,125,HTÅ/86,RO/86
IC,177,3,109,RO/86,RG/86
IC,177,3,107,RG/86,SG/86
IC,177,3,93,SG/86,KØ/86
IC,177,3,66,KØ/86,NG/86
IC,177,3,48,NG/86,OD/86
IC,177,3,29,OD/86,MD/86
IC,177,3,25,MD/86,FA/86
IC,181,2,166,KH/86,HTÅ/86
IC,181,2,154,HTÅ/86,RO/86
IC,181,2,138,RO/86,RG/86
IC,181,2,121,RG/86,SG/86
IC,181,2,101,SG/86,KØ/86
IC,181,2,97,KØ/86,NG/86
IC,181,2,76,NG/86,OD/86
IC,181,2,75,OD/86,MD/86
IC,181,2,66,MD/86,FA/86
IC,181,2,31,FA/86,VJ/86
IC,181,2,30,VJ/86,HS/86
IC,181,2,24,HS/86,SD/86
IC,181,2,20,SD/86,AR/86
IC,181,3,166,KH/86,HTÅ/86
IC,181,3,154,HTÅ/86,RO/86
IC,181,3,138,RO/86,RG/86
IC,181,3,121,RG/86,SG/86
IC,181,3,101,SG/86,KØ/86
IC,181,3,97,KØ/86,NG/86
IC,181,3,76,NG/86,OD/86
IC,181,3,75,OD/86,MD/86
IC,181,3,66,MD/86,FA/86
IC,181,3,31,FA/86,VJ/86
IC,181,3,30,VJ/86,HS/86
IC,181,3,24,HS/86,SD/86
IC,181,3,20,SD/86,AR/86
IC,182,2,45,AR/86,SD/86
IC,182,2,47,SD/86,HS/86
IC,182,2,45,HS/86,VJ/86
IC,182,2,53,VJ/86,FA/86
IC,182,2,84,FA/86,MD/86
IC,182,2,83,MD/86,OD/86
IC,182,2,84,OD/86,NG/86
IC,182,2,83,NG/86,KØ/86
IC,182,2,83,KØ/86,SG/86
IC,182,2,82,SG/86,RG/86
IC,182,2,81,RG/86,RO/86
IC,182,2,80,RO/86,HTÅ/86
IC,182,2,79,HTÅ/86,KH/86
IC,182,3,45,AR/86,SD/86
IC,182,3,47,SD/86,HS/86
IC,182,3,45,HS/86,VJ/86
IC,182,3,53,VJ/86,FA/86
IC,182,3,84,FA/86,MD/86
IC,182,3,83,MD/86,OD/86
IC,182,3,84,OD/86,NG/86
IC,182,3,83,NG/86,KØ/86
IC,182,3,83,KØ/86,SG/86
IC,182,3,82,SG/86,RG/86
IC,182,3,81,RG/86,RO/86
IC,182,3,80,RO/86,HTÅ/86
IC,182,3,79,HTÅ/86,KH/86
IC,185,2,163,KH/86,HTÅ/86
IC,185,2,156,HTÅ/86,RO/86
IC,185,2,113,RO/86,RG/86
IC,185,2,96,RG/86,SG/86
IC,185,2,71,SG/86,KØ/86
IC,185,2,68,KØ/86,NG/86
IC,185,2,57,NG/86,OD/86
IC,185,3,163,KH/86,HTÅ/86
IC,185,3,156,HTÅ/86,RO/86
IC,185,3,113,RO/86,RG/86
IC,185,3,96,RG/86,SG/86
IC,185,3,71,SG/86,KØ/86
IC,185,3,68,KØ/86,NG/86
IC,185,3,57,NG/86,OD/86
IC,190,2,23,AR/86,SD/86
IC,190,2,27,SD/86,HS/86
IC,190,2,29,HS/86,VJ/86
IC,190,2,35,VJ/86,FA/86
IC,190,2,37,FA/86,MD/86
IC,190,2,40,MD/86,OD/86
IC,190,2,67,OD/86,NG/86
IC,190,2,69,NG/86,KØ/86
IC,190,2,70,KØ/86,SG/86
IC,190,2,79,SG/86,RG/86
IC,190,2,85,RG/86,RO/86
IC,190,2,113,RO/86,HTÅ/86
IC,190,2,151,HTÅ/86,KH/86
IC,190,3,23,AR/86,SD/86
IC,190,3,27,SD/86,HS/86
IC,190,3,29,HS/86,VJ/86
IC,190,3,35,VJ/86,FA/86
IC,190,3,37,FA/86,MD/86
IC,190,3,40,MD/86,OD/86
IC,190,3,67,OD/86,NG/86
IC,190,3,69,NG/86,KØ/86
IC,190,3,70,KØ/86,SG/86
IC,190,3,79,SG/86,RG/86
IC,190,3,85,RG/86,RO/86
IC,190,3,113,RO/86,HTÅ/86
IC,190,3,151,HTÅ/86,KH/86
IC,191,2,340,KH/86,HTÅ/86
IC,191,2,337,HTÅ/86,RO/86
IC,191,2,303,RO/86,RG/86
IC,191,2,278,RG/86,SG/86
IC,191,2,248,SG/86,KØ/86
IC,191,2,244,KØ/86,NG/86
IC,191,2,240,NG/86,OD/86
IC,191,2,187,OD/86,MD/86
IC,191,2,181,MD/86,FA/86
IC,191,2,170,FA/86,VJ/86
IC,191,2,125,VJ/86,HS/86
IC,191,2,80,HS/86,SD/86
IC,191,2,37,SD/86,AR/86
IC,191,3,340,KH/86,HTÅ/86
IC,191,3,337,HTÅ/86,RO/86
IC,191,3,303,RO/86,RG/86
IC,191,3,278,RG/86,SG/86
IC,191,3,248,SG/86,KØ/86
IC,191,3,244,KØ/86,NG/86
IC,191,3,240,NG/86,OD/86
IC,191,3,187,OD/86,MD/86
IC,191,3,181,MD/86,FA/86
IC,191,3,170,FA/86,VJ/86
IC,191,3,125,VJ/86,HS/86
IC,191,3,80,HS/86,SD/86
IC,191,3,37,SD/86,AR/86
IC,193,2,213,KH/86,HTÅ/86
IC,193,2,208,HTÅ/86,RO/86
IC,193,2,169,RO/86,RG/86
IC,193,2,149,RG/86,SG/86
IC,193,2,89,SG/86,KØ/86
IC,193,2,83,KØ/86,NG/86
IC,193,2,40,NG/86,OD/86
IC,193,3,213,KH/86,HTÅ/86
IC,193,3,208,HTÅ/86,RO/86
IC,193,3,169,RO/86,RG/86
IC,193,3,149,RG/86,SG/86
IC,193,3,89,SG/86,KØ/86
IC,193,3,83,KØ/86,NG/86
IC,193,3,40,NG/86,OD/86
RØ,200,2,26,RO/86,HTÅ/86
RØ,200,2,60,HTÅ/86,CPH/86
RØ,200,3,26,RO/86,HTÅ/86
RØ,200,3,60,HTÅ/86,CPH/86
IC,202,2,23,OD/86,NG/86
IC,202,2,36,NG/86,KØ/86
IC,202,2,36,KØ/86,SG/86
IC,202,2,92,SG/86,RG/86
IC,202,2,126,RG/86,RO/86
IC,202,2,140,RO/86,HTÅ/86
IC,202,2,162,HTÅ/86,CPH/86
IC,202,3,23,OD/86,NG/86
IC,202,3,36,NG/86,KØ/86
IC,202,3,36,KØ/86,SG/86
IC,202,3,92,SG/86,RG/86
IC,202,3,126,RG/86,RO/86
IC,202,3,140,RO/86,HTÅ/86
IC,202,3,162,HTÅ/86,CPH/86
IC,206,2,54,OD/86,NG/86
IC,206,2,73,NG/86,KØ/86
IC,206,2,73,KØ/86,SG/86
IC,206,2,177,SG/86,RG/86
IC,206,2,236,RG/86,RO/86
IC,206,2,249,RO/86,HTÅ/86
IC,206,2,243,HTÅ/86,CPH/86
IC,206,3,54,OD/86,NG/86
IC,206,3,73,NG/86,KØ/86
IC,206,3,73,KØ/86,SG/86
IC,206,3,177,SG/86,RG/86
IC,206,3,236,RG/86,RO/86
IC,206,3,249,RO/86,HTÅ/86
IC,206,3,243,HTÅ/86,CPH/86
IC,208,2,104,OD/86,NG/86
IC,208,2,136,NG/86,KØ/86
IC,208,2,136,KØ/86,SG/86
IC,208,2,210,SG/86,RG/86
IC,208,2,238,RG/86,RO/86
IC,208,2,221,RO/86,HTÅ/86
IC,208,2,219,HTÅ/86,CPH/86
IC,208,3,104,OD/86,NG/86
IC,208,3,136,NG/86,KØ/86
IC,208,3,136,KØ/86,SG/86
IC,208,3,210,SG/86,RG/86
IC,208,3,238,RG/86,RO/86
IC,208,3,221,RO/86,HTÅ/86
IC,208,3,219,HTÅ/86,CPH/86
IC,214,2,60,OD/86,NG/86
IC,214,2,84,NG/86,KØ/86
IC,214,2,84,KØ/86,SG/86
IC,214,2,124,SG/86,RG/86
IC,214,2,142,RG/86,RO/86
IC,214,2,132,RO/86,HTÅ/86
IC,214,2,143,HTÅ/86,CPH/86
IC,214,3,60,OD/86,NG/86
IC,214,3,84,NG/86,KØ/86
IC,214,3,84,KØ/86,SG/86
IC,214,3,124,SG/86,RG/86
IC,214,3,142,RG/86,RO/86
IC,214,3,132,RO/86,HTÅ/86
IC,214,3,143,HTÅ/86,CPH/86
RØ,218,2,27,SG/86,RG/86
RØ,218,2,38,RG/86,RO/86
RØ,218,2,49,RO/86,HTÅ/86
RØ,218,2,70,HTÅ/86,CPH/86
RØ,218,3,27,SG/86,RG/86
RØ,218,3,38,RG/86,RO/86
RØ,218,3,49,RO/86,HTÅ/86
RØ,218,3,70,HTÅ/86,CPH/86
RØ,222,2,33,SG/86,RG/86
RØ,222,2,41,RG/86,RO/86
RØ,222,2,60,RO/86,HTÅ/86
RØ,222,2,74,HTÅ/86,CPH/86
RØ,222,3,33,SG/86,RG/86
RØ,222,3,41,RG/86,RO/86
RØ,222,3,60,RO/86,HTÅ/86
RØ,222,3,74,HTÅ/86,CPH/86
IC,223,2,32,CPH/86,HTÅ/86
IC,223,2,62,HTÅ/86,RO/86
IC,223,2,128,RO/86,RG/86
IC,223,2,143,RG/86,SG/86
IC,223,2,162,SG/86,KØ/86
IC,223,2,162,KØ/86,NG/86
IC,223,2,188,NG/86,OD/86
IC,223,3,32,CPH/86,HTÅ/86
IC,223,3,62,HTÅ/86,RO/86
IC,223,3,128,RO/86,RG/86
IC,223,3,143,RG/86,SG/86
IC,223,3,162,SG/86,KØ/86
IC,223,3,162,KØ/86,NG/86
IC,223,3,188,NG/86,OD/86
RØ,226,2,34,SG/86,RG/86
RØ,226,2,47,RG/86,RO/86
RØ,226,2,80,RO/86,HTÅ/86
RØ,226,2,87,HTÅ/86,CPH/86
RØ,226,3,34,SG/86,RG/86
RØ,226,3,47,RG/86,RO/86
RØ,226,3,80,RO/86,HTÅ/86
RØ,226,3,87,HTÅ/86,CPH/86
IC,227,2,150,CPH/86,HTÅ/86
IC,227,2,167,HTÅ/86,RO/86
IC,227,2,205,RO/86,RG/86
IC,227,2,208,RG/86,SG/86
IC,227,2,178,SG/86,KØ/86
IC,227,2,178,KØ/86,NG/86
IC,227,2,171,NG/86,OD/86
IC,227,3,150,CPH/86,HTÅ/86
IC,227,3,167,HTÅ/86,RO/86
IC,227,3,205,RO/86,RG/86
IC,227,3,208,RG/86,SG/86
IC,227,3,178,SG/86,KØ/86
IC,227,3,178,KØ/86,NG/86
IC,227,3,171,NG/86,OD/86
RØ,230,2,28,SG/86,RG/86
RØ,230,2,35,RG/86,RO/86
RØ,230,2,67,RO/86,HTÅ/86
RØ,230,2,74,HTÅ/86,CPH/86
RØ,230,3,28,SG/86,RG/86
RØ,230,3,35,RG/86,RO/86
RØ,230,3,67,RO/86,HTÅ/86
RØ,230,3,74,HTÅ/86,CPH/86
RØ,231,2,109,CPH/86,HTÅ/86
RØ,231,2,73,HTÅ/86,RO/86
RØ,231,2,42,RO/86,RG/86
RØ,231,2,38,RG/86,SG/86
RØ,231,3,109,CPH/86,HTÅ/86
RØ,231,3,73,HTÅ/86,RO/86
RØ,231,3,42,RO/86,RG/86
RØ,231,3,38,RG/86,SG/86
RØ,234,2,39,SG/86,RG/86
RØ,234,2,61,RG/86,RO/86
RØ,234,2,125,RO/86,HTÅ/86
RØ,234,2,134,HTÅ/86,CPH/86
RØ,234,3,39,SG/86,RG/86
RØ,234,3,61,RG/86,RO/86
RØ,234,3,125,RO/86,HTÅ/86
RØ,234,3,134,HTÅ/86,CPH/86
RØ,235,2,72,CPH/86,HTÅ/86
RØ,235,2,44,HTÅ/86,RO/86
RØ,235,2,30,RO/86,RG/86
RØ,235,2,26,RG/86,SG/86
RØ,235,3,72,CPH/86,HTÅ/86
RØ,235,3,44,HTÅ/86,RO/86
RØ,235,3,30,RO/86,RG/86
RØ,235,3,26,RG/86,SG/86
IC,238,2,44,OD/86,NG/86
IC,238,2,56,NG/86,KØ/86
IC,238,2,56,KØ/86,SG/86
IC,238,2,90,SG/86,RG/86
IC,238,2,110,RG/86,RO/86
IC,238,2,209,RO/86,HTÅ/86
IC,238,2,218,HTÅ/86,CPH/86
IC,238,3,44,OD/86,NG/86
IC,238,3,56,NG/86,KØ/86
IC,238,3,56,KØ/86,SG/86
IC,238,3,90,SG/86,RG/86
IC,238,3,110,RG/86,RO/86
IC,238,3,209,RO/86,HTÅ/86
IC,238,3,218,HTÅ/86,CPH/86
RØ,239,2,46,CPH/86,HTÅ/86
RØ,239,2,38,HTÅ/86,RO/86
RØ,239,2,28,RO/86,RG/86
RØ,239,2,26,RG/86,SG/86
RØ,239,3,46,CPH/86,HTÅ/86
RØ,239,3,38,HTÅ/86,RO/86
RØ,239,3,28,RO/86,RG/86
RØ,239,3,26,RG/86,SG/86
IC,242,2,62,OD/86,NG/86
IC,242,2,72,NG/86,KØ/86
IC,242,2,72,KØ/86,SG/86
IC,242,2,104,SG/86,RG/86
IC,242,2,108,RG/86,RO/86
IC,242,2,157,RO/86,HTÅ/86
IC,242,2,179,HTÅ/86,CPH/86
IC,242,3,62,OD/86,NG/86
IC,242,3,72,NG/86,KØ/86
IC,242,3,72,KØ/86,SG/86
IC,242,3,104,SG/86,RG/86
IC,242,3,108,RG/86,RO/86
IC,242,3,157,RO/86,HTÅ/86
IC,242,3,179,HTÅ/86,CPH/86
RØ,243,2,39,CPH/86,HTÅ/86
RØ,243,2,40,HTÅ/86,RO/86
RØ,243,2,42,RO/86,RG/86
RØ,243,2,38,RG/86,SG/86
RØ,243,3,39,CPH/86,HTÅ/86
RØ,243,3,40,HTÅ/86,RO/86
RØ,243,3,42,RO/86,RG/86
RØ,243,3,38,RG/86,SG/86
IC,246,2,67,OD/86,NG/86
IC,246,2,75,NG/86,KØ/86
IC,246,2,75,KØ/86,SG/86
IC,246,2,93,SG/86,RG/86
IC,246,2,92,RG/86,RO/86
IC,246,2,85,RO/86,HTÅ/86
IC,246,2,97,HTÅ/86,CPH/86
IC,246,3,67,OD/86,NG/86
IC,246,3,75,NG/86,KØ/86
IC,246,3,75,KØ/86,SG/86
IC,246,3,93,SG/86,RG/86
IC,246,3,92,RG/86,RO/86
IC,246,3,85,RO/86,HTÅ/86
IC,246,3,97,HTÅ/86,CPH/86
RØ,247,2,37,CPH/86,HTÅ/86
RØ,247,2,34,HTÅ/86,RO/86
RØ,247,2,42,RO/86,RG/86
RØ,247,2,39,RG/86,SG/86
RØ,247,3,37,CPH/86,HTÅ/86
RØ,247,3,34,HTÅ/86,RO/86
RØ,247,3,42,RO/86,RG/86
RØ,247,3,39,RG/86,SG/86
IC,250,2,47,OD/86,NG/86
IC,250,2,51,NG/86,KØ/86
IC,250,2,51,KØ/86,SG/86
IC,250,2,64,SG/86,RG/86
IC,250,2,64,RG/86,RO/86
IC,250,2,64,RO/86,HTÅ/86
IC,250,2,70,HTÅ/86,CPH/86
IC,250,3,47,OD/86,NG/86
IC,250,3,51,NG/86,KØ/86
IC,250,3,51,KØ/86,SG/86
IC,250,3,64,SG/86,RG/86
IC,250,3,64,RG/86,RO/86
IC,250,3,64,RO/86,HTÅ/86
IC,250,3,70,HTÅ/86,CPH/86
IC,251,2,54,CPH/86,HTÅ/86
IC,251,2,76,HTÅ/86,RO/86
IC,251,2,138,RO/86,RG/86
IC,251,2,135,RG/86,SG/86
IC,251,2,123,SG/86,KØ/86
IC,251,2,123,KØ/86,NG/86
IC,251,2,113,NG/86,OD/86
IC,251,3,54,CPH/86,HTÅ/86
IC,251,3,76,HTÅ/86,RO/86
IC,251,3,138,RO/86,RG/86
IC,251,3,135,RG/86,SG/86
IC,251,3,123,SG/86,KØ/86
IC,251,3,123,KØ/86,NG/86
IC,251,3,113,NG/86,OD/86
RØ,254,2,22,SG/86,RG/86
RØ,254,2,28,RG/86,RO/86
RØ,254,2,37,RO/86,HTÅ/86
RØ,254,2,44,HTÅ/86,CPH/86
RØ,254,3,22,SG/86,RG/86
RØ,254,3,28,RG/86,RO/86
RØ,254,3,37,RO/86,HTÅ/86
RØ,254,3,44,HTÅ/86,CPH/86
IC,255,2,96,CPH/86,HTÅ/86
IC,255,2,142,HTÅ/86,RO/86
IC,255,2,217,RO/86,RG/86
IC,255,2,208,RG/86,SG/86
IC,255,2,186,SG/86,KØ/86
IC,255,2,186,KØ/86,NG/86
IC,255,2,174,NG/86,OD/86
IC,255,3,96,CPH/86,HTÅ/86
IC,255,3,142,HTÅ/86,RO/86
IC,255,3,217,RO/86,RG/86
IC,255,3,208,RG/86,SG/86
IC,255,3,186,SG/86,KØ/86
IC,255,3,186,KØ/86,NG/86
IC,255,3,174,NG/86,OD/86
RØ,258,2,18,SG/86,RG/86
RØ,258,2,28,RG/86,RO/86
RØ,258,2,28,RO/86,HTÅ/86
RØ,258,2,63,HTÅ/86,CPH/86
RØ,258,3,18,SG/86,RG/86
RØ,258,3,28,RG/86,RO/86
RØ,258,3,28,RO/86,HTÅ/86
RØ,258,3,63,HTÅ/86,CPH/86
IC,259,2,131,CPH/86,HTÅ/86
IC,259,2,228,HTÅ/86,RO/86
IC,259,2,347,RO/86,RG/86
IC,259,2,332,RG/86,SG/86
IC,259,2,231,SG/86,KØ/86
IC,259,2,231,KØ/86,NG/86
IC,259,2,204,NG/86,OD/86
IC,259,3,131,CPH/86,HTÅ/86
IC,259,3,228,HTÅ/86,RO/86
IC,259,3,347,RO/86,RG/86
IC,259,3,332,RG/86,SG/86
IC,259,3,231,SG/86,KØ/86
IC,259,3,231,KØ/86,NG/86
IC,259,3,204,NG/86,OD/86
RØ,262,2,27,SG/86,RG/86
RØ,262,2,26,RG/86,RO/86
RØ,262,2,23,RO/86,HTÅ/86
RØ,262,2,27,HTÅ/86,CPH/86
RØ,262,3,27,SG/86,RG/86
RØ,262,3,26,RG/86,RO/86
RØ,262,3,23,RO/86,HTÅ/86
RØ,262,3,27,HTÅ/86,CPH/86
IC,263,2,146,CPH/86,HTÅ/86
IC,263,2,190,HTÅ/86,RO/86
IC,263,2,248,RO/86,RG/86
IC,263,2,241,RG/86,SG/86
IC,263,2,167,SG/86,KØ/86
IC,263,2,167,KØ/86,NG/86
IC,263,2,131,NG/86,OD/86
IC,263,3,146,CPH/86,HTÅ/86
IC,263,3,190,HTÅ/86,RO/86
IC,263,3,248,RO/86,RG/86
IC,263,3,241,RG/86,SG/86
IC,263,3,167,SG/86,KØ/86
IC,263,3,167,KØ/86,NG/86
IC,263,3,131,NG/86,OD/86
RØ,266,2,8,RO/86,HTÅ/86
RØ,266,2,12,HTÅ/86,CPH/86
RØ,266,3,8,RO/86,HTÅ/86
RØ,266,3,12,HTÅ/86,CPH/86
RØ,267,2,79,CPH/86,HTÅ/86
RØ,267,2,84,HTÅ/86,RO/86
RØ,267,2,87,RO/86,RG/86
RØ,267,2,74,RG/86,SG/86
RØ,267,3,79,CPH/86,HTÅ/86
RØ,267,3,84,HTÅ/86,RO/86
RØ,267,3,87,RO/86,RG/86
RØ,267,3,74,RG/86,SG/86
RØ,270,2,7,RO/86,HTÅ/86
RØ,270,2,10,HTÅ/86,CPH/86
RØ,270,3,7,RO/86,HTÅ/86
RØ,270,3,10,HTÅ/86,CPH/86
RØ,271,2,69,CPH/86,HTÅ/86
RØ,271,2,50,HTÅ/86,RO/86
RØ,271,2,36,RO/86,RG/86
RØ,271,2,30,RG/86,SG/86
RØ,271,3,69,CPH/86,HTÅ/86
RØ,271,3,50,HTÅ/86,RO/86
RØ,271,3,36,RO/86,RG/86
RØ,271,3,30,RG/86,SG/86
RØ,274,2,8,RO/86,HTÅ/86
RØ,274,2,13,HTÅ/86,CPH/86
RØ,274,3,8,RO/86,HTÅ/86
RØ,274,3,13,HTÅ/86,CPH/86
RØ,275,2,44,CPH/86,HTÅ/86
RØ,275,2,41,HTÅ/86,RO/86
RØ,275,2,37,RO/86,RG/86
RØ,275,2,32,RG/86,SG/86
RØ,275,3,44,CPH/86,HTÅ/86
RØ,275,3,41,HTÅ/86,RO/86
RØ,275,3,37,RO/86,RG/86
RØ,275,3,32,RG/86,SG/86
RØ,279,2,64,CPH/86,HTÅ/86
RØ,279,2,37,HTÅ/86,RO/86
RØ,279,2,39,RO/86,RG/86
RØ,279,2,33,RG/86,SG/86
RØ,279,3,64,CPH/86,HTÅ/86
RØ,279,3,37,HTÅ/86,RO/86
RØ,279,3,39,RO/86,RG/86
RØ,279,3,33,RG/86,SG/86
RØ,283,2,73,CPH/86,HTÅ/86
RØ,283,2,16,HTÅ/86,RO/86
RØ,283,3,73,CPH/86,HTÅ/86
RØ,283,3,16,HTÅ/86,RO/86
RØ,287,2,24,CPH/86,HTÅ/86
RØ,287,2,15,HTÅ/86,RO/86
RØ,287,3,24,CPH/86,HTÅ/86
RØ,287,3,15,HTÅ/86,RO/86
RØ,291,2,35,CPH/86,HTÅ/86
RØ,291,2,16,HTÅ/86,RO/86
RØ,291,3,35,CPH/86,HTÅ/86
RØ,291,3,16,HTÅ/86,RO/86
RØ,295,2,9,CPH/86,HTÅ/86
RØ,295,2,6,HTÅ/86,RO/86
RØ,295,3,9,CPH/86,HTÅ/86
RØ,295,3,6,HTÅ/86,RO/86
EJ,382,2,15,/86,HMB-D/86
EJ,382,2,158,HMB-D/86,PA/86
EJ,382,2,155,PA/86,TE/86
EJ,382,2,155,TE/86,LK/86
EJ,382,2,155,LK/86,KD/86
EJ,382,2,107,KD/86,TL/86
EJ,382,2,107,TL/86,MD/86
EJ,382,2,107,MD/86,OD/86
EJ,382,2,167,OD/86,NG/86
EJ,382,2,167,NG/86,KØ/86
EJ,382,2,167,KØ/86,SG/86
EJ,382,2,167,SG/86,RG/86
EJ,382,2,169,RG/86,KJN/86
EJ,382,2,169,KJN/86,KH/86
EJ,382,3,15,/86,HMB-D/86
EJ,382,3,158,HMB-D/86,PA/86
EJ,382,3,155,PA/86,TE/86
EJ,382,3,155,TE/86,LK/86
EJ,382,3,155,LK/86,KD/86
EJ,382,3,107,KD/86,TL/86
EJ,382,3,107,TL/86,MD/86
EJ,382,3,107,MD/86,OD/86
EJ,382,3,167,OD/86,NG/86
EJ,382,3,167,NG/86,KØ/86
EJ,382,3,167,KØ/86,SG/86
EJ,382,3,167,SG/86,RG/86
EJ,382,3,169,RG/86,KJN/86
EJ,382,3,169,KJN/86,KH/86
EJ,383,2,115,KH/86,KJN/86
EJ,383,2,115,KJN/86,RG/86
EJ,383,2,130,RG/86,SG/86
EJ,383,2,130,SG/86,KØ/86
EJ,383,2,130,KØ/86,NG/86
EJ,383,2,130,NG/86,OD/86
EJ,383,2,116,OD/86,MD/86
EJ,383,2,116,MD/86,TL/86
EJ,383,2,116,TL/86,KD/86
EJ,383,2,109,KD/86,LK/86
EJ,383,2,109,LK/86,TE/86
EJ,383,2,109,TE/86,PA/86
EJ,383,2,121,PA/86,HMB-D/86
EJ,383,2,33,HMB-D/86,/86
EJ,383,3,115,KH/86,KJN/86
EJ,383,3,115,KJN/86,RG/86
EJ,383,3,130,RG/86,SG/86
EJ,383,3,130,SG/86,KØ/86
EJ,383,3,130,KØ/86,NG/86
EJ,383,3,130,NG/86,OD/86
EJ,383,3,116,OD/86,MD/86
EJ,383,3,116,MD/86,TL/86
EJ,383,3,116,TL/86,KD/86
EJ,383,3,109,KD/86,LK/86
EJ,383,3,109,LK/86,TE/86
EJ,383,3,109,TE/86,PA/86
EJ,383,3,121,PA/86,HMB-D/86
EJ,383,3,33,HMB-D/86,/86
EJ,384,2,25,/86,HMB-D/86
EJ,384,2,225,HMB-D/86,PA/86
EJ,384,2,223,PA/86,TE/86
EJ,384,2,223,TE/86,LK/86
EJ,384,2,223,LK/86,KD/86
EJ,384,2,194,KD/86,TL/86
EJ,384,2,194,TL/86,MD/86
EJ,384,2,194,MD/86,OD/86
EJ,384,2,235,OD/86,NG/86
EJ,384,2,235,NG/86,KØ/86
EJ,384,2,235,KØ/86,SG/86
EJ,384,2,235,SG/86,RG/86
EJ,384,2,233,RG/86,KJN/86
EJ,384,2,233,KJN/86,KH/86
EJ,384,3,25,/86,HMB-D/86
EJ,384,3,225,HMB-D/86,PA/86
EJ,384,3,223,PA/86,TE/86
EJ,384,3,223,TE/86,LK/86
EJ,384,3,223,LK/86,KD/86
EJ,384,3,194,KD/86,TL/86
EJ,384,3,194,TL/86,MD/86
EJ,384,3,194,MD/86,OD/86
EJ,384,3,235,OD/86,NG/86
EJ,384,3,235,NG/86,KØ/86
EJ,384,3,235,KØ/86,SG/86
EJ,384,3,235,SG/86,RG/86
EJ,384,3,233,RG/86,KJN/86
EJ,384,3,233,KJN/86,KH/86
EJ,385,2,190,KH/86,KJN/86
EJ,385,2,190,KJN/86,RG/86
EJ,385,2,195,RG/86,SG/86
EJ,385,2,195,SG/86,KØ/86
EJ,385,2,195,KØ/86,NG/86
EJ,385,2,195,NG/86,OD/86
EJ,385,2,188,OD/86,MD/86
EJ,385,2,188,MD/86,TL/86
EJ,385,2,188,TL/86,KD/86
EJ,385,2,223,KD/86,LK/86
EJ,385,2,223,LK/86,TE/86
EJ,385,2,223,TE/86,PA/86
EJ,385,2,235,PA/86,HMB-D/86
EJ,385,2,96,HMB-D/86,/86
EJ,385,3,190,KH/86,KJN/86
EJ,385,3,190,KJN/86,RG/86
EJ,385,3,195,RG/86,SG/86
EJ,385,3,195,SG/86,KØ/86
EJ,385,3,195,KØ/86,NG/86
EJ,385,3,195,NG/86,OD/86
EJ,385,3,188,OD/86,MD/86
EJ,385,3,188,MD/86,TL/86
EJ,385,3,188,TL/86,KD/86
EJ,385,3,223,KD/86,LK/86
EJ,385,3,223,LK/86,TE/86
EJ,385,3,223,TE/86,PA/86
EJ,385,3,235,PA/86,HMB-D/86
EJ,385,3,96,HMB-D/86,/86
EJ,386,2,0,/86,HMB-D/86
EJ,386,2,3,HMB-D/86,FLB-D/86
EJ,386,2,3,FLB-D/86,PA/86
EJ,386,2,1,PA/86,TE/86
EJ,386,2,1,TE/86,LK/86
EJ,386,2,1,LK/86,KD/86
EJ,386,2,0,KD/86,TL/86
EJ,386,2,0,TL/86,MD/86
EJ,386,2,0,MD/86,OD/86
EJ,386,2,0,OD/86,NG/86
EJ,386,2,0,NG/86,KØ/86
EJ,386,2,0,KØ/86,SG/86
EJ,386,2,0,SG/86,RG/86
EJ,386,2,0,RG/86,KJN/86
EJ,386,2,0,KJN/86,KH/86
EJ,386,3,0,/86,HMB-D/86
EJ,386,3,3,HMB-D/86,FLB-D/86
EJ,386,3,3,FLB-D/86,PA/86
EJ,386,3,1,PA/86,TE/86
EJ,386,3,1,TE/86,LK/86
EJ,386,3,1,LK/86,KD/86
EJ,386,3,0,KD/86,TL/86
EJ,386,3,0,TL/86,MD/86
EJ,386,3,0,MD/86,OD/86
EJ,386,3,0,OD/86,NG/86
EJ,386,3,0,NG/86,KØ/86
EJ,386,3,0,KØ/86,SG/86
EJ,386,3,0,SG/86,RG/86
EJ,386,3,0,RG/86,KJN/86
EJ,386,3,0,KJN/86,KH/86
EJ,387,2,81,KH/86,KJN/86
EJ,387,2,81,KJN/86,RG/86
EJ,387,2,62,RG/86,SG/86
EJ,387,2,62,SG/86,KØ/86
EJ,387,2,62,KØ/86,NG/86
EJ,387,2,62,NG/86,OD/86
EJ,387,2,5,OD/86,MD/86
EJ,387,2,5,MD/86,TL/86
EJ,387,2,5,TL/86,KD/86
EJ,387,2,5,KD/86,LK/86
EJ,387,2,5,LK/86,TE/86
EJ,387,2,5,TE/86,PA/86
EJ,387,2,5,PA/86,FLB-D/86
EJ,387,2,0,FLB-D/86,HMB-D/86
EJ,387,2,0,HMB-D/86,/86
EJ,387,3,81,KH/86,KJN/86
EJ,387,3,81,KJN/86,RG/86
EJ,387,3,62,RG/86,SG/86
EJ,387,3,62,SG/86,KØ/86
EJ,387,3,62,KØ/86,NG/86
EJ,387,3,62,NG/86,OD/86
EJ,387,3,5,OD/86,MD/86
EJ,387,3,5,MD/86,TL/86
EJ,387,3,5,TL/86,KD/86
EJ,387,3,5,KD/86,LK/86
EJ,387,3,5,LK/86,TE/86
EJ,387,3,5,TE/86,PA/86
EJ,387,3,5,PA/86,FLB-D/86
EJ,387,3,0,FLB-D/86,HMB-D/86
EJ,387,3,0,HMB-D/86,/86
EX,392,2,23,HMB-D/86,PA/86
EX,392,2,25,PA/86,TE/86
EX,392,2,25,TE/86,LK/86
EX,392,2,25,LK/86,KD/86
EX,392,2,23,KD/86,TL/86
EX,392,2,23,TL/86,MD/86
EX,392,2,23,MD/86,OD/86
EX,392,2,14,OD/86,NG/86
EX,392,2,14,NG/86,KØ/86
EX,392,2,14,KØ/86,SG/86
EX,392,2,14,SG/86,RG/86
EX,392,2,15,RG/86,KJN/86
EX,392,2,15,KJN/86,KH/86
EX,392,3,23,HMB-D/86,PA/86
EX,392,3,25,PA/86,TE/86
EX,392,3,25,TE/86,LK/86
EX,392,3,25,LK/86,KD/86
EX,392,3,23,KD/86,TL/86
EX,392,3,23,TL/86,MD/86
EX,392,3,23,MD/86,OD/86
EX,392,3,14,OD/86,NG/86
EX,392,3,14,NG/86,KØ/86
EX,392,3,14,KØ/86,SG/86
EX,392,3,14,SG/86,RG/86
EX,392,3,15,RG/86,KJN/86
EX,392,3,15,KJN/86,KH/86
EX,393,2,193,KH/86,KJN/86
EX,393,2,193,KJN/86,RG/86
EX,393,2,206,RG/86,SG/86
EX,393,2,206,SG/86,KØ/86
EX,393,2,206,KØ/86,NG/86
EX,393,2,206,NG/86,OD/86
EX,393,2,180,OD/86,MD/86
EX,393,2,180,MD/86,TL/86
EX,393,2,180,TL/86,KD/86
EX,393,2,229,KD/86,LK/86
EX,393,2,229,LK/86,TE/86
EX,393,2,229,TE/86,PA/86
EX,393,2,246,PA/86,HMB-D/86
EX,393,3,193,KH/86,KJN/86
EX,393,3,193,KJN/86,RG/86
EX,393,3,206,RG/86,SG/86
EX,393,3,206,SG/86,KØ/86
EX,393,3,206,KØ/86,NG/86
EX,393,3,206,NG/86,OD/86
EX,393,3,180,OD/86,MD/86
EX,393,3,180,MD/86,TL/86
EX,393,3,180,TL/86,KD/86
EX,393,3,229,KD/86,LK/86
EX,393,3,229,LK/86,TE/86
EX,393,3,229,TE/86,PA/86
EX,393,3,246,PA/86,HMB-D/86
EX,394,2,236,HMB-D/86,PA/86
EX,394,2,232,PA/86,TE/86
EX,394,2,232,TE/86,LK/86
EX,394,2,232,LK/86,KD/86
EX,394,2,190,KD/86,TL/86
EX,394,2,190,TL/86,MD/86
EX,394,2,190,MD/86,OD/86
EX,394,2,190,OD/86,NG/86
EX,394,2,190,NG/86,KØ/86
EX,394,2,190,KØ/86,SG/86
EX,394,2,190,SG/86,RG/86
EX,394,2,189,RG/86,KJN/86
EX,394,2,189,KJN/86,KH/86
EX,394,3,236,HMB-D/86,PA/86
EX,394,3,232,PA/86,TE/86
EX,394,3,232,TE/86,LK/86
EX,394,3,232,LK/86,KD/86
EX,394,3,190,KD/86,TL/86
EX,394,3,190,TL/86,MD/86
EX,394,3,190,MD/86,OD/86
EX,394,3,190,OD/86,NG/86
EX,394,3,190,NG/86,KØ/86
EX,394,3,190,KØ/86,SG/86
EX,394,3,190,SG/86,RG/86
EX,394,3,189,RG/86,KJN/86
EX,394,3,189,KJN/86,KH/86
EX,395,2,272,KH/86,KJN/86
EX,395,2,272,KJN/86,RG/86
EX,395,2,282,RG/86,SG/86
EX,395,2,282,SG/86,KØ/86
EX,395,2,282,KØ/86,NG/86
EX,395,2,282,NG/86,OD/86
EX,395,2,269,OD/86,MD/86
EX,395,2,269,MD/86,TL/86
EX,395,2,269,TL/86,KD/86
EX,395,2,277,KD/86,LK/86
EX,395,2,277,LK/86,TE/86
EX,395,2,277,TE/86,PA/86
EX,395,2,272,PA/86,HMB-D/86
EX,395,3,272,KH/86,KJN/86
EX,395,3,272,KJN/86,RG/86
EX,395,3,282,RG/86,SG/86
EX,395,3,282,SG/86,KØ/86
EX,395,3,282,KØ/86,NG/86
EX,395,3,282,NG/86,OD/86
EX,395,3,269,OD/86,MD/86
EX,395,3,269,MD/86,TL/86
EX,395,3,269,TL/86,KD/86
EX,395,3,277,KD/86,LK/86
EX,395,3,277,LK/86,TE/86
EX,395,3,277,TE/86,PA/86
EX,395,3,272,PA/86,HMB-D/86
EX,396,2,221,HMB-D/86,PA/86
EX,396,2,219,PA/86,TE/86
EX,396,2,219,TE/86,LK/86
EX,396,2,219,LK/86,KD/86
EX,396,2,200,KD/86,TL/86
EX,396,2,200,TL/86,MD/86
EX,396,2,200,MD/86,OD/86
EX,396,2,256,OD/86,NG/86
EX,396,2,256,NG/86,KØ/86
EX,396,2,256,KØ/86,SG/86
EX,396,2,256,SG/86,RG/86
EX,396,2,274,RG/86,KJN/86
EX,396,2,274,KJN/86,KH/86
EX,396,3,221,HMB-D/86,PA/86
EX,396,3,219,PA/86,TE/86
EX,396,3,219,TE/86,LK/86
EX,396,3,219,LK/86,KD/86
EX,396,3,200,KD/86,TL/86
EX,396,3,200,TL/86,MD/86
EX,396,3,200,MD/86,OD/86
EX,396,3,256,OD/86,NG/86
EX,396,3,256,NG/86,KØ/86
EX,396,3,256,KØ/86,SG/86
EX,396,3,256,SG/86,RG/86
EX,396,3,274,RG/86,KJN/86
EX,396,3,274,KJN/86,KH/86
EX,397,2,149,KH/86,KJN/86
EX,397,2,149,KJN/86,RG/86
EX,397,2,146,RG/86,SG/86
EX,397,2,146,SG/86,KØ/86
EX,397,2,146,KØ/86,NG/86
EX,397,2,146,NG/86,OD/86
EX,397,2,104,OD/86,MD/86
EX,397,2,104,MD/86,TL/86
EX,397,2,104,TL/86,KD/86
EX,397,2,113,KD/86,LK/86
EX,397,2,113,LK/86,TE/86
EX,397,2,113,TE/86,PA/86
EX,397,2,113,PA/86,HMB-D/86
EX,397,3,149,KH/86,KJN/86
EX,397,3,149,KJN/86,RG/86
EX,397,3,146,RG/86,SG/86
EX,397,3,146,SG/86,KØ/86
EX,397,3,146,KØ/86,NG/86
EX,397,3,146,NG/86,OD/86
EX,397,3,104,OD/86,MD/86
EX,397,3,104,MD/86,TL/86
EX,397,3,104,TL/86,KD/86
EX,397,3,113,KD/86,LK/86
EX,397,3,113,LK/86,TE/86
EX,397,3,113,TE/86,PA/86
EX,397,3,113,PA/86,HMB-D/86
EX,398,2,234,HMB-D/86,PA/86
EX,398,2,235,PA/86,TE/86
EX,398,2,235,TE/86,LK/86
EX,398,2,235,LK/86,KD/86
EX,398,2,210,KD/86,TL/86
EX,398,2,210,TL/86,MD/86
EX,398,2,210,MD/86,OD/86
EX,398,2,237,OD/86,NG/86
EX,398,2,237,NG/86,KØ/86
EX,398,2,237,KØ/86,SG/86
EX,398,2,237,SG/86,RG/86
EX,398,2,243,RG/86,KJN/86
EX,398,2,243,KJN/86,KH/86
EX,398,3,234,HMB-D/86,PA/86
EX,398,3,235,PA/86,TE/86
EX,398,3,235,TE/86,LK/86
EX,398,3,235,LK/86,KD/86
EX,398,3,210,KD/86,TL/86
EX,398,3,210,TL/86,MD/86
EX,398,3,210,MD/86,OD/86
EX,398,3,237,OD/86,NG/86
EX,398,3,237,NG/86,KØ/86
EX,398,3,237,KØ/86,SG/86
EX,398,3,237,SG/86,RG/86
EX,398,3,243,RG/86,KJN/86
EX,398,3,243,KJN/86,KH/86
EX,399,2,201,KH/86,KJN/86
EX,399,2,201,KJN/86,RG/86
EX,399,2,133,RG/86,SG/86
EX,399,2,133,SG/86,KØ/86
EX,399,2,133,KØ/86,NG/86
EX,399,2,133,NG/86,OD/86
EX,399,2,76,OD/86,MD/86
EX,399,2,76,MD/86,TL/86
EX,399,2,76,TL/86,KD/86
EX,399,2,81,KD/86,LK/86
EX,399,2,81,LK/86,TE/86
EX,399,2,81,TE/86,PA/86
EX,399,2,81,PA/86,HMB-D/86
EX,399,3,201,KH/86,KJN/86
EX,399,3,201,KJN/86,RG/86
EX,399,3,133,RG/86,SG/86
EX,399,3,133,SG/86,KØ/86
EX,399,3,133,KØ/86,NG/86
EX,399,3,133,NG/86,OD/86
EX,399,3,76,OD/86,MD/86
EX,399,3,76,MD/86,TL/86
EX,399,3,76,TL/86,KD/86
EX,399,3,81,KD/86,LK/86
EX,399,3,81,LK/86,TE/86
EX,399,3,81,TE/86,PA/86
EX,399,3,81,PA/86,HMB-D/86
IC,412,2,87,AR/86,SD/86
IC,412,2,127,SD/86,HS/86
IC,412,2,162,HS/86,VJ/86
IC,412,2,158,VJ/86,FA/86
IC,412,3,87,AR/86,SD/86
IC,412,3,127,SD/86,HS/86
IC,412,3,162,HS/86,VJ/86
IC,412,3,158,VJ/86,FA/86
IC,413,2,70,FA/86,VJ/86
IC,413,2,118,VJ/86,HS/86
IC,413,2,161,HS/86,SD/86
IC,413,2,167,SD/86,AR/86
IC,413,3,70,FA/86,VJ/86
IC,413,3,118,VJ/86,HS/86
IC,413,3,161,HS/86,SD/86
IC,413,3,167,SD/86,AR/86
IC,416,2,221,AR/86,SD/86
IC,416,2,232,SD/86,HS/86
IC,416,2,239,HS/86,VJ/86
IC,416,2,204,VJ/86,FA/86
IC,416,3,221,AR/86,SD/86
IC,416,3,232,SD/86,HS/86
IC,416,3,239,HS/86,VJ/86
IC,416,3,204,VJ/86,FA/86
IC,417,2,184,FA/86,VJ/86
IC,417,2,203,VJ/86,HS/86
IC,417,2,213,HS/86,SD/86
IC,417,2,197,SD/86,AR/86
IC,417,3,184,FA/86,VJ/86
IC,417,3,203,VJ/86,HS/86
IC,417,3,213,HS/86,SD/86
IC,417,3,197,SD/86,AR/86
IC,421,2,138,FA/86,VJ/86
IC,421,2,128,VJ/86,HS/86
IC,421,2,126,HS/86,SD/86
IC,421,2,119,SD/86,AR/86
IC,421,3,138,FA/86,VJ/86
IC,421,3,128,VJ/86,HS/86
IC,421,3,126,HS/86,SD/86
IC,421,3,119,SD/86,AR/86
IC,424,2,151,AR/86,SD/86
IC,424,2,145,SD/86,HS/86
IC,424,2,128,HS/86,VJ/86
IC,424,2,114,VJ/86,FA/86
IC,424,3,151,AR/86,SD/86
IC,424,3,145,SD/86,HS/86
IC,424,3,128,HS/86,VJ/86
IC,424,3,114,VJ/86,FA/86
IC,428,2,69,AR/86,SD/86
IC,428,2,68,SD/86,HS/86
IC,428,2,65,HS/86,VJ/86
IC,428,2,58,VJ/86,FA/86
IC,428,3,69,AR/86,SD/86
IC,428,3,68,SD/86,HS/86
IC,428,3,65,HS/86,VJ/86
IC,428,3,58,VJ/86,FA/86
IC,429,2,72,FA/86,VJ/86
IC,429,2,85,VJ/86,HS/86
IC,429,2,92,HS/86,SD/86
IC,429,2,89,SD/86,AR/86
IC,429,3,72,FA/86,VJ/86
IC,429,3,85,VJ/86,HS/86
IC,429,3,92,HS/86,SD/86
IC,429,3,89,SD/86,AR/86
IC,432,2,92,AR/86,SD/86
IC,432,2,96,SD/86,HS/86
IC,432,2,95,HS/86,VJ/86
IC,432,2,93,VJ/86,FA/86
IC,432,3,92,AR/86,SD/86
IC,432,3,96,SD/86,HS/86
IC,432,3,95,HS/86,VJ/86
IC,432,3,93,VJ/86,FA/86
IC,433,2,98,FA/86,VJ/86
IC,433,2,111,VJ/86,HS/86
IC,433,2,119,HS/86,SD/86
IC,433,2,116,SD/86,AR/86
IC,433,3,98,FA/86,VJ/86
IC,433,3,111,VJ/86,HS/86
IC,433,3,119,HS/86,SD/86
IC,433,3,116,SD/86,AR/86
IC,437,2,120,FA/86,VJ/86
IC,437,2,133,VJ/86,HS/86
IC,437,2,135,HS/86,SD/86
IC,437,2,131,SD/86,AR/86
IC,437,3,120,FA/86,VJ/86
IC,437,3,133,VJ/86,HS/86
IC,437,3,135,HS/86,SD/86
IC,437,3,131,SD/86,AR/86
IC,440,2,111,AR/86,SD/86
IC,440,2,113,SD/86,HS/86
IC,440,2,112,HS/86,VJ/86
IC,440,2,109,VJ/86,FA/86
IC,440,3,111,AR/86,SD/86
IC,440,3,113,SD/86,HS/86
IC,440,3,112,HS/86,VJ/86
IC,440,3,109,VJ/86,FA/86
IC,444,2,182,AR/86,SD/86
IC,444,2,192,SD/86,HS/86
IC,444,2,213,HS/86,VJ/86
IC,444,2,230,VJ/86,FA/86
IC,444,3,182,AR/86,SD/86
IC,444,3,192,SD/86,HS/86
IC,444,3,213,HS/86,VJ/86
IC,444,3,230,VJ/86,FA/86
IC,445,2,134,FA/86,VJ/86
IC,445,2,192,VJ/86,HS/86
IC,445,2,206,HS/86,SD/86
IC,445,2,217,SD/86,AR/86
IC,445,3,134,FA/86,VJ/86
IC,445,3,192,VJ/86,HS/86
IC,445,3,206,HS/86,SD/86
IC,445,3,217,SD/86,AR/86
IC,448,2,125,AR/86,SD/86
IC,448,2,122,SD/86,HS/86
IC,448,2,116,HS/86,VJ/86
IC,448,2,127,VJ/86,FA/86
IC,448,3,125,AR/86,SD/86
IC,448,3,122,SD/86,HS/86
IC,448,3,116,HS/86,VJ/86
IC,448,3,127,VJ/86,FA/86
IC,449,2,174,FA/86,VJ/86
IC,449,2,265,VJ/86,HS/86
IC,449,2,273,HS/86,SD/86
IC,449,2,286,SD/86,AR/86
IC,449,3,174,FA/86,VJ/86
IC,449,3,265,VJ/86,HS/86
IC,449,3,273,HS/86,SD/86
IC,449,3,286,SD/86,AR/86
IC,453,2,199,FA/86,VJ/86
IC,453,2,231,VJ/86,HS/86
IC,453,2,219,HS/86,SD/86
IC,453,2,196,SD/86,AR/86
IC,453,3,199,FA/86,VJ/86
IC,453,3,231,VJ/86,HS/86
IC,453,3,219,HS/86,SD/86
IC,453,3,196,SD/86,AR/86
IC,456,2,151,AR/86,SD/86
IC,456,2,142,SD/86,HS/86
IC,456,2,124,HS/86,VJ/86
IC,456,2,118,VJ/86,FA/86
IC,456,3,151,AR/86,SD/86
IC,456,3,142,SD/86,HS/86
IC,456,3,124,HS/86,VJ/86
IC,456,3,118,VJ/86,FA/86
IC,460,2,87,AR/86,SD/86
IC,460,2,83,SD/86,HS/86
IC,460,2,80,HS/86,VJ/86
IC,460,2,66,VJ/86,FA/86
IC,460,3,87,AR/86,SD/86
IC,460,3,83,SD/86,HS/86
IC,460,3,80,HS/86,VJ/86
IC,460,3,66,VJ/86,FA/86
IC,461,2,128,FA/86,VJ/86
IC,461,2,124,VJ/86,HS/86
IC,461,2,121,HS/86,SD/86
IC,461,2,107,SD/86,AR/86
IC,461,3,128,FA/86,VJ/86
IC,461,3,124,VJ/86,HS/86
IC,461,3,121,HS/86,SD/86
IC,461,3,107,SD/86,AR/86
IC,464,2,100,AR/86,SD/86
IC,464,2,96,SD/86,HS/86
IC,464,2,91,HS/86,VJ/86
IC,464,2,88,VJ/86,FA/86
IC,464,3,100,AR/86,SD/86
IC,464,3,96,SD/86,HS/86
IC,464,3,91,HS/86,VJ/86
IC,464,3,88,VJ/86,FA/86
IC,465,2,102,FA/86,VJ/86
IC,465,2,106,VJ/86,HS/86
IC,465,2,93,HS/86,SD/86
IC,465,2,80,SD/86,AR/86
IC,465,3,102,FA/86,VJ/86
IC,465,3,106,VJ/86,HS/86
IC,465,3,93,HS/86,SD/86
IC,465,3,80,SD/86,AR/86
IC,468,2,39,AR/86,SD/86
IC,468,2,39,SD/86,HS/86
IC,468,2,51,HS/86,VJ/86
IC,468,2,52,VJ/86,FA/86
IC,468,3,39,AR/86,SD/86
IC,468,3,39,SD/86,HS/86
IC,468,3,51,HS/86,VJ/86
IC,468,3,52,VJ/86,FA/86
IC,469,2,77,FA/86,VJ/86
IC,469,2,88,VJ/86,HS/86
IC,469,2,89,HS/86,SD/86
IC,469,2,94,SD/86,AR/86
IC,469,3,77,FA/86,VJ/86
IC,469,3,88,VJ/86,HS/86
IC,469,3,89,HS/86,SD/86
IC,469,3,94,SD/86,AR/86
IC,471,2,49,FA/86,VJ/86
IC,471,2,46,VJ/86,HS/86
IC,471,2,41,HS/86,SD/86
IC,471,2,39,SD/86,AR/86
IC,471,3,49,FA/86,VJ/86
IC,471,3,46,VJ/86,HS/86
IC,471,3,41,HS/86,SD/86
IC,471,3,39,SD/86,AR/86
IC,474,2,95,AR/86,SD/86
IC,474,2,82,SD/86,HS/86
IC,474,2,63,HS/86,VJ/86
IC,474,2,53,VJ/86,FA/86
IC,474,3,95,AR/86,SD/86
IC,474,3,82,SD/86,HS/86
IC,474,3,63,HS/86,VJ/86
IC,474,3,53,VJ/86,FA/86
IC,477,2,48,FA/86,VJ/86
IC,477,2,44,VJ/86,HS/86
IC,477,2,35,HS/86,SD/86
IC,477,2,29,SD/86,AR/86
IC,477,3,48,FA/86,VJ/86
IC,477,3,44,VJ/86,HS/86
IC,477,3,35,HS/86,SD/86
IC,477,3,29,SD/86,AR/86
IC,484,2,27,AR/86,SD/86
IC,484,2,25,SD/86,HS/86
IC,484,2,16,HS/86,VJ/86
IC,484,2,9,VJ/86,FA/86
IC,484,2,1,FA/86,TL/86
IC,484,2,1,TL/86,KD/86
IC,484,3,27,AR/86,SD/86
IC,484,3,25,SD/86,HS/86
IC,484,3,16,HS/86,VJ/86
IC,484,3,9,VJ/86,FA/86
IC,484,3,1,FA/86,TL/86
IC,484,3,1,TL/86,KD/86
IC,485,2,3,FA/86,VJ/86
IC,485,2,7,VJ/86,HS/86
IC,485,2,5,HS/86,SD/86
IC,485,2,5,SD/86,AR/86
IC,485,3,3,FA/86,VJ/86
IC,485,3,7,VJ/86,HS/86
IC,485,3,5,HS/86,SD/86
IC,485,3,5,SD/86,AR/86
L,608,2,174,OD/86,NG/86
L,608,2,247,NG/86,KØ/86
L,608,2,247,KØ/86,SG/86
L,608,2,368,SG/86,RG/86
L,608,2,368,RG/86,KJN/86
L,608,2,368,KJN/86,KH/86
L,608,3,174,OD/86,NG/86
L,608,3,247,NG/86,KØ/86
L,608,3,247,KØ/86,SG/86
L,608,3,368,SG/86,RG/86
L,608,3,368,RG/86,KJN/86
L,608,3,368,KJN/86,KH/86
L,649,2,50,KH/86,KJN/86
L,649,2,50,KJN/86,RG/86
L,649,2,50,RG/86,SG/86
L,649,2,50,SG/86,KØ/86
L,649,2,50,KØ/86,NG/86
L,649,2,50,NG/86,OD/86
L,649,2,11,OD/86,MD/86
L,649,2,11,MD/86,FA/86
L,649,3,50,KH/86,KJN/86
L,649,3,50,KJN/86,RG/86
L,649,3,50,RG/86,SG/86
L,649,3,50,SG/86,KØ/86
L,649,3,50,KØ/86,NG/86
L,649,3,50,NG/86,OD/86
L,649,3,11,OD/86,MD/86
L,649,3,11,MD/86,FA/86
L,659,2,176,KH/86,KJN/86
L,659,2,176,KJN/86,RG/86
L,659,2,176,RG/86,SG/86
L,659,2,176,SG/86,KØ/86
L,659,2,176,KØ/86,NG/86
L,659,2,176,NG/86,OD/86
L,659,2,42,OD/86,MD/86
L,659,2,42,MD/86,FA/86
L,659,3,176,KH/86,KJN/86
L,659,3,176,KJN/86,RG/86
L,659,3,176,RG/86,SG/86
L,659,3,176,SG/86,KØ/86
L,659,3,176,KØ/86,NG/86
L,659,3,176,NG/86,OD/86
L,659,3,42,OD/86,MD/86
L,659,3,42,MD/86,FA/86
L,722,2,26,STR/86,HO/86
L,722,2,50,HO/86,HR/86
L,722,2,75,HR/86,VJ/86
L,722,2,71,VJ/86,FA/86
L,722,2,314,VJ/86,/86
L,722,3,26,STR/86,HO/86
L,722,3,50,HO/86,HR/86
L,722,3,75,HR/86,VJ/86
L,722,3,71,VJ/86,FA/86
L,722,3,314,VJ/86,/86
L,723,2,67,FA/86,VJ/86
L,723,2,67,VJ/86,HR/86
L,723,2,22,HR/86,HO/86
L,723,2,9,HO/86,STR/86
L,723,3,67,FA/86,VJ/86
L,723,3,67,VJ/86,HR/86
L,723,3,22,HR/86,HO/86
L,723,3,9,HO/86,STR/86
L,731,2,71,FA/86,VJ/86
L,731,2,72,VJ/86,HR/86
L,731,2,39,HR/86,HO/86
L,731,2,22,HO/86,STR/86
L,731,3,71,FA/86,VJ/86
L,731,3,72,VJ/86,HR/86
L,731,3,39,HR/86,HO/86
L,731,3,22,HO/86,STR/86
L,738,2,20,STR/86,HO/86
L,738,2,42,HO/86,HR/86
L,738,2,82,HR/86,VJ/86
L,738,2,73,VJ/86,FA/86
L,738,2,289,VJ/86,/86
L,738,3,20,STR/86,HO/86
L,738,3,42,HO/86,HR/86
L,738,3,82,HR/86,VJ/86
L,738,3,73,VJ/86,FA/86
L,738,3,289,VJ/86,/86
L,746,2,33,STR/86,HO/86
L,746,2,51,HO/86,HR/86
L,746,2,124,HR/86,VJ/86
L,746,2,91,VJ/86,FA/86
L,746,2,349,VJ/86,KK/86
L,746,3,33,STR/86,HO/86
L,746,3,51,HO/86,HR/86
L,746,3,124,HR/86,VJ/86
L,746,3,91,VJ/86,FA/86
L,746,3,349,VJ/86,KK/86
L,747,2,76,VJ/86,HR/86
L,747,2,42,HR/86,HO/86
L,747,2,15,HO/86,STR/86
L,747,3,76,VJ/86,HR/86
L,747,3,42,HR/86,HO/86
L,747,3,15,HO/86,STR/86
L,762,2,11,STR/86,HO/86
L,762,2,27,HO/86,HR/86
L,762,2,52,HR/86,VJ/86
L,762,2,50,VJ/86,FA/86
L,762,2,166,VJ/86,/86
L,762,3,11,STR/86,HO/86
L,762,3,27,HO/86,HR/86
L,762,3,52,HR/86,VJ/86
L,762,3,50,VJ/86,FA/86
L,762,3,166,VJ/86,/86
L,763,2,96,FA/86,VJ/86
L,763,2,97,VJ/86,HR/86
L,763,2,60,HR/86,HO/86
L,763,2,44,HO/86,STR/86
L,763,3,96,FA/86,VJ/86
L,763,3,97,VJ/86,HR/86
L,763,3,60,HR/86,HO/86
L,763,3,44,HO/86,STR/86
IC,802,2,25,OD/86,NG/86
IC,802,2,53,NG/86,KØ/86
IC,802,2,73,KØ/86,SG/86
IC,802,2,145,SG/86,RG/86
IC,802,2,246,RG/86,KJN/86
IC,802,2,244,KJN/86,KH/86
IC,802,2,87,KH/86,KK/86
IC,802,3,25,OD/86,NG/86
IC,802,3,53,NG/86,KØ/86
IC,802,3,73,KØ/86,SG/86
IC,802,3,145,SG/86,RG/86
IC,802,3,246,RG/86,KJN/86
IC,802,3,244,KJN/86,KH/86
IC,802,3,87,KH/86,KK/86
IC,806,2,11,ES/86,BM/86
IC,806,2,11,BM/86,LK/86
IC,806,2,11,LK/86,KD/86
IC,806,2,29,KD/86,TL/86
IC,806,2,29,TL/86,MD/86
IC,806,2,35,MD/86,OD/86
IC,806,2,62,OD/86,NG/86
IC,806,2,90,NG/86,KØ/86
IC,806,2,125,KØ/86,SG/86
IC,806,2,350,SG/86,RG/86
IC,806,2,515,RG/86,KJN/86
IC,806,2,529,KJN/86,KH/86
IC,806,2,214,KH/86,KK/86
IC,806,3,11,ES/86,BM/86
IC,806,3,11,BM/86,LK/86
IC,806,3,11,LK/86,KD/86
IC,806,3,29,KD/86,TL/86
IC,806,3,29,TL/86,MD/86
IC,806,3,35,MD/86,OD/86
IC,806,3,62,OD/86,NG/86
IC,806,3,90,NG/86,KØ/86
IC,806,3,125,KØ/86,SG/86
IC,806,3,350,SG/86,RG/86
IC,806,3,515,RG/86,KJN/86
IC,806,3,529,KJN/86,KH/86
IC,806,3,214,KH/86,KK/86
IC,810,2,33,ES/86,BM/86
IC,810,2,49,BM/86,LK/86
IC,810,2,49,LK/86,KD/86
IC,810,2,114,KD/86,TL/86
IC,810,2,114,TL/86,MD/86
IC,810,2,141,MD/86,OD/86
IC,810,2,210,OD/86,NG/86
IC,810,2,291,NG/86,KØ/86
IC,810,2,300,KØ/86,SG/86
IC,810,2,483,SG/86,RG/86
IC,810,2,558,RG/86,KJN/86
IC,810,2,543,KJN/86,KH/86
IC,810,2,239,KH/86,KK/86
IC,810,3,33,ES/86,BM/86
IC,810,3,49,BM/86,LK/86
IC,810,3,49,LK/86,KD/86
IC,810,3,114,KD/86,TL/86
IC,810,3,114,TL/86,MD/86
IC,810,3,141,MD/86,OD/86
IC,810,3,210,OD/86,NG/86
IC,810,3,291,NG/86,KØ/86
IC,810,3,300,KØ/86,SG/86
IC,810,3,483,SG/86,RG/86
IC,810,3,558,RG/86,KJN/86
IC,810,3,543,KJN/86,KH/86
IC,810,3,239,KH/86,KK/86
IC,814,2,55,ES/86,BM/86
IC,814,2,85,BM/86,LK/86
IC,814,2,85,LK/86,KD/86
IC,814,2,166,KD/86,TL/86
IC,814,2,166,TL/86,MD/86
IC,814,2,191,MD/86,OD/86
IC,814,2,173,OD/86,NG/86
IC,814,2,208,NG/86,KØ/86
IC,814,2,226,KØ/86,SG/86
IC,814,2,281,SG/86,RG/86
IC,814,2,305,RG/86,KJN/86
IC,814,2,298,KJN/86,KH/86
IC,814,2,135,KH/86,KK/86
IC,814,3,55,ES/86,BM/86
IC,814,3,85,BM/86,LK/86
IC,814,3,85,LK/86,KD/86
IC,814,3,166,KD/86,TL/86
IC,814,3,166,TL/86,MD/86
IC,814,3,191,MD/86,OD/86
IC,814,3,173,OD/86,NG/86
IC,814,3,208,NG/86,KØ/86
IC,814,3,226,KØ/86,SG/86
IC,814,3,281,SG/86,RG/86
IC,814,3,305,RG/86,KJN/86
IC,814,3,298,KJN/86,KH/86
IC,814,3,135,KH/86,KK/86
IC,815,2,77,OD/86,MD/86
IC,815,2,78,MD/86,TL/86
IC,815,2,78,TL/86,KD/86
IC,815,2,70,KD/86,LK/86
IC,815,2,88,LK/86,BM/86
IC,815,2,74,BM/86,ES/86
IC,815,3,77,OD/86,MD/86
IC,815,3,78,MD/86,TL/86
IC,815,3,78,TL/86,KD/86
IC,815,3,70,KD/86,LK/86
IC,815,3,88,LK/86,BM/86
IC,815,3,74,BM/86,ES/86
IC,818,2,46,ES/86,BM/86
IC,818,2,62,BM/86,LK/86
IC,818,2,62,LK/86,KD/86
IC,818,2,112,KD/86,TL/86
IC,818,2,112,TL/86,MD/86
IC,818,2,110,MD/86,OD/86
IC,818,2,104,OD/86,NG/86
IC,818,2,115,NG/86,KØ/86
IC,818,2,124,KØ/86,SG/86
IC,818,2,135,SG/86,RG/86
IC,818,2,143,RG/86,KJN/86
IC,818,2,124,KJN/86,KH/86
IC,818,2,53,KH/86,KK/86
IC,818,3,46,ES/86,BM/86
IC,818,3,62,BM/86,LK/86
IC,818,3,62,LK/86,KD/86
IC,818,3,112,KD/86,TL/86
IC,818,3,112,TL/86,MD/86
IC,818,3,110,MD/86,OD/86
IC,818,3,104,OD/86,NG/86
IC,818,3,115,NG/86,KØ/86
IC,818,3,124,KØ/86,SG/86
IC,818,3,135,SG/86,RG/86
IC,818,3,143,RG/86,KJN/86
IC,818,3,124,KJN/86,KH/86
IC,818,3,53,KH/86,KK/86
IC,819,2,20,KK/86,KH/86
IC,819,2,50,KH/86,KJN/86
IC,819,2,59,KJN/86,RG/86
IC,819,2,80,RG/86,SG/86
IC,819,2,83,SG/86,KØ/86
IC,819,2,86,KØ/86,NG/86
IC,819,2,109,NG/86,OD/86
IC,819,2,145,OD/86,MD/86
IC,819,2,135,MD/86,TL/86
IC,819,2,135,TL/86,KD/86
IC,819,2,52,KD/86,LK/86
IC,819,2,52,LK/86,BM/86
IC,819,2,42,BM/86,ES/86
IC,819,3,20,KK/86,KH/86
IC,819,3,50,KH/86,KJN/86
IC,819,3,59,KJN/86,RG/86
IC,819,3,80,RG/86,SG/86
IC,819,3,83,SG/86,KØ/86
IC,819,3,86,KØ/86,NG/86
IC,819,3,109,NG/86,OD/86
IC,819,3,145,OD/86,MD/86
IC,819,3,135,MD/86,TL/86
IC,819,3,135,TL/86,KD/86
IC,819,3,52,KD/86,LK/86
IC,819,3,52,LK/86,BM/86
IC,819,3,42,BM/86,ES/86
IC,822,2,31,ES/86,BM/86
IC,822,2,44,BM/86,LK/86
IC,822,2,44,LK/86,KD/86
IC,822,2,68,KD/86,TL/86
IC,822,2,68,TL/86,MD/86
IC,822,2,74,MD/86,OD/86
IC,822,2,109,OD/86,NG/86
IC,822,2,133,NG/86,KØ/86
IC,822,2,144,KØ/86,SG/86
IC,822,2,155,SG/86,RG/86
IC,822,2,158,RG/86,KJN/86
IC,822,2,140,KJN/86,KH/86
IC,822,2,57,KH/86,KK/86
IC,822,3,31,ES/86,BM/86
IC,822,3,44,BM/86,LK/86
IC,822,3,44,LK/86,KD/86
IC,822,3,68,KD/86,TL/86
IC,822,3,68,TL/86,MD/86
IC,822,3,74,MD/86,OD/86
IC,822,3,109,OD/86,NG/86
IC,822,3,133,NG/86,KØ/86
IC,822,3,144,KØ/86,SG/86
IC,822,3,155,SG/86,RG/86
IC,822,3,158,RG/86,KJN/86
IC,822,3,140,KJN/86,KH/86
IC,822,3,57,KH/86,KK/86
IC,823,2,38,KK/86,KH/86
IC,823,2,132,KH/86,KJN/86
IC,823,2,157,KJN/86,RG/86
IC,823,2,186,RG/86,SG/86
IC,823,2,168,SG/86,KØ/86
IC,823,2,164,KØ/86,NG/86
IC,823,2,183,NG/86,OD/86
IC,823,2,137,OD/86,MD/86
IC,823,2,110,MD/86,TL/86
IC,823,2,110,TL/86,KD/86
IC,823,2,61,KD/86,LK/86
IC,823,2,61,LK/86,BM/86
IC,823,2,49,BM/86,ES/86
IC,823,3,38,KK/86,KH/86
IC,823,3,132,KH/86,KJN/86
IC,823,3,157,KJN/86,RG/86
IC,823,3,186,RG/86,SG/86
IC,823,3,168,SG/86,KØ/86
IC,823,3,164,KØ/86,NG/86
IC,823,3,183,NG/86,OD/86
IC,823,3,137,OD/86,MD/86
IC,823,3,110,MD/86,TL/86
IC,823,3,110,TL/86,KD/86
IC,823,3,61,KD/86,LK/86
IC,823,3,61,LK/86,BM/86
IC,823,3,49,BM/86,ES/86
IC,826,2,28,ES/86,BM/86
IC,826,2,38,BM/86,LK/86
IC,826,2,38,LK/86,KD/86
IC,826,2,48,KD/86,TL/86
IC,826,2,48,TL/86,MD/86
IC,826,2,54,MD/86,OD/86
IC,826,2,90,OD/86,NG/86
IC,826,2,114,NG/86,KØ/86
IC,826,2,124,KØ/86,SG/86
IC,826,2,128,SG/86,RG/86
IC,826,2,140,RG/86,KJN/86
IC,826,2,118,KJN/86,KH/86
IC,826,2,41,KH/86,KK/86
IC,826,3,28,ES/86,BM/86
IC,826,3,38,BM/86,LK/86
IC,826,3,38,LK/86,KD/86
IC,826,3,48,KD/86,TL/86
IC,826,3,48,TL/86,MD/86
IC,826,3,54,MD/86,OD/86
IC,826,3,90,OD/86,NG/86
IC,826,3,114,NG/86,KØ/86
IC,826,3,124,KØ/86,SG/86
IC,826,3,128,SG/86,RG/86
IC,826,3,140,RG/86,KJN/86
IC,826,3,118,KJN/86,KH/86
IC,826,3,41,KH/86,KK/86
IC,827,2,55,KK/86,KH/86
IC,827,2,223,KH/86,KJN/86
IC,827,2,259,KJN/86,RG/86
IC,827,2,243,RG/86,SG/86
IC,827,2,214,SG/86,KØ/86
IC,827,2,202,KØ/86,NG/86
IC,827,2,183,NG/86,OD/86
IC,827,2,107,OD/86,MD/86
IC,827,2,75,MD/86,TL/86
IC,827,2,75,TL/86,KD/86
IC,827,2,35,KD/86,LK/86
IC,827,2,35,LK/86,BM/86
IC,827,2,25,BM/86,ES/86
IC,827,3,55,KK/86,KH/86
IC,827,3,223,KH/86,KJN/86
IC,827,3,259,KJN/86,RG/86
IC,827,3,243,RG/86,SG/86
IC,827,3,214,SG/86,KØ/86
IC,827,3,202,KØ/86,NG/86
IC,827,3,183,NG/86,OD/86
IC,827,3,107,OD/86,MD/86
IC,827,3,75,MD/86,TL/86
IC,827,3,75,TL/86,KD/86
IC,827,3,35,KD/86,LK/86
IC,827,3,35,LK/86,BM/86
IC,827,3,25,BM/86,ES/86
IC,830,2,41,ES/86,BM/86
IC,830,2,61,BM/86,LK/86
IC,830,2,61,LK/86,KD/86
IC,830,2,93,KD/86,TL/86
IC,830,2,93,TL/86,MD/86
IC,830,2,98,MD/86,OD/86
IC,830,2,121,OD/86,NG/86
IC,830,2,132,NG/86,KØ/86
IC,830,2,138,KØ/86,SG/86
IC,830,2,154,SG/86,RG/86
IC,830,2,155,RG/86,KJN/86
IC,830,2,126,KJN/86,KH/86
IC,830,2,42,KH/86,KK/86
IC,830,3,41,ES/86,BM/86
IC,830,3,61,BM/86,LK/86
IC,830,3,61,LK/86,KD/86
IC,830,3,93,KD/86,TL/86
IC,830,3,93,TL/86,MD/86
IC,830,3,98,MD/86,OD/86
IC,830,3,121,OD/86,NG/86
IC,830,3,132,NG/86,KØ/86
IC,830,3,138,KØ/86,SG/86
IC,830,3,154,SG/86,RG/86
IC,830,3,155,RG/86,KJN/86
IC,830,3,126,KJN/86,KH/86
IC,830,3,42,KH/86,KK/86
IC,831,2,53,KK/86,KH/86
IC,831,2,135,KH/86,KJN/86
IC,831,2,155,KJN/86,RG/86
IC,831,2,150,RG/86,SG/86
IC,831,2,145,SG/86,KØ/86
IC,831,2,140,KØ/86,NG/86
IC,831,2,114,NG/86,OD/86
IC,831,2,84,OD/86,MD/86
IC,831,2,71,MD/86,TL/86
IC,831,2,71,TL/86,KD/86
IC,831,2,48,KD/86,LK/86
IC,831,2,48,LK/86,BM/86
IC,831,2,33,BM/86,ES/86
IC,831,3,53,KK/86,KH/86
IC,831,3,135,KH/86,KJN/86
IC,831,3,155,KJN/86,RG/86
IC,831,3,150,RG/86,SG/86
IC,831,3,145,SG/86,KØ/86
IC,831,3,140,KØ/86,NG/86
IC,831,3,114,NG/86,OD/86
IC,831,3,84,OD/86,MD/86
IC,831,3,71,MD/86,TL/86
IC,831,3,71,TL/86,KD/86
IC,831,3,48,KD/86,LK/86
IC,831,3,48,LK/86,BM/86
IC,831,3,33,BM/86,ES/86
IC,834,2,44,ES/86,BM/86
IC,834,2,64,BM/86,LK/86
IC,834,2,64,LK/86,KD/86
IC,834,2,98,KD/86,TL/86
IC,834,2,98,TL/86,MD/86
IC,834,2,102,MD/86,OD/86
IC,834,2,164,OD/86,NG/86
IC,834,2,188,NG/86,KØ/86
IC,834,2,193,KØ/86,SG/86
IC,834,2,205,SG/86,RG/86
IC,834,2,199,RG/86,KJN/86
IC,834,2,155,KJN/86,KH/86
IC,834,2,41,KH/86,KK/86
IC,834,3,44,ES/86,BM/86
IC,834,3,64,BM/86,LK/86
IC,834,3,64,LK/86,KD/86
IC,834,3,98,KD/86,TL/86
IC,834,3,98,TL/86,MD/86
IC,834,3,102,MD/86,OD/86
IC,834,3,164,OD/86,NG/86
IC,834,3,188,NG/86,KØ/86
IC,834,3,193,KØ/86,SG/86
IC,834,3,205,SG/86,RG/86
IC,834,3,199,RG/86,KJN/86
IC,834,3,155,KJN/86,KH/86
IC,834,3,41,KH/86,KK/86
IC,835,2,32,KK/86,KH/86
IC,835,2,87,KH/86,KJN/86
IC,835,2,99,KJN/86,RG/86
IC,835,2,100,RG/86,SG/86
IC,835,2,114,SG/86,KØ/86
IC,835,2,106,KØ/86,NG/86
IC,835,2,102,NG/86,OD/86
IC,835,2,74,OD/86,MD/86
IC,835,2,63,MD/86,TL/86
IC,835,2,63,TL/86,KD/86
IC,835,2,46,KD/86,LK/86
IC,835,2,46,LK/86,BM/86
IC,835,2,32,BM/86,ES/86
IC,835,3,32,KK/86,KH/86
IC,835,3,87,KH/86,KJN/86
IC,835,3,99,KJN/86,RG/86
IC,835,3,100,RG/86,SG/86
IC,835,3,114,SG/86,KØ/86
IC,835,3,106,KØ/86,NG/86
IC,835,3,102,NG/86,OD/86
IC,835,3,74,OD/86,MD/86
IC,835,3,63,MD/86,TL/86
IC,835,3,63,TL/86,KD/86
IC,835,3,46,KD/86,LK/86
IC,835,3,46,LK/86,BM/86
IC,835,3,32,BM/86,ES/86
IC,838,2,52,ES/86,BM/86
IC,838,2,71,BM/86,LK/86
IC,838,2,71,LK/86,KD/86
IC,838,2,102,KD/86,TL/86
IC,838,2,102,TL/86,MD/86
IC,838,2,106,MD/86,OD/86
IC,838,2,126,OD/86,NG/86
IC,838,2,136,NG/86,KØ/86
IC,838,2,145,KØ/86,SG/86
IC,838,2,175,SG/86,RG/86
IC,838,2,174,RG/86,KJN/86
IC,838,2,140,KJN/86,KH/86
IC,838,2,51,KH/86,KK/86
IC,838,3,52,ES/86,BM/86
IC,838,3,71,BM/86,LK/86
IC,838,3,71,LK/86,KD/86
IC,838,3,102,KD/86,TL/86
IC,838,3,102,TL/86,MD/86
IC,838,3,106,MD/86,OD/86
IC,838,3,126,OD/86,NG/86
IC,838,3,136,NG/86,KØ/86
IC,838,3,145,KØ/86,SG/86
IC,838,3,175,SG/86,RG/86
IC,838,3,174,RG/86,KJN/86
IC,838,3,140,KJN/86,KH/86
IC,838,3,51,KH/86,KK/86
IC,839,2,54,KK/86,KH/86
IC,839,2,122,KH/86,KJN/86
IC,839,2,152,KJN/86,RG/86
IC,839,2,155,RG/86,SG/86
IC,839,2,157,SG/86,KØ/86
IC,839,2,151,KØ/86,NG/86
IC,839,2,134,NG/86,OD/86
IC,839,2,104,OD/86,MD/86
IC,839,2,91,MD/86,TL/86
IC,839,2,91,TL/86,KD/86
IC,839,2,81,KD/86,LK/86
IC,839,2,81,LK/86,BM/86
IC,839,2,54,BM/86,ES/86
IC,839,3,54,KK/86,KH/86
IC,839,3,122,KH/86,KJN/86
IC,839,3,152,KJN/86,RG/86
IC,839,3,155,RG/86,SG/86
IC,839,3,157,SG/86,KØ/86
IC,839,3,151,KØ/86,NG/86
IC,839,3,134,NG/86,OD/86
IC,839,3,104,OD/86,MD/86
IC,839,3,91,MD/86,TL/86
IC,839,3,91,TL/86,KD/86
IC,839,3,81,KD/86,LK/86
IC,839,3,81,LK/86,BM/86
IC,839,3,54,BM/86,ES/86
IC,842,2,52,ES/86,BM/86
IC,842,2,75,BM/86,LK/86
IC,842,2,75,LK/86,KD/86
IC,842,2,140,KD/86,TL/86
IC,842,2,140,TL/86,MD/86
IC,842,2,152,MD/86,OD/86
IC,842,2,202,OD/86,NG/86
IC,842,2,198,NG/86,KØ/86
IC,842,2,200,KØ/86,SG/86
IC,842,2,242,SG/86,RG/86
IC,842,2,239,RG/86,KJN/86
IC,842,2,199,KJN/86,KH/86
IC,842,2,71,KH/86,KK/86
IC,842,3,52,ES/86,BM/86
IC,842,3,75,BM/86,LK/86
IC,842,3,75,LK/86,KD/86
IC,842,3,140,KD/86,TL/86
IC,842,3,140,TL/86,MD/86
IC,842,3,152,MD/86,OD/86
IC,842,3,202,OD/86,NG/86
IC,842,3,198,NG/86,KØ/86
IC,842,3,200,KØ/86,SG/86
IC,842,3,242,SG/86,RG/86
IC,842,3,239,RG/86,KJN/86
IC,842,3,199,KJN/86,KH/86
IC,842,3,71,KH/86,KK/86
IC,843,2,61,KK/86,KH/86
IC,843,2,128,KH/86,KJN/86
IC,843,2,151,KJN/86,RG/86
IC,843,2,154,RG/86,SG/86
IC,843,2,157,SG/86,KØ/86
IC,843,2,151,KØ/86,NG/86
IC,843,2,138,NG/86,OD/86
IC,843,2,116,OD/86,MD/86
IC,843,2,110,MD/86,TL/86
IC,843,2,110,TL/86,KD/86
IC,843,2,87,KD/86,LK/86
IC,843,2,87,LK/86,BM/86
IC,843,2,57,BM/86,ES/86
IC,843,3,61,KK/86,KH/86
IC,843,3,128,KH/86,KJN/86
IC,843,3,151,KJN/86,RG/86
IC,843,3,154,RG/86,SG/86
IC,843,3,157,SG/86,KØ/86
IC,843,3,151,KØ/86,NG/86
IC,843,3,138,NG/86,OD/86
IC,843,3,116,OD/86,MD/86
IC,843,3,110,MD/86,TL/86
IC,843,3,110,TL/86,KD/86
IC,843,3,87,KD/86,LK/86
IC,843,3,87,LK/86,BM/86
IC,843,3,57,BM/86,ES/86
IC,846,2,47,ES/86,BM/86
IC,846,2,73,BM/86,LK/86
IC,846,2,73,LK/86,KD/86
IC,846,2,146,KD/86,TL/86
IC,846,2,146,TL/86,MD/86
IC,846,2,177,MD/86,OD/86
IC,846,2,223,OD/86,NG/86
IC,846,2,222,NG/86,KØ/86
IC,846,2,228,KØ/86,SG/86
IC,846,2,232,SG/86,RG/86
IC,846,2,224,RG/86,KJN/86
IC,846,2,169,KJN/86,KH/86
IC,846,2,53,KH/86,KK/86
IC,846,3,47,ES/86,BM/86
IC,846,3,73,BM/86,LK/86
IC,846,3,73,LK/86,KD/86
IC,846,3,146,KD/86,TL/86
IC,846,3,146,TL/86,MD/86
IC,846,3,177,MD/86,OD/86
IC,846,3,223,OD/86,NG/86
IC,846,3,222,NG/86,KØ/86
IC,846,3,228,KØ/86,SG/86
IC,846,3,232,SG/86,RG/86
IC,846,3,224,RG/86,KJN/86
IC,846,3,169,KJN/86,KH/86
IC,846,3,53,KH/86,KK/86
IC,847,2,51,KK/86,KH/86
IC,847,2,121,KH/86,KJN/86
IC,847,2,139,KJN/86,RG/86
IC,847,2,139,RG/86,SG/86
IC,847,2,134,SG/86,KØ/86
IC,847,2,128,KØ/86,NG/86
IC,847,2,116,NG/86,OD/86
IC,847,2,91,OD/86,MD/86
IC,847,2,80,MD/86,TL/86
IC,847,2,80,TL/86,KD/86
IC,847,2,67,KD/86,LK/86
IC,847,2,67,LK/86,BM/86
IC,847,2,43,BM/86,ES/86
IC,847,3,51,KK/86,KH/86
IC,847,3,121,KH/86,KJN/86
IC,847,3,139,KJN/86,RG/86
IC,847,3,139,RG/86,SG/86
IC,847,3,134,SG/86,KØ/86
IC,847,3,128,KØ/86,NG/86
IC,847,3,116,NG/86,OD/86
IC,847,3,91,OD/86,MD/86
IC,847,3,80,MD/86,TL/86
IC,847,3,80,TL/86,KD/86
IC,847,3,67,KD/86,LK/86
IC,847,3,67,LK/86,BM/86
IC,847,3,43,BM/86,ES/86
IC,850,2,79,ES/86,BM/86
IC,850,2,105,BM/86,LK/86
IC,850,2,105,LK/86,KD/86
IC,850,2,148,KD/86,TL/86
IC,850,2,148,TL/86,MD/86
IC,850,2,174,MD/86,OD/86
IC,850,2,165,OD/86,NG/86
IC,850,2,163,NG/86,KØ/86
IC,850,2,162,KØ/86,SG/86
IC,850,2,157,SG/86,RG/86
IC,850,2,140,RG/86,KJN/86
IC,850,2,109,KJN/86,KH/86
IC,850,2,33,KH/86,KK/86
IC,850,3,79,ES/86,BM/86
IC,850,3,105,BM/86,LK/86
IC,850,3,105,LK/86,KD/86
IC,850,3,148,KD/86,TL/86
IC,850,3,148,TL/86,MD/86
IC,850,3,174,MD/86,OD/86
IC,850,3,165,OD/86,NG/86
IC,850,3,163,NG/86,KØ/86
IC,850,3,162,KØ/86,SG/86
IC,850,3,157,SG/86,RG/86
IC,850,3,140,RG/86,KJN/86
IC,850,3,109,KJN/86,KH/86
IC,850,3,33,KH/86,KK/86
IC,851,2,70,KK/86,KH/86
IC,851,2,173,KH/86,KJN/86
IC,851,2,189,KJN/86,RG/86
IC,851,2,180,RG/86,SG/86
IC,851,2,166,SG/86,KØ/86
IC,851,2,163,KØ/86,NG/86
IC,851,2,147,NG/86,OD/86
IC,851,2,148,OD/86,MD/86
IC,851,2,137,MD/86,TL/86
IC,851,2,137,TL/86,KD/86
IC,851,2,90,KD/86,LK/86
IC,851,2,90,LK/86,BM/86
IC,851,2,57,BM/86,ES/86
IC,851,3,70,KK/86,KH/86
IC,851,3,173,KH/86,KJN/86
IC,851,3,189,KJN/86,RG/86
IC,851,3,180,RG/86,SG/86
IC,851,3,166,SG/86,KØ/86
IC,851,3,163,KØ/86,NG/86
IC,851,3,147,NG/86,OD/86
IC,851,3,148,OD/86,MD/86
IC,851,3,137,MD/86,TL/86
IC,851,3,137,TL/86,KD/86
IC,851,3,90,KD/86,LK/86
IC,851,3,90,LK/86,BM/86
IC,851,3,57,BM/86,ES/86
IC,854,2,52,ES/86,BM/86
IC,854,2,71,BM/86,LK/86
IC,854,2,71,LK/86,KD/86
IC,854,2,94,KD/86,TL/86
IC,854,2,94,TL/86,MD/86
IC,854,2,105,MD/86,OD/86
IC,854,2,117,OD/86,NG/86
IC,854,2,119,NG/86,KØ/86
IC,854,2,113,KØ/86,SG/86
IC,854,2,100,SG/86,RG/86
IC,854,2,88,RG/86,KJN/86
IC,854,2,68,KJN/86,KH/86
IC,854,2,27,KH/86,KK/86
IC,854,3,52,ES/86,BM/86
IC,854,3,71,BM/86,LK/86
IC,854,3,71,LK/86,KD/86
IC,854,3,94,KD/86,TL/86
IC,854,3,94,TL/86,MD/86
IC,854,3,105,MD/86,OD/86
IC,854,3,117,OD/86,NG/86
IC,854,3,119,NG/86,KØ/86
IC,854,3,113,KØ/86,SG/86
IC,854,3,100,SG/86,RG/86
IC,854,3,88,RG/86,KJN/86
IC,854,3,68,KJN/86,KH/86
IC,854,3,27,KH/86,KK/86
IC,855,2,124,KK/86,KH/86
IC,855,2,295,KH/86,KJN/86
IC,855,2,314,KJN/86,RG/86
IC,855,2,299,RG/86,SG/86
IC,855,2,224,SG/86,KØ/86
IC,855,2,221,KØ/86,NG/86
IC,855,2,193,NG/86,OD/86
IC,855,2,171,OD/86,MD/86
IC,855,2,157,MD/86,TL/86
IC,855,2,157,TL/86,KD/86
IC,855,2,147,KD/86,LK/86
IC,855,2,147,LK/86,BM/86
IC,855,2,96,BM/86,ES/86
IC,855,3,124,KK/86,KH/86
IC,855,3,295,KH/86,KJN/86
IC,855,3,314,KJN/86,RG/86
IC,855,3,299,RG/86,SG/86
IC,855,3,224,SG/86,KØ/86
IC,855,3,221,KØ/86,NG/86
IC,855,3,193,NG/86,OD/86
IC,855,3,171,OD/86,MD/86
IC,855,3,157,MD/86,TL/86
IC,855,3,157,TL/86,KD/86
IC,855,3,147,KD/86,LK/86
IC,855,3,147,LK/86,BM/86
IC,855,3,96,BM/86,ES/86
IC,858,2,45,ES/86,BM/86
IC,858,2,53,BM/86,LK/86
IC,858,2,53,LK/86,KD/86
IC,858,2,66,KD/86,TL/86
IC,858,2,66,TL/86,MD/86
IC,858,2,70,MD/86,OD/86
IC,858,2,99,OD/86,NG/86
IC,858,2,99,NG/86,KØ/86
IC,858,2,95,KØ/86,SG/86
IC,858,2,78,SG/86,RG/86
IC,858,2,76,RG/86,KJN/86
IC,858,2,68,KJN/86,KH/86
IC,858,2,30,KH/86,KK/86
IC,858,3,45,ES/86,BM/86
IC,858,3,53,BM/86,LK/86
IC,858,3,53,LK/86,KD/86
IC,858,3,66,KD/86,TL/86
IC,858,3,66,TL/86,MD/86
IC,858,3,70,MD/86,OD/86
IC,858,3,99,OD/86,NG/86
IC,858,3,99,NG/86,KØ/86
IC,858,3,95,KØ/86,SG/86
IC,858,3,78,SG/86,RG/86
IC,858,3,76,RG/86,KJN/86
IC,858,3,68,KJN/86,KH/86
IC,858,3,30,KH/86,KK/86
IC,859,2,250,KK/86,KH/86
IC,859,2,533,KH/86,KJN/86
IC,859,2,561,KJN/86,RG/86
IC,859,2,483,RG/86,SG/86
IC,859,2,372,SG/86,KØ/86
IC,859,2,373,KØ/86,NG/86
IC,859,2,301,NG/86,OD/86
IC,859,2,205,OD/86,MD/86
IC,859,2,166,MD/86,TL/86
IC,859,2,166,TL/86,KD/86
IC,859,2,125,KD/86,LK/86
IC,859,2,125,LK/86,BM/86
IC,859,2,83,BM/86,ES/86
IC,859,3,250,KK/86,KH/86
IC,859,3,533,KH/86,KJN/86
IC,859,3,561,KJN/86,RG/86
IC,859,3,483,RG/86,SG/86
IC,859,3,372,SG/86,KØ/86
IC,859,3,373,KØ/86,NG/86
IC,859,3,301,NG/86,OD/86
IC,859,3,205,OD/86,MD/86
IC,859,3,166,MD/86,TL/86
IC,859,3,166,TL/86,KD/86
IC,859,3,125,KD/86,LK/86
IC,859,3,125,LK/86,BM/86
IC,859,3,83,BM/86,ES/86
IC,862,2,22,ES/86,BM/86
IC,862,2,26,BM/86,LK/86
IC,862,2,26,LK/86,KD/86
IC,862,2,31,KD/86,TL/86
IC,862,2,31,TL/86,MD/86
IC,862,2,32,MD/86,OD/86
IC,862,2,80,OD/86,NG/86
IC,862,2,89,NG/86,KØ/86
IC,862,2,93,KØ/86,SG/86
IC,862,2,89,SG/86,RG/86
IC,862,2,88,RG/86,KJN/86
IC,862,2,86,KJN/86,KH/86
IC,862,2,19,KH/86,KK/86
IC,862,3,22,ES/86,BM/86
IC,862,3,26,BM/86,LK/86
IC,862,3,26,LK/86,KD/86
IC,862,3,31,KD/86,TL/86
IC,862,3,31,TL/86,MD/86
IC,862,3,32,MD/86,OD/86
IC,862,3,80,OD/86,NG/86
IC,862,3,89,NG/86,KØ/86
IC,862,3,93,KØ/86,SG/86
IC,862,3,89,SG/86,RG/86
IC,862,3,88,RG/86,KJN/86
IC,862,3,86,KJN/86,KH/86
IC,862,3,19,KH/86,KK/86
IC,863,2,218,KK/86,KH/86
IC,863,2,556,KH/86,KJN/86
IC,863,2,583,KJN/86,RG/86
IC,863,2,517,RG/86,SG/86
IC,863,2,344,SG/86,KØ/86
IC,863,2,321,KØ/86,NG/86
IC,863,2,254,NG/86,OD/86
IC,863,2,155,OD/86,MD/86
IC,863,2,111,MD/86,TL/86
IC,863,2,111,TL/86,KD/86
IC,863,2,88,KD/86,LK/86
IC,863,2,88,LK/86,BM/86
IC,863,2,48,BM/86,ES/86
IC,863,3,218,KK/86,KH/86
IC,863,3,556,KH/86,KJN/86
IC,863,3,583,KJN/86,RG/86
IC,863,3,517,RG/86,SG/86
IC,863,3,344,SG/86,KØ/86
IC,863,3,321,KØ/86,NG/86
IC,863,3,254,NG/86,OD/86
IC,863,3,155,OD/86,MD/86
IC,863,3,111,MD/86,TL/86
IC,863,3,111,TL/86,KD/86
IC,863,3,88,KD/86,LK/86
IC,863,3,88,LK/86,BM/86
IC,863,3,48,BM/86,ES/86
IC,866,2,20,ES/86,BM/86
IC,866,2,26,BM/86,LK/86
IC,866,2,26,LK/86,KD/86
IC,866,2,45,KD/86,TL/86
IC,866,2,45,TL/86,MD/86
IC,866,2,46,MD/86,OD/86
IC,866,2,61,OD/86,NG/86
IC,866,2,54,NG/86,KØ/86
IC,866,2,52,KØ/86,SG/86
IC,866,2,54,SG/86,RG/86
IC,866,2,52,RG/86,KJN/86
IC,866,2,46,KJN/86,KH/86
IC,866,2,19,KH/86,KK/86
IC,866,3,20,ES/86,BM/86
IC,866,3,26,BM/86,LK/86
IC,866,3,26,LK/86,KD/86
IC,866,3,45,KD/86,TL/86
IC,866,3,45,TL/86,MD/86
IC,866,3,46,MD/86,OD/86
IC,866,3,61,OD/86,NG/86
IC,866,3,54,NG/86,KØ/86
IC,866,3,52,KØ/86,SG/86
IC,866,3,54,SG/86,RG/86
IC,866,3,52,RG/86,KJN/86
IC,866,3,46,KJN/86,KH/86
IC,866,3,19,KH/86,KK/86
IC,867,2,149,KK/86,KH/86
IC,867,2,356,KH/86,KJN/86
IC,867,2,372,KJN/86,RG/86
IC,867,2,321,RG/86,SG/86
IC,867,2,239,SG/86,KØ/86
IC,867,2,228,KØ/86,NG/86
IC,867,2,190,NG/86,OD/86
IC,867,2,114,OD/86,MD/86
IC,867,2,97,MD/86,TL/86
IC,867,2,97,TL/86,KD/86
IC,867,2,54,KD/86,LK/86
IC,867,2,54,LK/86,BM/86
IC,867,2,42,BM/86,ES/86
IC,867,3,149,KK/86,KH/86
IC,867,3,356,KH/86,KJN/86
IC,867,3,372,KJN/86,RG/86
IC,867,3,321,RG/86,SG/86
IC,867,3,239,SG/86,KØ/86
IC,867,3,228,KØ/86,NG/86
IC,867,3,190,NG/86,OD/86
IC,867,3,114,OD/86,MD/86
IC,867,3,97,MD/86,TL/86
IC,867,3,97,TL/86,KD/86
IC,867,3,54,KD/86,LK/86
IC,867,3,54,LK/86,BM/86
IC,867,3,42,BM/86,ES/86
IC,871,2,68,KK/86,KH/86
IC,871,2,154,KH/86,KJN/86
IC,871,2,158,KJN/86,RG/86
IC,871,2,143,RG/86,SG/86
IC,871,2,108,SG/86,KØ/86
IC,871,2,97,KØ/86,NG/86
IC,871,2,71,NG/86,OD/86
IC,871,2,75,OD/86,MD/86
IC,871,2,66,MD/86,TL/86
IC,871,2,66,TL/86,KD/86
IC,871,2,53,KD/86,LK/86
IC,871,2,53,LK/86,BM/86
IC,871,2,36,BM/86,ES/86
IC,871,3,68,KK/86,KH/86
IC,871,3,154,KH/86,KJN/86
IC,871,3,158,KJN/86,RG/86
IC,871,3,143,RG/86,SG/86
IC,871,3,108,SG/86,KØ/86
IC,871,3,97,KØ/86,NG/86
IC,871,3,71,NG/86,OD/86
IC,871,3,75,OD/86,MD/86
IC,871,3,66,MD/86,TL/86
IC,871,3,66,TL/86,KD/86
IC,871,3,53,KD/86,LK/86
IC,871,3,53,LK/86,BM/86
IC,871,3,36,BM/86,ES/86
IC,875,2,69,KK/86,KH/86
IC,875,2,168,KH/86,KJN/86
IC,875,2,174,KJN/86,RG/86
IC,875,2,161,RG/86,SG/86
IC,875,2,132,SG/86,KØ/86
IC,875,2,115,KØ/86,NG/86
IC,875,2,103,NG/86,OD/86
IC,875,2,80,OD/86,MD/86
IC,875,2,67,MD/86,TL/86
IC,875,2,67,TL/86,KD/86
IC,875,2,58,KD/86,LK/86
IC,875,2,58,LK/86,BM/86
IC,875,2,22,BM/86,ES/86
IC,875,3,69,KK/86,KH/86
IC,875,3,168,KH/86,KJN/86
IC,875,3,174,KJN/86,RG/86
IC,875,3,161,RG/86,SG/86
IC,875,3,132,SG/86,KØ/86
IC,875,3,115,KØ/86,NG/86
IC,875,3,103,NG/86,OD/86
IC,875,3,80,OD/86,MD/86
IC,875,3,67,MD/86,TL/86
IC,875,3,67,TL/86,KD/86
IC,875,3,58,KD/86,LK/86
IC,875,3,58,LK/86,BM/86
IC,875,3,22,BM/86,ES/86
IC,879,2,58,KK/86,KH/86
IC,879,2,191,KH/86,KJN/86
IC,879,2,187,KJN/86,RG/86
IC,879,2,148,RG/86,SG/86
IC,879,2,116,SG/86,KØ/86
IC,879,2,104,KØ/86,NG/86
IC,879,2,68,NG/86,OD/86
IC,879,3,58,KK/86,KH/86
IC,879,3,191,KH/86,KJN/86
IC,879,3,187,KJN/86,RG/86
IC,879,3,148,RG/86,SG/86
IC,879,3,116,SG/86,KØ/86
IC,879,3,104,KØ/86,NG/86
IC,879,3,68,NG/86,OD/86
IC,883,2,55,KK/86,KH/86
IC,883,2,123,KH/86,KJN/86
IC,883,2,115,KJN/86,RG/86
IC,883,2,96,RG/86,SG/86
IC,883,2,61,SG/86,KØ/86
IC,883,2,54,KØ/86,NG/86
IC,883,2,41,NG/86,OD/86
IC,883,3,55,KK/86,KH/86
IC,883,3,123,KH/86,KJN/86
IC,883,3,115,KJN/86,RG/86
IC,883,3,96,RG/86,SG/86
IC,883,3,61,SG/86,KØ/86
IC,883,3,54,KØ/86,NG/86
IC,883,3,41,NG/86,OD/86
L,910,2,14,SDB/86,TE/86
L,910,2,51,TE/86,LK/86
L,910,2,56,LK/86,KD/86
L,910,2,67,KD/86,TL/86
L,910,2,67,TL/86,FA/86
L,910,2,302,TL/86,LIH/86
L,910,3,14,SDB/86,TE/86
L,910,3,51,TE/86,LK/86
L,910,3,56,LK/86,KD/86
L,910,3,67,KD/86,TL/86
L,910,3,67,TL/86,FA/86
L,910,3,302,TL/86,LIH/86
L,911,2,11,FA/86,TL/86
L,911,2,11,TL/86,KD/86
L,911,2,13,KD/86,LK/86
L,911,2,12,LK/86,TE/86
L,911,2,9,TE/86,SDB/86
L,911,3,11,FA/86,TL/86
L,911,3,11,TL/86,KD/86
L,911,3,13,KD/86,LK/86
L,911,3,12,LK/86,TE/86
L,911,3,9,TE/86,SDB/86
L,918,2,32,SDB/86,TE/86
L,918,2,83,TE/86,LK/86
L,918,2,87,LK/86,KD/86
L,918,2,76,KD/86,TL/86
L,918,2,76,TL/86,FA/86
L,918,2,454,TL/86,/86
L,918,3,32,SDB/86,TE/86
L,918,3,83,TE/86,LK/86
L,918,3,87,LK/86,KD/86
L,918,3,76,KD/86,TL/86
L,918,3,76,TL/86,FA/86
L,918,3,454,TL/86,/86
L,919,2,64,FA/86,TL/86
L,919,2,64,TL/86,KD/86
L,919,2,43,KD/86,LK/86
L,919,2,44,LK/86,TE/86
L,919,2,24,TE/86,SDB/86
L,919,3,64,FA/86,TL/86
L,919,3,64,TL/86,KD/86
L,919,3,43,KD/86,LK/86
L,919,3,44,LK/86,TE/86
L,919,3,24,TE/86,SDB/86
L,926,2,39,SDB/86,TE/86
L,926,2,84,TE/86,LK/86
L,926,2,87,LK/86,KD/86
L,926,2,83,KD/86,TL/86
L,926,2,83,TL/86,FA/86
L,926,2,335,TL/86,/86
L,926,3,39,SDB/86,TE/86
L,926,3,84,TE/86,LK/86
L,926,3,87,LK/86,KD/86
L,926,3,83,KD/86,TL/86
L,926,3,83,TL/86,FA/86
L,926,3,335,TL/86,/86
L,927,2,64,FA/86,TL/86
L,927,2,64,TL/86,KD/86
L,927,2,57,KD/86,LK/86
L,927,2,57,LK/86,TE/86
L,927,2,32,TE/86,SDB/86
L,927,3,64,FA/86,TL/86
L,927,3,64,TL/86,KD/86
L,927,3,57,KD/86,LK/86
L,927,3,57,LK/86,TE/86
L,927,3,32,TE/86,SDB/86
L,934,2,39,SDB/86,TE/86
L,934,2,71,TE/86,LK/86
L,934,2,73,LK/86,KD/86
L,934,2,72,KD/86,TL/86
L,934,2,72,TL/86,FA/86
L,934,2,302,TL/86,/86
L,934,3,39,SDB/86,TE/86
L,934,3,71,TE/86,LK/86
L,934,3,73,LK/86,KD/86
L,934,3,72,KD/86,TL/86
L,934,3,72,TL/86,FA/86
L,934,3,302,TL/86,/86
L,935,2,59,FA/86,TL/86
L,935,2,59,TL/86,KD/86
L,935,2,63,KD/86,LK/86
L,935,2,59,LK/86,TE/86
L,935,2,32,TE/86,SDB/86
L,935,3,59,FA/86,TL/86
L,935,3,59,TL/86,KD/86
L,935,3,63,KD/86,LK/86
L,935,3,59,LK/86,TE/86
L,935,3,32,TE/86,SDB/86
L,942,2,31,SDB/86,TE/86
L,942,2,56,TE/86,LK/86
L,942,2,58,LK/86,KD/86
L,942,2,67,KD/86,TL/86
L,942,2,67,TL/86,FA/86
L,942,2,336,TL/86,/86
L,942,3,31,SDB/86,TE/86
L,942,3,56,TE/86,LK/86
L,942,3,58,LK/86,KD/86
L,942,3,67,KD/86,TL/86
L,942,3,67,TL/86,FA/86
L,942,3,336,TL/86,/86
L,943,2,87,FA/86,TL/86
L,943,2,87,TL/86,KD/86
L,943,2,105,KD/86,LK/86
L,943,2,98,LK/86,TE/86
L,943,2,48,TE/86,SDB/86
L,943,3,87,FA/86,TL/86
L,943,3,87,TL/86,KD/86
L,943,3,105,KD/86,LK/86
L,943,3,98,LK/86,TE/86
L,943,3,48,TE/86,SDB/86
L,950,2,41,SDB/86,TE/86
L,950,2,74,TE/86,LK/86
L,950,2,72,LK/86,KD/86
L,950,2,78,KD/86,TL/86
L,950,2,78,TL/86,FA/86
L,950,2,430,TL/86,/86
L,950,3,41,SDB/86,TE/86
L,950,3,74,TE/86,LK/86
L,950,3,72,LK/86,KD/86
L,950,3,78,KD/86,TL/86
L,950,3,78,TL/86,FA/86
L,950,3,430,TL/86,/86
L,951,2,98,FA/86,TL/86
L,951,2,98,TL/86,KD/86
L,951,2,111,KD/86,LK/86
L,951,2,106,LK/86,TE/86
L,951,2,46,TE/86,SDB/86
L,951,3,98,FA/86,TL/86
L,951,3,98,TL/86,KD/86
L,951,3,111,KD/86,LK/86
L,951,3,106,LK/86,TE/86
L,951,3,46,TE/86,SDB/86
L,958,2,32,SDB/86,TE/86
L,958,2,55,TE/86,LK/86
L,958,2,54,LK/86,KD/86
L,958,2,53,KD/86,TL/86
L,958,2,53,TL/86,FA/86
L,958,2,309,TL/86,/86
L,958,3,32,SDB/86,TE/86
L,958,3,55,TE/86,LK/86
L,958,3,54,LK/86,KD/86
L,958,3,53,KD/86,TL/86
L,958,3,53,TL/86,FA/86
L,958,3,309,TL/86,/86
L,959,2,109,FA/86,TL/86
L,959,2,109,TL/86,KD/86
L,959,2,105,KD/86,LK/86
L,959,2,101,LK/86,TE/86
L,959,2,45,TE/86,SDB/86
L,959,3,109,FA/86,TL/86
L,959,3,109,TL/86,KD/86
L,959,3,105,KD/86,LK/86
L,959,3,101,LK/86,TE/86
L,959,3,45,TE/86,SDB/86
L,966,2,13,SDB/86,TE/86
L,966,2,24,TE/86,LK/86
L,966,2,25,LK/86,KD/86
L,966,2,32,KD/86,TL/86
L,966,2,32,TL/86,FA/86
L,966,2,117,TL/86,/86
L,966,3,13,SDB/86,TE/86
L,966,3,24,TE/86,LK/86
L,966,3,25,LK/86,KD/86
L,966,3,32,KD/86,TL/86
L,966,3,32,TL/86,FA/86
L,966,3,117,TL/86,/86
L,967,2,63,FA/86,TL/86
L,967,2,63,TL/86,KD/86
L,967,2,65,KD/86,LK/86
L,967,2,63,LK/86,TE/86
L,967,2,32,TE/86,SDB/86
L,967,3,63,FA/86,TL/86
L,967,3,63,TL/86,KD/86
L,967,3,65,KD/86,LK/86
L,967,3,63,LK/86,TE/86
L,967,3,32,TE/86,SDB/86
RR,974,2,17,SDB/86,TE/86
RR,974,2,15,TE/86,LK/86
RR,974,2,16,LK/86,KD/86
RR,974,2,15,KD/86,TL/86
RR,974,2,15,TL/86,FA/86
RR,974,3,17,SDB/86,TE/86
RR,974,3,15,TE/86,LK/86
RR,974,3,16,LK/86,KD/86
RR,974,3,15,KD/86,TL/86
RR,974,3,15,TL/86,FA/86
L,975,2,43,FA/86,TL/86
L,975,2,43,TL/86,KD/86
L,975,2,39,KD/86,LK/86
L,975,2,38,LK/86,TE/86
L,975,2,16,TE/86,SDB/86
L,975,3,43,FA/86,TL/86
L,975,3,43,TL/86,KD/86
L,975,3,39,KD/86,LK/86
L,975,3,38,LK/86,TE/86
L,975,3,16,TE/86,SDB/86
RR,982,2,2,SDB/86,TE/86
RR,982,2,2,TE/86,LK/86
RR,982,2,0,LK/86,KD/86
RR,982,2,0,KD/86,TL/86
RR,982,2,0,TL/86,FA/86
RR,982,3,2,SDB/86,TE/86
RR,982,3,2,TE/86,LK/86
RR,982,3,0,LK/86,KD/86
RR,982,3,0,KD/86,TL/86
RR,982,3,0,TL/86,FA/86
RR,983,2,8,FA/86,TL/86
RR,983,2,8,TL/86,KD/86
RR,983,2,4,KD/86,LK/86
RR,983,2,4,LK/86,TE/86
RR,983,2,1,TE/86,SDB/86
RR,983,3,8,FA/86,TL/86
RR,983,3,8,TL/86,KD/86
RR,983,3,4,KD/86,LK/86
RR,983,3,4,LK/86,TE/86
RR,983,3,1,TE/86,SDB/86
EX,1191,2,33,KH/86,KJN/86
EX,1191,2,33,KJN/86,RG/86
EX,1191,2,45,RG/86,SG/86
EX,1191,2,45,SG/86,KØ/86
EX,1191,2,45,KØ/86,NG/86
EX,1191,2,45,NG/86,OD/86
EX,1191,2,58,OD/86,MD/86
EX,1191,2,58,MD/86,TL/86
EX,1191,2,58,TL/86,KD/86
EX,1191,2,11,KD/86,LK/86
EX,1191,2,11,LK/86,TE/86
EX,1191,2,11,TE/86,PA/86
EX,1191,2,5,PA/86,HMB-D/86
EX,1191,3,33,KH/86,KJN/86
EX,1191,3,33,KJN/86,RG/86
EX,1191,3,45,RG/86,SG/86
EX,1191,3,45,SG/86,KØ/86
EX,1191,3,45,KØ/86,NG/86
EX,1191,3,45,NG/86,OD/86
EX,1191,3,58,OD/86,MD/86
EX,1191,3,58,MD/86,TL/86
EX,1191,3,58,TL/86,KD/86
EX,1191,3,11,KD/86,LK/86
EX,1191,3,11,LK/86,TE/86
EX,1191,3,11,TE/86,PA/86
EX,1191,3,5,PA/86,HMB-D/86
EX,1196,2,31,HMB-D/86,PA/86
EX,1196,2,31,PA/86,TE/86
EX,1196,2,31,TE/86,LK/86
EX,1196,2,31,LK/86,KD/86
EX,1196,2,45,KD/86,TL/86
EX,1196,2,45,TL/86,MD/86
EX,1196,2,45,MD/86,OD/86
EX,1196,2,149,OD/86,NG/86
EX,1196,2,149,NG/86,KØ/86
EX,1196,2,149,KØ/86,SG/86
EX,1196,2,149,SG/86,RG/86
EX,1196,2,146,RG/86,KJN/86
EX,1196,2,146,KJN/86,KH/86
EX,1196,3,31,HMB-D/86,PA/86
EX,1196,3,31,PA/86,TE/86
EX,1196,3,31,TE/86,LK/86
EX,1196,3,31,LK/86,KD/86
EX,1196,3,45,KD/86,TL/86
EX,1196,3,45,TL/86,MD/86
EX,1196,3,45,MD/86,OD/86
EX,1196,3,149,OD/86,NG/86
EX,1196,3,149,NG/86,KØ/86
EX,1196,3,149,KØ/86,SG/86
EX,1196,3,149,SG/86,RG/86
EX,1196,3,146,RG/86,KJN/86
EX,1196,3,146,KJN/86,KH/86
EX,1198,2,0,HMB-D/86,PA/86
EX,1198,2,6,PA/86,TE/86
EX,1198,2,6,TE/86,LK/86
EX,1198,2,6,LK/86,KD/86
EX,1198,2,18,KD/86,TL/86
EX,1198,2,18,TL/86,MD/86
EX,1198,2,18,MD/86,OD/86
EX,1198,2,65,OD/86,NG/86
EX,1198,2,65,NG/86,KØ/86
EX,1198,2,65,KØ/86,SG/86
EX,1198,2,65,SG/86,RG/86
EX,1198,2,68,RG/86,KJN/86
EX,1198,2,68,KJN/86,KH/86
EX,1198,3,0,HMB-D/86,PA/86
EX,1198,3,6,PA/86,TE/86
EX,1198,3,6,TE/86,LK/86
EX,1198,3,6,LK/86,KD/86
EX,1198,3,18,KD/86,TL/86
EX,1198,3,18,TL/86,MD/86
EX,1198,3,18,MD/86,OD/86
EX,1198,3,65,OD/86,NG/86
EX,1198,3,65,NG/86,KØ/86
EX,1198,3,65,KØ/86,SG/86
EX,1198,3,65,SG/86,RG/86
EX,1198,3,68,RG/86,KJN/86
EX,1198,3,68,KJN/86,KH/86
EX,1199,2,158,KH/86,KJN/86
EX,1199,2,158,KJN/86,RG/86
EX,1199,2,155,RG/86,SG/86
EX,1199,2,155,SG/86,KØ/86
EX,1199,2,155,KØ/86,NG/86
EX,1199,2,155,NG/86,OD/86
EX,1199,2,119,OD/86,MD/86
EX,1199,2,119,MD/86,TL/86
EX,1199,2,119,TL/86,KD/86
EX,1199,2,118,KD/86,LK/86
EX,1199,2,118,LK/86,TE/86
EX,1199,2,118,TE/86,PA/86
EX,1199,2,114,PA/86,HMB-D/86
EX,1199,3,158,KH/86,KJN/86
EX,1199,3,158,KJN/86,RG/86
EX,1199,3,155,RG/86,SG/86
EX,1199,3,155,SG/86,KØ/86
EX,1199,3,155,KØ/86,NG/86
EX,1199,3,155,NG/86,OD/86
EX,1199,3,119,OD/86,MD/86
EX,1199,3,119,MD/86,TL/86
EX,1199,3,119,TL/86,KD/86
EX,1199,3,118,KD/86,LK/86
EX,1199,3,118,LK/86,TE/86
EX,1199,3,118,TE/86,PA/86
EX,1199,3,114,PA/86,HMB-D/86
RØ,1204,2,42,NF/86,VO/86
RØ,1204,2,85,VO/86,NÆ/86
RØ,1204,2,184,NÆ/86,RG/86
RØ,1204,2,224,RG/86,KJN/86
RØ,1204,2,224,KJN/86,KH/86
RØ,1204,3,42,NF/86,VO/86
RØ,1204,3,85,VO/86,NÆ/86
RØ,1204,3,184,NÆ/86,RG/86
RØ,1204,3,224,RG/86,KJN/86
RØ,1204,3,224,KJN/86,KH/86
RØ,1208,2,98,NF/86,VO/86
RØ,1208,2,167,VO/86,NÆ/86
RØ,1208,2,350,NÆ/86,RG/86
RØ,1208,2,395,RG/86,KJN/86
RØ,1208,2,395,KJN/86,KH/86
RØ,1208,3,98,NF/86,VO/86
RØ,1208,3,167,VO/86,NÆ/86
RØ,1208,3,350,NÆ/86,RG/86
RØ,1208,3,395,RG/86,KJN/86
RØ,1208,3,395,KJN/86,KH/86
RØ,1212,2,96,NF/86,VO/86
RØ,1212,2,152,VO/86,NÆ/86
RØ,1212,2,233,NÆ/86,RG/86
RØ,1212,2,258,RG/86,KJN/86
RØ,1212,2,258,KJN/86,KH/86
RØ,1212,3,96,NF/86,VO/86
RØ,1212,3,152,VO/86,NÆ/86
RØ,1212,3,233,NÆ/86,RG/86
RØ,1212,3,258,RG/86,KJN/86
RØ,1212,3,258,KJN/86,KH/86
RØ,1216,2,64,NF/86,VO/86
RØ,1216,2,102,VO/86,NÆ/86
RØ,1216,2,152,NÆ/86,RG/86
RØ,1216,2,183,RG/86,KJN/86
RØ,1216,2,183,KJN/86,KH/86
RØ,1216,3,64,NF/86,VO/86
RØ,1216,3,102,VO/86,NÆ/86
RØ,1216,3,152,NÆ/86,RG/86
RØ,1216,3,183,RG/86,KJN/86
RØ,1216,3,183,KJN/86,KH/86
RØ,1220,2,43,NF/86,VO/86
RØ,1220,2,62,VO/86,NÆ/86
RØ,1220,2,100,NÆ/86,RG/86
RØ,1220,2,97,RG/86,KJN/86
RØ,1220,2,97,KJN/86,KH/86
RØ,1220,3,43,NF/86,VO/86
RØ,1220,3,62,VO/86,NÆ/86
RØ,1220,3,100,NÆ/86,RG/86
RØ,1220,3,97,RG/86,KJN/86
RØ,1220,3,97,KJN/86,KH/86
RØ,1221,2,55,KH/86,KJN/86
RØ,1221,2,55,KJN/86,RG/86
RØ,1221,2,74,RG/86,NÆ/86
RØ,1221,2,76,NÆ/86,VO/86
RØ,1221,2,79,VO/86,NF/86
RØ,1221,3,55,KH/86,KJN/86
RØ,1221,3,55,KJN/86,RG/86
RØ,1221,3,74,RG/86,NÆ/86
RØ,1221,3,76,NÆ/86,VO/86
RØ,1221,3,79,VO/86,NF/86
RØ,1224,2,53,NF/86,VO/86
RØ,1224,2,76,VO/86,NÆ/86
RØ,1224,2,103,NÆ/86,RG/86
RØ,1224,2,99,RG/86,KJN/86
RØ,1224,2,99,KJN/86,KH/86
RØ,1224,3,53,NF/86,VO/86
RØ,1224,3,76,VO/86,NÆ/86
RØ,1224,3,103,NÆ/86,RG/86
RØ,1224,3,99,RG/86,KJN/86
RØ,1224,3,99,KJN/86,KH/86
RØ,1225,2,165,KH/86,KJN/86
RØ,1225,2,165,KJN/86,RG/86
RØ,1225,2,165,RG/86,NÆ/86
RØ,1225,2,114,NÆ/86,VO/86
RØ,1225,2,81,VO/86,NF/86
RØ,1225,3,165,KH/86,KJN/86
RØ,1225,3,165,KJN/86,RG/86
RØ,1225,3,165,RG/86,NÆ/86
RØ,1225,3,114,NÆ/86,VO/86
RØ,1225,3,81,VO/86,NF/86
RØ,1228,2,52,NF/86,VO/86
RØ,1228,2,74,VO/86,NÆ/86
RØ,1228,2,98,NÆ/86,RG/86
RØ,1228,2,94,RG/86,KJN/86
RØ,1228,2,94,KJN/86,KH/86
RØ,1228,3,52,NF/86,VO/86
RØ,1228,3,74,VO/86,NÆ/86
RØ,1228,3,98,NÆ/86,RG/86
RØ,1228,3,94,RG/86,KJN/86
RØ,1228,3,94,KJN/86,KH/86
RØ,1229,2,128,KH/86,KJN/86
RØ,1229,2,128,KJN/86,RG/86
RØ,1229,2,119,RG/86,NÆ/86
RØ,1229,2,78,NÆ/86,VO/86
RØ,1229,2,53,VO/86,NF/86
RØ,1229,3,128,KH/86,KJN/86
RØ,1229,3,128,KJN/86,RG/86
RØ,1229,3,119,RG/86,NÆ/86
RØ,1229,3,78,NÆ/86,VO/86
RØ,1229,3,53,VO/86,NF/86
RØ,1232,2,53,NF/86,VO/86
RØ,1232,2,76,VO/86,NÆ/86
RØ,1232,2,99,NÆ/86,RG/86
RØ,1232,2,92,RG/86,KJN/86
RØ,1232,2,92,KJN/86,KH/86
RØ,1232,3,53,NF/86,VO/86
RØ,1232,3,76,VO/86,NÆ/86
RØ,1232,3,99,NÆ/86,RG/86
RØ,1232,3,92,RG/86,KJN/86
RØ,1232,3,92,KJN/86,KH/86
RØ,1233,2,71,KH/86,KJN/86
RØ,1233,2,71,KJN/86,RG/86
RØ,1233,2,65,RG/86,NÆ/86
RØ,1233,2,50,NÆ/86,VO/86
RØ,1233,2,32,VO/86,NF/86
RØ,1233,3,71,KH/86,KJN/86
RØ,1233,3,71,KJN/86,RG/86
RØ,1233,3,65,RG/86,NÆ/86
RØ,1233,3,50,NÆ/86,VO/86
RØ,1233,3,32,VO/86,NF/86
RØ,1236,2,62,NF/86,VO/86
RØ,1236,2,87,VO/86,NÆ/86
RØ,1236,2,120,NÆ/86,RG/86
RØ,1236,2,119,RG/86,KJN/86
RØ,1236,2,119,KJN/86,KH/86
RØ,1236,3,62,NF/86,VO/86
RØ,1236,3,87,VO/86,NÆ/86
RØ,1236,3,120,NÆ/86,RG/86
RØ,1236,3,119,RG/86,KJN/86
RØ,1236,3,119,KJN/86,KH/86
RØ,1237,2,68,KH/86,KJN/86
RØ,1237,2,68,KJN/86,RG/86
RØ,1237,2,71,RG/86,NÆ/86
RØ,1237,2,57,NÆ/86,VO/86
RØ,1237,2,42,VO/86,NF/86
RØ,1237,3,68,KH/86,KJN/86
RØ,1237,3,68,KJN/86,RG/86
RØ,1237,3,71,RG/86,NÆ/86
RØ,1237,3,57,NÆ/86,VO/86
RØ,1237,3,42,VO/86,NF/86
RØ,1240,2,67,NF/86,VO/86
RØ,1240,2,103,VO/86,NÆ/86
RØ,1240,2,157,NÆ/86,RG/86
RØ,1240,2,150,RG/86,KJN/86
RØ,1240,2,150,KJN/86,KH/86
RØ,1240,3,67,NF/86,VO/86
RØ,1240,3,103,VO/86,NÆ/86
RØ,1240,3,157,NÆ/86,RG/86
RØ,1240,3,150,RG/86,KJN/86
RØ,1240,3,150,KJN/86,KH/86
RØ,1241,2,62,KH/86,KJN/86
RØ,1241,2,62,KJN/86,RG/86
RØ,1241,2,67,RG/86,NÆ/86
RØ,1241,2,59,NÆ/86,VO/86
RØ,1241,2,41,VO/86,NF/86
RØ,1241,3,62,KH/86,KJN/86
RØ,1241,3,62,KJN/86,RG/86
RØ,1241,3,67,RG/86,NÆ/86
RØ,1241,3,59,NÆ/86,VO/86
RØ,1241,3,41,VO/86,NF/86
RØ,1244,2,88,NF/86,VO/86
RØ,1244,2,137,VO/86,NÆ/86
RØ,1244,2,179,NÆ/86,RG/86
RØ,1244,2,160,RG/86,KJN/86
RØ,1244,2,160,KJN/86,KH/86
RØ,1244,3,88,NF/86,VO/86
RØ,1244,3,137,VO/86,NÆ/86
RØ,1244,3,179,NÆ/86,RG/86
RØ,1244,3,160,RG/86,KJN/86
RØ,1244,3,160,KJN/86,KH/86
RØ,1245,2,72,KH/86,KJN/86
RØ,1245,2,72,KJN/86,RG/86
RØ,1245,2,76,RG/86,NÆ/86
RØ,1245,2,62,NÆ/86,VO/86
RØ,1245,2,47,VO/86,NF/86
RØ,1245,3,72,KH/86,KJN/86
RØ,1245,3,72,KJN/86,RG/86
RØ,1245,3,76,RG/86,NÆ/86
RØ,1245,3,62,NÆ/86,VO/86
RØ,1245,3,47,VO/86,NF/86
RØ,1248,2,59,NF/86,VO/86
RØ,1248,2,81,VO/86,NÆ/86
RØ,1248,2,104,NÆ/86,RG/86
RØ,1248,2,94,RG/86,KJN/86
RØ,1248,2,94,KJN/86,KH/86
RØ,1248,3,59,NF/86,VO/86
RØ,1248,3,81,VO/86,NÆ/86
RØ,1248,3,104,NÆ/86,RG/86
RØ,1248,3,94,RG/86,KJN/86
RØ,1248,3,94,KJN/86,KH/86
RØ,1249,2,94,KH/86,KJN/86
RØ,1249,2,94,KJN/86,RG/86
RØ,1249,2,99,RG/86,NÆ/86
RØ,1249,2,84,NÆ/86,VO/86
RØ,1249,2,61,VO/86,NF/86
RØ,1249,3,94,KH/86,KJN/86
RØ,1249,3,94,KJN/86,RG/86
RØ,1249,3,99,RG/86,NÆ/86
RØ,1249,3,84,NÆ/86,VO/86
RØ,1249,3,61,VO/86,NF/86
RØ,1252,2,39,NF/86,VO/86
RØ,1252,2,52,VO/86,NÆ/86
RØ,1252,2,64,NÆ/86,RG/86
RØ,1252,2,61,RG/86,KJN/86
RØ,1252,2,61,KJN/86,KH/86
RØ,1252,3,39,NF/86,VO/86
RØ,1252,3,52,VO/86,NÆ/86
RØ,1252,3,64,NÆ/86,RG/86
RØ,1252,3,61,RG/86,KJN/86
RØ,1252,3,61,KJN/86,KH/86
RØ,1253,2,157,KH/86,KJN/86
RØ,1253,2,157,KJN/86,RG/86
RØ,1253,2,161,RG/86,NÆ/86
RØ,1253,2,123,NÆ/86,VO/86
RØ,1253,2,90,VO/86,NF/86
RØ,1253,3,157,KH/86,KJN/86
RØ,1253,3,157,KJN/86,RG/86
RØ,1253,3,161,RG/86,NÆ/86
RØ,1253,3,123,NÆ/86,VO/86
RØ,1253,3,90,VO/86,NF/86
RØ,1256,2,32,NF/86,VO/86
RØ,1256,2,38,VO/86,NÆ/86
RØ,1256,2,51,NÆ/86,RG/86
RØ,1256,2,45,RG/86,KJN/86
RØ,1256,2,45,KJN/86,KH/86
RØ,1256,3,32,NF/86,VO/86
RØ,1256,3,38,VO/86,NÆ/86
RØ,1256,3,51,NÆ/86,RG/86
RØ,1256,3,45,RG/86,KJN/86
RØ,1256,3,45,KJN/86,KH/86
RØ,1257,2,320,KH/86,KJN/86
RØ,1257,2,320,KJN/86,RG/86
RØ,1257,2,316,RG/86,NÆ/86
RØ,1257,2,197,NÆ/86,VO/86
RØ,1257,2,126,VO/86,NF/86
RØ,1257,3,320,KH/86,KJN/86
RØ,1257,3,320,KJN/86,RG/86
RØ,1257,3,316,RG/86,NÆ/86
RØ,1257,3,197,NÆ/86,VO/86
RØ,1257,3,126,VO/86,NF/86
RØ,1260,2,19,NF/86,VO/86
RØ,1260,2,25,VO/86,NÆ/86
RØ,1260,2,59,NÆ/86,RG/86
RØ,1260,2,69,RG/86,KJN/86
RØ,1260,2,69,KJN/86,KH/86
RØ,1260,3,19,NF/86,VO/86
RØ,1260,3,25,VO/86,NÆ/86
RØ,1260,3,59,NÆ/86,RG/86
RØ,1260,3,69,RG/86,KJN/86
RØ,1260,3,69,KJN/86,KH/86
RØ,1261,2,417,KH/86,KJN/86
RØ,1261,2,417,KJN/86,RG/86
RØ,1261,2,331,RG/86,NÆ/86
RØ,1261,2,171,NÆ/86,VO/86
RØ,1261,2,102,VO/86,NF/86
RØ,1261,3,417,KH/86,KJN/86
RØ,1261,3,417,KJN/86,RG/86
RØ,1261,3,331,RG/86,NÆ/86
RØ,1261,3,171,NÆ/86,VO/86
RØ,1261,3,102,VO/86,NF/86
RØ,1264,2,77,NF/86,VO/86
RØ,1264,2,59,VO/86,NÆ/86
RØ,1264,2,53,NÆ/86,RG/86
RØ,1264,2,50,RG/86,KJN/86
RØ,1264,2,50,KJN/86,KH/86
RØ,1264,3,77,NF/86,VO/86
RØ,1264,3,59,VO/86,NÆ/86
RØ,1264,3,53,NÆ/86,RG/86
RØ,1264,3,50,RG/86,KJN/86
RØ,1264,3,50,KJN/86,KH/86
RØ,1265,2,240,KH/86,KJN/86
RØ,1265,2,240,KJN/86,RG/86
RØ,1265,2,193,RG/86,NÆ/86
RØ,1265,2,96,NÆ/86,VO/86
RØ,1265,2,57,VO/86,NF/86
RØ,1265,3,240,KH/86,KJN/86
RØ,1265,3,240,KJN/86,RG/86
RØ,1265,3,193,RG/86,NÆ/86
RØ,1265,3,96,NÆ/86,VO/86
RØ,1265,3,57,VO/86,NF/86
RØ,1268,2,44,NF/86,VO/86
RØ,1268,2,32,VO/86,NÆ/86
RØ,1268,2,27,NÆ/86,RG/86
RØ,1268,2,27,RG/86,KJN/86
RØ,1268,2,27,KJN/86,KH/86
RØ,1268,3,44,NF/86,VO/86
RØ,1268,3,32,VO/86,NÆ/86
RØ,1268,3,27,NÆ/86,RG/86
RØ,1268,3,27,RG/86,KJN/86
RØ,1268,3,27,KJN/86,KH/86
RØ,1269,2,138,KH/86,KJN/86
RØ,1269,2,138,KJN/86,RG/86
RØ,1269,2,137,RG/86,NÆ/86
RØ,1269,2,93,NÆ/86,VO/86
RØ,1269,2,52,VO/86,NF/86
RØ,1269,3,138,KH/86,KJN/86
RØ,1269,3,138,KJN/86,RG/86
RØ,1269,3,137,RG/86,NÆ/86
RØ,1269,3,93,NÆ/86,VO/86
RØ,1269,3,52,VO/86,NF/86
RØ,1272,2,13,NF/86,VO/86
RØ,1272,2,14,VO/86,NÆ/86
RØ,1272,2,16,NÆ/86,RG/86
RØ,1272,2,14,RG/86,KJN/86
RØ,1272,2,21,KJN/86,KH/86
RØ,1272,3,13,NF/86,VO/86
RØ,1272,3,14,VO/86,NÆ/86
RØ,1272,3,16,NÆ/86,RG/86
RØ,1272,3,14,RG/86,KJN/86
RØ,1272,3,21,KJN/86,KH/86
RØ,1273,2,88,KH/86,KJN/86
RØ,1273,2,88,KJN/86,RG/86
RØ,1273,2,82,RG/86,NÆ/86
RØ,1273,2,59,NÆ/86,VO/86
RØ,1273,2,45,VO/86,NF/86
RØ,1273,3,88,KH/86,KJN/86
RØ,1273,3,88,KJN/86,RG/86
RØ,1273,3,82,RG/86,NÆ/86
RØ,1273,3,59,NÆ/86,VO/86
RØ,1273,3,45,VO/86,NF/86
RØ,1276,2,10,NF/86,VO/86
RØ,1276,2,10,VO/86,NÆ/86
RØ,1276,2,10,NÆ/86,RG/86
RØ,1276,2,8,RG/86,KJN/86
RØ,1276,2,8,KJN/86,KH/86
RØ,1276,3,10,NF/86,VO/86
RØ,1276,3,10,VO/86,NÆ/86
RØ,1276,3,10,NÆ/86,RG/86
RØ,1276,3,8,RG/86,KJN/86
RØ,1276,3,8,KJN/86,KH/86
RØ,1277,2,94,KH/86,KJN/86
RØ,1277,2,90,KJN/86,RG/86
RØ,1277,2,91,RG/86,NÆ/86
RØ,1277,2,61,NÆ/86,VO/86
RØ,1277,2,45,VO/86,NF/86
RØ,1277,3,94,KH/86,KJN/86
RØ,1277,3,90,KJN/86,RG/86
RØ,1277,3,91,RG/86,NÆ/86
RØ,1277,3,61,NÆ/86,VO/86
RØ,1277,3,45,VO/86,NF/86
RØ,1281,2,99,KH/86,KJN/86
RØ,1281,2,97,KJN/86,RG/86
RØ,1281,2,81,RG/86,NÆ/86
RØ,1281,2,48,NÆ/86,VO/86
RØ,1281,2,34,VO/86,NF/86
RØ,1281,3,99,KH/86,KJN/86
RØ,1281,3,97,KJN/86,RG/86
RØ,1281,3,81,RG/86,NÆ/86
RØ,1281,3,48,NÆ/86,VO/86
RØ,1281,3,34,VO/86,NF/86
RØ,1285,2,87,KH/86,KJN/86
RØ,1285,2,77,KJN/86,RG/86
RØ,1285,2,73,RG/86,NÆ/86
RØ,1285,2,41,NÆ/86,VO/86
RØ,1285,2,27,VO/86,NF/86
RØ,1285,3,87,KH/86,KJN/86
RØ,1285,3,77,KJN/86,RG/86
RØ,1285,3,73,RG/86,NÆ/86
RØ,1285,3,41,NÆ/86,VO/86
RØ,1285,3,27,VO/86,NF/86
RØ,1289,2,117,KH/86,KJN/86
RØ,1289,2,112,KJN/86,RG/86
RØ,1289,2,105,RG/86,NÆ/86
RØ,1289,2,70,NÆ/86,VO/86
RØ,1289,2,32,VO/86,NF/86
RØ,1289,3,117,KH/86,KJN/86
RØ,1289,3,112,KJN/86,RG/86
RØ,1289,3,105,RG/86,NÆ/86
RØ,1289,3,70,NÆ/86,VO/86
RØ,1289,3,32,VO/86,NF/86
IC,1401,2,74,CPH/86,KH/86
IC,1401,2,115,CPH/86,/86
IC,1401,3,74,CPH/86,KH/86
IC,1401,3,115,CPH/86,/86
IC,1407,2,15,CPH/86,KH/86
IC,1407,2,47,CPH/86,/86
IC,1407,3,15,CPH/86,KH/86
IC,1407,3,47,CPH/86,/86
IC,1413,2,4,CPH/86,KH/86
IC,1413,2,49,CPH/86,/86
IC,1413,3,4,CPH/86,KH/86
IC,1413,3,49,CPH/86,/86
IC,1417,2,263,CPH/86,KH/86
IC,1417,2,60,CPH/86,/86
IC,1417,3,263,CPH/86,KH/86
IC,1417,3,60,CPH/86,/86
IC,1472,2,3,KH/86,CPH/86
IC,1472,3,3,KH/86,CPH/86
IC,1476,2,22,KH/86,CPH/86
IC,1476,3,22,KH/86,CPH/86
IC,1482,2,38,KH/86,CPH/86
IC,1482,3,38,KH/86,CPH/86
IC,1485,2,46,CPH/86,KH/86
IC,1485,2,146,CPH/86,/86
IC,1485,3,46,CPH/86,KH/86
IC,1485,3,146,CPH/86,/86
IC,1489,2,53,CPH/86,KH/86
IC,1489,2,295,CPH/86,/86
IC,1489,3,53,CPH/86,KH/86
IC,1489,3,295,CPH/86,/86
IC,1490,2,132,KH/86,CPH/86
IC,1490,3,132,KH/86,CPH/86
IC,1493,2,59,CPH/86,KH/86
IC,1493,2,189,CPH/86,/86
IC,1493,3,59,CPH/86,KH/86
IC,1493,3,189,CPH/86,/86
RØ,1500,2,35,KB/86,HK/86
RØ,1500,2,69,HK/86,RO/86
RØ,1500,2,109,RO/86,HTÅ/86
RØ,1500,2,115,HTÅ/86,KH/86
RØ,1500,2,31,KH/86,KK/86
RØ,1500,3,35,KB/86,HK/86
RØ,1500,3,69,HK/86,RO/86
RØ,1500,3,109,RO/86,HTÅ/86
RØ,1500,3,115,HTÅ/86,KH/86
RØ,1500,3,31,KH/86,KK/86
RØ,1504,2,58,KB/86,HK/86
RØ,1504,2,112,HK/86,RO/86
RØ,1504,2,182,RO/86,HTÅ/86
RØ,1504,2,179,HTÅ/86,KH/86
RØ,1504,2,79,KH/86,KK/86
RØ,1504,3,58,KB/86,HK/86
RØ,1504,3,112,HK/86,RO/86
RØ,1504,3,182,RO/86,HTÅ/86
RØ,1504,3,179,HTÅ/86,KH/86
RØ,1504,3,79,KH/86,KK/86
RØ,1508,2,157,KB/86,HK/86
RØ,1508,2,273,HK/86,RO/86
RØ,1508,2,402,RO/86,HTÅ/86
RØ,1508,2,382,HTÅ/86,KH/86
RØ,1508,2,171,KH/86,KK/86
RØ,1508,3,157,KB/86,HK/86
RØ,1508,3,273,HK/86,RO/86
RØ,1508,3,402,RO/86,HTÅ/86
RØ,1508,3,382,HTÅ/86,KH/86
RØ,1508,3,171,KH/86,KK/86
RØ,1512,2,127,KB/86,HK/86
RØ,1512,2,170,HK/86,RO/86
RØ,1512,2,242,RO/86,HTÅ/86
RØ,1512,2,239,HTÅ/86,KH/86
RØ,1512,2,131,KH/86,KK/86
RØ,1512,3,127,KB/86,HK/86
RØ,1512,3,170,HK/86,RO/86
RØ,1512,3,242,RO/86,HTÅ/86
RØ,1512,3,239,HTÅ/86,KH/86
RØ,1512,3,131,KH/86,KK/86
RØ,1516,2,86,KB/86,HK/86
RØ,1516,2,112,HK/86,RO/86
RØ,1516,2,177,RO/86,HTÅ/86
RØ,1516,2,183,HTÅ/86,KH/86
RØ,1516,2,115,KH/86,KK/86
RØ,1516,3,86,KB/86,HK/86
RØ,1516,3,112,HK/86,RO/86
RØ,1516,3,177,RO/86,HTÅ/86
RØ,1516,3,183,HTÅ/86,KH/86
RØ,1516,3,115,KH/86,KK/86
RØ,1517,2,51,KK/86,KH/86
RØ,1517,2,35,KH/86,HTÅ/86
RØ,1517,2,30,HTÅ/86,RO/86
RØ,1517,2,33,RO/86,HK/86
RØ,1517,2,25,HK/86,KB/86
RØ,1517,3,51,KK/86,KH/86
RØ,1517,3,35,KH/86,HTÅ/86
RØ,1517,3,30,HTÅ/86,RO/86
RØ,1517,3,33,RO/86,HK/86
RØ,1517,3,25,HK/86,KB/86
RØ,1520,2,54,KB/86,HK/86
RØ,1520,2,72,HK/86,RO/86
RØ,1520,2,99,RO/86,HTÅ/86
RØ,1520,2,98,HTÅ/86,KH/86
RØ,1520,2,51,KH/86,KK/86
RØ,1520,3,54,KB/86,HK/86
RØ,1520,3,72,HK/86,RO/86
RØ,1520,3,99,RO/86,HTÅ/86
RØ,1520,3,98,HTÅ/86,KH/86
RØ,1520,3,51,KH/86,KK/86
RØ,1521,2,39,KK/86,KH/86
RØ,1521,2,71,KH/86,HTÅ/86
RØ,1521,2,96,HTÅ/86,RO/86
RØ,1521,2,106,RO/86,HK/86
RØ,1521,2,151,HK/86,KB/86
RØ,1521,3,39,KK/86,KH/86
RØ,1521,3,71,KH/86,HTÅ/86
RØ,1521,3,96,HTÅ/86,RO/86
RØ,1521,3,106,RO/86,HK/86
RØ,1521,3,151,HK/86,KB/86
RØ,1524,2,57,KB/86,HK/86
RØ,1524,2,79,HK/86,RO/86
RØ,1524,2,129,RO/86,HTÅ/86
RØ,1524,2,127,HTÅ/86,KH/86
RØ,1524,2,72,KH/86,KK/86
RØ,1524,3,57,KB/86,HK/86
RØ,1524,3,79,HK/86,RO/86
RØ,1524,3,129,RO/86,HTÅ/86
RØ,1524,3,127,HTÅ/86,KH/86
RØ,1524,3,72,KH/86,KK/86
RØ,1525,2,57,KK/86,KH/86
RØ,1525,2,182,KH/86,HTÅ/86
RØ,1525,2,219,HTÅ/86,RO/86
RØ,1525,2,144,RO/86,HK/86
RØ,1525,2,121,HK/86,KB/86
RØ,1525,3,57,KK/86,KH/86
RØ,1525,3,182,KH/86,HTÅ/86
RØ,1525,3,219,HTÅ/86,RO/86
RØ,1525,3,144,RO/86,HK/86
RØ,1525,3,121,HK/86,KB/86
RØ,1528,2,51,KB/86,HK/86
RØ,1528,2,66,HK/86,RO/86
RØ,1528,2,102,RO/86,HTÅ/86
RØ,1528,2,96,HTÅ/86,KH/86
RØ,1528,2,48,KH/86,KK/86
RØ,1528,3,51,KB/86,HK/86
RØ,1528,3,66,HK/86,RO/86
RØ,1528,3,102,RO/86,HTÅ/86
RØ,1528,3,96,HTÅ/86,KH/86
RØ,1528,3,48,KH/86,KK/86
RØ,1529,2,82,KK/86,KH/86
RØ,1529,2,166,KH/86,HTÅ/86
RØ,1529,2,161,HTÅ/86,RO/86
RØ,1529,2,114,RO/86,HK/86
RØ,1529,2,68,HK/86,KB/86
RØ,1529,3,82,KK/86,KH/86
RØ,1529,3,166,KH/86,HTÅ/86
RØ,1529,3,161,HTÅ/86,RO/86
RØ,1529,3,114,RO/86,HK/86
RØ,1529,3,68,HK/86,KB/86
RØ,1532,2,54,KB/86,HK/86
RØ,1532,2,92,HK/86,RO/86
RØ,1532,2,142,RO/86,HTÅ/86
RØ,1532,2,125,HTÅ/86,KH/86
RØ,1532,2,46,KH/86,KK/86
RØ,1532,3,54,KB/86,HK/86
RØ,1532,3,92,HK/86,RO/86
RØ,1532,3,142,RO/86,HTÅ/86
RØ,1532,3,125,HTÅ/86,KH/86
RØ,1532,3,46,KH/86,KK/86
RØ,1533,2,50,KK/86,KH/86
RØ,1533,2,91,KH/86,HTÅ/86
RØ,1533,2,95,HTÅ/86,RO/86
RØ,1533,2,59,RO/86,HK/86
RØ,1533,2,32,HK/86,KB/86
RØ,1533,3,50,KK/86,KH/86
RØ,1533,3,91,KH/86,HTÅ/86
RØ,1533,3,95,HTÅ/86,RO/86
RØ,1533,3,59,RO/86,HK/86
RØ,1533,3,32,HK/86,KB/86
RØ,1536,2,86,KB/86,HK/86
RØ,1536,2,128,HK/86,RO/86
RØ,1536,2,181,RO/86,HTÅ/86
RØ,1536,2,158,HTÅ/86,KH/86
RØ,1536,2,55,KH/86,KK/86
RØ,1536,3,86,KB/86,HK/86
RØ,1536,3,128,HK/86,RO/86
RØ,1536,3,181,RO/86,HTÅ/86
RØ,1536,3,158,HTÅ/86,KH/86
RØ,1536,3,55,KH/86,KK/86
RØ,1537,2,36,KK/86,KH/86
RØ,1537,2,69,KH/86,HTÅ/86
RØ,1537,2,71,HTÅ/86,RO/86
RØ,1537,2,51,RO/86,HK/86
RØ,1537,2,30,HK/86,KB/86
RØ,1537,3,36,KK/86,KH/86
RØ,1537,3,69,KH/86,HTÅ/86
RØ,1537,3,71,HTÅ/86,RO/86
RØ,1537,3,51,RO/86,HK/86
RØ,1537,3,30,HK/86,KB/86
RØ,1540,2,132,KB/86,HK/86
RØ,1540,2,197,HK/86,RO/86
RØ,1540,2,282,RO/86,HTÅ/86
RØ,1540,2,256,HTÅ/86,KH/86
RØ,1540,2,82,KH/86,KK/86
RØ,1540,3,132,KB/86,HK/86
RØ,1540,3,197,HK/86,RO/86
RØ,1540,3,282,RO/86,HTÅ/86
RØ,1540,3,256,HTÅ/86,KH/86
RØ,1540,3,82,KH/86,KK/86
RØ,1541,2,37,KH/86,HTÅ/86
RØ,1541,2,44,HTÅ/86,RO/86
RØ,1541,2,41,RO/86,HK/86
RØ,1541,2,38,HK/86,KB/86
RØ,1541,3,37,KH/86,HTÅ/86
RØ,1541,3,44,HTÅ/86,RO/86
RØ,1541,3,41,RO/86,HK/86
RØ,1541,3,38,HK/86,KB/86
RØ,1544,2,127,KB/86,HK/86
RØ,1544,2,150,HK/86,RO/86
RØ,1544,2,220,RO/86,HTÅ/86
RØ,1544,2,216,HTÅ/86,KH/86
RØ,1544,2,74,KH/86,KK/86
RØ,1544,3,127,KB/86,HK/86
RØ,1544,3,150,HK/86,RO/86
RØ,1544,3,220,RO/86,HTÅ/86
RØ,1544,3,216,HTÅ/86,KH/86
RØ,1544,3,74,KH/86,KK/86
RØ,1545,2,31,KK/86,KH/86
RØ,1545,2,75,KH/86,HTÅ/86
RØ,1545,2,80,HTÅ/86,RO/86
RØ,1545,2,66,RO/86,HK/86
RØ,1545,2,49,HK/86,KB/86
RØ,1545,3,31,KK/86,KH/86
RØ,1545,3,75,KH/86,HTÅ/86
RØ,1545,3,80,HTÅ/86,RO/86
RØ,1545,3,66,RO/86,HK/86
RØ,1545,3,49,HK/86,KB/86
RØ,1548,2,83,KB/86,HK/86
RØ,1548,2,104,HK/86,RO/86
RØ,1548,2,142,RO/86,HTÅ/86
RØ,1548,2,144,HTÅ/86,KH/86
RØ,1548,2,54,KH/86,KK/86
RØ,1548,3,83,KB/86,HK/86
RØ,1548,3,104,HK/86,RO/86
RØ,1548,3,142,RO/86,HTÅ/86
RØ,1548,3,144,HTÅ/86,KH/86
RØ,1548,3,54,KH/86,KK/86
RØ,1549,2,41,KK/86,KH/86
RØ,1549,2,86,KH/86,HTÅ/86
RØ,1549,2,89,HTÅ/86,RO/86
RØ,1549,2,72,RO/86,HK/86
RØ,1549,2,71,HK/86,KB/86
RØ,1549,3,41,KK/86,KH/86
RØ,1549,3,86,KH/86,HTÅ/86
RØ,1549,3,89,HTÅ/86,RO/86
RØ,1549,3,72,RO/86,HK/86
RØ,1549,3,71,HK/86,KB/86
RØ,1552,2,52,KB/86,HK/86
RØ,1552,2,57,HK/86,RO/86
RØ,1552,2,80,RO/86,HTÅ/86
RØ,1552,2,75,HTÅ/86,KH/86
RØ,1552,2,32,KH/86,KK/86
RØ,1552,3,52,KB/86,HK/86
RØ,1552,3,57,HK/86,RO/86
RØ,1552,3,80,RO/86,HTÅ/86
RØ,1552,3,75,HTÅ/86,KH/86
RØ,1552,3,32,KH/86,KK/86
RØ,1553,2,62,KK/86,KH/86
RØ,1553,2,126,KH/86,HTÅ/86
RØ,1553,2,126,HTÅ/86,RO/86
RØ,1553,2,118,RO/86,HK/86
RØ,1553,2,114,HK/86,KB/86
RØ,1553,3,62,KK/86,KH/86
RØ,1553,3,126,KH/86,HTÅ/86
RØ,1553,3,126,HTÅ/86,RO/86
RØ,1553,3,118,RO/86,HK/86
RØ,1553,3,114,HK/86,KB/86
RØ,1556,2,24,KB/86,HK/86
RØ,1556,2,34,HK/86,RO/86
RØ,1556,2,49,RO/86,HTÅ/86
RØ,1556,2,48,HTÅ/86,KH/86
RØ,1556,2,32,KH/86,KK/86
RØ,1556,3,24,KB/86,HK/86
RØ,1556,3,34,HK/86,RO/86
RØ,1556,3,49,RO/86,HTÅ/86
RØ,1556,3,48,HTÅ/86,KH/86
RØ,1556,3,32,KH/86,KK/86
RØ,1557,2,85,KK/86,KH/86
RØ,1557,2,192,KH/86,HTÅ/86
RØ,1557,2,198,HTÅ/86,RO/86
RØ,1557,2,149,RO/86,HK/86
RØ,1557,2,94,HK/86,KB/86
RØ,1557,3,85,KK/86,KH/86
RØ,1557,3,192,KH/86,HTÅ/86
RØ,1557,3,198,HTÅ/86,RO/86
RØ,1557,3,149,RO/86,HK/86
RØ,1557,3,94,HK/86,KB/86
RØ,1560,2,25,KB/86,HK/86
RØ,1560,2,38,HK/86,RO/86
RØ,1560,2,84,RO/86,HTÅ/86
RØ,1560,2,100,HTÅ/86,KH/86
RØ,1560,2,34,KH/86,KK/86
RØ,1560,3,25,KB/86,HK/86
RØ,1560,3,38,HK/86,RO/86
RØ,1560,3,84,RO/86,HTÅ/86
RØ,1560,3,100,HTÅ/86,KH/86
RØ,1560,3,34,KH/86,KK/86
RØ,1561,2,127,KK/86,KH/86
RØ,1561,2,270,KH/86,HTÅ/86
RØ,1561,2,280,HTÅ/86,RO/86
RØ,1561,2,162,RO/86,HK/86
RØ,1561,2,87,HK/86,KB/86
RØ,1561,3,127,KK/86,KH/86
RØ,1561,3,270,KH/86,HTÅ/86
RØ,1561,3,280,HTÅ/86,RO/86
RØ,1561,3,162,RO/86,HK/86
RØ,1561,3,87,HK/86,KB/86
RØ,1564,2,52,KB/86,HK/86
RØ,1564,2,42,HK/86,RO/86
RØ,1564,2,56,RO/86,HTÅ/86
RØ,1564,2,54,HTÅ/86,KH/86
RØ,1564,2,26,KH/86,KK/86
RØ,1564,3,52,KB/86,HK/86
RØ,1564,3,42,HK/86,RO/86
RØ,1564,3,56,RO/86,HTÅ/86
RØ,1564,3,54,HTÅ/86,KH/86
RØ,1564,3,26,KH/86,KK/86
RØ,1565,2,107,KK/86,KH/86
RØ,1565,2,212,KH/86,HTÅ/86
RØ,1565,2,201,HTÅ/86,RO/86
RØ,1565,2,109,RO/86,HK/86
RØ,1565,2,74,HK/86,KB/86
RØ,1565,3,107,KK/86,KH/86
RØ,1565,3,212,KH/86,HTÅ/86
RØ,1565,3,201,HTÅ/86,RO/86
RØ,1565,3,109,RO/86,HK/86
RØ,1565,3,74,HK/86,KB/86
RØ,1569,2,69,KK/86,KH/86
RØ,1569,2,132,KH/86,HTÅ/86
RØ,1569,2,117,HTÅ/86,RO/86
RØ,1569,2,66,RO/86,HK/86
RØ,1569,2,39,HK/86,KB/86
RØ,1569,3,69,KK/86,KH/86
RØ,1569,3,132,KH/86,HTÅ/86
RØ,1569,3,117,HTÅ/86,RO/86
RØ,1569,3,66,RO/86,HK/86
RØ,1569,3,39,HK/86,KB/86
RØ,1570,2,16,KB/86,HK/86
RØ,1570,2,21,HK/86,RO/86
RØ,1570,2,36,RO/86,HTÅ/86
RØ,1570,2,32,HTÅ/86,KH/86
RØ,1570,3,16,KB/86,HK/86
RØ,1570,3,21,HK/86,RO/86
RØ,1570,3,36,RO/86,HTÅ/86
RØ,1570,3,32,HTÅ/86,KH/86
RØ,1573,2,38,KK/86,KH/86
RØ,1573,2,78,KH/86,HTÅ/86
RØ,1573,2,73,HTÅ/86,RO/86
RØ,1573,2,45,RO/86,HK/86
RØ,1573,2,32,HK/86,KB/86
RØ,1573,3,38,KK/86,KH/86
RØ,1573,3,78,KH/86,HTÅ/86
RØ,1573,3,73,HTÅ/86,RO/86
RØ,1573,3,45,RO/86,HK/86
RØ,1573,3,32,HK/86,KB/86
RØ,1574,2,8,KB/86,HK/86
RØ,1574,2,19,HK/86,RO/86
RØ,1574,2,21,RO/86,HTÅ/86
RØ,1574,2,12,HTÅ/86,KH/86
RØ,1574,3,8,KB/86,HK/86
RØ,1574,3,19,HK/86,RO/86
RØ,1574,3,21,RO/86,HTÅ/86
RØ,1574,3,12,HTÅ/86,KH/86
RØ,1577,2,75,KH/86,HTÅ/86
RØ,1577,2,67,HTÅ/86,RO/86
RØ,1577,2,53,RO/86,HK/86
RØ,1577,2,49,HK/86,KB/86
RØ,1577,3,75,KH/86,HTÅ/86
RØ,1577,3,67,HTÅ/86,RO/86
RØ,1577,3,53,RO/86,HK/86
RØ,1577,3,49,HK/86,KB/86
RØ,1581,2,89,KK/86,KH/86
RØ,1581,2,123,KH/86,HTÅ/86
RØ,1581,2,109,HTÅ/86,RO/86
RØ,1581,2,68,RO/86,HK/86
RØ,1581,2,28,HK/86,KB/86
RØ,1581,3,89,KK/86,KH/86
RØ,1581,3,123,KH/86,HTÅ/86
RØ,1581,3,109,HTÅ/86,RO/86
RØ,1581,3,68,RO/86,HK/86
RØ,1581,3,28,HK/86,KB/86
RØ,1583,2,31,KK/86,KH/86
RØ,1583,2,176,KH/86,HTÅ/86
RØ,1583,2,161,HTÅ/86,RO/86
RØ,1583,2,95,RO/86,HK/86
RØ,1583,2,13,HK/86,KB/86
RØ,1583,3,31,KK/86,KH/86
RØ,1583,3,176,KH/86,HTÅ/86
RØ,1583,3,161,HTÅ/86,RO/86
RØ,1583,3,95,RO/86,HK/86
RØ,1583,3,13,HK/86,KB/86
RØ,1587,2,73,KK/86,KH/86
RØ,1587,2,171,KH/86,HTÅ/86
RØ,1587,2,152,HTÅ/86,RO/86
RØ,1587,2,101,RO/86,HK/86
RØ,1587,2,23,HK/86,KB/86
RØ,1587,3,73,KK/86,KH/86
RØ,1587,3,171,KH/86,HTÅ/86
RØ,1587,3,152,HTÅ/86,RO/86
RØ,1587,3,101,RO/86,HK/86
RØ,1587,3,23,HK/86,KB/86
RØ,1591,2,102,KH/86,HTÅ/86
RØ,1591,2,100,HTÅ/86,RO/86
RØ,1591,2,51,RO/86,HK/86
RØ,1591,2,14,HK/86,KB/86
RØ,1591,3,102,KH/86,HTÅ/86
RØ,1591,3,100,HTÅ/86,RO/86
RØ,1591,3,51,RO/86,HK/86
RØ,1591,3,14,HK/86,KB/86
RØ,2085,2,48,HG/86,NI/86
RØ,2085,2,46,NI/86,KK/86
RØ,2085,2,36,KK/86,KH/86
RØ,2085,3,48,HG/86,NI/86
RØ,2085,3,46,NI/86,KK/86
RØ,2085,3,36,KK/86,KH/86
RØ,2089,2,26,HG/86,NI/86
RØ,2089,2,36,NI/86,KK/86
RØ,2089,2,22,KK/86,KH/86
RØ,2089,3,26,HG/86,NI/86
RØ,2089,3,36,NI/86,KK/86
RØ,2089,3,22,KK/86,KH/86
RØ,2093,2,12,HG/86,NI/86
RØ,2093,2,20,NI/86,KK/86
RØ,2093,2,12,KK/86,KH/86
RØ,2093,3,12,HG/86,NI/86
RØ,2093,3,20,NI/86,KK/86
RØ,2093,3,12,KK/86,KH/86
RØ,2200,2,20,KH/86,KK/86
RØ,2200,2,29,KK/86,NI/86
RØ,2200,2,23,NI/86,HG/86
RØ,2200,3,20,KH/86,KK/86
RØ,2200,3,29,KK/86,NI/86
RØ,2200,3,23,NI/86,HG/86
RØ,2202,2,7,KH/86,KK/86
RØ,2202,2,19,KK/86,NI/86
RØ,2202,2,11,NI/86,HG/86
RØ,2202,3,7,KH/86,KK/86
RØ,2202,3,19,KK/86,NI/86
RØ,2202,3,11,NI/86,HG/86
RØ,2204,2,60,NÆ/86,RG/86
RØ,2204,2,145,RG/86,RO/86
RØ,2204,2,212,RO/86,HTÅ/86
RØ,2204,2,229,HTÅ/86,KH/86
RØ,2204,2,90,KH/86,KK/86
RØ,2204,2,75,KK/86,NI/86
RØ,2204,2,37,NI/86,HG/86
RØ,2204,3,60,NÆ/86,RG/86
RØ,2204,3,145,RG/86,RO/86
RØ,2204,3,212,RO/86,HTÅ/86
RØ,2204,3,229,HTÅ/86,KH/86
RØ,2204,3,90,KH/86,KK/86
RØ,2204,3,75,KK/86,NI/86
RØ,2204,3,37,NI/86,HG/86
RØ,2208,2,137,NÆ/86,RG/86
RØ,2208,2,385,RG/86,RO/86
RØ,2208,2,465,RO/86,HTÅ/86
RØ,2208,2,481,HTÅ/86,KH/86
RØ,2208,2,176,KH/86,KK/86
RØ,2208,2,118,KK/86,NI/86
RØ,2208,2,78,NI/86,HG/86
RØ,2208,3,137,NÆ/86,RG/86
RØ,2208,3,385,RG/86,RO/86
RØ,2208,3,465,RO/86,HTÅ/86
RØ,2208,3,481,HTÅ/86,KH/86
RØ,2208,3,176,KH/86,KK/86
RØ,2208,3,118,KK/86,NI/86
RØ,2208,3,78,NI/86,HG/86
RØ,2212,2,76,NÆ/86,RG/86
RØ,2212,2,151,RG/86,RO/86
RØ,2212,2,187,RO/86,HTÅ/86
RØ,2212,2,203,HTÅ/86,KH/86
RØ,2212,2,103,KH/86,KK/86
RØ,2212,2,76,KK/86,NI/86
RØ,2212,2,46,NI/86,HG/86
RØ,2212,3,76,NÆ/86,RG/86
RØ,2212,3,151,RG/86,RO/86
RØ,2212,3,187,RO/86,HTÅ/86
RØ,2212,3,203,HTÅ/86,KH/86
RØ,2212,3,103,KH/86,KK/86
RØ,2212,3,76,KK/86,NI/86
RØ,2212,3,46,NI/86,HG/86
RØ,2216,2,56,NÆ/86,RG/86
RØ,2216,2,130,RG/86,RO/86
RØ,2216,2,187,RO/86,HTÅ/86
RØ,2216,2,199,HTÅ/86,KH/86
RØ,2216,2,151,KH/86,KK/86
RØ,2216,2,84,KK/86,NI/86
RØ,2216,2,56,NI/86,HG/86
RØ,2216,3,56,NÆ/86,RG/86
RØ,2216,3,130,RG/86,RO/86
RØ,2216,3,187,RO/86,HTÅ/86
RØ,2216,3,199,HTÅ/86,KH/86
RØ,2216,3,151,KH/86,KK/86
RØ,2216,3,84,KK/86,NI/86
RØ,2216,3,56,NI/86,HG/86
RØ,2217,2,18,KH/86,HTÅ/86
RØ,2217,2,33,HTÅ/86,RO/86
RØ,2217,2,36,RO/86,RG/86
RØ,2217,2,23,RG/86,NÆ/86
RØ,2217,3,18,KH/86,HTÅ/86
RØ,2217,3,33,HTÅ/86,RO/86
RØ,2217,3,36,RO/86,RG/86
RØ,2217,3,23,RG/86,NÆ/86
RØ,2219,2,36,HG/86,NI/86
RØ,2219,2,57,NI/86,KK/86
RØ,2219,2,30,KK/86,KH/86
RØ,2219,3,36,HG/86,NI/86
RØ,2219,3,57,NI/86,KK/86
RØ,2219,3,30,KK/86,KH/86
RØ,2220,2,37,NÆ/86,RG/86
RØ,2220,2,56,RG/86,RO/86
RØ,2220,2,72,RO/86,HTÅ/86
RØ,2220,2,82,HTÅ/86,KH/86
RØ,2220,2,54,KH/86,KK/86
RØ,2220,2,82,KK/86,NI/86
RØ,2220,2,53,NI/86,HG/86
RØ,2220,3,37,NÆ/86,RG/86
RØ,2220,3,56,RG/86,RO/86
RØ,2220,3,72,RO/86,HTÅ/86
RØ,2220,3,82,HTÅ/86,KH/86
RØ,2220,3,54,KH/86,KK/86
RØ,2220,3,82,KK/86,NI/86
RØ,2220,3,53,NI/86,HG/86
RØ,2221,2,23,KH/86,HTÅ/86
RØ,2221,2,53,HTÅ/86,RO/86
RØ,2221,2,55,RO/86,RG/86
RØ,2221,2,36,RG/86,NÆ/86
RØ,2221,3,23,KH/86,HTÅ/86
RØ,2221,3,53,HTÅ/86,RO/86
RØ,2221,3,55,RO/86,RG/86
RØ,2221,3,36,RG/86,NÆ/86
RØ,2224,2,35,NÆ/86,RG/86
RØ,2224,2,62,RG/86,RO/86
RØ,2224,2,86,RO/86,HTÅ/86
RØ,2224,2,98,HTÅ/86,KH/86
RØ,2224,2,60,KH/86,KK/86
RØ,2224,2,106,KK/86,NI/86
RØ,2224,2,65,NI/86,HG/86
RØ,2224,3,35,NÆ/86,RG/86
RØ,2224,3,62,RG/86,RO/86
RØ,2224,3,86,RO/86,HTÅ/86
RØ,2224,3,98,HTÅ/86,KH/86
RØ,2224,3,60,KH/86,KK/86
RØ,2224,3,106,KK/86,NI/86
RØ,2224,3,65,NI/86,HG/86
RØ,2225,2,79,HG/86,NI/86
RØ,2225,2,137,NI/86,KK/86
RØ,2225,2,86,KK/86,KH/86
RØ,2225,2,140,KH/86,HTÅ/86
RØ,2225,2,192,HTÅ/86,RO/86
RØ,2225,2,84,RO/86,RG/86
RØ,2225,2,48,RG/86,NÆ/86
RØ,2225,3,79,HG/86,NI/86
RØ,2225,3,137,NI/86,KK/86
RØ,2225,3,86,KK/86,KH/86
RØ,2225,3,140,KH/86,HTÅ/86
RØ,2225,3,192,HTÅ/86,RO/86
RØ,2225,3,84,RO/86,RG/86
RØ,2225,3,48,RG/86,NÆ/86
RØ,2228,2,34,NÆ/86,RG/86
RØ,2228,2,56,RG/86,RO/86
RØ,2228,2,87,RO/86,HTÅ/86
RØ,2228,2,95,HTÅ/86,KH/86
RØ,2228,2,64,KH/86,KK/86
RØ,2228,2,113,KK/86,NI/86
RØ,2228,2,73,NI/86,HG/86
RØ,2228,3,34,NÆ/86,RG/86
RØ,2228,3,56,RG/86,RO/86
RØ,2228,3,87,RO/86,HTÅ/86
RØ,2228,3,95,HTÅ/86,KH/86
RØ,2228,3,64,KH/86,KK/86
RØ,2228,3,113,KK/86,NI/86
RØ,2228,3,73,NI/86,HG/86
RØ,2229,2,152,HG/86,NI/86
RØ,2229,2,398,NI/86,KK/86
RØ,2229,2,260,KK/86,KH/86
RØ,2229,2,269,KH/86,HTÅ/86
RØ,2229,2,244,HTÅ/86,RO/86
RØ,2229,2,102,RO/86,RG/86
RØ,2229,2,45,RG/86,NÆ/86
RØ,2229,3,152,HG/86,NI/86
RØ,2229,3,398,NI/86,KK/86
RØ,2229,3,260,KK/86,KH/86
RØ,2229,3,269,KH/86,HTÅ/86
RØ,2229,3,244,HTÅ/86,RO/86
RØ,2229,3,102,RO/86,RG/86
RØ,2229,3,45,RG/86,NÆ/86
RØ,2232,2,38,NÆ/86,RG/86
RØ,2232,2,60,RG/86,RO/86
RØ,2232,2,133,RO/86,HTÅ/86
RØ,2232,2,143,HTÅ/86,KH/86
RØ,2232,2,77,KH/86,KK/86
RØ,2232,2,130,KK/86,NI/86
RØ,2232,2,72,NI/86,HG/86
RØ,2232,3,38,NÆ/86,RG/86
RØ,2232,3,60,RG/86,RO/86
RØ,2232,3,133,RO/86,HTÅ/86
RØ,2232,3,143,HTÅ/86,KH/86
RØ,2232,3,77,KH/86,KK/86
RØ,2232,3,130,KK/86,NI/86
RØ,2232,3,72,NI/86,HG/86
RØ,2233,2,124,HG/86,NI/86
RØ,2233,2,377,NI/86,KK/86
RØ,2233,2,220,KK/86,KH/86
RØ,2233,2,136,KH/86,HTÅ/86
RØ,2233,2,140,HTÅ/86,RO/86
RØ,2233,2,59,RO/86,RG/86
RØ,2233,2,33,RG/86,NÆ/86
RØ,2233,3,124,HG/86,NI/86
RØ,2233,3,377,NI/86,KK/86
RØ,2233,3,220,KK/86,KH/86
RØ,2233,3,136,KH/86,HTÅ/86
RØ,2233,3,140,HTÅ/86,RO/86
RØ,2233,3,59,RO/86,RG/86
RØ,2233,3,33,RG/86,NÆ/86
RØ,2236,2,51,NÆ/86,RG/86
RØ,2236,2,71,RG/86,RO/86
RØ,2236,2,145,RO/86,HTÅ/86
RØ,2236,2,180,HTÅ/86,KH/86
RØ,2236,2,181,KH/86,KK/86
RØ,2236,2,323,KK/86,NI/86
RØ,2236,2,145,NI/86,HG/86
RØ,2236,3,51,NÆ/86,RG/86
RØ,2236,3,71,RG/86,RO/86
RØ,2236,3,145,RO/86,HTÅ/86
RØ,2236,3,180,HTÅ/86,KH/86
RØ,2236,3,181,KH/86,KK/86
RØ,2236,3,323,KK/86,NI/86
RØ,2236,3,145,NI/86,HG/86
RØ,2237,2,39,HG/86,NI/86
RØ,2237,2,99,NI/86,KK/86
RØ,2237,2,64,KK/86,KH/86
RØ,2237,2,75,KH/86,HTÅ/86
RØ,2237,2,81,HTÅ/86,RO/86
RØ,2237,2,45,RO/86,RG/86
RØ,2237,2,23,RG/86,NÆ/86
RØ,2237,3,39,HG/86,NI/86
RØ,2237,3,99,NI/86,KK/86
RØ,2237,3,64,KK/86,KH/86
RØ,2237,3,75,KH/86,HTÅ/86
RØ,2237,3,81,HTÅ/86,RO/86
RØ,2237,3,45,RO/86,RG/86
RØ,2237,3,23,RG/86,NÆ/86
RØ,2240,2,66,NÆ/86,RG/86
RØ,2240,2,96,RG/86,RO/86
RØ,2240,2,213,RO/86,HTÅ/86
RØ,2240,2,282,HTÅ/86,KH/86
RØ,2240,2,246,KH/86,KK/86
RØ,2240,2,415,KK/86,NI/86
RØ,2240,2,156,NI/86,HG/86
RØ,2240,3,66,NÆ/86,RG/86
RØ,2240,3,96,RG/86,RO/86
RØ,2240,3,213,RO/86,HTÅ/86
RØ,2240,3,282,HTÅ/86,KH/86
RØ,2240,3,246,KH/86,KK/86
RØ,2240,3,415,KK/86,NI/86
RØ,2240,3,156,NI/86,HG/86
RØ,2241,2,55,HG/86,NI/86
RØ,2241,2,106,NI/86,KK/86
RØ,2241,2,73,KK/86,KH/86
RØ,2241,2,75,KH/86,HTÅ/86
RØ,2241,2,82,HTÅ/86,RO/86
RØ,2241,2,51,RO/86,RG/86
RØ,2241,2,28,RG/86,NÆ/86
RØ,2241,3,55,HG/86,NI/86
RØ,2241,3,106,NI/86,KK/86
RØ,2241,3,73,KK/86,KH/86
RØ,2241,3,75,KH/86,HTÅ/86
RØ,2241,3,82,HTÅ/86,RO/86
RØ,2241,3,51,RO/86,RG/86
RØ,2241,3,28,RG/86,NÆ/86
RØ,2244,2,72,NÆ/86,RG/86
RØ,2244,2,108,RG/86,RO/86
RØ,2244,2,191,RO/86,HTÅ/86
RØ,2244,2,250,HTÅ/86,KH/86
RØ,2244,2,206,KH/86,KK/86
RØ,2244,2,319,KK/86,NI/86
RØ,2244,2,119,NI/86,HG/86
RØ,2244,3,72,NÆ/86,RG/86
RØ,2244,3,108,RG/86,RO/86
RØ,2244,3,191,RO/86,HTÅ/86
RØ,2244,3,250,HTÅ/86,KH/86
RØ,2244,3,206,KH/86,KK/86
RØ,2244,3,319,KK/86,NI/86
RØ,2244,3,119,NI/86,HG/86
RØ,2245,2,59,HG/86,NI/86
RØ,2245,2,109,NI/86,KK/86
RØ,2245,2,68,KK/86,KH/86
RØ,2245,2,94,KH/86,HTÅ/86
RØ,2245,2,110,HTÅ/86,RO/86
RØ,2245,2,73,RO/86,RG/86
RØ,2245,2,36,RG/86,NÆ/86
RØ,2245,3,59,HG/86,NI/86
RØ,2245,3,109,NI/86,KK/86
RØ,2245,3,68,KK/86,KH/86
RØ,2245,3,94,KH/86,HTÅ/86
RØ,2245,3,110,HTÅ/86,RO/86
RØ,2245,3,73,RO/86,RG/86
RØ,2245,3,36,RG/86,NÆ/86
RØ,2248,2,38,NÆ/86,RG/86
RØ,2248,2,52,RG/86,RO/86
RØ,2248,2,77,RO/86,HTÅ/86
RØ,2248,2,98,HTÅ/86,KH/86
RØ,2248,2,70,KH/86,KK/86
RØ,2248,2,109,KK/86,NI/86
RØ,2248,2,44,NI/86,HG/86
RØ,2248,3,38,NÆ/86,RG/86
RØ,2248,3,52,RG/86,RO/86
RØ,2248,3,77,RO/86,HTÅ/86
RØ,2248,3,98,HTÅ/86,KH/86
RØ,2248,3,70,KH/86,KK/86
RØ,2248,3,109,KK/86,NI/86
RØ,2248,3,44,NI/86,HG/86
RØ,2249,2,57,HG/86,NI/86
RØ,2249,2,99,NI/86,KK/86
RØ,2249,2,66,KK/86,KH/86
RØ,2249,2,95,KH/86,HTÅ/86
RØ,2249,2,109,HTÅ/86,RO/86
RØ,2249,2,88,RO/86,RG/86
RØ,2249,2,46,RG/86,NÆ/86
RØ,2249,3,57,HG/86,NI/86
RØ,2249,3,99,NI/86,KK/86
RØ,2249,3,66,KK/86,KH/86
RØ,2249,3,95,KH/86,HTÅ/86
RØ,2249,3,109,HTÅ/86,RO/86
RØ,2249,3,88,RO/86,RG/86
RØ,2249,3,46,RG/86,NÆ/86
RØ,2252,2,20,NÆ/86,RG/86
RØ,2252,2,23,RG/86,RO/86
RØ,2252,2,40,RO/86,HTÅ/86
RØ,2252,2,53,HTÅ/86,KH/86
RØ,2252,2,51,KH/86,KK/86
RØ,2252,2,89,KK/86,NI/86
RØ,2252,2,48,NI/86,HG/86
RØ,2252,3,20,NÆ/86,RG/86
RØ,2252,3,23,RG/86,RO/86
RØ,2252,3,40,RO/86,HTÅ/86
RØ,2252,3,53,HTÅ/86,KH/86
RØ,2252,3,51,KH/86,KK/86
RØ,2252,3,89,KK/86,NI/86
RØ,2252,3,48,NI/86,HG/86
RØ,2253,2,58,HG/86,NI/86
RØ,2253,2,99,NI/86,KK/86
RØ,2253,2,81,KK/86,KH/86
RØ,2253,2,154,KH/86,HTÅ/86
RØ,2253,2,190,HTÅ/86,RO/86
RØ,2253,2,197,RO/86,RG/86
RØ,2253,2,93,RG/86,NÆ/86
RØ,2253,3,58,HG/86,NI/86
RØ,2253,3,99,NI/86,KK/86
RØ,2253,3,81,KK/86,KH/86
RØ,2253,3,154,KH/86,HTÅ/86
RØ,2253,3,190,HTÅ/86,RO/86
RØ,2253,3,197,RO/86,RG/86
RØ,2253,3,93,RG/86,NÆ/86
RØ,2256,2,19,NÆ/86,RG/86
RØ,2256,2,31,RG/86,RO/86
RØ,2256,2,34,RO/86,HTÅ/86
RØ,2256,2,37,HTÅ/86,KH/86
RØ,2256,2,86,KH/86,KK/86
RØ,2256,2,104,KK/86,NI/86
RØ,2256,2,75,NI/86,HG/86
RØ,2256,3,19,NÆ/86,RG/86
RØ,2256,3,31,RG/86,RO/86
RØ,2256,3,34,RO/86,HTÅ/86
RØ,2256,3,37,HTÅ/86,KH/86
RØ,2256,3,86,KH/86,KK/86
RØ,2256,3,104,KK/86,NI/86
RØ,2256,3,75,NI/86,HG/86
RØ,2257,2,73,HG/86,NI/86
RØ,2257,2,117,NI/86,KK/86
RØ,2257,2,115,KK/86,KH/86
RØ,2257,2,249,KH/86,HTÅ/86
RØ,2257,2,305,HTÅ/86,RO/86
RØ,2257,2,275,RO/86,RG/86
RØ,2257,2,154,RG/86,NÆ/86
RØ,2257,3,73,HG/86,NI/86
RØ,2257,3,117,NI/86,KK/86
RØ,2257,3,115,KK/86,KH/86
RØ,2257,3,249,KH/86,HTÅ/86
RØ,2257,3,305,HTÅ/86,RO/86
RØ,2257,3,275,RO/86,RG/86
RØ,2257,3,154,RG/86,NÆ/86
RØ,2260,2,16,NÆ/86,RG/86
RØ,2260,2,28,RG/86,RO/86
RØ,2260,2,28,RO/86,HTÅ/86
RØ,2260,2,41,HTÅ/86,KH/86
RØ,2260,2,67,KH/86,KK/86
RØ,2260,2,88,KK/86,NI/86
RØ,2260,2,47,NI/86,HG/86
RØ,2260,3,16,NÆ/86,RG/86
RØ,2260,3,28,RG/86,RO/86
RØ,2260,3,28,RO/86,HTÅ/86
RØ,2260,3,41,HTÅ/86,KH/86
RØ,2260,3,67,KH/86,KK/86
RØ,2260,3,88,KK/86,NI/86
RØ,2260,3,47,NI/86,HG/86
RØ,2261,2,100,HG/86,NI/86
RØ,2261,2,168,NI/86,KK/86
RØ,2261,2,189,KK/86,KH/86
RØ,2261,2,370,KH/86,HTÅ/86
RØ,2261,2,437,HTÅ/86,RO/86
RØ,2261,2,325,RO/86,RG/86
RØ,2261,2,181,RG/86,NÆ/86
RØ,2261,3,100,HG/86,NI/86
RØ,2261,3,168,NI/86,KK/86
RØ,2261,3,189,KK/86,KH/86
RØ,2261,3,370,KH/86,HTÅ/86
RØ,2261,3,437,HTÅ/86,RO/86
RØ,2261,3,325,RO/86,RG/86
RØ,2261,3,181,RG/86,NÆ/86
RØ,2264,2,25,NÆ/86,RG/86
RØ,2264,2,24,RG/86,RO/86
RØ,2264,2,30,RO/86,HTÅ/86
RØ,2264,2,33,HTÅ/86,KH/86
RØ,2264,2,82,KH/86,KK/86
RØ,2264,2,125,KK/86,NI/86
RØ,2264,2,62,NI/86,HG/86
RØ,2264,3,25,NÆ/86,RG/86
RØ,2264,3,24,RG/86,RO/86
RØ,2264,3,30,RO/86,HTÅ/86
RØ,2264,3,33,HTÅ/86,KH/86
RØ,2264,3,82,KH/86,KK/86
RØ,2264,3,125,KK/86,NI/86
RØ,2264,3,62,NI/86,HG/86
RØ,2265,2,56,HG/86,NI/86
RØ,2265,2,110,NI/86,KK/86
RØ,2265,2,168,KK/86,KH/86
RØ,2265,2,308,KH/86,HTÅ/86
RØ,2265,2,340,HTÅ/86,RO/86
RØ,2265,2,215,RO/86,RG/86
RØ,2265,2,96,RG/86,NÆ/86
RØ,2265,3,56,HG/86,NI/86
RØ,2265,3,110,NI/86,KK/86
RØ,2265,3,168,KK/86,KH/86
RØ,2265,3,308,KH/86,HTÅ/86
RØ,2265,3,340,HTÅ/86,RO/86
RØ,2265,3,215,RO/86,RG/86
RØ,2265,3,96,RG/86,NÆ/86
RØ,2268,2,10,NÆ/86,RG/86
RØ,2268,2,30,RG/86,RO/86
RØ,2268,2,53,RO/86,HTÅ/86
RØ,2268,2,50,HTÅ/86,KH/86
RØ,2268,2,63,KH/86,KK/86
RØ,2268,2,94,KK/86,NI/86
RØ,2268,2,49,NI/86,HG/86
RØ,2268,3,10,NÆ/86,RG/86
RØ,2268,3,30,RG/86,RO/86
RØ,2268,3,53,RO/86,HTÅ/86
RØ,2268,3,50,HTÅ/86,KH/86
RØ,2268,3,63,KH/86,KK/86
RØ,2268,3,94,KK/86,NI/86
RØ,2268,3,49,NI/86,HG/86
RØ,2269,2,33,HG/86,NI/86
RØ,2269,2,87,NI/86,KK/86
RØ,2269,2,89,KK/86,KH/86
RØ,2269,2,145,KH/86,HTÅ/86
RØ,2269,2,155,HTÅ/86,RO/86
RØ,2269,2,113,RO/86,RG/86
RØ,2269,2,54,RG/86,NÆ/86
RØ,2269,3,33,HG/86,NI/86
RØ,2269,3,87,NI/86,KK/86
RØ,2269,3,89,KK/86,KH/86
RØ,2269,3,145,KH/86,HTÅ/86
RØ,2269,3,155,HTÅ/86,RO/86
RØ,2269,3,113,RO/86,RG/86
RØ,2269,3,54,RG/86,NÆ/86
RØ,2270,2,3,NÆ/86,RG/86
RØ,2270,2,7,RG/86,RO/86
RØ,2270,2,20,RO/86,HTÅ/86
RØ,2270,2,15,HTÅ/86,KH/86
RØ,2270,3,3,NÆ/86,RG/86
RØ,2270,3,7,RG/86,RO/86
RØ,2270,3,20,RO/86,HTÅ/86
RØ,2270,3,15,HTÅ/86,KH/86
RØ,2272,2,16,KH/86,KK/86
RØ,2272,2,29,KK/86,NI/86
RØ,2272,2,15,NI/86,HG/86
RØ,2272,3,16,KH/86,KK/86
RØ,2272,3,29,KK/86,NI/86
RØ,2272,3,15,NI/86,HG/86
RØ,2273,2,20,HG/86,NI/86
RØ,2273,2,50,NI/86,KK/86
RØ,2273,2,58,KK/86,KH/86
RØ,2273,2,90,KH/86,HTÅ/86
RØ,2273,2,98,HTÅ/86,RO/86
RØ,2273,2,76,RO/86,RG/86
RØ,2273,2,42,RG/86,NÆ/86
RØ,2273,3,20,HG/86,NI/86
RØ,2273,3,50,NI/86,KK/86
RØ,2273,3,58,KK/86,KH/86
RØ,2273,3,90,KH/86,HTÅ/86
RØ,2273,3,98,HTÅ/86,RO/86
RØ,2273,3,76,RO/86,RG/86
RØ,2273,3,42,RG/86,NÆ/86
RØ,2277,2,29,HG/86,NI/86
RØ,2277,2,44,NI/86,KK/86
RØ,2277,2,57,KK/86,KH/86
RØ,2277,2,90,KH/86,HTÅ/86
RØ,2277,2,95,HTÅ/86,RO/86
RØ,2277,2,65,RO/86,RG/86
RØ,2277,2,46,RG/86,NÆ/86
RØ,2277,3,29,HG/86,NI/86
RØ,2277,3,44,NI/86,KK/86
RØ,2277,3,57,KK/86,KH/86
RØ,2277,3,90,KH/86,HTÅ/86
RØ,2277,3,95,HTÅ/86,RO/86
RØ,2277,3,65,RO/86,RG/86
RØ,2277,3,46,RG/86,NÆ/86
RØ,2281,2,31,HG/86,NI/86
RØ,2281,2,65,NI/86,KK/86
RØ,2281,2,81,KK/86,KH/86
RØ,2281,2,87,KH/86,HTÅ/86
RØ,2281,2,76,HTÅ/86,RO/86
RØ,2281,2,60,RO/86,RG/86
RØ,2281,2,27,RG/86,NÆ/86
RØ,2281,3,31,HG/86,NI/86
RØ,2281,3,65,NI/86,KK/86
RØ,2281,3,81,KK/86,KH/86
RØ,2281,3,87,KH/86,HTÅ/86
RØ,2281,3,76,HTÅ/86,RO/86
RØ,2281,3,60,RO/86,RG/86
RØ,2281,3,27,RG/86,NÆ/86
RØ,2287,2,30,HG/86,NI/86
RØ,2287,2,40,NI/86,KK/86
RØ,2287,2,84,KK/86,KH/86
RØ,2287,2,184,KH/86,HTÅ/86
RØ,2287,2,152,HTÅ/86,RO/86
RØ,2287,2,76,RO/86,RG/86
RØ,2287,2,51,RG/86,NÆ/86
RØ,2287,3,30,HG/86,NI/86
RØ,2287,3,40,NI/86,KK/86
RØ,2287,3,84,KK/86,KH/86
RØ,2287,3,184,KH/86,HTÅ/86
RØ,2287,3,152,HTÅ/86,RO/86
RØ,2287,3,76,RO/86,RG/86
RØ,2287,3,51,RG/86,NÆ/86
RØ,2291,2,102,KH/86,HTÅ/86
RØ,2291,2,99,HTÅ/86,RO/86
RØ,2291,2,52,RO/86,RG/86
RØ,2291,2,15,RG/86,NÆ/86
RØ,2291,3,102,KH/86,HTÅ/86
RØ,2291,3,99,HTÅ/86,RO/86
RØ,2291,3,52,RO/86,RG/86
RØ,2291,3,15,RG/86,NÆ/86
RØ,2297,2,2,HG/86,NI/86
RØ,2297,2,1,NI/86,KK/86
RØ,2297,2,1,KK/86,KH/86
RØ,2297,3,2,HG/86,NI/86
RØ,2297,3,1,NI/86,KK/86
RØ,2297,3,1,KK/86,KH/86
RØ,2299,2,28,KH/86,HTÅ/86
RØ,2299,2,11,HTÅ/86,RO/86
RØ,2299,2,4,RO/86,RG/86
RØ,2299,2,2,RG/86,NÆ/86
RØ,2299,3,28,KH/86,HTÅ/86
RØ,2299,3,11,HTÅ/86,RO/86
RØ,2299,3,4,RO/86,RG/86
RØ,2299,3,2,RG/86,NÆ/86
IC,2304,2,12,FA/86,TL/86
IC,2304,2,14,TL/86,KD/86
IC,2304,2,18,KD/86,LK/86
IC,2304,2,19,LK/86,BM/86
IC,2304,2,15,BM/86,ES/86
IC,2304,3,12,FA/86,TL/86
IC,2304,3,14,TL/86,KD/86
IC,2304,3,18,KD/86,LK/86
IC,2304,3,19,LK/86,BM/86
IC,2304,3,15,BM/86,ES/86
IC,2308,2,24,FA/86,TL/86
IC,2308,2,25,TL/86,KD/86
IC,2308,2,30,KD/86,LK/86
IC,2308,2,44,LK/86,BM/86
IC,2308,2,38,BM/86,ES/86
IC,2308,3,24,FA/86,TL/86
IC,2308,3,25,TL/86,KD/86
IC,2308,3,30,KD/86,LK/86
IC,2308,3,44,LK/86,BM/86
IC,2308,3,38,BM/86,ES/86
IC,2312,2,81,FA/86,TL/86
IC,2312,2,81,TL/86,KD/86
IC,2312,2,57,KD/86,LK/86
IC,2312,2,70,LK/86,BM/86
IC,2312,2,64,BM/86,ES/86
IC,2312,3,81,FA/86,TL/86
IC,2312,3,81,TL/86,KD/86
IC,2312,3,57,KD/86,LK/86
IC,2312,3,70,LK/86,BM/86
IC,2312,3,64,BM/86,ES/86
IC,2313,2,17,ES/86,BM/86
IC,2313,2,25,BM/86,LK/86
IC,2313,2,22,LK/86,KD/86
IC,2313,2,45,KD/86,TL/86
IC,2313,2,49,TL/86,FA/86
IC,2313,2,70,TL/86,/86
IC,2313,3,17,ES/86,BM/86
IC,2313,3,25,BM/86,LK/86
IC,2313,3,22,LK/86,KD/86
IC,2313,3,45,KD/86,TL/86
IC,2313,3,49,TL/86,FA/86
IC,2313,3,70,TL/86,/86
IC,2316,2,132,FA/86,TL/86
IC,2316,2,130,TL/86,KD/86
IC,2316,2,50,KD/86,LK/86
IC,2316,2,51,LK/86,BM/86
IC,2316,2,34,BM/86,ES/86
IC,2316,3,132,FA/86,TL/86
IC,2316,3,130,TL/86,KD/86
IC,2316,3,50,KD/86,LK/86
IC,2316,3,51,LK/86,BM/86
IC,2316,3,34,BM/86,ES/86
IC,2317,2,20,ES/86,BM/86
IC,2317,2,42,BM/86,LK/86
IC,2317,2,44,LK/86,KD/86
IC,2317,2,80,KD/86,TL/86
IC,2317,2,86,TL/86,FA/86
IC,2317,2,184,TL/86,/86
IC,2317,3,20,ES/86,BM/86
IC,2317,3,42,BM/86,LK/86
IC,2317,3,44,LK/86,KD/86
IC,2317,3,80,KD/86,TL/86
IC,2317,3,86,TL/86,FA/86
IC,2317,3,184,TL/86,/86
RV,2320,2,37,FA/86,TL/86
RV,2320,2,35,TL/86,KD/86
RV,2320,2,12,KD/86,LK/86
RV,2320,2,14,LK/86,BM/86
RV,2320,2,12,BM/86,ES/86
RV,2320,3,37,FA/86,TL/86
RV,2320,3,35,TL/86,KD/86
RV,2320,3,12,KD/86,LK/86
RV,2320,3,14,LK/86,BM/86
RV,2320,3,12,BM/86,ES/86
IC,2321,2,29,ES/86,BM/86
IC,2321,2,67,BM/86,LK/86
IC,2321,2,53,LK/86,KD/86
IC,2321,2,55,KD/86,TL/86
IC,2321,2,56,TL/86,FA/86
IC,2321,2,138,TL/86,PA/86
IC,2321,3,29,ES/86,BM/86
IC,2321,3,67,BM/86,LK/86
IC,2321,3,53,LK/86,KD/86
IC,2321,3,55,KD/86,TL/86
IC,2321,3,56,TL/86,FA/86
IC,2321,3,138,TL/86,PA/86
IC,2324,2,99,FA/86,TL/86
IC,2324,2,100,TL/86,KD/86
IC,2324,2,28,KD/86,LK/86
IC,2324,2,28,LK/86,BM/86
IC,2324,2,20,BM/86,ES/86
IC,2324,3,99,FA/86,TL/86
IC,2324,3,100,TL/86,KD/86
IC,2324,3,28,KD/86,LK/86
IC,2324,3,28,LK/86,BM/86
IC,2324,3,20,BM/86,ES/86
RV,2325,2,21,ES/86,BM/86
RV,2325,2,37,BM/86,LK/86
RV,2325,2,40,LK/86,KD/86
RV,2325,2,53,KD/86,TL/86
RV,2325,2,54,TL/86,FA/86
RV,2325,3,21,ES/86,BM/86
RV,2325,3,37,BM/86,LK/86
RV,2325,3,40,LK/86,KD/86
RV,2325,3,53,KD/86,TL/86
RV,2325,3,54,TL/86,FA/86
IC,2328,2,37,FA/86,TL/86
IC,2328,2,37,TL/86,KD/86
IC,2328,2,25,KD/86,LK/86
IC,2328,2,27,LK/86,BM/86
IC,2328,2,19,BM/86,ES/86
IC,2328,3,37,FA/86,TL/86
IC,2328,3,37,TL/86,KD/86
IC,2328,3,25,KD/86,LK/86
IC,2328,3,27,LK/86,BM/86
IC,2328,3,19,BM/86,ES/86
IC,2329,2,19,ES/86,BM/86
IC,2329,2,30,BM/86,LK/86
IC,2329,2,27,LK/86,KD/86
IC,2329,2,30,KD/86,TL/86
IC,2329,2,30,TL/86,FA/86
IC,2329,2,72,TL/86,/86
IC,2329,3,19,ES/86,BM/86
IC,2329,3,30,BM/86,LK/86
IC,2329,3,27,LK/86,KD/86
IC,2329,3,30,KD/86,TL/86
IC,2329,3,30,TL/86,FA/86
IC,2329,3,72,TL/86,/86
IC,2332,2,82,FA/86,TL/86
IC,2332,2,82,TL/86,KD/86
IC,2332,2,26,KD/86,LK/86
IC,2332,2,28,LK/86,BM/86
IC,2332,2,17,BM/86,ES/86
IC,2332,3,82,FA/86,TL/86
IC,2332,3,82,TL/86,KD/86
IC,2332,3,26,KD/86,LK/86
IC,2332,3,28,LK/86,BM/86
IC,2332,3,17,BM/86,ES/86
IC,2333,2,27,ES/86,BM/86
IC,2333,2,42,BM/86,LK/86
IC,2333,2,41,LK/86,KD/86
IC,2333,2,59,KD/86,TL/86
IC,2333,2,58,TL/86,FA/86
IC,2333,2,98,TL/86,/86
IC,2333,3,27,ES/86,BM/86
IC,2333,3,42,BM/86,LK/86
IC,2333,3,41,LK/86,KD/86
IC,2333,3,59,KD/86,TL/86
IC,2333,3,58,TL/86,FA/86
IC,2333,3,98,TL/86,/86
RV,2336,2,43,FA/86,TL/86
RV,2336,2,43,TL/86,KD/86
RV,2336,2,28,KD/86,LK/86
RV,2336,2,32,LK/86,BM/86
RV,2336,2,16,BM/86,ES/86
RV,2336,3,43,FA/86,TL/86
RV,2336,3,43,TL/86,KD/86
RV,2336,3,28,KD/86,LK/86
RV,2336,3,32,LK/86,BM/86
RV,2336,3,16,BM/86,ES/86
IC,2337,2,24,ES/86,BM/86
IC,2337,2,34,BM/86,LK/86
IC,2337,2,33,LK/86,KD/86
IC,2337,2,69,KD/86,TL/86
IC,2337,2,69,TL/86,FA/86
IC,2337,2,120,TL/86,/86
IC,2337,3,24,ES/86,BM/86
IC,2337,3,34,BM/86,LK/86
IC,2337,3,33,LK/86,KD/86
IC,2337,3,69,KD/86,TL/86
IC,2337,3,69,TL/86,FA/86
IC,2337,3,120,TL/86,/86
IC,2340,2,108,FA/86,TL/86
IC,2340,2,106,TL/86,KD/86
IC,2340,2,54,KD/86,LK/86
IC,2340,2,56,LK/86,BM/86
IC,2340,2,36,BM/86,ES/86
IC,2340,3,108,FA/86,TL/86
IC,2340,3,106,TL/86,KD/86
IC,2340,3,54,KD/86,LK/86
IC,2340,3,56,LK/86,BM/86
IC,2340,3,36,BM/86,ES/86
RV,2341,2,17,ES/86,BM/86
RV,2341,2,21,BM/86,LK/86
RV,2341,2,21,LK/86,KD/86
RV,2341,2,25,KD/86,TL/86
RV,2341,2,26,TL/86,FA/86
RV,2341,3,17,ES/86,BM/86
RV,2341,3,21,BM/86,LK/86
RV,2341,3,21,LK/86,KD/86
RV,2341,3,25,KD/86,TL/86
RV,2341,3,26,TL/86,FA/86
IC,2344,2,124,FA/86,TL/86
IC,2344,2,116,TL/86,KD/86
IC,2344,2,78,KD/86,LK/86
IC,2344,2,74,LK/86,BM/86
IC,2344,2,44,BM/86,ES/86
IC,2344,3,124,FA/86,TL/86
IC,2344,3,116,TL/86,KD/86
IC,2344,3,78,KD/86,LK/86
IC,2344,3,74,LK/86,BM/86
IC,2344,3,44,BM/86,ES/86
IC,2345,2,38,ES/86,BM/86
IC,2345,2,46,BM/86,LK/86
IC,2345,2,38,LK/86,KD/86
IC,2345,2,82,KD/86,TL/86
IC,2345,2,81,TL/86,FA/86
IC,2345,2,134,TL/86,/86
IC,2345,3,38,ES/86,BM/86
IC,2345,3,46,BM/86,LK/86
IC,2345,3,38,LK/86,KD/86
IC,2345,3,82,KD/86,TL/86
IC,2345,3,81,TL/86,FA/86
IC,2345,3,134,TL/86,/86
IC,2348,2,109,FA/86,TL/86
IC,2348,2,107,TL/86,KD/86
IC,2348,2,37,KD/86,LK/86
IC,2348,2,37,LK/86,BM/86
IC,2348,2,25,BM/86,ES/86
IC,2348,3,109,FA/86,TL/86
IC,2348,3,107,TL/86,KD/86
IC,2348,3,37,KD/86,LK/86
IC,2348,3,37,LK/86,BM/86
IC,2348,3,25,BM/86,ES/86
IC,2349,2,50,ES/86,BM/86
IC,2349,2,60,BM/86,LK/86
IC,2349,2,52,LK/86,KD/86
IC,2349,2,88,KD/86,TL/86
IC,2349,2,85,TL/86,FA/86
IC,2349,2,174,TL/86,/86
IC,2349,3,50,ES/86,BM/86
IC,2349,3,60,BM/86,LK/86
IC,2349,3,52,LK/86,KD/86
IC,2349,3,88,KD/86,TL/86
IC,2349,3,85,TL/86,FA/86
IC,2349,3,174,TL/86,/86
RV,2352,2,54,FA/86,TL/86
RV,2352,2,55,TL/86,KD/86
RV,2352,2,27,KD/86,LK/86
RV,2352,2,27,LK/86,BM/86
RV,2352,2,14,BM/86,ES/86
RV,2352,3,54,FA/86,TL/86
RV,2352,3,55,TL/86,KD/86
RV,2352,3,27,KD/86,LK/86
RV,2352,3,27,LK/86,BM/86
RV,2352,3,14,BM/86,ES/86
IC,2353,2,61,ES/86,BM/86
IC,2353,2,70,BM/86,LK/86
IC,2353,2,56,LK/86,KD/86
IC,2353,2,147,KD/86,TL/86
IC,2353,2,145,TL/86,FA/86
IC,2353,2,199,TL/86,/86
IC,2353,3,61,ES/86,BM/86
IC,2353,3,70,BM/86,LK/86
IC,2353,3,56,LK/86,KD/86
IC,2353,3,147,KD/86,TL/86
IC,2353,3,145,TL/86,FA/86
IC,2353,3,199,TL/86,/86
IC,2356,2,82,FA/86,TL/86
IC,2356,2,81,TL/86,KD/86
IC,2356,2,44,KD/86,LK/86
IC,2356,2,44,LK/86,BM/86
IC,2356,2,26,BM/86,ES/86
IC,2356,3,82,FA/86,TL/86
IC,2356,3,81,TL/86,KD/86
IC,2356,3,44,KD/86,LK/86
IC,2356,3,44,LK/86,BM/86
IC,2356,3,26,BM/86,ES/86
RV,2357,2,54,ES/86,BM/86
RV,2357,2,69,BM/86,LK/86
RV,2357,2,75,LK/86,KD/86
RV,2357,2,141,KD/86,TL/86
RV,2357,2,146,TL/86,FA/86
RV,2357,3,54,ES/86,BM/86
RV,2357,3,69,BM/86,LK/86
RV,2357,3,75,LK/86,KD/86
RV,2357,3,141,KD/86,TL/86
RV,2357,3,146,TL/86,FA/86
IC,2360,2,44,FA/86,TL/86
IC,2360,2,41,TL/86,KD/86
IC,2360,2,33,KD/86,LK/86
IC,2360,2,32,LK/86,BM/86
IC,2360,2,16,BM/86,ES/86
IC,2360,3,44,FA/86,TL/86
IC,2360,3,41,TL/86,KD/86
IC,2360,3,33,KD/86,LK/86
IC,2360,3,32,LK/86,BM/86
IC,2360,3,16,BM/86,ES/86
IC,2361,2,27,ES/86,BM/86
IC,2361,2,32,BM/86,LK/86
IC,2361,2,30,LK/86,KD/86
IC,2361,2,72,KD/86,TL/86
IC,2361,2,70,TL/86,FA/86
IC,2361,2,128,TL/86,/86
IC,2361,3,27,ES/86,BM/86
IC,2361,3,32,BM/86,LK/86
IC,2361,3,30,LK/86,KD/86
IC,2361,3,72,KD/86,TL/86
IC,2361,3,70,TL/86,FA/86
IC,2361,3,128,TL/86,/86
IC,2364,2,73,FA/86,TL/86
IC,2364,2,68,TL/86,KD/86
IC,2364,2,30,KD/86,LK/86
IC,2364,2,46,LK/86,BM/86
IC,2364,2,33,BM/86,ES/86
IC,2364,3,73,FA/86,TL/86
IC,2364,3,68,TL/86,KD/86
IC,2364,3,30,KD/86,LK/86
IC,2364,3,46,LK/86,BM/86
IC,2364,3,33,BM/86,ES/86
IC,2365,2,26,ES/86,BM/86
IC,2365,2,34,BM/86,LK/86
IC,2365,2,32,LK/86,KD/86
IC,2365,2,46,KD/86,TL/86
IC,2365,2,44,TL/86,FA/86
IC,2365,2,102,TL/86,/86
IC,2365,3,26,ES/86,BM/86
IC,2365,3,34,BM/86,LK/86
IC,2365,3,32,LK/86,KD/86
IC,2365,3,46,KD/86,TL/86
IC,2365,3,44,TL/86,FA/86
IC,2365,3,102,TL/86,/86
IC,2368,2,55,FA/86,TL/86
IC,2368,2,52,TL/86,KD/86
IC,2368,2,24,KD/86,LK/86
IC,2368,2,28,LK/86,BM/86
IC,2368,2,12,BM/86,ES/86
IC,2368,3,55,FA/86,TL/86
IC,2368,3,52,TL/86,KD/86
IC,2368,3,24,KD/86,LK/86
IC,2368,3,28,LK/86,BM/86
IC,2368,3,12,BM/86,ES/86
IC,2369,2,14,ES/86,BM/86
IC,2369,2,15,BM/86,LK/86
IC,2369,2,13,LK/86,KD/86
IC,2369,2,55,KD/86,TL/86
IC,2369,2,55,TL/86,FA/86
IC,2369,2,77,TL/86,/86
IC,2369,3,14,ES/86,BM/86
IC,2369,3,15,BM/86,LK/86
IC,2369,3,13,LK/86,KD/86
IC,2369,3,55,KD/86,TL/86
IC,2369,3,55,TL/86,FA/86
IC,2369,3,77,TL/86,/86
IC,2371,2,22,ES/86,BM/86
IC,2371,2,43,BM/86,LK/86
IC,2371,2,34,LK/86,KD/86
IC,2371,2,78,KD/86,TL/86
IC,2371,2,76,TL/86,FA/86
IC,2371,2,49,TL/86,/86
IC,2371,3,22,ES/86,BM/86
IC,2371,3,43,BM/86,LK/86
IC,2371,3,34,LK/86,KD/86
IC,2371,3,78,KD/86,TL/86
IC,2371,3,76,TL/86,FA/86
IC,2371,3,49,TL/86,/86
IC,2374,2,35,FA/86,TL/86
IC,2374,2,34,TL/86,KD/86
IC,2374,2,20,KD/86,LK/86
IC,2374,2,20,LK/86,BM/86
IC,2374,2,13,BM/86,ES/86
IC,2374,3,35,FA/86,TL/86
IC,2374,3,34,TL/86,KD/86
IC,2374,3,20,KD/86,LK/86
IC,2374,3,20,LK/86,BM/86
IC,2374,3,13,BM/86,ES/86
IC,2376,2,55,FA/86,TL/86
IC,2376,2,55,TL/86,KD/86
IC,2376,2,29,KD/86,LK/86
IC,2376,2,27,LK/86,BM/86
IC,2376,2,21,BM/86,ES/86
IC,2376,3,55,FA/86,TL/86
IC,2376,3,55,TL/86,KD/86
IC,2376,3,29,KD/86,LK/86
IC,2376,3,27,LK/86,BM/86
IC,2376,3,21,BM/86,ES/86
IC,2377,2,48,ES/86,BM/86
IC,2377,2,43,BM/86,LK/86
IC,2377,2,25,LK/86,KD/86
IC,2377,2,33,KD/86,TL/86
IC,2377,2,33,TL/86,FA/86
IC,2377,2,44,TL/86,/86
IC,2377,3,48,ES/86,BM/86
IC,2377,3,43,BM/86,LK/86
IC,2377,3,25,LK/86,KD/86
IC,2377,3,33,KD/86,TL/86
IC,2377,3,33,TL/86,FA/86
IC,2377,3,44,TL/86,/86
IC,2383,2,12,ES/86,BM/86
IC,2383,2,26,BM/86,LK/86
IC,2383,2,24,LK/86,KD/86
IC,2383,2,25,KD/86,TL/86
IC,2383,2,25,TL/86,FA/86
IC,2383,3,12,ES/86,BM/86
IC,2383,3,26,BM/86,LK/86
IC,2383,3,24,LK/86,KD/86
IC,2383,3,25,KD/86,TL/86
IC,2383,3,25,TL/86,FA/86
IC,2387,2,3,ES/86,BM/86
IC,2387,2,2,BM/86,LK/86
IC,2387,2,1,LK/86,KD/86
IC,2387,2,1,KD/86,TL/86
IC,2387,2,1,TL/86,FA/86
IC,2387,3,3,ES/86,BM/86
IC,2387,3,2,BM/86,LK/86
IC,2387,3,1,LK/86,KD/86
IC,2387,3,1,KD/86,TL/86
IC,2387,3,1,TL/86,FA/86
RØ,2400,2,23,NÆ/86,KJ/86
RØ,2400,2,49,KJ/86,KJN/86
RØ,2400,2,55,KJN/86,KH/86
RØ,2400,3,23,NÆ/86,KJ/86
RØ,2400,3,49,KJ/86,KJN/86
RØ,2400,3,55,KJN/86,KH/86
RØ,2404,2,46,NÆ/86,KJ/86
RØ,2404,2,96,KJ/86,KJN/86
RØ,2404,2,122,KJN/86,KH/86
RØ,2404,3,46,NÆ/86,KJ/86
RØ,2404,3,96,KJ/86,KJN/86
RØ,2404,3,122,KJN/86,KH/86
RØ,2408,2,126,NÆ/86,KJ/86
RØ,2408,2,245,KJ/86,KJN/86
RØ,2408,2,300,KJN/86,KH/86
RØ,2408,3,126,NÆ/86,KJ/86
RØ,2408,3,245,KJ/86,KJN/86
RØ,2408,3,300,KJN/86,KH/86
RØ,2412,2,84,NÆ/86,KJ/86
RØ,2412,2,185,KJ/86,KJN/86
RØ,2412,2,231,KJN/86,KH/86
RØ,2412,2,91,KH/86,KK/86
RØ,2412,3,84,NÆ/86,KJ/86
RØ,2412,3,185,KJ/86,KJN/86
RØ,2412,3,231,KJN/86,KH/86
RØ,2412,3,91,KH/86,KK/86
RØ,2416,2,59,NÆ/86,KJ/86
RØ,2416,2,103,KJ/86,KJN/86
RØ,2416,2,123,KJN/86,KH/86
RØ,2416,2,56,KH/86,KK/86
RØ,2416,3,59,NÆ/86,KJ/86
RØ,2416,3,103,KJ/86,KJN/86
RØ,2416,3,123,KJN/86,KH/86
RØ,2416,3,56,KH/86,KK/86
RØ,2419,2,19,KH/86,KJN/86
RØ,2419,2,15,KJN/86,KJ/86
RØ,2419,2,18,KJ/86,NÆ/86
RØ,2419,3,19,KH/86,KJN/86
RØ,2419,3,15,KJN/86,KJ/86
RØ,2419,3,18,KJ/86,NÆ/86
RØ,2420,2,26,NÆ/86,KJ/86
RØ,2420,2,54,KJ/86,KJN/86
RØ,2420,2,64,KJN/86,KH/86
RØ,2420,2,30,KH/86,KK/86
RØ,2420,3,26,NÆ/86,KJ/86
RØ,2420,3,54,KJ/86,KJN/86
RØ,2420,3,64,KJN/86,KH/86
RØ,2420,3,30,KH/86,KK/86
RØ,2423,2,43,KH/86,KJN/86
RØ,2423,2,39,KJN/86,KJ/86
RØ,2423,2,24,KJ/86,NÆ/86
RØ,2423,3,43,KH/86,KJN/86
RØ,2423,3,39,KJN/86,KJ/86
RØ,2423,3,24,KJ/86,NÆ/86
RØ,2424,2,22,NÆ/86,KJ/86
RØ,2424,2,45,KJ/86,KJN/86
RØ,2424,2,51,KJN/86,KH/86
RØ,2424,3,22,NÆ/86,KJ/86
RØ,2424,3,45,KJ/86,KJN/86
RØ,2424,3,51,KJN/86,KH/86
RØ,2427,2,85,KH/86,KJN/86
RØ,2427,2,69,KJN/86,KJ/86
RØ,2427,2,24,KJ/86,NÆ/86
RØ,2427,3,85,KH/86,KJN/86
RØ,2427,3,69,KJN/86,KJ/86
RØ,2427,3,24,KJ/86,NÆ/86
RØ,2428,2,26,NÆ/86,KJ/86
RØ,2428,2,57,KJ/86,KJN/86
RØ,2428,2,64,KJN/86,KH/86
RØ,2428,2,23,KH/86,KK/86
RØ,2428,3,26,NÆ/86,KJ/86
RØ,2428,3,57,KJ/86,KJN/86
RØ,2428,3,64,KJN/86,KH/86
RØ,2428,3,23,KH/86,KK/86
RØ,2431,2,63,KH/86,KJN/86
RØ,2431,2,56,KJN/86,KJ/86
RØ,2431,2,17,KJ/86,NÆ/86
RØ,2431,3,63,KH/86,KJN/86
RØ,2431,3,56,KJN/86,KJ/86
RØ,2431,3,17,KJ/86,NÆ/86
RØ,2432,2,25,NÆ/86,KJ/86
RØ,2432,2,42,KJ/86,KJN/86
RØ,2432,2,47,KJN/86,KH/86
RØ,2432,2,18,KH/86,KK/86
RØ,2432,3,25,NÆ/86,KJ/86
RØ,2432,3,42,KJ/86,KJN/86
RØ,2432,3,47,KJN/86,KH/86
RØ,2432,3,18,KH/86,KK/86
RØ,2435,2,45,KH/86,KJN/86
RØ,2435,2,43,KJN/86,KJ/86
RØ,2435,2,12,KJ/86,NÆ/86
RØ,2435,3,45,KH/86,KJN/86
RØ,2435,3,43,KJN/86,KJ/86
RØ,2435,3,12,KJ/86,NÆ/86
RØ,2436,2,33,NÆ/86,KJ/86
RØ,2436,2,75,KJ/86,KJN/86
RØ,2436,2,84,KJN/86,KH/86
RØ,2436,3,33,NÆ/86,KJ/86
RØ,2436,3,75,KJ/86,KJN/86
RØ,2436,3,84,KJN/86,KH/86
RØ,2439,2,13,KK/86,KH/86
RØ,2439,2,33,KH/86,KJN/86
RØ,2439,2,31,KJN/86,KJ/86
RØ,2439,2,12,KJ/86,NÆ/86
RØ,2439,3,13,KK/86,KH/86
RØ,2439,3,33,KH/86,KJN/86
RØ,2439,3,31,KJN/86,KJ/86
RØ,2439,3,12,KJ/86,NÆ/86
RØ,2440,2,35,NÆ/86,KJ/86
RØ,2440,2,76,KJ/86,KJN/86
RØ,2440,2,90,KJN/86,KH/86
RØ,2440,3,35,NÆ/86,KJ/86
RØ,2440,3,76,KJ/86,KJN/86
RØ,2440,3,90,KJN/86,KH/86
RØ,2443,2,15,KK/86,KH/86
RØ,2443,2,42,KH/86,KJN/86
RØ,2443,2,39,KJN/86,KJ/86
RØ,2443,2,16,KJ/86,NÆ/86
RØ,2443,3,15,KK/86,KH/86
RØ,2443,3,42,KH/86,KJN/86
RØ,2443,3,39,KJN/86,KJ/86
RØ,2443,3,16,KJ/86,NÆ/86
RØ,2444,2,37,NÆ/86,KJ/86
RØ,2444,2,82,KJ/86,KJN/86
RØ,2444,2,107,KJN/86,KH/86
RØ,2444,3,37,NÆ/86,KJ/86
RØ,2444,3,82,KJ/86,KJN/86
RØ,2444,3,107,KJN/86,KH/86
RØ,2447,2,20,KK/86,KH/86
RØ,2447,2,55,KH/86,KJN/86
RØ,2447,2,50,KJN/86,KJ/86
RØ,2447,2,21,KJ/86,NÆ/86
RØ,2447,3,20,KK/86,KH/86
RØ,2447,3,55,KH/86,KJN/86
RØ,2447,3,50,KJN/86,KJ/86
RØ,2447,3,21,KJ/86,NÆ/86
RØ,2448,2,22,NÆ/86,KJ/86
RØ,2448,2,42,KJ/86,KJN/86
RØ,2448,2,56,KJN/86,KH/86
RØ,2448,3,22,NÆ/86,KJ/86
RØ,2448,3,42,KJ/86,KJN/86
RØ,2448,3,56,KJN/86,KH/86
RØ,2451,2,31,KK/86,KH/86
RØ,2451,2,78,KH/86,KJN/86
RØ,2451,2,71,KJN/86,KJ/86
RØ,2451,2,36,KJ/86,NÆ/86
RØ,2451,3,31,KK/86,KH/86
RØ,2451,3,78,KH/86,KJN/86
RØ,2451,3,71,KJN/86,KJ/86
RØ,2451,3,36,KJ/86,NÆ/86
RØ,2452,2,15,NÆ/86,KJ/86
RØ,2452,2,38,KJ/86,KJN/86
RØ,2452,2,44,KJN/86,KH/86
RØ,2452,3,15,NÆ/86,KJ/86
RØ,2452,3,38,KJ/86,KJN/86
RØ,2452,3,44,KJN/86,KH/86
RØ,2455,2,49,KK/86,KH/86
RØ,2455,2,132,KH/86,KJN/86
RØ,2455,2,118,KJN/86,KJ/86
RØ,2455,2,56,KJ/86,NÆ/86
RØ,2455,3,49,KK/86,KH/86
RØ,2455,3,132,KH/86,KJN/86
RØ,2455,3,118,KJN/86,KJ/86
RØ,2455,3,56,KJ/86,NÆ/86
RØ,2456,2,11,NÆ/86,KJ/86
RØ,2456,2,31,KJ/86,KJN/86
RØ,2456,2,33,KJN/86,KH/86
RØ,2456,2,11,KH/86,KK/86
RØ,2456,3,11,NÆ/86,KJ/86
RØ,2456,3,31,KJ/86,KJN/86
RØ,2456,3,33,KJN/86,KH/86
RØ,2456,3,11,KH/86,KK/86
RØ,2459,2,91,KK/86,KH/86
RØ,2459,2,235,KH/86,KJN/86
RØ,2459,2,197,KJN/86,KJ/86
RØ,2459,2,87,KJ/86,NÆ/86
RØ,2459,3,91,KK/86,KH/86
RØ,2459,3,235,KH/86,KJN/86
RØ,2459,3,197,KJN/86,KJ/86
RØ,2459,3,87,KJ/86,NÆ/86
RØ,2460,2,14,NÆ/86,KJ/86
RØ,2460,2,38,KJ/86,KJN/86
RØ,2460,2,52,KJN/86,KH/86
RØ,2460,3,14,NÆ/86,KJ/86
RØ,2460,3,38,KJ/86,KJN/86
RØ,2460,3,52,KJN/86,KH/86
RØ,2463,2,386,KH/86,KJN/86
RØ,2463,2,330,KJN/86,KJ/86
RØ,2463,2,111,KJ/86,NÆ/86
RØ,2463,3,386,KH/86,KJN/86
RØ,2463,3,330,KJN/86,KJ/86
RØ,2463,3,111,KJ/86,NÆ/86
RØ,2464,2,46,NÆ/86,KJ/86
RØ,2464,2,34,KJ/86,KJN/86
RØ,2464,2,34,KJN/86,KH/86
RØ,2464,3,46,NÆ/86,KJ/86
RØ,2464,3,34,KJ/86,KJN/86
RØ,2464,3,34,KJN/86,KH/86
RØ,2467,2,176,KH/86,KJN/86
RØ,2467,2,135,KJN/86,KJ/86
RØ,2467,2,46,KJ/86,NÆ/86
RØ,2467,3,176,KH/86,KJN/86
RØ,2467,3,135,KJN/86,KJ/86
RØ,2467,3,46,KJ/86,NÆ/86
RØ,2468,2,10,NÆ/86,KJ/86
RØ,2468,2,24,KJ/86,KJN/86
RØ,2468,2,24,KJN/86,KH/86
RØ,2468,3,10,NÆ/86,KJ/86
RØ,2468,3,24,KJ/86,KJN/86
RØ,2468,3,24,KJN/86,KH/86
RØ,2471,2,88,KH/86,KJN/86
RØ,2471,2,71,KJN/86,KJ/86
RØ,2471,2,31,KJ/86,NÆ/86
RØ,2471,3,88,KH/86,KJN/86
RØ,2471,3,71,KJN/86,KJ/86
RØ,2471,3,31,KJ/86,NÆ/86
RØ,2474,2,3,NÆ/86,KJ/86
RØ,2474,2,13,KJ/86,KJN/86
RØ,2474,2,25,KJN/86,KH/86
RØ,2474,2,5,KH/86,KK/86
RØ,2474,3,3,NÆ/86,KJ/86
RØ,2474,3,13,KJ/86,KJN/86
RØ,2474,3,25,KJN/86,KH/86
RØ,2474,3,5,KH/86,KK/86
RØ,2475,2,71,KH/86,KJN/86
RØ,2475,2,59,KJN/86,KJ/86
RØ,2475,2,27,KJ/86,NÆ/86
RØ,2475,3,71,KH/86,KJN/86
RØ,2475,3,59,KJN/86,KJ/86
RØ,2475,3,27,KJ/86,NÆ/86
RØ,2476,2,1,NÆ/86,KJ/86
RØ,2476,2,1,KJ/86,KJN/86
RØ,2476,2,1,KJN/86,KH/86
RØ,2476,2,0,KH/86,KK/86
RØ,2476,3,1,NÆ/86,KJ/86
RØ,2476,3,1,KJ/86,KJN/86
RØ,2476,3,1,KJN/86,KH/86
RØ,2476,3,0,KH/86,KK/86
RØ,2479,2,29,KK/86,KH/86
RØ,2479,2,75,KH/86,KJN/86
RØ,2479,2,61,KJN/86,KJ/86
RØ,2479,2,38,KJ/86,NÆ/86
RØ,2479,3,29,KK/86,KH/86
RØ,2479,3,75,KH/86,KJN/86
RØ,2479,3,61,KJN/86,KJ/86
RØ,2479,3,38,KJ/86,NÆ/86
RØ,2483,2,30,KK/86,KH/86
RØ,2483,2,71,KH/86,KJN/86
RØ,2483,2,54,KJN/86,KJ/86
RØ,2483,2,27,KJ/86,NÆ/86
RØ,2483,3,30,KK/86,KH/86
RØ,2483,3,71,KH/86,KJN/86
RØ,2483,3,54,KJN/86,KJ/86
RØ,2483,3,27,KJ/86,NÆ/86
RØ,2487,2,28,KK/86,KH/86
RØ,2487,2,66,KH/86,KJN/86
RØ,2487,2,45,KJN/86,KJ/86
RØ,2487,2,14,KJ/86,NÆ/86
RØ,2487,3,28,KK/86,KH/86
RØ,2487,3,66,KH/86,KJN/86
RØ,2487,3,45,KJN/86,KJ/86
RØ,2487,3,14,KJ/86,NÆ/86
RØ,2491,2,49,KH/86,KJN/86
RØ,2491,2,41,KJN/86,KJ/86
RØ,2491,2,20,KJ/86,NÆ/86
RØ,2491,3,49,KH/86,KJN/86
RØ,2491,3,41,KJN/86,KJ/86
RØ,2491,3,20,KJ/86,NÆ/86
RØ,2495,2,22,KH/86,KJN/86
RØ,2495,2,17,KJN/86,KJ/86
RØ,2495,2,5,KJ/86,NÆ/86
RØ,2495,3,22,KH/86,KJN/86
RØ,2495,3,17,KJN/86,KJ/86
RØ,2495,3,5,KJ/86,NÆ/86
RØ,2500,2,6,KH/86,KK/86
RØ,2500,2,13,KK/86,NI/86
RØ,2500,2,10,NI/86,HG/86
RØ,2500,3,6,KH/86,KK/86
RØ,2500,3,13,KK/86,NI/86
RØ,2500,3,10,NI/86,HG/86
RØ,2502,2,108,HK/86,RO/86
RØ,2502,2,192,RO/86,HTÅ/86
RØ,2502,2,206,HTÅ/86,KH/86
RØ,2502,2,80,KH/86,KK/86
RØ,2502,2,53,KK/86,NI/86
RØ,2502,2,33,NI/86,HG/86
RØ,2502,3,108,HK/86,RO/86
RØ,2502,3,192,RO/86,HTÅ/86
RØ,2502,3,206,HTÅ/86,KH/86
RØ,2502,3,80,KH/86,KK/86
RØ,2502,3,53,KK/86,NI/86
RØ,2502,3,33,NI/86,HG/86
RØ,2506,2,356,HK/86,RO/86
RØ,2506,2,523,RO/86,HTÅ/86
RØ,2506,2,510,HTÅ/86,KH/86
RØ,2506,2,190,KH/86,KK/86
RØ,2506,2,105,KK/86,NI/86
RØ,2506,2,72,NI/86,HG/86
RØ,2506,3,356,HK/86,RO/86
RØ,2506,3,523,RO/86,HTÅ/86
RØ,2506,3,510,HTÅ/86,KH/86
RØ,2506,3,190,KH/86,KK/86
RØ,2506,3,105,KK/86,NI/86
RØ,2506,3,72,NI/86,HG/86
RØ,2510,2,295,HK/86,RO/86
RØ,2510,2,424,RO/86,HTÅ/86
RØ,2510,2,424,HTÅ/86,KH/86
RØ,2510,2,173,KH/86,KK/86
RØ,2510,2,90,KK/86,NI/86
RØ,2510,2,57,NI/86,HG/86
RØ,2510,3,295,HK/86,RO/86
RØ,2510,3,424,RO/86,HTÅ/86
RØ,2510,3,424,HTÅ/86,KH/86
RØ,2510,3,173,KH/86,KK/86
RØ,2510,3,90,KK/86,NI/86
RØ,2510,3,57,NI/86,HG/86
RØ,2514,2,157,HK/86,RO/86
RØ,2514,2,266,RO/86,HTÅ/86
RØ,2514,2,279,HTÅ/86,KH/86
RØ,2514,2,94,KH/86,KK/86
RØ,2514,2,99,KK/86,NI/86
RØ,2514,2,67,NI/86,HG/86
RØ,2514,3,157,HK/86,RO/86
RØ,2514,3,266,RO/86,HTÅ/86
RØ,2514,3,279,HTÅ/86,KH/86
RØ,2514,3,94,KH/86,KK/86
RØ,2514,3,99,KK/86,NI/86
RØ,2514,3,67,NI/86,HG/86
RØ,2518,2,73,HK/86,RO/86
RØ,2518,2,120,RO/86,HTÅ/86
RØ,2518,2,131,HTÅ/86,KH/86
RØ,2518,2,67,KH/86,KK/86
RØ,2518,2,93,KK/86,NI/86
RØ,2518,2,62,NI/86,HG/86
RØ,2518,3,73,HK/86,RO/86
RØ,2518,3,120,RO/86,HTÅ/86
RØ,2518,3,131,HTÅ/86,KH/86
RØ,2518,3,67,KH/86,KK/86
RØ,2518,3,93,KK/86,NI/86
RØ,2518,3,62,NI/86,HG/86
RØ,2519,2,17,KH/86,HTÅ/86
RØ,2519,2,16,HTÅ/86,RO/86
RØ,2519,2,18,RO/86,HK/86
RØ,2519,3,17,KH/86,HTÅ/86
RØ,2519,3,16,HTÅ/86,RO/86
RØ,2519,3,18,RO/86,HK/86
RØ,2522,2,70,HK/86,RO/86
RØ,2522,2,138,RO/86,HTÅ/86
RØ,2522,2,148,HTÅ/86,KH/86
RØ,2522,2,75,KH/86,KK/86
RØ,2522,2,112,KK/86,NI/86
RØ,2522,2,70,NI/86,HG/86
RØ,2522,3,70,HK/86,RO/86
RØ,2522,3,138,RO/86,HTÅ/86
RØ,2522,3,148,HTÅ/86,KH/86
RØ,2522,3,75,KH/86,KK/86
RØ,2522,3,112,KK/86,NI/86
RØ,2522,3,70,NI/86,HG/86
RØ,2523,2,17,KK/86,KH/86
RØ,2523,2,55,KH/86,HTÅ/86
RØ,2523,2,44,HTÅ/86,RO/86
RØ,2523,2,21,RO/86,HK/86
RØ,2523,3,17,KK/86,KH/86
RØ,2523,3,55,KH/86,HTÅ/86
RØ,2523,3,44,HTÅ/86,RO/86
RØ,2523,3,21,RO/86,HK/86
RØ,2526,2,73,HK/86,RO/86
RØ,2526,2,158,RO/86,HTÅ/86
RØ,2526,2,163,HTÅ/86,KH/86
RØ,2526,2,72,KH/86,KK/86
RØ,2526,2,121,KK/86,NI/86
RØ,2526,2,79,NI/86,HG/86
RØ,2526,3,73,HK/86,RO/86
RØ,2526,3,158,RO/86,HTÅ/86
RØ,2526,3,163,HTÅ/86,KH/86
RØ,2526,3,72,KH/86,KK/86
RØ,2526,3,121,KK/86,NI/86
RØ,2526,3,79,NI/86,HG/86
RØ,2527,2,60,HG/86,NI/86
RØ,2527,2,134,NI/86,KK/86
RØ,2527,2,144,KK/86,KH/86
RØ,2527,2,360,KH/86,HTÅ/86
RØ,2527,2,341,HTÅ/86,RO/86
RØ,2527,2,103,RO/86,HK/86
RØ,2527,3,60,HG/86,NI/86
RØ,2527,3,134,NI/86,KK/86
RØ,2527,3,144,KK/86,KH/86
RØ,2527,3,360,KH/86,HTÅ/86
RØ,2527,3,341,HTÅ/86,RO/86
RØ,2527,3,103,RO/86,HK/86
RØ,2530,2,64,HK/86,RO/86
RØ,2530,2,142,RO/86,HTÅ/86
RØ,2530,2,146,HTÅ/86,KH/86
RØ,2530,2,84,KH/86,KK/86
RØ,2530,2,161,KK/86,NI/86
RØ,2530,2,96,NI/86,HG/86
RØ,2530,3,64,HK/86,RO/86
RØ,2530,3,142,RO/86,HTÅ/86
RØ,2530,3,146,HTÅ/86,KH/86
RØ,2530,3,84,KH/86,KK/86
RØ,2530,3,161,KK/86,NI/86
RØ,2530,3,96,NI/86,HG/86
RØ,2531,2,195,HG/86,NI/86
RØ,2531,2,421,NI/86,KK/86
RØ,2531,2,253,KK/86,KH/86
RØ,2531,2,330,KH/86,HTÅ/86
RØ,2531,2,244,HTÅ/86,RO/86
RØ,2531,2,70,RO/86,HK/86
RØ,2531,3,195,HG/86,NI/86
RØ,2531,3,421,NI/86,KK/86
RØ,2531,3,253,KK/86,KH/86
RØ,2531,3,330,KH/86,HTÅ/86
RØ,2531,3,244,HTÅ/86,RO/86
RØ,2531,3,70,RO/86,HK/86
RØ,2534,2,83,HK/86,RO/86
RØ,2534,2,196,RO/86,HTÅ/86
RØ,2534,2,211,HTÅ/86,KH/86
RØ,2534,2,129,KH/86,KK/86
RØ,2534,2,198,KK/86,NI/86
RØ,2534,2,105,NI/86,HG/86
RØ,2534,3,83,HK/86,RO/86
RØ,2534,3,196,RO/86,HTÅ/86
RØ,2534,3,211,HTÅ/86,KH/86
RØ,2534,3,129,KH/86,KK/86
RØ,2534,3,198,KK/86,NI/86
RØ,2534,3,105,NI/86,HG/86
RØ,2535,2,135,HG/86,NI/86
RØ,2535,2,259,NI/86,KK/86
RØ,2535,2,169,KK/86,KH/86
RØ,2535,2,162,KH/86,HTÅ/86
RØ,2535,2,131,HTÅ/86,RO/86
RØ,2535,2,31,RO/86,HK/86
RØ,2535,3,135,HG/86,NI/86
RØ,2535,3,259,NI/86,KK/86
RØ,2535,3,169,KK/86,KH/86
RØ,2535,3,162,KH/86,HTÅ/86
RØ,2535,3,131,HTÅ/86,RO/86
RØ,2535,3,31,RO/86,HK/86
RØ,2538,2,126,HK/86,RO/86
RØ,2538,2,325,RO/86,HTÅ/86
RØ,2538,2,354,HTÅ/86,KH/86
RØ,2538,2,204,KH/86,KK/86
RØ,2538,2,274,KK/86,NI/86
RØ,2538,2,120,NI/86,HG/86
RØ,2538,3,126,HK/86,RO/86
RØ,2538,3,325,RO/86,HTÅ/86
RØ,2538,3,354,HTÅ/86,KH/86
RØ,2538,3,204,KH/86,KK/86
RØ,2538,3,274,KK/86,NI/86
RØ,2538,3,120,NI/86,HG/86
RØ,2539,2,103,HG/86,NI/86
RØ,2539,2,198,NI/86,KK/86
RØ,2539,2,81,KK/86,KH/86
RØ,2539,2,82,KH/86,HTÅ/86
RØ,2539,2,65,HTÅ/86,RO/86
RØ,2539,2,27,RO/86,HK/86
RØ,2539,3,103,HG/86,NI/86
RØ,2539,3,198,NI/86,KK/86
RØ,2539,3,81,KK/86,KH/86
RØ,2539,3,82,KH/86,HTÅ/86
RØ,2539,3,65,HTÅ/86,RO/86
RØ,2539,3,27,RO/86,HK/86
RØ,2542,2,84,HK/86,RO/86
RØ,2542,2,275,RO/86,HTÅ/86
RØ,2542,2,315,HTÅ/86,KH/86
RØ,2542,2,180,KH/86,KK/86
RØ,2542,2,231,KK/86,NI/86
RØ,2542,2,94,NI/86,HG/86
RØ,2542,3,84,HK/86,RO/86
RØ,2542,3,275,RO/86,HTÅ/86
RØ,2542,3,315,HTÅ/86,KH/86
RØ,2542,3,180,KH/86,KK/86
RØ,2542,3,231,KK/86,NI/86
RØ,2542,3,94,NI/86,HG/86
RØ,2543,2,52,HG/86,NI/86
RØ,2543,2,90,NI/86,KK/86
RØ,2543,2,66,KK/86,KH/86
RØ,2543,2,104,KH/86,HTÅ/86
RØ,2543,2,90,HTÅ/86,RO/86
RØ,2543,2,38,RO/86,HK/86
RØ,2543,3,52,HG/86,NI/86
RØ,2543,3,90,NI/86,KK/86
RØ,2543,3,66,KK/86,KH/86
RØ,2543,3,104,KH/86,HTÅ/86
RØ,2543,3,90,HTÅ/86,RO/86
RØ,2543,3,38,RO/86,HK/86
RØ,2546,2,56,HK/86,RO/86
RØ,2546,2,147,RO/86,HTÅ/86
RØ,2546,2,170,HTÅ/86,KH/86
RØ,2546,2,105,KH/86,KK/86
RØ,2546,2,132,KK/86,NI/86
RØ,2546,2,52,NI/86,HG/86
RØ,2546,3,56,HK/86,RO/86
RØ,2546,3,147,RO/86,HTÅ/86
RØ,2546,3,170,HTÅ/86,KH/86
RØ,2546,3,105,KH/86,KK/86
RØ,2546,3,132,KK/86,NI/86
RØ,2546,3,52,NI/86,HG/86
RØ,2547,2,53,HG/86,NI/86
RØ,2547,2,91,NI/86,KK/86
RØ,2547,2,69,KK/86,KH/86
RØ,2547,2,122,KH/86,HTÅ/86
RØ,2547,2,105,HTÅ/86,RO/86
RØ,2547,2,63,RO/86,HK/86
RØ,2547,3,53,HG/86,NI/86
RØ,2547,3,91,NI/86,KK/86
RØ,2547,3,69,KK/86,KH/86
RØ,2547,3,122,KH/86,HTÅ/86
RØ,2547,3,105,HTÅ/86,RO/86
RØ,2547,3,63,RO/86,HK/86
RØ,2550,2,45,HK/86,RO/86
RØ,2550,2,97,RO/86,HTÅ/86
RØ,2550,2,107,HTÅ/86,KH/86
RØ,2550,2,64,KH/86,KK/86
RØ,2550,2,95,KK/86,NI/86
RØ,2550,2,47,NI/86,HG/86
RØ,2550,3,45,HK/86,RO/86
RØ,2550,3,97,RO/86,HTÅ/86
RØ,2550,3,107,HTÅ/86,KH/86
RØ,2550,3,64,KH/86,KK/86
RØ,2550,3,95,KK/86,NI/86
RØ,2550,3,47,NI/86,HG/86
RØ,2551,2,55,HG/86,NI/86
RØ,2551,2,91,NI/86,KK/86
RØ,2551,2,71,KK/86,KH/86
RØ,2551,2,144,KH/86,HTÅ/86
RØ,2551,2,130,HTÅ/86,RO/86
RØ,2551,2,96,RO/86,HK/86
RØ,2551,3,55,HG/86,NI/86
RØ,2551,3,91,NI/86,KK/86
RØ,2551,3,71,KK/86,KH/86
RØ,2551,3,144,KH/86,HTÅ/86
RØ,2551,3,130,HTÅ/86,RO/86
RØ,2551,3,96,RO/86,HK/86
RØ,2554,2,30,HK/86,RO/86
RØ,2554,2,68,RO/86,HTÅ/86
RØ,2554,2,66,HTÅ/86,KH/86
RØ,2554,2,55,KH/86,KK/86
RØ,2554,2,80,KK/86,NI/86
RØ,2554,2,47,NI/86,HG/86
RØ,2554,3,30,HK/86,RO/86
RØ,2554,3,68,RO/86,HTÅ/86
RØ,2554,3,66,HTÅ/86,KH/86
RØ,2554,3,55,KH/86,KK/86
RØ,2554,3,80,KK/86,NI/86
RØ,2554,3,47,NI/86,HG/86
RØ,2555,2,60,HG/86,NI/86
RØ,2555,2,92,NI/86,KK/86
RØ,2555,2,111,KK/86,KH/86
RØ,2555,2,233,KH/86,HTÅ/86
RØ,2555,2,206,HTÅ/86,RO/86
RØ,2555,2,127,RO/86,HK/86
RØ,2555,3,60,HG/86,NI/86
RØ,2555,3,92,NI/86,KK/86
RØ,2555,3,111,KK/86,KH/86
RØ,2555,3,233,KH/86,HTÅ/86
RØ,2555,3,206,HTÅ/86,RO/86
RØ,2555,3,127,RO/86,HK/86
RØ,2558,2,22,HK/86,RO/86
RØ,2558,2,51,RO/86,HTÅ/86
RØ,2558,2,75,HTÅ/86,KH/86
RØ,2558,2,110,KH/86,KK/86
RØ,2558,2,135,KK/86,NI/86
RØ,2558,2,88,NI/86,HG/86
RØ,2558,3,22,HK/86,RO/86
RØ,2558,3,51,RO/86,HTÅ/86
RØ,2558,3,75,HTÅ/86,KH/86
RØ,2558,3,110,KH/86,KK/86
RØ,2558,3,135,KK/86,NI/86
RØ,2558,3,88,NI/86,HG/86
RØ,2559,2,65,HG/86,NI/86
RØ,2559,2,106,NI/86,KK/86
RØ,2559,2,170,KK/86,KH/86
RØ,2559,2,354,KH/86,HTÅ/86
RØ,2559,2,334,HTÅ/86,RO/86
RØ,2559,2,200,RO/86,HK/86
RØ,2559,3,65,HG/86,NI/86
RØ,2559,3,106,NI/86,KK/86
RØ,2559,3,170,KK/86,KH/86
RØ,2559,3,354,KH/86,HTÅ/86
RØ,2559,3,334,HTÅ/86,RO/86
RØ,2559,3,200,RO/86,HK/86
RØ,2562,2,46,HK/86,RO/86
RØ,2562,2,52,RO/86,HTÅ/86
RØ,2562,2,52,HTÅ/86,KH/86
RØ,2562,2,13,KH/86,KK/86
RØ,2562,3,46,HK/86,RO/86
RØ,2562,3,52,RO/86,HTÅ/86
RØ,2562,3,52,HTÅ/86,KH/86
RØ,2562,3,13,KH/86,KK/86
RØ,2563,2,61,HG/86,NI/86
RØ,2563,2,111,NI/86,KK/86
RØ,2563,2,211,KK/86,KH/86
RØ,2563,2,431,KH/86,HTÅ/86
RØ,2563,2,399,HTÅ/86,RO/86
RØ,2563,2,202,RO/86,HK/86
RØ,2563,3,61,HG/86,NI/86
RØ,2563,3,111,NI/86,KK/86
RØ,2563,3,211,KK/86,KH/86
RØ,2563,3,431,KH/86,HTÅ/86
RØ,2563,3,399,HTÅ/86,RO/86
RØ,2563,3,202,RO/86,HK/86
RØ,2566,2,17,HK/86,RO/86
RØ,2566,2,40,RO/86,HTÅ/86
RØ,2566,2,38,HTÅ/86,KH/86
RØ,2566,2,10,KH/86,KK/86
RØ,2566,3,17,HK/86,RO/86
RØ,2566,3,40,RO/86,HTÅ/86
RØ,2566,3,38,HTÅ/86,KH/86
RØ,2566,3,10,KH/86,KK/86
RØ,2567,2,100,HG/86,NI/86
RØ,2567,2,168,NI/86,KK/86
RØ,2567,2,189,KK/86,KH/86
RØ,2567,2,354,KH/86,HTÅ/86
RØ,2567,2,320,HTÅ/86,RO/86
RØ,2567,2,161,RO/86,HK/86
RØ,2567,3,100,HG/86,NI/86
RØ,2567,3,168,NI/86,KK/86
RØ,2567,3,189,KK/86,KH/86
RØ,2567,3,354,KH/86,HTÅ/86
RØ,2567,3,320,HTÅ/86,RO/86
RØ,2567,3,161,RO/86,HK/86
RØ,2571,2,46,HG/86,NI/86
RØ,2571,2,94,NI/86,KK/86
RØ,2571,2,95,KK/86,KH/86
RØ,2571,2,161,KH/86,HTÅ/86
RØ,2571,2,136,HTÅ/86,RO/86
RØ,2571,2,69,RO/86,HK/86
RØ,2571,3,46,HG/86,NI/86
RØ,2571,3,94,NI/86,KK/86
RØ,2571,3,95,KK/86,KH/86
RØ,2571,3,161,KH/86,HTÅ/86
RØ,2571,3,136,HTÅ/86,RO/86
RØ,2571,3,69,RO/86,HK/86
RØ,2575,2,28,HG/86,NI/86
RØ,2575,2,50,NI/86,KK/86
RØ,2575,2,49,KK/86,KH/86
RØ,2575,2,106,KH/86,HTÅ/86
RØ,2575,2,87,HTÅ/86,RO/86
RØ,2575,2,42,RO/86,HK/86
RØ,2575,3,28,HG/86,NI/86
RØ,2575,3,50,NI/86,KK/86
RØ,2575,3,49,KK/86,KH/86
RØ,2575,3,106,KH/86,HTÅ/86
RØ,2575,3,87,HTÅ/86,RO/86
RØ,2575,3,42,RO/86,HK/86
RØ,2579,2,37,HG/86,NI/86
RØ,2579,2,52,NI/86,KK/86
RØ,2579,2,30,KK/86,KH/86
RØ,2579,3,37,HG/86,NI/86
RØ,2579,3,52,NI/86,KK/86
RØ,2579,3,30,KK/86,KH/86
RØ,2583,2,43,HG/86,NI/86
RØ,2583,2,72,NI/86,KK/86
RØ,2583,2,65,KK/86,KH/86
RØ,2583,2,86,KH/86,HTÅ/86
RØ,2583,2,52,HTÅ/86,RO/86
RØ,2583,3,43,HG/86,NI/86
RØ,2583,3,72,NI/86,KK/86
RØ,2583,3,65,KK/86,KH/86
RØ,2583,3,86,KH/86,HTÅ/86
RØ,2583,3,52,HTÅ/86,RO/86
RØ,2595,2,5,HG/86,NI/86
RØ,2595,2,6,NI/86,KK/86
RØ,2595,2,8,KK/86,KH/86
RØ,2595,2,33,KH/86,HTÅ/86
RØ,2595,2,32,HTÅ/86,RO/86
RØ,2595,2,4,RO/86,HK/86
RØ,2595,3,5,HG/86,NI/86
RØ,2595,3,6,NI/86,KK/86
RØ,2595,3,8,KK/86,KH/86
RØ,2595,3,33,KH/86,HTÅ/86
RØ,2595,3,32,HTÅ/86,RO/86
RØ,2595,3,4,RO/86,HK/86
RØ,2599,2,8,HG/86,NI/86
RØ,2599,2,16,NI/86,KK/86
RØ,2599,2,12,KK/86,KH/86
RØ,2599,3,8,HG/86,NI/86
RØ,2599,3,16,NI/86,KK/86
RØ,2599,3,12,KK/86,KH/86
RV,2710,2,2,FA/86,MD/86
RV,2710,2,29,MD/86,OD/86
RV,2710,3,2,FA/86,MD/86
RV,2710,3,29,MD/86,OD/86
RV,2715,2,29,OD/86,MD/86
RV,2715,2,19,MD/86,FA/86
RV,2715,3,29,OD/86,MD/86
RV,2715,3,19,MD/86,FA/86
RV,2720,2,16,FA/86,MD/86
RV,2720,2,27,MD/86,OD/86
RV,2720,3,16,FA/86,MD/86
RV,2720,3,27,MD/86,OD/86
RV,2727,2,10,OD/86,MD/86
RV,2727,2,3,MD/86,FA/86
RV,2727,3,10,OD/86,MD/86
RV,2727,3,3,MD/86,FA/86
RV,2728,2,2,FA/86,MD/86
RV,2728,2,11,MD/86,OD/86
RV,2728,3,2,FA/86,MD/86
RV,2728,3,11,MD/86,OD/86
RV,2733,2,8,OD/86,MD/86
RV,2733,2,5,MD/86,FA/86
RV,2733,3,8,OD/86,MD/86
RV,2733,3,5,MD/86,FA/86
RV,2736,2,5,FA/86,MD/86
RV,2736,2,15,MD/86,OD/86
RV,2736,3,5,FA/86,MD/86
RV,2736,3,15,MD/86,OD/86
RV,2741,2,19,OD/86,MD/86
RV,2741,2,7,MD/86,FA/86
RV,2741,3,19,OD/86,MD/86
RV,2741,3,7,MD/86,FA/86
RV,2742,2,8,FA/86,MD/86
RV,2742,2,30,MD/86,OD/86
RV,2742,3,8,FA/86,MD/86
RV,2742,3,30,MD/86,OD/86
RV,2751,2,52,OD/86,MD/86
RV,2751,2,21,MD/86,FA/86
RV,2751,3,52,OD/86,MD/86
RV,2751,3,21,MD/86,FA/86
RV,2754,2,6,FA/86,MD/86
RV,2754,2,12,MD/86,OD/86
RV,2754,3,6,FA/86,MD/86
RV,2754,3,12,MD/86,OD/86
RV,2759,2,45,OD/86,MD/86
RV,2759,2,3,MD/86,FA/86
RV,2759,3,45,OD/86,MD/86
RV,2759,3,3,MD/86,FA/86
RV,2760,2,11,FA/86,MD/86
RV,2760,2,16,MD/86,OD/86
RV,2760,3,11,FA/86,MD/86
RV,2760,3,16,MD/86,OD/86
RV,2765,2,19,OD/86,MD/86
RV,2765,2,2,MD/86,FA/86
RV,2765,3,19,OD/86,MD/86
RV,2765,3,2,MD/86,FA/86
RV,2768,2,33,FA/86,MD/86
RV,2768,2,58,MD/86,OD/86
RV,2768,3,33,FA/86,MD/86
RV,2768,3,58,MD/86,OD/86
RR,2776,2,15,FA/86,MD/86
RR,2776,2,12,MD/86,OD/86
RR,2776,3,15,FA/86,MD/86
RR,2776,3,12,MD/86,OD/86
RV,2777,2,37,OD/86,MD/86
RV,2777,2,1,MD/86,FA/86
RV,2777,3,37,OD/86,MD/86
RV,2777,3,1,MD/86,FA/86
RV,2785,2,14,OD/86,MD/86
RV,2785,2,1,MD/86,FA/86
RV,2785,3,14,OD/86,MD/86
RV,2785,3,1,MD/86,FA/86
RV,2909,2,33,FA/86,VJ/86
RV,2909,2,31,VJ/86,HS/86
RV,2909,2,41,HS/86,SD/86
RV,2909,2,31,SD/86,AR/86
RV,2909,3,33,FA/86,VJ/86
RV,2909,3,31,VJ/86,HS/86
RV,2909,3,41,HS/86,SD/86
RV,2909,3,31,SD/86,AR/86
RV,2912,2,16,AR/86,SD/86
RV,2912,2,18,SD/86,HS/86
RV,2912,2,75,HS/86,VJ/86
RV,2912,2,85,VJ/86,FA/86
RV,2912,3,16,AR/86,SD/86
RV,2912,3,18,SD/86,HS/86
RV,2912,3,75,HS/86,VJ/86
RV,2912,3,85,VJ/86,FA/86
RV,2913,2,30,FA/86,VJ/86
RV,2913,2,34,VJ/86,HS/86
RV,2913,2,54,HS/86,SD/86
RV,2913,2,50,SD/86,AR/86
RV,2913,3,30,FA/86,VJ/86
RV,2913,3,34,VJ/86,HS/86
RV,2913,3,54,HS/86,SD/86
RV,2913,3,50,SD/86,AR/86
RV,2916,2,88,AR/86,SD/86
RV,2916,2,101,SD/86,HS/86
RV,2916,2,117,HS/86,VJ/86
RV,2916,2,86,VJ/86,FA/86
RV,2916,3,88,AR/86,SD/86
RV,2916,3,101,SD/86,HS/86
RV,2916,3,117,HS/86,VJ/86
RV,2916,3,86,VJ/86,FA/86
RV,2917,2,104,FA/86,VJ/86
RV,2917,2,76,VJ/86,HS/86
RV,2917,2,97,HS/86,SD/86
RV,2917,2,78,SD/86,AR/86
RV,2917,3,104,FA/86,VJ/86
RV,2917,3,76,VJ/86,HS/86
RV,2917,3,97,HS/86,SD/86
RV,2917,3,78,SD/86,AR/86
RV,2920,2,117,AR/86,SD/86
RV,2920,2,138,SD/86,HS/86
RV,2920,2,126,HS/86,VJ/86
RV,2920,2,101,VJ/86,FA/86
RV,2920,2,37,VJ/86,/86
RV,2920,3,117,AR/86,SD/86
RV,2920,3,138,SD/86,HS/86
RV,2920,3,126,HS/86,VJ/86
RV,2920,3,101,VJ/86,FA/86
RV,2920,3,37,VJ/86,/86
RV,2921,2,30,FA/86,VJ/86
RV,2921,2,23,VJ/86,HS/86
RV,2921,2,33,HS/86,SD/86
RV,2921,2,25,SD/86,AR/86
RV,2921,3,30,FA/86,VJ/86
RV,2921,3,23,VJ/86,HS/86
RV,2921,3,33,HS/86,SD/86
RV,2921,3,25,SD/86,AR/86
RV,2924,2,62,AR/86,SD/86
RV,2924,2,117,SD/86,HS/86
RV,2924,2,139,HS/86,VJ/86
RV,2924,2,118,VJ/86,FA/86
RV,2924,3,62,AR/86,SD/86
RV,2924,3,117,SD/86,HS/86
RV,2924,3,139,HS/86,VJ/86
RV,2924,3,118,VJ/86,FA/86
RV,2925,2,98,FA/86,VJ/86
RV,2925,2,66,VJ/86,HS/86
RV,2925,2,60,HS/86,SD/86
RV,2925,2,42,SD/86,AR/86
RV,2925,3,98,FA/86,VJ/86
RV,2925,3,66,VJ/86,HS/86
RV,2925,3,60,HS/86,SD/86
RV,2925,3,42,SD/86,AR/86
RV,2928,2,40,AR/86,SD/86
RV,2928,2,74,SD/86,HS/86
RV,2928,2,101,HS/86,VJ/86
RV,2928,2,101,VJ/86,FA/86
RV,2928,3,40,AR/86,SD/86
RV,2928,3,74,SD/86,HS/86
RV,2928,3,101,HS/86,VJ/86
RV,2928,3,101,VJ/86,FA/86
RV,2929,2,30,FA/86,VJ/86
RV,2929,2,28,VJ/86,HS/86
RV,2929,2,34,HS/86,SD/86
RV,2929,2,22,SD/86,AR/86
RV,2929,3,30,FA/86,VJ/86
RV,2929,3,28,VJ/86,HS/86
RV,2929,3,34,HS/86,SD/86
RV,2929,3,22,SD/86,AR/86
RV,2932,2,44,AR/86,SD/86
RV,2932,2,75,SD/86,HS/86
RV,2932,2,97,HS/86,VJ/86
RV,2932,2,99,VJ/86,FA/86
RV,2932,3,44,AR/86,SD/86
RV,2932,3,75,SD/86,HS/86
RV,2932,3,97,HS/86,VJ/86
RV,2932,3,99,VJ/86,FA/86
RV,2933,2,19,FA/86,VJ/86
RV,2933,2,20,VJ/86,HS/86
RV,2933,2,30,HS/86,SD/86
RV,2933,2,19,SD/86,AR/86
RV,2933,3,19,FA/86,VJ/86
RV,2933,3,20,VJ/86,HS/86
RV,2933,3,30,HS/86,SD/86
RV,2933,3,19,SD/86,AR/86
RV,2936,2,67,AR/86,SD/86
RV,2936,2,98,SD/86,HS/86
RV,2936,2,123,HS/86,VJ/86
RV,2936,2,142,VJ/86,FA/86
RV,2936,2,43,VJ/86,/86
RV,2936,3,67,AR/86,SD/86
RV,2936,3,98,SD/86,HS/86
RV,2936,3,123,HS/86,VJ/86
RV,2936,3,142,VJ/86,FA/86
RV,2936,3,43,VJ/86,/86
RV,2937,2,29,FA/86,VJ/86
RV,2937,2,28,VJ/86,HS/86
RV,2937,2,35,HS/86,SD/86
RV,2937,2,19,SD/86,AR/86
RV,2937,3,29,FA/86,VJ/86
RV,2937,3,28,VJ/86,HS/86
RV,2937,3,35,HS/86,SD/86
RV,2937,3,19,SD/86,AR/86
RV,2940,2,73,AR/86,SD/86
RV,2940,2,117,SD/86,HS/86
RV,2940,2,141,HS/86,VJ/86
RV,2940,2,164,VJ/86,FA/86
RV,2940,3,73,AR/86,SD/86
RV,2940,3,117,SD/86,HS/86
RV,2940,3,141,HS/86,VJ/86
RV,2940,3,164,VJ/86,FA/86
RV,2941,2,37,FA/86,VJ/86
RV,2941,2,43,VJ/86,HS/86
RV,2941,2,42,HS/86,SD/86
RV,2941,2,28,SD/86,AR/86
RV,2941,3,37,FA/86,VJ/86
RV,2941,3,43,VJ/86,HS/86
RV,2941,3,42,HS/86,SD/86
RV,2941,3,28,SD/86,AR/86
RV,2944,2,47,AR/86,SD/86
RV,2944,2,63,SD/86,HS/86
RV,2944,2,83,HS/86,VJ/86
RV,2944,2,110,VJ/86,FA/86
RV,2944,3,47,AR/86,SD/86
RV,2944,3,63,SD/86,HS/86
RV,2944,3,83,HS/86,VJ/86
RV,2944,3,110,VJ/86,FA/86
RV,2945,2,29,FA/86,VJ/86
RV,2945,2,47,VJ/86,HS/86
RV,2945,2,51,HS/86,SD/86
RV,2945,2,27,SD/86,AR/86
RV,2945,3,29,FA/86,VJ/86
RV,2945,3,47,VJ/86,HS/86
RV,2945,3,51,HS/86,SD/86
RV,2945,3,27,SD/86,AR/86
RV,2948,2,100,AR/86,SD/86
RV,2948,2,175,SD/86,HS/86
RV,2948,2,205,HS/86,VJ/86
RV,2948,2,230,VJ/86,FA/86
RV,2948,3,100,AR/86,SD/86
RV,2948,3,175,SD/86,HS/86
RV,2948,3,205,HS/86,VJ/86
RV,2948,3,230,VJ/86,FA/86
RV,2949,2,80,FA/86,VJ/86
RV,2949,2,99,VJ/86,HS/86
RV,2949,2,100,HS/86,SD/86
RV,2949,2,80,SD/86,AR/86
RV,2949,3,80,FA/86,VJ/86
RV,2949,3,99,VJ/86,HS/86
RV,2949,3,100,HS/86,SD/86
RV,2949,3,80,SD/86,AR/86
RV,2952,2,128,AR/86,SD/86
RV,2952,2,157,SD/86,HS/86
RV,2952,2,143,HS/86,VJ/86
RV,2952,2,141,VJ/86,FA/86
RV,2952,2,54,VJ/86,/86
RV,2952,3,128,AR/86,SD/86
RV,2952,3,157,SD/86,HS/86
RV,2952,3,143,HS/86,VJ/86
RV,2952,3,141,VJ/86,FA/86
RV,2952,3,54,VJ/86,/86
RV,2953,2,93,FA/86,VJ/86
RV,2953,2,102,VJ/86,HS/86
RV,2953,2,99,HS/86,SD/86
RV,2953,2,66,SD/86,AR/86
RV,2953,3,93,FA/86,VJ/86
RV,2953,3,102,VJ/86,HS/86
RV,2953,3,99,HS/86,SD/86
RV,2953,3,66,SD/86,AR/86
RV,2956,2,110,AR/86,SD/86
RV,2956,2,193,SD/86,HS/86
RV,2956,2,170,HS/86,VJ/86
RV,2956,2,168,VJ/86,FA/86
RV,2956,3,110,AR/86,SD/86
RV,2956,3,193,SD/86,HS/86
RV,2956,3,170,HS/86,VJ/86
RV,2956,3,168,VJ/86,FA/86
RV,2957,2,243,FA/86,VJ/86
RV,2957,2,225,VJ/86,HS/86
RV,2957,2,165,HS/86,SD/86
RV,2957,2,100,SD/86,AR/86
RV,2957,3,243,FA/86,VJ/86
RV,2957,3,225,VJ/86,HS/86
RV,2957,3,165,HS/86,SD/86
RV,2957,3,100,SD/86,AR/86
RV,2960,2,51,AR/86,SD/86
RV,2960,2,94,SD/86,HS/86
RV,2960,2,86,HS/86,VJ/86
RV,2960,2,90,VJ/86,FA/86
RV,2960,3,51,AR/86,SD/86
RV,2960,3,94,SD/86,HS/86
RV,2960,3,86,HS/86,VJ/86
RV,2960,3,90,VJ/86,FA/86
RV,2961,2,25,FA/86,VJ/86
RV,2961,2,30,VJ/86,HS/86
RV,2961,2,20,HS/86,SD/86
RV,2961,2,16,SD/86,AR/86
RV,2961,3,25,FA/86,VJ/86
RV,2961,3,30,VJ/86,HS/86
RV,2961,3,20,HS/86,SD/86
RV,2961,3,16,SD/86,AR/86
RV,2964,2,53,AR/86,SD/86
RV,2964,2,81,SD/86,HS/86
RV,2964,2,95,HS/86,VJ/86
RV,2964,2,112,VJ/86,FA/86
RV,2964,3,53,AR/86,SD/86
RV,2964,3,81,SD/86,HS/86
RV,2964,3,95,HS/86,VJ/86
RV,2964,3,112,VJ/86,FA/86
RV,2965,2,17,FA/86,VJ/86
RV,2965,2,19,VJ/86,HS/86
RV,2965,2,16,HS/86,SD/86
RV,2965,2,16,SD/86,AR/86
RV,2965,3,17,FA/86,VJ/86
RV,2965,3,19,VJ/86,HS/86
RV,2965,3,16,HS/86,SD/86
RV,2965,3,16,SD/86,AR/86
RV,2968,2,16,AR/86,SD/86
RV,2968,2,18,SD/86,HS/86
RV,2968,2,38,HS/86,VJ/86
RV,2968,2,30,VJ/86,FA/86
RV,2968,3,16,AR/86,SD/86
RV,2968,3,18,SD/86,HS/86
RV,2968,3,38,HS/86,VJ/86
RV,2968,3,30,VJ/86,FA/86
RV,2969,2,40,FA/86,VJ/86
RV,2969,2,55,VJ/86,HS/86
RV,2969,2,38,HS/86,SD/86
RV,2969,2,36,SD/86,AR/86
RV,2969,3,40,FA/86,VJ/86
RV,2969,3,55,VJ/86,HS/86
RV,2969,3,38,HS/86,SD/86
RV,2969,3,36,SD/86,AR/86
RV,2972,2,53,AR/86,SD/86
RV,2972,2,61,SD/86,HS/86
RV,2972,2,54,HS/86,VJ/86
RV,2972,2,42,VJ/86,FA/86
RV,2972,3,53,AR/86,SD/86
RV,2972,3,61,SD/86,HS/86
RV,2972,3,54,HS/86,VJ/86
RV,2972,3,42,VJ/86,FA/86
RV,2973,2,14,FA/86,VJ/86
RV,2973,2,13,VJ/86,HS/86
RV,2973,2,11,HS/86,SD/86
RV,2973,2,11,SD/86,AR/86
RV,2973,3,14,FA/86,VJ/86
RV,2973,3,13,VJ/86,HS/86
RV,2973,3,11,HS/86,SD/86
RV,2973,3,11,SD/86,AR/86
RV,2974,2,3,FA/86,TL/86
RV,2974,2,3,TL/86,KD/86
RV,2974,3,3,FA/86,TL/86
RV,2974,3,3,TL/86,KD/86
RV,2976,2,42,AR/86,SD/86
RV,2976,2,45,SD/86,HS/86
RV,2976,2,42,HS/86,VJ/86
RV,2976,2,40,VJ/86,FA/86
RV,2976,3,42,AR/86,SD/86
RV,2976,3,45,SD/86,HS/86
RV,2976,3,42,HS/86,VJ/86
RV,2976,3,40,VJ/86,FA/86
RV,2980,2,51,AR/86,SD/86
RV,2980,2,54,SD/86,HS/86
RV,2980,2,42,HS/86,VJ/86
RV,2980,2,43,VJ/86,FA/86
RV,2980,3,51,AR/86,SD/86
RV,2980,3,54,SD/86,HS/86
RV,2980,3,42,HS/86,VJ/86
RV,2980,3,43,VJ/86,FA/86
RV,2981,2,2,KD/86,TL/86
RV,2981,2,2,TL/86,FA/86
RV,2981,3,2,KD/86,TL/86
RV,2981,3,2,TL/86,FA/86
RØ,3206,2,42,NF/86,VO/86
RØ,3206,2,69,VO/86,NÆ/86
RØ,3206,2,173,NÆ/86,RG/86
RØ,3206,2,173,RG/86,KJN/86
RØ,3206,2,173,KJN/86,KH/86
RØ,3206,3,42,NF/86,VO/86
RØ,3206,3,69,VO/86,NÆ/86
RØ,3206,3,173,NÆ/86,RG/86
RØ,3206,3,173,RG/86,KJN/86
RØ,3206,3,173,KJN/86,KH/86
RØ,3306,2,193,RO/86,HTÅ/86
RØ,3306,2,176,HTÅ/86,KH/86
RØ,3306,2,70,KH/86,KK/86
RØ,3306,3,193,RO/86,HTÅ/86
RØ,3306,3,176,HTÅ/86,KH/86
RØ,3306,3,70,KH/86,KK/86
RØ,3310,2,163,RO/86,HTÅ/86
RØ,3310,2,164,HTÅ/86,KH/86
RØ,3310,2,64,KH/86,KK/86
RØ,3310,3,163,RO/86,HTÅ/86
RØ,3310,3,164,HTÅ/86,KH/86
RØ,3310,3,64,KH/86,KK/86
RØ,3327,2,45,KK/86,KH/86
RØ,3327,2,187,KH/86,HTÅ/86
RØ,3327,2,162,HTÅ/86,RO/86
RØ,3327,3,45,KK/86,KH/86
RØ,3327,3,187,KH/86,HTÅ/86
RØ,3327,3,162,HTÅ/86,RO/86
RØ,3359,2,78,KK/86,KH/86
RØ,3359,2,144,KH/86,HTÅ/86
RØ,3359,2,141,HTÅ/86,RO/86
RØ,3359,3,78,KK/86,KH/86
RØ,3359,3,144,KH/86,HTÅ/86
RØ,3359,3,141,HTÅ/86,RO/86
RØ,3363,2,103,KK/86,KH/86
RØ,3363,2,177,KH/86,HTÅ/86
RØ,3363,2,166,HTÅ/86,RO/86
RØ,3363,3,103,KK/86,KH/86
RØ,3363,3,177,KH/86,HTÅ/86
RØ,3363,3,166,HTÅ/86,RO/86
RØ,3400,2,24,KH/86,KK/86
RØ,3400,2,13,KK/86,NI/86
RØ,3400,2,9,NI/86,HG/86
RØ,3400,3,24,KH/86,KK/86
RØ,3400,3,13,KK/86,NI/86
RØ,3400,3,9,NI/86,HG/86
RØ,3402,2,38,KH/86,KK/86
RØ,3402,2,26,KK/86,NI/86
RØ,3402,2,19,NI/86,HG/86
RØ,3402,3,38,KH/86,KK/86
RØ,3402,3,26,KK/86,NI/86
RØ,3402,3,19,NI/86,HG/86
RØ,3404,2,42,KH/86,KK/86
RØ,3404,2,50,KK/86,NI/86
RØ,3404,2,35,NI/86,HG/86
RØ,3404,3,42,KH/86,KK/86
RØ,3404,3,50,KK/86,NI/86
RØ,3404,3,35,NI/86,HG/86
RØ,3406,2,134,KH/86,KK/86
RØ,3406,2,117,KK/86,NI/86
RØ,3406,2,91,NI/86,HG/86
RØ,3406,3,134,KH/86,KK/86
RØ,3406,3,117,KK/86,NI/86
RØ,3406,3,91,NI/86,HG/86
RR,3408,2,71,KH/86,KK/86
RR,3408,2,109,KK/86,NI/86
RR,3408,2,94,NI/86,HG/86
RR,3408,3,71,KH/86,KK/86
RR,3408,3,109,KK/86,NI/86
RR,3408,3,94,NI/86,HG/86
RØ,3427,2,88,HG/86,NI/86
RØ,3427,2,140,NI/86,KK/86
RØ,3427,2,71,KK/86,KH/86
RØ,3427,2,56,KK/86,TL/86
RØ,3427,3,88,HG/86,NI/86
RØ,3427,3,140,NI/86,KK/86
RØ,3427,3,71,KK/86,KH/86
RØ,3427,3,56,KK/86,TL/86
RØ,3429,2,193,HG/86,NI/86
RØ,3429,2,292,NI/86,KK/86
RØ,3429,2,149,KK/86,KH/86
RØ,3429,3,193,HG/86,NI/86
RØ,3429,3,292,NI/86,KK/86
RØ,3429,3,149,KK/86,KH/86
RØ,3431,2,192,HG/86,NI/86
RØ,3431,2,302,NI/86,KK/86
RØ,3431,2,152,KK/86,KH/86
RØ,3431,2,53,KK/86,/86
RØ,3431,3,192,HG/86,NI/86
RØ,3431,3,302,NI/86,KK/86
RØ,3431,3,152,KK/86,KH/86
RØ,3431,3,53,KK/86,/86
RØ,3433,2,232,HG/86,NI/86
RØ,3433,2,332,NI/86,KK/86
RØ,3433,2,163,KK/86,KH/86
RØ,3433,3,232,HG/86,NI/86
RØ,3433,3,332,NI/86,KK/86
RØ,3433,3,163,KK/86,KH/86
RØ,3434,2,100,KH/86,KK/86
RØ,3434,2,194,KK/86,NI/86
RØ,3434,2,138,NI/86,HG/86
RØ,3434,3,100,KH/86,KK/86
RØ,3434,3,194,KK/86,NI/86
RØ,3434,3,138,NI/86,HG/86
RØ,3435,2,132,HG/86,NI/86
RØ,3435,2,198,NI/86,KK/86
RØ,3435,2,97,KK/86,KH/86
RØ,3435,2,34,KK/86,/86
RØ,3435,3,132,HG/86,NI/86
RØ,3435,3,198,NI/86,KK/86
RØ,3435,3,97,KK/86,KH/86
RØ,3435,3,34,KK/86,/86
RØ,3436,2,74,KH/86,KK/86
RØ,3436,2,159,KK/86,NI/86
RØ,3436,2,113,NI/86,HG/86
RØ,3436,3,74,KH/86,KK/86
RØ,3436,3,159,KK/86,NI/86
RØ,3436,3,113,NI/86,HG/86
RØ,3437,2,130,HG/86,NI/86
RØ,3437,2,212,NI/86,KK/86
RØ,3437,2,109,KK/86,KH/86
RØ,3437,3,130,HG/86,NI/86
RØ,3437,3,212,NI/86,KK/86
RØ,3437,3,109,KK/86,KH/86
RØ,3438,2,92,KH/86,KK/86
RØ,3438,2,187,KK/86,NI/86
RØ,3438,2,131,NI/86,HG/86
RØ,3438,3,92,KH/86,KK/86
RØ,3438,3,187,KK/86,NI/86
RØ,3438,3,131,NI/86,HG/86
RØ,3440,2,86,KH/86,KK/86
RØ,3440,2,177,KK/86,NI/86
RØ,3440,2,122,NI/86,HG/86
RØ,3440,3,86,KH/86,KK/86
RØ,3440,3,177,KK/86,NI/86
RØ,3440,3,122,NI/86,HG/86
RØ,3442,2,111,KH/86,KK/86
RØ,3442,2,214,KK/86,NI/86
RØ,3442,2,142,NI/86,HG/86
RØ,3442,3,111,KH/86,KK/86
RØ,3442,3,214,KK/86,NI/86
RØ,3442,3,142,NI/86,HG/86
RØ,3444,2,86,KH/86,KK/86
RØ,3444,2,177,KK/86,NI/86
RØ,3444,2,115,NI/86,HG/86
RØ,3444,3,86,KH/86,KK/86
RØ,3444,3,177,KK/86,NI/86
RØ,3444,3,115,NI/86,HG/86
RØ,3446,2,83,KH/86,KK/86
RØ,3446,2,153,KK/86,NI/86
RØ,3446,2,95,NI/86,HG/86
RØ,3446,3,83,KH/86,KK/86
RØ,3446,3,153,KK/86,NI/86
RØ,3446,3,95,NI/86,HG/86
RØ,3448,2,54,KH/86,KK/86
RØ,3448,2,100,KK/86,NI/86
RØ,3448,2,62,NI/86,HG/86
RØ,3448,3,54,KH/86,KK/86
RØ,3448,3,100,KK/86,NI/86
RØ,3448,3,62,NI/86,HG/86
RØ,3450,2,74,KH/86,KK/86
RØ,3450,2,139,KK/86,NI/86
RØ,3450,2,85,NI/86,HG/86
RØ,3450,3,74,KH/86,KK/86
RØ,3450,3,139,KK/86,NI/86
RØ,3450,3,85,NI/86,HG/86
RØ,3463,2,99,HG/86,NI/86
RØ,3463,2,146,NI/86,KK/86
RØ,3463,2,191,KK/86,KH/86
RØ,3463,2,326,KK/86,LIH/86
RØ,3463,3,99,HG/86,NI/86
RØ,3463,3,146,NI/86,KK/86
RØ,3463,3,191,KK/86,KH/86
RØ,3463,3,326,KK/86,LIH/86
RØ,3465,2,132,HG/86,NI/86
RØ,3465,2,180,NI/86,KK/86
RØ,3465,2,140,KK/86,KH/86
RØ,3465,3,132,HG/86,NI/86
RØ,3465,3,180,NI/86,KK/86
RØ,3465,3,140,KK/86,KH/86
RØ,3467,2,69,HG/86,NI/86
RØ,3467,2,86,NI/86,KK/86
RØ,3467,2,85,KK/86,KH/86
RØ,3467,2,155,KK/86,/86
RØ,3467,3,69,HG/86,NI/86
RØ,3467,3,86,NI/86,KK/86
RØ,3467,3,85,KK/86,KH/86
RØ,3467,3,155,KK/86,/86
RØ,3469,2,59,HG/86,NI/86
RØ,3469,2,78,NI/86,KK/86
RØ,3469,2,62,KK/86,KH/86
RØ,3469,3,59,HG/86,NI/86
RØ,3469,3,78,NI/86,KK/86
RØ,3469,3,62,KK/86,KH/86
RØ,3471,2,45,HG/86,NI/86
RØ,3471,2,62,NI/86,KK/86
RØ,3471,2,47,KK/86,KH/86
RØ,3471,2,82,KK/86,/86
RØ,3471,3,45,HG/86,NI/86
RØ,3471,3,62,NI/86,KK/86
RØ,3471,3,47,KK/86,KH/86
RØ,3471,3,82,KK/86,/86
RØ,3473,2,43,HG/86,NI/86
RØ,3473,2,60,NI/86,KK/86
RØ,3473,2,41,KK/86,KH/86
RØ,3473,3,43,HG/86,NI/86
RØ,3473,3,60,NI/86,KK/86
RØ,3473,3,41,KK/86,KH/86
RØ,3475,2,30,HG/86,NI/86
RØ,3475,2,41,NI/86,KK/86
RØ,3475,2,32,KK/86,KH/86
RØ,3475,2,66,KK/86,/86
RØ,3475,3,30,HG/86,NI/86
RØ,3475,3,41,NI/86,KK/86
RØ,3475,3,32,KK/86,KH/86
RØ,3475,3,66,KK/86,/86
RØ,3502,2,27,KB/86,HK/86
RØ,3502,2,92,HK/86,RO/86
RØ,3502,2,133,RO/86,HTÅ/86
RØ,3502,2,133,HTÅ/86,KH/86
RØ,3502,2,39,KH/86,KK/86
RØ,3502,3,27,KB/86,HK/86
RØ,3502,3,92,HK/86,RO/86
RØ,3502,3,133,RO/86,HTÅ/86
RØ,3502,3,133,HTÅ/86,KH/86
RØ,3502,3,39,KH/86,KK/86
RØ,3506,2,45,KB/86,HK/86
RØ,3506,2,151,HK/86,RO/86
RØ,3506,2,238,RO/86,HTÅ/86
RØ,3506,2,241,HTÅ/86,KH/86
RØ,3506,2,90,KH/86,KK/86
RØ,3506,3,45,KB/86,HK/86
RØ,3506,3,151,HK/86,RO/86
RØ,3506,3,238,RO/86,HTÅ/86
RØ,3506,3,241,HTÅ/86,KH/86
RØ,3506,3,90,KH/86,KK/86
RØ,3510,2,122,KB/86,HK/86
RØ,3510,2,249,HK/86,RO/86
RØ,3510,2,351,RO/86,HTÅ/86
RØ,3510,2,370,HTÅ/86,KH/86
RØ,3510,2,144,KH/86,KK/86
RØ,3510,3,122,KB/86,HK/86
RØ,3510,3,249,HK/86,RO/86
RØ,3510,3,351,RO/86,HTÅ/86
RØ,3510,3,370,HTÅ/86,KH/86
RØ,3510,3,144,KH/86,KK/86
RØ,3523,2,23,KK/86,KH/86
RØ,3523,2,104,KH/86,HTÅ/86
RØ,3523,2,108,HTÅ/86,RO/86
RØ,3523,2,101,RO/86,HK/86
RØ,3523,2,70,HK/86,KB/86
RØ,3523,3,23,KK/86,KH/86
RØ,3523,3,104,KH/86,HTÅ/86
RØ,3523,3,108,HTÅ/86,RO/86
RØ,3523,3,101,RO/86,HK/86
RØ,3523,3,70,HK/86,KB/86
RØ,3542,2,74,KB/86,HK/86
RØ,3542,2,109,HK/86,RO/86
RØ,3542,2,186,RO/86,HTÅ/86
RØ,3542,2,212,HTÅ/86,KH/86
RØ,3542,2,95,KH/86,KK/86
RØ,3542,3,74,KB/86,HK/86
RØ,3542,3,109,HK/86,RO/86
RØ,3542,3,186,RO/86,HTÅ/86
RØ,3542,3,212,HTÅ/86,KH/86
RØ,3542,3,95,KH/86,KK/86
RØ,3546,2,50,KB/86,HK/86
RØ,3546,2,69,HK/86,RO/86
RØ,3546,2,122,RO/86,HTÅ/86
RØ,3546,2,142,HTÅ/86,KH/86
RØ,3546,2,64,KH/86,KK/86
RØ,3546,3,50,KB/86,HK/86
RØ,3546,3,69,HK/86,RO/86
RØ,3546,3,122,RO/86,HTÅ/86
RØ,3546,3,142,HTÅ/86,KH/86
RØ,3546,3,64,KH/86,KK/86
RØ,3555,2,77,KK/86,KH/86
RØ,3555,2,206,KH/86,HTÅ/86
RØ,3555,2,194,HTÅ/86,RO/86
RØ,3555,2,159,RO/86,HK/86
RØ,3555,2,76,HK/86,KB/86
RØ,3555,3,77,KK/86,KH/86
RØ,3555,3,206,KH/86,HTÅ/86
RØ,3555,3,194,HTÅ/86,RO/86
RØ,3555,3,159,RO/86,HK/86
RØ,3555,3,76,HK/86,KB/86
RØ,3559,2,143,KK/86,KH/86
RØ,3559,2,343,KH/86,HTÅ/86
RØ,3559,2,330,HTÅ/86,RO/86
RØ,3559,2,238,RO/86,HK/86
RØ,3559,2,99,HK/86,KB/86
RØ,3559,3,143,KK/86,KH/86
RØ,3559,3,343,KH/86,HTÅ/86
RØ,3559,3,330,HTÅ/86,RO/86
RØ,3559,3,238,RO/86,HK/86
RØ,3559,3,99,HK/86,KB/86
RØ,3563,2,152,KK/86,KH/86
RØ,3563,2,361,KH/86,HTÅ/86
RØ,3563,2,339,HTÅ/86,RO/86
RØ,3563,2,214,RO/86,HK/86
RØ,3563,2,89,HK/86,KB/86
RØ,3563,3,152,KK/86,KH/86
RØ,3563,3,361,KH/86,HTÅ/86
RØ,3563,3,339,HTÅ/86,RO/86
RØ,3563,3,214,RO/86,HK/86
RØ,3563,3,89,HK/86,KB/86
RØ,3802,2,8,NF/86,VO/86
RØ,3802,3,8,NF/86,VO/86
RØ,3810,2,34,NF/86,VO/86
RØ,3810,2,47,VO/86,NÆ/86
RØ,3810,3,34,NF/86,VO/86
RØ,3810,3,47,VO/86,NÆ/86
RØ,3859,2,50,NÆ/86,VO/86
RØ,3859,2,26,VO/86,NF/86
RØ,3859,3,50,NÆ/86,VO/86
RØ,3859,3,26,VO/86,NF/86
RØ,3863,2,49,NÆ/86,VO/86
RØ,3863,2,31,VO/86,NF/86
RØ,3863,3,49,NÆ/86,VO/86
RØ,3863,3,31,VO/86,NF/86
RV,3915,2,37,FA/86,VJ/86
RV,3915,2,65,VJ/86,HS/86
RV,3915,2,85,HS/86,SD/86
RV,3915,2,81,SD/86,AR/86
RV,3915,3,37,FA/86,VJ/86
RV,3915,3,65,VJ/86,HS/86
RV,3915,3,85,HS/86,SD/86
RV,3915,3,81,SD/86,AR/86
RV,3918,2,119,AR/86,SD/86
RV,3918,2,149,SD/86,HS/86
RV,3918,2,153,HS/86,VJ/86
RV,3918,2,74,VJ/86,FA/86
RV,3918,3,119,AR/86,SD/86
RV,3918,3,149,SD/86,HS/86
RV,3918,3,153,HS/86,VJ/86
RV,3918,3,74,VJ/86,FA/86
RV,3919,2,29,FA/86,VJ/86
RV,3919,2,24,VJ/86,HS/86
RV,3919,2,30,HS/86,SD/86
RV,3919,2,26,SD/86,AR/86
RV,3919,3,29,FA/86,VJ/86
RV,3919,3,24,VJ/86,HS/86
RV,3919,3,30,HS/86,SD/86
RV,3919,3,26,SD/86,AR/86
RV,3922,2,35,AR/86,SD/86
RV,3922,2,59,SD/86,HS/86
RV,3922,2,53,HS/86,VJ/86
RV,3922,2,64,VJ/86,FA/86
RV,3922,3,35,AR/86,SD/86
RV,3922,3,59,SD/86,HS/86
RV,3922,3,53,HS/86,VJ/86
RV,3922,3,64,VJ/86,FA/86
RV,3947,2,105,FA/86,VJ/86
RV,3947,2,165,VJ/86,HS/86
RV,3947,2,140,HS/86,SD/86
RV,3947,2,110,SD/86,AR/86
RV,3947,3,105,FA/86,VJ/86
RV,3947,3,165,VJ/86,HS/86
RV,3947,3,140,HS/86,SD/86
RV,3947,3,110,SD/86,AR/86
RV,3950,2,77,AR/86,SD/86
RV,3950,2,105,SD/86,HS/86
RV,3950,2,118,HS/86,VJ/86
RV,3950,2,96,VJ/86,FA/86
RV,3950,3,77,AR/86,SD/86
RV,3950,3,105,SD/86,HS/86
RV,3950,3,118,HS/86,VJ/86
RV,3950,3,96,VJ/86,FA/86
RV,3951,2,65,FA/86,VJ/86
RV,3951,2,98,VJ/86,HS/86
RV,3951,2,82,HS/86,SD/86
RV,3951,2,66,SD/86,AR/86
RV,3951,3,65,FA/86,VJ/86
RV,3951,3,98,VJ/86,HS/86
RV,3951,3,82,HS/86,SD/86
RV,3951,3,66,SD/86,AR/86
RV,3954,2,101,AR/86,SD/86
RV,3954,2,161,SD/86,HS/86
RV,3954,2,153,HS/86,VJ/86
RV,3954,2,133,VJ/86,FA/86
RV,3954,3,101,AR/86,SD/86
RV,3954,3,161,SD/86,HS/86
RV,3954,3,153,HS/86,VJ/86
RV,3954,3,133,VJ/86,FA/86
RV,3958,2,40,AR/86,SD/86
RV,3958,2,75,SD/86,HS/86
RV,3958,2,70,HS/86,VJ/86
RV,3958,2,71,VJ/86,FA/86
RV,3958,3,40,AR/86,SD/86
RV,3958,3,75,SD/86,HS/86
RV,3958,3,70,HS/86,VJ/86
RV,3958,3,71,VJ/86,FA/86
RV,4003,2,3,AB/86,LIH/86
RV,4003,2,3,LIH/86,ABL/86
RV,4003,3,3,AB/86,LIH/86
RV,4003,3,3,LIH/86,ABL/86
L,4007,2,35,AR/86,LG/86
L,4007,2,35,LG/86,RD/86
L,4007,2,40,RD/86,HB/86
L,4007,2,48,HB/86,SØ/86
L,4007,2,48,SØ/86,AB/86
L,4007,2,10,AB/86,LIH/86
L,4007,2,6,LIH/86,ABL/86
L,4007,3,35,AR/86,LG/86
L,4007,3,35,LG/86,RD/86
L,4007,3,40,RD/86,HB/86
L,4007,3,48,HB/86,SØ/86
L,4007,3,48,SØ/86,AB/86
L,4007,3,10,AB/86,LIH/86
L,4007,3,6,LIH/86,ABL/86
L,4011,2,125,AR/86,LG/86
L,4011,2,125,LG/86,RD/86
L,4011,2,110,RD/86,HB/86
L,4011,2,88,HB/86,SØ/86
L,4011,2,88,SØ/86,AB/86
L,4011,2,23,AB/86,LIH/86
L,4011,2,9,LIH/86,ABL/86
L,4011,3,125,AR/86,LG/86
L,4011,3,125,LG/86,RD/86
L,4011,3,110,RD/86,HB/86
L,4011,3,88,HB/86,SØ/86
L,4011,3,88,SØ/86,AB/86
L,4011,3,23,AB/86,LIH/86
L,4011,3,9,LIH/86,ABL/86
L,4014,2,23,AB/86,SØ/86
L,4014,2,23,SØ/86,HB/86
L,4014,2,43,HB/86,RD/86
L,4014,2,74,RD/86,LG/86
L,4014,2,74,LG/86,AR/86
L,4014,2,306,LG/86,/86
L,4014,3,23,AB/86,SØ/86
L,4014,3,23,SØ/86,HB/86
L,4014,3,43,HB/86,RD/86
L,4014,3,74,RD/86,LG/86
L,4014,3,74,LG/86,AR/86
L,4014,3,306,LG/86,/86
L,4015,2,81,AR/86,LG/86
L,4015,2,81,LG/86,RD/86
L,4015,2,65,RD/86,HB/86
L,4015,2,56,HB/86,SØ/86
L,4015,2,56,SØ/86,AB/86
L,4015,2,8,AB/86,LIH/86
L,4015,2,5,LIH/86,ABL/86
L,4015,3,81,AR/86,LG/86
L,4015,3,81,LG/86,RD/86
L,4015,3,65,RD/86,HB/86
L,4015,3,56,HB/86,SØ/86
L,4015,3,56,SØ/86,AB/86
L,4015,3,8,AB/86,LIH/86
L,4015,3,5,LIH/86,ABL/86
L,4018,2,29,AB/86,SØ/86
L,4018,2,29,SØ/86,HB/86
L,4018,2,102,HB/86,RD/86
L,4018,2,197,RD/86,LG/86
L,4018,2,197,LG/86,AR/86
L,4018,2,347,LG/86,/86
L,4018,3,29,AB/86,SØ/86
L,4018,3,29,SØ/86,HB/86
L,4018,3,102,HB/86,RD/86
L,4018,3,197,RD/86,LG/86
L,4018,3,197,LG/86,AR/86
L,4018,3,347,LG/86,/86
L,4019,2,63,AR/86,LG/86
L,4019,2,63,LG/86,RD/86
L,4019,2,54,RD/86,HB/86
L,4019,2,42,HB/86,SØ/86
L,4019,2,42,SØ/86,AB/86
L,4019,2,5,AB/86,LIH/86
L,4019,2,3,LIH/86,ABL/86
L,4019,3,63,AR/86,LG/86
L,4019,3,63,LG/86,RD/86
L,4019,3,54,RD/86,HB/86
L,4019,3,42,HB/86,SØ/86
L,4019,3,42,SØ/86,AB/86
L,4019,3,5,AB/86,LIH/86
L,4019,3,3,LIH/86,ABL/86
L,4022,2,2,ABL/86,LIH/86
L,4022,2,22,LIH/86,AB/86
L,4022,2,92,AB/86,SØ/86
L,4022,2,92,SØ/86,HB/86
L,4022,2,158,HB/86,RD/86
L,4022,2,234,RD/86,LG/86
L,4022,2,234,LG/86,AR/86
L,4022,2,253,LG/86,/86
L,4022,3,2,ABL/86,LIH/86
L,4022,3,22,LIH/86,AB/86
L,4022,3,92,AB/86,SØ/86
L,4022,3,92,SØ/86,HB/86
L,4022,3,158,HB/86,RD/86
L,4022,3,234,RD/86,LG/86
L,4022,3,234,LG/86,AR/86
L,4022,3,253,LG/86,/86
L,4023,2,49,AR/86,LG/86
L,4023,2,49,LG/86,RD/86
L,4023,2,44,RD/86,HB/86
L,4023,2,28,HB/86,SØ/86
L,4023,2,28,SØ/86,AB/86
L,4023,2,5,AB/86,LIH/86
L,4023,2,2,LIH/86,ABL/86
L,4023,3,49,AR/86,LG/86
L,4023,3,49,LG/86,RD/86
L,4023,3,44,RD/86,HB/86
L,4023,3,28,HB/86,SØ/86
L,4023,3,28,SØ/86,AB/86
L,4023,3,5,AB/86,LIH/86
L,4023,3,2,LIH/86,ABL/86
L,4026,2,4,ABL/86,LIH/86
L,4026,2,19,LIH/86,AB/86
L,4026,2,60,AB/86,SØ/86
L,4026,2,60,SØ/86,HB/86
L,4026,2,108,HB/86,RD/86
L,4026,2,141,RD/86,LG/86
L,4026,2,141,LG/86,AR/86
L,4026,2,194,LG/86,/86
L,4026,3,4,ABL/86,LIH/86
L,4026,3,19,LIH/86,AB/86
L,4026,3,60,AB/86,SØ/86
L,4026,3,60,SØ/86,HB/86
L,4026,3,108,HB/86,RD/86
L,4026,3,141,RD/86,LG/86
L,4026,3,141,LG/86,AR/86
L,4026,3,194,LG/86,/86
L,4027,2,65,AR/86,LG/86
L,4027,2,65,LG/86,RD/86
L,4027,2,57,RD/86,HB/86
L,4027,2,40,HB/86,SØ/86
L,4027,2,40,SØ/86,AB/86
L,4027,2,6,AB/86,LIH/86
L,4027,2,3,LIH/86,ABL/86
L,4027,3,65,AR/86,LG/86
L,4027,3,65,LG/86,RD/86
L,4027,3,57,RD/86,HB/86
L,4027,3,40,HB/86,SØ/86
L,4027,3,40,SØ/86,AB/86
L,4027,3,6,AB/86,LIH/86
L,4027,3,3,LIH/86,ABL/86
L,4030,2,4,ABL/86,LIH/86
L,4030,2,12,LIH/86,AB/86
L,4030,2,62,AB/86,SØ/86
L,4030,2,62,SØ/86,HB/86
L,4030,2,96,HB/86,RD/86
L,4030,2,119,RD/86,LG/86
L,4030,2,119,LG/86,AR/86
L,4030,2,212,LG/86,/86
L,4030,3,4,ABL/86,LIH/86
L,4030,3,12,LIH/86,AB/86
L,4030,3,62,AB/86,SØ/86
L,4030,3,62,SØ/86,HB/86
L,4030,3,96,HB/86,RD/86
L,4030,3,119,RD/86,LG/86
L,4030,3,119,LG/86,AR/86
L,4030,3,212,LG/86,/86
L,4031,2,80,AR/86,LG/86
L,4031,2,80,LG/86,RD/86
L,4031,2,68,RD/86,HB/86
L,4031,2,43,HB/86,SØ/86
L,4031,2,43,SØ/86,AB/86
L,4031,2,7,AB/86,LIH/86
L,4031,2,3,LIH/86,ABL/86
L,4031,3,80,AR/86,LG/86
L,4031,3,80,LG/86,RD/86
L,4031,3,68,RD/86,HB/86
L,4031,3,43,HB/86,SØ/86
L,4031,3,43,SØ/86,AB/86
L,4031,3,7,AB/86,LIH/86
L,4031,3,3,LIH/86,ABL/86
L,4034,2,4,ABL/86,LIH/86
L,4034,2,9,LIH/86,AB/86
L,4034,2,70,AB/86,SØ/86
L,4034,2,70,SØ/86,HB/86
L,4034,2,103,HB/86,RD/86
L,4034,2,125,RD/86,LG/86
L,4034,2,125,LG/86,AR/86
L,4034,2,202,LG/86,/86
L,4034,3,4,ABL/86,LIH/86
L,4034,3,9,LIH/86,AB/86
L,4034,3,70,AB/86,SØ/86
L,4034,3,70,SØ/86,HB/86
L,4034,3,103,HB/86,RD/86
L,4034,3,125,RD/86,LG/86
L,4034,3,125,LG/86,AR/86
L,4034,3,202,LG/86,/86
L,4035,2,72,AR/86,LG/86
L,4035,2,72,LG/86,RD/86
L,4035,2,59,RD/86,HB/86
L,4035,2,35,HB/86,SØ/86
L,4035,2,35,SØ/86,AB/86
L,4035,2,8,AB/86,LIH/86
L,4035,2,4,LIH/86,ABL/86
L,4035,3,72,AR/86,LG/86
L,4035,3,72,LG/86,RD/86
L,4035,3,59,RD/86,HB/86
L,4035,3,35,HB/86,SØ/86
L,4035,3,35,SØ/86,AB/86
L,4035,3,8,AB/86,LIH/86
L,4035,3,4,LIH/86,ABL/86
L,4038,2,5,ABL/86,LIH/86
L,4038,2,9,LIH/86,AB/86
L,4038,2,52,AB/86,SØ/86
L,4038,2,52,SØ/86,HB/86
L,4038,2,85,HB/86,RD/86
L,4038,2,106,RD/86,LG/86
L,4038,2,106,LG/86,AR/86
L,4038,2,198,LG/86,/86
L,4038,3,5,ABL/86,LIH/86
L,4038,3,9,LIH/86,AB/86
L,4038,3,52,AB/86,SØ/86
L,4038,3,52,SØ/86,HB/86
L,4038,3,85,HB/86,RD/86
L,4038,3,106,RD/86,LG/86
L,4038,3,106,LG/86,AR/86
L,4038,3,198,LG/86,/86
L,4039,2,141,AR/86,LG/86
L,4039,2,141,LG/86,RD/86
L,4039,2,118,RD/86,HB/86
L,4039,2,78,HB/86,SØ/86
L,4039,2,78,SØ/86,AB/86
L,4039,2,15,AB/86,LIH/86
L,4039,2,7,LIH/86,ABL/86
L,4039,3,141,AR/86,LG/86
L,4039,3,141,LG/86,RD/86
L,4039,3,118,RD/86,HB/86
L,4039,3,78,HB/86,SØ/86
L,4039,3,78,SØ/86,AB/86
L,4039,3,15,AB/86,LIH/86
L,4039,3,7,LIH/86,ABL/86
L,4042,2,5,ABL/86,LIH/86
L,4042,2,10,LIH/86,AB/86
L,4042,2,52,AB/86,SØ/86
L,4042,2,52,SØ/86,HB/86
L,4042,2,90,HB/86,RD/86
L,4042,2,109,RD/86,LG/86
L,4042,2,109,LG/86,AR/86
L,4042,2,235,LG/86,/86
L,4042,3,5,ABL/86,LIH/86
L,4042,3,10,LIH/86,AB/86
L,4042,3,52,AB/86,SØ/86
L,4042,3,52,SØ/86,HB/86
L,4042,3,90,HB/86,RD/86
L,4042,3,109,RD/86,LG/86
L,4042,3,109,LG/86,AR/86
L,4042,3,235,LG/86,/86
L,4043,2,169,AR/86,LG/86
L,4043,2,169,LG/86,RD/86
L,4043,2,138,RD/86,HB/86
L,4043,2,89,HB/86,SØ/86
L,4043,2,89,SØ/86,AB/86
L,4043,2,18,AB/86,LIH/86
L,4043,2,8,LIH/86,ABL/86
L,4043,3,169,AR/86,LG/86
L,4043,3,169,LG/86,RD/86
L,4043,3,138,RD/86,HB/86
L,4043,3,89,HB/86,SØ/86
L,4043,3,89,SØ/86,AB/86
L,4043,3,18,AB/86,LIH/86
L,4043,3,8,LIH/86,ABL/86
L,4046,2,2,ABL/86,LIH/86
L,4046,2,7,LIH/86,AB/86
L,4046,2,50,AB/86,SØ/86
L,4046,2,50,SØ/86,HB/86
L,4046,2,94,HB/86,RD/86
L,4046,2,111,RD/86,LG/86
L,4046,2,111,LG/86,AR/86
L,4046,2,235,LG/86,/86
L,4046,3,2,ABL/86,LIH/86
L,4046,3,7,LIH/86,AB/86
L,4046,3,50,AB/86,SØ/86
L,4046,3,50,SØ/86,HB/86
L,4046,3,94,HB/86,RD/86
L,4046,3,111,RD/86,LG/86
L,4046,3,111,LG/86,AR/86
L,4046,3,235,LG/86,/86
L,4047,2,249,AR/86,LG/86
L,4047,2,249,LG/86,RD/86
L,4047,2,190,RD/86,HB/86
L,4047,2,123,HB/86,SØ/86
L,4047,2,123,SØ/86,AB/86
L,4047,2,22,AB/86,LIH/86
L,4047,2,4,LIH/86,ABL/86
L,4047,3,249,AR/86,LG/86
L,4047,3,249,LG/86,RD/86
L,4047,3,190,RD/86,HB/86
L,4047,3,123,HB/86,SØ/86
L,4047,3,123,SØ/86,AB/86
L,4047,3,22,AB/86,LIH/86
L,4047,3,4,LIH/86,ABL/86
L,4050,2,2,ABL/86,LIH/86
L,4050,2,9,LIH/86,AB/86
L,4050,2,66,AB/86,SØ/86
L,4050,2,66,SØ/86,HB/86
L,4050,2,95,HB/86,RD/86
L,4050,2,123,RD/86,LG/86
L,4050,2,123,LG/86,AR/86
L,4050,2,278,LG/86,/86
L,4050,3,2,ABL/86,LIH/86
L,4050,3,9,LIH/86,AB/86
L,4050,3,66,AB/86,SØ/86
L,4050,3,66,SØ/86,HB/86
L,4050,3,95,HB/86,RD/86
L,4050,3,123,RD/86,LG/86
L,4050,3,123,LG/86,AR/86
L,4050,3,278,LG/86,/86
L,4051,2,156,AR/86,LG/86
L,4051,2,156,LG/86,RD/86
L,4051,2,124,RD/86,HB/86
L,4051,2,78,HB/86,SØ/86
L,4051,2,78,SØ/86,AB/86
L,4051,2,11,AB/86,LIH/86
L,4051,2,3,LIH/86,ABL/86
L,4051,3,156,AR/86,LG/86
L,4051,3,156,LG/86,RD/86
L,4051,3,124,RD/86,HB/86
L,4051,3,78,HB/86,SØ/86
L,4051,3,78,SØ/86,AB/86
L,4051,3,11,AB/86,LIH/86
L,4051,3,3,LIH/86,ABL/86
L,4054,2,5,ABL/86,LIH/86
L,4054,2,16,LIH/86,AB/86
L,4054,2,94,AB/86,SØ/86
L,4054,2,94,SØ/86,HB/86
L,4054,2,142,HB/86,RD/86
L,4054,2,169,RD/86,LG/86
L,4054,2,169,LG/86,AR/86
L,4054,2,340,LG/86,/86
L,4054,3,5,ABL/86,LIH/86
L,4054,3,16,LIH/86,AB/86
L,4054,3,94,AB/86,SØ/86
L,4054,3,94,SØ/86,HB/86
L,4054,3,142,HB/86,RD/86
L,4054,3,169,RD/86,LG/86
L,4054,3,169,LG/86,AR/86
L,4054,3,340,LG/86,/86
L,4055,2,111,AR/86,LG/86
L,4055,2,111,LG/86,RD/86
L,4055,2,79,RD/86,HB/86
L,4055,2,54,HB/86,SØ/86
L,4055,2,54,SØ/86,AB/86
L,4055,3,111,AR/86,LG/86
L,4055,3,111,LG/86,RD/86
L,4055,3,79,RD/86,HB/86
L,4055,3,54,HB/86,SØ/86
L,4055,3,54,SØ/86,AB/86
L,4058,2,5,ABL/86,LIH/86
L,4058,2,12,LIH/86,AB/86
L,4058,2,105,AB/86,SØ/86
L,4058,2,105,SØ/86,HB/86
L,4058,2,136,HB/86,RD/86
L,4058,2,160,RD/86,LG/86
L,4058,2,160,LG/86,AR/86
L,4058,2,242,LG/86,/86
L,4058,3,5,ABL/86,LIH/86
L,4058,3,12,LIH/86,AB/86
L,4058,3,105,AB/86,SØ/86
L,4058,3,105,SØ/86,HB/86
L,4058,3,136,HB/86,RD/86
L,4058,3,160,RD/86,LG/86
L,4058,3,160,LG/86,AR/86
L,4058,3,242,LG/86,/86
L,4059,2,90,AR/86,LG/86
L,4059,2,90,LG/86,RD/86
L,4059,2,72,RD/86,HB/86
L,4059,2,44,HB/86,SØ/86
L,4059,2,44,SØ/86,AB/86
L,4059,3,90,AR/86,LG/86
L,4059,3,90,LG/86,RD/86
L,4059,3,72,RD/86,HB/86
L,4059,3,44,HB/86,SØ/86
L,4059,3,44,SØ/86,AB/86
L,4062,2,3,ABL/86,LIH/86
L,4062,2,11,LIH/86,AB/86
L,4062,2,55,AB/86,SØ/86
L,4062,2,55,SØ/86,HB/86
L,4062,2,77,HB/86,RD/86
L,4062,2,90,RD/86,LG/86
L,4062,2,90,LG/86,AR/86
L,4062,2,147,LG/86,TL/86
L,4062,3,3,ABL/86,LIH/86
L,4062,3,11,LIH/86,AB/86
L,4062,3,55,AB/86,SØ/86
L,4062,3,55,SØ/86,HB/86
L,4062,3,77,HB/86,RD/86
L,4062,3,90,RD/86,LG/86
L,4062,3,90,LG/86,AR/86
L,4062,3,147,LG/86,TL/86
L,4063,2,78,AR/86,LG/86
L,4063,2,78,LG/86,RD/86
L,4063,2,69,RD/86,HB/86
L,4063,2,43,HB/86,SØ/86
L,4063,2,43,SØ/86,AB/86
L,4063,3,78,AR/86,LG/86
L,4063,3,78,LG/86,RD/86
L,4063,3,69,RD/86,HB/86
L,4063,3,43,HB/86,SØ/86
L,4063,3,43,SØ/86,AB/86
L,4066,2,6,ABL/86,LIH/86
L,4066,2,11,LIH/86,AB/86
L,4066,2,40,AB/86,SØ/86
L,4066,2,40,SØ/86,HB/86
L,4066,2,50,HB/86,RD/86
L,4066,2,56,RD/86,LG/86
L,4066,2,56,LG/86,AR/86
L,4066,2,104,LG/86,/86
L,4066,3,6,ABL/86,LIH/86
L,4066,3,11,LIH/86,AB/86
L,4066,3,40,AB/86,SØ/86
L,4066,3,40,SØ/86,HB/86
L,4066,3,50,HB/86,RD/86
L,4066,3,56,RD/86,LG/86
L,4066,3,56,LG/86,AR/86
L,4066,3,104,LG/86,/86
L,4067,2,87,AR/86,LG/86
L,4067,2,87,LG/86,RD/86
L,4067,2,63,RD/86,HB/86
L,4067,2,49,HB/86,SØ/86
L,4067,2,49,SØ/86,AB/86
L,4067,3,87,AR/86,LG/86
L,4067,3,87,LG/86,RD/86
L,4067,3,63,RD/86,HB/86
L,4067,3,49,HB/86,SØ/86
L,4067,3,49,SØ/86,AB/86
L,4070,2,7,ABL/86,LIH/86
L,4070,2,9,LIH/86,AB/86
L,4070,2,23,AB/86,SØ/86
L,4070,2,23,SØ/86,HB/86
L,4070,2,31,HB/86,RD/86
L,4070,2,37,RD/86,LG/86
L,4070,2,37,LG/86,AR/86
L,4070,2,183,LG/86,/86
L,4070,3,7,ABL/86,LIH/86
L,4070,3,9,LIH/86,AB/86
L,4070,3,23,AB/86,SØ/86
L,4070,3,23,SØ/86,HB/86
L,4070,3,31,HB/86,RD/86
L,4070,3,37,RD/86,LG/86
L,4070,3,37,LG/86,AR/86
L,4070,3,183,LG/86,/86
L,4074,2,8,AB/86,SØ/86
L,4074,2,8,SØ/86,HB/86
L,4074,2,19,HB/86,RD/86
L,4074,2,28,RD/86,LG/86
L,4074,2,28,LG/86,AR/86
L,4074,2,32,LG/86,/86
L,4074,3,8,AB/86,SØ/86
L,4074,3,8,SØ/86,HB/86
L,4074,3,19,HB/86,RD/86
L,4074,3,28,RD/86,LG/86
L,4074,3,28,LG/86,AR/86
L,4074,3,32,LG/86,/86
IC,4101,2,69,AR/86,LG/86
IC,4101,2,56,LG/86,RD/86
IC,4101,2,43,RD/86,HB/86
IC,4101,2,38,HB/86,SØ/86
IC,4101,2,40,SØ/86,AB/86
IC,4101,2,9,AB/86,LIH/86
IC,4101,2,7,LIH/86,ABL/86
IC,4101,3,69,AR/86,LG/86
IC,4101,3,56,LG/86,RD/86
IC,4101,3,43,RD/86,HB/86
IC,4101,3,38,HB/86,SØ/86
IC,4101,3,40,SØ/86,AB/86
IC,4101,3,9,AB/86,LIH/86
IC,4101,3,7,LIH/86,ABL/86
IC,4105,2,7,AR/86,LG/86
IC,4105,2,8,LG/86,RD/86
IC,4105,2,7,RD/86,HB/86
IC,4105,2,11,HB/86,SØ/86
IC,4105,2,21,SØ/86,AB/86
IC,4105,2,4,AB/86,LIH/86
IC,4105,2,4,LIH/86,ABL/86
IC,4105,3,7,AR/86,LG/86
IC,4105,3,8,LG/86,RD/86
IC,4105,3,7,RD/86,HB/86
IC,4105,3,11,HB/86,SØ/86
IC,4105,3,21,SØ/86,AB/86
IC,4105,3,4,AB/86,LIH/86
IC,4105,3,4,LIH/86,ABL/86
IC,4107,2,143,AR/86,LG/86
IC,4107,2,138,LG/86,RD/86
IC,4107,2,113,RD/86,HB/86
IC,4107,2,128,HB/86,SØ/86
IC,4107,2,121,SØ/86,AB/86
IC,4107,2,9,AB/86,LIH/86
IC,4107,2,6,LIH/86,ABL/86
IC,4107,3,143,AR/86,LG/86
IC,4107,3,138,LG/86,RD/86
IC,4107,3,113,RD/86,HB/86
IC,4107,3,128,HB/86,SØ/86
IC,4107,3,121,SØ/86,AB/86
IC,4107,3,9,AB/86,LIH/86
IC,4107,3,6,LIH/86,ABL/86
IC,4113,2,178,AR/86,LG/86
IC,4113,2,135,LG/86,RD/86
IC,4113,2,86,RD/86,HB/86
IC,4113,2,80,HB/86,SØ/86
IC,4113,2,68,SØ/86,AB/86
IC,4113,2,7,AB/86,LIH/86
IC,4113,2,3,LIH/86,ABL/86
IC,4113,3,178,AR/86,LG/86
IC,4113,3,135,LG/86,RD/86
IC,4113,3,86,RD/86,HB/86
IC,4113,3,80,HB/86,SØ/86
IC,4113,3,68,SØ/86,AB/86
IC,4113,3,7,AB/86,LIH/86
IC,4113,3,3,LIH/86,ABL/86
IC,4116,2,17,AB/86,SØ/86
IC,4116,2,26,SØ/86,HB/86
IC,4116,2,31,HB/86,RD/86
IC,4116,2,61,RD/86,LG/86
IC,4116,2,137,LG/86,AR/86
IC,4116,2,221,LG/86,/86
IC,4116,3,17,AB/86,SØ/86
IC,4116,3,26,SØ/86,HB/86
IC,4116,3,31,HB/86,RD/86
IC,4116,3,61,RD/86,LG/86
IC,4116,3,137,LG/86,AR/86
IC,4116,3,221,LG/86,/86
IC,4117,2,88,AR/86,LG/86
IC,4117,2,71,LG/86,RD/86
IC,4117,2,55,RD/86,HB/86
IC,4117,2,51,HB/86,SØ/86
IC,4117,2,49,SØ/86,AB/86
IC,4117,2,5,AB/86,LIH/86
IC,4117,2,3,LIH/86,ABL/86
IC,4117,3,88,AR/86,LG/86
IC,4117,3,71,LG/86,RD/86
IC,4117,3,55,RD/86,HB/86
IC,4117,3,51,HB/86,SØ/86
IC,4117,3,49,SØ/86,AB/86
IC,4117,3,5,AB/86,LIH/86
IC,4117,3,3,LIH/86,ABL/86
IC,4120,2,2,ABL/86,LIH/86
IC,4120,2,18,LIH/86,AB/86
IC,4120,2,40,AB/86,SØ/86
IC,4120,2,115,SØ/86,HB/86
IC,4120,2,129,HB/86,RD/86
IC,4120,2,201,RD/86,LG/86
IC,4120,2,377,LG/86,AR/86
IC,4120,2,254,LG/86,/86
IC,4120,3,2,ABL/86,LIH/86
IC,4120,3,18,LIH/86,AB/86
IC,4120,3,40,AB/86,SØ/86
IC,4120,3,115,SØ/86,HB/86
IC,4120,3,129,HB/86,RD/86
IC,4120,3,201,RD/86,LG/86
IC,4120,3,377,LG/86,AR/86
IC,4120,3,254,LG/86,/86
IC,4121,2,47,AR/86,LG/86
IC,4121,2,40,LG/86,RD/86
IC,4121,2,29,RD/86,HB/86
IC,4121,2,26,HB/86,SØ/86
IC,4121,2,25,SØ/86,AB/86
IC,4121,2,3,AB/86,LIH/86
IC,4121,2,1,LIH/86,ABL/86
IC,4121,3,47,AR/86,LG/86
IC,4121,3,40,LG/86,RD/86
IC,4121,3,29,RD/86,HB/86
IC,4121,3,26,HB/86,SØ/86
IC,4121,3,25,SØ/86,AB/86
IC,4121,3,3,AB/86,LIH/86
IC,4121,3,1,LIH/86,ABL/86
IC,4124,2,1,ABL/86,LIH/86
IC,4124,2,7,LIH/86,AB/86
IC,4124,2,33,AB/86,SØ/86
IC,4124,2,88,SØ/86,HB/86
IC,4124,2,103,HB/86,RD/86
IC,4124,2,151,RD/86,LG/86
IC,4124,2,233,LG/86,AR/86
IC,4124,2,151,LG/86,/86
IC,4124,3,1,ABL/86,LIH/86
IC,4124,3,7,LIH/86,AB/86
IC,4124,3,33,AB/86,SØ/86
IC,4124,3,88,SØ/86,HB/86
IC,4124,3,103,HB/86,RD/86
IC,4124,3,151,RD/86,LG/86
IC,4124,3,233,LG/86,AR/86
IC,4124,3,151,LG/86,/86
IC,4125,2,77,AR/86,LG/86
IC,4125,2,69,LG/86,RD/86
IC,4125,2,57,RD/86,HB/86
IC,4125,2,53,HB/86,SØ/86
IC,4125,2,38,SØ/86,AB/86
IC,4125,2,6,AB/86,LIH/86
IC,4125,2,2,LIH/86,ABL/86
IC,4125,3,77,AR/86,LG/86
IC,4125,3,69,LG/86,RD/86
IC,4125,3,57,RD/86,HB/86
IC,4125,3,53,HB/86,SØ/86
IC,4125,3,38,SØ/86,AB/86
IC,4125,3,6,AB/86,LIH/86
IC,4125,3,2,LIH/86,ABL/86
IC,4128,2,3,ABL/86,LIH/86
IC,4128,2,8,LIH/86,AB/86
IC,4128,2,20,AB/86,SØ/86
IC,4128,2,50,SØ/86,HB/86
IC,4128,2,59,HB/86,RD/86
IC,4128,2,80,RD/86,LG/86
IC,4128,2,110,LG/86,AR/86
IC,4128,2,69,LG/86,/86
IC,4128,3,3,ABL/86,LIH/86
IC,4128,3,8,LIH/86,AB/86
IC,4128,3,20,AB/86,SØ/86
IC,4128,3,50,SØ/86,HB/86
IC,4128,3,59,HB/86,RD/86
IC,4128,3,80,RD/86,LG/86
IC,4128,3,110,LG/86,AR/86
IC,4128,3,69,LG/86,/86
IC,4129,2,70,AR/86,LG/86
IC,4129,2,62,LG/86,RD/86
IC,4129,2,46,RD/86,HB/86
IC,4129,2,40,HB/86,SØ/86
IC,4129,2,33,SØ/86,AB/86
IC,4129,2,4,AB/86,LIH/86
IC,4129,2,2,LIH/86,ABL/86
IC,4129,3,70,AR/86,LG/86
IC,4129,3,62,LG/86,RD/86
IC,4129,3,46,RD/86,HB/86
IC,4129,3,40,HB/86,SØ/86
IC,4129,3,33,SØ/86,AB/86
IC,4129,3,4,AB/86,LIH/86
IC,4129,3,2,LIH/86,ABL/86
IC,4132,2,1,ABL/86,LIH/86
IC,4132,2,5,LIH/86,AB/86
IC,4132,2,26,AB/86,SØ/86
IC,4132,2,42,SØ/86,HB/86
IC,4132,2,50,HB/86,RD/86
IC,4132,2,74,RD/86,LG/86
IC,4132,2,92,LG/86,AR/86
IC,4132,2,92,LG/86,/86
IC,4132,3,1,ABL/86,LIH/86
IC,4132,3,5,LIH/86,AB/86
IC,4132,3,26,AB/86,SØ/86
IC,4132,3,42,SØ/86,HB/86
IC,4132,3,50,HB/86,RD/86
IC,4132,3,74,RD/86,LG/86
IC,4132,3,92,LG/86,AR/86
IC,4132,3,92,LG/86,/86
IC,4133,2,106,AR/86,LG/86
IC,4133,2,84,LG/86,RD/86
IC,4133,2,57,RD/86,HB/86
IC,4133,2,47,HB/86,SØ/86
IC,4133,2,35,SØ/86,AB/86
IC,4133,2,7,AB/86,LIH/86
IC,4133,2,3,LIH/86,ABL/86
IC,4133,3,106,AR/86,LG/86
IC,4133,3,84,LG/86,RD/86
IC,4133,3,57,RD/86,HB/86
IC,4133,3,47,HB/86,SØ/86
IC,4133,3,35,SØ/86,AB/86
IC,4133,3,7,AB/86,LIH/86
IC,4133,3,3,LIH/86,ABL/86
IC,4136,2,1,ABL/86,LIH/86
IC,4136,2,4,LIH/86,AB/86
IC,4136,2,23,AB/86,SØ/86
IC,4136,2,51,SØ/86,HB/86
IC,4136,2,60,HB/86,RD/86
IC,4136,2,82,RD/86,LG/86
IC,4136,2,105,LG/86,AR/86
IC,4136,2,86,LG/86,/86
IC,4136,3,1,ABL/86,LIH/86
IC,4136,3,4,LIH/86,AB/86
IC,4136,3,23,AB/86,SØ/86
IC,4136,3,51,SØ/86,HB/86
IC,4136,3,60,HB/86,RD/86
IC,4136,3,82,RD/86,LG/86
IC,4136,3,105,LG/86,AR/86
IC,4136,3,86,LG/86,/86
IC,4137,2,127,AR/86,LG/86
IC,4137,2,103,LG/86,RD/86
IC,4137,2,77,RD/86,HB/86
IC,4137,2,67,HB/86,SØ/86
IC,4137,2,47,SØ/86,AB/86
IC,4137,2,7,AB/86,LIH/86
IC,4137,2,3,LIH/86,ABL/86
IC,4137,3,127,AR/86,LG/86
IC,4137,3,103,LG/86,RD/86
IC,4137,3,77,RD/86,HB/86
IC,4137,3,67,HB/86,SØ/86
IC,4137,3,47,SØ/86,AB/86
IC,4137,3,7,AB/86,LIH/86
IC,4137,3,3,LIH/86,ABL/86
IC,4140,2,1,ABL/86,LIH/86
IC,4140,2,4,LIH/86,AB/86
IC,4140,2,40,AB/86,SØ/86
IC,4140,2,58,SØ/86,HB/86
IC,4140,2,67,HB/86,RD/86
IC,4140,2,90,RD/86,LG/86
IC,4140,2,103,LG/86,AR/86
IC,4140,2,111,LG/86,/86
IC,4140,3,1,ABL/86,LIH/86
IC,4140,3,4,LIH/86,AB/86
IC,4140,3,40,AB/86,SØ/86
IC,4140,3,58,SØ/86,HB/86
IC,4140,3,67,HB/86,RD/86
IC,4140,3,90,RD/86,LG/86
IC,4140,3,103,LG/86,AR/86
IC,4140,3,111,LG/86,/86
IC,4141,2,150,AR/86,LG/86
IC,4141,2,103,LG/86,RD/86
IC,4141,2,67,RD/86,HB/86
IC,4141,2,60,HB/86,SØ/86
IC,4141,2,29,SØ/86,AB/86
IC,4141,2,10,AB/86,LIH/86
IC,4141,2,5,LIH/86,ABL/86
IC,4141,3,150,AR/86,LG/86
IC,4141,3,103,LG/86,RD/86
IC,4141,3,67,RD/86,HB/86
IC,4141,3,60,HB/86,SØ/86
IC,4141,3,29,SØ/86,AB/86
IC,4141,3,10,AB/86,LIH/86
IC,4141,3,5,LIH/86,ABL/86
IC,4144,2,1,ABL/86,LIH/86
IC,4144,2,5,LIH/86,AB/86
IC,4144,2,30,AB/86,SØ/86
IC,4144,2,46,SØ/86,HB/86
IC,4144,2,57,HB/86,RD/86
IC,4144,2,73,RD/86,LG/86
IC,4144,2,99,LG/86,AR/86
IC,4144,2,182,LG/86,/86
IC,4144,3,1,ABL/86,LIH/86
IC,4144,3,5,LIH/86,AB/86
IC,4144,3,30,AB/86,SØ/86
IC,4144,3,46,SØ/86,HB/86
IC,4144,3,57,HB/86,RD/86
IC,4144,3,73,RD/86,LG/86
IC,4144,3,99,LG/86,AR/86
IC,4144,3,182,LG/86,/86
IC,4145,2,279,AR/86,LG/86
IC,4145,2,182,LG/86,RD/86
IC,4145,2,105,RD/86,HB/86
IC,4145,2,88,HB/86,SØ/86
IC,4145,2,45,SØ/86,AB/86
IC,4145,2,8,AB/86,LIH/86
IC,4145,2,4,LIH/86,ABL/86
IC,4145,3,279,AR/86,LG/86
IC,4145,3,182,LG/86,RD/86
IC,4145,3,105,RD/86,HB/86
IC,4145,3,88,HB/86,SØ/86
IC,4145,3,45,SØ/86,AB/86
IC,4145,3,8,AB/86,LIH/86
IC,4145,3,4,LIH/86,ABL/86
IC,4148,2,2,ABL/86,LIH/86
IC,4148,2,5,LIH/86,AB/86
IC,4148,2,49,AB/86,SØ/86
IC,4148,2,62,SØ/86,HB/86
IC,4148,2,69,HB/86,RD/86
IC,4148,2,93,RD/86,LG/86
IC,4148,2,112,LG/86,AR/86
IC,4148,2,125,LG/86,/86
IC,4148,3,2,ABL/86,LIH/86
IC,4148,3,5,LIH/86,AB/86
IC,4148,3,49,AB/86,SØ/86
IC,4148,3,62,SØ/86,HB/86
IC,4148,3,69,HB/86,RD/86
IC,4148,3,93,RD/86,LG/86
IC,4148,3,112,LG/86,AR/86
IC,4148,3,125,LG/86,/86
IC,4149,2,302,AR/86,LG/86
IC,4149,2,204,LG/86,RD/86
IC,4149,2,112,RD/86,HB/86
IC,4149,2,93,HB/86,SØ/86
IC,4149,2,44,SØ/86,AB/86
IC,4149,2,6,AB/86,LIH/86
IC,4149,2,2,LIH/86,ABL/86
IC,4149,3,302,AR/86,LG/86
IC,4149,3,204,LG/86,RD/86
IC,4149,3,112,RD/86,HB/86
IC,4149,3,93,HB/86,SØ/86
IC,4149,3,44,SØ/86,AB/86
IC,4149,3,6,AB/86,LIH/86
IC,4149,3,2,LIH/86,ABL/86
IC,4152,2,3,ABL/86,LIH/86
IC,4152,2,5,LIH/86,AB/86
IC,4152,2,43,AB/86,SØ/86
IC,4152,2,60,SØ/86,HB/86
IC,4152,2,66,HB/86,RD/86
IC,4152,2,82,RD/86,LG/86
IC,4152,2,108,LG/86,AR/86
IC,4152,2,144,LG/86,/86
IC,4152,3,3,ABL/86,LIH/86
IC,4152,3,5,LIH/86,AB/86
IC,4152,3,43,AB/86,SØ/86
IC,4152,3,60,SØ/86,HB/86
IC,4152,3,66,HB/86,RD/86
IC,4152,3,82,RD/86,LG/86
IC,4152,3,108,LG/86,AR/86
IC,4152,3,144,LG/86,/86
IC,4153,2,161,AR/86,LG/86
IC,4153,2,123,LG/86,RD/86
IC,4153,2,86,RD/86,HB/86
IC,4153,2,75,HB/86,SØ/86
IC,4153,2,51,SØ/86,AB/86
IC,4153,2,7,AB/86,LIH/86
IC,4153,2,3,LIH/86,ABL/86
IC,4153,3,161,AR/86,LG/86
IC,4153,3,123,LG/86,RD/86
IC,4153,3,86,RD/86,HB/86
IC,4153,3,75,HB/86,SØ/86
IC,4153,3,51,SØ/86,AB/86
IC,4153,3,7,AB/86,LIH/86
IC,4153,3,3,LIH/86,ABL/86
IC,4156,2,2,ABL/86,LIH/86
IC,4156,2,7,LIH/86,AB/86
IC,4156,2,82,AB/86,SØ/86
IC,4156,2,84,SØ/86,HB/86
IC,4156,2,89,HB/86,RD/86
IC,4156,2,113,RD/86,LG/86
IC,4156,2,142,LG/86,AR/86
IC,4156,2,151,LG/86,/86
IC,4156,3,2,ABL/86,LIH/86
IC,4156,3,7,LIH/86,AB/86
IC,4156,3,82,AB/86,SØ/86
IC,4156,3,84,SØ/86,HB/86
IC,4156,3,89,HB/86,RD/86
IC,4156,3,113,RD/86,LG/86
IC,4156,3,142,LG/86,AR/86
IC,4156,3,151,LG/86,/86
IC,4157,2,61,AR/86,LG/86
IC,4157,2,47,LG/86,RD/86
IC,4157,2,36,RD/86,HB/86
IC,4157,2,33,HB/86,SØ/86
IC,4157,2,31,SØ/86,AB/86
IC,4157,2,12,AB/86,LIH/86
IC,4157,2,6,LIH/86,ABL/86
IC,4157,3,61,AR/86,LG/86
IC,4157,3,47,LG/86,RD/86
IC,4157,3,36,RD/86,HB/86
IC,4157,3,33,HB/86,SØ/86
IC,4157,3,31,SØ/86,AB/86
IC,4157,3,12,AB/86,LIH/86
IC,4157,3,6,LIH/86,ABL/86
IC,4160,2,3,ABL/86,LIH/86
IC,4160,2,5,LIH/86,AB/86
IC,4160,2,61,AB/86,SØ/86
IC,4160,2,78,SØ/86,HB/86
IC,4160,2,84,HB/86,RD/86
IC,4160,2,98,RD/86,LG/86
IC,4160,2,113,LG/86,AR/86
IC,4160,2,87,LG/86,PA/86
IC,4160,3,3,ABL/86,LIH/86
IC,4160,3,5,LIH/86,AB/86
IC,4160,3,61,AB/86,SØ/86
IC,4160,3,78,SØ/86,HB/86
IC,4160,3,84,HB/86,RD/86
IC,4160,3,98,RD/86,LG/86
IC,4160,3,113,LG/86,AR/86
IC,4160,3,87,LG/86,PA/86
IC,4161,2,55,AR/86,LG/86
IC,4161,2,46,LG/86,RD/86
IC,4161,2,36,RD/86,HB/86
IC,4161,2,31,HB/86,SØ/86
IC,4161,2,31,SØ/86,AB/86
IC,4161,2,16,AB/86,LIH/86
IC,4161,2,9,LIH/86,ABL/86
IC,4161,3,55,AR/86,LG/86
IC,4161,3,46,LG/86,RD/86
IC,4161,3,36,RD/86,HB/86
IC,4161,3,31,HB/86,SØ/86
IC,4161,3,31,SØ/86,AB/86
IC,4161,3,16,AB/86,LIH/86
IC,4161,3,9,LIH/86,ABL/86
IC,4164,2,4,ABL/86,LIH/86
IC,4164,2,6,LIH/86,AB/86
IC,4164,2,52,AB/86,SØ/86
IC,4164,2,65,SØ/86,HB/86
IC,4164,2,73,HB/86,RD/86
IC,4164,2,83,RD/86,LG/86
IC,4164,2,94,LG/86,AR/86
IC,4164,2,100,LG/86,/86
IC,4164,3,4,ABL/86,LIH/86
IC,4164,3,6,LIH/86,AB/86
IC,4164,3,52,AB/86,SØ/86
IC,4164,3,65,SØ/86,HB/86
IC,4164,3,73,HB/86,RD/86
IC,4164,3,83,RD/86,LG/86
IC,4164,3,94,LG/86,AR/86
IC,4164,3,100,LG/86,/86
IC,4165,2,55,AR/86,LG/86
IC,4165,2,44,LG/86,RD/86
IC,4165,2,44,RD/86,HB/86
IC,4165,2,30,HB/86,SØ/86
IC,4165,2,30,SØ/86,AB/86
IC,4165,2,8,AB/86,LIH/86
IC,4165,2,4,LIH/86,ABL/86
IC,4165,3,55,AR/86,LG/86
IC,4165,3,44,LG/86,RD/86
IC,4165,3,44,RD/86,HB/86
IC,4165,3,30,HB/86,SØ/86
IC,4165,3,30,SØ/86,AB/86
IC,4165,3,8,AB/86,LIH/86
IC,4165,3,4,LIH/86,ABL/86
IC,4168,2,3,ABL/86,LIH/86
IC,4168,2,5,LIH/86,AB/86
IC,4168,2,20,AB/86,SØ/86
IC,4168,2,20,SØ/86,HB/86
IC,4168,2,23,HB/86,RD/86
IC,4168,2,25,RD/86,LG/86
IC,4168,2,26,LG/86,AR/86
IC,4168,2,39,LG/86,/86
IC,4168,3,3,ABL/86,LIH/86
IC,4168,3,5,LIH/86,AB/86
IC,4168,3,20,AB/86,SØ/86
IC,4168,3,20,SØ/86,HB/86
IC,4168,3,23,HB/86,RD/86
IC,4168,3,25,RD/86,LG/86
IC,4168,3,26,LG/86,AR/86
IC,4168,3,39,LG/86,/86
RV,4169,2,1,AB/86,LIH/86
RV,4169,2,1,LIH/86,ABL/86
RV,4169,3,1,AB/86,LIH/86
RV,4169,3,1,LIH/86,ABL/86
IC,4171,2,49,AR/86,LG/86
IC,4171,2,45,LG/86,RD/86
IC,4171,2,34,RD/86,HB/86
IC,4171,2,25,HB/86,SØ/86
IC,4171,2,23,SØ/86,AB/86
IC,4171,3,49,AR/86,LG/86
IC,4171,3,45,LG/86,RD/86
IC,4171,3,34,RD/86,HB/86
IC,4171,3,25,HB/86,SØ/86
IC,4171,3,23,SØ/86,AB/86
IC,4172,2,3,ABL/86,LIH/86
IC,4172,2,5,LIH/86,AB/86
IC,4172,2,14,AB/86,SØ/86
IC,4172,2,12,SØ/86,HB/86
IC,4172,2,15,HB/86,RD/86
IC,4172,2,24,RD/86,LG/86
IC,4172,2,31,LG/86,AR/86
IC,4172,2,95,LG/86,/86
IC,4172,3,3,ABL/86,LIH/86
IC,4172,3,5,LIH/86,AB/86
IC,4172,3,14,AB/86,SØ/86
IC,4172,3,12,SØ/86,HB/86
IC,4172,3,15,HB/86,RD/86
IC,4172,3,24,RD/86,LG/86
IC,4172,3,31,LG/86,AR/86
IC,4172,3,95,LG/86,/86
IC,4175,2,25,AR/86,LG/86
IC,4175,2,24,LG/86,RD/86
IC,4175,2,15,RD/86,HB/86
IC,4175,2,12,HB/86,SØ/86
IC,4175,2,12,SØ/86,AB/86
IC,4175,3,25,AR/86,LG/86
IC,4175,3,24,LG/86,RD/86
IC,4175,3,15,RD/86,HB/86
IC,4175,3,12,HB/86,SØ/86
IC,4175,3,12,SØ/86,AB/86
IC,4176,2,7,ABL/86,LIH/86
IC,4176,2,12,LIH/86,AB/86
IC,4176,2,53,AB/86,SØ/86
IC,4176,2,51,SØ/86,HB/86
IC,4176,2,61,HB/86,RD/86
IC,4176,2,63,RD/86,LG/86
IC,4176,2,60,LG/86,AR/86
IC,4176,2,82,LG/86,/86
IC,4176,3,7,ABL/86,LIH/86
IC,4176,3,12,LIH/86,AB/86
IC,4176,3,53,AB/86,SØ/86
IC,4176,3,51,SØ/86,HB/86
IC,4176,3,61,HB/86,RD/86
IC,4176,3,63,RD/86,LG/86
IC,4176,3,60,LG/86,AR/86
IC,4176,3,82,LG/86,/86
IC,4178,2,9,ABL/86,LIH/86
IC,4178,2,10,LIH/86,AB/86
IC,4178,3,9,ABL/86,LIH/86
IC,4178,3,10,LIH/86,AB/86
IC,4179,2,10,AR/86,LG/86
IC,4179,2,11,LG/86,RD/86
IC,4179,2,9,RD/86,HB/86
IC,4179,2,6,HB/86,SØ/86
IC,4179,2,6,SØ/86,AB/86
IC,4179,3,10,AR/86,LG/86
IC,4179,3,11,LG/86,RD/86
IC,4179,3,9,RD/86,HB/86
IC,4179,3,6,HB/86,SØ/86
IC,4179,3,6,SØ/86,AB/86
IC,4180,2,25,AB/86,SØ/86
IC,4180,2,23,SØ/86,HB/86
IC,4180,2,28,HB/86,RD/86
IC,4180,2,30,RD/86,LG/86
IC,4180,2,30,LG/86,AR/86
IC,4180,2,45,LG/86,/86
IC,4180,3,25,AB/86,SØ/86
IC,4180,3,23,SØ/86,HB/86
IC,4180,3,28,HB/86,RD/86
IC,4180,3,30,RD/86,LG/86
IC,4180,3,30,LG/86,AR/86
IC,4180,3,45,LG/86,/86
IC,4184,2,2,ABL/86,LIH/86
IC,4184,2,2,LIH/86,AB/86
IC,4184,2,14,AB/86,SØ/86
IC,4184,2,13,SØ/86,HB/86
IC,4184,2,15,HB/86,RD/86
IC,4184,2,15,RD/86,LG/86
IC,4184,2,16,LG/86,AR/86
IC,4184,2,26,LG/86,/86
IC,4184,3,2,ABL/86,LIH/86
IC,4184,3,2,LIH/86,AB/86
IC,4184,3,14,AB/86,SØ/86
IC,4184,3,13,SØ/86,HB/86
IC,4184,3,15,HB/86,RD/86
IC,4184,3,15,RD/86,LG/86
IC,4184,3,16,LG/86,AR/86
IC,4184,3,26,LG/86,/86
IC,4190,2,2,ABL/86,LIH/86
IC,4190,2,3,LIH/86,AB/86
IC,4190,2,7,AB/86,SØ/86
IC,4190,2,6,SØ/86,HB/86
IC,4190,2,20,HB/86,RD/86
IC,4190,2,19,RD/86,LG/86
IC,4190,2,19,LG/86,AR/86
IC,4190,2,22,LG/86,LIH/86
IC,4190,3,2,ABL/86,LIH/86
IC,4190,3,3,LIH/86,AB/86
IC,4190,3,7,AB/86,SØ/86
IC,4190,3,6,SØ/86,HB/86
IC,4190,3,20,HB/86,RD/86
IC,4190,3,19,RD/86,LG/86
IC,4190,3,19,LG/86,AR/86
IC,4190,3,22,LG/86,LIH/86
IC,4192,2,2,AB/86,SØ/86
IC,4192,2,2,SØ/86,HB/86
IC,4192,2,1,HB/86,RD/86
IC,4192,2,2,RD/86,LG/86
IC,4192,2,4,LG/86,AR/86
IC,4192,3,2,AB/86,SØ/86
IC,4192,3,2,SØ/86,HB/86
IC,4192,3,1,HB/86,RD/86
IC,4192,3,2,RD/86,LG/86
IC,4192,3,4,LG/86,AR/86
RØ,4202,2,21,NÆ/86,RG/86
RØ,4202,2,58,RG/86,RO/86
RØ,4202,2,106,RO/86,HTÅ/86
RØ,4202,2,103,HTÅ/86,KH/86
RØ,4202,2,36,KH/86,KK/86
RØ,4202,2,28,KK/86,NI/86
RØ,4202,2,15,NI/86,HG/86
RØ,4202,3,21,NÆ/86,RG/86
RØ,4202,3,58,RG/86,RO/86
RØ,4202,3,106,RO/86,HTÅ/86
RØ,4202,3,103,HTÅ/86,KH/86
RØ,4202,3,36,KH/86,KK/86
RØ,4202,3,28,KK/86,NI/86
RØ,4202,3,15,NI/86,HG/86
RØ,4204,2,47,VO/86,NÆ/86
RØ,4204,2,109,NÆ/86,RG/86
RØ,4204,2,170,RG/86,RO/86
RØ,4204,2,222,RO/86,HTÅ/86
RØ,4204,2,198,HTÅ/86,KH/86
RØ,4204,2,80,KH/86,KK/86
RØ,4204,2,55,KK/86,NI/86
RØ,4204,2,28,NI/86,HG/86
RØ,4204,3,47,VO/86,NÆ/86
RØ,4204,3,109,NÆ/86,RG/86
RØ,4204,3,170,RG/86,RO/86
RØ,4204,3,222,RO/86,HTÅ/86
RØ,4204,3,198,HTÅ/86,KH/86
RØ,4204,3,80,KH/86,KK/86
RØ,4204,3,55,KK/86,NI/86
RØ,4204,3,28,NI/86,HG/86
RØ,4206,2,37,VO/86,NÆ/86
RØ,4206,2,138,NÆ/86,RG/86
RØ,4206,2,323,RG/86,RO/86
RØ,4206,2,463,RO/86,HTÅ/86
RØ,4206,2,429,HTÅ/86,KH/86
RØ,4206,2,136,KH/86,KK/86
RØ,4206,2,89,KK/86,NI/86
RØ,4206,2,59,NI/86,HG/86
RØ,4206,3,37,VO/86,NÆ/86
RØ,4206,3,138,NÆ/86,RG/86
RØ,4206,3,323,RG/86,RO/86
RØ,4206,3,463,RO/86,HTÅ/86
RØ,4206,3,429,HTÅ/86,KH/86
RØ,4206,3,136,KH/86,KK/86
RØ,4206,3,89,KK/86,NI/86
RØ,4206,3,59,NI/86,HG/86
RØ,4210,2,178,NÆ/86,RG/86
RØ,4210,2,367,RG/86,RO/86
RØ,4210,2,520,RO/86,HTÅ/86
RØ,4210,2,499,HTÅ/86,KH/86
RØ,4210,2,160,KH/86,KK/86
RØ,4210,2,95,KK/86,NI/86
RØ,4210,2,56,NI/86,HG/86
RØ,4210,3,178,NÆ/86,RG/86
RØ,4210,3,367,RG/86,RO/86
RØ,4210,3,520,RO/86,HTÅ/86
RØ,4210,3,499,HTÅ/86,KH/86
RØ,4210,3,160,KH/86,KK/86
RØ,4210,3,95,KK/86,NI/86
RØ,4210,3,56,NI/86,HG/86
RØ,4214,2,72,NÆ/86,RG/86
RØ,4214,2,135,RG/86,RO/86
RØ,4214,2,246,RO/86,HTÅ/86
RØ,4214,2,265,HTÅ/86,KH/86
RØ,4214,2,129,KH/86,KK/86
RØ,4214,2,80,KK/86,NI/86
RØ,4214,2,54,NI/86,HG/86
RØ,4214,3,72,NÆ/86,RG/86
RØ,4214,3,135,RG/86,RO/86
RØ,4214,3,246,RO/86,HTÅ/86
RØ,4214,3,265,HTÅ/86,KH/86
RØ,4214,3,129,KH/86,KK/86
RØ,4214,3,80,KK/86,NI/86
RØ,4214,3,54,NI/86,HG/86
RØ,4218,2,33,NÆ/86,RG/86
RØ,4218,2,61,RG/86,RO/86
RØ,4218,2,118,RO/86,HTÅ/86
RØ,4218,2,128,HTÅ/86,KH/86
RØ,4218,2,73,KH/86,KK/86
RØ,4218,2,86,KK/86,NI/86
RØ,4218,2,59,NI/86,HG/86
RØ,4218,3,33,NÆ/86,RG/86
RØ,4218,3,61,RG/86,RO/86
RØ,4218,3,118,RO/86,HTÅ/86
RØ,4218,3,128,HTÅ/86,KH/86
RØ,4218,3,73,KH/86,KK/86
RØ,4218,3,86,KK/86,NI/86
RØ,4218,3,59,NI/86,HG/86
RØ,4219,2,44,HG/86,NI/86
RØ,4219,2,60,NI/86,KK/86
RØ,4219,2,28,KK/86,KH/86
RØ,4219,3,44,HG/86,NI/86
RØ,4219,3,60,NI/86,KK/86
RØ,4219,3,28,KK/86,KH/86
RØ,4222,2,31,NÆ/86,RG/86
RØ,4222,2,52,RG/86,RO/86
RØ,4222,2,119,RO/86,HTÅ/86
RØ,4222,2,133,HTÅ/86,KH/86
RØ,4222,2,73,KH/86,KK/86
RØ,4222,2,88,KK/86,NI/86
RØ,4222,2,56,NI/86,HG/86
RØ,4222,3,31,NÆ/86,RG/86
RØ,4222,3,52,RG/86,RO/86
RØ,4222,3,119,RO/86,HTÅ/86
RØ,4222,3,133,HTÅ/86,KH/86
RØ,4222,3,73,KH/86,KK/86
RØ,4222,3,88,KK/86,NI/86
RØ,4222,3,56,NI/86,HG/86
RØ,4223,2,57,HG/86,NI/86
RØ,4223,2,83,NI/86,KK/86
RØ,4223,2,54,KK/86,KH/86
RØ,4223,2,80,KH/86,HTÅ/86
RØ,4223,2,106,HTÅ/86,RO/86
RØ,4223,2,57,RO/86,RG/86
RØ,4223,2,50,RG/86,NÆ/86
RØ,4223,3,57,HG/86,NI/86
RØ,4223,3,83,NI/86,KK/86
RØ,4223,3,54,KK/86,KH/86
RØ,4223,3,80,KH/86,HTÅ/86
RØ,4223,3,106,HTÅ/86,RO/86
RØ,4223,3,57,RO/86,RG/86
RØ,4223,3,50,RG/86,NÆ/86
RØ,4226,2,34,NÆ/86,RG/86
RØ,4226,2,56,RG/86,RO/86
RØ,4226,2,145,RO/86,HTÅ/86
RØ,4226,2,154,HTÅ/86,KH/86
RØ,4226,2,74,KH/86,KK/86
RØ,4226,2,96,KK/86,NI/86
RØ,4226,2,61,NI/86,HG/86
RØ,4226,3,34,NÆ/86,RG/86
RØ,4226,3,56,RG/86,RO/86
RØ,4226,3,145,RO/86,HTÅ/86
RØ,4226,3,154,HTÅ/86,KH/86
RØ,4226,3,74,KH/86,KK/86
RØ,4226,3,96,KK/86,NI/86
RØ,4226,3,61,NI/86,HG/86
RØ,4227,2,94,HG/86,NI/86
RØ,4227,2,210,NI/86,KK/86
RØ,4227,2,200,KK/86,KH/86
RØ,4227,2,424,KH/86,HTÅ/86
RØ,4227,2,473,HTÅ/86,RO/86
RØ,4227,2,133,RO/86,RG/86
RØ,4227,2,49,RG/86,NÆ/86
RØ,4227,3,94,HG/86,NI/86
RØ,4227,3,210,NI/86,KK/86
RØ,4227,3,200,KK/86,KH/86
RØ,4227,3,424,KH/86,HTÅ/86
RØ,4227,3,473,HTÅ/86,RO/86
RØ,4227,3,133,RO/86,RG/86
RØ,4227,3,49,RG/86,NÆ/86
RØ,4230,2,33,NÆ/86,RG/86
RØ,4230,2,49,RG/86,RO/86
RØ,4230,2,129,RO/86,HTÅ/86
RØ,4230,2,137,HTÅ/86,KH/86
RØ,4230,2,70,KH/86,KK/86
RØ,4230,2,129,KK/86,NI/86
RØ,4230,2,77,NI/86,HG/86
RØ,4230,3,33,NÆ/86,RG/86
RØ,4230,3,49,RG/86,RO/86
RØ,4230,3,129,RO/86,HTÅ/86
RØ,4230,3,137,HTÅ/86,KH/86
RØ,4230,3,70,KH/86,KK/86
RØ,4230,3,129,KK/86,NI/86
RØ,4230,3,77,NI/86,HG/86
RØ,4231,2,173,HG/86,NI/86
RØ,4231,2,413,NI/86,KK/86
RØ,4231,2,262,KK/86,KH/86
RØ,4231,2,331,KH/86,HTÅ/86
RØ,4231,2,299,HTÅ/86,RO/86
RØ,4231,2,59,RO/86,RG/86
RØ,4231,2,38,RG/86,NÆ/86
RØ,4231,3,173,HG/86,NI/86
RØ,4231,3,413,NI/86,KK/86
RØ,4231,3,262,KK/86,KH/86
RØ,4231,3,331,KH/86,HTÅ/86
RØ,4231,3,299,HTÅ/86,RO/86
RØ,4231,3,59,RO/86,RG/86
RØ,4231,3,38,RG/86,NÆ/86
RØ,4234,2,28,NÆ/86,RG/86
RØ,4234,2,47,RG/86,RO/86
RØ,4234,2,191,RO/86,HTÅ/86
RØ,4234,2,192,HTÅ/86,KH/86
RØ,4234,2,102,KH/86,KK/86
RØ,4234,2,159,KK/86,NI/86
RØ,4234,2,89,NI/86,HG/86
RØ,4234,3,28,NÆ/86,RG/86
RØ,4234,3,47,RG/86,RO/86
RØ,4234,3,191,RO/86,HTÅ/86
RØ,4234,3,192,HTÅ/86,KH/86
RØ,4234,3,102,KH/86,KK/86
RØ,4234,3,159,KK/86,NI/86
RØ,4234,3,89,NI/86,HG/86
RØ,4235,2,67,HG/86,NI/86
RØ,4235,2,158,NI/86,KK/86
RØ,4235,2,132,KK/86,KH/86
RØ,4235,2,277,KH/86,HTÅ/86
RØ,4235,2,296,HTÅ/86,RO/86
RØ,4235,2,90,RO/86,RG/86
RØ,4235,2,27,RG/86,NÆ/86
RØ,4235,3,67,HG/86,NI/86
RØ,4235,3,158,NI/86,KK/86
RØ,4235,3,132,KK/86,KH/86
RØ,4235,3,277,KH/86,HTÅ/86
RØ,4235,3,296,HTÅ/86,RO/86
RØ,4235,3,90,RO/86,RG/86
RØ,4235,3,27,RG/86,NÆ/86
RØ,4238,2,48,NÆ/86,RG/86
RØ,4238,2,68,RG/86,RO/86
RØ,4238,2,284,RO/86,HTÅ/86
RØ,4238,2,304,HTÅ/86,KH/86
RØ,4238,2,194,KH/86,KK/86
RØ,4238,2,352,KK/86,NI/86
RØ,4238,2,148,NI/86,HG/86
RØ,4238,3,48,NÆ/86,RG/86
RØ,4238,3,68,RG/86,RO/86
RØ,4238,3,284,RO/86,HTÅ/86
RØ,4238,3,304,HTÅ/86,KH/86
RØ,4238,3,194,KH/86,KK/86
RØ,4238,3,352,KK/86,NI/86
RØ,4238,3,148,NI/86,HG/86
RØ,4239,2,78,HG/86,NI/86
RØ,4239,2,139,NI/86,KK/86
RØ,4239,2,71,KK/86,KH/86
RØ,4239,2,106,KH/86,HTÅ/86
RØ,4239,2,105,HTÅ/86,RO/86
RØ,4239,2,38,RO/86,RG/86
RØ,4239,2,29,RG/86,NÆ/86
RØ,4239,3,78,HG/86,NI/86
RØ,4239,3,139,NI/86,KK/86
RØ,4239,3,71,KK/86,KH/86
RØ,4239,3,106,KH/86,HTÅ/86
RØ,4239,3,105,HTÅ/86,RO/86
RØ,4239,3,38,RO/86,RG/86
RØ,4239,3,29,RG/86,NÆ/86
RØ,4242,2,68,NÆ/86,RG/86
RØ,4242,2,107,RG/86,RO/86
RØ,4242,2,301,RO/86,HTÅ/86
RØ,4242,2,344,HTÅ/86,KH/86
RØ,4242,2,212,KH/86,KK/86
RØ,4242,2,411,KK/86,NI/86
RØ,4242,2,155,NI/86,HG/86
RØ,4242,3,68,NÆ/86,RG/86
RØ,4242,3,107,RG/86,RO/86
RØ,4242,3,301,RO/86,HTÅ/86
RØ,4242,3,344,HTÅ/86,KH/86
RØ,4242,3,212,KH/86,KK/86
RØ,4242,3,411,KK/86,NI/86
RØ,4242,3,155,NI/86,HG/86
RØ,4243,2,57,HG/86,NI/86
RØ,4243,2,101,NI/86,KK/86
RØ,4243,2,80,KK/86,KH/86
RØ,4243,2,147,KH/86,HTÅ/86
RØ,4243,2,165,HTÅ/86,RO/86
RØ,4243,2,67,RO/86,RG/86
RØ,4243,2,35,RG/86,NÆ/86
RØ,4243,3,57,HG/86,NI/86
RØ,4243,3,101,NI/86,KK/86
RØ,4243,3,80,KK/86,KH/86
RØ,4243,3,147,KH/86,HTÅ/86
RØ,4243,3,165,HTÅ/86,RO/86
RØ,4243,3,67,RO/86,RG/86
RØ,4243,3,35,RG/86,NÆ/86
RØ,4246,2,40,NÆ/86,RG/86
RØ,4246,2,60,RG/86,RO/86
RØ,4246,2,151,RO/86,HTÅ/86
RØ,4246,2,187,HTÅ/86,KH/86
RØ,4246,2,118,KH/86,KK/86
RØ,4246,2,208,KK/86,NI/86
RØ,4246,2,75,NI/86,HG/86
RØ,4246,3,40,NÆ/86,RG/86
RØ,4246,3,60,RG/86,RO/86
RØ,4246,3,151,RO/86,HTÅ/86
RØ,4246,3,187,HTÅ/86,KH/86
RØ,4246,3,118,KH/86,KK/86
RØ,4246,3,208,KK/86,NI/86
RØ,4246,3,75,NI/86,HG/86
RØ,4247,2,53,HG/86,NI/86
RØ,4247,2,94,NI/86,KK/86
RØ,4247,2,74,KK/86,KH/86
RØ,4247,2,139,KH/86,HTÅ/86
RØ,4247,2,150,HTÅ/86,RO/86
RØ,4247,2,82,RO/86,RG/86
RØ,4247,2,62,RG/86,NÆ/86
RØ,4247,3,53,HG/86,NI/86
RØ,4247,3,94,NI/86,KK/86
RØ,4247,3,74,KK/86,KH/86
RØ,4247,3,139,KH/86,HTÅ/86
RØ,4247,3,150,HTÅ/86,RO/86
RØ,4247,3,82,RO/86,RG/86
RØ,4247,3,62,RG/86,NÆ/86
RØ,4250,2,21,NÆ/86,RG/86
RØ,4250,2,26,RG/86,RO/86
RØ,4250,2,84,RO/86,HTÅ/86
RØ,4250,2,110,HTÅ/86,KH/86
RØ,4250,2,58,KH/86,KK/86
RØ,4250,2,99,KK/86,NI/86
RØ,4250,2,50,NI/86,HG/86
RØ,4250,3,21,NÆ/86,RG/86
RØ,4250,3,26,RG/86,RO/86
RØ,4250,3,84,RO/86,HTÅ/86
RØ,4250,3,110,HTÅ/86,KH/86
RØ,4250,3,58,KH/86,KK/86
RØ,4250,3,99,KK/86,NI/86
RØ,4250,3,50,NI/86,HG/86
RØ,4251,2,63,HG/86,NI/86
RØ,4251,2,103,NI/86,KK/86
RØ,4251,2,88,KK/86,KH/86
RØ,4251,2,166,KH/86,HTÅ/86
RØ,4251,2,181,HTÅ/86,RO/86
RØ,4251,2,115,RO/86,RG/86
RØ,4251,2,69,RG/86,NÆ/86
RØ,4251,3,63,HG/86,NI/86
RØ,4251,3,103,NI/86,KK/86
RØ,4251,3,88,KK/86,KH/86
RØ,4251,3,166,KH/86,HTÅ/86
RØ,4251,3,181,HTÅ/86,RO/86
RØ,4251,3,115,RO/86,RG/86
RØ,4251,3,69,RG/86,NÆ/86
RØ,4254,2,42,RO/86,HTÅ/86
RØ,4254,2,50,HTÅ/86,KH/86
RØ,4254,2,49,KH/86,KK/86
RØ,4254,2,83,KK/86,NI/86
RØ,4254,2,48,NI/86,HG/86
RØ,4254,3,42,RO/86,HTÅ/86
RØ,4254,3,50,HTÅ/86,KH/86
RØ,4254,3,49,KH/86,KK/86
RØ,4254,3,83,KK/86,NI/86
RØ,4254,3,48,NI/86,HG/86
RØ,4255,2,68,HG/86,NI/86
RØ,4255,2,106,NI/86,KK/86
RØ,4255,2,121,KK/86,KH/86
RØ,4255,2,267,KH/86,HTÅ/86
RØ,4255,2,306,HTÅ/86,RO/86
RØ,4255,2,240,RO/86,RG/86
RØ,4255,2,132,RG/86,NÆ/86
RØ,4255,3,68,HG/86,NI/86
RØ,4255,3,106,NI/86,KK/86
RØ,4255,3,121,KK/86,KH/86
RØ,4255,3,267,KH/86,HTÅ/86
RØ,4255,3,306,HTÅ/86,RO/86
RØ,4255,3,240,RO/86,RG/86
RØ,4255,3,132,RG/86,NÆ/86
RØ,4258,2,42,RO/86,HTÅ/86
RØ,4258,2,53,HTÅ/86,KH/86
RØ,4258,2,111,KH/86,KK/86
RØ,4258,2,133,KK/86,NI/86
RØ,4258,2,99,NI/86,HG/86
RØ,4258,3,42,RO/86,HTÅ/86
RØ,4258,3,53,HTÅ/86,KH/86
RØ,4258,3,111,KH/86,KK/86
RØ,4258,3,133,KK/86,NI/86
RØ,4258,3,99,NI/86,HG/86
RØ,4259,2,84,HG/86,NI/86
RØ,4259,2,137,NI/86,KK/86
RØ,4259,2,188,KK/86,KH/86
RØ,4259,2,383,KH/86,HTÅ/86
RØ,4259,2,435,HTÅ/86,RO/86
RØ,4259,2,310,RO/86,RG/86
RØ,4259,2,193,RG/86,NÆ/86
RØ,4259,3,84,HG/86,NI/86
RØ,4259,3,137,NI/86,KK/86
RØ,4259,3,188,KK/86,KH/86
RØ,4259,3,383,KH/86,HTÅ/86
RØ,4259,3,435,HTÅ/86,RO/86
RØ,4259,3,310,RO/86,RG/86
RØ,4259,3,193,RG/86,NÆ/86
RØ,4262,2,40,RO/86,HTÅ/86
RØ,4262,2,50,HTÅ/86,KH/86
RØ,4262,2,57,KH/86,KK/86
RØ,4262,2,92,KK/86,NI/86
RØ,4262,2,46,NI/86,HG/86
RØ,4262,3,40,RO/86,HTÅ/86
RØ,4262,3,50,HTÅ/86,KH/86
RØ,4262,3,57,KH/86,KK/86
RØ,4262,3,92,KK/86,NI/86
RØ,4262,3,46,NI/86,HG/86
RØ,4263,2,56,HG/86,NI/86
RØ,4263,2,127,NI/86,KK/86
RØ,4263,2,212,KK/86,KH/86
RØ,4263,2,440,KH/86,HTÅ/86
RØ,4263,2,484,HTÅ/86,RO/86
RØ,4263,2,298,RO/86,RG/86
RØ,4263,2,175,RG/86,NÆ/86
RØ,4263,3,56,HG/86,NI/86
RØ,4263,3,127,NI/86,KK/86
RØ,4263,3,212,KK/86,KH/86
RØ,4263,3,440,KH/86,HTÅ/86
RØ,4263,3,484,HTÅ/86,RO/86
RØ,4263,3,298,RO/86,RG/86
RØ,4263,3,175,RG/86,NÆ/86
RØ,4266,2,32,RO/86,HTÅ/86
RØ,4266,2,39,HTÅ/86,KH/86
RØ,4266,2,76,KH/86,KK/86
RØ,4266,2,137,KK/86,NI/86
RØ,4266,2,67,NI/86,HG/86
RØ,4266,3,32,RO/86,HTÅ/86
RØ,4266,3,39,HTÅ/86,KH/86
RØ,4266,3,76,KH/86,KK/86
RØ,4266,3,137,KK/86,NI/86
RØ,4266,3,67,NI/86,HG/86
RØ,4267,2,44,HG/86,NI/86
RØ,4267,2,105,NI/86,KK/86
RØ,4267,2,180,KK/86,KH/86
RØ,4267,2,344,KH/86,HTÅ/86
RØ,4267,2,349,HTÅ/86,RO/86
RØ,4267,2,142,RO/86,RG/86
RØ,4267,2,89,RG/86,NÆ/86
RØ,4267,3,44,HG/86,NI/86
RØ,4267,3,105,NI/86,KK/86
RØ,4267,3,180,KK/86,KH/86
RØ,4267,3,344,KH/86,HTÅ/86
RØ,4267,3,349,HTÅ/86,RO/86
RØ,4267,3,142,RO/86,RG/86
RØ,4267,3,89,RG/86,NÆ/86
RØ,4270,2,78,KH/86,KK/86
RØ,4270,2,137,KK/86,NI/86
RØ,4270,2,63,NI/86,HG/86
RØ,4270,3,78,KH/86,KK/86
RØ,4270,3,137,KK/86,NI/86
RØ,4270,3,63,NI/86,HG/86
RØ,4271,2,25,HG/86,NI/86
RØ,4271,2,63,NI/86,KK/86
RØ,4271,2,75,KK/86,KH/86
RØ,4271,2,135,KH/86,HTÅ/86
RØ,4271,2,115,HTÅ/86,RO/86
RØ,4271,3,25,HG/86,NI/86
RØ,4271,3,63,NI/86,KK/86
RØ,4271,3,75,KK/86,KH/86
RØ,4271,3,135,KH/86,HTÅ/86
RØ,4271,3,115,HTÅ/86,RO/86
RØ,4274,2,25,KH/86,KK/86
RØ,4274,2,32,KK/86,NI/86
RØ,4274,2,12,NI/86,HG/86
RØ,4274,3,25,KH/86,KK/86
RØ,4274,3,32,KK/86,NI/86
RØ,4274,3,12,NI/86,HG/86
RØ,4275,2,15,HG/86,NI/86
RØ,4275,2,32,NI/86,KK/86
RØ,4275,2,46,KK/86,KH/86
RØ,4275,2,84,KH/86,HTÅ/86
RØ,4275,2,78,HTÅ/86,RO/86
RØ,4275,3,15,HG/86,NI/86
RØ,4275,3,32,NI/86,KK/86
RØ,4275,3,46,KK/86,KH/86
RØ,4275,3,84,KH/86,HTÅ/86
RØ,4275,3,78,HTÅ/86,RO/86
RØ,4279,2,25,HG/86,NI/86
RØ,4279,2,46,NI/86,KK/86
RØ,4279,2,83,KK/86,KH/86
RØ,4279,2,163,KH/86,HTÅ/86
RØ,4279,2,120,HTÅ/86,RO/86
RØ,4279,3,25,HG/86,NI/86
RØ,4279,3,46,NI/86,KK/86
RØ,4279,3,83,KK/86,KH/86
RØ,4279,3,163,KH/86,HTÅ/86
RØ,4279,3,120,HTÅ/86,RO/86
RØ,4283,2,74,HG/86,NI/86
RØ,4283,2,78,NI/86,KK/86
RØ,4283,2,71,KK/86,KH/86
RØ,4283,3,74,HG/86,NI/86
RØ,4283,3,78,NI/86,KK/86
RØ,4283,3,71,KK/86,KH/86
RØ,4287,2,19,HG/86,NI/86
RØ,4287,2,26,NI/86,KK/86
RØ,4287,2,15,KK/86,KH/86
RØ,4287,3,19,HG/86,NI/86
RØ,4287,3,26,NI/86,KK/86
RØ,4287,3,15,KK/86,KH/86
RØ,4291,2,24,HG/86,NI/86
RØ,4291,2,36,NI/86,KK/86
RØ,4291,2,23,KK/86,KH/86
RØ,4291,3,24,HG/86,NI/86
RØ,4291,3,36,NI/86,KK/86
RØ,4291,3,23,KK/86,KH/86
RØ,4402,2,39,NÆ/86,KJ/86
RØ,4402,2,72,KJ/86,KJN/86
RØ,4402,2,81,KJN/86,KH/86
RØ,4402,2,38,KJN/86,LIH/86
RØ,4402,3,39,NÆ/86,KJ/86
RØ,4402,3,72,KJ/86,KJN/86
RØ,4402,3,81,KJN/86,KH/86
RØ,4402,3,38,KJN/86,LIH/86
RØ,4406,2,75,NÆ/86,KJ/86
RØ,4406,2,201,KJ/86,KJN/86
RØ,4406,2,253,KJN/86,KH/86
RØ,4406,2,134,KJN/86,/86
RØ,4406,3,75,NÆ/86,KJ/86
RØ,4406,3,201,KJ/86,KJN/86
RØ,4406,3,253,KJN/86,KH/86
RØ,4406,3,134,KJN/86,/86
RØ,4410,2,119,NÆ/86,KJ/86
RØ,4410,2,258,KJ/86,KJN/86
RØ,4410,2,307,KJN/86,KH/86
RØ,4410,3,119,NÆ/86,KJ/86
RØ,4410,3,258,KJ/86,KJN/86
RØ,4410,3,307,KJN/86,KH/86
RØ,4414,2,42,NÆ/86,KJ/86
RØ,4414,2,104,KJ/86,KJN/86
RØ,4414,2,124,KJN/86,KH/86
RØ,4414,2,46,KH/86,KK/86
RØ,4414,3,42,NÆ/86,KJ/86
RØ,4414,3,104,KJ/86,KJN/86
RØ,4414,3,124,KJN/86,KH/86
RØ,4414,3,46,KH/86,KK/86
RØ,4418,2,39,NÆ/86,KJ/86
RØ,4418,2,74,KJ/86,KJN/86
RØ,4418,2,85,KJN/86,KH/86
RØ,4418,2,41,KH/86,KK/86
RØ,4418,3,39,NÆ/86,KJ/86
RØ,4418,3,74,KJ/86,KJN/86
RØ,4418,3,85,KJN/86,KH/86
RØ,4418,3,41,KH/86,KK/86
RØ,4421,2,28,KH/86,KJN/86
RØ,4421,2,25,KJN/86,KJ/86
RØ,4421,2,14,KJ/86,NÆ/86
RØ,4421,3,28,KH/86,KJN/86
RØ,4421,3,25,KJN/86,KJ/86
RØ,4421,3,14,KJ/86,NÆ/86
RØ,4422,2,23,NÆ/86,KJ/86
RØ,4422,2,52,KJ/86,KJN/86
RØ,4422,2,61,KJN/86,KH/86
RØ,4422,2,31,KH/86,KK/86
RØ,4422,3,23,NÆ/86,KJ/86
RØ,4422,3,52,KJ/86,KJN/86
RØ,4422,3,61,KJN/86,KH/86
RØ,4422,3,31,KH/86,KK/86
RØ,4425,2,24,KK/86,KH/86
RØ,4425,2,74,KH/86,KJN/86
RØ,4425,2,67,KJN/86,KJ/86
RØ,4425,2,33,KJ/86,NÆ/86
RØ,4425,3,24,KK/86,KH/86
RØ,4425,3,74,KH/86,KJN/86
RØ,4425,3,67,KJN/86,KJ/86
RØ,4425,3,33,KJ/86,NÆ/86
RØ,4426,2,20,NÆ/86,KJ/86
RØ,4426,2,46,KJ/86,KJN/86
RØ,4426,2,54,KJN/86,KH/86
RØ,4426,2,32,KH/86,KK/86
RØ,4426,3,20,NÆ/86,KJ/86
RØ,4426,3,46,KJ/86,KJN/86
RØ,4426,3,54,KJN/86,KH/86
RØ,4426,3,32,KH/86,KK/86
RØ,4429,2,66,KH/86,KJN/86
RØ,4429,2,57,KJN/86,KJ/86
RØ,4429,2,18,KJ/86,NÆ/86
RØ,4429,3,66,KH/86,KJN/86
RØ,4429,3,57,KJN/86,KJ/86
RØ,4429,3,18,KJ/86,NÆ/86
RØ,4430,2,28,NÆ/86,KJ/86
RØ,4430,2,38,KJ/86,KJN/86
RØ,4430,2,44,KJN/86,KH/86
RØ,4430,2,20,KH/86,KK/86
RØ,4430,3,28,NÆ/86,KJ/86
RØ,4430,3,38,KJ/86,KJN/86
RØ,4430,3,44,KJN/86,KH/86
RØ,4430,3,20,KH/86,KK/86
RØ,4433,2,39,KH/86,KJN/86
RØ,4433,2,36,KJN/86,KJ/86
RØ,4433,2,10,KJ/86,NÆ/86
RØ,4433,3,39,KH/86,KJN/86
RØ,4433,3,36,KJN/86,KJ/86
RØ,4433,3,10,KJ/86,NÆ/86
RØ,4434,2,22,NÆ/86,KJ/86
RØ,4434,2,53,KJ/86,KJN/86
RØ,4434,2,58,KJN/86,KH/86
RØ,4434,2,61,KJN/86,/86
RØ,4434,3,22,NÆ/86,KJ/86
RØ,4434,3,53,KJ/86,KJN/86
RØ,4434,3,58,KJN/86,KH/86
RØ,4434,3,61,KJN/86,/86
RØ,4437,2,32,KH/86,KJN/86
RØ,4437,2,31,KJN/86,KJ/86
RØ,4437,2,11,KJ/86,NÆ/86
RØ,4437,3,32,KH/86,KJN/86
RØ,4437,3,31,KJN/86,KJ/86
RØ,4437,3,11,KJ/86,NÆ/86
RØ,4438,2,29,NÆ/86,KJ/86
RØ,4438,2,55,KJ/86,KJN/86
RØ,4438,2,63,KJN/86,KH/86
RØ,4438,2,62,KJN/86,/86
RØ,4438,3,29,NÆ/86,KJ/86
RØ,4438,3,55,KJ/86,KJN/86
RØ,4438,3,63,KJN/86,KH/86
RØ,4438,3,62,KJN/86,/86
RØ,4441,2,15,KK/86,KH/86
RØ,4441,2,35,KH/86,KJN/86
RØ,4441,2,29,KJN/86,KJ/86
RØ,4441,2,14,KJ/86,NÆ/86
RØ,4441,3,15,KK/86,KH/86
RØ,4441,3,35,KH/86,KJN/86
RØ,4441,3,29,KJN/86,KJ/86
RØ,4441,3,14,KJ/86,NÆ/86
RØ,4442,2,32,NÆ/86,KJ/86
RØ,4442,2,74,KJ/86,KJN/86
RØ,4442,2,90,KJN/86,KH/86
RØ,4442,2,86,KJN/86,TL/86
RØ,4442,3,32,NÆ/86,KJ/86
RØ,4442,3,74,KJ/86,KJN/86
RØ,4442,3,90,KJN/86,KH/86
RØ,4442,3,86,KJN/86,TL/86
RØ,4445,2,17,KK/86,KH/86
RØ,4445,2,46,KH/86,KJN/86
RØ,4445,2,42,KJN/86,KJ/86
RØ,4445,2,18,KJ/86,NÆ/86
RØ,4445,3,17,KK/86,KH/86
RØ,4445,3,46,KH/86,KJN/86
RØ,4445,3,42,KJN/86,KJ/86
RØ,4445,3,18,KJ/86,NÆ/86
RØ,4446,2,25,NÆ/86,KJ/86
RØ,4446,2,65,KJ/86,KJN/86
RØ,4446,2,79,KJN/86,KH/86
RØ,4446,2,58,KJN/86,/86
RØ,4446,3,25,NÆ/86,KJ/86
RØ,4446,3,65,KJ/86,KJN/86
RØ,4446,3,79,KJN/86,KH/86
RØ,4446,3,58,KJN/86,/86
RØ,4449,2,22,KK/86,KH/86
RØ,4449,2,59,KH/86,KJN/86
RØ,4449,2,55,KJN/86,KJ/86
RØ,4449,2,28,KJ/86,NÆ/86
RØ,4449,3,22,KK/86,KH/86
RØ,4449,3,59,KH/86,KJN/86
RØ,4449,3,55,KJN/86,KJ/86
RØ,4449,3,28,KJ/86,NÆ/86
RØ,4450,2,18,NÆ/86,KJ/86
RØ,4450,2,44,KJ/86,KJN/86
RØ,4450,2,54,KJN/86,KH/86
RØ,4450,2,50,KJN/86,/86
RØ,4450,3,18,NÆ/86,KJ/86
RØ,4450,3,44,KJ/86,KJN/86
RØ,4450,3,54,KJN/86,KH/86
RØ,4450,3,50,KJN/86,/86
RØ,4453,2,35,KK/86,KH/86
RØ,4453,2,93,KH/86,KJN/86
RØ,4453,2,85,KJN/86,KJ/86
RØ,4453,2,44,KJ/86,NÆ/86
RØ,4453,3,35,KK/86,KH/86
RØ,4453,3,93,KH/86,KJN/86
RØ,4453,3,85,KJN/86,KJ/86
RØ,4453,3,44,KJ/86,NÆ/86
RØ,4454,2,11,NÆ/86,KJ/86
RØ,4454,2,31,KJ/86,KJN/86
RØ,4454,2,34,KJN/86,KH/86
RØ,4454,2,18,KH/86,KK/86
RØ,4454,3,11,NÆ/86,KJ/86
RØ,4454,3,31,KJ/86,KJN/86
RØ,4454,3,34,KJN/86,KH/86
RØ,4454,3,18,KH/86,KK/86
RØ,4457,2,62,KK/86,KH/86
RØ,4457,2,169,KH/86,KJN/86
RØ,4457,2,145,KJN/86,KJ/86
RØ,4457,2,74,KJ/86,NÆ/86
RØ,4457,3,62,KK/86,KH/86
RØ,4457,3,169,KH/86,KJN/86
RØ,4457,3,145,KJN/86,KJ/86
RØ,4457,3,74,KJ/86,NÆ/86
RØ,4461,2,209,KH/86,KJN/86
RØ,4461,2,181,KJN/86,KJ/86
RØ,4461,2,89,KJ/86,NÆ/86
RØ,4461,3,209,KH/86,KJN/86
RØ,4461,3,181,KJN/86,KJ/86
RØ,4461,3,89,KJ/86,NÆ/86
RØ,4465,2,237,KH/86,KJN/86
RØ,4465,2,196,KJN/86,KJ/86
RØ,4465,2,68,KJ/86,NÆ/86
RØ,4465,3,237,KH/86,KJN/86
RØ,4465,3,196,KJN/86,KJ/86
RØ,4465,3,68,KJ/86,NÆ/86
RØ,4469,2,93,KH/86,KJN/86
RØ,4469,2,75,KJN/86,KJ/86
RØ,4469,2,30,KJ/86,NÆ/86
RØ,4469,3,93,KH/86,KJN/86
RØ,4469,3,75,KJN/86,KJ/86
RØ,4469,3,30,KJ/86,NÆ/86
RØ,4473,2,59,KH/86,KJN/86
RØ,4473,2,48,KJN/86,KJ/86
RØ,4473,2,24,KJ/86,NÆ/86
RØ,4473,3,59,KH/86,KJN/86
RØ,4473,3,48,KJN/86,KJ/86
RØ,4473,3,24,KJ/86,NÆ/86
RØ,4500,2,8,KH/86,KK/86
RØ,4500,2,26,KK/86,NI/86
RØ,4500,2,19,NI/86,HG/86
RØ,4500,3,8,KH/86,KK/86
RØ,4500,3,26,KK/86,NI/86
RØ,4500,3,19,NI/86,HG/86
RØ,4504,2,179,HK/86,RO/86
RØ,4504,2,313,RO/86,HTÅ/86
RØ,4504,2,314,HTÅ/86,KH/86
RØ,4504,2,160,KH/86,KK/86
RØ,4504,2,89,KK/86,NI/86
RØ,4504,2,62,NI/86,HG/86
RØ,4504,3,179,HK/86,RO/86
RØ,4504,3,313,RO/86,HTÅ/86
RØ,4504,3,314,HTÅ/86,KH/86
RØ,4504,3,160,KH/86,KK/86
RØ,4504,3,89,KK/86,NI/86
RØ,4504,3,62,NI/86,HG/86
RØ,4508,2,389,HK/86,RO/86
RØ,4508,2,507,RO/86,HTÅ/86
RØ,4508,2,505,HTÅ/86,KH/86
RØ,4508,2,218,KH/86,KK/86
RØ,4508,2,117,KK/86,NI/86
RØ,4508,2,75,NI/86,HG/86
RØ,4508,3,389,HK/86,RO/86
RØ,4508,3,507,RO/86,HTÅ/86
RØ,4508,3,505,HTÅ/86,KH/86
RØ,4508,3,218,KH/86,KK/86
RØ,4508,3,117,KK/86,NI/86
RØ,4508,3,75,NI/86,HG/86
RØ,4512,2,144,HK/86,RO/86
RØ,4512,2,230,RO/86,HTÅ/86
RØ,4512,2,259,HTÅ/86,KH/86
RØ,4512,2,100,KH/86,KK/86
RØ,4512,2,80,KK/86,NI/86
RØ,4512,2,49,NI/86,HG/86
RØ,4512,3,144,HK/86,RO/86
RØ,4512,3,230,RO/86,HTÅ/86
RØ,4512,3,259,HTÅ/86,KH/86
RØ,4512,3,100,KH/86,KK/86
RØ,4512,3,80,KK/86,NI/86
RØ,4512,3,49,NI/86,HG/86
RØ,4516,2,90,HK/86,RO/86
RØ,4516,2,134,RO/86,HTÅ/86
RØ,4516,2,144,HTÅ/86,KH/86
RØ,4516,2,81,KH/86,KK/86
RØ,4516,2,101,KK/86,NI/86
RØ,4516,2,65,NI/86,HG/86
RØ,4516,3,90,HK/86,RO/86
RØ,4516,3,134,RO/86,HTÅ/86
RØ,4516,3,144,HTÅ/86,KH/86
RØ,4516,3,81,KH/86,KK/86
RØ,4516,3,101,KK/86,NI/86
RØ,4516,3,65,NI/86,HG/86
RØ,4520,2,76,HK/86,RO/86
RØ,4520,2,113,RO/86,HTÅ/86
RØ,4520,2,126,HTÅ/86,KH/86
RØ,4520,2,68,KH/86,KK/86
RØ,4520,2,98,KK/86,NI/86
RØ,4520,2,63,NI/86,HG/86
RØ,4520,3,76,HK/86,RO/86
RØ,4520,3,113,RO/86,HTÅ/86
RØ,4520,3,126,HTÅ/86,KH/86
RØ,4520,3,68,KH/86,KK/86
RØ,4520,3,98,KK/86,NI/86
RØ,4520,3,63,NI/86,HG/86
RØ,4521,2,19,KK/86,KH/86
RØ,4521,2,50,KH/86,HTÅ/86
RØ,4521,2,43,HTÅ/86,RO/86
RØ,4521,2,16,RO/86,HK/86
RØ,4521,3,19,KK/86,KH/86
RØ,4521,3,50,KH/86,HTÅ/86
RØ,4521,3,43,HTÅ/86,RO/86
RØ,4521,3,16,RO/86,HK/86
RØ,4524,2,56,HK/86,RO/86
RØ,4524,2,124,RO/86,HTÅ/86
RØ,4524,2,135,HTÅ/86,KH/86
RØ,4524,2,77,KH/86,KK/86
RØ,4524,2,128,KK/86,NI/86
RØ,4524,2,76,NI/86,HG/86
RØ,4524,3,56,HK/86,RO/86
RØ,4524,3,124,RO/86,HTÅ/86
RØ,4524,3,135,HTÅ/86,KH/86
RØ,4524,3,77,KH/86,KK/86
RØ,4524,3,128,KK/86,NI/86
RØ,4524,3,76,NI/86,HG/86
RØ,4525,2,69,HG/86,NI/86
RØ,4525,2,108,NI/86,KK/86
RØ,4525,2,71,KK/86,KH/86
RØ,4525,2,81,KH/86,HTÅ/86
RØ,4525,2,88,HTÅ/86,RO/86
RØ,4525,2,34,RO/86,HK/86
RØ,4525,3,69,HG/86,NI/86
RØ,4525,3,108,NI/86,KK/86
RØ,4525,3,71,KK/86,KH/86
RØ,4525,3,81,KH/86,HTÅ/86
RØ,4525,3,88,HTÅ/86,RO/86
RØ,4525,3,34,RO/86,HK/86
RØ,4528,2,61,HK/86,RO/86
RØ,4528,2,118,RO/86,HTÅ/86
RØ,4528,2,126,HTÅ/86,KH/86
RØ,4528,2,80,KH/86,KK/86
RØ,4528,2,147,KK/86,NI/86
RØ,4528,2,89,NI/86,HG/86
RØ,4528,3,61,HK/86,RO/86
RØ,4528,3,118,RO/86,HTÅ/86
RØ,4528,3,126,HTÅ/86,KH/86
RØ,4528,3,80,KH/86,KK/86
RØ,4528,3,147,KK/86,NI/86
RØ,4528,3,89,NI/86,HG/86
RØ,4529,2,112,HG/86,NI/86
RØ,4529,2,310,NI/86,KK/86
RØ,4529,2,214,KK/86,KH/86
RØ,4529,2,324,KH/86,HTÅ/86
RØ,4529,2,322,HTÅ/86,RO/86
RØ,4529,2,99,RO/86,HK/86
RØ,4529,3,112,HG/86,NI/86
RØ,4529,3,310,NI/86,KK/86
RØ,4529,3,214,KK/86,KH/86
RØ,4529,3,324,KH/86,HTÅ/86
RØ,4529,3,322,HTÅ/86,RO/86
RØ,4529,3,99,RO/86,HK/86
RØ,4532,2,69,HK/86,RO/86
RØ,4532,2,162,RO/86,HTÅ/86
RØ,4532,2,169,HTÅ/86,KH/86
RØ,4532,2,91,KH/86,KK/86
RØ,4532,2,127,KK/86,NI/86
RØ,4532,2,70,NI/86,HG/86
RØ,4532,3,69,HK/86,RO/86
RØ,4532,3,162,RO/86,HTÅ/86
RØ,4532,3,169,HTÅ/86,KH/86
RØ,4532,3,91,KH/86,KK/86
RØ,4532,3,127,KK/86,NI/86
RØ,4532,3,70,NI/86,HG/86
RØ,4533,2,186,HG/86,NI/86
RØ,4533,2,475,NI/86,KK/86
RØ,4533,2,252,KK/86,KH/86
RØ,4533,2,233,KH/86,HTÅ/86
RØ,4533,2,198,HTÅ/86,RO/86
RØ,4533,2,61,RO/86,HK/86
RØ,4533,3,186,HG/86,NI/86
RØ,4533,3,475,NI/86,KK/86
RØ,4533,3,252,KK/86,KH/86
RØ,4533,3,233,KH/86,HTÅ/86
RØ,4533,3,198,HTÅ/86,RO/86
RØ,4533,3,61,RO/86,HK/86
RØ,4536,2,81,HK/86,RO/86
RØ,4536,2,190,RO/86,HTÅ/86
RØ,4536,2,219,HTÅ/86,KH/86
RØ,4536,2,173,KH/86,KK/86
RØ,4536,2,267,KK/86,NI/86
RØ,4536,2,108,NI/86,HG/86
RØ,4536,3,81,HK/86,RO/86
RØ,4536,3,190,RO/86,HTÅ/86
RØ,4536,3,219,HTÅ/86,KH/86
RØ,4536,3,173,KH/86,KK/86
RØ,4536,3,267,KK/86,NI/86
RØ,4536,3,108,NI/86,HG/86
RØ,4537,2,66,HG/86,NI/86
RØ,4537,2,148,NI/86,KK/86
RØ,4537,2,115,KK/86,KH/86
RØ,4537,2,145,KH/86,HTÅ/86
RØ,4537,2,142,HTÅ/86,RO/86
RØ,4537,2,39,RO/86,HK/86
RØ,4537,3,66,HG/86,NI/86
RØ,4537,3,148,NI/86,KK/86
RØ,4537,3,115,KK/86,KH/86
RØ,4537,3,145,KH/86,HTÅ/86
RØ,4537,3,142,HTÅ/86,RO/86
RØ,4537,3,39,RO/86,HK/86
RØ,4540,2,110,HK/86,RO/86
RØ,4540,2,243,RO/86,HTÅ/86
RØ,4540,2,283,HTÅ/86,KH/86
RØ,4540,2,212,KH/86,KK/86
RØ,4540,2,316,KK/86,NI/86
RØ,4540,2,119,NI/86,HG/86
RØ,4540,3,110,HK/86,RO/86
RØ,4540,3,243,RO/86,HTÅ/86
RØ,4540,3,283,HTÅ/86,KH/86
RØ,4540,3,212,KH/86,KK/86
RØ,4540,3,316,KK/86,NI/86
RØ,4540,3,119,NI/86,HG/86
RØ,4541,2,62,HG/86,NI/86
RØ,4541,2,119,NI/86,KK/86
RØ,4541,2,91,KK/86,KH/86
RØ,4541,2,86,KH/86,HTÅ/86
RØ,4541,2,79,HTÅ/86,RO/86
RØ,4541,2,43,RO/86,HK/86
RØ,4541,3,62,HG/86,NI/86
RØ,4541,3,119,NI/86,KK/86
RØ,4541,3,91,KK/86,KH/86
RØ,4541,3,86,KH/86,HTÅ/86
RØ,4541,3,79,HTÅ/86,RO/86
RØ,4541,3,43,RO/86,HK/86
RØ,4544,2,70,HK/86,RO/86
RØ,4544,2,156,RO/86,HTÅ/86
RØ,4544,2,180,HTÅ/86,KH/86
RØ,4544,2,138,KH/86,KK/86
RØ,4544,2,194,KK/86,NI/86
RØ,4544,2,63,NI/86,HG/86
RØ,4544,3,70,HK/86,RO/86
RØ,4544,3,156,RO/86,HTÅ/86
RØ,4544,3,180,HTÅ/86,KH/86
RØ,4544,3,138,KH/86,KK/86
RØ,4544,3,194,KK/86,NI/86
RØ,4544,3,63,NI/86,HG/86
RØ,4545,2,54,HG/86,NI/86
RØ,4545,2,100,NI/86,KK/86
RØ,4545,2,80,KK/86,KH/86
RØ,4545,2,137,KH/86,HTÅ/86
RØ,4545,2,132,HTÅ/86,RO/86
RØ,4545,2,59,RO/86,HK/86
RØ,4545,3,54,HG/86,NI/86
RØ,4545,3,100,NI/86,KK/86
RØ,4545,3,80,KK/86,KH/86
RØ,4545,3,137,KH/86,HTÅ/86
RØ,4545,3,132,HTÅ/86,RO/86
RØ,4545,3,59,RO/86,HK/86
RØ,4548,2,52,HK/86,RO/86
RØ,4548,2,101,RO/86,HTÅ/86
RØ,4548,2,121,HTÅ/86,KH/86
RØ,4548,2,59,KH/86,KK/86
RØ,4548,2,80,KK/86,NI/86
RØ,4548,2,31,NI/86,HG/86
RØ,4548,3,52,HK/86,RO/86
RØ,4548,3,101,RO/86,HTÅ/86
RØ,4548,3,121,HTÅ/86,KH/86
RØ,4548,3,59,KH/86,KK/86
RØ,4548,3,80,KK/86,NI/86
RØ,4548,3,31,NI/86,HG/86
RØ,4549,2,50,HG/86,NI/86
RØ,4549,2,88,NI/86,KK/86
RØ,4549,2,74,KK/86,KH/86
RØ,4549,2,138,KH/86,HTÅ/86
RØ,4549,2,127,HTÅ/86,RO/86
RØ,4549,2,84,RO/86,HK/86
RØ,4549,3,50,HG/86,NI/86
RØ,4549,3,88,NI/86,KK/86
RØ,4549,3,74,KK/86,KH/86
RØ,4549,3,138,KH/86,HTÅ/86
RØ,4549,3,127,HTÅ/86,RO/86
RØ,4549,3,84,RO/86,HK/86
RØ,4552,2,27,HK/86,RO/86
RØ,4552,2,53,RO/86,HTÅ/86
RØ,4552,2,64,HTÅ/86,KH/86
RØ,4552,2,62,KH/86,KK/86
RØ,4552,2,100,KK/86,NI/86
RØ,4552,2,55,NI/86,HG/86
RØ,4552,3,27,HK/86,RO/86
RØ,4552,3,53,RO/86,HTÅ/86
RØ,4552,3,64,HTÅ/86,KH/86
RØ,4552,3,62,KH/86,KK/86
RØ,4552,3,100,KK/86,NI/86
RØ,4552,3,55,NI/86,HG/86
RØ,4553,2,63,HG/86,NI/86
RØ,4553,2,105,NI/86,KK/86
RØ,4553,2,99,KK/86,KH/86
RØ,4553,2,182,KH/86,HTÅ/86
RØ,4553,2,171,HTÅ/86,RO/86
RØ,4553,2,126,RO/86,HK/86
RØ,4553,3,63,HG/86,NI/86
RØ,4553,3,105,NI/86,KK/86
RØ,4553,3,99,KK/86,KH/86
RØ,4553,3,182,KH/86,HTÅ/86
RØ,4553,3,171,HTÅ/86,RO/86
RØ,4553,3,126,RO/86,HK/86
RØ,4556,2,17,HK/86,RO/86
RØ,4556,2,38,RO/86,HTÅ/86
RØ,4556,2,53,HTÅ/86,KH/86
RØ,4556,2,98,KH/86,KK/86
RØ,4556,2,118,KK/86,NI/86
RØ,4556,2,83,NI/86,HG/86
RØ,4556,3,17,HK/86,RO/86
RØ,4556,3,38,RO/86,HTÅ/86
RØ,4556,3,53,HTÅ/86,KH/86
RØ,4556,3,98,KH/86,KK/86
RØ,4556,3,118,KK/86,NI/86
RØ,4556,3,83,NI/86,HG/86
RØ,4557,2,69,HG/86,NI/86
RØ,4557,2,111,NI/86,KK/86
RØ,4557,2,121,KK/86,KH/86
RØ,4557,2,216,KH/86,HTÅ/86
RØ,4557,2,211,HTÅ/86,RO/86
RØ,4557,2,136,RO/86,HK/86
RØ,4557,3,69,HG/86,NI/86
RØ,4557,3,111,NI/86,KK/86
RØ,4557,3,121,KK/86,KH/86
RØ,4557,3,216,KH/86,HTÅ/86
RØ,4557,3,211,HTÅ/86,RO/86
RØ,4557,3,136,RO/86,HK/86
RØ,4560,2,28,HK/86,RO/86
RØ,4560,2,59,RO/86,HTÅ/86
RØ,4560,2,66,HTÅ/86,KH/86
RØ,4560,2,69,KH/86,KK/86
RØ,4560,2,95,KK/86,NI/86
RØ,4560,2,45,NI/86,HG/86
RØ,4560,3,28,HK/86,RO/86
RØ,4560,3,59,RO/86,HTÅ/86
RØ,4560,3,66,HTÅ/86,KH/86
RØ,4560,3,69,KH/86,KK/86
RØ,4560,3,95,KK/86,NI/86
RØ,4560,3,45,NI/86,HG/86
RØ,4561,2,86,HG/86,NI/86
RØ,4561,2,145,NI/86,KK/86
RØ,4561,2,196,KK/86,KH/86
RØ,4561,2,340,KH/86,HTÅ/86
RØ,4561,2,340,HTÅ/86,RO/86
RØ,4561,2,178,RO/86,HK/86
RØ,4561,3,86,HG/86,NI/86
RØ,4561,3,145,NI/86,KK/86
RØ,4561,3,196,KK/86,KH/86
RØ,4561,3,340,KH/86,HTÅ/86
RØ,4561,3,340,HTÅ/86,RO/86
RØ,4561,3,178,RO/86,HK/86
RØ,4565,2,56,HG/86,NI/86
RØ,4565,2,106,NI/86,KK/86
RØ,4565,2,189,KK/86,KH/86
RØ,4565,2,352,KH/86,HTÅ/86
RØ,4565,2,345,HTÅ/86,RO/86
RØ,4565,2,171,RO/86,HK/86
RØ,4565,3,56,HG/86,NI/86
RØ,4565,3,106,NI/86,KK/86
RØ,4565,3,189,KK/86,KH/86
RØ,4565,3,352,KH/86,HTÅ/86
RØ,4565,3,345,HTÅ/86,RO/86
RØ,4565,3,171,RO/86,HK/86
RØ,4569,2,50,HG/86,NI/86
RØ,4569,2,117,NI/86,KK/86
RØ,4569,2,176,KK/86,KH/86
RØ,4569,2,287,KH/86,HTÅ/86
RØ,4569,2,276,HTÅ/86,RO/86
RØ,4569,2,141,RO/86,HK/86
RØ,4569,3,50,HG/86,NI/86
RØ,4569,3,117,NI/86,KK/86
RØ,4569,3,176,KK/86,KH/86
RØ,4569,3,287,KH/86,HTÅ/86
RØ,4569,3,276,HTÅ/86,RO/86
RØ,4569,3,141,RO/86,HK/86
RØ,4573,2,29,HG/86,NI/86
RØ,4573,2,70,NI/86,KK/86
RØ,4573,2,81,KK/86,KH/86
RØ,4573,2,156,KH/86,HTÅ/86
RØ,4573,2,131,HTÅ/86,RO/86
RØ,4573,2,69,RO/86,HK/86
RØ,4573,3,29,HG/86,NI/86
RØ,4573,3,70,NI/86,KK/86
RØ,4573,3,81,KK/86,KH/86
RØ,4573,3,156,KH/86,HTÅ/86
RØ,4573,3,131,HTÅ/86,RO/86
RØ,4573,3,69,RO/86,HK/86
RØ,4577,2,25,HG/86,NI/86
RØ,4577,2,44,NI/86,KK/86
RØ,4577,2,60,KK/86,KH/86
RØ,4577,2,122,KH/86,HTÅ/86
RØ,4577,2,102,HTÅ/86,RO/86
RØ,4577,2,76,RO/86,HK/86
RØ,4577,3,25,HG/86,NI/86
RØ,4577,3,44,NI/86,KK/86
RØ,4577,3,60,KK/86,KH/86
RØ,4577,3,122,KH/86,HTÅ/86
RØ,4577,3,102,HTÅ/86,RO/86
RØ,4577,3,76,RO/86,HK/86
RØ,4581,2,22,HG/86,NI/86
RØ,4581,2,50,NI/86,KK/86
RØ,4581,2,90,KK/86,KH/86
RØ,4581,2,184,KH/86,HTÅ/86
RØ,4581,2,146,HTÅ/86,RO/86
RØ,4581,2,95,RO/86,HK/86
RØ,4581,3,22,HG/86,NI/86
RØ,4581,3,50,NI/86,KK/86
RØ,4581,3,90,KK/86,KH/86
RØ,4581,3,184,KH/86,HTÅ/86
RØ,4581,3,146,HTÅ/86,RO/86
RØ,4581,3,95,RO/86,HK/86
RØ,4585,2,87,HG/86,NI/86
RØ,4585,2,86,NI/86,KK/86
RØ,4585,2,78,KK/86,KH/86
RØ,4585,3,87,HG/86,NI/86
RØ,4585,3,86,NI/86,KK/86
RØ,4585,3,78,KK/86,KH/86
RØ,4589,2,57,HG/86,NI/86
RØ,4589,2,65,NI/86,KK/86
RØ,4589,2,53,KK/86,KH/86
RØ,4589,3,57,HG/86,NI/86
RØ,4589,3,65,NI/86,KK/86
RØ,4589,3,53,KK/86,KH/86
RR,4708,2,9,FA/86,MD/86
RR,4708,2,57,MD/86,OD/86
RR,4708,2,174,MD/86,/86
RR,4708,3,9,FA/86,MD/86
RR,4708,3,57,MD/86,OD/86
RR,4708,3,174,MD/86,/86
RV,4713,2,17,OD/86,MD/86
RV,4713,2,12,MD/86,FA/86
RV,4713,3,17,OD/86,MD/86
RV,4713,3,12,MD/86,FA/86
RR,4714,2,7,FA/86,MD/86
RR,4714,2,70,MD/86,OD/86
RR,4714,2,173,MD/86,/86
RR,4714,3,7,FA/86,MD/86
RR,4714,3,70,MD/86,OD/86
RR,4714,3,173,MD/86,/86
RV,4716,2,15,FA/86,MD/86
RV,4716,2,45,MD/86,OD/86
RV,4716,3,15,FA/86,MD/86
RV,4716,3,45,MD/86,OD/86
RV,4719,2,29,OD/86,MD/86
RV,4719,2,6,MD/86,FA/86
RV,4719,3,29,OD/86,MD/86
RV,4719,3,6,MD/86,FA/86
RV,4721,2,30,OD/86,MD/86
RV,4721,2,4,MD/86,FA/86
RV,4721,3,30,OD/86,MD/86
RV,4721,3,4,MD/86,FA/86
RV,4724,2,10,FA/86,MD/86
RV,4724,2,16,MD/86,OD/86
RV,4724,3,10,FA/86,MD/86
RV,4724,3,16,MD/86,OD/86
RV,4729,2,10,OD/86,MD/86
RV,4729,2,3,MD/86,FA/86
RV,4729,3,10,OD/86,MD/86
RV,4729,3,3,MD/86,FA/86
RV,4732,2,4,FA/86,MD/86
RV,4732,2,8,MD/86,OD/86
RV,4732,3,4,FA/86,MD/86
RV,4732,3,8,MD/86,OD/86
RV,4737,2,15,OD/86,MD/86
RV,4737,2,4,MD/86,FA/86
RV,4737,3,15,OD/86,MD/86
RV,4737,3,4,MD/86,FA/86
RV,4740,2,8,FA/86,MD/86
RV,4740,2,37,MD/86,OD/86
RV,4740,3,8,FA/86,MD/86
RV,4740,3,37,MD/86,OD/86
RV,4745,2,28,OD/86,MD/86
RV,4745,2,10,MD/86,FA/86
RV,4745,3,28,OD/86,MD/86
RV,4745,3,10,MD/86,FA/86
RV,4748,2,21,FA/86,MD/86
RV,4748,2,31,MD/86,OD/86
RV,4748,3,21,FA/86,MD/86
RV,4748,3,31,MD/86,OD/86
RV,4753,2,72,OD/86,MD/86
RV,4753,2,9,MD/86,FA/86
RV,4753,3,72,OD/86,MD/86
RV,4753,3,9,MD/86,FA/86
RV,4756,2,26,FA/86,MD/86
RV,4756,2,31,MD/86,OD/86
RV,4756,3,26,FA/86,MD/86
RV,4756,3,31,MD/86,OD/86
RV,4761,2,24,OD/86,MD/86
RV,4761,2,3,MD/86,FA/86
RV,4761,3,24,OD/86,MD/86
RV,4761,3,3,MD/86,FA/86
RV,4764,2,5,FA/86,MD/86
RV,4764,2,14,MD/86,OD/86
RV,4764,3,5,FA/86,MD/86
RV,4764,3,14,MD/86,OD/86
RV,4769,2,40,OD/86,MD/86
RV,4769,2,19,MD/86,FA/86
RV,4769,3,40,OD/86,MD/86
RV,4769,3,19,MD/86,FA/86
RV,4772,2,4,FA/86,MD/86
RV,4772,2,9,MD/86,OD/86
RV,4772,3,4,FA/86,MD/86
RV,4772,3,9,MD/86,OD/86
RØ,4804,2,18,NF/86,VO/86
RØ,4804,2,18,VO/86,NÆ/86
RØ,4804,3,18,NF/86,VO/86
RØ,4804,3,18,VO/86,NÆ/86
RØ,4808,2,16,NF/86,VO/86
RØ,4808,2,13,VO/86,NÆ/86
RØ,4808,3,16,NF/86,VO/86
RØ,4808,3,13,VO/86,NÆ/86
RØ,4812,2,28,NF/86,VO/86
RØ,4812,2,29,VO/86,NÆ/86
RØ,4812,3,28,NF/86,VO/86
RØ,4812,3,29,VO/86,NÆ/86
RØ,4816,2,21,NF/86,VO/86
RØ,4816,2,25,VO/86,NÆ/86
RØ,4816,3,21,NF/86,VO/86
RØ,4816,3,25,VO/86,NÆ/86
RØ,4817,2,29,NÆ/86,VO/86
RØ,4817,2,41,VO/86,NF/86
RØ,4817,3,29,NÆ/86,VO/86
RØ,4817,3,41,VO/86,NF/86
RØ,4820,2,16,NF/86,VO/86
RØ,4820,2,19,VO/86,NÆ/86
RØ,4820,3,16,NF/86,VO/86
RØ,4820,3,19,VO/86,NÆ/86
RØ,4821,2,31,NÆ/86,VO/86
RØ,4821,2,32,VO/86,NF/86
RØ,4821,3,31,NÆ/86,VO/86
RØ,4821,3,32,VO/86,NF/86
RØ,4824,2,12,NF/86,VO/86
RØ,4824,2,15,VO/86,NÆ/86
RØ,4824,3,12,NF/86,VO/86
RØ,4824,3,15,VO/86,NÆ/86
RØ,4825,2,36,NÆ/86,VO/86
RØ,4825,2,21,VO/86,NF/86
RØ,4825,3,36,NÆ/86,VO/86
RØ,4825,3,21,VO/86,NF/86
RØ,4828,2,14,NF/86,VO/86
RØ,4828,2,14,VO/86,NÆ/86
RØ,4828,3,14,NF/86,VO/86
RØ,4828,3,14,VO/86,NÆ/86
RØ,4829,2,33,NÆ/86,VO/86
RØ,4829,2,31,VO/86,NF/86
RØ,4829,3,33,NÆ/86,VO/86
RØ,4829,3,31,VO/86,NF/86
RØ,4832,2,19,NF/86,VO/86
RØ,4832,2,23,VO/86,NÆ/86
RØ,4832,3,19,NF/86,VO/86
RØ,4832,3,23,VO/86,NÆ/86
RØ,4833,2,15,NÆ/86,VO/86
RØ,4833,2,14,VO/86,NF/86
RØ,4833,3,15,NÆ/86,VO/86
RØ,4833,3,14,VO/86,NF/86
RØ,4836,2,27,NF/86,VO/86
RØ,4836,2,29,VO/86,NÆ/86
RØ,4836,3,27,NF/86,VO/86
RØ,4836,3,29,VO/86,NÆ/86
RØ,4837,2,11,NÆ/86,VO/86
RØ,4837,2,15,VO/86,NF/86
RØ,4837,3,11,NÆ/86,VO/86
RØ,4837,3,15,VO/86,NF/86
RØ,4840,2,37,NF/86,VO/86
RØ,4840,2,42,VO/86,NÆ/86
RØ,4840,3,37,NF/86,VO/86
RØ,4840,3,42,VO/86,NÆ/86
RØ,4841,2,18,NÆ/86,VO/86
RØ,4841,2,17,VO/86,NF/86
RØ,4841,3,18,NÆ/86,VO/86
RØ,4841,3,17,VO/86,NF/86
RØ,4844,2,41,NF/86,VO/86
RØ,4844,2,53,VO/86,NÆ/86
RØ,4844,3,41,NF/86,VO/86
RØ,4844,3,53,VO/86,NÆ/86
RØ,4845,2,19,NÆ/86,VO/86
RØ,4845,2,22,VO/86,NF/86
RØ,4845,3,19,NÆ/86,VO/86
RØ,4845,3,22,VO/86,NF/86
RØ,4848,2,34,NF/86,VO/86
RØ,4848,2,34,VO/86,NÆ/86
RØ,4848,3,34,NF/86,VO/86
RØ,4848,3,34,VO/86,NÆ/86
RØ,4849,2,36,NÆ/86,VO/86
RØ,4849,2,38,VO/86,NF/86
RØ,4849,3,36,NÆ/86,VO/86
RØ,4849,3,38,VO/86,NF/86
RØ,4852,2,21,NF/86,VO/86
RØ,4852,2,19,VO/86,NÆ/86
RØ,4852,3,21,NF/86,VO/86
RØ,4852,3,19,VO/86,NÆ/86
RØ,4853,2,53,NÆ/86,VO/86
RØ,4853,2,42,VO/86,NF/86
RØ,4853,3,53,NÆ/86,VO/86
RØ,4853,3,42,VO/86,NF/86
RØ,4856,2,13,NF/86,VO/86
RØ,4856,2,8,VO/86,NÆ/86
RØ,4856,3,13,NF/86,VO/86
RØ,4856,3,8,VO/86,NÆ/86
RØ,4857,2,48,NÆ/86,VO/86
RØ,4857,2,30,VO/86,NF/86
RØ,4857,3,48,NÆ/86,VO/86
RØ,4857,3,30,VO/86,NF/86
RØ,4860,2,9,NF/86,VO/86
RØ,4860,2,8,VO/86,NÆ/86
RØ,4860,3,9,NF/86,VO/86
RØ,4860,3,8,VO/86,NÆ/86
RØ,4861,2,25,NÆ/86,VO/86
RØ,4861,2,17,VO/86,NF/86
RØ,4861,3,25,NÆ/86,VO/86
RØ,4861,3,17,VO/86,NF/86
RØ,4865,2,20,NÆ/86,VO/86
RØ,4865,2,13,VO/86,NF/86
RØ,4865,3,20,NÆ/86,VO/86
RØ,4865,3,13,VO/86,NF/86
RØ,4869,2,24,NÆ/86,VO/86
RØ,4869,2,15,VO/86,NF/86
RØ,4869,3,24,NÆ/86,VO/86
RØ,4869,3,15,VO/86,NF/86
RØ,4873,2,20,NÆ/86,VO/86
RØ,4873,2,29,VO/86,NF/86
RØ,4873,3,20,NÆ/86,VO/86
RØ,4873,3,29,VO/86,NF/86
RØ,4895,2,52,KH/86,HTÅ/86
RØ,4895,2,50,HTÅ/86,RO/86
RØ,4895,2,28,RO/86,RG/86
RØ,4895,2,21,RG/86,NÆ/86
RØ,4895,2,19,NÆ/86,VO/86
RØ,4895,2,11,VO/86,NF/86
RØ,4895,3,52,KH/86,HTÅ/86
RØ,4895,3,50,HTÅ/86,RO/86
RØ,4895,3,28,RO/86,RG/86
RØ,4895,3,21,RG/86,NÆ/86
RØ,4895,3,19,NÆ/86,VO/86
RØ,4895,3,11,VO/86,NF/86
IC,5750,2,5,FLB-D/86,PA/86
IC,5750,2,14,PA/86,TE/86
IC,5750,2,27,TE/86,LK/86
IC,5750,2,28,LK/86,KD/86
IC,5750,2,31,KD/86,TL/86
IC,5750,2,31,TL/86,FA/86
IC,5750,3,5,FLB-D/86,PA/86
IC,5750,3,14,PA/86,TE/86
IC,5750,3,27,TE/86,LK/86
IC,5750,3,28,LK/86,KD/86
IC,5750,3,31,KD/86,TL/86
IC,5750,3,31,TL/86,FA/86
IC,5751,2,9,FA/86,TL/86
IC,5751,2,9,TL/86,KD/86
IC,5751,2,8,KD/86,LK/86
IC,5751,2,5,LK/86,TE/86
IC,5751,2,5,TE/86,PA/86
IC,5751,2,4,PA/86,FLB-D/86
IC,5751,3,9,FA/86,TL/86
IC,5751,3,9,TL/86,KD/86
IC,5751,3,8,KD/86,LK/86
IC,5751,3,5,LK/86,TE/86
IC,5751,3,5,TE/86,PA/86
IC,5751,3,4,PA/86,FLB-D/86
IC,5752,2,6,FLB-D/86,PA/86
IC,5752,2,9,PA/86,TE/86
IC,5752,2,28,TE/86,LK/86
IC,5752,2,30,LK/86,KD/86
IC,5752,2,18,KD/86,TL/86
IC,5752,2,18,TL/86,FA/86
IC,5752,3,6,FLB-D/86,PA/86
IC,5752,3,9,PA/86,TE/86
IC,5752,3,28,TE/86,LK/86
IC,5752,3,30,LK/86,KD/86
IC,5752,3,18,KD/86,TL/86
IC,5752,3,18,TL/86,FA/86
IC,5753,2,17,FA/86,TL/86
IC,5753,2,17,TL/86,KD/86
IC,5753,2,12,KD/86,LK/86
IC,5753,2,14,LK/86,TE/86
IC,5753,2,13,TE/86,PA/86
IC,5753,2,3,PA/86,FLB-D/86
IC,5753,3,17,FA/86,TL/86
IC,5753,3,17,TL/86,KD/86
IC,5753,3,12,KD/86,LK/86
IC,5753,3,14,LK/86,TE/86
IC,5753,3,13,TE/86,PA/86
IC,5753,3,3,PA/86,FLB-D/86
IC,5754,2,3,FLB-D/86,PA/86
IC,5754,2,5,PA/86,TE/86
IC,5754,2,16,TE/86,LK/86
IC,5754,2,16,LK/86,KD/86
IC,5754,2,16,KD/86,TL/86
IC,5754,2,16,TL/86,FA/86
IC,5754,3,3,FLB-D/86,PA/86
IC,5754,3,5,PA/86,TE/86
IC,5754,3,16,TE/86,LK/86
IC,5754,3,16,LK/86,KD/86
IC,5754,3,16,KD/86,TL/86
IC,5754,3,16,TL/86,FA/86
IC,5755,2,65,FA/86,TL/86
IC,5755,2,65,TL/86,KD/86
IC,5755,2,27,KD/86,LK/86
IC,5755,2,29,LK/86,TE/86
IC,5755,2,7,TE/86,PA/86
IC,5755,2,5,PA/86,FLB-D/86
IC,5755,3,65,FA/86,TL/86
IC,5755,3,65,TL/86,KD/86
IC,5755,3,27,KD/86,LK/86
IC,5755,3,29,LK/86,TE/86
IC,5755,3,7,TE/86,PA/86
IC,5755,3,5,PA/86,FLB-D/86
IC,5756,2,5,FLB-D/86,PA/86
IC,5756,2,8,PA/86,TE/86
IC,5756,2,18,TE/86,LK/86
IC,5756,2,18,LK/86,KD/86
IC,5756,2,38,KD/86,TL/86
IC,5756,2,38,TL/86,FA/86
IC,5756,3,5,FLB-D/86,PA/86
IC,5756,3,8,PA/86,TE/86
IC,5756,3,18,TE/86,LK/86
IC,5756,3,18,LK/86,KD/86
IC,5756,3,38,KD/86,TL/86
IC,5756,3,38,TL/86,FA/86
IC,5757,2,15,FA/86,TL/86
IC,5757,2,15,TL/86,KD/86
IC,5757,2,15,KD/86,LK/86
IC,5757,2,17,LK/86,TE/86
IC,5757,2,11,TE/86,PA/86
IC,5757,2,8,PA/86,FLB-D/86
IC,5757,3,15,FA/86,TL/86
IC,5757,3,15,TL/86,KD/86
IC,5757,3,15,KD/86,LK/86
IC,5757,3,17,LK/86,TE/86
IC,5757,3,11,TE/86,PA/86
IC,5757,3,8,PA/86,FLB-D/86
IC,5758,2,5,FLB-D/86,PA/86
IC,5758,2,12,PA/86,TE/86
IC,5758,2,20,TE/86,LK/86
IC,5758,2,20,LK/86,KD/86
IC,5758,2,37,KD/86,TL/86
IC,5758,2,37,TL/86,FA/86
IC,5758,3,5,FLB-D/86,PA/86
IC,5758,3,12,PA/86,TE/86
IC,5758,3,20,TE/86,LK/86
IC,5758,3,20,LK/86,KD/86
IC,5758,3,37,KD/86,TL/86
IC,5758,3,37,TL/86,FA/86
IC,5759,2,30,FA/86,TL/86
IC,5759,2,30,TL/86,KD/86
IC,5759,2,23,KD/86,LK/86
IC,5759,2,22,LK/86,TE/86
IC,5759,2,13,TE/86,PA/86
IC,5759,2,9,PA/86,FLB-D/86
IC,5759,3,30,FA/86,TL/86
IC,5759,3,30,TL/86,KD/86
IC,5759,3,23,KD/86,LK/86
IC,5759,3,22,LK/86,TE/86
IC,5759,3,13,TE/86,PA/86
IC,5759,3,9,PA/86,FLB-D/86
IC,5760,2,4,FLB-D/86,PA/86
IC,5760,2,8,PA/86,TE/86
IC,5760,2,16,TE/86,LK/86
IC,5760,2,14,LK/86,KD/86
IC,5760,2,21,KD/86,TL/86
IC,5760,2,21,TL/86,FA/86
IC,5760,3,4,FLB-D/86,PA/86
IC,5760,3,8,PA/86,TE/86
IC,5760,3,16,TE/86,LK/86
IC,5760,3,14,LK/86,KD/86
IC,5760,3,21,KD/86,TL/86
IC,5760,3,21,TL/86,FA/86
IC,5761,2,27,FA/86,TL/86
IC,5761,2,27,TL/86,KD/86
IC,5761,2,49,KD/86,LK/86
IC,5761,2,46,LK/86,TE/86
IC,5761,2,22,TE/86,PA/86
IC,5761,2,17,PA/86,FLB-D/86
IC,5761,3,27,FA/86,TL/86
IC,5761,3,27,TL/86,KD/86
IC,5761,3,49,KD/86,LK/86
IC,5761,3,46,LK/86,TE/86
IC,5761,3,22,TE/86,PA/86
IC,5761,3,17,PA/86,FLB-D/86
IC,5762,2,6,FLB-D/86,PA/86
IC,5762,2,7,PA/86,TE/86
IC,5762,2,15,TE/86,LK/86
IC,5762,2,13,LK/86,KD/86
IC,5762,2,11,KD/86,TL/86
IC,5762,2,11,TL/86,FA/86
IC,5762,3,6,FLB-D/86,PA/86
IC,5762,3,7,PA/86,TE/86
IC,5762,3,15,TE/86,LK/86
IC,5762,3,13,LK/86,KD/86
IC,5762,3,11,KD/86,TL/86
IC,5762,3,11,TL/86,FA/86
IC,5763,2,74,FA/86,TL/86
IC,5763,2,74,TL/86,KD/86
IC,5763,2,45,KD/86,LK/86
IC,5763,2,44,LK/86,TE/86
IC,5763,2,12,TE/86,PA/86
IC,5763,2,8,PA/86,FLB-D/86
IC,5763,3,74,FA/86,TL/86
IC,5763,3,74,TL/86,KD/86
IC,5763,3,45,KD/86,LK/86
IC,5763,3,44,LK/86,TE/86
IC,5763,3,12,TE/86,PA/86
IC,5763,3,8,PA/86,FLB-D/86
IC,5764,2,17,FLB-D/86,PA/86
IC,5764,2,17,PA/86,TE/86
IC,5764,2,34,TE/86,LK/86
IC,5764,2,32,LK/86,KD/86
IC,5764,2,21,KD/86,TL/86
IC,5764,2,21,TL/86,FA/86
IC,5764,3,17,FLB-D/86,PA/86
IC,5764,3,17,PA/86,TE/86
IC,5764,3,34,TE/86,LK/86
IC,5764,3,32,LK/86,KD/86
IC,5764,3,21,KD/86,TL/86
IC,5764,3,21,TL/86,FA/86
IC,5765,2,38,FA/86,TL/86
IC,5765,2,38,TL/86,KD/86
IC,5765,2,33,KD/86,LK/86
IC,5765,2,33,LK/86,TE/86
IC,5765,2,12,TE/86,PA/86
IC,5765,2,14,PA/86,FLB-D/86
IC,5765,3,38,FA/86,TL/86
IC,5765,3,38,TL/86,KD/86
IC,5765,3,33,KD/86,LK/86
IC,5765,3,33,LK/86,TE/86
IC,5765,3,12,TE/86,PA/86
IC,5765,3,14,PA/86,FLB-D/86
IC,5766,2,2,FLB-D/86,PA/86
IC,5766,2,2,PA/86,TE/86
IC,5766,2,5,TE/86,LK/86
IC,5766,2,4,LK/86,KD/86
IC,5766,2,4,KD/86,TL/86
IC,5766,2,4,TL/86,FA/86
IC,5766,3,2,FLB-D/86,PA/86
IC,5766,3,2,PA/86,TE/86
IC,5766,3,5,TE/86,LK/86
IC,5766,3,4,LK/86,KD/86
IC,5766,3,4,KD/86,TL/86
IC,5766,3,4,TL/86,FA/86
IC,5767,2,42,FA/86,TL/86
IC,5767,2,42,TL/86,KD/86
IC,5767,2,46,KD/86,LK/86
IC,5767,2,35,LK/86,TE/86
IC,5767,2,20,TE/86,PA/86
IC,5767,2,17,PA/86,FLB-D/86
IC,5767,3,42,FA/86,TL/86
IC,5767,3,42,TL/86,KD/86
IC,5767,3,46,KD/86,LK/86
IC,5767,3,35,LK/86,TE/86
IC,5767,3,20,TE/86,PA/86
IC,5767,3,17,PA/86,FLB-D/86
IC,80108,2,12,FA/86,MD/86
IC,80108,2,34,MD/86,OD/86
IC,80108,2,137,OD/86,NG/86
IC,80108,2,160,NG/86,KØ/86
IC,80108,2,192,KØ/86,SG/86
IC,80108,2,359,SG/86,RG/86
IC,80108,2,437,RG/86,RO/86
IC,80108,2,445,RO/86,HTÅ/86
IC,80108,2,302,HTÅ/86,KH/86
IC,80108,2,46,KH/86,KK/86
IC,80108,3,12,FA/86,MD/86
IC,80108,3,34,MD/86,OD/86
IC,80108,3,137,OD/86,NG/86
IC,80108,3,160,NG/86,KØ/86
IC,80108,3,192,KØ/86,SG/86
IC,80108,3,359,SG/86,RG/86
IC,80108,3,437,RG/86,RO/86
IC,80108,3,445,RO/86,HTÅ/86
IC,80108,3,302,HTÅ/86,KH/86
IC,80108,3,46,KH/86,KK/86
IC,80169,2,26,KK/86,KH/86
IC,80169,2,184,KH/86,HTÅ/86
IC,80169,2,194,HTÅ/86,RO/86
IC,80169,2,164,RO/86,RG/86
IC,80169,2,146,RG/86,SG/86
IC,80169,2,103,SG/86,KØ/86
IC,80169,2,95,KØ/86,NG/86
IC,80169,2,73,NG/86,OD/86
IC,80169,2,47,OD/86,MD/86
IC,80169,2,41,MD/86,FA/86
IC,80169,3,26,KK/86,KH/86
IC,80169,3,184,KH/86,HTÅ/86
IC,80169,3,194,HTÅ/86,RO/86
IC,80169,3,164,RO/86,RG/86
IC,80169,3,146,RG/86,SG/86
IC,80169,3,103,SG/86,KØ/86
IC,80169,3,95,KØ/86,NG/86
IC,80169,3,73,NG/86,OD/86
IC,80169,3,47,OD/86,MD/86
IC,80169,3,41,MD/86,FA/86
