TrainCategory,TrainId,Station,Arrival,Departure,Type
EX,1199,KH/86,00:00:00,18:22:00,stop
EX,1199,GB/86,18:25:00,18:25:00,stop
EX,1199,NEL/86,18:26:00,18:26:00,pass
EX,1199,IG/86,18:26:20,18:26:20,pass
EX,1199,AVH/86,18:28:00,18:28:00,pass
EX,1199,KIB/86,18:34:00,18:34:00,pass
EX,1199,JSF/86,18:38:00,18:38:00,pass
EX,1199,KJN/86,18:39:00,18:39:00,pass
EX,1199,LEL/86,18:40:00,18:40:00,pass
EX,1199,BJS/86,18:42:00,18:42:00,pass
EX,1199,ADA/86,18:46:00,18:46:00,pass
EX,1199,RG/86,18:50:00,18:52:00,stop
EX,1199,FJ/86,18:56:00,18:56:00,stop
EX,1199,SO/86,18:58:00,18:58:00,pass
EX,1199,SG/86,19:04:00,19:04:00,pass
EX,1199,FO/86,19:07:00,19:07:00,pass
EX,1199,KØ/86,19:10:00,19:10:00,pass
EX,1199,SPR/86,19:16:00,19:16:00,pass
EX,1199,NG/86,19:21:00,19:21:00,pass
EX,1199,JU/86,19:23:00,19:23:00,pass
EX,1199,UV/86,19:25:00,19:25:00,pass
EX,1199,LV/86,19:27:00,19:27:00,pass
EX,1199,MV/86,19:28:00,19:28:00,pass
EX,1199,OD/86,19:33:00,19:36:00,stop
EX,1199,HP/86,19:41:00,19:41:00,stop
EX,1199,TP/86,19:44:00,19:44:00,pass
EX,1199,SC/86,19:45:00,19:45:00,pass
EX,1199,BD/86,19:46:00,19:46:00,pass
EX,1199,AP/86,19:48:00,19:48:00,pass
EX,1199,GD/86,19:50:00,19:50:00,pass
EX,1199,EB/86,19:52:00,19:52:00,pass
EX,1199,NA/86,19:54:00,19:54:00,pass
EX,1199,KA/86,19:56:00,19:56:00,pass
EX,1199,MD/86,20:00:00,20:00:00,pass
EX,1199,SNO/86,20:03:00,20:03:00,pass
EX,1199,TL/86,20:06:00,20:06:00,pass
EX,1199,KD/86,20:12:00,20:15:00,stop
EX,1199,LK/86,20:22:00,20:22:00,stop
EX,1199,VM/86,20:24:00,20:24:00,pass
EX,1199,FZ/86,20:27:00,20:27:00,pass
EX,1199,SST/86,20:30:00,20:30:00,pass
EX,1199,OJ/86,20:33:00,20:33:00,pass
EX,1199,RQ/86,20:41:00,20:41:00,pass
EX,1199,TE/86,20:48:00,20:48:00,pass
EX,1199,VK/86,20:52:00,20:52:00,pass
EX,1199,PA/86,20:57:00,21:02:00,stop
EX,1199,PAGR/86,21:03:00,21:03:00,stop
EX,1199,AHAL/80,21:10:00,21:10:00,pass
EX,1199,AFW/80,21:20:00,21:20:00,pass
EX,1199,ASW/80,21:28:00,21:30:00,stop
EX,1199,AR/80,22:00:00,22:00:00,stop
EX,1199,NEU/80,22:20:00,22:20:00,pass
EX,1199,AEL/80,22:40:00,22:40:00,pass
EX,1199,AE_F/80,22:45:00,22:45:00,pass
EX,1199,ALA/80,22:50:00,22:50:00,pass
EX,1199,ADF/80,22:56:00,22:56:00,pass
EX,1199,HMB/80,23:04:00,00:00:00,stop
EX,1198,HMB/80,00:00:00,06:50:00,stop
EX,1198,ADF/80,06:57:00,06:57:00,stop
EX,1198,ALA/80,07:05:00,07:05:00,pass
EX,1198,AE_F/80,07:10:00,07:10:00,pass
EX,1198,AEL/80,07:28:00,07:28:00,pass
EX,1198,NEU/80,07:35:00,07:35:00,pass
EX,1198,AR/80,08:00:00,08:00:00,pass
EX,1198,ASW/80,08:24:00,08:26:00,stop
EX,1198,AFW/80,08:40:00,08:40:00,stop
EX,1198,AHAL/80,08:46:00,08:46:00,pass
EX,1198,PAGR/86,08:51:00,08:51:00,pass
EX,1198,PA/86,08:54:00,09:03:00,stop
EX,1198,VK/86,09:07:00,09:07:00,stop
EX,1198,TE/86,09:11:00,09:11:00,pass
EX,1198,RQ/86,09:18:00,09:18:00,pass
EX,1198,OJ/86,09:26:00,09:26:00,pass
EX,1198,SST/86,09:30:00,09:30:00,pass
EX,1198,FZ/86,09:33:00,09:33:00,pass
EX,1198,VM/86,09:35:00,09:35:00,pass
EX,1198,LK/86,09:37:00,09:37:00,pass
EX,1198,KD/86,09:44:00,09:46:00,stop
EX,1198,TL/86,09:52:00,09:52:00,stop
EX,1198,SNO/86,09:56:00,09:56:00,pass
EX,1198,MD/86,10:00:00,10:00:00,pass
EX,1198,KA/86,10:03:00,10:03:00,pass
EX,1198,NA/86,10:05:00,10:05:00,pass
EX,1198,EB/86,10:07:00,10:07:00,pass
EX,1198,GD/86,10:08:00,10:08:00,pass
EX,1198,AP/86,10:11:00,10:11:00,pass
EX,1198,BD/86,10:13:00,10:13:00,pass
EX,1198,SC/86,10:14:00,10:14:00,pass
EX,1198,TP/86,10:15:00,10:15:00,pass
EX,1198,HP/86,10:18:00,10:18:00,pass
EX,1198,OD/86,10:24:00,10:27:00,stop
EX,1198,MV/86,10:31:00,10:31:00,stop
EX,1198,LV/86,10:33:00,10:33:00,pass
EX,1198,UV/86,10:35:00,10:35:00,pass
EX,1198,JU/86,10:37:00,10:37:00,pass
EX,1198,NG/86,10:39:00,10:39:00,pass
EX,1198,SPR/86,10:43:00,10:43:00,pass
EX,1198,KØ/86,10:48:00,10:48:00,pass
EX,1198,FO/86,10:51:00,10:51:00,pass
EX,1198,SG/86,10:54:00,10:54:00,pass
EX,1198,SO/86,11:00:00,11:00:00,pass
EX,1198,FJ/86,11:03:00,11:03:00,pass
EX,1198,RG/86,11:07:00,11:09:00,stop
EX,1198,ADA/86,11:13:00,11:13:00,stop
EX,1198,BJS/86,11:16:00,11:16:00,pass
EX,1198,LEL/86,11:18:00,11:18:00,pass
EX,1198,KJN/86,11:20:00,11:20:00,pass
EX,1198,JSF/86,11:20:20,11:20:20,pass
EX,1198,KIB/86,11:25:00,11:25:00,pass
EX,1198,AVH/86,11:29:00,11:29:00,pass
EX,1198,IG/86,11:32:00,11:32:00,pass
EX,1198,NEL/86,11:32:20,11:32:20,pass
EX,1198,GB/86,11:33:00,11:33:00,pass
EX,1198,KH/86,11:38:00,00:00:00,stop
EX,1191,KH/86,00:00:00,05:22:00,stop
EX,1191,GB/86,05:25:00,05:25:00,stop
EX,1191,NEL/86,05:26:00,05:26:00,pass
EX,1191,IG/86,05:26:20,05:26:20,pass
EX,1191,AVH/86,05:28:00,05:28:00,pass
EX,1191,KIB/86,05:34:00,05:34:00,pass
EX,1191,JSF/86,05:38:00,05:38:00,pass
EX,1191,KJN/86,05:39:00,05:39:00,pass
EX,1191,LEL/86,05:40:00,05:40:00,pass
EX,1191,BJS/86,05:42:00,05:42:00,pass
EX,1191,ADA/86,05:46:00,05:46:00,pass
EX,1191,RG/86,05:50:00,05:52:00,stop
EX,1191,FJ/86,05:56:00,05:56:00,stop
EX,1191,SO/86,05:58:00,05:58:00,pass
EX,1191,SG/86,06:04:00,06:04:00,pass
EX,1191,FO/86,06:07:00,06:07:00,pass
EX,1191,KØ/86,06:10:00,06:10:00,pass
EX,1191,SPR/86,06:15:00,06:15:00,pass
EX,1191,NG/86,06:20:00,06:20:00,pass
EX,1191,JU/86,06:21:00,06:21:00,pass
EX,1191,UV/86,06:23:00,06:23:00,pass
EX,1191,LV/86,06:25:00,06:25:00,pass
EX,1191,MV/86,06:27:00,06:27:00,pass
EX,1191,OD/86,06:33:00,06:36:00,stop
EX,1191,HP/86,06:41:00,06:41:00,stop
EX,1191,TP/86,06:44:00,06:44:00,pass
EX,1191,SC/86,06:45:00,06:45:00,pass
EX,1191,BD/86,06:46:00,06:46:00,pass
EX,1191,AP/86,06:48:00,06:48:00,pass
EX,1191,GD/86,06:50:00,06:50:00,pass
EX,1191,EB/86,06:52:00,06:52:00,pass
EX,1191,NA/86,06:54:00,06:54:00,pass
EX,1191,KA/86,06:56:00,06:56:00,pass
EX,1191,MD/86,07:00:00,07:00:00,pass
EX,1191,SNO/86,07:03:00,07:03:00,pass
EX,1191,TL/86,07:06:00,07:06:00,pass
EX,1191,KD/86,07:12:00,07:15:00,stop
EX,1191,LK/86,07:22:00,07:22:00,stop
EX,1191,VM/86,07:24:00,07:24:00,pass
EX,1191,FZ/86,07:27:00,07:27:00,pass
EX,1191,SST/86,07:30:00,07:30:00,pass
EX,1191,OJ/86,07:33:00,07:33:00,pass
EX,1191,RQ/86,07:41:00,07:41:00,pass
EX,1191,TE/86,07:48:00,07:48:00,pass
EX,1191,VK/86,07:52:00,07:52:00,pass
EX,1191,PA/86,07:57:00,08:02:00,stop
EX,1191,PAGR/86,08:03:00,08:03:00,stop
EX,1191,AHAL/80,08:10:00,08:10:00,pass
EX,1191,AFW/80,08:20:00,08:20:00,pass
EX,1191,ASW/80,08:28:00,08:30:00,stop
EX,1191,AR/80,09:00:00,09:00:00,stop
EX,1191,NEU/80,09:20:00,09:20:00,pass
EX,1191,AEL/80,09:40:00,09:40:00,pass
EX,1191,AE_F/80,09:45:00,09:45:00,pass
EX,1191,ALA/80,09:50:00,09:50:00,pass
EX,1191,ADF/80,09:56:00,09:56:00,pass
EX,1191,HMB/80,10:04:00,00:00:00,stop
EX,1196,HMB/80,00:00:00,11:52:00,stop
EX,1196,ADF/80,11:57:00,11:57:00,stop
EX,1196,ALA/80,12:05:00,12:05:00,pass
EX,1196,AE_F/80,12:10:00,12:10:00,pass
EX,1196,AEL/80,12:28:00,12:28:00,pass
EX,1196,NEU/80,12:35:00,12:35:00,pass
EX,1196,AR/80,13:00:00,13:00:00,pass
EX,1196,ASW/80,13:25:00,13:27:00,stop
EX,1196,AFW/80,13:40:00,13:40:00,stop
EX,1196,AHAL/80,13:46:00,13:46:00,pass
EX,1196,PAGR/86,13:51:00,13:51:00,pass
EX,1196,PA/86,13:53:00,14:03:00,stop
EX,1196,VK/86,14:07:00,14:07:00,stop
EX,1196,TE/86,14:11:00,14:11:00,pass
EX,1196,RQ/86,14:18:00,14:18:00,pass
EX,1196,OJ/86,14:26:00,14:26:00,pass
EX,1196,SST/86,14:30:00,14:30:00,pass
EX,1196,FZ/86,14:33:00,14:33:00,pass
EX,1196,VM/86,14:35:00,14:35:00,pass
EX,1196,LK/86,14:37:00,14:37:00,pass
EX,1196,KD/86,14:44:00,14:46:00,stop
EX,1196,TL/86,14:52:00,14:52:00,stop
EX,1196,SNO/86,14:56:00,14:56:00,pass
EX,1196,MD/86,15:00:00,15:00:00,pass
EX,1196,KA/86,15:03:00,15:03:00,pass
EX,1196,NA/86,15:05:00,15:05:00,pass
EX,1196,EB/86,15:07:00,15:07:00,pass
EX,1196,GD/86,15:08:00,15:08:00,pass
EX,1196,AP/86,15:11:00,15:11:00,pass
EX,1196,BD/86,15:13:00,15:13:00,pass
EX,1196,SC/86,15:14:00,15:14:00,pass
EX,1196,TP/86,15:15:00,15:15:00,pass
EX,1196,HP/86,15:18:00,15:18:00,pass
EX,1196,OD/86,15:24:00,15:27:00,stop
EX,1196,MV/86,15:31:00,15:31:00,stop
EX,1196,LV/86,15:33:00,15:33:00,pass
EX,1196,UV/86,15:35:00,15:35:00,pass
EX,1196,JU/86,15:37:00,15:37:00,pass
EX,1196,NG/86,15:39:00,15:39:00,pass
EX,1196,SPR/86,15:43:00,15:43:00,pass
EX,1196,KØ/86,15:48:00,15:48:00,pass
EX,1196,FO/86,15:51:00,15:51:00,pass
EX,1196,SG/86,15:54:00,15:54:00,pass
EX,1196,SO/86,16:00:00,16:00:00,pass
EX,1196,FJ/86,16:03:00,16:03:00,pass
EX,1196,RG/86,16:07:00,16:09:00,stop
EX,1196,ADA/86,16:13:00,16:13:00,stop
EX,1196,BJS/86,16:16:00,16:16:00,pass
EX,1196,LEL/86,16:18:00,16:18:00,pass
EX,1196,KJN/86,16:20:00,16:20:00,pass
EX,1196,JSF/86,16:20:20,16:20:20,pass
EX,1196,KIB/86,16:25:00,16:25:00,pass
EX,1196,AVH/86,16:29:00,16:29:00,pass
EX,1196,IG/86,16:32:00,16:32:00,pass
EX,1196,NEL/86,16:32:20,16:32:20,pass
EX,1196,GB/86,16:33:00,16:33:00,pass
EX,1196,KH/86,16:38:00,00:00:00,stop
EX,398,HMB/80,00:00:00,08:55:00,stop
EX,398,ADF/80,08:56:00,08:56:00,stop
EX,398,ALA/80,09:05:00,09:05:00,pass
EX,398,AE_F/80,09:10:00,09:10:00,pass
EX,398,AEL/80,09:15:00,09:15:00,pass
EX,398,NEU/80,09:35:00,09:35:00,pass
EX,398,AR/80,10:00:00,10:00:00,pass
EX,398,ASW/80,10:23:00,10:25:00,stop
EX,398,AFW/80,10:40:00,10:40:00,stop
EX,398,AHAL/80,10:46:00,10:46:00,pass
EX,398,PAGR/86,10:51:00,10:51:00,pass
EX,398,PA/86,10:53:00,11:03:00,stop
EX,398,VK/86,11:07:00,11:07:00,stop
EX,398,TE/86,11:11:00,11:11:00,pass
EX,398,RQ/86,11:18:00,11:18:00,pass
EX,398,OJ/86,11:26:00,11:26:00,pass
EX,398,SST/86,11:30:00,11:30:00,pass
EX,398,FZ/86,11:33:00,11:33:00,pass
EX,398,VM/86,11:35:00,11:35:00,pass
EX,398,LK/86,11:37:00,11:37:00,pass
EX,398,KD/86,11:44:00,11:46:00,stop
EX,398,TL/86,11:52:00,11:52:00,stop
EX,398,SNO/86,11:56:00,11:56:00,pass
EX,398,MD/86,12:00:00,12:00:00,pass
EX,398,KA/86,12:03:00,12:03:00,pass
EX,398,NA/86,12:05:00,12:05:00,pass
EX,398,EB/86,12:07:00,12:07:00,pass
EX,398,GD/86,12:08:00,12:08:00,pass
EX,398,AP/86,12:11:00,12:11:00,pass
EX,398,BD/86,12:13:00,12:13:00,pass
EX,398,SC/86,12:14:00,12:14:00,pass
EX,398,TP/86,12:15:00,12:15:00,pass
EX,398,HP/86,12:18:00,12:18:00,pass
EX,398,OD/86,12:24:00,12:27:00,stop
EX,398,MV/86,12:31:00,12:31:00,stop
EX,398,LV/86,12:33:00,12:33:00,pass
EX,398,UV/86,12:35:00,12:35:00,pass
EX,398,JU/86,12:37:00,12:37:00,pass
EX,398,NG/86,12:38:00,12:38:00,pass
EX,398,SPR/86,12:43:00,12:43:00,pass
EX,398,KØ/86,12:48:00,12:48:00,pass
EX,398,FO/86,12:51:00,12:51:00,pass
EX,398,SG/86,12:54:00,12:54:00,pass
EX,398,SO/86,12:59:00,12:59:00,pass
EX,398,FJ/86,13:02:00,13:02:00,pass
EX,398,RG/86,13:07:00,13:09:00,stop
EX,398,ADA/86,13:12:00,13:12:00,stop
EX,398,BJS/86,13:16:00,13:16:00,pass
EX,398,LEL/86,13:18:00,13:18:00,pass
EX,398,KJN/86,13:20:00,13:20:00,pass
EX,398,JSF/86,13:20:20,13:20:20,pass
EX,398,KIB/86,13:25:00,13:25:00,pass
EX,398,AVH/86,13:29:00,13:29:00,pass
EX,398,IG/86,13:32:00,13:32:00,pass
EX,398,NEL/86,13:32:20,13:32:20,pass
EX,398,GB/86,13:33:00,13:33:00,pass
EX,398,KH/86,13:38:00,00:00:00,stop
EX,399,KH/86,00:00:00,16:22:00,stop
EX,399,GB/86,16:25:00,16:25:00,stop
EX,399,NEL/86,16:26:00,16:26:00,pass
EX,399,IG/86,16:26:20,16:26:20,pass
EX,399,AVH/86,16:28:00,16:28:00,pass
EX,399,KIB/86,16:34:00,16:34:00,pass
EX,399,JSF/86,16:38:00,16:38:00,pass
EX,399,KJN/86,16:39:00,16:39:00,pass
EX,399,LEL/86,16:40:00,16:40:00,pass
EX,399,BJS/86,16:42:00,16:42:00,pass
EX,399,ADA/86,16:46:00,16:46:00,pass
EX,399,RG/86,16:50:00,16:52:00,stop
EX,399,FJ/86,16:56:00,16:56:00,stop
EX,399,SO/86,16:58:00,16:58:00,pass
EX,399,SG/86,17:05:00,17:05:00,pass
EX,399,FO/86,17:08:00,17:08:00,pass
EX,399,KØ/86,17:11:00,17:11:00,pass
EX,399,SPR/86,17:17:00,17:17:00,pass
EX,399,NG/86,17:21:00,17:21:00,pass
EX,399,JU/86,17:23:00,17:23:00,pass
EX,399,UV/86,17:25:00,17:25:00,pass
EX,399,LV/86,17:27:00,17:27:00,pass
EX,399,MV/86,17:29:00,17:29:00,pass
EX,399,OD/86,17:33:00,17:36:00,stop
EX,399,HP/86,17:41:00,17:41:00,stop
EX,399,TP/86,17:44:00,17:44:00,pass
EX,399,SC/86,17:45:00,17:45:00,pass
EX,399,BD/86,17:46:00,17:46:00,pass
EX,399,AP/86,17:48:00,17:48:00,pass
EX,399,GD/86,17:50:00,17:50:00,pass
EX,399,EB/86,17:52:00,17:52:00,pass
EX,399,NA/86,17:54:00,17:54:00,pass
EX,399,KA/86,17:56:00,17:56:00,pass
EX,399,MD/86,18:00:00,18:00:00,pass
EX,399,SNO/86,18:03:00,18:03:00,pass
EX,399,TL/86,18:06:00,18:06:00,pass
EX,399,KD/86,18:12:00,18:15:00,stop
EX,399,LK/86,18:22:00,18:22:00,stop
EX,399,VM/86,18:24:00,18:24:00,pass
EX,399,FZ/86,18:27:00,18:27:00,pass
EX,399,SST/86,18:30:00,18:30:00,pass
EX,399,OJ/86,18:33:00,18:33:00,pass
EX,399,RQ/86,18:41:00,18:41:00,pass
EX,399,TE/86,18:48:00,18:48:00,pass
EX,399,VK/86,18:52:00,18:52:00,pass
EX,399,PA/86,18:57:00,19:02:00,stop
EX,399,PAGR/86,19:03:00,19:03:00,stop
EX,399,AHAL/80,19:10:00,19:10:00,pass
EX,399,AFW/80,19:20:00,19:20:00,pass
EX,399,ASW/80,19:29:00,19:31:00,stop
EX,399,AR/80,20:00:00,20:00:00,stop
EX,399,NEU/80,20:20:00,20:20:00,pass
EX,399,AEL/80,20:40:00,20:40:00,pass
EX,399,AE_F/80,20:45:00,20:45:00,pass
EX,399,ALA/80,20:50:00,20:50:00,pass
EX,399,ADF/80,20:56:00,20:56:00,pass
EX,399,HMB/80,21:04:00,00:00:00,stop
EX,393,KH/86,00:00:00,08:22:00,stop
EX,393,GB/86,08:25:00,08:25:00,stop
EX,393,NEL/86,08:26:00,08:26:00,pass
EX,393,IG/86,08:26:20,08:26:20,pass
EX,393,AVH/86,08:28:00,08:28:00,pass
EX,393,KIB/86,08:34:00,08:34:00,pass
EX,393,JSF/86,08:38:00,08:38:00,pass
EX,393,KJN/86,08:39:00,08:39:00,pass
EX,393,LEL/86,08:40:00,08:40:00,pass
EX,393,BJS/86,08:42:00,08:42:00,pass
EX,393,ADA/86,08:46:00,08:46:00,pass
EX,393,RG/86,08:50:00,08:52:00,stop
EX,393,FJ/86,08:56:00,08:56:00,stop
EX,393,SO/86,08:58:00,08:58:00,pass
EX,393,SG/86,09:05:00,09:05:00,pass
EX,393,FO/86,09:08:00,09:08:00,pass
EX,393,KØ/86,09:11:00,09:11:00,pass
EX,393,SPR/86,09:17:00,09:17:00,pass
EX,393,NG/86,09:21:00,09:21:00,pass
EX,393,JU/86,09:23:00,09:23:00,pass
EX,393,UV/86,09:25:00,09:25:00,pass
EX,393,LV/86,09:27:00,09:27:00,pass
EX,393,MV/86,09:29:00,09:29:00,pass
EX,393,OD/86,09:33:00,09:36:00,stop
EX,393,HP/86,09:41:00,09:41:00,stop
EX,393,TP/86,09:44:00,09:44:00,pass
EX,393,SC/86,09:45:00,09:45:00,pass
EX,393,BD/86,09:46:00,09:46:00,pass
EX,393,AP/86,09:48:00,09:48:00,pass
EX,393,GD/86,09:50:00,09:50:00,pass
EX,393,EB/86,09:52:00,09:52:00,pass
EX,393,NA/86,09:54:00,09:54:00,pass
EX,393,KA/86,09:56:00,09:56:00,pass
EX,393,MD/86,10:00:00,10:00:00,pass
EX,393,SNO/86,10:03:00,10:03:00,pass
EX,393,TL/86,10:06:00,10:06:00,pass
EX,393,KD/86,10:12:00,10:15:00,stop
EX,393,LK/86,10:22:00,10:22:00,stop
EX,393,VM/86,10:24:00,10:24:00,pass
EX,393,FZ/86,10:27:00,10:27:00,pass
EX,393,SST/86,10:30:00,10:30:00,pass
EX,393,OJ/86,10:33:00,10:33:00,pass
EX,393,RQ/86,10:41:00,10:41:00,pass
EX,393,TE/86,10:48:00,10:48:00,pass
EX,393,VK/86,10:52:00,10:52:00,pass
EX,393,PA/86,10:57:00,11:02:00,stop
EX,393,PAGR/86,11:03:00,11:03:00,stop
EX,393,AHAL/80,11:10:00,11:10:00,pass
EX,393,AFW/80,11:20:00,11:20:00,pass
EX,393,ASW/80,11:28:00,11:30:00,stop
EX,393,AR/80,12:00:00,12:00:00,stop
EX,393,NEU/80,12:20:00,12:20:00,pass
EX,393,AEL/80,12:40:00,12:40:00,pass
EX,393,AE_F/80,12:45:00,12:45:00,pass
EX,393,ALA/80,12:50:00,12:50:00,pass
EX,393,ADF/80,13:03:00,13:03:00,pass
EX,393,HMB/80,13:06:00,00:00:00,stop
EX,396,HMB/80,00:00:00,10:53:00,stop
EX,396,ADF/80,10:56:00,10:56:00,stop
EX,396,ALA/80,11:05:00,11:05:00,pass
EX,396,AE_F/80,11:10:00,11:10:00,pass
EX,396,AEL/80,11:15:00,11:15:00,pass
EX,396,NEU/80,11:35:00,11:35:00,pass
EX,396,AR/80,12:00:00,12:00:00,pass
EX,396,ASW/80,12:26:00,12:28:00,stop
EX,396,AFW/80,12:40:00,12:40:00,stop
EX,396,AHAL/80,12:46:00,12:46:00,pass
EX,396,PAGR/86,12:51:00,12:51:00,pass
EX,396,PA/86,12:53:00,13:03:00,stop
EX,396,VK/86,13:07:00,13:07:00,stop
EX,396,TE/86,13:11:00,13:11:00,pass
EX,396,RQ/86,13:18:00,13:18:00,pass
EX,396,OJ/86,13:26:00,13:26:00,pass
EX,396,SST/86,13:30:00,13:30:00,pass
EX,396,FZ/86,13:33:00,13:33:00,pass
EX,396,VM/86,13:35:00,13:35:00,pass
EX,396,LK/86,13:37:00,13:37:00,pass
EX,396,KD/86,13:44:00,13:46:00,stop
EX,396,TL/86,13:52:00,13:52:00,stop
EX,396,SNO/86,13:56:00,13:56:00,pass
EX,396,MD/86,14:00:00,14:00:00,pass
EX,396,KA/86,14:03:00,14:03:00,pass
EX,396,NA/86,14:05:00,14:05:00,pass
EX,396,EB/86,14:07:00,14:07:00,pass
EX,396,GD/86,14:08:00,14:08:00,pass
EX,396,AP/86,14:11:00,14:11:00,pass
EX,396,BD/86,14:13:00,14:13:00,pass
EX,396,SC/86,14:14:00,14:14:00,pass
EX,396,TP/86,14:15:00,14:15:00,pass
EX,396,HP/86,14:18:00,14:18:00,pass
EX,396,OD/86,14:24:00,14:27:00,stop
EX,396,MV/86,14:31:00,14:31:00,stop
EX,396,LV/86,14:33:00,14:33:00,pass
EX,396,UV/86,14:35:00,14:35:00,pass
EX,396,JU/86,14:37:00,14:37:00,pass
EX,396,NG/86,14:38:00,14:38:00,pass
EX,396,SPR/86,14:43:00,14:43:00,pass
EX,396,KØ/86,14:48:00,14:48:00,pass
EX,396,FO/86,14:51:00,14:51:00,pass
EX,396,SG/86,14:54:00,14:54:00,pass
EX,396,SO/86,14:59:00,14:59:00,pass
EX,396,FJ/86,15:02:00,15:02:00,pass
EX,396,RG/86,15:07:00,15:09:00,stop
EX,396,ADA/86,15:12:00,15:12:00,stop
EX,396,BJS/86,15:16:00,15:16:00,pass
EX,396,LEL/86,15:18:00,15:18:00,pass
EX,396,KJN/86,15:20:00,15:20:00,pass
EX,396,JSF/86,15:20:20,15:20:20,pass
EX,396,KIB/86,15:25:00,15:25:00,pass
EX,396,AVH/86,15:29:00,15:29:00,pass
EX,396,IG/86,15:32:00,15:32:00,pass
EX,396,NEL/86,15:32:20,15:32:20,pass
EX,396,GB/86,15:33:00,15:33:00,pass
EX,396,KH/86,15:38:00,00:00:00,stop
EX,394,HMB/80,00:00:00,14:53:00,stop
EX,394,ADF/80,14:56:00,14:56:00,stop
EX,394,ALA/80,15:05:00,15:05:00,pass
EX,394,AE_F/80,15:10:00,15:10:00,pass
EX,394,AEL/80,15:15:00,15:15:00,pass
EX,394,NEU/80,15:35:00,15:35:00,pass
EX,394,AR/80,16:00:00,16:00:00,pass
EX,394,ASW/80,16:26:00,16:28:00,stop
EX,394,AFW/80,16:40:00,16:40:00,stop
EX,394,AHAL/80,16:46:00,16:46:00,pass
EX,394,PAGR/86,16:51:00,16:51:00,pass
EX,394,PA/86,16:53:00,17:03:00,stop
EX,394,VK/86,17:07:00,17:07:00,stop
EX,394,TE/86,17:11:00,17:11:00,pass
EX,394,RQ/86,17:18:00,17:18:00,pass
EX,394,OJ/86,17:26:00,17:26:00,pass
EX,394,SST/86,17:30:00,17:30:00,pass
EX,394,FZ/86,17:33:00,17:33:00,pass
EX,394,VM/86,17:35:00,17:35:00,pass
EX,394,LK/86,17:37:00,17:37:00,pass
EX,394,KD/86,17:44:00,17:46:00,stop
EX,394,TL/86,17:52:00,17:52:00,stop
EX,394,SNO/86,17:56:00,17:56:00,pass
EX,394,MD/86,18:00:00,18:00:00,pass
EX,394,KA/86,18:03:00,18:03:00,pass
EX,394,NA/86,18:05:00,18:05:00,pass
EX,394,EB/86,18:07:00,18:07:00,pass
EX,394,GD/86,18:08:00,18:08:00,pass
EX,394,AP/86,18:11:00,18:11:00,pass
EX,394,BD/86,18:13:00,18:13:00,pass
EX,394,SC/86,18:14:00,18:14:00,pass
EX,394,TP/86,18:15:00,18:15:00,pass
EX,394,HP/86,18:18:00,18:18:00,pass
EX,394,OD/86,18:24:00,18:27:00,stop
EX,394,MV/86,18:31:00,18:31:00,stop
EX,394,LV/86,18:33:00,18:33:00,pass
EX,394,UV/86,18:35:00,18:35:00,pass
EX,394,JU/86,18:37:00,18:37:00,pass
EX,394,NG/86,18:38:00,18:38:00,pass
EX,394,SPR/86,18:43:00,18:43:00,pass
EX,394,KØ/86,18:48:00,18:48:00,pass
EX,394,FO/86,18:51:00,18:51:00,pass
EX,394,SG/86,18:54:00,18:54:00,pass
EX,394,SO/86,18:59:00,18:59:00,pass
EX,394,FJ/86,19:02:00,19:02:00,pass
EX,394,RG/86,19:07:00,19:09:00,stop
EX,394,ADA/86,19:12:00,19:12:00,stop
EX,394,BJS/86,19:16:00,19:16:00,pass
EX,394,LEL/86,19:18:00,19:18:00,pass
EX,394,KJN/86,19:20:00,19:20:00,pass
EX,394,JSF/86,19:20:20,19:20:20,pass
EX,394,KIB/86,19:25:00,19:25:00,pass
EX,394,AVH/86,19:29:00,19:29:00,pass
EX,394,IG/86,19:32:00,19:32:00,pass
EX,394,NEL/86,19:32:20,19:32:20,pass
EX,394,GB/86,19:33:00,19:33:00,pass
EX,394,KH/86,19:38:00,00:00:00,stop
EX,397,KH/86,00:00:00,14:22:00,stop
EX,397,GB/86,14:25:00,14:25:00,stop
EX,397,NEL/86,14:26:00,14:26:00,pass
EX,397,IG/86,14:26:20,14:26:20,pass
EX,397,AVH/86,14:28:00,14:28:00,pass
EX,397,KIB/86,14:34:00,14:34:00,pass
EX,397,JSF/86,14:38:00,14:38:00,pass
EX,397,KJN/86,14:39:00,14:39:00,pass
EX,397,LEL/86,14:40:00,14:40:00,pass
EX,397,BJS/86,14:42:00,14:42:00,pass
EX,397,ADA/86,14:46:00,14:46:00,pass
EX,397,RG/86,14:50:00,14:52:00,stop
EX,397,FJ/86,14:56:00,14:56:00,stop
EX,397,SO/86,14:58:00,14:58:00,pass
EX,397,SG/86,15:05:00,15:05:00,pass
EX,397,FO/86,15:08:00,15:08:00,pass
EX,397,KØ/86,15:11:00,15:11:00,pass
EX,397,SPR/86,15:17:00,15:17:00,pass
EX,397,NG/86,15:21:00,15:21:00,pass
EX,397,JU/86,15:23:00,15:23:00,pass
EX,397,UV/86,15:25:00,15:25:00,pass
EX,397,LV/86,15:27:00,15:27:00,pass
EX,397,MV/86,15:29:00,15:29:00,pass
EX,397,OD/86,15:33:00,15:36:00,stop
EX,397,HP/86,15:41:00,15:41:00,stop
EX,397,TP/86,15:44:00,15:44:00,pass
EX,397,SC/86,15:45:00,15:45:00,pass
EX,397,BD/86,15:46:00,15:46:00,pass
EX,397,AP/86,15:48:00,15:48:00,pass
EX,397,GD/86,15:50:00,15:50:00,pass
EX,397,EB/86,15:52:00,15:52:00,pass
EX,397,NA/86,15:54:00,15:54:00,pass
EX,397,KA/86,15:56:00,15:56:00,pass
EX,397,MD/86,16:00:00,16:00:00,pass
EX,397,SNO/86,16:03:00,16:03:00,pass
EX,397,TL/86,16:06:00,16:06:00,pass
EX,397,KD/86,16:12:00,16:15:00,stop
EX,397,LK/86,16:22:00,16:22:00,stop
EX,397,VM/86,16:24:00,16:24:00,pass
EX,397,FZ/86,16:27:00,16:27:00,pass
EX,397,SST/86,16:30:00,16:30:00,pass
EX,397,OJ/86,16:33:00,16:33:00,pass
EX,397,RQ/86,16:41:00,16:41:00,pass
EX,397,TE/86,16:48:00,16:48:00,pass
EX,397,VK/86,16:52:00,16:52:00,pass
EX,397,PA/86,16:57:00,17:02:00,stop
EX,397,PAGR/86,17:03:00,17:03:00,stop
EX,397,AHAL/80,17:10:00,17:10:00,pass
EX,397,AFW/80,17:20:00,17:20:00,pass
EX,397,ASW/80,17:29:00,17:31:00,stop
EX,397,AR/80,18:00:00,18:00:00,stop
EX,397,NEU/80,18:20:00,18:20:00,pass
EX,397,AEL/80,18:40:00,18:40:00,pass
EX,397,AE_F/80,18:45:00,18:45:00,pass
EX,397,ALA/80,18:50:00,18:50:00,pass
EX,397,ADF/80,18:56:00,18:56:00,pass
EX,397,HMB/80,19:04:00,00:00:00,stop
EX,392,HMB/80,00:00:00,18:50:00,stop
EX,392,ADF/80,18:57:00,18:57:00,stop
EX,392,ALA/80,19:05:00,19:05:00,pass
EX,392,AE_F/80,19:10:00,19:10:00,pass
EX,392,AEL/80,19:28:00,19:28:00,pass
EX,392,NEU/80,19:35:00,19:35:00,pass
EX,392,AR/80,20:00:00,20:00:00,pass
EX,392,ASW/80,20:24:00,20:26:00,stop
EX,392,AFW/80,20:40:00,20:40:00,stop
EX,392,AHAL/80,20:46:00,20:46:00,pass
EX,392,PAGR/86,20:51:00,20:51:00,pass
EX,392,PA/86,20:53:00,21:03:00,stop
EX,392,VK/86,21:07:00,21:07:00,stop
EX,392,TE/86,21:11:00,21:11:00,pass
EX,392,RQ/86,21:18:00,21:18:00,pass
EX,392,OJ/86,21:26:00,21:26:00,pass
EX,392,SST/86,21:30:00,21:30:00,pass
EX,392,FZ/86,21:33:00,21:33:00,pass
EX,392,VM/86,21:35:00,21:35:00,pass
EX,392,LK/86,21:37:00,21:37:00,pass
EX,392,KD/86,21:44:00,21:46:00,stop
EX,392,TL/86,21:52:00,21:52:00,stop
EX,392,SNO/86,21:56:00,21:56:00,pass
EX,392,MD/86,22:00:00,22:00:00,pass
EX,392,KA/86,22:03:00,22:03:00,pass
EX,392,NA/86,22:05:00,22:05:00,pass
EX,392,EB/86,22:07:00,22:07:00,pass
EX,392,GD/86,22:08:00,22:08:00,pass
EX,392,AP/86,22:11:00,22:11:00,pass
EX,392,BD/86,22:13:00,22:13:00,pass
EX,392,SC/86,22:14:00,22:14:00,pass
EX,392,TP/86,22:15:00,22:15:00,pass
EX,392,HP/86,22:18:00,22:18:00,pass
EX,392,OD/86,22:24:00,22:27:00,stop
EX,392,MV/86,22:31:00,22:31:00,stop
EX,392,LV/86,22:33:00,22:33:00,pass
EX,392,UV/86,22:35:00,22:35:00,pass
EX,392,JU/86,22:37:00,22:37:00,pass
EX,392,NG/86,22:38:00,22:38:00,pass
EX,392,SPR/86,22:43:00,22:43:00,pass
EX,392,KØ/86,22:48:00,22:48:00,pass
EX,392,FO/86,22:51:00,22:51:00,pass
EX,392,SG/86,22:54:00,22:54:00,pass
EX,392,SO/86,22:59:00,22:59:00,pass
EX,392,FJ/86,23:02:00,23:02:00,pass
EX,392,RG/86,23:07:00,23:09:00,stop
EX,392,ADA/86,23:12:00,23:12:00,stop
EX,392,BJS/86,23:16:00,23:16:00,pass
EX,392,LEL/86,23:18:00,23:18:00,pass
EX,392,KJN/86,23:20:00,23:20:00,pass
EX,392,JSF/86,23:20:20,23:20:20,pass
EX,392,KIB/86,23:25:00,23:25:00,pass
EX,392,AVH/86,23:29:00,23:29:00,pass
EX,392,IG/86,23:32:00,23:32:00,pass
EX,392,NEL/86,23:32:20,23:32:20,pass
EX,392,GB/86,23:33:00,23:33:00,pass
EX,392,KH/86,23:37:00,00:00:00,stop
EX,395,KH/86,00:00:00,12:22:00,stop
EX,395,GB/86,12:25:00,12:25:00,stop
EX,395,NEL/86,12:26:00,12:26:00,pass
EX,395,IG/86,12:26:20,12:26:20,pass
EX,395,AVH/86,12:28:00,12:28:00,pass
EX,395,KIB/86,12:34:00,12:34:00,pass
EX,395,JSF/86,12:38:00,12:38:00,pass
EX,395,KJN/86,12:39:00,12:39:00,pass
EX,395,LEL/86,12:40:00,12:40:00,pass
EX,395,BJS/86,12:42:00,12:42:00,pass
EX,395,ADA/86,12:46:00,12:46:00,pass
EX,395,RG/86,12:50:00,12:52:00,stop
EX,395,FJ/86,12:56:00,12:56:00,stop
EX,395,SO/86,12:58:00,12:58:00,pass
EX,395,SG/86,13:05:00,13:05:00,pass
EX,395,FO/86,13:08:00,13:08:00,pass
EX,395,KØ/86,13:11:00,13:11:00,pass
EX,395,SPR/86,13:17:00,13:17:00,pass
EX,395,NG/86,13:21:00,13:21:00,pass
EX,395,JU/86,13:23:00,13:23:00,pass
EX,395,UV/86,13:25:00,13:25:00,pass
EX,395,LV/86,13:27:00,13:27:00,pass
EX,395,MV/86,13:29:00,13:29:00,pass
EX,395,OD/86,13:33:00,13:36:00,stop
EX,395,HP/86,13:41:00,13:41:00,stop
EX,395,TP/86,13:44:00,13:44:00,pass
EX,395,SC/86,13:45:00,13:45:00,pass
EX,395,BD/86,13:46:00,13:46:00,pass
EX,395,AP/86,13:48:00,13:48:00,pass
EX,395,GD/86,13:50:00,13:50:00,pass
EX,395,EB/86,13:52:00,13:52:00,pass
EX,395,NA/86,13:54:00,13:54:00,pass
EX,395,KA/86,13:56:00,13:56:00,pass
EX,395,MD/86,14:00:00,14:00:00,pass
EX,395,SNO/86,14:03:00,14:03:00,pass
EX,395,TL/86,14:06:00,14:06:00,pass
EX,395,KD/86,14:12:00,14:15:00,stop
EX,395,LK/86,14:22:00,14:22:00,stop
EX,395,VM/86,14:24:00,14:24:00,pass
EX,395,FZ/86,14:27:00,14:27:00,pass
EX,395,SST/86,14:30:00,14:30:00,pass
EX,395,OJ/86,14:33:00,14:33:00,pass
EX,395,RQ/86,14:41:00,14:41:00,pass
EX,395,TE/86,14:48:00,14:48:00,pass
EX,395,VK/86,14:52:00,14:52:00,pass
EX,395,PA/86,14:57:00,15:02:00,stop
EX,395,PAGR/86,15:03:00,15:03:00,stop
EX,395,AHAL/80,15:10:00,15:10:00,pass
EX,395,AFW/80,15:20:00,15:20:00,pass
EX,395,ASW/80,15:28:00,15:30:00,stop
EX,395,AR/80,16:00:00,16:00:00,stop
EX,395,NEU/80,16:20:00,16:20:00,pass
EX,395,AEL/80,16:40:00,16:40:00,pass
EX,395,AE_F/80,16:45:00,16:45:00,pass
EX,395,ALA/80,16:50:00,16:50:00,pass
EX,395,ADF/80,16:56:00,16:56:00,pass
EX,395,HMB/80,17:04:00,00:00:00,stop
IC,202,OD/86,00:00:00,05:07:00,stop
IC,202,MV/86,05:12:00,05:12:00,stop
IC,202,LV/86,05:14:00,05:14:00,pass
IC,202,UV/86,05:16:00,05:16:00,pass
IC,202,JU/86,05:18:00,05:18:00,pass
IC,202,NG/86,05:22:00,05:24:00,stop
IC,202,SPR/86,05:29:00,05:29:00,stop
IC,202,KØ/86,05:35:00,05:35:00,pass
IC,202,FO/86,05:38:00,05:38:00,pass
IC,202,SG/86,05:42:00,05:44:00,stop
IC,202,SO/86,05:51:00,05:53:00,stop
IC,202,FJ/86,05:57:00,05:57:00,stop
IC,202,RG/86,06:02:00,06:04:00,stop
IC,202,KY/86,06:08:00,06:08:00,stop
IC,202,BO/86,06:10:00,06:10:00,pass
IC,202,VY/86,06:13:00,06:13:00,pass
IC,202,RO/86,06:18:00,06:20:00,stop
IC,202,TRK/86,06:23:00,06:24:00,stop
IC,202,HH/86,06:26:00,06:26:00,stop
IC,202,HTÅ/86,06:29:00,06:31:00,stop
IC,202,GL/86,06:35:00,06:35:00,stop
IC,202,HIF/86,06:37:00,06:37:00,pass
IC,202,IG/86,06:38:00,06:38:00,pass
IC,202,NEL/86,06:40:00,06:42:00,stop
IC,202,KLV/86,06:44:00,06:44:00,stop
IC,202,ØRE/86,06:46:00,06:47:00,stop
IC,202,TÅT/86,06:49:00,06:50:00,stop
IC,202,CPH/86,06:54:00,00:00:00,stop
IC,80169,HGL/86,00:00:00,17:35:00,stop
IC,80169,KK/86,17:38:00,17:41:00,stop
IC,80169,KN/86,17:44:00,17:44:00,stop
IC,80169,KH/86,17:47:00,17:50:00,stop
IC,80169,VAL/86,17:53:00,17:55:00,stop
IC,80169,HIF/86,17:58:00,17:58:00,stop
IC,80169,GL/86,17:59:00,17:59:00,pass
IC,80169,HTÅ/86,18:04:00,18:05:00,stop
IC,80169,HH/86,18:08:00,18:08:00,stop
IC,80169,TRK/86,18:10:00,18:10:00,pass
IC,80169,RO/86,18:12:00,18:14:00,stop
IC,80169,VY/86,18:19:00,18:19:00,stop
IC,80169,BO/86,18:22:00,18:22:00,pass
IC,80169,KY/86,18:25:00,18:25:00,pass
IC,80169,RG/86,18:29:00,18:31:00,stop
IC,80169,FJ/86,18:36:00,18:36:00,stop
IC,80169,SO/86,18:39:00,18:40:00,stop
IC,80169,SG/86,18:48:00,18:50:00,stop
IC,80169,FO/86,18:54:00,18:54:00,stop
IC,80169,KØ/86,18:58:00,18:59:00,stop
IC,80169,SPR/86,19:05:00,19:05:00,stop
IC,80169,NG/86,19:10:00,19:12:00,stop
IC,80169,JU/86,19:15:00,19:15:00,stop
IC,80169,UV/86,19:17:00,19:17:00,pass
IC,80169,LV/86,19:20:00,19:21:00,stop
IC,80169,MV/86,19:24:00,19:24:00,stop
IC,80169,OD/86,19:28:00,19:31:00,stop
IC,80169,HP/86,19:35:00,19:35:00,stop
IC,80169,TP/86,19:38:00,19:38:00,pass
IC,80169,SC/86,19:39:00,19:39:00,pass
IC,80169,BD/86,19:40:00,19:40:00,pass
IC,80169,AP/86,19:42:00,19:42:00,pass
IC,80169,GD/86,19:44:00,19:44:00,pass
IC,80169,EB/86,19:46:00,19:46:00,pass
IC,80169,NA/86,19:48:00,19:48:00,pass
IC,80169,KA/86,19:49:00,19:49:00,pass
IC,80169,MD/86,19:53:00,19:54:00,stop
IC,80169,SNO/86,19:58:00,19:58:00,stop
IC,80169,FA/86,20:02:00,00:00:00,stop
IC,2376,FA/86,00:00:00,23:12:00,stop
IC,2376,TL/86,23:17:00,23:18:00,stop
IC,2376,KD/86,23:25:00,23:27:00,stop
IC,2376,LK/86,23:34:00,23:35:00,stop
IC,2376,VN/86,23:41:00,23:42:00,stop
IC,2376,BP/86,23:47:00,23:48:00,stop
IC,2376,HQ/86,23:53:00,23:54:00,stop
IC,2376,GØ/86,23:59:00,23:59:00,stop
IC,2376,BM/86,00:03:00,00:05:00,stop
IC,2376,TB/86,00:09:00,00:09:00,stop
IC,2376,JNE/86,00:12:00,00:12:00,pass
IC,2376,ES/86,00:15:00,00:00:00,stop
IC,193,KH/86,00:00:00,23:50:00,stop
IC,193,VAL/86,23:53:00,23:55:00,stop
IC,193,HIF/86,23:58:00,23:58:00,stop
IC,193,GL/86,23:59:00,23:59:00,pass
IC,193,HTÅ/86,00:04:00,00:05:00,stop
IC,193,HH/86,00:08:00,00:08:00,stop
IC,193,TRK/86,00:10:00,00:10:00,pass
IC,193,RO/86,00:12:00,00:14:00,stop
IC,193,VY/86,00:19:00,00:19:00,stop
IC,193,BO/86,00:22:00,00:22:00,pass
IC,193,KY/86,00:25:00,00:25:00,pass
IC,193,RG/86,00:29:00,00:31:00,stop
IC,193,FJ/86,00:36:00,00:36:00,stop
IC,193,SO/86,00:39:00,00:40:00,stop
IC,193,SG/86,00:48:00,00:50:00,stop
IC,193,FO/86,00:54:00,00:54:00,stop
IC,193,KØ/86,00:58:00,00:59:00,stop
IC,193,SPR/86,01:05:00,01:05:00,stop
IC,193,NG/86,01:10:00,01:12:00,stop
IC,193,JU/86,01:15:00,01:15:00,stop
IC,193,UV/86,01:17:00,01:17:00,pass
IC,193,LV/86,01:20:00,01:21:00,stop
IC,193,MV/86,01:24:00,01:24:00,stop
IC,193,OD/86,01:28:00,00:00:00,stop
IC,814,ES/86,00:00:00,06:32:00,stop
IC,814,JNE/86,06:34:00,06:34:00,stop
IC,814,TB/86,06:36:00,06:36:00,pass
IC,814,BM/86,06:41:00,06:43:00,stop
IC,814,GØ/86,06:46:00,06:46:00,stop
IC,814,HQ/86,06:49:00,06:49:00,pass
IC,814,BP/86,06:52:00,06:52:00,pass
IC,814,VN/86,06:56:00,06:57:00,stop
IC,814,LK/86,07:04:00,07:04:00,stop
IC,814,KD/86,07:11:00,07:13:00,stop
IC,814,TL/86,07:18:00,07:18:00,stop
IC,814,SNO/86,07:23:00,07:23:00,pass
IC,814,MD/86,07:26:00,07:28:00,stop
IC,814,KA/86,07:31:00,07:31:00,stop
IC,814,NA/86,07:33:00,07:33:00,pass
IC,814,EB/86,07:35:00,07:35:00,pass
IC,814,GD/86,07:36:00,07:36:00,pass
IC,814,AP/86,07:38:00,07:38:00,pass
IC,814,BD/86,07:40:00,07:40:00,pass
IC,814,SC/86,07:41:00,07:41:00,pass
IC,814,TP/86,07:42:00,07:42:00,pass
IC,814,HP/86,07:45:00,07:45:00,pass
IC,814,OD/86,07:52:00,08:00:00,stop
IC,814,MV/86,08:05:00,08:05:00,stop
IC,814,LV/86,08:06:00,08:06:00,pass
IC,814,UV/86,08:08:00,08:08:00,pass
IC,814,JU/86,08:10:00,08:10:00,pass
IC,814,NG/86,08:12:00,08:14:00,stop
IC,814,SPR/86,08:19:00,08:19:00,stop
IC,814,KØ/86,08:25:00,08:27:00,stop
IC,814,FO/86,08:31:00,08:31:00,stop
IC,814,SG/86,08:34:00,08:36:00,stop
IC,814,SO/86,08:43:00,08:45:00,stop
IC,814,FJ/86,08:48:00,08:48:00,stop
IC,814,RG/86,08:52:00,08:54:00,stop
IC,814,ADA/86,08:58:00,08:58:00,stop
IC,814,BJS/86,09:02:00,09:02:00,pass
IC,814,LEL/86,09:04:00,09:04:00,pass
IC,814,KJN/86,09:06:00,09:08:00,stop
IC,814,JSF/86,09:09:00,09:09:00,stop
IC,814,KIB/86,09:14:00,09:14:00,pass
IC,814,AVH/86,09:18:00,09:18:00,pass
IC,814,IG/86,09:20:00,09:20:00,pass
IC,814,NEL/86,09:21:00,09:23:00,stop
IC,814,GB/86,09:24:00,09:24:00,stop
IC,814,KH/86,09:28:00,09:31:00,stop
IC,814,KN/86,09:33:00,09:34:00,stop
IC,814,KK/86,09:37:00,09:40:00,stop
IC,814,HGL/86,09:43:00,00:00:00,stop
IC,181,KH/86,00:00:00,20:50:00,stop
IC,181,VAL/86,20:53:00,20:55:00,stop
IC,181,HIF/86,20:58:00,20:58:00,stop
IC,181,GL/86,20:59:00,20:59:00,pass
IC,181,HTÅ/86,21:04:00,21:05:00,stop
IC,181,HH/86,21:08:00,21:08:00,stop
IC,181,TRK/86,21:10:00,21:10:00,pass
IC,181,RO/86,21:12:00,21:14:00,stop
IC,181,VY/86,21:19:00,21:19:00,stop
IC,181,BO/86,21:22:00,21:22:00,pass
IC,181,KY/86,21:25:00,21:25:00,pass
IC,181,RG/86,21:29:00,21:31:00,stop
IC,181,FJ/86,21:36:00,21:36:00,stop
IC,181,SO/86,21:39:00,21:40:00,stop
IC,181,SG/86,21:48:00,21:50:00,stop
IC,181,FO/86,21:54:00,21:54:00,stop
IC,181,KØ/86,21:58:00,21:59:00,stop
IC,181,SPR/86,22:05:00,22:05:00,stop
IC,181,NG/86,22:10:00,22:12:00,stop
IC,181,JU/86,22:15:00,22:15:00,stop
IC,181,UV/86,22:17:00,22:17:00,pass
IC,181,LV/86,22:20:00,22:21:00,stop
IC,181,MV/86,22:24:00,22:24:00,stop
IC,181,OD/86,22:28:00,22:31:00,stop
IC,181,HP/86,22:35:00,22:35:00,stop
IC,181,TP/86,22:38:00,22:38:00,pass
IC,181,SC/86,22:39:00,22:39:00,pass
IC,181,BD/86,22:40:00,22:40:00,pass
IC,181,AP/86,22:42:00,22:42:00,pass
IC,181,GD/86,22:44:00,22:44:00,pass
IC,181,EB/86,22:46:00,22:46:00,pass
IC,181,NA/86,22:48:00,22:48:00,pass
IC,181,KA/86,22:49:00,22:49:00,pass
IC,181,MD/86,22:53:00,22:54:00,stop
IC,181,SNO/86,22:58:00,22:58:00,stop
IC,181,FA/86,23:02:00,23:08:00,stop
IC,181,BK/86,23:14:00,23:15:00,stop
IC,181,BET/86,23:18:00,23:19:00,stop
IC,181,VJ/86,23:26:00,23:28:00,stop
IC,181,HED/86,23:36:00,23:37:00,stop
IC,181,HS/86,23:46:00,23:48:00,stop
IC,181,HÅ/86,23:55:00,23:55:00,stop
IC,181,SD/86,00:01:00,00:03:00,stop
IC,181,HX/86,00:07:00,00:07:00,stop
IC,181,HC/86,00:09:00,00:09:00,pass
IC,181,VI/86,00:12:00,00:13:00,stop
IC,181,KGV/86,00:15:00,00:15:00,stop
IC,181,AR/86,00:18:00,00:00:00,stop
IC,100,OD/86,00:00:00,04:09:00,stop
IC,100,MV/86,04:14:00,04:14:00,stop
IC,100,LV/86,04:16:00,04:17:00,stop
IC,100,UV/86,04:20:00,04:20:00,stop
IC,100,JU/86,04:22:00,04:22:00,pass
IC,100,NG/86,04:25:00,04:27:00,stop
IC,100,SPR/86,04:33:00,04:33:00,stop
IC,100,KØ/86,04:39:00,04:40:00,stop
IC,100,FO/86,04:44:00,04:44:00,stop
IC,100,SG/86,04:48:00,04:50:00,stop
IC,100,SO/86,04:58:00,04:59:00,stop
IC,100,FJ/86,05:03:00,05:03:00,stop
IC,100,RG/86,05:07:00,05:09:00,stop
IC,100,KY/86,05:14:00,05:14:00,stop
IC,100,BO/86,05:16:00,05:16:00,pass
IC,100,VY/86,05:19:00,05:19:00,pass
IC,100,RO/86,05:24:00,05:26:00,stop
IC,100,TRK/86,05:28:00,05:28:00,stop
IC,100,HH/86,05:30:00,05:30:00,pass
IC,100,HTÅ/86,05:33:00,05:34:00,stop
IC,100,GL/86,05:39:00,05:39:00,stop
IC,100,HIF/86,05:41:00,05:41:00,pass
IC,100,VAL/86,05:43:00,05:44:00,stop
IC,100,KH/86,05:50:00,05:55:00,stop
IC,100,KN/86,05:57:00,05:58:00,stop
IC,100,KK/86,06:01:00,00:00:00,stop
IC,846,ES/86,00:00:00,14:32:00,stop
IC,846,JNE/86,14:34:00,14:34:00,stop
IC,846,TB/86,14:36:00,14:36:00,pass
IC,846,BM/86,14:41:00,14:43:00,stop
IC,846,GØ/86,14:46:00,14:46:00,stop
IC,846,HQ/86,14:49:00,14:49:00,pass
IC,846,BP/86,14:52:00,14:52:00,pass
IC,846,VN/86,14:56:00,14:57:00,stop
IC,846,LK/86,15:04:00,15:04:00,stop
IC,846,KD/86,15:11:00,15:13:00,stop
IC,846,TL/86,15:18:00,15:18:00,stop
IC,846,SNO/86,15:23:00,15:23:00,pass
IC,846,MD/86,15:26:00,15:28:00,stop
IC,846,KA/86,15:31:00,15:31:00,stop
IC,846,NA/86,15:33:00,15:33:00,pass
IC,846,EB/86,15:35:00,15:35:00,pass
IC,846,GD/86,15:36:00,15:36:00,pass
IC,846,AP/86,15:38:00,15:38:00,pass
IC,846,BD/86,15:40:00,15:40:00,pass
IC,846,SC/86,15:41:00,15:41:00,pass
IC,846,TP/86,15:42:00,15:42:00,pass
IC,846,HP/86,15:45:00,15:45:00,pass
IC,846,OD/86,15:52:00,16:00:00,stop
IC,846,MV/86,16:05:00,16:05:00,stop
IC,846,LV/86,16:06:00,16:06:00,pass
IC,846,UV/86,16:08:00,16:08:00,pass
IC,846,JU/86,16:10:00,16:10:00,pass
IC,846,NG/86,16:12:00,16:14:00,stop
IC,846,SPR/86,16:19:00,16:19:00,stop
IC,846,KØ/86,16:25:00,16:27:00,stop
IC,846,FO/86,16:31:00,16:31:00,stop
IC,846,SG/86,16:34:00,16:36:00,stop
IC,846,SO/86,16:43:00,16:45:00,stop
IC,846,FJ/86,16:48:00,16:48:00,stop
IC,846,RG/86,16:52:00,16:54:00,stop
IC,846,ADA/86,16:58:00,16:58:00,stop
IC,846,BJS/86,17:02:00,17:02:00,pass
IC,846,LEL/86,17:04:00,17:04:00,pass
IC,846,KJN/86,17:06:00,17:08:00,stop
IC,846,JSF/86,17:09:00,17:09:00,stop
IC,846,KIB/86,17:14:00,17:14:00,pass
IC,846,AVH/86,17:18:00,17:18:00,pass
IC,846,IG/86,17:20:00,17:20:00,pass
IC,846,NEL/86,17:21:00,17:23:00,stop
IC,846,GB/86,17:24:00,17:24:00,stop
IC,846,KH/86,17:28:00,17:31:00,stop
IC,846,KN/86,17:33:00,17:34:00,stop
IC,846,KK/86,17:37:00,17:40:00,stop
IC,846,HGL/86,17:43:00,00:00:00,stop
IC,5752,FLB/80,00:00:00,08:05:00,stop
IC,5752,AHAL/80,08:12:00,08:12:00,stop
IC,5752,PAGR/86,08:13:00,08:13:00,pass
IC,5752,PA/86,08:15:00,08:21:00,stop
IC,5752,VK/86,08:25:00,08:25:00,stop
IC,5752,TE/86,08:30:00,08:32:00,stop
IC,5752,RQ/86,08:40:00,08:41:00,stop
IC,5752,OJ/86,08:51:00,08:52:00,stop
IC,5752,SST/86,08:57:00,08:57:00,stop
IC,5752,FZ/86,09:00:00,09:00:00,pass
IC,5752,VM/86,09:02:00,09:03:00,stop
IC,5752,LK/86,09:08:00,09:09:00,stop
IC,5752,KD/86,09:16:00,09:18:00,stop
IC,5752,TL/86,09:24:00,09:24:00,stop
IC,5752,FA/86,09:30:00,00:00:00,stop
IC,5753,FA/86,00:00:00,06:30:00,stop
IC,5753,TL/86,06:35:00,06:35:00,stop
IC,5753,KD/86,06:40:00,06:43:00,stop
IC,5753,LK/86,06:50:00,06:51:00,stop
IC,5753,VM/86,06:55:00,06:56:00,stop
IC,5753,FZ/86,06:59:00,06:59:00,stop
IC,5753,SST/86,07:02:00,07:02:00,pass
IC,5753,OJ/86,07:06:00,07:08:00,stop
IC,5753,RQ/86,07:17:00,07:19:00,stop
IC,5753,TE/86,07:27:00,07:29:00,stop
IC,5753,VK/86,07:34:00,07:34:00,stop
IC,5753,PA/86,07:39:00,07:42:00,stop
IC,5753,PAGR/86,07:43:00,07:43:00,stop
IC,5753,AHAL/80,07:45:00,07:45:00,pass
IC,5753,FLB/80,07:53:00,00:00:00,stop
IC,5760,FLB/80,00:00:00,16:05:00,stop
IC,5760,AHAL/80,16:12:00,16:12:00,stop
IC,5760,PAGR/86,16:13:00,16:13:00,pass
IC,5760,PA/86,16:15:00,16:21:00,stop
IC,5760,VK/86,16:25:00,16:25:00,stop
IC,5760,TE/86,16:30:00,16:32:00,stop
IC,5760,RQ/86,16:40:00,16:41:00,stop
IC,5760,OJ/86,16:51:00,16:52:00,stop
IC,5760,SST/86,16:57:00,16:57:00,stop
IC,5760,FZ/86,17:00:00,17:00:00,pass
IC,5760,VM/86,17:02:00,17:03:00,stop
IC,5760,LK/86,17:08:00,17:09:00,stop
IC,5760,KD/86,17:16:00,17:18:00,stop
IC,5760,TL/86,17:24:00,17:24:00,stop
IC,5760,FA/86,17:30:00,00:00:00,stop
IC,5761,FA/86,00:00:00,14:30:00,stop
IC,5761,TL/86,14:35:00,14:35:00,stop
IC,5761,KD/86,14:40:00,14:43:00,stop
IC,5761,LK/86,14:50:00,14:51:00,stop
IC,5761,VM/86,14:55:00,14:56:00,stop
IC,5761,FZ/86,14:59:00,14:59:00,stop
IC,5761,SST/86,15:02:00,15:02:00,pass
IC,5761,OJ/86,15:06:00,15:08:00,stop
IC,5761,RQ/86,15:17:00,15:19:00,stop
IC,5761,TE/86,15:27:00,15:29:00,stop
IC,5761,VK/86,15:34:00,15:34:00,stop
IC,5761,PA/86,15:39:00,15:42:00,stop
IC,5761,PAGR/86,15:43:00,15:43:00,stop
IC,5761,AHAL/80,15:45:00,15:45:00,pass
IC,5761,FLB/80,15:53:00,00:00:00,stop
IC,112,FA/86,00:00:00,06:56:00,stop
IC,112,SNO/86,06:59:00,06:59:00,stop
IC,112,MD/86,07:03:00,07:05:00,stop
IC,112,KA/86,07:09:00,07:09:00,stop
IC,112,NA/86,07:10:00,07:10:00,pass
IC,112,EB/86,07:12:00,07:12:00,pass
IC,112,GD/86,07:14:00,07:14:00,pass
IC,112,AP/86,07:16:00,07:16:00,pass
IC,112,BD/86,07:17:00,07:17:00,pass
IC,112,SC/86,07:18:00,07:18:00,pass
IC,112,TP/86,07:20:00,07:20:00,pass
IC,112,HP/86,07:22:00,07:22:00,pass
IC,112,OD/86,07:27:00,07:29:00,stop
IC,112,MV/86,07:34:00,07:34:00,stop
IC,112,LV/86,07:37:00,07:38:00,stop
IC,112,UV/86,07:41:00,07:41:00,stop
IC,112,JU/86,07:42:00,07:42:00,pass
IC,112,NG/86,07:45:00,07:47:00,stop
IC,112,SPR/86,07:53:00,07:53:00,stop
IC,112,KØ/86,07:59:00,08:00:00,stop
IC,112,FO/86,08:04:00,08:04:00,stop
IC,112,SG/86,08:08:00,08:10:00,stop
IC,112,SO/86,08:18:00,08:19:00,stop
IC,112,FJ/86,08:23:00,08:23:00,stop
IC,112,RG/86,08:27:00,08:29:00,stop
IC,112,KY/86,08:34:00,08:34:00,stop
IC,112,BO/86,08:37:00,08:37:00,pass
IC,112,VY/86,08:39:00,08:39:00,pass
IC,112,RO/86,08:44:00,08:46:00,stop
IC,112,TRK/86,08:48:00,08:48:00,stop
IC,112,HH/86,08:50:00,08:50:00,pass
IC,112,HTÅ/86,08:53:00,08:54:00,stop
IC,112,GL/86,08:59:00,08:59:00,stop
IC,112,HIF/86,09:01:00,09:01:00,pass
IC,112,VAL/86,09:03:00,09:04:00,stop
IC,112,KH/86,09:10:00,09:13:00,stop
IC,112,KN/86,09:15:00,09:16:00,stop
IC,112,KK/86,09:19:00,09:22:00,stop
IC,112,HGL/86,09:25:00,00:00:00,stop
IC,113,KH/86,00:00:00,03:50:00,stop
IC,113,VAL/86,03:53:00,03:55:00,stop
IC,113,HIF/86,03:58:00,03:58:00,stop
IC,113,GL/86,03:59:00,03:59:00,pass
IC,113,HTÅ/86,04:04:00,04:05:00,stop
IC,113,HH/86,04:08:00,04:08:00,stop
IC,113,TRK/86,04:10:00,04:10:00,pass
IC,113,RO/86,04:12:00,04:14:00,stop
IC,113,VY/86,04:19:00,04:19:00,stop
IC,113,BO/86,04:22:00,04:22:00,pass
IC,113,KY/86,04:25:00,04:25:00,pass
IC,113,RG/86,04:29:00,04:31:00,stop
IC,113,FJ/86,04:36:00,04:36:00,stop
IC,113,SO/86,04:39:00,04:40:00,stop
IC,113,SG/86,04:48:00,04:50:00,stop
IC,113,FO/86,04:54:00,04:54:00,stop
IC,113,KØ/86,04:58:00,04:59:00,stop
IC,113,SPR/86,05:05:00,05:05:00,stop
IC,113,NG/86,05:10:00,05:12:00,stop
IC,113,JU/86,05:15:00,05:15:00,stop
IC,113,UV/86,05:17:00,05:17:00,pass
IC,113,LV/86,05:20:00,05:21:00,stop
IC,113,MV/86,05:24:00,05:24:00,stop
IC,113,OD/86,05:28:00,05:31:00,stop
IC,113,HP/86,05:35:00,05:35:00,stop
IC,113,TP/86,05:38:00,05:38:00,pass
IC,113,SC/86,05:39:00,05:39:00,pass
IC,113,BD/86,05:40:00,05:40:00,pass
IC,113,AP/86,05:42:00,05:42:00,pass
IC,113,GD/86,05:44:00,05:44:00,pass
IC,113,EB/86,05:46:00,05:46:00,pass
IC,113,NA/86,05:48:00,05:48:00,pass
IC,113,KA/86,05:49:00,05:49:00,pass
IC,113,MD/86,05:53:00,05:54:00,stop
IC,113,SNO/86,05:58:00,05:58:00,stop
IC,113,FA/86,06:02:00,00:00:00,stop
IC,116,FA/86,00:00:00,07:56:00,stop
IC,116,SNO/86,07:59:00,07:59:00,stop
IC,116,MD/86,08:03:00,08:05:00,stop
IC,116,KA/86,08:09:00,08:09:00,stop
IC,116,NA/86,08:10:00,08:10:00,pass
IC,116,EB/86,08:12:00,08:12:00,pass
IC,116,GD/86,08:14:00,08:14:00,pass
IC,116,AP/86,08:16:00,08:16:00,pass
IC,116,BD/86,08:17:00,08:17:00,pass
IC,116,SC/86,08:18:00,08:18:00,pass
IC,116,TP/86,08:20:00,08:20:00,pass
IC,116,HP/86,08:22:00,08:22:00,pass
IC,116,OD/86,08:27:00,08:29:00,stop
IC,116,MV/86,08:34:00,08:34:00,stop
IC,116,LV/86,08:37:00,08:38:00,stop
IC,116,UV/86,08:41:00,08:41:00,stop
IC,116,JU/86,08:42:00,08:42:00,pass
IC,116,NG/86,08:45:00,08:47:00,stop
IC,116,SPR/86,08:53:00,08:53:00,stop
IC,116,KØ/86,08:59:00,09:00:00,stop
IC,116,FO/86,09:04:00,09:04:00,stop
IC,116,SG/86,09:08:00,09:10:00,stop
IC,116,SO/86,09:18:00,09:19:00,stop
IC,116,FJ/86,09:23:00,09:23:00,stop
IC,116,RG/86,09:27:00,09:29:00,stop
IC,116,KY/86,09:34:00,09:34:00,stop
IC,116,BO/86,09:37:00,09:37:00,pass
IC,116,VY/86,09:39:00,09:39:00,pass
IC,116,RO/86,09:44:00,09:46:00,stop
IC,116,TRK/86,09:48:00,09:48:00,stop
IC,116,HH/86,09:50:00,09:50:00,pass
IC,116,HTÅ/86,09:53:00,09:54:00,stop
IC,116,GL/86,09:59:00,09:59:00,stop
IC,116,HIF/86,10:01:00,10:01:00,pass
IC,116,VAL/86,10:03:00,10:04:00,stop
IC,116,KH/86,10:10:00,10:13:00,stop
IC,116,KN/86,10:15:00,10:16:00,stop
IC,116,KK/86,10:19:00,10:22:00,stop
IC,116,HGL/86,10:25:00,00:00:00,stop
IC,117,KH/86,00:00:00,04:50:00,stop
IC,117,VAL/86,04:53:00,04:55:00,stop
IC,117,HIF/86,04:58:00,04:58:00,stop
IC,117,GL/86,04:59:00,04:59:00,pass
IC,117,HTÅ/86,05:04:00,05:05:00,stop
IC,117,HH/86,05:08:00,05:08:00,stop
IC,117,TRK/86,05:10:00,05:10:00,pass
IC,117,RO/86,05:12:00,05:14:00,stop
IC,117,VY/86,05:19:00,05:19:00,stop
IC,117,BO/86,05:22:00,05:22:00,pass
IC,117,KY/86,05:25:00,05:25:00,pass
IC,117,RG/86,05:29:00,05:31:00,stop
IC,117,FJ/86,05:36:00,05:36:00,stop
IC,117,SO/86,05:39:00,05:40:00,stop
IC,117,SG/86,05:48:00,05:50:00,stop
IC,117,FO/86,05:54:00,05:54:00,stop
IC,117,KØ/86,05:58:00,05:59:00,stop
IC,117,SPR/86,06:05:00,06:05:00,stop
IC,117,NG/86,06:10:00,06:12:00,stop
IC,117,JU/86,06:15:00,06:15:00,stop
IC,117,UV/86,06:17:00,06:17:00,pass
IC,117,LV/86,06:20:00,06:21:00,stop
IC,117,MV/86,06:24:00,06:24:00,stop
IC,117,OD/86,06:28:00,06:31:00,stop
IC,117,HP/86,06:35:00,06:35:00,stop
IC,117,TP/86,06:38:00,06:38:00,pass
IC,117,SC/86,06:39:00,06:39:00,pass
IC,117,BD/86,06:40:00,06:40:00,pass
IC,117,AP/86,06:42:00,06:42:00,pass
IC,117,GD/86,06:44:00,06:44:00,pass
IC,117,EB/86,06:46:00,06:46:00,pass
IC,117,NA/86,06:48:00,06:48:00,pass
IC,117,KA/86,06:49:00,06:49:00,pass
IC,117,MD/86,06:53:00,06:54:00,stop
IC,117,SNO/86,06:58:00,06:58:00,stop
IC,117,FA/86,07:02:00,00:00:00,stop
IC,120,AR/86,00:00:00,07:50:00,stop
IC,120,KGV/86,07:52:00,07:52:00,stop
IC,120,VI/86,07:53:00,07:53:00,pass
IC,120,HC/86,07:56:00,07:56:00,pass
IC,120,HX/86,07:58:00,07:58:00,pass
IC,120,SD/86,08:02:00,08:03:00,stop
IC,120,HÅ/86,08:10:00,08:10:00,stop
IC,120,HS/86,08:17:00,08:19:00,stop
IC,120,HED/86,08:27:00,08:27:00,stop
IC,120,VJ/86,08:34:00,08:36:00,stop
IC,120,BET/86,08:41:00,08:41:00,stop
IC,120,BK/86,08:43:00,08:43:00,pass
IC,120,FA/86,08:51:00,08:56:00,stop
IC,120,SNO/86,08:59:00,08:59:00,stop
IC,120,MD/86,09:03:00,09:05:00,stop
IC,120,KA/86,09:09:00,09:09:00,stop
IC,120,NA/86,09:10:00,09:10:00,pass
IC,120,EB/86,09:12:00,09:12:00,pass
IC,120,GD/86,09:14:00,09:14:00,pass
IC,120,AP/86,09:16:00,09:16:00,pass
IC,120,BD/86,09:17:00,09:17:00,pass
IC,120,SC/86,09:18:00,09:18:00,pass
IC,120,TP/86,09:20:00,09:20:00,pass
IC,120,HP/86,09:22:00,09:22:00,pass
IC,120,OD/86,09:27:00,09:29:00,stop
IC,120,MV/86,09:34:00,09:34:00,stop
IC,120,LV/86,09:37:00,09:38:00,stop
IC,120,UV/86,09:41:00,09:41:00,stop
IC,120,JU/86,09:42:00,09:42:00,pass
IC,120,NG/86,09:45:00,09:47:00,stop
IC,120,SPR/86,09:53:00,09:53:00,stop
IC,120,KØ/86,09:59:00,10:00:00,stop
IC,120,FO/86,10:04:00,10:04:00,stop
IC,120,SG/86,10:08:00,10:10:00,stop
IC,120,SO/86,10:18:00,10:19:00,stop
IC,120,FJ/86,10:23:00,10:23:00,stop
IC,120,RG/86,10:27:00,10:29:00,stop
IC,120,KY/86,10:34:00,10:34:00,stop
IC,120,BO/86,10:37:00,10:37:00,pass
IC,120,VY/86,10:39:00,10:39:00,pass
IC,120,RO/86,10:44:00,10:46:00,stop
IC,120,TRK/86,10:48:00,10:48:00,stop
IC,120,HH/86,10:50:00,10:50:00,pass
IC,120,HTÅ/86,10:53:00,10:54:00,stop
IC,120,GL/86,10:59:00,10:59:00,stop
IC,120,HIF/86,11:01:00,11:01:00,pass
IC,120,VAL/86,11:03:00,11:04:00,stop
IC,120,KH/86,11:10:00,11:13:00,stop
IC,120,KN/86,11:15:00,11:16:00,stop
IC,120,KK/86,11:19:00,00:00:00,stop
IC,121,KH/86,00:00:00,05:50:00,stop
IC,121,VAL/86,05:53:00,05:55:00,stop
IC,121,HIF/86,05:58:00,05:58:00,stop
IC,121,GL/86,05:59:00,05:59:00,pass
IC,121,HTÅ/86,06:04:00,06:05:00,stop
IC,121,HH/86,06:08:00,06:08:00,stop
IC,121,TRK/86,06:10:00,06:10:00,pass
IC,121,RO/86,06:12:00,06:14:00,stop
IC,121,VY/86,06:19:00,06:19:00,stop
IC,121,BO/86,06:22:00,06:22:00,pass
IC,121,KY/86,06:25:00,06:25:00,pass
IC,121,RG/86,06:29:00,06:31:00,stop
IC,121,FJ/86,06:36:00,06:36:00,stop
IC,121,SO/86,06:39:00,06:40:00,stop
IC,121,SG/86,06:48:00,06:50:00,stop
IC,121,FO/86,06:54:00,06:54:00,stop
IC,121,KØ/86,06:58:00,06:59:00,stop
IC,121,SPR/86,07:05:00,07:05:00,stop
IC,121,NG/86,07:10:00,07:12:00,stop
IC,121,JU/86,07:15:00,07:15:00,stop
IC,121,UV/86,07:17:00,07:17:00,pass
IC,121,LV/86,07:20:00,07:21:00,stop
IC,121,MV/86,07:24:00,07:24:00,stop
IC,121,OD/86,07:28:00,07:31:00,stop
IC,121,HP/86,07:35:00,07:35:00,stop
IC,121,TP/86,07:38:00,07:38:00,pass
IC,121,SC/86,07:39:00,07:39:00,pass
IC,121,BD/86,07:40:00,07:40:00,pass
IC,121,AP/86,07:42:00,07:42:00,pass
IC,121,GD/86,07:44:00,07:44:00,pass
IC,121,EB/86,07:46:00,07:46:00,pass
IC,121,NA/86,07:48:00,07:48:00,pass
IC,121,KA/86,07:49:00,07:49:00,pass
IC,121,MD/86,07:53:00,07:54:00,stop
IC,121,SNO/86,07:58:00,07:58:00,stop
IC,121,FA/86,08:02:00,00:00:00,stop
IC,124,FA/86,00:00:00,09:56:00,stop
IC,124,SNO/86,09:59:00,09:59:00,stop
IC,124,MD/86,10:03:00,10:05:00,stop
IC,124,KA/86,10:09:00,10:09:00,stop
IC,124,NA/86,10:10:00,10:10:00,pass
IC,124,EB/86,10:12:00,10:12:00,pass
IC,124,GD/86,10:14:00,10:14:00,pass
IC,124,AP/86,10:16:00,10:16:00,pass
IC,124,BD/86,10:17:00,10:17:00,pass
IC,124,SC/86,10:18:00,10:18:00,pass
IC,124,TP/86,10:20:00,10:20:00,pass
IC,124,HP/86,10:22:00,10:22:00,pass
IC,124,OD/86,10:27:00,10:29:00,stop
IC,124,MV/86,10:34:00,10:34:00,stop
IC,124,LV/86,10:37:00,10:38:00,stop
IC,124,UV/86,10:41:00,10:41:00,stop
IC,124,JU/86,10:42:00,10:42:00,pass
IC,124,NG/86,10:45:00,10:47:00,stop
IC,124,SPR/86,10:53:00,10:53:00,stop
IC,124,KØ/86,10:59:00,11:00:00,stop
IC,124,FO/86,11:04:00,11:04:00,stop
IC,124,SG/86,11:08:00,11:10:00,stop
IC,124,SO/86,11:18:00,11:19:00,stop
IC,124,FJ/86,11:23:00,11:23:00,stop
IC,124,RG/86,11:27:00,11:29:00,stop
IC,124,KY/86,11:34:00,11:34:00,stop
IC,124,BO/86,11:37:00,11:37:00,pass
IC,124,VY/86,11:39:00,11:39:00,pass
IC,124,RO/86,11:44:00,11:46:00,stop
IC,124,TRK/86,11:48:00,11:48:00,stop
IC,124,HH/86,11:50:00,11:50:00,pass
IC,124,HTÅ/86,11:53:00,11:54:00,stop
IC,124,GL/86,11:59:00,11:59:00,stop
IC,124,HIF/86,12:01:00,12:01:00,pass
IC,124,VAL/86,12:03:00,12:04:00,stop
IC,124,KH/86,12:10:00,00:00:00,stop
IC,125,KK/86,00:00:00,06:41:00,stop
IC,125,KN/86,06:43:00,06:44:00,stop
IC,125,KH/86,06:47:00,06:50:00,stop
IC,125,VAL/86,06:53:00,06:55:00,stop
IC,125,HIF/86,06:58:00,06:58:00,stop
IC,125,GL/86,06:59:00,06:59:00,pass
IC,125,HTÅ/86,07:04:00,07:05:00,stop
IC,125,HH/86,07:08:00,07:08:00,stop
IC,125,TRK/86,07:10:00,07:10:00,pass
IC,125,RO/86,07:12:00,07:14:00,stop
IC,125,VY/86,07:19:00,07:19:00,stop
IC,125,BO/86,07:22:00,07:22:00,pass
IC,125,KY/86,07:25:00,07:25:00,pass
IC,125,RG/86,07:29:00,07:31:00,stop
IC,125,FJ/86,07:36:00,07:36:00,stop
IC,125,SO/86,07:39:00,07:40:00,stop
IC,125,SG/86,07:48:00,07:50:00,stop
IC,125,FO/86,07:54:00,07:54:00,stop
IC,125,KØ/86,07:58:00,07:59:00,stop
IC,125,SPR/86,08:05:00,08:05:00,stop
IC,125,NG/86,08:10:00,08:12:00,stop
IC,125,JU/86,08:15:00,08:15:00,stop
IC,125,UV/86,08:17:00,08:17:00,pass
IC,125,LV/86,08:20:00,08:21:00,stop
IC,125,MV/86,08:24:00,08:24:00,stop
IC,125,OD/86,08:28:00,08:31:00,stop
IC,125,HP/86,08:35:00,08:35:00,stop
IC,125,TP/86,08:38:00,08:38:00,pass
IC,125,SC/86,08:39:00,08:39:00,pass
IC,125,BD/86,08:40:00,08:40:00,pass
IC,125,AP/86,08:42:00,08:42:00,pass
IC,125,GD/86,08:44:00,08:44:00,pass
IC,125,EB/86,08:46:00,08:46:00,pass
IC,125,NA/86,08:48:00,08:48:00,pass
IC,125,KA/86,08:49:00,08:49:00,pass
IC,125,MD/86,08:53:00,08:54:00,stop
IC,125,SNO/86,08:58:00,08:58:00,stop
IC,125,FA/86,09:02:00,09:09:00,stop
IC,125,BK/86,09:15:00,09:15:00,stop
IC,125,BET/86,09:16:00,09:16:00,pass
IC,125,VJ/86,09:22:00,09:24:00,stop
IC,125,HED/86,09:31:00,09:31:00,stop
IC,125,HS/86,09:38:00,09:40:00,stop
IC,125,HÅ/86,09:47:00,09:47:00,stop
IC,125,SD/86,09:54:00,09:55:00,stop
IC,125,HX/86,10:00:00,10:00:00,stop
IC,125,HC/86,10:02:00,10:02:00,pass
IC,125,VI/86,10:04:00,10:04:00,pass
IC,125,KGV/86,10:05:00,10:05:00,pass
IC,125,AR/86,10:08:00,00:00:00,stop
IC,128,FA/86,00:00:00,10:56:00,stop
IC,128,SNO/86,10:59:00,10:59:00,stop
IC,128,MD/86,11:03:00,11:05:00,stop
IC,128,KA/86,11:09:00,11:09:00,stop
IC,128,NA/86,11:10:00,11:10:00,pass
IC,128,EB/86,11:12:00,11:12:00,pass
IC,128,GD/86,11:14:00,11:14:00,pass
IC,128,AP/86,11:16:00,11:16:00,pass
IC,128,BD/86,11:17:00,11:17:00,pass
IC,128,SC/86,11:18:00,11:18:00,pass
IC,128,TP/86,11:20:00,11:20:00,pass
IC,128,HP/86,11:22:00,11:22:00,pass
IC,128,OD/86,11:27:00,11:29:00,stop
IC,128,MV/86,11:34:00,11:34:00,stop
IC,128,LV/86,11:37:00,11:38:00,stop
IC,128,UV/86,11:41:00,11:41:00,stop
IC,128,JU/86,11:42:00,11:42:00,pass
IC,128,NG/86,11:45:00,11:47:00,stop
IC,128,SPR/86,11:53:00,11:53:00,stop
IC,128,KØ/86,11:59:00,12:00:00,stop
IC,128,FO/86,12:04:00,12:04:00,stop
IC,128,SG/86,12:08:00,12:10:00,stop
IC,128,SO/86,12:18:00,12:19:00,stop
IC,128,FJ/86,12:23:00,12:23:00,stop
IC,128,RG/86,12:27:00,12:29:00,stop
IC,128,KY/86,12:34:00,12:34:00,stop
IC,128,BO/86,12:37:00,12:37:00,pass
IC,128,VY/86,12:39:00,12:39:00,pass
IC,128,RO/86,12:44:00,12:46:00,stop
IC,128,TRK/86,12:48:00,12:48:00,stop
IC,128,HH/86,12:50:00,12:50:00,pass
IC,128,HTÅ/86,12:53:00,12:54:00,stop
IC,128,GL/86,12:59:00,12:59:00,stop
IC,128,HIF/86,13:01:00,13:01:00,pass
IC,128,VAL/86,13:03:00,13:04:00,stop
IC,128,KH/86,13:10:00,13:13:00,stop
IC,128,KN/86,13:15:00,13:16:00,stop
IC,128,KK/86,13:19:00,00:00:00,stop
IC,129,KK/86,00:00:00,07:41:00,stop
IC,129,KN/86,07:43:00,07:44:00,stop
IC,129,KH/86,07:47:00,07:50:00,stop
IC,129,VAL/86,07:53:00,07:55:00,stop
IC,129,HIF/86,07:58:00,07:58:00,stop
IC,129,GL/86,07:59:00,07:59:00,pass
IC,129,HTÅ/86,08:04:00,08:05:00,stop
IC,129,HH/86,08:08:00,08:08:00,stop
IC,129,TRK/86,08:10:00,08:10:00,pass
IC,129,RO/86,08:12:00,08:14:00,stop
IC,129,VY/86,08:19:00,08:19:00,stop
IC,129,BO/86,08:22:00,08:22:00,pass
IC,129,KY/86,08:25:00,08:25:00,pass
IC,129,RG/86,08:29:00,08:31:00,stop
IC,129,FJ/86,08:36:00,08:36:00,stop
IC,129,SO/86,08:39:00,08:40:00,stop
IC,129,SG/86,08:48:00,08:50:00,stop
IC,129,FO/86,08:54:00,08:54:00,stop
IC,129,KØ/86,08:58:00,08:59:00,stop
IC,129,SPR/86,09:05:00,09:05:00,stop
IC,129,NG/86,09:10:00,09:12:00,stop
IC,129,JU/86,09:15:00,09:15:00,stop
IC,129,UV/86,09:17:00,09:17:00,pass
IC,129,LV/86,09:20:00,09:21:00,stop
IC,129,MV/86,09:24:00,09:24:00,stop
IC,129,OD/86,09:28:00,09:31:00,stop
IC,129,HP/86,09:35:00,09:35:00,stop
IC,129,TP/86,09:38:00,09:38:00,pass
IC,129,SC/86,09:39:00,09:39:00,pass
IC,129,BD/86,09:40:00,09:40:00,pass
IC,129,AP/86,09:42:00,09:42:00,pass
IC,129,GD/86,09:44:00,09:44:00,pass
IC,129,EB/86,09:46:00,09:46:00,pass
IC,129,NA/86,09:48:00,09:48:00,pass
IC,129,KA/86,09:49:00,09:49:00,pass
IC,129,MD/86,09:53:00,09:54:00,stop
IC,129,SNO/86,09:58:00,09:58:00,stop
IC,129,FA/86,10:02:00,00:00:00,stop
IC,132,FA/86,00:00:00,11:56:00,stop
IC,132,SNO/86,11:59:00,11:59:00,stop
IC,132,MD/86,12:03:00,12:05:00,stop
IC,132,KA/86,12:09:00,12:09:00,stop
IC,132,NA/86,12:10:00,12:10:00,pass
IC,132,EB/86,12:12:00,12:12:00,pass
IC,132,GD/86,12:14:00,12:14:00,pass
IC,132,AP/86,12:16:00,12:16:00,pass
IC,132,BD/86,12:17:00,12:17:00,pass
IC,132,SC/86,12:18:00,12:18:00,pass
IC,132,TP/86,12:20:00,12:20:00,pass
IC,132,HP/86,12:22:00,12:22:00,pass
IC,132,OD/86,12:27:00,12:29:00,stop
IC,132,MV/86,12:34:00,12:34:00,stop
IC,132,LV/86,12:37:00,12:38:00,stop
IC,132,UV/86,12:41:00,12:41:00,stop
IC,132,JU/86,12:42:00,12:42:00,pass
IC,132,NG/86,12:45:00,12:47:00,stop
IC,132,SPR/86,12:53:00,12:53:00,stop
IC,132,KØ/86,12:59:00,13:00:00,stop
IC,132,FO/86,13:04:00,13:04:00,stop
IC,132,SG/86,13:08:00,13:10:00,stop
IC,132,SO/86,13:18:00,13:19:00,stop
IC,132,FJ/86,13:23:00,13:23:00,stop
IC,132,RG/86,13:27:00,13:29:00,stop
IC,132,KY/86,13:34:00,13:34:00,stop
IC,132,BO/86,13:37:00,13:37:00,pass
IC,132,VY/86,13:39:00,13:39:00,pass
IC,132,RO/86,13:44:00,13:46:00,stop
IC,132,TRK/86,13:48:00,13:48:00,stop
IC,132,HH/86,13:50:00,13:50:00,pass
IC,132,HTÅ/86,13:53:00,13:54:00,stop
IC,132,GL/86,13:59:00,13:59:00,stop
IC,132,HIF/86,14:01:00,14:01:00,pass
IC,132,VAL/86,14:03:00,14:04:00,stop
IC,132,KH/86,14:10:00,14:13:00,stop
IC,132,KN/86,14:15:00,14:16:00,stop
IC,132,KK/86,14:19:00,14:26:00,stop
IC,132,HGL/86,14:29:00,00:00:00,stop
IC,133,HGL/86,00:00:00,08:35:00,stop
IC,133,KK/86,08:38:00,08:41:00,stop
IC,133,KN/86,08:43:00,08:44:00,stop
IC,133,KH/86,08:47:00,08:50:00,stop
IC,133,VAL/86,08:53:00,08:55:00,stop
IC,133,HIF/86,08:58:00,08:58:00,stop
IC,133,GL/86,08:59:00,08:59:00,pass
IC,133,HTÅ/86,09:04:00,09:05:00,stop
IC,133,HH/86,09:08:00,09:08:00,stop
IC,133,TRK/86,09:10:00,09:10:00,pass
IC,133,RO/86,09:12:00,09:14:00,stop
IC,133,VY/86,09:19:00,09:19:00,stop
IC,133,BO/86,09:22:00,09:22:00,pass
IC,133,KY/86,09:25:00,09:25:00,pass
IC,133,RG/86,09:29:00,09:31:00,stop
IC,133,FJ/86,09:36:00,09:36:00,stop
IC,133,SO/86,09:39:00,09:40:00,stop
IC,133,SG/86,09:48:00,09:50:00,stop
IC,133,FO/86,09:54:00,09:54:00,stop
IC,133,KØ/86,09:58:00,09:59:00,stop
IC,133,SPR/86,10:05:00,10:05:00,stop
IC,133,NG/86,10:10:00,10:12:00,stop
IC,133,JU/86,10:15:00,10:15:00,stop
IC,133,UV/86,10:17:00,10:17:00,pass
IC,133,LV/86,10:20:00,10:21:00,stop
IC,133,MV/86,10:24:00,10:24:00,stop
IC,133,OD/86,10:28:00,10:31:00,stop
IC,133,HP/86,10:35:00,10:35:00,stop
IC,133,TP/86,10:38:00,10:38:00,pass
IC,133,SC/86,10:39:00,10:39:00,pass
IC,133,BD/86,10:40:00,10:40:00,pass
IC,133,AP/86,10:42:00,10:42:00,pass
IC,133,GD/86,10:44:00,10:44:00,pass
IC,133,EB/86,10:46:00,10:46:00,pass
IC,133,NA/86,10:48:00,10:48:00,pass
IC,133,KA/86,10:49:00,10:49:00,pass
IC,133,MD/86,10:53:00,10:54:00,stop
IC,133,SNO/86,10:58:00,10:58:00,stop
IC,133,FA/86,11:02:00,00:00:00,stop
IC,136,AR/86,00:00:00,11:50:00,stop
IC,136,KGV/86,11:52:00,11:52:00,stop
IC,136,VI/86,11:53:00,11:53:00,pass
IC,136,HC/86,11:56:00,11:56:00,pass
IC,136,HX/86,11:58:00,11:58:00,pass
IC,136,SD/86,12:02:00,12:03:00,stop
IC,136,HÅ/86,12:10:00,12:10:00,stop
IC,136,HS/86,12:17:00,12:19:00,stop
IC,136,HED/86,12:27:00,12:27:00,stop
IC,136,VJ/86,12:34:00,12:36:00,stop
IC,136,BET/86,12:41:00,12:41:00,stop
IC,136,BK/86,12:43:00,12:43:00,pass
IC,136,FA/86,12:51:00,12:56:00,stop
IC,136,SNO/86,12:59:00,12:59:00,stop
IC,136,MD/86,13:03:00,13:05:00,stop
IC,136,KA/86,13:09:00,13:09:00,stop
IC,136,NA/86,13:10:00,13:10:00,pass
IC,136,EB/86,13:12:00,13:12:00,pass
IC,136,GD/86,13:14:00,13:14:00,pass
IC,136,AP/86,13:16:00,13:16:00,pass
IC,136,BD/86,13:17:00,13:17:00,pass
IC,136,SC/86,13:18:00,13:18:00,pass
IC,136,TP/86,13:20:00,13:20:00,pass
IC,136,HP/86,13:22:00,13:22:00,pass
IC,136,OD/86,13:27:00,13:29:00,stop
IC,136,MV/86,13:34:00,13:34:00,stop
IC,136,LV/86,13:37:00,13:38:00,stop
IC,136,UV/86,13:41:00,13:41:00,stop
IC,136,JU/86,13:42:00,13:42:00,pass
IC,136,NG/86,13:45:00,13:47:00,stop
IC,136,SPR/86,13:53:00,13:53:00,stop
IC,136,KØ/86,13:59:00,14:00:00,stop
IC,136,FO/86,14:04:00,14:04:00,stop
IC,136,SG/86,14:08:00,14:10:00,stop
IC,136,SO/86,14:18:00,14:19:00,stop
IC,136,FJ/86,14:23:00,14:23:00,stop
IC,136,RG/86,14:27:00,14:29:00,stop
IC,136,KY/86,14:34:00,14:34:00,stop
IC,136,BO/86,14:37:00,14:37:00,pass
IC,136,VY/86,14:39:00,14:39:00,pass
IC,136,RO/86,14:44:00,14:46:00,stop
IC,136,TRK/86,14:48:00,14:48:00,stop
IC,136,HH/86,14:50:00,14:50:00,pass
IC,136,HTÅ/86,14:53:00,14:54:00,stop
IC,136,GL/86,14:59:00,14:59:00,stop
IC,136,HIF/86,15:01:00,15:01:00,pass
IC,136,VAL/86,15:03:00,15:04:00,stop
IC,136,KH/86,15:10:00,15:13:00,stop
IC,136,KN/86,15:15:00,15:16:00,stop
IC,136,KK/86,15:19:00,15:26:00,stop
IC,136,HGL/86,15:29:00,00:00:00,stop
IC,137,KH/86,00:00:00,09:50:00,stop
IC,137,VAL/86,09:53:00,09:55:00,stop
IC,137,HIF/86,09:58:00,09:58:00,stop
IC,137,GL/86,09:59:00,09:59:00,pass
IC,137,HTÅ/86,10:04:00,10:05:00,stop
IC,137,HH/86,10:08:00,10:08:00,stop
IC,137,TRK/86,10:10:00,10:10:00,pass
IC,137,RO/86,10:12:00,10:14:00,stop
IC,137,VY/86,10:19:00,10:19:00,stop
IC,137,BO/86,10:22:00,10:22:00,pass
IC,137,KY/86,10:25:00,10:25:00,pass
IC,137,RG/86,10:29:00,10:31:00,stop
IC,137,FJ/86,10:36:00,10:36:00,stop
IC,137,SO/86,10:39:00,10:40:00,stop
IC,137,SG/86,10:48:00,10:50:00,stop
IC,137,FO/86,10:54:00,10:54:00,stop
IC,137,KØ/86,10:58:00,10:59:00,stop
IC,137,SPR/86,11:05:00,11:05:00,stop
IC,137,NG/86,11:10:00,11:12:00,stop
IC,137,JU/86,11:15:00,11:15:00,stop
IC,137,UV/86,11:17:00,11:17:00,pass
IC,137,LV/86,11:20:00,11:21:00,stop
IC,137,MV/86,11:24:00,11:24:00,stop
IC,137,OD/86,11:28:00,11:31:00,stop
IC,137,HP/86,11:35:00,11:35:00,stop
IC,137,TP/86,11:38:00,11:38:00,pass
IC,137,SC/86,11:39:00,11:39:00,pass
IC,137,BD/86,11:40:00,11:40:00,pass
IC,137,AP/86,11:42:00,11:42:00,pass
IC,137,GD/86,11:44:00,11:44:00,pass
IC,137,EB/86,11:46:00,11:46:00,pass
IC,137,NA/86,11:48:00,11:48:00,pass
IC,137,KA/86,11:49:00,11:49:00,pass
IC,137,MD/86,11:53:00,11:54:00,stop
IC,137,SNO/86,11:58:00,11:58:00,stop
IC,137,FA/86,12:02:00,00:00:00,stop
IC,140,FA/86,00:00:00,13:56:00,stop
IC,140,SNO/86,13:59:00,13:59:00,stop
IC,140,MD/86,14:03:00,14:05:00,stop
IC,140,KA/86,14:09:00,14:09:00,stop
IC,140,NA/86,14:10:00,14:10:00,pass
IC,140,EB/86,14:12:00,14:12:00,pass
IC,140,GD/86,14:14:00,14:14:00,pass
IC,140,AP/86,14:16:00,14:16:00,pass
IC,140,BD/86,14:17:00,14:17:00,pass
IC,140,SC/86,14:18:00,14:18:00,pass
IC,140,TP/86,14:20:00,14:20:00,pass
IC,140,HP/86,14:22:00,14:22:00,pass
IC,140,OD/86,14:27:00,14:29:00,stop
IC,140,MV/86,14:34:00,14:34:00,stop
IC,140,LV/86,14:37:00,14:38:00,stop
IC,140,UV/86,14:41:00,14:41:00,stop
IC,140,JU/86,14:42:00,14:42:00,pass
IC,140,NG/86,14:45:00,14:47:00,stop
IC,140,SPR/86,14:53:00,14:53:00,stop
IC,140,KØ/86,14:59:00,15:00:00,stop
IC,140,FO/86,15:04:00,15:04:00,stop
IC,140,SG/86,15:08:00,15:10:00,stop
IC,140,SO/86,15:18:00,15:19:00,stop
IC,140,FJ/86,15:23:00,15:23:00,stop
IC,140,RG/86,15:27:00,15:29:00,stop
IC,140,KY/86,15:34:00,15:34:00,stop
IC,140,BO/86,15:37:00,15:37:00,pass
IC,140,VY/86,15:39:00,15:39:00,pass
IC,140,RO/86,15:44:00,15:46:00,stop
IC,140,TRK/86,15:48:00,15:48:00,stop
IC,140,HH/86,15:50:00,15:50:00,pass
IC,140,HTÅ/86,15:53:00,15:54:00,stop
IC,140,GL/86,15:59:00,15:59:00,stop
IC,140,HIF/86,16:01:00,16:01:00,pass
IC,140,VAL/86,16:03:00,16:04:00,stop
IC,140,KH/86,16:10:00,16:13:00,stop
IC,140,KN/86,16:15:00,16:16:00,stop
IC,140,KK/86,16:19:00,00:00:00,stop
IC,141,KH/86,00:00:00,10:50:00,stop
IC,141,VAL/86,10:53:00,10:55:00,stop
IC,141,HIF/86,10:58:00,10:58:00,stop
IC,141,GL/86,10:59:00,10:59:00,pass
IC,141,HTÅ/86,11:04:00,11:05:00,stop
IC,141,HH/86,11:08:00,11:08:00,stop
IC,141,TRK/86,11:10:00,11:10:00,pass
IC,141,RO/86,11:12:00,11:14:00,stop
IC,141,VY/86,11:19:00,11:19:00,stop
IC,141,BO/86,11:22:00,11:22:00,pass
IC,141,KY/86,11:25:00,11:25:00,pass
IC,141,RG/86,11:29:00,11:31:00,stop
IC,141,FJ/86,11:36:00,11:36:00,stop
IC,141,SO/86,11:39:00,11:40:00,stop
IC,141,SG/86,11:48:00,11:50:00,stop
IC,141,FO/86,11:54:00,11:54:00,stop
IC,141,KØ/86,11:58:00,11:59:00,stop
IC,141,SPR/86,12:05:00,12:05:00,stop
IC,141,NG/86,12:10:00,12:12:00,stop
IC,141,JU/86,12:15:00,12:15:00,stop
IC,141,UV/86,12:17:00,12:17:00,pass
IC,141,LV/86,12:20:00,12:21:00,stop
IC,141,MV/86,12:24:00,12:24:00,stop
IC,141,OD/86,12:28:00,12:31:00,stop
IC,141,HP/86,12:35:00,12:35:00,stop
IC,141,TP/86,12:38:00,12:38:00,pass
IC,141,SC/86,12:39:00,12:39:00,pass
IC,141,BD/86,12:40:00,12:40:00,pass
IC,141,AP/86,12:42:00,12:42:00,pass
IC,141,GD/86,12:44:00,12:44:00,pass
IC,141,EB/86,12:46:00,12:46:00,pass
IC,141,NA/86,12:48:00,12:48:00,pass
IC,141,KA/86,12:49:00,12:49:00,pass
IC,141,MD/86,12:53:00,12:54:00,stop
IC,141,SNO/86,12:58:00,12:58:00,stop
IC,141,FA/86,13:02:00,13:09:00,stop
IC,141,BK/86,13:15:00,13:15:00,stop
IC,141,BET/86,13:16:00,13:16:00,pass
IC,141,VJ/86,13:22:00,13:24:00,stop
IC,141,HED/86,13:31:00,13:31:00,stop
IC,141,HS/86,13:38:00,13:40:00,stop
IC,141,HÅ/86,13:47:00,13:47:00,stop
IC,141,SD/86,13:54:00,13:55:00,stop
IC,141,HX/86,14:00:00,14:00:00,stop
IC,141,HC/86,14:02:00,14:02:00,pass
IC,141,VI/86,14:04:00,14:04:00,pass
IC,141,KGV/86,14:05:00,14:05:00,pass
IC,141,AR/86,14:08:00,00:00:00,stop
IC,144,FA/86,00:00:00,14:56:00,stop
IC,144,SNO/86,14:59:00,14:59:00,stop
IC,144,MD/86,15:03:00,15:05:00,stop
IC,144,KA/86,15:09:00,15:09:00,stop
IC,144,NA/86,15:10:00,15:10:00,pass
IC,144,EB/86,15:12:00,15:12:00,pass
IC,144,GD/86,15:14:00,15:14:00,pass
IC,144,AP/86,15:16:00,15:16:00,pass
IC,144,BD/86,15:17:00,15:17:00,pass
IC,144,SC/86,15:18:00,15:18:00,pass
IC,144,TP/86,15:20:00,15:20:00,pass
IC,144,HP/86,15:22:00,15:22:00,pass
IC,144,OD/86,15:27:00,15:29:00,stop
IC,144,MV/86,15:34:00,15:34:00,stop
IC,144,LV/86,15:37:00,15:38:00,stop
IC,144,UV/86,15:41:00,15:41:00,stop
IC,144,JU/86,15:42:00,15:42:00,pass
IC,144,NG/86,15:45:00,15:47:00,stop
IC,144,SPR/86,15:53:00,15:53:00,stop
IC,144,KØ/86,15:59:00,16:00:00,stop
IC,144,FO/86,16:04:00,16:04:00,stop
IC,144,SG/86,16:08:00,16:10:00,stop
IC,144,SO/86,16:18:00,16:19:00,stop
IC,144,FJ/86,16:23:00,16:23:00,stop
IC,144,RG/86,16:27:00,16:29:00,stop
IC,144,KY/86,16:34:00,16:34:00,stop
IC,144,BO/86,16:37:00,16:37:00,pass
IC,144,VY/86,16:39:00,16:39:00,pass
IC,144,RO/86,16:44:00,16:46:00,stop
IC,144,TRK/86,16:48:00,16:48:00,stop
IC,144,HH/86,16:50:00,16:50:00,pass
IC,144,HTÅ/86,16:53:00,16:54:00,stop
IC,144,GL/86,16:59:00,16:59:00,stop
IC,144,HIF/86,17:01:00,17:01:00,pass
IC,144,VAL/86,17:03:00,17:04:00,stop
IC,144,KH/86,17:10:00,17:13:00,stop
IC,144,KN/86,17:15:00,17:16:00,stop
IC,144,KK/86,17:19:00,17:26:00,stop
IC,144,HGL/86,17:29:00,00:00:00,stop
IC,145,KK/86,00:00:00,11:41:00,stop
IC,145,KN/86,11:43:00,11:44:00,stop
IC,145,KH/86,11:47:00,11:50:00,stop
IC,145,VAL/86,11:53:00,11:55:00,stop
IC,145,HIF/86,11:58:00,11:58:00,stop
IC,145,GL/86,11:59:00,11:59:00,pass
IC,145,HTÅ/86,12:04:00,12:05:00,stop
IC,145,HH/86,12:08:00,12:08:00,stop
IC,145,TRK/86,12:10:00,12:10:00,pass
IC,145,RO/86,12:12:00,12:14:00,stop
IC,145,VY/86,12:19:00,12:19:00,stop
IC,145,BO/86,12:22:00,12:22:00,pass
IC,145,KY/86,12:25:00,12:25:00,pass
IC,145,RG/86,12:29:00,12:31:00,stop
IC,145,FJ/86,12:36:00,12:36:00,stop
IC,145,SO/86,12:39:00,12:40:00,stop
IC,145,SG/86,12:48:00,12:50:00,stop
IC,145,FO/86,12:54:00,12:54:00,stop
IC,145,KØ/86,12:58:00,12:59:00,stop
IC,145,SPR/86,13:05:00,13:05:00,stop
IC,145,NG/86,13:10:00,13:12:00,stop
IC,145,JU/86,13:15:00,13:15:00,stop
IC,145,UV/86,13:17:00,13:17:00,pass
IC,145,LV/86,13:20:00,13:21:00,stop
IC,145,MV/86,13:24:00,13:24:00,stop
IC,145,OD/86,13:28:00,13:31:00,stop
IC,145,HP/86,13:35:00,13:35:00,stop
IC,145,TP/86,13:38:00,13:38:00,pass
IC,145,SC/86,13:39:00,13:39:00,pass
IC,145,BD/86,13:40:00,13:40:00,pass
IC,145,AP/86,13:42:00,13:42:00,pass
IC,145,GD/86,13:44:00,13:44:00,pass
IC,145,EB/86,13:46:00,13:46:00,pass
IC,145,NA/86,13:48:00,13:48:00,pass
IC,145,KA/86,13:49:00,13:49:00,pass
IC,145,MD/86,13:53:00,13:54:00,stop
IC,145,SNO/86,13:58:00,13:58:00,stop
IC,145,FA/86,14:02:00,00:00:00,stop
IC,148,FA/86,00:00:00,15:56:00,stop
IC,148,SNO/86,15:59:00,15:59:00,stop
IC,148,MD/86,16:03:00,16:05:00,stop
IC,148,KA/86,16:09:00,16:09:00,stop
IC,148,NA/86,16:10:00,16:10:00,pass
IC,148,EB/86,16:12:00,16:12:00,pass
IC,148,GD/86,16:14:00,16:14:00,pass
IC,148,AP/86,16:16:00,16:16:00,pass
IC,148,BD/86,16:17:00,16:17:00,pass
IC,148,SC/86,16:18:00,16:18:00,pass
IC,148,TP/86,16:20:00,16:20:00,pass
IC,148,HP/86,16:22:00,16:22:00,pass
IC,148,OD/86,16:27:00,16:29:00,stop
IC,148,MV/86,16:34:00,16:34:00,stop
IC,148,LV/86,16:37:00,16:38:00,stop
IC,148,UV/86,16:41:00,16:41:00,stop
IC,148,JU/86,16:42:00,16:42:00,pass
IC,148,NG/86,16:45:00,16:47:00,stop
IC,148,SPR/86,16:53:00,16:53:00,stop
IC,148,KØ/86,16:59:00,17:00:00,stop
IC,148,FO/86,17:04:00,17:04:00,stop
IC,148,SG/86,17:08:00,17:10:00,stop
IC,148,SO/86,17:18:00,17:19:00,stop
IC,148,FJ/86,17:23:00,17:23:00,stop
IC,148,RG/86,17:27:00,17:29:00,stop
IC,148,KY/86,17:34:00,17:34:00,stop
IC,148,BO/86,17:37:00,17:37:00,pass
IC,148,VY/86,17:39:00,17:39:00,pass
IC,148,RO/86,17:44:00,17:46:00,stop
IC,148,TRK/86,17:48:00,17:48:00,stop
IC,148,HH/86,17:50:00,17:50:00,pass
IC,148,HTÅ/86,17:53:00,17:54:00,stop
IC,148,GL/86,17:59:00,17:59:00,stop
IC,148,HIF/86,18:01:00,18:01:00,pass
IC,148,VAL/86,18:03:00,18:04:00,stop
IC,148,KH/86,18:10:00,18:13:00,stop
IC,148,KN/86,18:15:00,18:16:00,stop
IC,148,KK/86,18:19:00,00:00:00,stop
IC,149,KK/86,00:00:00,12:41:00,stop
IC,149,KN/86,12:43:00,12:44:00,stop
IC,149,KH/86,12:47:00,12:50:00,stop
IC,149,VAL/86,12:53:00,12:55:00,stop
IC,149,HIF/86,12:58:00,12:58:00,stop
IC,149,GL/86,12:59:00,12:59:00,pass
IC,149,HTÅ/86,13:04:00,13:05:00,stop
IC,149,HH/86,13:08:00,13:08:00,stop
IC,149,TRK/86,13:10:00,13:10:00,pass
IC,149,RO/86,13:12:00,13:14:00,stop
IC,149,VY/86,13:19:00,13:19:00,stop
IC,149,BO/86,13:22:00,13:22:00,pass
IC,149,KY/86,13:25:00,13:25:00,pass
IC,149,RG/86,13:29:00,13:31:00,stop
IC,149,FJ/86,13:36:00,13:36:00,stop
IC,149,SO/86,13:39:00,13:40:00,stop
IC,149,SG/86,13:48:00,13:50:00,stop
IC,149,FO/86,13:54:00,13:54:00,stop
IC,149,KØ/86,13:58:00,13:59:00,stop
IC,149,SPR/86,14:05:00,14:05:00,stop
IC,149,NG/86,14:10:00,14:12:00,stop
IC,149,JU/86,14:15:00,14:15:00,stop
IC,149,UV/86,14:17:00,14:17:00,pass
IC,149,LV/86,14:20:00,14:21:00,stop
IC,149,MV/86,14:24:00,14:24:00,stop
IC,149,OD/86,14:28:00,14:31:00,stop
IC,149,HP/86,14:35:00,14:35:00,stop
IC,149,TP/86,14:38:00,14:38:00,pass
IC,149,SC/86,14:39:00,14:39:00,pass
IC,149,BD/86,14:40:00,14:40:00,pass
IC,149,AP/86,14:42:00,14:42:00,pass
IC,149,GD/86,14:44:00,14:44:00,pass
IC,149,EB/86,14:46:00,14:46:00,pass
IC,149,NA/86,14:48:00,14:48:00,pass
IC,149,KA/86,14:49:00,14:49:00,pass
IC,149,MD/86,14:53:00,14:54:00,stop
IC,149,SNO/86,14:58:00,14:58:00,stop
IC,149,FA/86,15:02:00,00:00:00,stop
IC,152,AR/86,00:00:00,15:50:00,stop
IC,152,KGV/86,15:52:00,15:52:00,stop
IC,152,VI/86,15:53:00,15:53:00,pass
IC,152,HC/86,15:56:00,15:56:00,pass
IC,152,HX/86,15:58:00,15:58:00,pass
IC,152,SD/86,16:02:00,16:03:00,stop
IC,152,HÅ/86,16:10:00,16:10:00,stop
IC,152,HS/86,16:17:00,16:19:00,stop
IC,152,HED/86,16:27:00,16:27:00,stop
IC,152,VJ/86,16:34:00,16:36:00,stop
IC,152,BET/86,16:41:00,16:41:00,stop
IC,152,BK/86,16:43:00,16:43:00,pass
IC,152,FA/86,16:51:00,16:56:00,stop
IC,152,SNO/86,16:59:00,16:59:00,stop
IC,152,MD/86,17:03:00,17:05:00,stop
IC,152,KA/86,17:09:00,17:09:00,stop
IC,152,NA/86,17:10:00,17:10:00,pass
IC,152,EB/86,17:12:00,17:12:00,pass
IC,152,GD/86,17:14:00,17:14:00,pass
IC,152,AP/86,17:16:00,17:16:00,pass
IC,152,BD/86,17:17:00,17:17:00,pass
IC,152,SC/86,17:18:00,17:18:00,pass
IC,152,TP/86,17:20:00,17:20:00,pass
IC,152,HP/86,17:22:00,17:22:00,pass
IC,152,OD/86,17:27:00,17:29:00,stop
IC,152,MV/86,17:34:00,17:34:00,stop
IC,152,LV/86,17:37:00,17:38:00,stop
IC,152,UV/86,17:41:00,17:41:00,stop
IC,152,JU/86,17:42:00,17:42:00,pass
IC,152,NG/86,17:45:00,17:47:00,stop
IC,152,SPR/86,17:53:00,17:53:00,stop
IC,152,KØ/86,17:59:00,18:00:00,stop
IC,152,FO/86,18:04:00,18:04:00,stop
IC,152,SG/86,18:08:00,18:10:00,stop
IC,152,SO/86,18:18:00,18:19:00,stop
IC,152,FJ/86,18:23:00,18:23:00,stop
IC,152,RG/86,18:27:00,18:29:00,stop
IC,152,KY/86,18:34:00,18:34:00,stop
IC,152,BO/86,18:37:00,18:37:00,pass
IC,152,VY/86,18:39:00,18:39:00,pass
IC,152,RO/86,18:44:00,18:46:00,stop
IC,152,TRK/86,18:48:00,18:48:00,stop
IC,152,HH/86,18:50:00,18:50:00,pass
IC,152,HTÅ/86,18:53:00,18:54:00,stop
IC,152,GL/86,18:59:00,18:59:00,stop
IC,152,HIF/86,19:01:00,19:01:00,pass
IC,152,VAL/86,19:03:00,19:04:00,stop
IC,152,KH/86,19:10:00,00:00:00,stop
IC,153,KK/86,00:00:00,13:41:00,stop
IC,153,KN/86,13:43:00,13:44:00,stop
IC,153,KH/86,13:47:00,13:50:00,stop
IC,153,VAL/86,13:53:00,13:55:00,stop
IC,153,HIF/86,13:58:00,13:58:00,stop
IC,153,GL/86,13:59:00,13:59:00,pass
IC,153,HTÅ/86,14:04:00,14:05:00,stop
IC,153,HH/86,14:08:00,14:08:00,stop
IC,153,TRK/86,14:10:00,14:10:00,pass
IC,153,RO/86,14:12:00,14:14:00,stop
IC,153,VY/86,14:19:00,14:19:00,stop
IC,153,BO/86,14:22:00,14:22:00,pass
IC,153,KY/86,14:25:00,14:25:00,pass
IC,153,RG/86,14:29:00,14:31:00,stop
IC,153,FJ/86,14:36:00,14:36:00,stop
IC,153,SO/86,14:39:00,14:40:00,stop
IC,153,SG/86,14:48:00,14:50:00,stop
IC,153,FO/86,14:54:00,14:54:00,stop
IC,153,KØ/86,14:58:00,14:59:00,stop
IC,153,SPR/86,15:05:00,15:05:00,stop
IC,153,NG/86,15:10:00,15:12:00,stop
IC,153,JU/86,15:15:00,15:15:00,stop
IC,153,UV/86,15:17:00,15:17:00,pass
IC,153,LV/86,15:20:00,15:21:00,stop
IC,153,MV/86,15:24:00,15:24:00,stop
IC,153,OD/86,15:28:00,15:31:00,stop
IC,153,HP/86,15:35:00,15:35:00,stop
IC,153,TP/86,15:38:00,15:38:00,pass
IC,153,SC/86,15:39:00,15:39:00,pass
IC,153,BD/86,15:40:00,15:40:00,pass
IC,153,AP/86,15:42:00,15:42:00,pass
IC,153,GD/86,15:44:00,15:44:00,pass
IC,153,EB/86,15:46:00,15:46:00,pass
IC,153,NA/86,15:48:00,15:48:00,pass
IC,153,KA/86,15:49:00,15:49:00,pass
IC,153,MD/86,15:53:00,15:54:00,stop
IC,153,SNO/86,15:58:00,15:58:00,stop
IC,153,FA/86,16:02:00,00:00:00,stop
IC,156,FA/86,00:00:00,17:56:00,stop
IC,156,SNO/86,17:59:00,17:59:00,stop
IC,156,MD/86,18:03:00,18:05:00,stop
IC,156,KA/86,18:09:00,18:09:00,stop
IC,156,NA/86,18:10:00,18:10:00,pass
IC,156,EB/86,18:12:00,18:12:00,pass
IC,156,GD/86,18:14:00,18:14:00,pass
IC,156,AP/86,18:16:00,18:16:00,pass
IC,156,BD/86,18:17:00,18:17:00,pass
IC,156,SC/86,18:18:00,18:18:00,pass
IC,156,TP/86,18:20:00,18:20:00,pass
IC,156,HP/86,18:22:00,18:22:00,pass
IC,156,OD/86,18:27:00,18:29:00,stop
IC,156,MV/86,18:34:00,18:34:00,stop
IC,156,LV/86,18:37:00,18:38:00,stop
IC,156,UV/86,18:41:00,18:41:00,stop
IC,156,JU/86,18:42:00,18:42:00,pass
IC,156,NG/86,18:45:00,18:47:00,stop
IC,156,SPR/86,18:53:00,18:53:00,stop
IC,156,KØ/86,18:59:00,19:00:00,stop
IC,156,FO/86,19:04:00,19:04:00,stop
IC,156,SG/86,19:08:00,19:10:00,stop
IC,156,SO/86,19:18:00,19:19:00,stop
IC,156,FJ/86,19:23:00,19:23:00,stop
IC,156,RG/86,19:27:00,19:29:00,stop
IC,156,KY/86,19:34:00,19:34:00,stop
IC,156,BO/86,19:37:00,19:37:00,pass
IC,156,VY/86,19:39:00,19:39:00,pass
IC,156,RO/86,19:44:00,19:46:00,stop
IC,156,TRK/86,19:48:00,19:48:00,stop
IC,156,HH/86,19:50:00,19:50:00,pass
IC,156,HTÅ/86,19:53:00,19:54:00,stop
IC,156,GL/86,19:59:00,19:59:00,stop
IC,156,HIF/86,20:01:00,20:01:00,pass
IC,156,VAL/86,20:03:00,20:04:00,stop
IC,156,KH/86,20:10:00,20:13:00,stop
IC,156,KN/86,20:15:00,20:16:00,stop
IC,156,KK/86,20:19:00,00:00:00,stop
IC,157,HGL/86,00:00:00,14:34:00,stop
IC,157,KK/86,14:38:00,14:41:00,stop
IC,157,KN/86,14:43:00,14:44:00,stop
IC,157,KH/86,14:47:00,14:50:00,stop
IC,157,VAL/86,14:53:00,14:55:00,stop
IC,157,HIF/86,14:58:00,14:58:00,stop
IC,157,GL/86,14:59:00,14:59:00,pass
IC,157,HTÅ/86,15:04:00,15:05:00,stop
IC,157,HH/86,15:08:00,15:08:00,stop
IC,157,TRK/86,15:10:00,15:10:00,pass
IC,157,RO/86,15:12:00,15:14:00,stop
IC,157,VY/86,15:19:00,15:19:00,stop
IC,157,BO/86,15:22:00,15:22:00,pass
IC,157,KY/86,15:25:00,15:25:00,pass
IC,157,RG/86,15:29:00,15:31:00,stop
IC,157,FJ/86,15:36:00,15:36:00,stop
IC,157,SO/86,15:39:00,15:40:00,stop
IC,157,SG/86,15:48:00,15:50:00,stop
IC,157,FO/86,15:54:00,15:54:00,stop
IC,157,KØ/86,15:58:00,15:59:00,stop
IC,157,SPR/86,16:05:00,16:05:00,stop
IC,157,NG/86,16:10:00,16:12:00,stop
IC,157,JU/86,16:15:00,16:15:00,stop
IC,157,UV/86,16:17:00,16:17:00,pass
IC,157,LV/86,16:20:00,16:21:00,stop
IC,157,MV/86,16:24:00,16:24:00,stop
IC,157,OD/86,16:28:00,16:31:00,stop
IC,157,HP/86,16:35:00,16:35:00,stop
IC,157,TP/86,16:38:00,16:38:00,pass
IC,157,SC/86,16:39:00,16:39:00,pass
IC,157,BD/86,16:40:00,16:40:00,pass
IC,157,AP/86,16:42:00,16:42:00,pass
IC,157,GD/86,16:44:00,16:44:00,pass
IC,157,EB/86,16:46:00,16:46:00,pass
IC,157,NA/86,16:48:00,16:48:00,pass
IC,157,KA/86,16:49:00,16:49:00,pass
IC,157,MD/86,16:53:00,16:54:00,stop
IC,157,SNO/86,16:58:00,16:58:00,stop
IC,157,FA/86,17:02:00,17:09:00,stop
IC,157,BK/86,17:15:00,17:15:00,stop
IC,157,BET/86,17:16:00,17:16:00,pass
IC,157,VJ/86,17:22:00,17:24:00,stop
IC,157,HED/86,17:31:00,17:31:00,stop
IC,157,HS/86,17:38:00,17:40:00,stop
IC,157,HÅ/86,17:47:00,17:47:00,stop
IC,157,SD/86,17:54:00,17:55:00,stop
IC,157,HX/86,18:00:00,18:00:00,stop
IC,157,HC/86,18:02:00,18:02:00,pass
IC,157,VI/86,18:04:00,18:04:00,pass
IC,157,KGV/86,18:05:00,18:05:00,pass
IC,157,AR/86,18:08:00,00:00:00,stop
IC,160,FA/86,00:00:00,18:56:00,stop
IC,160,SNO/86,18:59:00,18:59:00,stop
IC,160,MD/86,19:03:00,19:05:00,stop
IC,160,KA/86,19:09:00,19:09:00,stop
IC,160,NA/86,19:10:00,19:10:00,pass
IC,160,EB/86,19:12:00,19:12:00,pass
IC,160,GD/86,19:14:00,19:14:00,pass
IC,160,AP/86,19:16:00,19:16:00,pass
IC,160,BD/86,19:17:00,19:17:00,pass
IC,160,SC/86,19:18:00,19:18:00,pass
IC,160,TP/86,19:20:00,19:20:00,pass
IC,160,HP/86,19:22:00,19:22:00,pass
IC,160,OD/86,19:27:00,19:29:00,stop
IC,160,MV/86,19:34:00,19:34:00,stop
IC,160,LV/86,19:37:00,19:38:00,stop
IC,160,UV/86,19:41:00,19:41:00,stop
IC,160,JU/86,19:42:00,19:42:00,pass
IC,160,NG/86,19:45:00,19:47:00,stop
IC,160,SPR/86,19:53:00,19:53:00,stop
IC,160,KØ/86,19:59:00,20:00:00,stop
IC,160,FO/86,20:04:00,20:04:00,stop
IC,160,SG/86,20:08:00,20:10:00,stop
IC,160,SO/86,20:18:00,20:19:00,stop
IC,160,FJ/86,20:23:00,20:23:00,stop
IC,160,RG/86,20:27:00,20:29:00,stop
IC,160,KY/86,20:34:00,20:34:00,stop
IC,160,BO/86,20:37:00,20:37:00,pass
IC,160,VY/86,20:39:00,20:39:00,pass
IC,160,RO/86,20:44:00,20:46:00,stop
IC,160,TRK/86,20:48:00,20:48:00,stop
IC,160,HH/86,20:50:00,20:50:00,pass
IC,160,HTÅ/86,20:53:00,20:54:00,stop
IC,160,GL/86,20:59:00,20:59:00,stop
IC,160,HIF/86,21:01:00,21:01:00,pass
IC,160,VAL/86,21:03:00,21:04:00,stop
IC,160,KH/86,21:10:00,00:00:00,stop
IC,161,HGL/86,00:00:00,15:34:00,stop
IC,161,KK/86,15:38:00,15:41:00,stop
IC,161,KN/86,15:43:00,15:44:00,stop
IC,161,KH/86,15:47:00,15:50:00,stop
IC,161,VAL/86,15:53:00,15:55:00,stop
IC,161,HIF/86,15:58:00,15:58:00,stop
IC,161,GL/86,15:59:00,15:59:00,pass
IC,161,HTÅ/86,16:04:00,16:05:00,stop
IC,161,HH/86,16:08:00,16:08:00,stop
IC,161,TRK/86,16:10:00,16:10:00,pass
IC,161,RO/86,16:12:00,16:14:00,stop
IC,161,VY/86,16:19:00,16:19:00,stop
IC,161,BO/86,16:22:00,16:22:00,pass
IC,161,KY/86,16:25:00,16:25:00,pass
IC,161,RG/86,16:29:00,16:31:00,stop
IC,161,FJ/86,16:36:00,16:36:00,stop
IC,161,SO/86,16:39:00,16:40:00,stop
IC,161,SG/86,16:48:00,16:50:00,stop
IC,161,FO/86,16:54:00,16:54:00,stop
IC,161,KØ/86,16:58:00,16:59:00,stop
IC,161,SPR/86,17:05:00,17:05:00,stop
IC,161,NG/86,17:10:00,17:12:00,stop
IC,161,JU/86,17:15:00,17:15:00,stop
IC,161,UV/86,17:17:00,17:17:00,pass
IC,161,LV/86,17:20:00,17:21:00,stop
IC,161,MV/86,17:24:00,17:24:00,stop
IC,161,OD/86,17:28:00,17:31:00,stop
IC,161,HP/86,17:35:00,17:35:00,stop
IC,161,TP/86,17:38:00,17:38:00,pass
IC,161,SC/86,17:39:00,17:39:00,pass
IC,161,BD/86,17:40:00,17:40:00,pass
IC,161,AP/86,17:42:00,17:42:00,pass
IC,161,GD/86,17:44:00,17:44:00,pass
IC,161,EB/86,17:46:00,17:46:00,pass
IC,161,NA/86,17:48:00,17:48:00,pass
IC,161,KA/86,17:49:00,17:49:00,pass
IC,161,MD/86,17:53:00,17:54:00,stop
IC,161,SNO/86,17:58:00,17:58:00,stop
IC,161,FA/86,18:02:00,00:00:00,stop
IC,164,FA/86,00:00:00,19:56:00,stop
IC,164,SNO/86,19:59:00,19:59:00,stop
IC,164,MD/86,20:03:00,20:05:00,stop
IC,164,KA/86,20:09:00,20:09:00,stop
IC,164,NA/86,20:10:00,20:10:00,pass
IC,164,EB/86,20:12:00,20:12:00,pass
IC,164,GD/86,20:14:00,20:14:00,pass
IC,164,AP/86,20:16:00,20:16:00,pass
IC,164,BD/86,20:17:00,20:17:00,pass
IC,164,SC/86,20:18:00,20:18:00,pass
IC,164,TP/86,20:20:00,20:20:00,pass
IC,164,HP/86,20:22:00,20:22:00,pass
IC,164,OD/86,20:27:00,20:29:00,stop
IC,164,MV/86,20:34:00,20:34:00,stop
IC,164,LV/86,20:37:00,20:38:00,stop
IC,164,UV/86,20:41:00,20:41:00,stop
IC,164,JU/86,20:42:00,20:42:00,pass
IC,164,NG/86,20:45:00,20:47:00,stop
IC,164,SPR/86,20:53:00,20:53:00,stop
IC,164,KØ/86,20:59:00,21:00:00,stop
IC,164,FO/86,21:04:00,21:04:00,stop
IC,164,SG/86,21:08:00,21:10:00,stop
IC,164,SO/86,21:18:00,21:19:00,stop
IC,164,FJ/86,21:23:00,21:23:00,stop
IC,164,RG/86,21:27:00,21:29:00,stop
IC,164,KY/86,21:34:00,21:34:00,stop
IC,164,BO/86,21:37:00,21:37:00,pass
IC,164,VY/86,21:39:00,21:39:00,pass
IC,164,RO/86,21:44:00,21:46:00,stop
IC,164,TRK/86,21:48:00,21:48:00,stop
IC,164,HH/86,21:50:00,21:50:00,pass
IC,164,HTÅ/86,21:53:00,21:54:00,stop
IC,164,GL/86,21:59:00,21:59:00,stop
IC,164,HIF/86,22:01:00,22:01:00,pass
IC,164,VAL/86,22:03:00,22:04:00,stop
IC,164,KH/86,22:10:00,00:00:00,stop
IC,165,KK/86,00:00:00,16:41:00,stop
IC,165,KN/86,16:43:00,16:44:00,stop
IC,165,KH/86,16:47:00,16:50:00,stop
IC,165,VAL/86,16:53:00,16:55:00,stop
IC,165,HIF/86,16:58:00,16:58:00,stop
IC,165,GL/86,16:59:00,16:59:00,pass
IC,165,HTÅ/86,17:04:00,17:05:00,stop
IC,165,HH/86,17:08:00,17:08:00,stop
IC,165,TRK/86,17:10:00,17:10:00,pass
IC,165,RO/86,17:12:00,17:14:00,stop
IC,165,VY/86,17:19:00,17:19:00,stop
IC,165,BO/86,17:22:00,17:22:00,pass
IC,165,KY/86,17:25:00,17:25:00,pass
IC,165,RG/86,17:29:00,17:31:00,stop
IC,165,FJ/86,17:36:00,17:36:00,stop
IC,165,SO/86,17:39:00,17:40:00,stop
IC,165,SG/86,17:48:00,17:50:00,stop
IC,165,FO/86,17:54:00,17:54:00,stop
IC,165,KØ/86,17:58:00,17:59:00,stop
IC,165,SPR/86,18:05:00,18:05:00,stop
IC,165,NG/86,18:10:00,18:12:00,stop
IC,165,JU/86,18:15:00,18:15:00,stop
IC,165,UV/86,18:17:00,18:17:00,pass
IC,165,LV/86,18:20:00,18:21:00,stop
IC,165,MV/86,18:24:00,18:24:00,stop
IC,165,OD/86,18:28:00,18:31:00,stop
IC,165,HP/86,18:35:00,18:35:00,stop
IC,165,TP/86,18:38:00,18:38:00,pass
IC,165,SC/86,18:39:00,18:39:00,pass
IC,165,BD/86,18:40:00,18:40:00,pass
IC,165,AP/86,18:42:00,18:42:00,pass
IC,165,GD/86,18:44:00,18:44:00,pass
IC,165,EB/86,18:46:00,18:46:00,pass
IC,165,NA/86,18:48:00,18:48:00,pass
IC,165,KA/86,18:49:00,18:49:00,pass
IC,165,MD/86,18:53:00,18:54:00,stop
IC,165,SNO/86,18:58:00,18:58:00,stop
IC,165,FA/86,19:02:00,00:00:00,stop
IC,168,FA/86,00:00:00,20:56:00,stop
IC,168,SNO/86,20:59:00,20:59:00,stop
IC,168,MD/86,21:03:00,21:05:00,stop
IC,168,KA/86,21:09:00,21:09:00,stop
IC,168,NA/86,21:10:00,21:10:00,pass
IC,168,EB/86,21:12:00,21:12:00,pass
IC,168,GD/86,21:14:00,21:14:00,pass
IC,168,AP/86,21:16:00,21:16:00,pass
IC,168,BD/86,21:17:00,21:17:00,pass
IC,168,SC/86,21:18:00,21:18:00,pass
IC,168,TP/86,21:20:00,21:20:00,pass
IC,168,HP/86,21:22:00,21:22:00,pass
IC,168,OD/86,21:27:00,21:29:00,stop
IC,168,MV/86,21:34:00,21:34:00,stop
IC,168,LV/86,21:37:00,21:38:00,stop
IC,168,UV/86,21:41:00,21:41:00,stop
IC,168,JU/86,21:42:00,21:42:00,pass
IC,168,NG/86,21:45:00,21:47:00,stop
IC,168,SPR/86,21:53:00,21:53:00,stop
IC,168,KØ/86,21:59:00,22:00:00,stop
IC,168,FO/86,22:04:00,22:04:00,stop
IC,168,SG/86,22:08:00,22:10:00,stop
IC,168,SO/86,22:18:00,22:19:00,stop
IC,168,FJ/86,22:23:00,22:23:00,stop
IC,168,RG/86,22:27:00,22:29:00,stop
IC,168,KY/86,22:34:00,22:34:00,stop
IC,168,BO/86,22:37:00,22:37:00,pass
IC,168,VY/86,22:39:00,22:39:00,pass
IC,168,RO/86,22:44:00,22:46:00,stop
IC,168,TRK/86,22:48:00,22:48:00,stop
IC,168,HH/86,22:50:00,22:50:00,pass
IC,168,HTÅ/86,22:53:00,22:54:00,stop
IC,168,GL/86,22:59:00,22:59:00,stop
IC,168,HIF/86,23:01:00,23:01:00,pass
IC,168,VAL/86,23:03:00,23:04:00,stop
IC,168,KH/86,23:10:00,00:00:00,stop
IC,172,FA/86,00:00:00,21:56:00,stop
IC,172,SNO/86,21:59:00,21:59:00,stop
IC,172,MD/86,22:03:00,22:05:00,stop
IC,172,KA/86,22:08:00,22:08:00,stop
IC,172,NA/86,22:10:00,22:10:00,pass
IC,172,EB/86,22:12:00,22:12:00,pass
IC,172,GD/86,22:14:00,22:14:00,pass
IC,172,AP/86,22:16:00,22:16:00,pass
IC,172,BD/86,22:17:00,22:17:00,pass
IC,172,SC/86,22:18:00,22:18:00,pass
IC,172,TP/86,22:20:00,22:20:00,pass
IC,172,HP/86,22:22:00,22:22:00,pass
IC,172,OD/86,22:27:00,22:29:00,stop
IC,172,MV/86,22:34:00,22:34:00,stop
IC,172,LV/86,22:37:00,22:38:00,stop
IC,172,UV/86,22:40:00,22:40:00,stop
IC,172,JU/86,22:42:00,22:42:00,pass
IC,172,NG/86,22:45:00,22:47:00,stop
IC,172,SPR/86,22:53:00,22:53:00,stop
IC,172,KØ/86,22:59:00,23:00:00,stop
IC,172,FO/86,23:04:00,23:04:00,stop
IC,172,SG/86,23:08:00,23:10:00,stop
IC,172,SO/86,23:18:00,23:19:00,stop
IC,172,FJ/86,23:23:00,23:23:00,stop
IC,172,RG/86,23:27:00,23:29:00,stop
IC,172,KY/86,23:34:00,23:34:00,stop
IC,172,BO/86,23:36:00,23:36:00,pass
IC,172,VY/86,23:39:00,23:39:00,pass
IC,172,RO/86,23:44:00,23:46:00,stop
IC,172,TRK/86,23:48:00,23:48:00,stop
IC,172,HH/86,23:50:00,23:50:00,pass
IC,172,HTÅ/86,23:53:00,23:54:00,stop
IC,172,GL/86,23:59:00,23:59:00,stop
IC,172,HIF/86,00:01:00,00:01:00,pass
IC,172,VAL/86,00:03:00,00:04:00,stop
IC,172,KH/86,00:10:00,00:00:00,stop
IC,173,KK/86,00:00:00,18:41:00,stop
IC,173,KN/86,18:43:00,18:44:00,stop
IC,173,KH/86,18:47:00,18:50:00,stop
IC,173,VAL/86,18:53:00,18:55:00,stop
IC,173,HIF/86,18:58:00,18:58:00,stop
IC,173,GL/86,18:59:00,18:59:00,pass
IC,173,HTÅ/86,19:04:00,19:05:00,stop
IC,173,HH/86,19:08:00,19:08:00,stop
IC,173,TRK/86,19:10:00,19:10:00,pass
IC,173,RO/86,19:12:00,19:14:00,stop
IC,173,VY/86,19:19:00,19:19:00,stop
IC,173,BO/86,19:22:00,19:22:00,pass
IC,173,KY/86,19:25:00,19:25:00,pass
IC,173,RG/86,19:29:00,19:31:00,stop
IC,173,FJ/86,19:36:00,19:36:00,stop
IC,173,SO/86,19:39:00,19:40:00,stop
IC,173,SG/86,19:48:00,19:50:00,stop
IC,173,FO/86,19:54:00,19:54:00,stop
IC,173,KØ/86,19:58:00,19:59:00,stop
IC,173,SPR/86,20:05:00,20:05:00,stop
IC,173,NG/86,20:10:00,20:12:00,stop
IC,173,JU/86,20:15:00,20:15:00,stop
IC,173,UV/86,20:17:00,20:17:00,pass
IC,173,LV/86,20:20:00,20:21:00,stop
IC,173,MV/86,20:24:00,20:24:00,stop
IC,173,OD/86,20:28:00,20:31:00,stop
IC,173,HP/86,20:35:00,20:35:00,stop
IC,173,TP/86,20:38:00,20:38:00,pass
IC,173,SC/86,20:39:00,20:39:00,pass
IC,173,BD/86,20:40:00,20:40:00,pass
IC,173,AP/86,20:42:00,20:42:00,pass
IC,173,GD/86,20:44:00,20:44:00,pass
IC,173,EB/86,20:46:00,20:46:00,pass
IC,173,NA/86,20:48:00,20:48:00,pass
IC,173,KA/86,20:49:00,20:49:00,pass
IC,173,MD/86,20:53:00,20:54:00,stop
IC,173,SNO/86,20:58:00,20:58:00,stop
IC,173,FA/86,21:02:00,00:00:00,stop
IC,176,AR/86,00:00:00,21:50:00,stop
IC,176,KGV/86,21:52:00,21:52:00,stop
IC,176,VI/86,21:53:00,21:53:00,pass
IC,176,HC/86,21:56:00,21:56:00,pass
IC,176,HX/86,21:58:00,21:58:00,pass
IC,176,SD/86,22:02:00,22:03:00,stop
IC,176,HÅ/86,22:10:00,22:10:00,stop
IC,176,HS/86,22:17:00,22:19:00,stop
IC,176,HED/86,22:26:00,22:26:00,stop
IC,176,VJ/86,22:34:00,22:36:00,stop
IC,176,BET/86,22:41:00,22:41:00,stop
IC,176,BK/86,22:43:00,22:43:00,pass
IC,176,FA/86,22:51:00,22:56:00,stop
IC,176,SNO/86,22:59:00,22:59:00,stop
IC,176,MD/86,23:03:00,23:05:00,stop
IC,176,KA/86,23:09:00,23:09:00,stop
IC,176,NA/86,23:10:00,23:10:00,pass
IC,176,EB/86,23:12:00,23:12:00,pass
IC,176,GD/86,23:14:00,23:14:00,pass
IC,176,AP/86,23:16:00,23:16:00,pass
IC,176,BD/86,23:17:00,23:17:00,pass
IC,176,SC/86,23:18:00,23:18:00,pass
IC,176,TP/86,23:20:00,23:20:00,pass
IC,176,HP/86,23:22:00,23:22:00,pass
IC,176,OD/86,23:27:00,23:29:00,stop
IC,176,MV/86,23:34:00,23:34:00,stop
IC,176,LV/86,23:37:00,23:38:00,stop
IC,176,UV/86,23:41:00,23:41:00,stop
IC,176,JU/86,23:42:00,23:42:00,pass
IC,176,NG/86,23:45:00,23:47:00,stop
IC,176,SPR/86,23:53:00,23:53:00,stop
IC,176,KØ/86,23:59:00,00:00:00,stop
IC,176,FO/86,00:04:00,00:04:00,stop
IC,176,SG/86,00:08:00,00:10:00,stop
IC,176,SO/86,00:18:00,00:19:00,stop
IC,176,FJ/86,00:23:00,00:23:00,stop
IC,176,RG/86,00:27:00,00:29:00,stop
IC,176,KY/86,00:34:00,00:34:00,stop
IC,176,BO/86,00:37:00,00:37:00,pass
IC,176,VY/86,00:39:00,00:39:00,pass
IC,176,RO/86,00:44:00,00:46:00,stop
IC,176,TRK/86,00:48:00,00:48:00,stop
IC,176,HH/86,00:50:00,00:50:00,pass
IC,176,HTÅ/86,00:53:00,00:54:00,stop
IC,176,GL/86,00:59:00,00:59:00,stop
IC,176,HIF/86,01:01:00,01:01:00,pass
IC,176,VAL/86,01:03:00,01:04:00,stop
IC,176,KH/86,01:10:00,00:00:00,stop
IC,177,HGL/86,00:00:00,19:34:00,stop
IC,177,KK/86,19:38:00,19:41:00,stop
IC,177,KN/86,19:43:00,19:44:00,stop
IC,177,KH/86,19:47:00,19:50:00,stop
IC,177,VAL/86,19:53:00,19:55:00,stop
IC,177,HIF/86,19:58:00,19:58:00,stop
IC,177,GL/86,19:59:00,19:59:00,pass
IC,177,HTÅ/86,20:04:00,20:05:00,stop
IC,177,HH/86,20:08:00,20:08:00,stop
IC,177,TRK/86,20:10:00,20:10:00,pass
IC,177,RO/86,20:12:00,20:14:00,stop
IC,177,VY/86,20:19:00,20:19:00,stop
IC,177,BO/86,20:22:00,20:22:00,pass
IC,177,KY/86,20:25:00,20:25:00,pass
IC,177,RG/86,20:29:00,20:31:00,stop
IC,177,FJ/86,20:36:00,20:36:00,stop
IC,177,SO/86,20:39:00,20:40:00,stop
IC,177,SG/86,20:48:00,20:50:00,stop
IC,177,FO/86,20:54:00,20:54:00,stop
IC,177,KØ/86,20:58:00,20:59:00,stop
IC,177,SPR/86,21:05:00,21:05:00,stop
IC,177,NG/86,21:10:00,21:12:00,stop
IC,177,JU/86,21:15:00,21:15:00,stop
IC,177,UV/86,21:17:00,21:17:00,pass
IC,177,LV/86,21:20:00,21:21:00,stop
IC,177,MV/86,21:24:00,21:24:00,stop
IC,177,OD/86,21:28:00,21:31:00,stop
IC,177,HP/86,21:35:00,21:35:00,stop
IC,177,TP/86,21:38:00,21:38:00,pass
IC,177,SC/86,21:39:00,21:39:00,pass
IC,177,BD/86,21:40:00,21:40:00,pass
IC,177,AP/86,21:42:00,21:42:00,pass
IC,177,GD/86,21:44:00,21:44:00,pass
IC,177,EB/86,21:46:00,21:46:00,pass
IC,177,NA/86,21:48:00,21:48:00,pass
IC,177,KA/86,21:49:00,21:49:00,pass
IC,177,MD/86,21:53:00,21:54:00,stop
IC,177,SNO/86,21:58:00,21:58:00,stop
IC,177,FA/86,22:02:00,00:00:00,stop
IC,190,AR/86,00:00:00,00:40:00,stop
IC,190,KGV/86,00:43:00,00:43:00,stop
IC,190,VI/86,00:44:00,00:44:00,pass
IC,190,HC/86,00:47:00,00:47:00,pass
IC,190,HX/86,00:49:00,00:49:00,pass
IC,190,SD/86,00:54:00,00:56:00,stop
IC,190,HÅ/86,01:04:00,01:04:00,stop
IC,190,HS/86,01:12:00,01:14:00,stop
IC,190,HED/86,01:23:00,01:23:00,stop
IC,190,VJ/86,01:31:00,01:33:00,stop
IC,190,BET/86,01:40:00,01:40:00,stop
IC,190,BK/86,01:42:00,01:42:00,pass
IC,190,FA/86,01:51:00,01:56:00,stop
IC,190,SNO/86,01:59:00,01:59:00,stop
IC,190,MD/86,02:04:00,02:06:00,stop
IC,190,KA/86,02:10:00,02:10:00,stop
IC,190,NA/86,02:12:00,02:12:00,pass
IC,190,EB/86,02:14:00,02:14:00,pass
IC,190,GD/86,02:16:00,02:16:00,pass
IC,190,AP/86,02:19:00,02:19:00,pass
IC,190,BD/86,02:20:00,02:20:00,pass
IC,190,SC/86,02:21:00,02:21:00,pass
IC,190,TP/86,02:23:00,02:23:00,pass
IC,190,HP/86,02:26:00,02:26:00,pass
IC,190,OD/86,02:31:00,02:34:00,stop
IC,190,MV/86,02:39:00,02:39:00,stop
IC,190,LV/86,02:41:00,02:41:00,pass
IC,190,UV/86,02:43:00,02:43:00,pass
IC,190,JU/86,02:45:00,02:45:00,pass
IC,190,NG/86,02:49:00,02:51:00,stop
IC,190,SPR/86,02:57:00,02:57:00,stop
IC,190,KØ/86,03:04:00,03:05:00,stop
IC,190,FO/86,03:11:00,03:11:00,stop
IC,190,SG/86,03:15:00,03:17:00,stop
IC,190,SO/86,03:26:00,03:27:00,stop
IC,190,FJ/86,03:32:00,03:32:00,stop
IC,190,RG/86,03:36:00,03:38:00,stop
IC,190,KY/86,03:44:00,03:44:00,stop
IC,190,BO/86,03:47:00,03:47:00,pass
IC,190,VY/86,03:50:00,03:50:00,pass
IC,190,RO/86,03:56:00,03:58:00,stop
IC,190,TRK/86,04:00:00,04:00:00,stop
IC,190,HH/86,04:02:00,04:02:00,pass
IC,190,HTÅ/86,04:06:00,04:07:00,stop
IC,190,GL/86,04:12:00,04:12:00,stop
IC,190,HIF/86,04:15:00,04:15:00,pass
IC,190,VAL/86,04:17:00,04:19:00,stop
IC,190,KH/86,04:25:00,00:00:00,stop
IC,191,KH/86,00:00:00,22:50:00,stop
IC,191,VAL/86,22:53:00,22:55:00,stop
IC,191,HIF/86,22:58:00,22:58:00,stop
IC,191,GL/86,22:59:00,22:59:00,pass
IC,191,HTÅ/86,23:04:00,23:05:00,stop
IC,191,HH/86,23:08:00,23:08:00,stop
IC,191,TRK/86,23:10:00,23:10:00,pass
IC,191,RO/86,23:12:00,23:14:00,stop
IC,191,VY/86,23:19:00,23:19:00,stop
IC,191,BO/86,23:22:00,23:22:00,pass
IC,191,KY/86,23:25:00,23:25:00,pass
IC,191,RG/86,23:29:00,23:31:00,stop
IC,191,FJ/86,23:36:00,23:36:00,stop
IC,191,SO/86,23:39:00,23:40:00,stop
IC,191,SG/86,23:48:00,23:50:00,stop
IC,191,FO/86,23:54:00,23:54:00,stop
IC,191,KØ/86,23:58:00,23:59:00,stop
IC,191,SPR/86,00:05:00,00:05:00,stop
IC,191,NG/86,00:10:00,00:12:00,stop
IC,191,JU/86,00:15:00,00:15:00,stop
IC,191,UV/86,00:17:00,00:17:00,pass
IC,191,LV/86,00:20:00,00:21:00,stop
IC,191,MV/86,00:24:00,00:24:00,stop
IC,191,OD/86,00:28:00,00:31:00,stop
IC,191,HP/86,00:35:00,00:35:00,stop
IC,191,TP/86,00:38:00,00:38:00,pass
IC,191,SC/86,00:39:00,00:39:00,pass
IC,191,BD/86,00:40:00,00:40:00,pass
IC,191,AP/86,00:42:00,00:42:00,pass
IC,191,GD/86,00:44:00,00:44:00,pass
IC,191,EB/86,00:46:00,00:46:00,pass
IC,191,NA/86,00:48:00,00:48:00,pass
IC,191,KA/86,00:49:00,00:49:00,pass
IC,191,MD/86,00:53:00,00:54:00,stop
IC,191,SNO/86,00:58:00,00:58:00,stop
IC,191,FA/86,01:02:00,01:08:00,stop
IC,191,BK/86,01:14:00,01:14:00,stop
IC,191,BET/86,01:16:00,01:16:00,pass
IC,191,VJ/86,01:22:00,01:24:00,stop
IC,191,HED/86,01:31:00,01:31:00,stop
IC,191,HS/86,01:38:00,01:40:00,stop
IC,191,HÅ/86,01:47:00,01:47:00,stop
IC,191,SD/86,01:54:00,01:55:00,stop
IC,191,HX/86,02:03:00,02:03:00,stop
IC,191,HC/86,02:07:00,02:07:00,pass
IC,191,VI/86,02:11:00,02:11:00,pass
IC,191,KGV/86,02:12:00,02:12:00,pass
IC,191,AR/86,02:18:00,00:00:00,stop
IC,854,ES/86,00:00:00,16:32:00,stop
IC,854,JNE/86,16:34:00,16:34:00,stop
IC,854,TB/86,16:36:00,16:36:00,pass
IC,854,BM/86,16:41:00,16:43:00,stop
IC,854,GØ/86,16:46:00,16:46:00,stop
IC,854,HQ/86,16:49:00,16:49:00,pass
IC,854,BP/86,16:52:00,16:52:00,pass
IC,854,VN/86,16:56:00,16:57:00,stop
IC,854,LK/86,17:04:00,17:04:00,stop
IC,854,KD/86,17:11:00,17:13:00,stop
IC,854,TL/86,17:18:00,17:18:00,stop
IC,854,SNO/86,17:23:00,17:23:00,pass
IC,854,MD/86,17:26:00,17:28:00,stop
IC,854,KA/86,17:31:00,17:31:00,stop
IC,854,NA/86,17:33:00,17:33:00,pass
IC,854,EB/86,17:35:00,17:35:00,pass
IC,854,GD/86,17:36:00,17:36:00,pass
IC,854,AP/86,17:38:00,17:38:00,pass
IC,854,BD/86,17:40:00,17:40:00,pass
IC,854,SC/86,17:41:00,17:41:00,pass
IC,854,TP/86,17:42:00,17:42:00,pass
IC,854,HP/86,17:45:00,17:45:00,pass
IC,854,OD/86,17:52:00,18:00:00,stop
IC,854,MV/86,18:05:00,18:05:00,stop
IC,854,LV/86,18:06:00,18:06:00,pass
IC,854,UV/86,18:08:00,18:08:00,pass
IC,854,JU/86,18:10:00,18:10:00,pass
IC,854,NG/86,18:12:00,18:14:00,stop
IC,854,SPR/86,18:19:00,18:19:00,stop
IC,854,KØ/86,18:25:00,18:27:00,stop
IC,854,FO/86,18:31:00,18:31:00,stop
IC,854,SG/86,18:34:00,18:36:00,stop
IC,854,SO/86,18:43:00,18:45:00,stop
IC,854,FJ/86,18:48:00,18:48:00,stop
IC,854,RG/86,18:52:00,18:54:00,stop
IC,854,ADA/86,18:58:00,18:58:00,stop
IC,854,BJS/86,19:02:00,19:02:00,pass
IC,854,LEL/86,19:04:00,19:04:00,pass
IC,854,KJN/86,19:06:00,19:08:00,stop
IC,854,JSF/86,19:09:00,19:09:00,stop
IC,854,KIB/86,19:14:00,19:14:00,pass
IC,854,AVH/86,19:18:00,19:18:00,pass
IC,854,IG/86,19:20:00,19:20:00,pass
IC,854,NEL/86,19:21:00,19:23:00,stop
IC,854,GB/86,19:24:00,19:24:00,stop
IC,854,KH/86,19:28:00,19:31:00,stop
IC,854,KN/86,19:33:00,19:34:00,stop
IC,854,KK/86,19:37:00,19:40:00,stop
IC,854,HGL/86,19:43:00,00:00:00,stop
IC,1482,KH/86,00:00:00,02:43:00,stop
IC,1482,BAN/86,02:46:00,02:46:00,stop
IC,1482,KLV/86,02:48:00,02:48:00,pass
IC,1482,ØRE/86,02:50:00,02:51:00,stop
IC,1482,TÅT/86,02:53:00,02:54:00,stop
IC,1482,CPH/86,02:57:00,00:00:00,stop
IC,1485,CPH/86,00:00:00,21:26:00,stop
IC,1485,TÅT/86,21:28:00,21:28:00,stop
IC,1485,ØRE/86,21:31:00,21:31:00,pass
IC,1485,KLV/86,21:34:00,21:34:00,pass
IC,1485,BAN/86,21:35:00,21:35:00,pass
IC,1485,KH/86,21:40:00,00:00:00,stop
IC,5756,FLB/80,00:00:00,12:03:00,stop
IC,5756,AHAL/80,12:10:00,12:10:00,stop
IC,5756,PAGR/86,12:11:00,12:11:00,pass
IC,5756,PA/86,12:13:00,12:21:00,stop
IC,5756,VK/86,12:25:00,12:25:00,stop
IC,5756,TE/86,12:30:00,12:32:00,stop
IC,5756,RQ/86,12:40:00,12:41:00,stop
IC,5756,OJ/86,12:51:00,12:52:00,stop
IC,5756,SST/86,12:57:00,12:57:00,stop
IC,5756,FZ/86,13:00:00,13:00:00,pass
IC,5756,VM/86,13:02:00,13:03:00,stop
IC,5756,LK/86,13:08:00,13:09:00,stop
IC,5756,KD/86,13:16:00,13:18:00,stop
IC,5756,TL/86,13:24:00,13:24:00,stop
IC,5756,FA/86,13:30:00,00:00:00,stop
IC,206,OD/86,00:00:00,06:09:00,stop
IC,206,MV/86,06:14:00,06:14:00,stop
IC,206,LV/86,06:15:00,06:15:00,pass
IC,206,UV/86,06:17:00,06:17:00,pass
IC,206,JU/86,06:19:00,06:19:00,pass
IC,206,NG/86,06:22:00,06:24:00,stop
IC,206,SPR/86,06:29:00,06:29:00,stop
IC,206,KØ/86,06:35:00,06:35:00,pass
IC,206,FO/86,06:38:00,06:38:00,pass
IC,206,SG/86,06:42:00,06:44:00,stop
IC,206,SO/86,06:51:00,06:53:00,stop
IC,206,FJ/86,06:57:00,06:57:00,stop
IC,206,RG/86,07:02:00,07:04:00,stop
IC,206,KY/86,07:08:00,07:08:00,stop
IC,206,BO/86,07:10:00,07:10:00,pass
IC,206,VY/86,07:13:00,07:13:00,pass
IC,206,RO/86,07:18:00,07:20:00,stop
IC,206,TRK/86,07:23:00,07:24:00,stop
IC,206,HH/86,07:26:00,07:26:00,stop
IC,206,HTÅ/86,07:29:00,07:31:00,stop
IC,206,GL/86,07:35:00,07:35:00,stop
IC,206,HIF/86,07:37:00,07:37:00,pass
IC,206,IG/86,07:38:00,07:38:00,pass
IC,206,NEL/86,07:40:00,07:42:00,stop
IC,206,KLV/86,07:44:00,07:44:00,stop
IC,206,ØRE/86,07:46:00,07:47:00,stop
IC,206,TÅT/86,07:49:00,07:50:00,stop
IC,206,CPH/86,07:54:00,00:00:00,stop
IC,214,OD/86,00:00:00,08:10:00,stop
IC,214,MV/86,08:14:00,08:14:00,stop
IC,214,LV/86,08:16:00,08:16:00,pass
IC,214,UV/86,08:18:00,08:18:00,pass
IC,214,JU/86,08:20:00,08:20:00,pass
IC,214,NG/86,08:23:00,08:25:00,stop
IC,214,SPR/86,08:30:00,08:30:00,stop
IC,214,KØ/86,08:35:00,08:35:00,pass
IC,214,FO/86,08:38:00,08:38:00,pass
IC,214,SG/86,08:42:00,08:44:00,stop
IC,214,SO/86,08:51:00,08:53:00,stop
IC,214,FJ/86,08:57:00,08:57:00,stop
IC,214,RG/86,09:02:00,09:04:00,stop
IC,214,KY/86,09:08:00,09:08:00,stop
IC,214,BO/86,09:10:00,09:10:00,pass
IC,214,VY/86,09:13:00,09:13:00,pass
IC,214,RO/86,09:18:00,09:20:00,stop
IC,214,TRK/86,09:23:00,09:24:00,stop
IC,214,HH/86,09:26:00,09:26:00,stop
IC,214,HTÅ/86,09:29:00,09:31:00,stop
IC,214,GL/86,09:35:00,09:35:00,stop
IC,214,HIF/86,09:37:00,09:37:00,pass
IC,214,IG/86,09:38:00,09:38:00,pass
IC,214,NEL/86,09:40:00,09:42:00,stop
IC,214,KLV/86,09:44:00,09:44:00,stop
IC,214,ØRE/86,09:46:00,09:47:00,stop
IC,214,TÅT/86,09:49:00,09:50:00,stop
IC,214,CPH/86,09:54:00,00:00:00,stop
IC,238,OD/86,00:00:00,14:09:00,stop
IC,238,MV/86,14:14:00,14:14:00,stop
IC,238,LV/86,14:15:00,14:15:00,pass
IC,238,UV/86,14:17:00,14:17:00,pass
IC,238,JU/86,14:19:00,14:19:00,pass
IC,238,NG/86,14:22:00,14:24:00,stop
IC,238,SPR/86,14:29:00,14:29:00,stop
IC,238,KØ/86,14:35:00,14:35:00,pass
IC,238,FO/86,14:38:00,14:38:00,pass
IC,238,SG/86,14:42:00,14:44:00,stop
IC,238,SO/86,14:51:00,14:53:00,stop
IC,238,FJ/86,14:57:00,14:57:00,stop
IC,238,RG/86,15:02:00,15:04:00,stop
IC,238,KY/86,15:08:00,15:08:00,stop
IC,238,BO/86,15:10:00,15:10:00,pass
IC,238,VY/86,15:13:00,15:13:00,pass
IC,238,RO/86,15:18:00,15:20:00,stop
IC,238,TRK/86,15:23:00,15:24:00,stop
IC,238,HH/86,15:26:00,15:26:00,stop
IC,238,HTÅ/86,15:29:00,15:31:00,stop
IC,238,GL/86,15:35:00,15:35:00,stop
IC,238,HIF/86,15:37:00,15:37:00,pass
IC,238,IG/86,15:38:00,15:38:00,pass
IC,238,NEL/86,15:40:00,15:42:00,stop
IC,238,KLV/86,15:44:00,15:44:00,stop
IC,238,ØRE/86,15:46:00,15:47:00,stop
IC,238,TÅT/86,15:49:00,15:50:00,stop
IC,238,CPH/86,15:54:00,00:00:00,stop
IC,242,OD/86,00:00:00,15:09:00,stop
IC,242,MV/86,15:14:00,15:14:00,stop
IC,242,LV/86,15:15:00,15:15:00,pass
IC,242,UV/86,15:17:00,15:17:00,pass
IC,242,JU/86,15:19:00,15:19:00,pass
IC,242,NG/86,15:22:00,15:24:00,stop
IC,242,SPR/86,15:29:00,15:29:00,stop
IC,242,KØ/86,15:35:00,15:35:00,pass
IC,242,FO/86,15:38:00,15:38:00,pass
IC,242,SG/86,15:42:00,15:44:00,stop
IC,242,SO/86,15:51:00,15:53:00,stop
IC,242,FJ/86,15:57:00,15:57:00,stop
IC,242,RG/86,16:02:00,16:04:00,stop
IC,242,KY/86,16:08:00,16:08:00,stop
IC,242,BO/86,16:10:00,16:10:00,pass
IC,242,VY/86,16:13:00,16:13:00,pass
IC,242,RO/86,16:18:00,16:20:00,stop
IC,242,TRK/86,16:23:00,16:24:00,stop
IC,242,HH/86,16:26:00,16:26:00,stop
IC,242,HTÅ/86,16:29:00,16:31:00,stop
IC,242,GL/86,16:35:00,16:35:00,stop
IC,242,HIF/86,16:37:00,16:37:00,pass
IC,242,IG/86,16:38:00,16:38:00,pass
IC,242,NEL/86,16:40:00,16:42:00,stop
IC,242,KLV/86,16:44:00,16:44:00,stop
IC,242,ØRE/86,16:46:00,16:47:00,stop
IC,242,TÅT/86,16:49:00,16:50:00,stop
IC,242,CPH/86,16:54:00,00:00:00,stop
IC,246,OD/86,00:00:00,16:09:00,stop
IC,246,MV/86,16:14:00,16:14:00,stop
IC,246,LV/86,16:15:00,16:15:00,pass
IC,246,UV/86,16:17:00,16:17:00,pass
IC,246,JU/86,16:19:00,16:19:00,pass
IC,246,NG/86,16:22:00,16:24:00,stop
IC,246,SPR/86,16:29:00,16:29:00,stop
IC,246,KØ/86,16:35:00,16:35:00,pass
IC,246,FO/86,16:38:00,16:38:00,pass
IC,246,SG/86,16:42:00,16:44:00,stop
IC,246,SO/86,16:51:00,16:53:00,stop
IC,246,FJ/86,16:57:00,16:57:00,stop
IC,246,RG/86,17:02:00,17:04:00,stop
IC,246,KY/86,17:08:00,17:08:00,stop
IC,246,BO/86,17:10:00,17:10:00,pass
IC,246,VY/86,17:13:00,17:13:00,pass
IC,246,RO/86,17:18:00,17:20:00,stop
IC,246,TRK/86,17:23:00,17:24:00,stop
IC,246,HH/86,17:26:00,17:26:00,stop
IC,246,HTÅ/86,17:29:00,17:31:00,stop
IC,246,GL/86,17:35:00,17:35:00,stop
IC,246,HIF/86,17:37:00,17:37:00,pass
IC,246,IG/86,17:38:00,17:38:00,pass
IC,246,NEL/86,17:40:00,17:42:00,stop
IC,246,KLV/86,17:44:00,17:44:00,stop
IC,246,ØRE/86,17:46:00,17:47:00,stop
IC,246,TÅT/86,17:49:00,17:50:00,stop
IC,246,CPH/86,17:54:00,00:00:00,stop
IC,250,OD/86,00:00:00,17:09:00,stop
IC,250,MV/86,17:14:00,17:14:00,stop
IC,250,LV/86,17:15:00,17:15:00,pass
IC,250,UV/86,17:17:00,17:17:00,pass
IC,250,JU/86,17:19:00,17:19:00,pass
IC,250,NG/86,17:22:00,17:24:00,stop
IC,250,SPR/86,17:29:00,17:29:00,stop
IC,250,KØ/86,17:35:00,17:35:00,pass
IC,250,FO/86,17:38:00,17:38:00,pass
IC,250,SG/86,17:42:00,17:44:00,stop
IC,250,SO/86,17:51:00,17:53:00,stop
IC,250,FJ/86,17:57:00,17:57:00,stop
IC,250,RG/86,18:02:00,18:04:00,stop
IC,250,KY/86,18:08:00,18:08:00,stop
IC,250,BO/86,18:10:00,18:10:00,pass
IC,250,VY/86,18:13:00,18:13:00,pass
IC,250,RO/86,18:18:00,18:20:00,stop
IC,250,TRK/86,18:23:00,18:24:00,stop
IC,250,HH/86,18:26:00,18:26:00,stop
IC,250,HTÅ/86,18:29:00,18:31:00,stop
IC,250,GL/86,18:35:00,18:35:00,stop
IC,250,HIF/86,18:37:00,18:37:00,pass
IC,250,IG/86,18:38:00,18:38:00,pass
IC,250,NEL/86,18:40:00,18:42:00,stop
IC,250,KLV/86,18:44:00,18:44:00,stop
IC,250,ØRE/86,18:46:00,18:47:00,stop
IC,250,TÅT/86,18:49:00,18:50:00,stop
IC,250,CPH/86,18:54:00,00:00:00,stop
IC,251,CPH/86,00:00:00,13:05:00,stop
IC,251,TÅT/86,13:07:00,13:08:00,stop
IC,251,ØRE/86,13:10:00,13:11:00,stop
IC,251,KLV/86,13:14:00,13:14:00,stop
IC,251,NEL/86,13:16:00,13:18:00,stop
IC,251,IG/86,13:20:00,13:20:00,stop
IC,251,HIF/86,13:22:00,13:22:00,pass
IC,251,GL/86,13:24:00,13:24:00,pass
IC,251,HTÅ/86,13:28:00,13:29:00,stop
IC,251,HH/86,13:32:00,13:32:00,stop
IC,251,TRK/86,13:35:00,13:36:00,stop
IC,251,RO/86,13:39:00,13:41:00,stop
IC,251,VY/86,13:46:00,13:46:00,stop
IC,251,BO/86,13:49:00,13:49:00,pass
IC,251,KY/86,13:52:00,13:52:00,pass
IC,251,RG/86,13:56:00,13:58:00,stop
IC,251,FJ/86,14:03:00,14:03:00,stop
IC,251,SO/86,14:06:00,14:07:00,stop
IC,251,SG/86,14:15:00,14:17:00,stop
IC,251,FO/86,14:21:00,14:21:00,stop
IC,251,KØ/86,14:25:00,14:25:00,pass
IC,251,SPR/86,14:30:00,14:30:00,pass
IC,251,NG/86,14:35:00,14:37:00,stop
IC,251,JU/86,14:40:00,14:40:00,stop
IC,251,UV/86,14:42:00,14:42:00,pass
IC,251,LV/86,14:44:00,14:44:00,pass
IC,251,MV/86,14:45:00,14:45:00,pass
IC,251,OD/86,14:50:00,00:00:00,stop
IC,255,CPH/86,00:00:00,14:05:00,stop
IC,255,TÅT/86,14:07:00,14:08:00,stop
IC,255,ØRE/86,14:10:00,14:11:00,stop
IC,255,KLV/86,14:14:00,14:14:00,stop
IC,255,NEL/86,14:16:00,14:18:00,stop
IC,255,IG/86,14:20:00,14:20:00,stop
IC,255,HIF/86,14:22:00,14:22:00,pass
IC,255,GL/86,14:24:00,14:24:00,pass
IC,255,HTÅ/86,14:28:00,14:29:00,stop
IC,255,HH/86,14:32:00,14:32:00,stop
IC,255,TRK/86,14:35:00,14:36:00,stop
IC,255,RO/86,14:39:00,14:41:00,stop
IC,255,VY/86,14:46:00,14:46:00,stop
IC,255,BO/86,14:49:00,14:49:00,pass
IC,255,KY/86,14:52:00,14:52:00,pass
IC,255,RG/86,14:56:00,14:58:00,stop
IC,255,FJ/86,15:03:00,15:03:00,stop
IC,255,SO/86,15:06:00,15:07:00,stop
IC,255,SG/86,15:15:00,15:17:00,stop
IC,255,FO/86,15:21:00,15:21:00,stop
IC,255,KØ/86,15:25:00,15:25:00,pass
IC,255,SPR/86,15:30:00,15:30:00,pass
IC,255,NG/86,15:35:00,15:37:00,stop
IC,255,JU/86,15:40:00,15:40:00,stop
IC,255,UV/86,15:42:00,15:42:00,pass
IC,255,LV/86,15:44:00,15:44:00,pass
IC,255,MV/86,15:45:00,15:45:00,pass
IC,255,OD/86,15:50:00,00:00:00,stop
IC,259,CPH/86,00:00:00,15:05:00,stop
IC,259,TÅT/86,15:07:00,15:08:00,stop
IC,259,ØRE/86,15:10:00,15:11:00,stop
IC,259,KLV/86,15:14:00,15:14:00,stop
IC,259,NEL/86,15:16:00,15:18:00,stop
IC,259,IG/86,15:20:00,15:20:00,stop
IC,259,HIF/86,15:22:00,15:22:00,pass
IC,259,GL/86,15:24:00,15:24:00,pass
IC,259,HTÅ/86,15:28:00,15:29:00,stop
IC,259,HH/86,15:32:00,15:32:00,stop
IC,259,TRK/86,15:35:00,15:36:00,stop
IC,259,RO/86,15:39:00,15:41:00,stop
IC,259,VY/86,15:46:00,15:46:00,stop
IC,259,BO/86,15:49:00,15:49:00,pass
IC,259,KY/86,15:52:00,15:52:00,pass
IC,259,RG/86,15:56:00,15:58:00,stop
IC,259,FJ/86,16:03:00,16:03:00,stop
IC,259,SO/86,16:06:00,16:07:00,stop
IC,259,SG/86,16:15:00,16:17:00,stop
IC,259,FO/86,16:21:00,16:21:00,stop
IC,259,KØ/86,16:25:00,16:25:00,pass
IC,259,SPR/86,16:30:00,16:30:00,pass
IC,259,NG/86,16:35:00,16:37:00,stop
IC,259,JU/86,16:40:00,16:40:00,stop
IC,259,UV/86,16:42:00,16:42:00,pass
IC,259,LV/86,16:44:00,16:44:00,pass
IC,259,MV/86,16:45:00,16:45:00,pass
IC,259,OD/86,16:50:00,00:00:00,stop
IC,818,ES/86,00:00:00,07:31:00,stop
IC,818,JNE/86,07:33:00,07:33:00,stop
IC,818,TB/86,07:35:00,07:35:00,pass
IC,818,BM/86,07:40:00,07:43:00,stop
IC,818,GØ/86,07:46:00,07:46:00,stop
IC,818,HQ/86,07:49:00,07:49:00,pass
IC,818,BP/86,07:52:00,07:52:00,pass
IC,818,VN/86,07:56:00,07:57:00,stop
IC,818,LK/86,08:04:00,08:04:00,stop
IC,818,KD/86,08:11:00,08:13:00,stop
IC,818,TL/86,08:18:00,08:18:00,stop
IC,818,SNO/86,08:23:00,08:23:00,pass
IC,818,MD/86,08:26:00,08:28:00,stop
IC,818,KA/86,08:31:00,08:31:00,stop
IC,818,NA/86,08:33:00,08:33:00,pass
IC,818,EB/86,08:35:00,08:35:00,pass
IC,818,GD/86,08:36:00,08:36:00,pass
IC,818,AP/86,08:38:00,08:38:00,pass
IC,818,BD/86,08:40:00,08:40:00,pass
IC,818,SC/86,08:41:00,08:41:00,pass
IC,818,TP/86,08:42:00,08:42:00,pass
IC,818,HP/86,08:45:00,08:45:00,pass
IC,818,OD/86,08:52:00,09:00:00,stop
IC,818,MV/86,09:05:00,09:05:00,stop
IC,818,LV/86,09:06:00,09:06:00,pass
IC,818,UV/86,09:08:00,09:08:00,pass
IC,818,JU/86,09:10:00,09:10:00,pass
IC,818,NG/86,09:12:00,09:14:00,stop
IC,818,SPR/86,09:19:00,09:19:00,stop
IC,818,KØ/86,09:25:00,09:27:00,stop
IC,818,FO/86,09:31:00,09:31:00,stop
IC,818,SG/86,09:34:00,09:36:00,stop
IC,818,SO/86,09:43:00,09:45:00,stop
IC,818,FJ/86,09:48:00,09:48:00,stop
IC,818,RG/86,09:52:00,09:54:00,stop
IC,818,ADA/86,09:58:00,09:58:00,stop
IC,818,BJS/86,10:02:00,10:02:00,pass
IC,818,LEL/86,10:04:00,10:04:00,pass
IC,818,KJN/86,10:06:00,10:08:00,stop
IC,818,JSF/86,10:09:00,10:09:00,stop
IC,818,KIB/86,10:14:00,10:14:00,pass
IC,818,AVH/86,10:18:00,10:18:00,pass
IC,818,IG/86,10:20:00,10:20:00,pass
IC,818,NEL/86,10:21:00,10:23:00,stop
IC,818,GB/86,10:24:00,10:24:00,stop
IC,818,KH/86,10:28:00,10:31:00,stop
IC,818,KN/86,10:33:00,10:34:00,stop
IC,818,KK/86,10:37:00,10:40:00,stop
IC,818,HGL/86,10:43:00,00:00:00,stop
IC,831,HGL/86,00:00:00,08:16:00,stop
IC,831,KK/86,08:20:00,08:23:00,stop
IC,831,KN/86,08:25:00,08:26:00,stop
IC,831,KH/86,08:29:00,08:32:00,stop
IC,831,GB/86,08:35:00,08:35:00,stop
IC,831,NEL/86,08:36:00,08:37:00,stop
IC,831,IG/86,08:38:00,08:38:00,stop
IC,831,AVH/86,08:40:00,08:40:00,pass
IC,831,KIB/86,08:45:00,08:45:00,pass
IC,831,JSF/86,08:49:00,08:49:00,pass
IC,831,KJN/86,08:50:00,08:52:00,stop
IC,831,LEL/86,08:54:00,08:54:00,stop
IC,831,BJS/86,08:57:00,08:57:00,pass
IC,831,ADA/86,09:01:00,09:01:00,pass
IC,831,RG/86,09:04:00,09:06:00,stop
IC,831,FJ/86,09:11:00,09:11:00,stop
IC,831,SO/86,09:14:00,09:15:00,stop
IC,831,SG/86,09:22:00,09:24:00,stop
IC,831,FO/86,09:28:00,09:28:00,stop
IC,831,KØ/86,09:32:00,09:33:00,stop
IC,831,SPR/86,09:39:00,09:39:00,stop
IC,831,NG/86,09:44:00,09:46:00,stop
IC,831,JU/86,09:49:00,09:49:00,stop
IC,831,UV/86,09:51:00,09:51:00,pass
IC,831,LV/86,09:53:00,09:53:00,pass
IC,831,MV/86,09:55:00,09:55:00,pass
IC,831,OD/86,10:00:00,10:09:00,stop
IC,831,HP/86,10:14:00,10:14:00,stop
IC,831,TP/86,10:16:00,10:16:00,pass
IC,831,SC/86,10:18:00,10:18:00,pass
IC,831,BD/86,10:18:20,10:18:20,pass
IC,831,AP/86,10:20:00,10:20:00,pass
IC,831,GD/86,10:22:00,10:22:00,pass
IC,831,EB/86,10:24:00,10:24:00,pass
IC,831,NA/86,10:26:00,10:26:00,pass
IC,831,KA/86,10:27:00,10:27:00,pass
IC,831,MD/86,10:30:00,10:32:00,stop
IC,831,SNO/86,10:37:00,10:37:00,stop
IC,831,TL/86,10:40:00,10:40:00,pass
IC,831,KD/86,10:46:00,10:48:00,stop
IC,831,LK/86,10:54:00,10:54:00,stop
IC,831,VN/86,11:01:00,11:02:00,stop
IC,831,BP/86,11:06:00,11:06:00,stop
IC,831,HQ/86,11:09:00,11:09:00,pass
IC,831,GØ/86,11:12:00,11:12:00,pass
IC,831,BM/86,11:15:00,11:17:00,stop
IC,831,TB/86,11:21:00,11:21:00,stop
IC,831,JNE/86,11:24:00,11:24:00,pass
IC,831,ES/86,11:26:00,00:00:00,stop
IC,834,ES/86,00:00:00,11:32:00,stop
IC,834,JNE/86,11:34:00,11:34:00,stop
IC,834,TB/86,11:36:00,11:36:00,pass
IC,834,BM/86,11:41:00,11:43:00,stop
IC,834,GØ/86,11:46:00,11:46:00,stop
IC,834,HQ/86,11:49:00,11:49:00,pass
IC,834,BP/86,11:52:00,11:52:00,pass
IC,834,VN/86,11:56:00,11:57:00,stop
IC,834,LK/86,12:04:00,12:04:00,stop
IC,834,KD/86,12:11:00,12:13:00,stop
IC,834,TL/86,12:18:00,12:18:00,stop
IC,834,SNO/86,12:23:00,12:23:00,pass
IC,834,MD/86,12:26:00,12:28:00,stop
IC,834,KA/86,12:31:00,12:31:00,stop
IC,834,NA/86,12:33:00,12:33:00,pass
IC,834,EB/86,12:35:00,12:35:00,pass
IC,834,GD/86,12:36:00,12:36:00,pass
IC,834,AP/86,12:38:00,12:38:00,pass
IC,834,BD/86,12:40:00,12:40:00,pass
IC,834,SC/86,12:41:00,12:41:00,pass
IC,834,TP/86,12:42:00,12:42:00,pass
IC,834,HP/86,12:45:00,12:45:00,pass
IC,834,OD/86,12:52:00,13:00:00,stop
IC,834,MV/86,13:05:00,13:05:00,stop
IC,834,LV/86,13:06:00,13:06:00,pass
IC,834,UV/86,13:08:00,13:08:00,pass
IC,834,JU/86,13:10:00,13:10:00,pass
IC,834,NG/86,13:12:00,13:14:00,stop
IC,834,SPR/86,13:19:00,13:19:00,stop
IC,834,KØ/86,13:25:00,13:27:00,stop
IC,834,FO/86,13:31:00,13:31:00,stop
IC,834,SG/86,13:34:00,13:36:00,stop
IC,834,SO/86,13:43:00,13:45:00,stop
IC,834,FJ/86,13:48:00,13:48:00,stop
IC,834,RG/86,13:52:00,13:54:00,stop
IC,834,ADA/86,13:58:00,13:58:00,stop
IC,834,BJS/86,14:02:00,14:02:00,pass
IC,834,LEL/86,14:04:00,14:04:00,pass
IC,834,KJN/86,14:06:00,14:08:00,stop
IC,834,JSF/86,14:09:00,14:09:00,stop
IC,834,KIB/86,14:14:00,14:14:00,pass
IC,834,AVH/86,14:18:00,14:18:00,pass
IC,834,IG/86,14:20:00,14:20:00,pass
IC,834,NEL/86,14:21:00,14:23:00,stop
IC,834,GB/86,14:24:00,14:24:00,stop
IC,834,KH/86,14:28:00,14:31:00,stop
IC,834,KN/86,14:33:00,14:34:00,stop
IC,834,KK/86,14:37:00,14:40:00,stop
IC,834,HGL/86,14:43:00,00:00:00,stop
IC,468,AR/86,00:00:00,19:50:00,stop
IC,468,KGV/86,19:52:00,19:52:00,stop
IC,468,VI/86,19:53:00,19:53:00,pass
IC,468,HC/86,19:55:00,19:55:00,pass
IC,468,HX/86,19:57:00,19:57:00,pass
IC,468,SD/86,20:02:00,20:03:00,stop
IC,468,HÅ/86,20:10:00,20:10:00,stop
IC,468,HS/86,20:17:00,20:19:00,stop
IC,468,HED/86,20:26:00,20:26:00,stop
IC,468,VJ/86,20:33:00,20:35:00,stop
IC,468,BET/86,20:41:00,20:41:00,stop
IC,468,BK/86,20:42:00,20:42:00,pass
IC,468,FA/86,20:49:00,00:00:00,stop
IC,862,ES/86,00:00:00,18:32:00,stop
IC,862,JNE/86,18:34:00,18:34:00,stop
IC,862,TB/86,18:36:00,18:36:00,pass
IC,862,BM/86,18:41:00,18:43:00,stop
IC,862,GØ/86,18:46:00,18:46:00,stop
IC,862,HQ/86,18:49:00,18:49:00,pass
IC,862,BP/86,18:52:00,18:52:00,pass
IC,862,VN/86,18:56:00,18:57:00,stop
IC,862,LK/86,19:04:00,19:04:00,stop
IC,862,KD/86,19:11:00,19:13:00,stop
IC,862,TL/86,19:18:00,19:18:00,stop
IC,862,SNO/86,19:23:00,19:23:00,pass
IC,862,MD/86,19:26:00,19:28:00,stop
IC,862,KA/86,19:31:00,19:31:00,stop
IC,862,NA/86,19:33:00,19:33:00,pass
IC,862,EB/86,19:35:00,19:35:00,pass
IC,862,GD/86,19:36:00,19:36:00,pass
IC,862,AP/86,19:38:00,19:38:00,pass
IC,862,BD/86,19:40:00,19:40:00,pass
IC,862,SC/86,19:41:00,19:41:00,pass
IC,862,TP/86,19:42:00,19:42:00,pass
IC,862,HP/86,19:45:00,19:45:00,pass
IC,862,OD/86,19:52:00,20:00:00,stop
IC,862,MV/86,20:05:00,20:05:00,stop
IC,862,LV/86,20:06:00,20:06:00,pass
IC,862,UV/86,20:08:00,20:08:00,pass
IC,862,JU/86,20:10:00,20:10:00,pass
IC,862,NG/86,20:12:00,20:14:00,stop
IC,862,SPR/86,20:19:00,20:19:00,stop
IC,862,KØ/86,20:25:00,20:27:00,stop
IC,862,FO/86,20:31:00,20:31:00,stop
IC,862,SG/86,20:34:00,20:36:00,stop
IC,862,SO/86,20:43:00,20:45:00,stop
IC,862,FJ/86,20:48:00,20:48:00,stop
IC,862,RG/86,20:52:00,20:54:00,stop
IC,862,ADA/86,20:58:00,20:58:00,stop
IC,862,BJS/86,21:02:00,21:02:00,pass
IC,862,LEL/86,21:04:00,21:04:00,pass
IC,862,KJN/86,21:06:00,21:08:00,stop
IC,862,JSF/86,21:09:00,21:09:00,stop
IC,862,KIB/86,21:14:00,21:14:00,pass
IC,862,AVH/86,21:18:00,21:18:00,pass
IC,862,IG/86,21:20:00,21:20:00,pass
IC,862,NEL/86,21:21:00,21:23:00,stop
IC,862,GB/86,21:24:00,21:24:00,stop
IC,862,KH/86,21:28:00,21:31:00,stop
IC,862,KN/86,21:33:00,21:34:00,stop
IC,862,KK/86,21:37:00,00:00:00,stop
IC,866,ES/86,00:00:00,19:32:00,stop
IC,866,JNE/86,19:34:00,19:34:00,stop
IC,866,TB/86,19:36:00,19:36:00,pass
IC,866,BM/86,19:41:00,19:43:00,stop
IC,866,GØ/86,19:46:00,19:46:00,stop
IC,866,HQ/86,19:49:00,19:49:00,pass
IC,866,BP/86,19:52:00,19:52:00,pass
IC,866,VN/86,19:56:00,19:57:00,stop
IC,866,LK/86,20:04:00,20:04:00,stop
IC,866,KD/86,20:11:00,20:13:00,stop
IC,866,TL/86,20:18:00,20:18:00,stop
IC,866,SNO/86,20:23:00,20:23:00,pass
IC,866,MD/86,20:26:00,20:28:00,stop
IC,866,KA/86,20:31:00,20:31:00,stop
IC,866,NA/86,20:33:00,20:33:00,pass
IC,866,EB/86,20:35:00,20:35:00,pass
IC,866,GD/86,20:36:00,20:36:00,pass
IC,866,AP/86,20:38:00,20:38:00,pass
IC,866,BD/86,20:40:00,20:40:00,pass
IC,866,SC/86,20:41:00,20:41:00,pass
IC,866,TP/86,20:42:00,20:42:00,pass
IC,866,HP/86,20:45:00,20:45:00,pass
IC,866,OD/86,20:52:00,21:00:00,stop
IC,866,MV/86,21:05:00,21:05:00,stop
IC,866,LV/86,21:06:00,21:06:00,pass
IC,866,UV/86,21:08:00,21:08:00,pass
IC,866,JU/86,21:10:00,21:10:00,pass
IC,866,NG/86,21:12:00,21:14:00,stop
IC,866,SPR/86,21:19:00,21:19:00,stop
IC,866,KØ/86,21:25:00,21:27:00,stop
IC,866,FO/86,21:31:00,21:31:00,stop
IC,866,SG/86,21:34:00,21:36:00,stop
IC,866,SO/86,21:43:00,21:45:00,stop
IC,866,FJ/86,21:48:00,21:48:00,stop
IC,866,RG/86,21:52:00,21:54:00,stop
IC,866,ADA/86,21:58:00,21:58:00,stop
IC,866,BJS/86,22:02:00,22:02:00,pass
IC,866,LEL/86,22:04:00,22:04:00,pass
IC,866,KJN/86,22:06:00,22:08:00,stop
IC,866,JSF/86,22:09:00,22:09:00,stop
IC,866,KIB/86,22:14:00,22:14:00,pass
IC,866,AVH/86,22:18:00,22:18:00,pass
IC,866,IG/86,22:20:00,22:20:00,pass
IC,866,NEL/86,22:21:00,22:23:00,stop
IC,866,GB/86,22:24:00,22:24:00,stop
IC,866,KH/86,22:28:00,22:34:00,stop
IC,866,KN/86,22:36:00,22:37:00,stop
IC,866,KK/86,22:40:00,00:00:00,stop
IC,810,ES/86,00:00:00,05:32:00,stop
IC,810,JNE/86,05:34:00,05:34:00,stop
IC,810,TB/86,05:36:00,05:36:00,pass
IC,810,BM/86,05:41:00,05:43:00,stop
IC,810,GØ/86,05:46:00,05:46:00,stop
IC,810,HQ/86,05:49:00,05:49:00,pass
IC,810,BP/86,05:52:00,05:52:00,pass
IC,810,VN/86,05:56:00,05:57:00,stop
IC,810,LK/86,06:04:00,06:04:00,stop
IC,810,KD/86,06:11:00,06:13:00,stop
IC,810,TL/86,06:18:00,06:18:00,stop
IC,810,SNO/86,06:23:00,06:23:00,pass
IC,810,MD/86,06:26:00,06:28:00,stop
IC,810,KA/86,06:31:00,06:31:00,stop
IC,810,NA/86,06:33:00,06:33:00,pass
IC,810,EB/86,06:35:00,06:35:00,pass
IC,810,GD/86,06:36:00,06:36:00,pass
IC,810,AP/86,06:38:00,06:38:00,pass
IC,810,BD/86,06:40:00,06:40:00,pass
IC,810,SC/86,06:41:00,06:41:00,pass
IC,810,TP/86,06:42:00,06:42:00,pass
IC,810,HP/86,06:45:00,06:45:00,pass
IC,810,OD/86,06:52:00,07:00:00,stop
IC,810,MV/86,07:05:00,07:05:00,stop
IC,810,LV/86,07:06:00,07:06:00,pass
IC,810,UV/86,07:08:00,07:08:00,pass
IC,810,JU/86,07:10:00,07:10:00,pass
IC,810,NG/86,07:12:00,07:14:00,stop
IC,810,SPR/86,07:19:00,07:19:00,stop
IC,810,KØ/86,07:25:00,07:27:00,stop
IC,810,FO/86,07:31:00,07:31:00,stop
IC,810,SG/86,07:34:00,07:36:00,stop
IC,810,SO/86,07:43:00,07:45:00,stop
IC,810,FJ/86,07:48:00,07:48:00,stop
IC,810,RG/86,07:52:00,07:54:00,stop
IC,810,ADA/86,07:58:00,07:58:00,stop
IC,810,BJS/86,08:02:00,08:02:00,pass
IC,810,LEL/86,08:04:00,08:04:00,pass
IC,810,KJN/86,08:06:00,08:08:00,stop
IC,810,JSF/86,08:09:00,08:09:00,stop
IC,810,KIB/86,08:14:00,08:14:00,pass
IC,810,AVH/86,08:18:00,08:18:00,pass
IC,810,IG/86,08:20:00,08:20:00,pass
IC,810,NEL/86,08:21:00,08:23:00,stop
IC,810,GB/86,08:24:00,08:24:00,stop
IC,810,KH/86,08:28:00,08:31:00,stop
IC,810,KN/86,08:33:00,08:34:00,stop
IC,810,KK/86,08:37:00,08:40:00,stop
IC,810,HGL/86,08:43:00,00:00:00,stop
IC,182,AR/86,00:00:00,22:50:00,stop
IC,182,KGV/86,22:52:00,22:52:00,stop
IC,182,VI/86,22:53:00,22:53:00,pass
IC,182,HC/86,22:56:00,22:56:00,pass
IC,182,HX/86,22:58:00,22:58:00,pass
IC,182,SD/86,23:02:00,23:04:00,stop
IC,182,HÅ/86,23:10:00,23:10:00,stop
IC,182,HS/86,23:17:00,23:19:00,stop
IC,182,HED/86,23:27:00,23:27:00,stop
IC,182,VJ/86,23:34:00,23:36:00,stop
IC,182,BET/86,23:41:00,23:41:00,stop
IC,182,BK/86,23:43:00,23:43:00,pass
IC,182,FA/86,23:51:00,23:56:00,stop
IC,182,SNO/86,23:59:00,23:59:00,stop
IC,182,MD/86,00:04:00,00:05:00,stop
IC,182,KA/86,00:10:00,00:10:00,stop
IC,182,NA/86,00:11:00,00:11:00,pass
IC,182,EB/86,00:14:00,00:14:00,pass
IC,182,GD/86,00:16:00,00:16:00,pass
IC,182,AP/86,00:18:00,00:18:00,pass
IC,182,BD/86,00:20:00,00:20:00,pass
IC,182,SC/86,00:21:00,00:21:00,pass
IC,182,TP/86,00:22:00,00:22:00,pass
IC,182,HP/86,00:25:00,00:25:00,pass
IC,182,OD/86,00:30:00,00:33:00,stop
IC,182,MV/86,00:38:00,00:38:00,stop
IC,182,LV/86,00:41:00,00:42:00,stop
IC,182,UV/86,00:45:00,00:45:00,stop
IC,182,JU/86,00:48:00,00:48:00,pass
IC,182,NG/86,00:51:00,00:53:00,stop
IC,182,SPR/86,00:59:00,00:59:00,stop
IC,182,KØ/86,01:06:00,01:07:00,stop
IC,182,FO/86,01:12:00,01:12:00,stop
IC,182,SG/86,01:16:00,01:18:00,stop
IC,182,SO/86,01:27:00,01:29:00,stop
IC,182,FJ/86,01:33:00,01:33:00,stop
IC,182,RG/86,01:37:00,01:39:00,stop
IC,182,KY/86,01:45:00,01:45:00,stop
IC,182,BO/86,01:48:00,01:48:00,pass
IC,182,VY/86,01:51:00,01:51:00,pass
IC,182,RO/86,01:56:00,01:58:00,stop
IC,182,TRK/86,02:01:00,02:01:00,stop
IC,182,HH/86,02:03:00,02:03:00,pass
IC,182,HTÅ/86,02:06:00,02:07:00,stop
IC,182,GL/86,02:13:00,02:13:00,stop
IC,182,HIF/86,02:15:00,02:15:00,pass
IC,182,VAL/86,02:17:00,02:19:00,stop
IC,182,KH/86,02:25:00,00:00:00,stop
IC,802,OD/86,00:00:00,05:00:00,stop
IC,802,MV/86,05:05:00,05:05:00,stop
IC,802,LV/86,05:06:00,05:06:00,pass
IC,802,UV/86,05:08:00,05:08:00,pass
IC,802,JU/86,05:10:00,05:10:00,pass
IC,802,NG/86,05:12:00,05:14:00,stop
IC,802,SPR/86,05:19:00,05:19:00,stop
IC,802,KØ/86,05:25:00,05:27:00,stop
IC,802,FO/86,05:31:00,05:31:00,stop
IC,802,SG/86,05:34:00,05:36:00,stop
IC,802,SO/86,05:43:00,05:45:00,stop
IC,802,FJ/86,05:48:00,05:48:00,stop
IC,802,RG/86,05:52:00,05:54:00,stop
IC,802,ADA/86,05:58:00,05:58:00,stop
IC,802,BJS/86,06:02:00,06:02:00,pass
IC,802,LEL/86,06:04:00,06:04:00,pass
IC,802,KJN/86,06:06:00,06:08:00,stop
IC,802,JSF/86,06:09:00,06:09:00,stop
IC,802,KIB/86,06:14:00,06:14:00,pass
IC,802,AVH/86,06:18:00,06:18:00,pass
IC,802,IG/86,06:20:00,06:20:00,pass
IC,802,NEL/86,06:21:00,06:23:00,stop
IC,802,GB/86,06:24:00,06:24:00,stop
IC,802,KH/86,06:28:00,06:31:00,stop
IC,802,KN/86,06:33:00,06:34:00,stop
IC,802,KK/86,06:37:00,06:40:00,stop
IC,802,HGL/86,06:43:00,00:00:00,stop
IC,107,KH/86,00:00:00,02:35:00,stop
IC,107,VAL/86,02:39:00,02:40:00,stop
IC,107,HIF/86,02:43:00,02:43:00,stop
IC,107,GL/86,02:45:00,02:45:00,pass
IC,107,HTÅ/86,02:49:00,02:51:00,stop
IC,107,HH/86,02:54:00,02:54:00,stop
IC,107,TRK/86,02:56:00,02:56:00,pass
IC,107,RO/86,02:58:00,03:00:00,stop
IC,107,VY/86,03:06:00,03:06:00,stop
IC,107,BO/86,03:09:00,03:09:00,pass
IC,107,KY/86,03:12:00,03:12:00,pass
IC,107,RG/86,03:17:00,03:19:00,stop
IC,107,FJ/86,03:24:00,03:24:00,stop
IC,107,SO/86,03:27:00,03:29:00,stop
IC,107,SG/86,03:37:00,03:39:00,stop
IC,107,FO/86,03:44:00,03:44:00,stop
IC,107,KØ/86,03:48:00,03:49:00,stop
IC,107,SPR/86,03:56:00,03:56:00,stop
IC,107,NG/86,04:02:00,04:04:00,stop
IC,107,JU/86,04:07:00,04:07:00,stop
IC,107,UV/86,04:10:00,04:10:00,pass
IC,107,LV/86,04:12:00,04:12:00,pass
IC,107,MV/86,04:13:00,04:13:00,pass
IC,107,OD/86,04:18:00,04:21:00,stop
IC,107,HP/86,04:26:00,04:26:00,stop
IC,107,TP/86,04:29:00,04:29:00,pass
IC,107,SC/86,04:30:00,04:30:00,pass
IC,107,BD/86,04:31:00,04:31:00,pass
IC,107,AP/86,04:33:00,04:33:00,pass
IC,107,GD/86,04:35:00,04:35:00,pass
IC,107,EB/86,04:37:00,04:37:00,pass
IC,107,NA/86,04:39:00,04:39:00,pass
IC,107,KA/86,04:41:00,04:41:00,pass
IC,107,MD/86,04:45:00,04:46:00,stop
IC,107,SNO/86,04:51:00,04:51:00,stop
IC,107,FA/86,04:55:00,05:05:00,stop
IC,107,BK/86,05:11:00,05:11:00,stop
IC,107,BET/86,05:12:00,05:12:00,pass
IC,107,VJ/86,05:18:00,05:20:00,stop
IC,107,HED/86,05:28:00,05:28:00,stop
IC,107,HS/86,05:35:00,05:37:00,stop
IC,107,HÅ/86,05:44:00,05:44:00,stop
IC,107,SD/86,05:51:00,05:52:00,stop
IC,107,HX/86,05:57:00,05:57:00,stop
IC,107,HC/86,05:59:00,05:59:00,pass
IC,107,VI/86,06:01:00,06:01:00,pass
IC,107,KGV/86,06:02:00,06:02:00,pass
IC,107,AR/86,06:05:00,00:00:00,stop
IC,2312,FA/86,00:00:00,06:51:00,stop
IC,2312,TL/86,06:56:00,06:57:00,stop
IC,2312,KD/86,07:04:00,07:06:00,stop
IC,2312,LK/86,07:13:00,07:14:00,stop
IC,2312,VN/86,07:20:00,07:21:00,stop
IC,2312,BP/86,07:26:00,07:27:00,stop
IC,2312,HQ/86,07:32:00,07:33:00,stop
IC,2312,GØ/86,07:38:00,07:38:00,stop
IC,2312,BM/86,07:42:00,07:44:00,stop
IC,2312,TB/86,07:48:00,07:48:00,stop
IC,2312,JNE/86,07:51:00,07:51:00,pass
IC,2312,ES/86,07:54:00,00:00:00,stop
IC,822,ES/86,00:00:00,08:31:00,stop
IC,822,JNE/86,08:33:00,08:33:00,stop
IC,822,TB/86,08:35:00,08:35:00,pass
IC,822,BM/86,08:40:00,08:43:00,stop
IC,822,GØ/86,08:46:00,08:46:00,stop
IC,822,HQ/86,08:49:00,08:49:00,pass
IC,822,BP/86,08:52:00,08:52:00,pass
IC,822,VN/86,08:56:00,08:57:00,stop
IC,822,LK/86,09:04:00,09:04:00,stop
IC,822,KD/86,09:11:00,09:13:00,stop
IC,822,TL/86,09:18:00,09:18:00,stop
IC,822,SNO/86,09:23:00,09:23:00,pass
IC,822,MD/86,09:26:00,09:28:00,stop
IC,822,KA/86,09:31:00,09:31:00,stop
IC,822,NA/86,09:33:00,09:33:00,pass
IC,822,EB/86,09:35:00,09:35:00,pass
IC,822,GD/86,09:36:00,09:36:00,pass
IC,822,AP/86,09:38:00,09:38:00,pass
IC,822,BD/86,09:40:00,09:40:00,pass
IC,822,SC/86,09:41:00,09:41:00,pass
IC,822,TP/86,09:42:00,09:42:00,pass
IC,822,HP/86,09:45:00,09:45:00,pass
IC,822,OD/86,09:52:00,10:00:00,stop
IC,822,MV/86,10:05:00,10:05:00,stop
IC,822,LV/86,10:06:00,10:06:00,pass
IC,822,UV/86,10:08:00,10:08:00,pass
IC,822,JU/86,10:10:00,10:10:00,pass
IC,822,NG/86,10:12:00,10:14:00,stop
IC,822,SPR/86,10:19:00,10:19:00,stop
IC,822,KØ/86,10:25:00,10:27:00,stop
IC,822,FO/86,10:31:00,10:31:00,stop
IC,822,SG/86,10:34:00,10:36:00,stop
IC,822,SO/86,10:43:00,10:45:00,stop
IC,822,FJ/86,10:48:00,10:48:00,stop
IC,822,RG/86,10:52:00,10:54:00,stop
IC,822,ADA/86,10:58:00,10:58:00,stop
IC,822,BJS/86,11:02:00,11:02:00,pass
IC,822,LEL/86,11:04:00,11:04:00,pass
IC,822,KJN/86,11:06:00,11:08:00,stop
IC,822,JSF/86,11:09:00,11:09:00,stop
IC,822,KIB/86,11:14:00,11:14:00,pass
IC,822,AVH/86,11:18:00,11:18:00,pass
IC,822,IG/86,11:20:00,11:20:00,pass
IC,822,NEL/86,11:21:00,11:23:00,stop
IC,822,GB/86,11:24:00,11:24:00,stop
IC,822,KH/86,11:28:00,11:31:00,stop
IC,822,KN/86,11:33:00,11:34:00,stop
IC,822,KK/86,11:37:00,00:00:00,stop
IC,830,ES/86,00:00:00,10:32:00,stop
IC,830,JNE/86,10:34:00,10:34:00,stop
IC,830,TB/86,10:36:00,10:36:00,pass
IC,830,BM/86,10:41:00,10:43:00,stop
IC,830,GØ/86,10:46:00,10:46:00,stop
IC,830,HQ/86,10:49:00,10:49:00,pass
IC,830,BP/86,10:52:00,10:52:00,pass
IC,830,VN/86,10:56:00,10:57:00,stop
IC,830,LK/86,11:04:00,11:04:00,stop
IC,830,KD/86,11:11:00,11:13:00,stop
IC,830,TL/86,11:18:00,11:18:00,stop
IC,830,SNO/86,11:23:00,11:23:00,pass
IC,830,MD/86,11:26:00,11:28:00,stop
IC,830,KA/86,11:31:00,11:31:00,stop
IC,830,NA/86,11:33:00,11:33:00,pass
IC,830,EB/86,11:35:00,11:35:00,pass
IC,830,GD/86,11:36:00,11:36:00,pass
IC,830,AP/86,11:38:00,11:38:00,pass
IC,830,BD/86,11:40:00,11:40:00,pass
IC,830,SC/86,11:41:00,11:41:00,pass
IC,830,TP/86,11:42:00,11:42:00,pass
IC,830,HP/86,11:45:00,11:45:00,pass
IC,830,OD/86,11:52:00,12:00:00,stop
IC,830,MV/86,12:05:00,12:05:00,stop
IC,830,LV/86,12:06:00,12:06:00,pass
IC,830,UV/86,12:08:00,12:08:00,pass
IC,830,JU/86,12:10:00,12:10:00,pass
IC,830,NG/86,12:12:00,12:14:00,stop
IC,830,SPR/86,12:19:00,12:19:00,stop
IC,830,KØ/86,12:25:00,12:27:00,stop
IC,830,FO/86,12:31:00,12:31:00,stop
IC,830,SG/86,12:34:00,12:36:00,stop
IC,830,SO/86,12:43:00,12:45:00,stop
IC,830,FJ/86,12:48:00,12:48:00,stop
IC,830,RG/86,12:52:00,12:54:00,stop
IC,830,ADA/86,12:58:00,12:58:00,stop
IC,830,BJS/86,13:02:00,13:02:00,pass
IC,830,LEL/86,13:04:00,13:04:00,pass
IC,830,KJN/86,13:06:00,13:08:00,stop
IC,830,JSF/86,13:09:00,13:09:00,stop
IC,830,KIB/86,13:14:00,13:14:00,pass
IC,830,AVH/86,13:18:00,13:18:00,pass
IC,830,IG/86,13:20:00,13:20:00,pass
IC,830,NEL/86,13:21:00,13:23:00,stop
IC,830,GB/86,13:24:00,13:24:00,stop
IC,830,KH/86,13:28:00,13:31:00,stop
IC,830,KN/86,13:33:00,13:34:00,stop
IC,830,KK/86,13:37:00,13:40:00,stop
IC,830,HGL/86,13:43:00,00:00:00,stop
IC,826,ES/86,00:00:00,09:32:00,stop
IC,826,JNE/86,09:34:00,09:34:00,stop
IC,826,TB/86,09:36:00,09:36:00,pass
IC,826,BM/86,09:41:00,09:43:00,stop
IC,826,GØ/86,09:46:00,09:46:00,stop
IC,826,HQ/86,09:49:00,09:49:00,pass
IC,826,BP/86,09:52:00,09:52:00,pass
IC,826,VN/86,09:56:00,09:57:00,stop
IC,826,LK/86,10:04:00,10:04:00,stop
IC,826,KD/86,10:11:00,10:13:00,stop
IC,826,TL/86,10:18:00,10:18:00,stop
IC,826,SNO/86,10:23:00,10:23:00,pass
IC,826,MD/86,10:26:00,10:28:00,stop
IC,826,KA/86,10:31:00,10:31:00,stop
IC,826,NA/86,10:33:00,10:33:00,pass
IC,826,EB/86,10:35:00,10:35:00,pass
IC,826,GD/86,10:36:00,10:36:00,pass
IC,826,AP/86,10:38:00,10:38:00,pass
IC,826,BD/86,10:40:00,10:40:00,pass
IC,826,SC/86,10:41:00,10:41:00,pass
IC,826,TP/86,10:42:00,10:42:00,pass
IC,826,HP/86,10:45:00,10:45:00,pass
IC,826,OD/86,10:52:00,11:00:00,stop
IC,826,MV/86,11:05:00,11:05:00,stop
IC,826,LV/86,11:06:00,11:06:00,pass
IC,826,UV/86,11:08:00,11:08:00,pass
IC,826,JU/86,11:10:00,11:10:00,pass
IC,826,NG/86,11:12:00,11:14:00,stop
IC,826,SPR/86,11:19:00,11:19:00,stop
IC,826,KØ/86,11:25:00,11:27:00,stop
IC,826,FO/86,11:31:00,11:31:00,stop
IC,826,SG/86,11:34:00,11:36:00,stop
IC,826,SO/86,11:43:00,11:45:00,stop
IC,826,FJ/86,11:48:00,11:48:00,stop
IC,826,RG/86,11:52:00,11:54:00,stop
IC,826,ADA/86,11:58:00,11:58:00,stop
IC,826,BJS/86,12:02:00,12:02:00,pass
IC,826,LEL/86,12:04:00,12:04:00,pass
IC,826,KJN/86,12:06:00,12:08:00,stop
IC,826,JSF/86,12:09:00,12:09:00,stop
IC,826,KIB/86,12:14:00,12:14:00,pass
IC,826,AVH/86,12:18:00,12:18:00,pass
IC,826,IG/86,12:20:00,12:20:00,pass
IC,826,NEL/86,12:21:00,12:23:00,stop
IC,826,GB/86,12:24:00,12:24:00,stop
IC,826,KH/86,12:28:00,12:31:00,stop
IC,826,KN/86,12:33:00,12:34:00,stop
IC,826,KK/86,12:37:00,12:40:00,stop
IC,826,HGL/86,12:43:00,00:00:00,stop
IC,858,ES/86,00:00:00,17:32:00,stop
IC,858,JNE/86,17:34:00,17:34:00,stop
IC,858,TB/86,17:36:00,17:36:00,pass
IC,858,BM/86,17:41:00,17:43:00,stop
IC,858,GØ/86,17:46:00,17:46:00,stop
IC,858,HQ/86,17:49:00,17:49:00,pass
IC,858,BP/86,17:52:00,17:52:00,pass
IC,858,VN/86,17:56:00,17:57:00,stop
IC,858,LK/86,18:04:00,18:04:00,stop
IC,858,KD/86,18:11:00,18:13:00,stop
IC,858,TL/86,18:18:00,18:18:00,stop
IC,858,SNO/86,18:23:00,18:23:00,pass
IC,858,MD/86,18:26:00,18:28:00,stop
IC,858,KA/86,18:31:00,18:31:00,stop
IC,858,NA/86,18:33:00,18:33:00,pass
IC,858,EB/86,18:35:00,18:35:00,pass
IC,858,GD/86,18:36:00,18:36:00,pass
IC,858,AP/86,18:38:00,18:38:00,pass
IC,858,BD/86,18:40:00,18:40:00,pass
IC,858,SC/86,18:41:00,18:41:00,pass
IC,858,TP/86,18:42:00,18:42:00,pass
IC,858,HP/86,18:45:00,18:45:00,pass
IC,858,OD/86,18:52:00,19:00:00,stop
IC,858,MV/86,19:05:00,19:05:00,stop
IC,858,LV/86,19:06:00,19:06:00,pass
IC,858,UV/86,19:08:00,19:08:00,pass
IC,858,JU/86,19:10:00,19:10:00,pass
IC,858,NG/86,19:12:00,19:14:00,stop
IC,858,SPR/86,19:19:00,19:19:00,stop
IC,858,KØ/86,19:25:00,19:27:00,stop
IC,858,FO/86,19:31:00,19:31:00,stop
IC,858,SG/86,19:34:00,19:36:00,stop
IC,858,SO/86,19:43:00,19:45:00,stop
IC,858,FJ/86,19:48:00,19:48:00,stop
IC,858,RG/86,19:52:00,19:54:00,stop
IC,858,ADA/86,19:58:00,19:58:00,stop
IC,858,BJS/86,20:02:00,20:02:00,pass
IC,858,LEL/86,20:04:00,20:04:00,pass
IC,858,KJN/86,20:06:00,20:08:00,stop
IC,858,JSF/86,20:09:00,20:09:00,stop
IC,858,KIB/86,20:14:00,20:14:00,pass
IC,858,AVH/86,20:18:00,20:18:00,pass
IC,858,IG/86,20:20:00,20:20:00,pass
IC,858,NEL/86,20:21:00,20:23:00,stop
IC,858,GB/86,20:24:00,20:24:00,stop
IC,858,KH/86,20:28:00,20:31:00,stop
IC,858,KN/86,20:33:00,20:34:00,stop
IC,858,KK/86,20:37:00,20:40:00,stop
IC,858,HGL/86,20:43:00,00:00:00,stop
IC,5765,FA/86,00:00:00,18:30:00,stop
IC,5765,TL/86,18:35:00,18:35:00,stop
IC,5765,KD/86,18:40:00,18:43:00,stop
IC,5765,LK/86,18:50:00,18:51:00,stop
IC,5765,VM/86,18:55:00,18:56:00,stop
IC,5765,FZ/86,18:59:00,18:59:00,stop
IC,5765,SST/86,19:02:00,19:02:00,pass
IC,5765,OJ/86,19:06:00,19:08:00,stop
IC,5765,RQ/86,19:17:00,19:19:00,stop
IC,5765,TE/86,19:27:00,19:29:00,stop
IC,5765,VK/86,19:34:00,19:34:00,stop
IC,5765,PA/86,19:39:00,19:42:00,stop
IC,5765,PAGR/86,19:43:00,19:43:00,stop
IC,5765,AHAL/80,19:45:00,19:45:00,pass
IC,5765,FLB/80,19:53:00,00:00:00,stop
IC,101,KH/86,00:00:00,00:35:00,stop
IC,101,VAL/86,00:39:00,00:41:00,stop
IC,101,HIF/86,00:44:00,00:44:00,stop
IC,101,GL/86,00:46:00,00:46:00,pass
IC,101,HTÅ/86,00:51:00,00:52:00,stop
IC,101,HH/86,00:56:00,00:56:00,stop
IC,101,TRK/86,00:57:00,00:57:00,pass
IC,101,RO/86,01:00:00,01:02:00,stop
IC,101,VY/86,01:08:00,01:08:00,stop
IC,101,BO/86,01:11:00,01:11:00,pass
IC,101,KY/86,01:14:00,01:14:00,pass
IC,101,RG/86,01:19:00,01:21:00,stop
IC,101,FJ/86,01:26:00,01:26:00,stop
IC,101,SO/86,01:29:00,01:31:00,stop
IC,101,SG/86,01:39:00,01:41:00,stop
IC,101,FO/86,01:46:00,01:46:00,stop
IC,101,KØ/86,01:50:00,01:51:00,stop
IC,101,SPR/86,01:58:00,01:58:00,stop
IC,101,NG/86,02:04:00,02:06:00,stop
IC,101,JU/86,02:09:00,02:09:00,stop
IC,101,UV/86,02:12:00,02:12:00,pass
IC,101,LV/86,02:13:00,02:13:00,pass
IC,101,MV/86,02:15:00,02:15:00,pass
IC,101,OD/86,02:20:00,02:22:00,stop
IC,101,HP/86,02:28:00,02:28:00,stop
IC,101,TP/86,02:31:00,02:31:00,pass
IC,101,SC/86,02:32:00,02:32:00,pass
IC,101,BD/86,02:33:00,02:33:00,pass
IC,101,AP/86,02:35:00,02:35:00,pass
IC,101,GD/86,02:37:00,02:37:00,pass
IC,101,EB/86,02:39:00,02:39:00,pass
IC,101,NA/86,02:41:00,02:41:00,pass
IC,101,KA/86,02:43:00,02:43:00,pass
IC,101,MD/86,02:47:00,02:48:00,stop
IC,101,SNO/86,02:53:00,02:53:00,stop
IC,101,FA/86,02:57:00,03:03:00,stop
IC,101,BK/86,03:09:00,03:09:00,stop
IC,101,BET/86,03:11:00,03:11:00,pass
IC,101,VJ/86,03:17:00,03:19:00,stop
IC,101,HED/86,03:28:00,03:28:00,stop
IC,101,HS/86,03:35:00,03:37:00,stop
IC,101,HÅ/86,03:45:00,03:45:00,stop
IC,101,SD/86,03:53:00,03:54:00,stop
IC,101,HX/86,03:59:00,03:59:00,stop
IC,101,HC/86,04:01:00,04:01:00,pass
IC,101,VI/86,04:04:00,04:04:00,pass
IC,101,KGV/86,04:05:00,04:05:00,pass
IC,101,AR/86,04:08:00,00:00:00,stop
IC,850,ES/86,00:00:00,15:32:00,stop
IC,850,JNE/86,15:34:00,15:34:00,stop
IC,850,TB/86,15:36:00,15:36:00,pass
IC,850,BM/86,15:41:00,15:43:00,stop
IC,850,GØ/86,15:46:00,15:46:00,stop
IC,850,HQ/86,15:49:00,15:49:00,pass
IC,850,BP/86,15:52:00,15:52:00,pass
IC,850,VN/86,15:56:00,15:57:00,stop
IC,850,LK/86,16:04:00,16:04:00,stop
IC,850,KD/86,16:11:00,16:13:00,stop
IC,850,TL/86,16:18:00,16:18:00,stop
IC,850,SNO/86,16:23:00,16:23:00,pass
IC,850,MD/86,16:26:00,16:28:00,stop
IC,850,KA/86,16:31:00,16:31:00,stop
IC,850,NA/86,16:33:00,16:33:00,pass
IC,850,EB/86,16:35:00,16:35:00,pass
IC,850,GD/86,16:36:00,16:36:00,pass
IC,850,AP/86,16:38:00,16:38:00,pass
IC,850,BD/86,16:40:00,16:40:00,pass
IC,850,SC/86,16:41:00,16:41:00,pass
IC,850,TP/86,16:42:00,16:42:00,pass
IC,850,HP/86,16:45:00,16:45:00,pass
IC,850,OD/86,16:52:00,17:00:00,stop
IC,850,MV/86,17:05:00,17:05:00,stop
IC,850,LV/86,17:06:00,17:06:00,pass
IC,850,UV/86,17:08:00,17:08:00,pass
IC,850,JU/86,17:10:00,17:10:00,pass
IC,850,NG/86,17:12:00,17:14:00,stop
IC,850,SPR/86,17:19:00,17:19:00,stop
IC,850,KØ/86,17:25:00,17:27:00,stop
IC,850,FO/86,17:31:00,17:31:00,stop
IC,850,SG/86,17:34:00,17:36:00,stop
IC,850,SO/86,17:43:00,17:45:00,stop
IC,850,FJ/86,17:48:00,17:48:00,stop
IC,850,RG/86,17:52:00,17:54:00,stop
IC,850,ADA/86,17:58:00,17:58:00,stop
IC,850,BJS/86,18:02:00,18:02:00,pass
IC,850,LEL/86,18:04:00,18:04:00,pass
IC,850,KJN/86,18:06:00,18:08:00,stop
IC,850,JSF/86,18:09:00,18:09:00,stop
IC,850,KIB/86,18:14:00,18:14:00,pass
IC,850,AVH/86,18:18:00,18:18:00,pass
IC,850,IG/86,18:20:00,18:20:00,pass
IC,850,NEL/86,18:21:00,18:23:00,stop
IC,850,GB/86,18:24:00,18:24:00,stop
IC,850,KH/86,18:28:00,18:31:00,stop
IC,850,KN/86,18:33:00,18:34:00,stop
IC,850,KK/86,18:37:00,18:40:00,stop
IC,850,HGL/86,18:43:00,00:00:00,stop
IC,842,ES/86,00:00:00,13:32:00,stop
IC,842,JNE/86,13:34:00,13:34:00,stop
IC,842,TB/86,13:36:00,13:36:00,pass
IC,842,BM/86,13:41:00,13:43:00,stop
IC,842,GØ/86,13:46:00,13:46:00,stop
IC,842,HQ/86,13:49:00,13:49:00,pass
IC,842,BP/86,13:52:00,13:52:00,pass
IC,842,VN/86,13:56:00,13:57:00,stop
IC,842,LK/86,14:04:00,14:04:00,stop
IC,842,KD/86,14:11:00,14:13:00,stop
IC,842,TL/86,14:18:00,14:18:00,stop
IC,842,SNO/86,14:23:00,14:23:00,pass
IC,842,MD/86,14:26:00,14:28:00,stop
IC,842,KA/86,14:31:00,14:31:00,stop
IC,842,NA/86,14:33:00,14:33:00,pass
IC,842,EB/86,14:35:00,14:35:00,pass
IC,842,GD/86,14:36:00,14:36:00,pass
IC,842,AP/86,14:38:00,14:38:00,pass
IC,842,BD/86,14:40:00,14:40:00,pass
IC,842,SC/86,14:41:00,14:41:00,pass
IC,842,TP/86,14:42:00,14:42:00,pass
IC,842,HP/86,14:45:00,14:45:00,pass
IC,842,OD/86,14:52:00,15:00:00,stop
IC,842,MV/86,15:05:00,15:05:00,stop
IC,842,LV/86,15:06:00,15:06:00,pass
IC,842,UV/86,15:08:00,15:08:00,pass
IC,842,JU/86,15:10:00,15:10:00,pass
IC,842,NG/86,15:12:00,15:14:00,stop
IC,842,SPR/86,15:19:00,15:19:00,stop
IC,842,KØ/86,15:25:00,15:27:00,stop
IC,842,FO/86,15:31:00,15:31:00,stop
IC,842,SG/86,15:34:00,15:36:00,stop
IC,842,SO/86,15:43:00,15:45:00,stop
IC,842,FJ/86,15:48:00,15:48:00,stop
IC,842,RG/86,15:52:00,15:54:00,stop
IC,842,ADA/86,15:58:00,15:58:00,stop
IC,842,BJS/86,16:02:00,16:02:00,pass
IC,842,LEL/86,16:04:00,16:04:00,pass
IC,842,KJN/86,16:06:00,16:08:00,stop
IC,842,JSF/86,16:09:00,16:09:00,stop
IC,842,KIB/86,16:14:00,16:14:00,pass
IC,842,AVH/86,16:18:00,16:18:00,pass
IC,842,IG/86,16:20:00,16:20:00,pass
IC,842,NEL/86,16:21:00,16:23:00,stop
IC,842,GB/86,16:24:00,16:24:00,stop
IC,842,KH/86,16:28:00,16:31:00,stop
IC,842,KN/86,16:33:00,16:34:00,stop
IC,842,KK/86,16:37:00,16:40:00,stop
IC,842,HGL/86,16:43:00,00:00:00,stop
IC,847,HGL/86,00:00:00,12:16:00,stop
IC,847,KK/86,12:20:00,12:23:00,stop
IC,847,KN/86,12:25:00,12:26:00,stop
IC,847,KH/86,12:29:00,12:32:00,stop
IC,847,GB/86,12:34:00,12:34:00,stop
IC,847,NEL/86,12:36:00,12:37:00,stop
IC,847,IG/86,12:38:00,12:38:00,stop
IC,847,AVH/86,12:40:00,12:40:00,pass
IC,847,KIB/86,12:45:00,12:45:00,pass
IC,847,JSF/86,12:49:00,12:49:00,pass
IC,847,KJN/86,12:50:00,12:52:00,stop
IC,847,LEL/86,12:54:00,12:54:00,stop
IC,847,BJS/86,12:57:00,12:57:00,pass
IC,847,ADA/86,13:01:00,13:01:00,pass
IC,847,RG/86,13:04:00,13:06:00,stop
IC,847,FJ/86,13:11:00,13:11:00,stop
IC,847,SO/86,13:14:00,13:15:00,stop
IC,847,SG/86,13:22:00,13:24:00,stop
IC,847,FO/86,13:28:00,13:28:00,stop
IC,847,KØ/86,13:32:00,13:33:00,stop
IC,847,SPR/86,13:39:00,13:39:00,stop
IC,847,NG/86,13:44:00,13:46:00,stop
IC,847,JU/86,13:49:00,13:49:00,stop
IC,847,UV/86,13:51:00,13:51:00,pass
IC,847,LV/86,13:53:00,13:53:00,pass
IC,847,MV/86,13:55:00,13:55:00,pass
IC,847,OD/86,14:00:00,14:09:00,stop
IC,847,HP/86,14:14:00,14:14:00,stop
IC,847,TP/86,14:16:00,14:16:00,pass
IC,847,SC/86,14:18:00,14:18:00,pass
IC,847,BD/86,14:18:20,14:18:20,pass
IC,847,AP/86,14:20:00,14:20:00,pass
IC,847,GD/86,14:22:00,14:22:00,pass
IC,847,EB/86,14:24:00,14:24:00,pass
IC,847,NA/86,14:26:00,14:26:00,pass
IC,847,KA/86,14:27:00,14:27:00,pass
IC,847,MD/86,14:30:00,14:32:00,stop
IC,847,SNO/86,14:37:00,14:37:00,stop
IC,847,TL/86,14:40:00,14:40:00,pass
IC,847,KD/86,14:46:00,14:48:00,stop
IC,847,LK/86,14:54:00,14:54:00,stop
IC,847,VN/86,15:01:00,15:02:00,stop
IC,847,BP/86,15:06:00,15:06:00,stop
IC,847,HQ/86,15:09:00,15:09:00,pass
IC,847,GØ/86,15:12:00,15:12:00,pass
IC,847,BM/86,15:15:00,15:17:00,stop
IC,847,TB/86,15:21:00,15:21:00,stop
IC,847,JNE/86,15:24:00,15:24:00,pass
IC,847,ES/86,15:26:00,00:00:00,stop
IC,838,ES/86,00:00:00,12:32:00,stop
IC,838,JNE/86,12:34:00,12:34:00,stop
IC,838,TB/86,12:36:00,12:36:00,pass
IC,838,BM/86,12:41:00,12:43:00,stop
IC,838,GØ/86,12:46:00,12:46:00,stop
IC,838,HQ/86,12:49:00,12:49:00,pass
IC,838,BP/86,12:52:00,12:52:00,pass
IC,838,VN/86,12:56:00,12:57:00,stop
IC,838,LK/86,13:04:00,13:04:00,stop
IC,838,KD/86,13:11:00,13:13:00,stop
IC,838,TL/86,13:18:00,13:18:00,stop
IC,838,SNO/86,13:23:00,13:23:00,pass
IC,838,MD/86,13:26:00,13:28:00,stop
IC,838,KA/86,13:31:00,13:31:00,stop
IC,838,NA/86,13:33:00,13:33:00,pass
IC,838,EB/86,13:35:00,13:35:00,pass
IC,838,GD/86,13:36:00,13:36:00,pass
IC,838,AP/86,13:38:00,13:38:00,pass
IC,838,BD/86,13:40:00,13:40:00,pass
IC,838,SC/86,13:41:00,13:41:00,pass
IC,838,TP/86,13:42:00,13:42:00,pass
IC,838,HP/86,13:45:00,13:45:00,pass
IC,838,OD/86,13:52:00,14:00:00,stop
IC,838,MV/86,14:05:00,14:05:00,stop
IC,838,LV/86,14:06:00,14:06:00,pass
IC,838,UV/86,14:08:00,14:08:00,pass
IC,838,JU/86,14:10:00,14:10:00,pass
IC,838,NG/86,14:12:00,14:14:00,stop
IC,838,SPR/86,14:19:00,14:19:00,stop
IC,838,KØ/86,14:25:00,14:27:00,stop
IC,838,FO/86,14:31:00,14:31:00,stop
IC,838,SG/86,14:34:00,14:36:00,stop
IC,838,SO/86,14:43:00,14:45:00,stop
IC,838,FJ/86,14:48:00,14:48:00,stop
IC,838,RG/86,14:52:00,14:54:00,stop
IC,838,ADA/86,14:58:00,14:58:00,stop
IC,838,BJS/86,15:02:00,15:02:00,pass
IC,838,LEL/86,15:04:00,15:04:00,pass
IC,838,KJN/86,15:06:00,15:08:00,stop
IC,838,JSF/86,15:09:00,15:09:00,stop
IC,838,KIB/86,15:14:00,15:14:00,pass
IC,838,AVH/86,15:18:00,15:18:00,pass
IC,838,IG/86,15:20:00,15:20:00,pass
IC,838,NEL/86,15:21:00,15:23:00,stop
IC,838,GB/86,15:24:00,15:24:00,stop
IC,838,KH/86,15:28:00,15:31:00,stop
IC,838,KN/86,15:33:00,15:34:00,stop
IC,838,KK/86,15:37:00,15:40:00,stop
IC,838,HGL/86,15:43:00,00:00:00,stop
IC,80108,FA/86,00:00:00,05:56:00,stop
IC,80108,SNO/86,05:59:00,05:59:00,stop
IC,80108,MD/86,06:03:00,06:05:00,stop
IC,80108,KA/86,06:09:00,06:09:00,stop
IC,80108,NA/86,06:10:00,06:10:00,pass
IC,80108,EB/86,06:12:00,06:12:00,pass
IC,80108,GD/86,06:14:00,06:14:00,pass
IC,80108,AP/86,06:16:00,06:16:00,pass
IC,80108,BD/86,06:17:00,06:17:00,pass
IC,80108,SC/86,06:18:00,06:18:00,pass
IC,80108,TP/86,06:20:00,06:20:00,pass
IC,80108,HP/86,06:22:00,06:22:00,pass
IC,80108,OD/86,06:27:00,06:29:00,stop
IC,80108,MV/86,06:34:00,06:34:00,stop
IC,80108,LV/86,06:37:00,06:38:00,stop
IC,80108,UV/86,06:41:00,06:41:00,stop
IC,80108,JU/86,06:42:00,06:42:00,pass
IC,80108,NG/86,06:45:00,06:47:00,stop
IC,80108,SPR/86,06:53:00,06:53:00,stop
IC,80108,KØ/86,06:59:00,07:00:00,stop
IC,80108,FO/86,07:04:00,07:04:00,stop
IC,80108,SG/86,07:08:00,07:10:00,stop
IC,80108,SO/86,07:18:00,07:19:00,stop
IC,80108,FJ/86,07:23:00,07:23:00,stop
IC,80108,RG/86,07:27:00,07:29:00,stop
IC,80108,KY/86,07:34:00,07:34:00,stop
IC,80108,BO/86,07:37:00,07:37:00,pass
IC,80108,VY/86,07:39:00,07:39:00,pass
IC,80108,RO/86,07:44:00,07:46:00,stop
IC,80108,TRK/86,07:48:00,07:48:00,stop
IC,80108,HH/86,07:50:00,07:50:00,pass
IC,80108,HTÅ/86,07:53:00,07:54:00,stop
IC,80108,GL/86,07:59:00,07:59:00,stop
IC,80108,HIF/86,08:01:00,08:01:00,pass
IC,80108,VAL/86,08:03:00,08:04:00,stop
IC,80108,KH/86,08:10:00,08:13:00,stop
IC,80108,KN/86,08:16:00,08:16:00,stop
IC,80108,KK/86,08:19:00,08:22:00,stop
IC,80108,HGL/86,08:25:00,00:00:00,stop
IC,104,FA/86,00:00:00,04:56:00,stop
IC,104,SNO/86,04:59:00,04:59:00,stop
IC,104,MD/86,05:03:00,05:05:00,stop
IC,104,KA/86,05:09:00,05:09:00,stop
IC,104,NA/86,05:10:00,05:10:00,pass
IC,104,EB/86,05:12:00,05:12:00,pass
IC,104,GD/86,05:14:00,05:14:00,pass
IC,104,AP/86,05:16:00,05:16:00,pass
IC,104,BD/86,05:17:00,05:17:00,pass
IC,104,SC/86,05:18:00,05:18:00,pass
IC,104,TP/86,05:20:00,05:20:00,pass
IC,104,HP/86,05:22:00,05:22:00,pass
IC,104,OD/86,05:27:00,05:29:00,stop
IC,104,MV/86,05:34:00,05:34:00,stop
IC,104,LV/86,05:37:00,05:38:00,stop
IC,104,UV/86,05:41:00,05:41:00,stop
IC,104,JU/86,05:42:00,05:42:00,pass
IC,104,NG/86,05:45:00,05:47:00,stop
IC,104,SPR/86,05:53:00,05:53:00,stop
IC,104,KØ/86,05:59:00,06:00:00,stop
IC,104,FO/86,06:04:00,06:04:00,stop
IC,104,SG/86,06:08:00,06:10:00,stop
IC,104,SO/86,06:18:00,06:19:00,stop
IC,104,FJ/86,06:23:00,06:23:00,stop
IC,104,RG/86,06:27:00,06:29:00,stop
IC,104,KY/86,06:34:00,06:34:00,stop
IC,104,BO/86,06:37:00,06:37:00,pass
IC,104,VY/86,06:39:00,06:39:00,pass
IC,104,RO/86,06:44:00,06:46:00,stop
IC,104,TRK/86,06:48:00,06:48:00,stop
IC,104,HH/86,06:50:00,06:50:00,pass
IC,104,HTÅ/86,06:53:00,06:54:00,stop
IC,104,GL/86,06:59:00,06:59:00,stop
IC,104,HIF/86,07:01:00,07:01:00,pass
IC,104,VAL/86,07:03:00,07:04:00,stop
IC,104,KH/86,07:10:00,07:13:00,stop
IC,104,KN/86,07:15:00,07:16:00,stop
IC,104,KK/86,07:19:00,00:00:00,stop
IC,835,HGL/86,00:00:00,09:16:00,stop
IC,835,KK/86,09:20:00,09:23:00,stop
IC,835,KN/86,09:25:00,09:26:00,stop
IC,835,KH/86,09:29:00,09:32:00,stop
IC,835,GB/86,09:35:00,09:35:00,stop
IC,835,NEL/86,09:36:00,09:37:00,stop
IC,835,IG/86,09:38:00,09:38:00,stop
IC,835,AVH/86,09:40:00,09:40:00,pass
IC,835,KIB/86,09:45:00,09:45:00,pass
IC,835,JSF/86,09:49:00,09:49:00,pass
IC,835,KJN/86,09:50:00,09:52:00,stop
IC,835,LEL/86,09:54:00,09:54:00,stop
IC,835,BJS/86,09:57:00,09:57:00,pass
IC,835,ADA/86,10:01:00,10:01:00,pass
IC,835,RG/86,10:04:00,10:06:00,stop
IC,835,FJ/86,10:11:00,10:11:00,stop
IC,835,SO/86,10:14:00,10:15:00,stop
IC,835,SG/86,10:22:00,10:24:00,stop
IC,835,FO/86,10:28:00,10:28:00,stop
IC,835,KØ/86,10:32:00,10:33:00,stop
IC,835,SPR/86,10:39:00,10:39:00,stop
IC,835,NG/86,10:44:00,10:46:00,stop
IC,835,JU/86,10:49:00,10:49:00,stop
IC,835,UV/86,10:51:00,10:51:00,pass
IC,835,LV/86,10:53:00,10:53:00,pass
IC,835,MV/86,10:55:00,10:55:00,pass
IC,835,OD/86,11:00:00,11:09:00,stop
IC,835,HP/86,11:14:00,11:14:00,stop
IC,835,TP/86,11:16:00,11:16:00,pass
IC,835,SC/86,11:18:00,11:18:00,pass
IC,835,BD/86,11:18:20,11:18:20,pass
IC,835,AP/86,11:20:00,11:20:00,pass
IC,835,GD/86,11:22:00,11:22:00,pass
IC,835,EB/86,11:24:00,11:24:00,pass
IC,835,NA/86,11:26:00,11:26:00,pass
IC,835,KA/86,11:27:00,11:27:00,pass
IC,835,MD/86,11:30:00,11:32:00,stop
IC,835,SNO/86,11:37:00,11:37:00,stop
IC,835,TL/86,11:40:00,11:40:00,pass
IC,835,KD/86,11:46:00,11:48:00,stop
IC,835,LK/86,11:54:00,11:54:00,stop
IC,835,VN/86,12:01:00,12:02:00,stop
IC,835,BP/86,12:06:00,12:06:00,stop
IC,835,HQ/86,12:09:00,12:09:00,pass
IC,835,GØ/86,12:12:00,12:12:00,pass
IC,835,BM/86,12:15:00,12:17:00,stop
IC,835,TB/86,12:21:00,12:21:00,stop
IC,835,JNE/86,12:24:00,12:24:00,pass
IC,835,ES/86,12:26:00,00:00:00,stop
IC,413,FA/86,00:00:00,06:09:00,stop
IC,413,BK/86,06:15:00,06:15:00,stop
IC,413,BET/86,06:16:00,06:16:00,pass
IC,413,VJ/86,06:22:00,06:24:00,stop
IC,413,HED/86,06:31:00,06:31:00,stop
IC,413,HS/86,06:38:00,06:40:00,stop
IC,413,HÅ/86,06:47:00,06:47:00,stop
IC,413,SD/86,06:54:00,06:55:00,stop
IC,413,HX/86,07:00:00,07:00:00,stop
IC,413,HC/86,07:02:00,07:02:00,pass
IC,413,VI/86,07:04:00,07:04:00,pass
IC,413,KGV/86,07:05:00,07:05:00,pass
IC,413,AR/86,07:08:00,00:00:00,stop
IC,424,AR/86,00:00:00,08:50:00,stop
IC,424,KGV/86,08:52:00,08:52:00,stop
IC,424,VI/86,08:53:00,08:53:00,pass
IC,424,HC/86,08:55:00,08:55:00,pass
IC,424,HX/86,08:57:00,08:57:00,pass
IC,424,SD/86,09:02:00,09:03:00,stop
IC,424,HÅ/86,09:10:00,09:10:00,stop
IC,424,HS/86,09:17:00,09:19:00,stop
IC,424,HED/86,09:26:00,09:26:00,stop
IC,424,VJ/86,09:33:00,09:35:00,stop
IC,424,BET/86,09:41:00,09:41:00,stop
IC,424,BK/86,09:42:00,09:42:00,pass
IC,424,FA/86,09:49:00,00:00:00,stop
IC,223,CPH/86,00:00:00,06:05:00,stop
IC,223,TÅT/86,06:07:00,06:08:00,stop
IC,223,ØRE/86,06:10:00,06:11:00,stop
IC,223,KLV/86,06:14:00,06:14:00,stop
IC,223,NEL/86,06:16:00,06:18:00,stop
IC,223,IG/86,06:20:00,06:20:00,stop
IC,223,HIF/86,06:22:00,06:22:00,pass
IC,223,GL/86,06:24:00,06:24:00,pass
IC,223,HTÅ/86,06:28:00,06:29:00,stop
IC,223,HH/86,06:32:00,06:32:00,stop
IC,223,TRK/86,06:35:00,06:36:00,stop
IC,223,RO/86,06:39:00,06:41:00,stop
IC,223,VY/86,06:46:00,06:46:00,stop
IC,223,BO/86,06:49:00,06:49:00,pass
IC,223,KY/86,06:52:00,06:52:00,pass
IC,223,RG/86,06:56:00,06:58:00,stop
IC,223,FJ/86,07:03:00,07:03:00,stop
IC,223,SO/86,07:06:00,07:07:00,stop
IC,223,SG/86,07:15:00,07:17:00,stop
IC,223,FO/86,07:20:00,07:20:00,stop
IC,223,KØ/86,07:23:00,07:23:00,pass
IC,223,SPR/86,07:28:00,07:28:00,pass
IC,223,NG/86,07:33:00,07:35:00,stop
IC,223,JU/86,07:38:00,07:38:00,stop
IC,223,UV/86,07:40:00,07:40:00,pass
IC,223,LV/86,07:42:00,07:42:00,pass
IC,223,MV/86,07:44:00,07:44:00,pass
IC,223,OD/86,07:48:00,00:00:00,stop
IC,416,AR/86,00:00:00,06:50:00,stop
IC,416,KGV/86,06:52:00,06:52:00,stop
IC,416,VI/86,06:53:00,06:53:00,pass
IC,416,HC/86,06:55:00,06:55:00,pass
IC,416,HX/86,06:57:00,06:57:00,pass
IC,416,SD/86,07:02:00,07:03:00,stop
IC,416,HÅ/86,07:10:00,07:10:00,stop
IC,416,HS/86,07:17:00,07:19:00,stop
IC,416,HED/86,07:26:00,07:26:00,stop
IC,416,VJ/86,07:33:00,07:35:00,stop
IC,416,BET/86,07:41:00,07:41:00,stop
IC,416,BK/86,07:42:00,07:42:00,pass
IC,416,FA/86,07:49:00,00:00:00,stop
IC,432,AR/86,00:00:00,10:50:00,stop
IC,432,KGV/86,10:52:00,10:52:00,stop
IC,432,VI/86,10:53:00,10:53:00,pass
IC,432,HC/86,10:55:00,10:55:00,pass
IC,432,HX/86,10:57:00,10:57:00,pass
IC,432,SD/86,11:02:00,11:03:00,stop
IC,432,HÅ/86,11:10:00,11:10:00,stop
IC,432,HS/86,11:17:00,11:19:00,stop
IC,432,HED/86,11:26:00,11:26:00,stop
IC,432,VJ/86,11:33:00,11:35:00,stop
IC,432,BET/86,11:41:00,11:41:00,stop
IC,432,BK/86,11:42:00,11:42:00,pass
IC,432,FA/86,11:49:00,00:00:00,stop
IC,429,FA/86,00:00:00,10:09:00,stop
IC,429,BK/86,10:15:00,10:15:00,stop
IC,429,BET/86,10:16:00,10:16:00,pass
IC,429,VJ/86,10:22:00,10:24:00,stop
IC,429,HED/86,10:31:00,10:31:00,stop
IC,429,HS/86,10:38:00,10:40:00,stop
IC,429,HÅ/86,10:47:00,10:47:00,stop
IC,429,SD/86,10:54:00,10:55:00,stop
IC,429,HX/86,11:00:00,11:00:00,stop
IC,429,HC/86,11:02:00,11:02:00,pass
IC,429,VI/86,11:04:00,11:04:00,pass
IC,429,KGV/86,11:05:00,11:05:00,pass
IC,429,AR/86,11:08:00,00:00:00,stop
IC,471,FA/86,00:00:00,21:09:00,stop
IC,471,BK/86,21:15:00,21:15:00,stop
IC,471,BET/86,21:16:00,21:16:00,pass
IC,471,VJ/86,21:22:00,21:24:00,stop
IC,471,HED/86,21:31:00,21:31:00,stop
IC,471,HS/86,21:38:00,21:40:00,stop
IC,471,HÅ/86,21:47:00,21:47:00,stop
IC,471,SD/86,21:54:00,21:55:00,stop
IC,471,HX/86,22:00:00,22:00:00,stop
IC,471,HC/86,22:02:00,22:02:00,pass
IC,471,VI/86,22:04:00,22:04:00,pass
IC,471,KGV/86,22:05:00,22:05:00,pass
IC,471,AR/86,22:08:00,00:00:00,stop
IC,474,AR/86,00:00:00,20:50:00,stop
IC,474,KGV/86,20:52:00,20:52:00,stop
IC,474,VI/86,20:53:00,20:53:00,pass
IC,474,HC/86,20:55:00,20:55:00,pass
IC,474,HX/86,20:57:00,20:57:00,pass
IC,474,SD/86,21:02:00,21:03:00,stop
IC,474,HÅ/86,21:10:00,21:10:00,stop
IC,474,HS/86,21:17:00,21:19:00,stop
IC,474,HED/86,21:26:00,21:26:00,stop
IC,474,VJ/86,21:33:00,21:35:00,stop
IC,474,BET/86,21:41:00,21:41:00,stop
IC,474,BK/86,21:42:00,21:42:00,pass
IC,474,FA/86,21:49:00,00:00:00,stop
IC,185,KH/86,00:00:00,21:50:00,stop
IC,185,VAL/86,21:53:00,21:55:00,stop
IC,185,HIF/86,21:58:00,21:58:00,stop
IC,185,GL/86,21:59:00,21:59:00,pass
IC,185,HTÅ/86,22:04:00,22:05:00,stop
IC,185,HH/86,22:08:00,22:08:00,stop
IC,185,TRK/86,22:10:00,22:10:00,pass
IC,185,RO/86,22:12:00,22:14:00,stop
IC,185,VY/86,22:19:00,22:19:00,stop
IC,185,BO/86,22:22:00,22:22:00,pass
IC,185,KY/86,22:25:00,22:25:00,pass
IC,185,RG/86,22:29:00,22:31:00,stop
IC,185,FJ/86,22:36:00,22:36:00,stop
IC,185,SO/86,22:39:00,22:40:00,stop
IC,185,SG/86,22:48:00,22:50:00,stop
IC,185,FO/86,22:54:00,22:54:00,stop
IC,185,KØ/86,22:58:00,22:59:00,stop
IC,185,SPR/86,23:05:00,23:05:00,stop
IC,185,NG/86,23:10:00,23:12:00,stop
IC,185,JU/86,23:15:00,23:15:00,stop
IC,185,UV/86,23:17:00,23:17:00,pass
IC,185,LV/86,23:20:00,23:21:00,stop
IC,185,MV/86,23:24:00,23:24:00,stop
IC,185,OD/86,23:28:00,00:00:00,stop
IC,823,KK/86,00:00:00,06:23:00,stop
IC,823,KN/86,06:25:00,06:26:00,stop
IC,823,KH/86,06:29:00,06:32:00,stop
IC,823,GB/86,06:35:00,06:35:00,stop
IC,823,NEL/86,06:36:00,06:37:00,stop
IC,823,IG/86,06:38:00,06:38:00,stop
IC,823,AVH/86,06:40:00,06:40:00,pass
IC,823,KIB/86,06:45:00,06:45:00,pass
IC,823,JSF/86,06:49:00,06:49:00,pass
IC,823,KJN/86,06:50:00,06:52:00,stop
IC,823,LEL/86,06:54:00,06:54:00,stop
IC,823,BJS/86,06:56:00,06:56:00,pass
IC,823,ADA/86,07:00:00,07:00:00,pass
IC,823,RG/86,07:04:00,07:06:00,stop
IC,823,FJ/86,07:11:00,07:11:00,stop
IC,823,SO/86,07:14:00,07:15:00,stop
IC,823,SG/86,07:22:00,07:24:00,stop
IC,823,FO/86,07:28:00,07:28:00,stop
IC,823,KØ/86,07:32:00,07:33:00,stop
IC,823,SPR/86,07:39:00,07:39:00,stop
IC,823,NG/86,07:44:00,07:46:00,stop
IC,823,JU/86,07:49:00,07:49:00,stop
IC,823,UV/86,07:51:00,07:51:00,pass
IC,823,LV/86,07:53:00,07:53:00,pass
IC,823,MV/86,07:55:00,07:55:00,pass
IC,823,OD/86,08:00:00,08:09:00,stop
IC,823,HP/86,08:14:00,08:14:00,stop
IC,823,TP/86,08:16:00,08:16:00,pass
IC,823,SC/86,08:18:00,08:18:00,pass
IC,823,BD/86,08:18:20,08:18:20,pass
IC,823,AP/86,08:20:00,08:20:00,pass
IC,823,GD/86,08:22:00,08:22:00,pass
IC,823,EB/86,08:24:00,08:24:00,pass
IC,823,NA/86,08:26:00,08:26:00,pass
IC,823,KA/86,08:27:00,08:27:00,pass
IC,823,MD/86,08:30:00,08:32:00,stop
IC,823,SNO/86,08:37:00,08:37:00,stop
IC,823,TL/86,08:40:00,08:40:00,pass
IC,823,KD/86,08:46:00,08:48:00,stop
IC,823,LK/86,08:55:00,08:55:00,stop
IC,823,VN/86,09:01:00,09:02:00,stop
IC,823,BP/86,09:06:00,09:06:00,stop
IC,823,HQ/86,09:10:00,09:10:00,pass
IC,823,GØ/86,09:12:00,09:12:00,pass
IC,823,BM/86,09:15:00,09:17:00,stop
IC,823,TB/86,09:21:00,09:21:00,stop
IC,823,JNE/86,09:24:00,09:24:00,pass
IC,823,ES/86,09:26:00,00:00:00,stop
IC,827,HGL/86,00:00:00,07:16:00,stop
IC,827,KK/86,07:20:00,07:23:00,stop
IC,827,KN/86,07:25:00,07:26:00,stop
IC,827,KH/86,07:29:00,07:32:00,stop
IC,827,GB/86,07:35:00,07:35:00,stop
IC,827,NEL/86,07:36:00,07:37:00,stop
IC,827,IG/86,07:38:00,07:38:00,stop
IC,827,AVH/86,07:40:00,07:40:00,pass
IC,827,KIB/86,07:45:00,07:45:00,pass
IC,827,JSF/86,07:49:00,07:49:00,pass
IC,827,KJN/86,07:50:00,07:52:00,stop
IC,827,LEL/86,07:54:00,07:54:00,stop
IC,827,BJS/86,07:57:00,07:57:00,pass
IC,827,ADA/86,08:01:00,08:01:00,pass
IC,827,RG/86,08:04:00,08:06:00,stop
IC,827,FJ/86,08:11:00,08:11:00,stop
IC,827,SO/86,08:14:00,08:15:00,stop
IC,827,SG/86,08:22:00,08:24:00,stop
IC,827,FO/86,08:28:00,08:28:00,stop
IC,827,KØ/86,08:31:00,08:33:00,stop
IC,827,SPR/86,08:39:00,08:39:00,stop
IC,827,NG/86,08:44:00,08:46:00,stop
IC,827,JU/86,08:49:00,08:49:00,stop
IC,827,UV/86,08:51:00,08:51:00,pass
IC,827,LV/86,08:53:00,08:53:00,pass
IC,827,MV/86,08:55:00,08:55:00,pass
IC,827,OD/86,09:00:00,09:09:00,stop
IC,827,HP/86,09:14:00,09:14:00,stop
IC,827,TP/86,09:16:00,09:16:00,pass
IC,827,SC/86,09:18:00,09:18:00,pass
IC,827,BD/86,09:18:20,09:18:20,pass
IC,827,AP/86,09:20:00,09:20:00,pass
IC,827,GD/86,09:22:00,09:22:00,pass
IC,827,EB/86,09:24:00,09:24:00,pass
IC,827,NA/86,09:26:00,09:26:00,pass
IC,827,KA/86,09:27:00,09:27:00,pass
IC,827,MD/86,09:30:00,09:32:00,stop
IC,827,SNO/86,09:37:00,09:37:00,stop
IC,827,TL/86,09:40:00,09:40:00,pass
IC,827,KD/86,09:46:00,09:48:00,stop
IC,827,LK/86,09:54:00,09:54:00,stop
IC,827,VN/86,10:01:00,10:02:00,stop
IC,827,BP/86,10:06:00,10:06:00,stop
IC,827,HQ/86,10:09:00,10:09:00,pass
IC,827,GØ/86,10:12:00,10:12:00,pass
IC,827,BM/86,10:15:00,10:17:00,stop
IC,827,TB/86,10:21:00,10:21:00,stop
IC,827,JNE/86,10:24:00,10:24:00,pass
IC,827,ES/86,10:26:00,00:00:00,stop
IC,839,KK/86,00:00:00,10:23:00,stop
IC,839,KN/86,10:25:00,10:26:00,stop
IC,839,KH/86,10:29:00,10:32:00,stop
IC,839,GB/86,10:35:00,10:35:00,stop
IC,839,NEL/86,10:36:00,10:37:00,stop
IC,839,IG/86,10:38:00,10:38:00,stop
IC,839,AVH/86,10:40:00,10:40:00,pass
IC,839,KIB/86,10:45:00,10:45:00,pass
IC,839,JSF/86,10:49:00,10:49:00,pass
IC,839,KJN/86,10:50:00,10:52:00,stop
IC,839,LEL/86,10:54:00,10:54:00,stop
IC,839,BJS/86,10:57:00,10:57:00,pass
IC,839,ADA/86,11:01:00,11:01:00,pass
IC,839,RG/86,11:04:00,11:06:00,stop
IC,839,FJ/86,11:11:00,11:11:00,stop
IC,839,SO/86,11:14:00,11:15:00,stop
IC,839,SG/86,11:22:00,11:24:00,stop
IC,839,FO/86,11:28:00,11:28:00,stop
IC,839,KØ/86,11:31:00,11:33:00,stop
IC,839,SPR/86,11:39:00,11:39:00,stop
IC,839,NG/86,11:44:00,11:46:00,stop
IC,839,JU/86,11:49:00,11:49:00,stop
IC,839,UV/86,11:51:00,11:51:00,pass
IC,839,LV/86,11:53:00,11:53:00,pass
IC,839,MV/86,11:55:00,11:55:00,pass
IC,839,OD/86,12:00:00,12:09:00,stop
IC,839,HP/86,12:14:00,12:14:00,stop
IC,839,TP/86,12:16:00,12:16:00,pass
IC,839,SC/86,12:18:00,12:18:00,pass
IC,839,BD/86,12:18:20,12:18:20,pass
IC,839,AP/86,12:20:00,12:20:00,pass
IC,839,GD/86,12:22:00,12:22:00,pass
IC,839,EB/86,12:24:00,12:24:00,pass
IC,839,NA/86,12:26:00,12:26:00,pass
IC,839,KA/86,12:27:00,12:27:00,pass
IC,839,MD/86,12:30:00,12:32:00,stop
IC,839,SNO/86,12:37:00,12:37:00,stop
IC,839,TL/86,12:40:00,12:40:00,pass
IC,839,KD/86,12:46:00,12:48:00,stop
IC,839,LK/86,12:54:00,12:54:00,stop
IC,839,VN/86,13:01:00,13:02:00,stop
IC,839,BP/86,13:06:00,13:06:00,stop
IC,839,HQ/86,13:09:00,13:09:00,pass
IC,839,GØ/86,13:12:00,13:12:00,pass
IC,839,BM/86,13:15:00,13:17:00,stop
IC,839,TB/86,13:21:00,13:21:00,stop
IC,839,JNE/86,13:24:00,13:24:00,pass
IC,839,ES/86,13:26:00,00:00:00,stop
IC,843,HGL/86,00:00:00,11:16:00,stop
IC,843,KK/86,11:20:00,11:23:00,stop
IC,843,KN/86,11:25:00,11:26:00,stop
IC,843,KH/86,11:29:00,11:32:00,stop
IC,843,GB/86,11:35:00,11:35:00,stop
IC,843,NEL/86,11:36:00,11:37:00,stop
IC,843,IG/86,11:38:00,11:38:00,stop
IC,843,AVH/86,11:40:00,11:40:00,pass
IC,843,KIB/86,11:45:00,11:45:00,pass
IC,843,JSF/86,11:49:00,11:49:00,pass
IC,843,KJN/86,11:50:00,11:52:00,stop
IC,843,LEL/86,11:54:00,11:54:00,stop
IC,843,BJS/86,11:57:00,11:57:00,pass
IC,843,ADA/86,12:01:00,12:01:00,pass
IC,843,RG/86,12:04:00,12:06:00,stop
IC,843,FJ/86,12:11:00,12:11:00,stop
IC,843,SO/86,12:14:00,12:15:00,stop
IC,843,SG/86,12:22:00,12:24:00,stop
IC,843,FO/86,12:28:00,12:28:00,stop
IC,843,KØ/86,12:32:00,12:33:00,stop
IC,843,SPR/86,12:39:00,12:39:00,stop
IC,843,NG/86,12:44:00,12:46:00,stop
IC,843,JU/86,12:49:00,12:49:00,stop
IC,843,UV/86,12:51:00,12:51:00,pass
IC,843,LV/86,12:53:00,12:53:00,pass
IC,843,MV/86,12:55:00,12:55:00,pass
IC,843,OD/86,13:00:00,13:09:00,stop
IC,843,HP/86,13:14:00,13:14:00,stop
IC,843,TP/86,13:16:00,13:16:00,pass
IC,843,SC/86,13:18:00,13:18:00,pass
IC,843,BD/86,13:18:20,13:18:20,pass
IC,843,AP/86,13:20:00,13:20:00,pass
IC,843,GD/86,13:22:00,13:22:00,pass
IC,843,EB/86,13:24:00,13:24:00,pass
IC,843,NA/86,13:26:00,13:26:00,pass
IC,843,KA/86,13:27:00,13:27:00,pass
IC,843,MD/86,13:30:00,13:32:00,stop
IC,843,SNO/86,13:37:00,13:37:00,stop
IC,843,TL/86,13:40:00,13:40:00,pass
IC,843,KD/86,13:46:00,13:48:00,stop
IC,843,LK/86,13:54:00,13:54:00,stop
IC,843,VN/86,14:01:00,14:02:00,stop
IC,843,BP/86,14:06:00,14:06:00,stop
IC,843,HQ/86,14:09:00,14:09:00,pass
IC,843,GØ/86,14:12:00,14:12:00,pass
IC,843,BM/86,14:15:00,14:17:00,stop
IC,843,TB/86,14:21:00,14:21:00,stop
IC,843,JNE/86,14:24:00,14:24:00,pass
IC,843,ES/86,14:26:00,00:00:00,stop
IC,851,HGL/86,00:00:00,13:16:00,stop
IC,851,KK/86,13:20:00,13:23:00,stop
IC,851,KN/86,13:25:00,13:26:00,stop
IC,851,KH/86,13:29:00,13:32:00,stop
IC,851,GB/86,13:35:00,13:35:00,stop
IC,851,NEL/86,13:36:00,13:37:00,stop
IC,851,IG/86,13:38:00,13:38:00,stop
IC,851,AVH/86,13:40:00,13:40:00,pass
IC,851,KIB/86,13:45:00,13:45:00,pass
IC,851,JSF/86,13:49:00,13:49:00,pass
IC,851,KJN/86,13:50:00,13:52:00,stop
IC,851,LEL/86,13:54:00,13:54:00,stop
IC,851,BJS/86,13:57:00,13:57:00,pass
IC,851,ADA/86,14:01:00,14:01:00,pass
IC,851,RG/86,14:04:00,14:06:00,stop
IC,851,FJ/86,14:11:00,14:11:00,stop
IC,851,SO/86,14:14:00,14:15:00,stop
IC,851,SG/86,14:22:00,14:24:00,stop
IC,851,FO/86,14:28:00,14:28:00,stop
IC,851,KØ/86,14:31:00,14:33:00,stop
IC,851,SPR/86,14:39:00,14:39:00,stop
IC,851,NG/86,14:44:00,14:46:00,stop
IC,851,JU/86,14:49:00,14:49:00,stop
IC,851,UV/86,14:51:00,14:51:00,pass
IC,851,LV/86,14:53:00,14:53:00,pass
IC,851,MV/86,14:55:00,14:55:00,pass
IC,851,OD/86,15:00:00,15:09:00,stop
IC,851,HP/86,15:14:00,15:14:00,stop
IC,851,TP/86,15:16:00,15:16:00,pass
IC,851,SC/86,15:18:00,15:18:00,pass
IC,851,BD/86,15:18:20,15:18:20,pass
IC,851,AP/86,15:20:00,15:20:00,pass
IC,851,GD/86,15:22:00,15:22:00,pass
IC,851,EB/86,15:24:00,15:24:00,pass
IC,851,NA/86,15:26:00,15:26:00,pass
IC,851,KA/86,15:27:00,15:27:00,pass
IC,851,MD/86,15:30:00,15:32:00,stop
IC,851,SNO/86,15:37:00,15:37:00,stop
IC,851,TL/86,15:40:00,15:40:00,pass
IC,851,KD/86,15:46:00,15:48:00,stop
IC,851,LK/86,15:54:00,15:54:00,stop
IC,851,VN/86,16:01:00,16:02:00,stop
IC,851,BP/86,16:06:00,16:06:00,stop
IC,851,HQ/86,16:09:00,16:09:00,pass
IC,851,GØ/86,16:12:00,16:12:00,pass
IC,851,BM/86,16:15:00,16:17:00,stop
IC,851,TB/86,16:21:00,16:21:00,stop
IC,851,JNE/86,16:24:00,16:24:00,pass
IC,851,ES/86,16:26:00,00:00:00,stop
IC,855,HGL/86,00:00:00,14:16:00,stop
IC,855,KK/86,14:20:00,14:23:00,stop
IC,855,KN/86,14:25:00,14:26:00,stop
IC,855,KH/86,14:29:00,14:32:00,stop
IC,855,GB/86,14:35:00,14:35:00,stop
IC,855,NEL/86,14:36:00,14:37:00,stop
IC,855,IG/86,14:38:00,14:38:00,stop
IC,855,AVH/86,14:40:00,14:40:00,pass
IC,855,KIB/86,14:45:00,14:45:00,pass
IC,855,JSF/86,14:49:00,14:49:00,pass
IC,855,KJN/86,14:50:00,14:52:00,stop
IC,855,LEL/86,14:54:00,14:54:00,stop
IC,855,BJS/86,14:57:00,14:57:00,pass
IC,855,ADA/86,15:01:00,15:01:00,pass
IC,855,RG/86,15:04:00,15:06:00,stop
IC,855,FJ/86,15:11:00,15:11:00,stop
IC,855,SO/86,15:14:00,15:15:00,stop
IC,855,SG/86,15:22:00,15:24:00,stop
IC,855,FO/86,15:28:00,15:28:00,stop
IC,855,KØ/86,15:32:00,15:33:00,stop
IC,855,SPR/86,15:39:00,15:39:00,stop
IC,855,NG/86,15:44:00,15:46:00,stop
IC,855,JU/86,15:49:00,15:49:00,stop
IC,855,UV/86,15:51:00,15:51:00,pass
IC,855,LV/86,15:53:00,15:53:00,pass
IC,855,MV/86,15:55:00,15:55:00,pass
IC,855,OD/86,16:00:00,16:09:00,stop
IC,855,HP/86,16:14:00,16:14:00,stop
IC,855,TP/86,16:16:00,16:16:00,pass
IC,855,SC/86,16:18:00,16:18:00,pass
IC,855,BD/86,16:18:20,16:18:20,pass
IC,855,AP/86,16:20:00,16:20:00,pass
IC,855,GD/86,16:22:00,16:22:00,pass
IC,855,EB/86,16:24:00,16:24:00,pass
IC,855,NA/86,16:26:00,16:26:00,pass
IC,855,KA/86,16:27:00,16:27:00,pass
IC,855,MD/86,16:30:00,16:32:00,stop
IC,855,SNO/86,16:37:00,16:37:00,stop
IC,855,TL/86,16:40:00,16:40:00,pass
IC,855,KD/86,16:46:00,16:48:00,stop
IC,855,LK/86,16:54:00,16:54:00,stop
IC,855,VN/86,17:01:00,17:02:00,stop
IC,855,BP/86,17:06:00,17:06:00,stop
IC,855,HQ/86,17:09:00,17:09:00,pass
IC,855,GØ/86,17:12:00,17:12:00,pass
IC,855,BM/86,17:15:00,17:17:00,stop
IC,855,TB/86,17:21:00,17:21:00,stop
IC,855,JNE/86,17:24:00,17:24:00,pass
IC,855,ES/86,17:26:00,00:00:00,stop
IC,859,HGL/86,00:00:00,15:16:00,stop
IC,859,KK/86,15:20:00,15:23:00,stop
IC,859,KN/86,15:25:00,15:26:00,stop
IC,859,KH/86,15:29:00,15:32:00,stop
IC,859,GB/86,15:35:00,15:35:00,stop
IC,859,NEL/86,15:36:00,15:37:00,stop
IC,859,IG/86,15:38:00,15:38:00,stop
IC,859,AVH/86,15:40:00,15:40:00,pass
IC,859,KIB/86,15:45:00,15:45:00,pass
IC,859,JSF/86,15:49:00,15:49:00,pass
IC,859,KJN/86,15:50:00,15:52:00,stop
IC,859,LEL/86,15:54:00,15:54:00,stop
IC,859,BJS/86,15:57:00,15:57:00,pass
IC,859,ADA/86,16:01:00,16:01:00,pass
IC,859,RG/86,16:04:00,16:06:00,stop
IC,859,FJ/86,16:11:00,16:11:00,stop
IC,859,SO/86,16:14:00,16:15:00,stop
IC,859,SG/86,16:22:00,16:24:00,stop
IC,859,FO/86,16:28:00,16:28:00,stop
IC,859,KØ/86,16:32:00,16:33:00,stop
IC,859,SPR/86,16:39:00,16:39:00,stop
IC,859,NG/86,16:44:00,16:46:00,stop
IC,859,JU/86,16:49:00,16:49:00,stop
IC,859,UV/86,16:51:00,16:51:00,pass
IC,859,LV/86,16:53:00,16:53:00,pass
IC,859,MV/86,16:55:00,16:55:00,pass
IC,859,OD/86,17:00:00,17:09:00,stop
IC,859,HP/86,17:14:00,17:14:00,stop
IC,859,TP/86,17:16:00,17:16:00,pass
IC,859,SC/86,17:18:00,17:18:00,pass
IC,859,BD/86,17:18:20,17:18:20,pass
IC,859,AP/86,17:20:00,17:20:00,pass
IC,859,GD/86,17:22:00,17:22:00,pass
IC,859,EB/86,17:24:00,17:24:00,pass
IC,859,NA/86,17:26:00,17:26:00,pass
IC,859,KA/86,17:27:00,17:27:00,pass
IC,859,MD/86,17:30:00,17:32:00,stop
IC,859,SNO/86,17:37:00,17:37:00,stop
IC,859,TL/86,17:40:00,17:40:00,pass
IC,859,KD/86,17:46:00,17:48:00,stop
IC,859,LK/86,17:54:00,17:54:00,stop
IC,859,VN/86,18:01:00,18:02:00,stop
IC,859,BP/86,18:06:00,18:06:00,stop
IC,859,HQ/86,18:09:00,18:09:00,pass
IC,859,GØ/86,18:12:00,18:12:00,pass
IC,859,BM/86,18:15:00,18:17:00,stop
IC,859,TB/86,18:21:00,18:21:00,stop
IC,859,JNE/86,18:24:00,18:24:00,pass
IC,859,ES/86,18:26:00,00:00:00,stop
IC,863,HGL/86,00:00:00,16:16:00,stop
IC,863,KK/86,16:20:00,16:23:00,stop
IC,863,KN/86,16:25:00,16:26:00,stop
IC,863,KH/86,16:29:00,16:32:00,stop
IC,863,GB/86,16:35:00,16:35:00,stop
IC,863,NEL/86,16:36:00,16:37:00,stop
IC,863,IG/86,16:38:00,16:38:00,stop
IC,863,AVH/86,16:40:00,16:40:00,pass
IC,863,KIB/86,16:45:00,16:45:00,pass
IC,863,JSF/86,16:49:00,16:49:00,pass
IC,863,KJN/86,16:50:00,16:52:00,stop
IC,863,LEL/86,16:54:00,16:54:00,stop
IC,863,BJS/86,16:57:00,16:57:00,pass
IC,863,ADA/86,17:01:00,17:01:00,pass
IC,863,RG/86,17:04:00,17:06:00,stop
IC,863,FJ/86,17:11:00,17:11:00,stop
IC,863,SO/86,17:14:00,17:15:00,stop
IC,863,SG/86,17:22:00,17:24:00,stop
IC,863,FO/86,17:28:00,17:28:00,stop
IC,863,KØ/86,17:32:00,17:33:00,stop
IC,863,SPR/86,17:39:00,17:39:00,stop
IC,863,NG/86,17:44:00,17:46:00,stop
IC,863,JU/86,17:49:00,17:49:00,stop
IC,863,UV/86,17:51:00,17:51:00,pass
IC,863,LV/86,17:53:00,17:53:00,pass
IC,863,MV/86,17:55:00,17:55:00,pass
IC,863,OD/86,18:00:00,18:09:00,stop
IC,863,HP/86,18:14:00,18:14:00,stop
IC,863,TP/86,18:16:00,18:16:00,pass
IC,863,SC/86,18:18:00,18:18:00,pass
IC,863,BD/86,18:18:20,18:18:20,pass
IC,863,AP/86,18:20:00,18:20:00,pass
IC,863,GD/86,18:22:00,18:22:00,pass
IC,863,EB/86,18:24:00,18:24:00,pass
IC,863,NA/86,18:26:00,18:26:00,pass
IC,863,KA/86,18:27:00,18:27:00,pass
IC,863,MD/86,18:30:00,18:32:00,stop
IC,863,SNO/86,18:37:00,18:37:00,stop
IC,863,TL/86,18:40:00,18:40:00,pass
IC,863,KD/86,18:46:00,18:48:00,stop
IC,863,LK/86,18:54:00,18:54:00,stop
IC,863,VN/86,19:01:00,19:02:00,stop
IC,863,BP/86,19:06:00,19:06:00,stop
IC,863,HQ/86,19:09:00,19:09:00,pass
IC,863,GØ/86,19:12:00,19:12:00,pass
IC,863,BM/86,19:15:00,19:17:00,stop
IC,863,TB/86,19:21:00,19:21:00,stop
IC,863,JNE/86,19:24:00,19:24:00,pass
IC,863,ES/86,19:26:00,00:00:00,stop
IC,867,HGL/86,00:00:00,17:16:00,stop
IC,867,KK/86,17:20:00,17:23:00,stop
IC,867,KN/86,17:25:00,17:26:00,stop
IC,867,KH/86,17:29:00,17:32:00,stop
IC,867,GB/86,17:35:00,17:35:00,stop
IC,867,NEL/86,17:36:00,17:37:00,stop
IC,867,IG/86,17:38:00,17:38:00,stop
IC,867,AVH/86,17:40:00,17:40:00,pass
IC,867,KIB/86,17:45:00,17:45:00,pass
IC,867,JSF/86,17:49:00,17:49:00,pass
IC,867,KJN/86,17:50:00,17:52:00,stop
IC,867,LEL/86,17:54:00,17:54:00,stop
IC,867,BJS/86,17:57:00,17:57:00,pass
IC,867,ADA/86,18:01:00,18:01:00,pass
IC,867,RG/86,18:04:00,18:06:00,stop
IC,867,FJ/86,18:11:00,18:11:00,stop
IC,867,SO/86,18:14:00,18:15:00,stop
IC,867,SG/86,18:22:00,18:24:00,stop
IC,867,FO/86,18:28:00,18:28:00,stop
IC,867,KØ/86,18:32:00,18:33:00,stop
IC,867,SPR/86,18:39:00,18:39:00,stop
IC,867,NG/86,18:44:00,18:46:00,stop
IC,867,JU/86,18:49:00,18:49:00,stop
IC,867,UV/86,18:51:00,18:51:00,pass
IC,867,LV/86,18:53:00,18:53:00,pass
IC,867,MV/86,18:55:00,18:55:00,pass
IC,867,OD/86,19:00:00,19:09:00,stop
IC,867,HP/86,19:14:00,19:14:00,stop
IC,867,TP/86,19:16:00,19:16:00,pass
IC,867,SC/86,19:18:00,19:18:00,pass
IC,867,BD/86,19:18:20,19:18:20,pass
IC,867,AP/86,19:20:00,19:20:00,pass
IC,867,GD/86,19:22:00,19:22:00,pass
IC,867,EB/86,19:24:00,19:24:00,pass
IC,867,NA/86,19:26:00,19:26:00,pass
IC,867,KA/86,19:27:00,19:27:00,pass
IC,867,MD/86,19:30:00,19:32:00,stop
IC,867,SNO/86,19:37:00,19:37:00,stop
IC,867,TL/86,19:40:00,19:40:00,pass
IC,867,KD/86,19:46:00,19:48:00,stop
IC,867,LK/86,19:54:00,19:54:00,stop
IC,867,VN/86,20:01:00,20:02:00,stop
IC,867,BP/86,20:06:00,20:06:00,stop
IC,867,HQ/86,20:09:00,20:09:00,pass
IC,867,GØ/86,20:12:00,20:12:00,pass
IC,867,BM/86,20:15:00,20:17:00,stop
IC,867,TB/86,20:21:00,20:21:00,stop
IC,867,JNE/86,20:24:00,20:24:00,pass
IC,867,ES/86,20:26:00,00:00:00,stop
IC,871,HGL/86,00:00:00,18:16:00,stop
IC,871,KK/86,18:20:00,18:23:00,stop
IC,871,KN/86,18:25:00,18:26:00,stop
IC,871,KH/86,18:29:00,18:32:00,stop
IC,871,GB/86,18:35:00,18:35:00,stop
IC,871,NEL/86,18:36:00,18:37:00,stop
IC,871,IG/86,18:38:00,18:38:00,stop
IC,871,AVH/86,18:40:00,18:40:00,pass
IC,871,KIB/86,18:45:00,18:45:00,pass
IC,871,JSF/86,18:49:00,18:49:00,pass
IC,871,KJN/86,18:50:00,18:52:00,stop
IC,871,LEL/86,18:54:00,18:54:00,stop
IC,871,BJS/86,18:57:00,18:57:00,pass
IC,871,ADA/86,19:01:00,19:01:00,pass
IC,871,RG/86,19:04:00,19:06:00,stop
IC,871,FJ/86,19:11:00,19:11:00,stop
IC,871,SO/86,19:14:00,19:15:00,stop
IC,871,SG/86,19:22:00,19:24:00,stop
IC,871,FO/86,19:28:00,19:28:00,stop
IC,871,KØ/86,19:32:00,19:33:00,stop
IC,871,SPR/86,19:39:00,19:39:00,stop
IC,871,NG/86,19:44:00,19:46:00,stop
IC,871,JU/86,19:49:00,19:49:00,stop
IC,871,UV/86,19:51:00,19:51:00,pass
IC,871,LV/86,19:53:00,19:53:00,pass
IC,871,MV/86,19:55:00,19:55:00,pass
IC,871,OD/86,20:00:00,20:09:00,stop
IC,871,HP/86,20:14:00,20:14:00,stop
IC,871,TP/86,20:16:00,20:16:00,pass
IC,871,SC/86,20:18:00,20:18:00,pass
IC,871,BD/86,20:18:20,20:18:20,pass
IC,871,AP/86,20:20:00,20:20:00,pass
IC,871,GD/86,20:22:00,20:22:00,pass
IC,871,EB/86,20:24:00,20:24:00,pass
IC,871,NA/86,20:26:00,20:26:00,pass
IC,871,KA/86,20:27:00,20:27:00,pass
IC,871,MD/86,20:30:00,20:32:00,stop
IC,871,SNO/86,20:37:00,20:37:00,stop
IC,871,TL/86,20:40:00,20:40:00,pass
IC,871,KD/86,20:46:00,20:48:00,stop
IC,871,LK/86,20:54:00,20:54:00,stop
IC,871,VN/86,21:01:00,21:02:00,stop
IC,871,BP/86,21:06:00,21:06:00,stop
IC,871,HQ/86,21:09:00,21:09:00,pass
IC,871,GØ/86,21:12:00,21:12:00,pass
IC,871,BM/86,21:15:00,21:17:00,stop
IC,871,TB/86,21:21:00,21:21:00,stop
IC,871,JNE/86,21:24:00,21:24:00,pass
IC,871,ES/86,21:26:00,00:00:00,stop
IC,875,HGL/86,00:00:00,19:16:00,stop
IC,875,KK/86,19:20:00,19:23:00,stop
IC,875,KN/86,19:25:00,19:26:00,stop
IC,875,KH/86,19:29:00,19:32:00,stop
IC,875,GB/86,19:35:00,19:35:00,stop
IC,875,NEL/86,19:36:00,19:37:00,stop
IC,875,IG/86,19:38:00,19:38:00,stop
IC,875,AVH/86,19:40:00,19:40:00,pass
IC,875,KIB/86,19:45:00,19:45:00,pass
IC,875,JSF/86,19:49:00,19:49:00,pass
IC,875,KJN/86,19:50:00,19:52:00,stop
IC,875,LEL/86,19:54:00,19:54:00,stop
IC,875,BJS/86,19:57:00,19:57:00,pass
IC,875,ADA/86,20:01:00,20:01:00,pass
IC,875,RG/86,20:04:00,20:06:00,stop
IC,875,FJ/86,20:11:00,20:11:00,stop
IC,875,SO/86,20:14:00,20:15:00,stop
IC,875,SG/86,20:22:00,20:24:00,stop
IC,875,FO/86,20:28:00,20:28:00,stop
IC,875,KØ/86,20:32:00,20:33:00,stop
IC,875,SPR/86,20:39:00,20:39:00,stop
IC,875,NG/86,20:44:00,20:46:00,stop
IC,875,JU/86,20:49:00,20:49:00,stop
IC,875,UV/86,20:51:00,20:51:00,pass
IC,875,LV/86,20:53:00,20:53:00,pass
IC,875,MV/86,20:55:00,20:55:00,pass
IC,875,OD/86,21:00:00,21:09:00,stop
IC,875,HP/86,21:14:00,21:14:00,stop
IC,875,TP/86,21:16:00,21:16:00,pass
IC,875,SC/86,21:18:00,21:18:00,pass
IC,875,BD/86,21:18:20,21:18:20,pass
IC,875,AP/86,21:20:00,21:20:00,pass
IC,875,GD/86,21:22:00,21:22:00,pass
IC,875,EB/86,21:24:00,21:24:00,pass
IC,875,NA/86,21:26:00,21:26:00,pass
IC,875,KA/86,21:27:00,21:27:00,pass
IC,875,MD/86,21:30:00,21:32:00,stop
IC,875,SNO/86,21:37:00,21:37:00,stop
IC,875,TL/86,21:40:00,21:40:00,pass
IC,875,KD/86,21:46:00,21:48:00,stop
IC,875,LK/86,21:54:00,21:54:00,stop
IC,875,VN/86,22:01:00,22:02:00,stop
IC,875,BP/86,22:06:00,22:06:00,stop
IC,875,HQ/86,22:09:00,22:09:00,pass
IC,875,GØ/86,22:12:00,22:12:00,pass
IC,875,BM/86,22:15:00,22:17:00,stop
IC,875,TB/86,22:21:00,22:21:00,stop
IC,875,JNE/86,22:24:00,22:24:00,pass
IC,875,ES/86,22:26:00,00:00:00,stop
IC,879,HGL/86,00:00:00,20:16:00,stop
IC,879,KK/86,20:20:00,20:23:00,stop
IC,879,KN/86,20:25:00,20:26:00,stop
IC,879,KH/86,20:29:00,20:32:00,stop
IC,879,GB/86,20:35:00,20:35:00,stop
IC,879,NEL/86,20:36:00,20:37:00,stop
IC,879,IG/86,20:38:00,20:38:00,stop
IC,879,AVH/86,20:40:00,20:40:00,pass
IC,879,KIB/86,20:45:00,20:45:00,pass
IC,879,JSF/86,20:49:00,20:49:00,pass
IC,879,KJN/86,20:50:00,20:52:00,stop
IC,879,LEL/86,20:54:00,20:54:00,stop
IC,879,BJS/86,20:57:00,20:57:00,pass
IC,879,ADA/86,21:01:00,21:01:00,pass
IC,879,RG/86,21:04:00,21:06:00,stop
IC,879,FJ/86,21:11:00,21:11:00,stop
IC,879,SO/86,21:14:00,21:15:00,stop
IC,879,SG/86,21:22:00,21:24:00,stop
IC,879,FO/86,21:28:00,21:28:00,stop
IC,879,KØ/86,21:32:00,21:33:00,stop
IC,879,SPR/86,21:39:00,21:39:00,stop
IC,879,NG/86,21:44:00,21:46:00,stop
IC,879,JU/86,21:49:00,21:49:00,stop
IC,879,UV/86,21:51:00,21:51:00,pass
IC,879,LV/86,21:53:00,21:53:00,pass
IC,879,MV/86,21:55:00,21:55:00,pass
IC,879,OD/86,22:00:00,00:00:00,stop
IC,883,HGL/86,00:00:00,21:16:00,stop
IC,883,KK/86,21:20:00,21:23:00,stop
IC,883,KN/86,21:25:00,21:26:00,stop
IC,883,KH/86,21:29:00,21:32:00,stop
IC,883,GB/86,21:35:00,21:35:00,stop
IC,883,NEL/86,21:36:00,21:37:00,stop
IC,883,IG/86,21:38:00,21:38:00,stop
IC,883,AVH/86,21:40:00,21:40:00,pass
IC,883,KIB/86,21:45:00,21:45:00,pass
IC,883,JSF/86,21:49:00,21:49:00,pass
IC,883,KJN/86,21:50:00,21:52:00,stop
IC,883,LEL/86,21:54:00,21:54:00,stop
IC,883,BJS/86,21:57:00,21:57:00,pass
IC,883,ADA/86,22:01:00,22:01:00,pass
IC,883,RG/86,22:04:00,22:06:00,stop
IC,883,FJ/86,22:11:00,22:11:00,stop
IC,883,SO/86,22:14:00,22:15:00,stop
IC,883,SG/86,22:22:00,22:24:00,stop
IC,883,FO/86,22:28:00,22:28:00,stop
IC,883,KØ/86,22:32:00,22:33:00,stop
IC,883,SPR/86,22:39:00,22:39:00,stop
IC,883,NG/86,22:44:00,22:46:00,stop
IC,883,JU/86,22:49:00,22:49:00,stop
IC,883,UV/86,22:51:00,22:51:00,pass
IC,883,LV/86,22:53:00,22:53:00,pass
IC,883,MV/86,22:55:00,22:55:00,pass
IC,883,OD/86,23:00:00,00:00:00,stop
IC,819,HGL/86,00:00:00,05:16:00,stop
IC,819,KK/86,05:20:00,05:23:00,stop
IC,819,KN/86,05:25:00,05:26:00,stop
IC,819,KH/86,05:29:00,05:32:00,stop
IC,819,GB/86,05:35:00,05:35:00,stop
IC,819,NEL/86,05:36:00,05:37:00,stop
IC,819,IG/86,05:38:00,05:38:00,stop
IC,819,AVH/86,05:40:00,05:40:00,pass
IC,819,KIB/86,05:45:00,05:45:00,pass
IC,819,JSF/86,05:49:00,05:49:00,pass
IC,819,KJN/86,05:50:00,05:52:00,stop
IC,819,LEL/86,05:54:00,05:54:00,stop
IC,819,BJS/86,05:57:00,05:57:00,pass
IC,819,ADA/86,06:01:00,06:01:00,pass
IC,819,RG/86,06:04:00,06:06:00,stop
IC,819,FJ/86,06:11:00,06:11:00,stop
IC,819,SO/86,06:14:00,06:15:00,stop
IC,819,SG/86,06:22:00,06:24:00,stop
IC,819,FO/86,06:28:00,06:28:00,stop
IC,819,KØ/86,06:32:00,06:33:00,stop
IC,819,SPR/86,06:39:00,06:39:00,stop
IC,819,NG/86,06:44:00,06:46:00,stop
IC,819,JU/86,06:49:00,06:49:00,stop
IC,819,UV/86,06:51:00,06:51:00,pass
IC,819,LV/86,06:53:00,06:53:00,pass
IC,819,MV/86,06:55:00,06:55:00,pass
IC,819,OD/86,07:00:00,07:09:00,stop
IC,819,HP/86,07:14:00,07:14:00,stop
IC,819,TP/86,07:16:00,07:16:00,pass
IC,819,SC/86,07:18:00,07:18:00,pass
IC,819,BD/86,07:18:20,07:18:20,pass
IC,819,AP/86,07:20:00,07:20:00,pass
IC,819,GD/86,07:22:00,07:22:00,pass
IC,819,EB/86,07:24:00,07:24:00,pass
IC,819,NA/86,07:26:00,07:26:00,pass
IC,819,KA/86,07:27:00,07:27:00,pass
IC,819,MD/86,07:30:00,07:32:00,stop
IC,819,SNO/86,07:37:00,07:37:00,stop
IC,819,TL/86,07:40:00,07:40:00,pass
IC,819,KD/86,07:46:00,07:48:00,stop
IC,819,LK/86,07:54:00,07:54:00,stop
IC,819,VN/86,08:01:00,08:02:00,stop
IC,819,BP/86,08:06:00,08:06:00,stop
IC,819,HQ/86,08:09:00,08:09:00,pass
IC,819,GØ/86,08:12:00,08:12:00,pass
IC,819,BM/86,08:15:00,08:17:00,stop
IC,819,TB/86,08:21:00,08:21:00,stop
IC,819,JNE/86,08:24:00,08:24:00,pass
IC,819,ES/86,08:26:00,00:00:00,stop
IC,815,OD/86,00:00:00,06:09:00,stop
IC,815,HP/86,06:14:00,06:14:00,stop
IC,815,TP/86,06:16:00,06:16:00,pass
IC,815,SC/86,06:18:00,06:18:00,pass
IC,815,BD/86,06:18:20,06:18:20,pass
IC,815,AP/86,06:20:00,06:20:00,pass
IC,815,GD/86,06:22:00,06:22:00,pass
IC,815,EB/86,06:24:00,06:24:00,pass
IC,815,NA/86,06:26:00,06:26:00,pass
IC,815,KA/86,06:27:00,06:27:00,pass
IC,815,MD/86,06:30:00,06:32:00,stop
IC,815,SNO/86,06:36:00,06:36:00,stop
IC,815,TL/86,06:40:00,06:40:00,pass
IC,815,KD/86,06:46:00,06:48:00,stop
IC,815,LK/86,06:55:00,06:56:00,stop
IC,815,VN/86,07:03:00,07:04:00,stop
IC,815,BP/86,07:08:00,07:09:00,stop
IC,815,HQ/86,07:14:00,07:15:00,stop
IC,815,GØ/86,07:20:00,07:21:00,stop
IC,815,BM/86,07:25:00,07:26:00,stop
IC,815,TB/86,07:30:00,07:30:00,stop
IC,815,JNE/86,07:33:00,07:33:00,pass
IC,815,ES/86,07:36:00,00:00:00,stop
IC,806,ES/86,00:00:00,04:32:00,stop
IC,806,JNE/86,04:34:00,04:34:00,stop
IC,806,TB/86,04:36:00,04:36:00,pass
IC,806,BM/86,04:41:00,04:43:00,stop
IC,806,GØ/86,04:46:00,04:46:00,stop
IC,806,HQ/86,04:49:00,04:49:00,pass
IC,806,BP/86,04:52:00,04:52:00,pass
IC,806,VN/86,04:56:00,04:57:00,stop
IC,806,LK/86,05:04:00,05:04:00,stop
IC,806,KD/86,05:11:00,05:13:00,stop
IC,806,TL/86,05:18:00,05:18:00,stop
IC,806,SNO/86,05:23:00,05:23:00,pass
IC,806,MD/86,05:26:00,05:28:00,stop
IC,806,KA/86,05:31:00,05:31:00,stop
IC,806,NA/86,05:33:00,05:33:00,pass
IC,806,EB/86,05:35:00,05:35:00,pass
IC,806,GD/86,05:36:00,05:36:00,pass
IC,806,AP/86,05:38:00,05:38:00,pass
IC,806,BD/86,05:40:00,05:40:00,pass
IC,806,SC/86,05:41:00,05:41:00,pass
IC,806,TP/86,05:42:00,05:42:00,pass
IC,806,HP/86,05:45:00,05:45:00,pass
IC,806,OD/86,05:52:00,06:00:00,stop
IC,806,MV/86,06:05:00,06:05:00,stop
IC,806,LV/86,06:06:00,06:06:00,pass
IC,806,UV/86,06:08:00,06:08:00,pass
IC,806,JU/86,06:10:00,06:10:00,pass
IC,806,NG/86,06:12:00,06:14:00,stop
IC,806,SPR/86,06:19:00,06:19:00,stop
IC,806,KØ/86,06:25:00,06:27:00,stop
IC,806,FO/86,06:31:00,06:31:00,stop
IC,806,SG/86,06:34:00,06:36:00,stop
IC,806,SO/86,06:43:00,06:45:00,stop
IC,806,FJ/86,06:48:00,06:48:00,stop
IC,806,RG/86,06:52:00,06:54:00,stop
IC,806,ADA/86,06:58:00,06:58:00,stop
IC,806,BJS/86,07:02:00,07:02:00,pass
IC,806,LEL/86,07:04:00,07:04:00,pass
IC,806,KJN/86,07:06:00,07:08:00,stop
IC,806,JSF/86,07:09:00,07:09:00,stop
IC,806,KIB/86,07:14:00,07:14:00,pass
IC,806,AVH/86,07:18:00,07:18:00,pass
IC,806,IG/86,07:20:00,07:20:00,pass
IC,806,NEL/86,07:21:00,07:23:00,stop
IC,806,GB/86,07:24:00,07:24:00,stop
IC,806,KH/86,07:28:00,07:31:00,stop
IC,806,KN/86,07:33:00,07:34:00,stop
IC,806,KK/86,07:37:00,07:40:00,stop
IC,806,HGL/86,07:43:00,00:00:00,stop
IC,2316,FA/86,00:00:00,07:51:00,stop
IC,2316,TL/86,07:56:00,07:57:00,stop
IC,2316,KD/86,08:04:00,08:06:00,stop
IC,2316,LK/86,08:13:00,08:14:00,stop
IC,2316,VN/86,08:20:00,08:21:00,stop
IC,2316,BP/86,08:26:00,08:27:00,stop
IC,2316,HQ/86,08:32:00,08:33:00,stop
IC,2316,GØ/86,08:38:00,08:38:00,stop
IC,2316,BM/86,08:42:00,08:44:00,stop
IC,2316,TB/86,08:48:00,08:48:00,stop
IC,2316,JNE/86,08:51:00,08:51:00,pass
IC,2316,ES/86,08:54:00,00:00:00,stop
IC,485,FA/86,00:00:00,00:09:00,stop
IC,485,BK/86,00:16:00,00:17:00,stop
IC,485,BET/86,00:19:00,00:20:00,stop
IC,485,VJ/86,00:27:00,00:29:00,stop
IC,485,HED/86,00:37:00,00:38:00,stop
IC,485,HS/86,00:47:00,00:49:00,stop
IC,485,HÅ/86,00:55:00,00:55:00,stop
IC,485,SD/86,01:02:00,01:04:00,stop
IC,485,HX/86,01:09:00,01:09:00,stop
IC,485,HC/86,01:11:00,01:11:00,pass
IC,485,VI/86,01:14:00,01:15:00,stop
IC,485,KGV/86,01:17:00,01:17:00,stop
IC,485,AR/86,01:20:00,00:00:00,stop
IC,484,AR/86,00:00:00,23:50:00,stop
IC,484,KGV/86,23:53:00,23:53:00,stop
IC,484,VI/86,23:54:00,23:56:00,stop
IC,484,HC/86,23:58:00,23:58:00,stop
IC,484,HX/86,00:00:00,00:00:00,pass
IC,484,SD/86,00:05:00,00:06:00,stop
IC,484,HÅ/86,00:13:00,00:13:00,stop
IC,484,HS/86,00:19:00,00:21:00,stop
IC,484,HED/86,00:29:00,00:30:00,stop
IC,484,VJ/86,00:38:00,00:40:00,stop
IC,484,BET/86,00:46:00,00:47:00,stop
IC,484,BK/86,00:50:00,00:51:00,stop
IC,484,FA/86,01:00:00,01:02:00,stop
IC,484,TL/86,01:07:00,01:07:00,stop
IC,484,KD/86,01:13:00,00:00:00,stop
IC,421,FA/86,00:00:00,08:09:00,stop
IC,421,BK/86,08:15:00,08:15:00,stop
IC,421,BET/86,08:16:00,08:16:00,pass
IC,421,VJ/86,08:22:00,08:24:00,stop
IC,421,HED/86,08:31:00,08:31:00,stop
IC,421,HS/86,08:38:00,08:40:00,stop
IC,421,HÅ/86,08:47:00,08:47:00,stop
IC,421,SD/86,08:54:00,08:55:00,stop
IC,421,HX/86,09:00:00,09:00:00,stop
IC,421,HC/86,09:02:00,09:02:00,pass
IC,421,VI/86,09:04:00,09:04:00,pass
IC,421,KGV/86,09:05:00,09:05:00,pass
IC,421,AR/86,09:08:00,00:00:00,stop
IC,412,AR/86,00:00:00,05:50:00,stop
IC,412,KGV/86,05:53:00,05:53:00,stop
IC,412,VI/86,05:54:00,05:54:00,pass
IC,412,HC/86,05:56:00,05:56:00,pass
IC,412,HX/86,05:58:00,05:58:00,pass
IC,412,SD/86,06:02:00,06:03:00,stop
IC,412,HÅ/86,06:10:00,06:10:00,stop
IC,412,HS/86,06:17:00,06:19:00,stop
IC,412,HED/86,06:26:00,06:26:00,stop
IC,412,VJ/86,06:33:00,06:35:00,stop
IC,412,BET/86,06:41:00,06:41:00,stop
IC,412,BK/86,06:42:00,06:42:00,pass
IC,412,FA/86,06:49:00,00:00:00,stop
IC,477,FA/86,00:00:00,22:09:00,stop
IC,477,BK/86,22:16:00,22:17:00,stop
IC,477,BET/86,22:19:00,22:20:00,stop
IC,477,VJ/86,22:27:00,22:29:00,stop
IC,477,HED/86,22:37:00,22:38:00,stop
IC,477,HS/86,22:47:00,22:49:00,stop
IC,477,HÅ/86,22:55:00,22:55:00,stop
IC,477,SD/86,23:02:00,23:04:00,stop
IC,477,HX/86,23:09:00,23:09:00,stop
IC,477,HC/86,23:11:00,23:11:00,pass
IC,477,VI/86,23:14:00,23:15:00,stop
IC,477,KGV/86,23:17:00,23:17:00,stop
IC,477,AR/86,23:20:00,00:00:00,stop
IC,456,AR/86,00:00:00,16:50:00,stop
IC,456,KGV/86,16:52:00,16:52:00,stop
IC,456,VI/86,16:53:00,16:53:00,pass
IC,456,HC/86,16:55:00,16:55:00,pass
IC,456,HX/86,16:57:00,16:57:00,pass
IC,456,SD/86,17:02:00,17:03:00,stop
IC,456,HÅ/86,17:10:00,17:10:00,stop
IC,456,HS/86,17:17:00,17:19:00,stop
IC,456,HED/86,17:26:00,17:26:00,stop
IC,456,VJ/86,17:33:00,17:35:00,stop
IC,456,BET/86,17:41:00,17:41:00,stop
IC,456,BK/86,17:42:00,17:42:00,pass
IC,456,FA/86,17:49:00,00:00:00,stop
IC,437,FA/86,00:00:00,12:09:00,stop
IC,437,BK/86,12:15:00,12:15:00,stop
IC,437,BET/86,12:16:00,12:16:00,pass
IC,437,VJ/86,12:22:00,12:24:00,stop
IC,437,HED/86,12:31:00,12:31:00,stop
IC,437,HS/86,12:38:00,12:40:00,stop
IC,437,HÅ/86,12:47:00,12:47:00,stop
IC,437,SD/86,12:54:00,12:55:00,stop
IC,437,HX/86,13:00:00,13:00:00,stop
IC,437,HC/86,13:02:00,13:02:00,pass
IC,437,VI/86,13:04:00,13:04:00,pass
IC,437,KGV/86,13:05:00,13:05:00,pass
IC,437,AR/86,13:08:00,00:00:00,stop
IC,445,FA/86,00:00:00,14:09:00,stop
IC,445,BK/86,14:15:00,14:15:00,stop
IC,445,BET/86,14:16:00,14:16:00,pass
IC,445,VJ/86,14:22:00,14:24:00,stop
IC,445,HED/86,14:31:00,14:31:00,stop
IC,445,HS/86,14:38:00,14:40:00,stop
IC,445,HÅ/86,14:47:00,14:47:00,stop
IC,445,SD/86,14:54:00,14:55:00,stop
IC,445,HX/86,15:00:00,15:00:00,stop
IC,445,HC/86,15:02:00,15:02:00,pass
IC,445,VI/86,15:04:00,15:04:00,pass
IC,445,KGV/86,15:05:00,15:05:00,pass
IC,445,AR/86,15:08:00,00:00:00,stop
IC,453,FA/86,00:00:00,16:09:00,stop
IC,453,BK/86,16:15:00,16:15:00,stop
IC,453,BET/86,16:16:00,16:16:00,pass
IC,453,VJ/86,16:22:00,16:24:00,stop
IC,453,HED/86,16:31:00,16:31:00,stop
IC,453,HS/86,16:38:00,16:40:00,stop
IC,453,HÅ/86,16:47:00,16:47:00,stop
IC,453,SD/86,16:54:00,16:55:00,stop
IC,453,HX/86,17:00:00,17:00:00,stop
IC,453,HC/86,17:02:00,17:02:00,pass
IC,453,VI/86,17:04:00,17:04:00,pass
IC,453,KGV/86,17:05:00,17:05:00,pass
IC,453,AR/86,17:08:00,00:00:00,stop
IC,461,FA/86,00:00:00,18:09:00,stop
IC,461,BK/86,18:15:00,18:15:00,stop
IC,461,BET/86,18:16:00,18:16:00,pass
IC,461,VJ/86,18:22:00,18:24:00,stop
IC,461,HED/86,18:31:00,18:31:00,stop
IC,461,HS/86,18:38:00,18:40:00,stop
IC,461,HÅ/86,18:47:00,18:47:00,stop
IC,461,SD/86,18:54:00,18:55:00,stop
IC,461,HX/86,19:00:00,19:00:00,stop
IC,461,HC/86,19:02:00,19:02:00,pass
IC,461,VI/86,19:04:00,19:04:00,pass
IC,461,KGV/86,19:05:00,19:05:00,pass
IC,461,AR/86,19:08:00,00:00:00,stop
IC,469,FA/86,00:00:00,20:09:00,stop
IC,469,BK/86,20:15:00,20:15:00,stop
IC,469,BET/86,20:16:00,20:16:00,pass
IC,469,VJ/86,20:22:00,20:24:00,stop
IC,469,HED/86,20:31:00,20:31:00,stop
IC,469,HS/86,20:38:00,20:40:00,stop
IC,469,HÅ/86,20:47:00,20:47:00,stop
IC,469,SD/86,20:54:00,20:55:00,stop
IC,469,HX/86,21:00:00,21:00:00,stop
IC,469,HC/86,21:02:00,21:02:00,pass
IC,469,VI/86,21:04:00,21:04:00,pass
IC,469,KGV/86,21:05:00,21:05:00,pass
IC,469,AR/86,21:08:00,00:00:00,stop
IC,440,AR/86,00:00:00,12:50:00,stop
IC,440,KGV/86,12:52:00,12:52:00,stop
IC,440,VI/86,12:53:00,12:53:00,pass
IC,440,HC/86,12:55:00,12:55:00,pass
IC,440,HX/86,12:57:00,12:57:00,pass
IC,440,SD/86,13:02:00,13:03:00,stop
IC,440,HÅ/86,13:10:00,13:10:00,stop
IC,440,HS/86,13:17:00,13:19:00,stop
IC,440,HED/86,13:26:00,13:26:00,stop
IC,440,VJ/86,13:33:00,13:35:00,stop
IC,440,BET/86,13:41:00,13:41:00,stop
IC,440,BK/86,13:42:00,13:42:00,pass
IC,440,FA/86,13:49:00,00:00:00,stop
IC,448,AR/86,00:00:00,14:50:00,stop
IC,448,KGV/86,14:52:00,14:52:00,stop
IC,448,VI/86,14:53:00,14:53:00,pass
IC,448,HC/86,14:55:00,14:55:00,pass
IC,448,HX/86,14:57:00,14:57:00,pass
IC,448,SD/86,15:02:00,15:03:00,stop
IC,448,HÅ/86,15:10:00,15:10:00,stop
IC,448,HS/86,15:17:00,15:19:00,stop
IC,448,HED/86,15:26:00,15:26:00,stop
IC,448,VJ/86,15:33:00,15:35:00,stop
IC,448,BET/86,15:41:00,15:41:00,stop
IC,448,BK/86,15:42:00,15:42:00,pass
IC,448,FA/86,15:49:00,00:00:00,stop
IC,464,AR/86,00:00:00,18:50:00,stop
IC,464,KGV/86,18:52:00,18:52:00,stop
IC,464,VI/86,18:53:00,18:53:00,pass
IC,464,HC/86,18:55:00,18:55:00,pass
IC,464,HX/86,18:57:00,18:57:00,pass
IC,464,SD/86,19:02:00,19:03:00,stop
IC,464,HÅ/86,19:10:00,19:10:00,stop
IC,464,HS/86,19:17:00,19:19:00,stop
IC,464,HED/86,19:26:00,19:26:00,stop
IC,464,VJ/86,19:33:00,19:35:00,stop
IC,464,BET/86,19:41:00,19:41:00,stop
IC,464,BK/86,19:42:00,19:42:00,pass
IC,464,FA/86,19:49:00,00:00:00,stop
IC,444,AR/86,00:00:00,13:50:00,stop
IC,444,KGV/86,13:52:00,13:52:00,stop
IC,444,VI/86,13:53:00,13:53:00,pass
IC,444,HC/86,13:55:00,13:55:00,pass
IC,444,HX/86,13:57:00,13:57:00,pass
IC,444,SD/86,14:02:00,14:03:00,stop
IC,444,HÅ/86,14:10:00,14:10:00,stop
IC,444,HS/86,14:17:00,14:19:00,stop
IC,444,HED/86,14:26:00,14:26:00,stop
IC,444,VJ/86,14:33:00,14:35:00,stop
IC,444,BET/86,14:41:00,14:41:00,stop
IC,444,BK/86,14:42:00,14:42:00,pass
IC,444,FA/86,14:49:00,00:00:00,stop
IC,449,FA/86,00:00:00,15:09:00,stop
IC,449,BK/86,15:15:00,15:15:00,stop
IC,449,BET/86,15:16:00,15:16:00,pass
IC,449,VJ/86,15:22:00,15:24:00,stop
IC,449,HED/86,15:31:00,15:31:00,stop
IC,449,HS/86,15:38:00,15:40:00,stop
IC,449,HÅ/86,15:47:00,15:47:00,stop
IC,449,SD/86,15:54:00,15:55:00,stop
IC,449,HX/86,16:00:00,16:00:00,stop
IC,449,HC/86,16:02:00,16:02:00,pass
IC,449,VI/86,16:04:00,16:04:00,pass
IC,449,KGV/86,16:05:00,16:05:00,pass
IC,449,AR/86,16:08:00,00:00:00,stop
IC,5764,FLB/80,00:00:00,20:05:00,stop
IC,5764,AHAL/80,20:12:00,20:12:00,stop
IC,5764,PAGR/86,20:13:00,20:13:00,pass
IC,5764,PA/86,20:15:00,20:21:00,stop
IC,5764,VK/86,20:25:00,20:25:00,stop
IC,5764,TE/86,20:30:00,20:32:00,stop
IC,5764,RQ/86,20:40:00,20:41:00,stop
IC,5764,OJ/86,20:51:00,20:52:00,stop
IC,5764,SST/86,20:57:00,20:57:00,stop
IC,5764,FZ/86,21:00:00,21:00:00,pass
IC,5764,VM/86,21:02:00,21:03:00,stop
IC,5764,LK/86,21:08:00,21:09:00,stop
IC,5764,KD/86,21:16:00,21:18:00,stop
IC,5764,TL/86,21:24:00,21:24:00,stop
IC,5764,FA/86,21:30:00,00:00:00,stop
IC,5757,FA/86,00:00:00,10:30:00,stop
IC,5757,TL/86,10:35:00,10:35:00,stop
IC,5757,KD/86,10:40:00,10:43:00,stop
IC,5757,LK/86,10:50:00,10:51:00,stop
IC,5757,VM/86,10:55:00,10:56:00,stop
IC,5757,FZ/86,10:59:00,10:59:00,stop
IC,5757,SST/86,11:02:00,11:02:00,pass
IC,5757,OJ/86,11:06:00,11:08:00,stop
IC,5757,RQ/86,11:17:00,11:19:00,stop
IC,5757,TE/86,11:27:00,11:29:00,stop
IC,5757,VK/86,11:34:00,11:34:00,stop
IC,5757,PA/86,11:39:00,11:42:00,stop
IC,5757,PAGR/86,11:43:00,11:43:00,stop
IC,5757,AHAL/80,11:45:00,11:45:00,pass
IC,5757,FLB/80,11:53:00,00:00:00,stop
IC,465,FA/86,00:00:00,19:09:00,stop
IC,465,BK/86,19:15:00,19:15:00,stop
IC,465,BET/86,19:16:00,19:16:00,pass
IC,465,VJ/86,19:22:00,19:24:00,stop
IC,465,HED/86,19:31:00,19:31:00,stop
IC,465,HS/86,19:38:00,19:40:00,stop
IC,465,HÅ/86,19:47:00,19:47:00,stop
IC,465,SD/86,19:54:00,19:55:00,stop
IC,465,HX/86,20:00:00,20:00:00,stop
IC,465,HC/86,20:02:00,20:02:00,pass
IC,465,VI/86,20:04:00,20:04:00,pass
IC,465,KGV/86,20:05:00,20:05:00,pass
IC,465,AR/86,20:08:00,00:00:00,stop
IC,433,FA/86,00:00:00,11:09:00,stop
IC,433,BK/86,11:15:00,11:15:00,stop
IC,433,BET/86,11:16:00,11:16:00,pass
IC,433,VJ/86,11:22:00,11:24:00,stop
IC,433,HED/86,11:31:00,11:31:00,stop
IC,433,HS/86,11:38:00,11:40:00,stop
IC,433,HÅ/86,11:47:00,11:47:00,stop
IC,433,SD/86,11:54:00,11:55:00,stop
IC,433,HX/86,12:00:00,12:00:00,stop
IC,433,HC/86,12:02:00,12:02:00,pass
IC,433,VI/86,12:04:00,12:04:00,pass
IC,433,KGV/86,12:05:00,12:05:00,pass
IC,433,AR/86,12:08:00,00:00:00,stop
IC,5755,FA/86,00:00:00,08:30:00,stop
IC,5755,TL/86,08:35:00,08:35:00,stop
IC,5755,KD/86,08:40:00,08:43:00,stop
IC,5755,LK/86,08:50:00,08:51:00,stop
IC,5755,VM/86,08:55:00,08:56:00,stop
IC,5755,FZ/86,08:59:00,08:59:00,stop
IC,5755,SST/86,09:02:00,09:02:00,pass
IC,5755,OJ/86,09:06:00,09:08:00,stop
IC,5755,RQ/86,09:17:00,09:19:00,stop
IC,5755,TE/86,09:27:00,09:29:00,stop
IC,5755,VK/86,09:34:00,09:34:00,stop
IC,5755,PA/86,09:39:00,09:42:00,stop
IC,5755,PAGR/86,09:43:00,09:43:00,stop
IC,5755,AHAL/80,09:45:00,09:45:00,pass
IC,5755,FLB/80,09:53:00,00:00:00,stop
IC,5750,FLB/80,00:00:00,06:05:00,stop
IC,5750,AHAL/80,06:12:00,06:12:00,stop
IC,5750,PAGR/86,06:13:00,06:13:00,pass
IC,5750,PA/86,06:15:00,06:21:00,stop
IC,5750,VK/86,06:25:00,06:25:00,stop
IC,5750,TE/86,06:30:00,06:32:00,stop
IC,5750,RQ/86,06:40:00,06:41:00,stop
IC,5750,OJ/86,06:51:00,06:52:00,stop
IC,5750,SST/86,06:57:00,06:57:00,stop
IC,5750,FZ/86,07:00:00,07:00:00,pass
IC,5750,VM/86,07:02:00,07:03:00,stop
IC,5750,LK/86,07:08:00,07:09:00,stop
IC,5750,KD/86,07:16:00,07:18:00,stop
IC,5750,TL/86,07:24:00,07:24:00,stop
IC,5750,FA/86,07:30:00,00:00:00,stop
IC,5759,FA/86,00:00:00,12:30:00,stop
IC,5759,TL/86,12:35:00,12:35:00,stop
IC,5759,KD/86,12:40:00,12:43:00,stop
IC,5759,LK/86,12:50:00,12:51:00,stop
IC,5759,VM/86,12:55:00,12:56:00,stop
IC,5759,FZ/86,12:59:00,12:59:00,stop
IC,5759,SST/86,13:02:00,13:02:00,pass
IC,5759,OJ/86,13:06:00,13:08:00,stop
IC,5759,RQ/86,13:17:00,13:19:00,stop
IC,5759,TE/86,13:27:00,13:29:00,stop
IC,5759,VK/86,13:34:00,13:34:00,stop
IC,5759,PA/86,13:39:00,13:42:00,stop
IC,5759,PAGR/86,13:43:00,13:43:00,stop
IC,5759,AHAL/80,13:45:00,13:45:00,pass
IC,5759,FLB/80,13:53:00,00:00:00,stop
IC,5754,FLB/80,00:00:00,10:05:00,stop
IC,5754,AHAL/80,10:12:00,10:12:00,stop
IC,5754,PAGR/86,10:13:00,10:13:00,pass
IC,5754,PA/86,10:15:00,10:21:00,stop
IC,5754,VK/86,10:25:00,10:25:00,stop
IC,5754,TE/86,10:30:00,10:32:00,stop
IC,5754,RQ/86,10:40:00,10:41:00,stop
IC,5754,OJ/86,10:51:00,10:52:00,stop
IC,5754,SST/86,10:57:00,10:57:00,stop
IC,5754,FZ/86,11:00:00,11:00:00,pass
IC,5754,VM/86,11:02:00,11:03:00,stop
IC,5754,LK/86,11:08:00,11:09:00,stop
IC,5754,KD/86,11:16:00,11:18:00,stop
IC,5754,TL/86,11:24:00,11:24:00,stop
IC,5754,FA/86,11:30:00,00:00:00,stop
IC,5751,FA/86,00:00:00,04:30:00,stop
IC,5751,TL/86,04:35:00,04:35:00,stop
IC,5751,KD/86,04:40:00,04:43:00,stop
IC,5751,LK/86,04:50:00,04:51:00,stop
IC,5751,VM/86,04:55:00,04:56:00,stop
IC,5751,FZ/86,04:59:00,04:59:00,stop
IC,5751,SST/86,05:02:00,05:02:00,pass
IC,5751,OJ/86,05:06:00,05:08:00,stop
IC,5751,RQ/86,05:17:00,05:19:00,stop
IC,5751,TE/86,05:27:00,05:29:00,stop
IC,5751,VK/86,05:34:00,05:34:00,stop
IC,5751,PA/86,05:39:00,05:42:00,stop
IC,5751,PAGR/86,05:43:00,05:43:00,stop
IC,5751,AHAL/80,05:45:00,05:45:00,pass
IC,5751,FLB/80,05:53:00,00:00:00,stop
IC,5766,FLB/80,00:00:00,22:05:00,stop
IC,5766,AHAL/80,22:12:00,22:12:00,stop
IC,5766,PAGR/86,22:13:00,22:13:00,pass
IC,5766,PA/86,22:15:00,22:21:00,stop
IC,5766,VK/86,22:25:00,22:25:00,stop
IC,5766,TE/86,22:30:00,22:32:00,stop
IC,5766,RQ/86,22:40:00,22:41:00,stop
IC,5766,OJ/86,22:51:00,22:54:00,stop
IC,5766,SST/86,22:58:00,22:58:00,stop
IC,5766,FZ/86,23:01:00,23:01:00,pass
IC,5766,VM/86,23:04:00,23:05:00,stop
IC,5766,LK/86,23:09:00,23:10:00,stop
IC,5766,KD/86,23:17:00,23:19:00,stop
IC,5766,TL/86,23:24:00,23:24:00,stop
IC,5766,FA/86,23:30:00,00:00:00,stop
IC,5763,FA/86,00:00:00,16:30:00,stop
IC,5763,TL/86,16:35:00,16:35:00,stop
IC,5763,KD/86,16:40:00,16:43:00,stop
IC,5763,LK/86,16:50:00,16:51:00,stop
IC,5763,VM/86,16:55:00,16:56:00,stop
IC,5763,FZ/86,16:59:00,16:59:00,stop
IC,5763,SST/86,17:02:00,17:02:00,pass
IC,5763,OJ/86,17:06:00,17:08:00,stop
IC,5763,RQ/86,17:17:00,17:19:00,stop
IC,5763,TE/86,17:27:00,17:29:00,stop
IC,5763,VK/86,17:34:00,17:34:00,stop
IC,5763,PA/86,17:39:00,17:42:00,stop
IC,5763,PAGR/86,17:43:00,17:43:00,stop
IC,5763,AHAL/80,17:45:00,17:45:00,pass
IC,5763,FLB/80,17:53:00,00:00:00,stop
IC,5758,FLB/80,00:00:00,14:05:00,stop
IC,5758,AHAL/80,14:12:00,14:12:00,stop
IC,5758,PAGR/86,14:13:00,14:13:00,pass
IC,5758,PA/86,14:15:00,14:21:00,stop
IC,5758,VK/86,14:25:00,14:25:00,stop
IC,5758,TE/86,14:30:00,14:32:00,stop
IC,5758,RQ/86,14:40:00,14:41:00,stop
IC,5758,OJ/86,14:51:00,14:52:00,stop
IC,5758,SST/86,14:57:00,14:57:00,stop
IC,5758,FZ/86,15:00:00,15:00:00,pass
IC,5758,VM/86,15:02:00,15:03:00,stop
IC,5758,LK/86,15:08:00,15:09:00,stop
IC,5758,KD/86,15:16:00,15:18:00,stop
IC,5758,TL/86,15:24:00,15:24:00,stop
IC,5758,FA/86,15:30:00,00:00:00,stop
IC,5767,FA/86,00:00:00,20:30:00,stop
IC,5767,TL/86,20:35:00,20:35:00,stop
IC,5767,KD/86,20:40:00,20:43:00,stop
IC,5767,LK/86,20:50:00,20:51:00,stop
IC,5767,VM/86,20:55:00,20:56:00,stop
IC,5767,FZ/86,20:59:00,20:59:00,stop
IC,5767,SST/86,21:02:00,21:02:00,pass
IC,5767,OJ/86,21:06:00,21:08:00,stop
IC,5767,RQ/86,21:17:00,21:19:00,stop
IC,5767,TE/86,21:27:00,21:29:00,stop
IC,5767,VK/86,21:34:00,21:34:00,stop
IC,5767,PA/86,21:39:00,21:42:00,stop
IC,5767,PAGR/86,21:43:00,21:43:00,stop
IC,5767,AHAL/80,21:45:00,21:45:00,pass
IC,5767,FLB/80,21:53:00,00:00:00,stop
IC,5762,FLB/80,00:00:00,18:05:00,stop
IC,5762,AHAL/80,18:12:00,18:12:00,stop
IC,5762,PAGR/86,18:13:00,18:13:00,pass
IC,5762,PA/86,18:15:00,18:21:00,stop
IC,5762,VK/86,18:25:00,18:25:00,stop
IC,5762,TE/86,18:30:00,18:32:00,stop
IC,5762,RQ/86,18:40:00,18:41:00,stop
IC,5762,OJ/86,18:51:00,18:52:00,stop
IC,5762,SST/86,18:57:00,18:57:00,stop
IC,5762,FZ/86,19:00:00,19:00:00,pass
IC,5762,VM/86,19:02:00,19:03:00,stop
IC,5762,LK/86,19:08:00,19:09:00,stop
IC,5762,KD/86,19:16:00,19:18:00,stop
IC,5762,TL/86,19:24:00,19:24:00,stop
IC,5762,FA/86,19:30:00,00:00:00,stop
IC,417,FA/86,00:00:00,07:09:00,stop
IC,417,BK/86,07:15:00,07:15:00,stop
IC,417,BET/86,07:16:00,07:16:00,pass
IC,417,VJ/86,07:22:00,07:24:00,stop
IC,417,HED/86,07:31:00,07:31:00,stop
IC,417,HS/86,07:38:00,07:40:00,stop
IC,417,HÅ/86,07:47:00,07:47:00,stop
IC,417,SD/86,07:54:00,07:55:00,stop
IC,417,HX/86,08:00:00,08:00:00,stop
IC,417,HC/86,08:02:00,08:02:00,pass
IC,417,VI/86,08:04:00,08:04:00,pass
IC,417,KGV/86,08:05:00,08:05:00,pass
IC,417,AR/86,08:08:00,00:00:00,stop
IC,4116,AB/86,00:00:00,05:25:00,stop
IC,4116,OG/86,05:27:00,05:27:00,stop
IC,4116,SN/86,05:29:00,05:29:00,pass
IC,4116,SR/86,05:33:00,05:33:00,pass
IC,4116,SØ/86,05:37:00,05:38:00,stop
IC,4116,AD/86,05:42:00,05:42:00,stop
IC,4116,HB/86,05:50:00,05:51:00,stop
IC,4116,FP/86,05:59:00,05:59:00,stop
IC,4116,RD/86,06:05:00,06:07:00,stop
IC,4116,LG/86,06:15:00,06:16:00,stop
IC,4116,HA/86,06:23:00,06:24:00,stop
IC,4116,HN/86,06:29:00,06:29:00,stop
IC,4116,ARL/86,06:35:00,06:35:00,pass
IC,4116,BR/86,06:36:00,06:36:00,pass
IC,4116,AR/86,06:43:00,00:00:00,stop
IC,4132,ABL/86,00:00:00,09:08:00,stop
IC,4132,LIH/86,09:11:00,09:12:00,stop
IC,4132,ABV/86,09:15:00,09:16:00,stop
IC,4132,AB/86,09:20:00,09:25:00,stop
IC,4132,OG/86,09:27:00,09:27:00,stop
IC,4132,SN/86,09:29:00,09:29:00,pass
IC,4132,SR/86,09:33:00,09:33:00,pass
IC,4132,SØ/86,09:37:00,09:38:00,stop
IC,4132,AD/86,09:42:00,09:42:00,stop
IC,4132,HB/86,09:50:00,09:51:00,stop
IC,4132,FP/86,09:59:00,09:59:00,stop
IC,4132,RD/86,10:05:00,10:07:00,stop
IC,4132,LG/86,10:15:00,10:16:00,stop
IC,4132,HA/86,10:23:00,10:24:00,stop
IC,4132,HN/86,10:29:00,10:29:00,stop
IC,4132,ARL/86,10:35:00,10:35:00,pass
IC,4132,BR/86,10:36:00,10:36:00,pass
IC,4132,AR/86,10:43:00,00:00:00,stop
IC,4140,ABL/86,00:00:00,11:08:00,stop
IC,4140,LIH/86,11:11:00,11:12:00,stop
IC,4140,ABV/86,11:15:00,11:16:00,stop
IC,4140,AB/86,11:20:00,11:25:00,stop
IC,4140,OG/86,11:27:00,11:27:00,stop
IC,4140,SN/86,11:29:00,11:29:00,pass
IC,4140,SR/86,11:33:00,11:33:00,pass
IC,4140,SØ/86,11:37:00,11:38:00,stop
IC,4140,AD/86,11:42:00,11:42:00,stop
IC,4140,HB/86,11:50:00,11:51:00,stop
IC,4140,FP/86,11:59:00,11:59:00,stop
IC,4140,RD/86,12:05:00,12:07:00,stop
IC,4140,LG/86,12:15:00,12:16:00,stop
IC,4140,HA/86,12:23:00,12:24:00,stop
IC,4140,HN/86,12:29:00,12:29:00,stop
IC,4140,ARL/86,12:35:00,12:35:00,pass
IC,4140,BR/86,12:36:00,12:36:00,pass
IC,4140,AR/86,12:43:00,00:00:00,stop
IC,4148,ABL/86,00:00:00,13:08:00,stop
IC,4148,LIH/86,13:11:00,13:12:00,stop
IC,4148,ABV/86,13:15:00,13:16:00,stop
IC,4148,AB/86,13:20:00,13:25:00,stop
IC,4148,OG/86,13:27:00,13:27:00,stop
IC,4148,SN/86,13:29:00,13:29:00,pass
IC,4148,SR/86,13:33:00,13:33:00,pass
IC,4148,SØ/86,13:37:00,13:38:00,stop
IC,4148,AD/86,13:42:00,13:42:00,stop
IC,4148,HB/86,13:50:00,13:51:00,stop
IC,4148,FP/86,13:59:00,13:59:00,stop
IC,4148,RD/86,14:05:00,14:07:00,stop
IC,4148,LG/86,14:15:00,14:16:00,stop
IC,4148,HA/86,14:23:00,14:24:00,stop
IC,4148,HN/86,14:29:00,14:29:00,stop
IC,4148,ARL/86,14:35:00,14:35:00,pass
IC,4148,BR/86,14:36:00,14:36:00,pass
IC,4148,AR/86,14:43:00,00:00:00,stop
IC,4156,ABL/86,00:00:00,15:08:00,stop
IC,4156,LIH/86,15:11:00,15:12:00,stop
IC,4156,ABV/86,15:15:00,15:16:00,stop
IC,4156,AB/86,15:20:00,15:25:00,stop
IC,4156,OG/86,15:27:00,15:27:00,stop
IC,4156,SN/86,15:29:00,15:29:00,pass
IC,4156,SR/86,15:33:00,15:33:00,pass
IC,4156,SØ/86,15:37:00,15:38:00,stop
IC,4156,AD/86,15:42:00,15:42:00,stop
IC,4156,HB/86,15:50:00,15:51:00,stop
IC,4156,FP/86,15:59:00,15:59:00,stop
IC,4156,RD/86,16:05:00,16:07:00,stop
IC,4156,LG/86,16:15:00,16:16:00,stop
IC,4156,HA/86,16:23:00,16:24:00,stop
IC,4156,HN/86,16:29:00,16:29:00,stop
IC,4156,ARL/86,16:35:00,16:35:00,pass
IC,4156,BR/86,16:36:00,16:36:00,pass
IC,4156,AR/86,16:43:00,00:00:00,stop
IC,4160,ABL/86,00:00:00,16:08:00,stop
IC,4160,LIH/86,16:11:00,16:12:00,stop
IC,4160,ABV/86,16:15:00,16:16:00,stop
IC,4160,AB/86,16:20:00,16:25:00,stop
IC,4160,OG/86,16:27:00,16:27:00,stop
IC,4160,SN/86,16:29:00,16:29:00,pass
IC,4160,SR/86,16:33:00,16:33:00,pass
IC,4160,SØ/86,16:37:00,16:38:00,stop
IC,4160,AD/86,16:42:00,16:42:00,stop
IC,4160,HB/86,16:50:00,16:51:00,stop
IC,4160,FP/86,16:59:00,16:59:00,stop
IC,4160,RD/86,17:05:00,17:07:00,stop
IC,4160,LG/86,17:15:00,17:16:00,stop
IC,4160,HA/86,17:23:00,17:24:00,stop
IC,4160,HN/86,17:29:00,17:29:00,stop
IC,4160,ARL/86,17:35:00,17:35:00,pass
IC,4160,BR/86,17:36:00,17:36:00,pass
IC,4160,AR/86,17:43:00,00:00:00,stop
IC,4164,ABL/86,00:00:00,17:08:00,stop
IC,4164,LIH/86,17:11:00,17:12:00,stop
IC,4164,ABV/86,17:15:00,17:16:00,stop
IC,4164,AB/86,17:20:00,17:25:00,stop
IC,4164,OG/86,17:27:00,17:27:00,stop
IC,4164,SN/86,17:29:00,17:29:00,pass
IC,4164,SR/86,17:33:00,17:33:00,pass
IC,4164,SØ/86,17:37:00,17:38:00,stop
IC,4164,AD/86,17:42:00,17:42:00,stop
IC,4164,HB/86,17:50:00,17:51:00,stop
IC,4164,FP/86,17:59:00,17:59:00,stop
IC,4164,RD/86,18:05:00,18:07:00,stop
IC,4164,LG/86,18:15:00,18:16:00,stop
IC,4164,HA/86,18:23:00,18:24:00,stop
IC,4164,HN/86,18:29:00,18:29:00,stop
IC,4164,ARL/86,18:35:00,18:35:00,pass
IC,4164,BR/86,18:36:00,18:36:00,pass
IC,4164,AR/86,18:43:00,00:00:00,stop
IC,4168,ABL/86,00:00:00,18:08:00,stop
IC,4168,LIH/86,18:11:00,18:12:00,stop
IC,4168,ABV/86,18:15:00,18:16:00,stop
IC,4168,AB/86,18:20:00,18:25:00,stop
IC,4168,OG/86,18:27:00,18:27:00,stop
IC,4168,SN/86,18:29:00,18:29:00,pass
IC,4168,SR/86,18:33:00,18:33:00,pass
IC,4168,SØ/86,18:37:00,18:38:00,stop
IC,4168,AD/86,18:42:00,18:42:00,stop
IC,4168,HB/86,18:50:00,18:51:00,stop
IC,4168,FP/86,18:59:00,18:59:00,stop
IC,4168,RD/86,19:05:00,19:07:00,stop
IC,4168,LG/86,19:15:00,19:16:00,stop
IC,4168,HA/86,19:23:00,19:24:00,stop
IC,4168,HN/86,19:29:00,19:29:00,stop
IC,4168,ARL/86,19:35:00,19:35:00,pass
IC,4168,BR/86,19:36:00,19:36:00,pass
IC,4168,AR/86,19:43:00,00:00:00,stop
IC,4184,ABL/86,00:00:00,22:08:00,stop
IC,4184,LIH/86,22:11:00,22:12:00,stop
IC,4184,ABV/86,22:15:00,22:16:00,stop
IC,4184,AB/86,22:20:00,22:25:00,stop
IC,4184,OG/86,22:27:00,22:27:00,stop
IC,4184,SN/86,22:29:00,22:29:00,pass
IC,4184,SR/86,22:33:00,22:33:00,pass
IC,4184,SØ/86,22:37:00,22:38:00,stop
IC,4184,AD/86,22:42:00,22:42:00,stop
IC,4184,HB/86,22:50:00,22:51:00,stop
IC,4184,FP/86,22:59:00,22:59:00,stop
IC,4184,RD/86,23:05:00,23:07:00,stop
IC,4184,LG/86,23:15:00,23:16:00,stop
IC,4184,HA/86,23:23:00,23:24:00,stop
IC,4184,HN/86,23:29:00,23:29:00,stop
IC,4184,ARL/86,23:35:00,23:35:00,pass
IC,4184,BR/86,23:36:00,23:36:00,pass
IC,4184,AR/86,23:43:00,00:00:00,stop
IC,4172,ABL/86,00:00:00,19:08:00,stop
IC,4172,LIH/86,19:11:00,19:12:00,stop
IC,4172,ABV/86,19:15:00,19:16:00,stop
IC,4172,AB/86,19:20:00,19:25:00,stop
IC,4172,OG/86,19:27:00,19:27:00,stop
IC,4172,SN/86,19:29:00,19:29:00,pass
IC,4172,SR/86,19:33:00,19:33:00,pass
IC,4172,SØ/86,19:37:00,19:38:00,stop
IC,4172,AD/86,19:42:00,19:42:00,stop
IC,4172,HB/86,19:50:00,19:51:00,stop
IC,4172,FP/86,19:59:00,19:59:00,stop
IC,4172,RD/86,20:05:00,20:07:00,stop
IC,4172,LG/86,20:15:00,20:16:00,stop
IC,4172,HA/86,20:23:00,20:24:00,stop
IC,4172,HN/86,20:29:00,20:29:00,stop
IC,4172,ARL/86,20:35:00,20:35:00,pass
IC,4172,BR/86,20:36:00,20:36:00,pass
IC,4172,AR/86,20:43:00,00:00:00,stop
IC,4180,AB/86,00:00:00,21:25:00,stop
IC,4180,OG/86,21:27:00,21:27:00,stop
IC,4180,SN/86,21:29:00,21:29:00,pass
IC,4180,SR/86,21:33:00,21:33:00,pass
IC,4180,SØ/86,21:37:00,21:38:00,stop
IC,4180,AD/86,21:42:00,21:42:00,stop
IC,4180,HB/86,21:50:00,21:51:00,stop
IC,4180,FP/86,21:59:00,21:59:00,stop
IC,4180,RD/86,22:05:00,22:07:00,stop
IC,4180,LG/86,22:15:00,22:16:00,stop
IC,4180,HA/86,22:23:00,22:24:00,stop
IC,4180,HN/86,22:29:00,22:29:00,stop
IC,4180,ARL/86,22:35:00,22:35:00,pass
IC,4180,BR/86,22:36:00,22:36:00,pass
IC,4180,AR/86,22:43:00,00:00:00,stop
IC,4124,ABL/86,00:00:00,07:08:00,stop
IC,4124,LIH/86,07:11:00,07:12:00,stop
IC,4124,ABV/86,07:15:00,07:16:00,stop
IC,4124,AB/86,07:20:00,07:25:00,stop
IC,4124,OG/86,07:27:00,07:27:00,stop
IC,4124,SN/86,07:29:00,07:29:00,pass
IC,4124,SR/86,07:33:00,07:33:00,pass
IC,4124,SØ/86,07:37:00,07:38:00,stop
IC,4124,AD/86,07:42:00,07:42:00,stop
IC,4124,HB/86,07:50:00,07:51:00,stop
IC,4124,FP/86,07:59:00,07:59:00,stop
IC,4124,RD/86,08:05:00,08:07:00,stop
IC,4124,LG/86,08:15:00,08:16:00,stop
IC,4124,HA/86,08:23:00,08:24:00,stop
IC,4124,HN/86,08:29:00,08:29:00,stop
IC,4124,ARL/86,08:35:00,08:35:00,pass
IC,4124,BR/86,08:36:00,08:36:00,pass
IC,4124,AR/86,08:43:00,00:00:00,stop
IC,4176,ABL/86,00:00:00,20:08:00,stop
IC,4176,LIH/86,20:11:00,20:12:00,stop
IC,4176,ABV/86,20:15:00,20:16:00,stop
IC,4176,AB/86,20:20:00,20:25:00,stop
IC,4176,OG/86,20:27:00,20:27:00,stop
IC,4176,SN/86,20:29:00,20:29:00,pass
IC,4176,SR/86,20:33:00,20:33:00,pass
IC,4176,SØ/86,20:37:00,20:38:00,stop
IC,4176,AD/86,20:42:00,20:42:00,stop
IC,4176,HB/86,20:50:00,20:51:00,stop
IC,4176,FP/86,20:59:00,20:59:00,stop
IC,4176,RD/86,21:05:00,21:07:00,stop
IC,4176,LG/86,21:15:00,21:16:00,stop
IC,4176,HA/86,21:23:00,21:24:00,stop
IC,4176,HN/86,21:29:00,21:29:00,stop
IC,4176,ARL/86,21:35:00,21:35:00,pass
IC,4176,BR/86,21:36:00,21:36:00,pass
IC,4176,AR/86,21:43:00,00:00:00,stop
IC,4192,AB/86,00:00:00,00:25:00,stop
IC,4192,OG/86,00:27:00,00:27:00,stop
IC,4192,SN/86,00:29:00,00:29:00,pass
IC,4192,SR/86,00:33:00,00:33:00,pass
IC,4192,SØ/86,00:37:00,00:38:00,stop
IC,4192,AD/86,00:42:00,00:42:00,stop
IC,4192,HB/86,00:50:00,00:51:00,stop
IC,4192,FP/86,00:59:00,00:59:00,stop
IC,4192,RD/86,01:05:00,01:07:00,stop
IC,4192,LG/86,01:15:00,01:16:00,stop
IC,4192,HA/86,01:23:00,01:24:00,stop
IC,4192,HN/86,01:29:00,01:29:00,stop
IC,4192,ARL/86,01:35:00,01:35:00,pass
IC,4192,BR/86,01:36:00,01:36:00,pass
IC,4192,AR/86,01:43:00,00:00:00,stop
IC,4107,AR/86,00:00:00,06:12:00,stop
IC,4107,BR/86,06:16:00,06:16:00,stop
IC,4107,ARL/86,06:17:00,06:17:00,pass
IC,4107,HN/86,06:23:00,06:23:00,pass
IC,4107,HA/86,06:28:00,06:29:00,stop
IC,4107,LG/86,06:36:00,06:37:00,stop
IC,4107,RD/86,06:44:00,06:46:00,stop
IC,4107,FP/86,06:53:00,06:53:00,stop
IC,4107,HB/86,07:01:00,07:02:00,stop
IC,4107,AD/86,07:10:00,07:11:00,stop
IC,4107,SØ/86,07:16:00,07:17:00,stop
IC,4107,SR/86,07:21:00,07:21:00,stop
IC,4107,SN/86,07:25:00,07:25:00,pass
IC,4107,OG/86,07:27:00,07:27:00,pass
IC,4107,AB/86,07:31:00,07:34:00,stop
IC,4107,ABV/86,07:36:00,07:37:00,stop
IC,4107,LIH/86,07:39:00,07:40:00,stop
IC,4107,ABL/86,07:44:00,00:00:00,stop
IC,4120,ABL/86,00:00:00,06:08:00,stop
IC,4120,LIH/86,06:11:00,06:12:00,stop
IC,4120,ABV/86,06:15:00,06:16:00,stop
IC,4120,AB/86,06:20:00,06:25:00,stop
IC,4120,OG/86,06:27:00,06:27:00,stop
IC,4120,SN/86,06:29:00,06:29:00,pass
IC,4120,SR/86,06:33:00,06:33:00,pass
IC,4120,SØ/86,06:37:00,06:38:00,stop
IC,4120,AD/86,06:42:00,06:42:00,stop
IC,4120,HB/86,06:50:00,06:51:00,stop
IC,4120,FP/86,06:59:00,06:59:00,stop
IC,4120,RD/86,07:05:00,07:07:00,stop
IC,4120,LG/86,07:15:00,07:16:00,stop
IC,4120,HA/86,07:23:00,07:24:00,stop
IC,4120,HN/86,07:29:00,07:29:00,stop
IC,4120,ARL/86,07:35:00,07:35:00,pass
IC,4120,BR/86,07:36:00,07:36:00,pass
IC,4120,AR/86,07:43:00,00:00:00,stop
IC,4128,ABL/86,00:00:00,08:08:00,stop
IC,4128,LIH/86,08:11:00,08:12:00,stop
IC,4128,ABV/86,08:15:00,08:16:00,stop
IC,4128,AB/86,08:20:00,08:25:00,stop
IC,4128,OG/86,08:27:00,08:27:00,stop
IC,4128,SN/86,08:29:00,08:29:00,pass
IC,4128,SR/86,08:33:00,08:33:00,pass
IC,4128,SØ/86,08:37:00,08:38:00,stop
IC,4128,AD/86,08:42:00,08:42:00,stop
IC,4128,HB/86,08:50:00,08:51:00,stop
IC,4128,FP/86,08:59:00,08:59:00,stop
IC,4128,RD/86,09:05:00,09:07:00,stop
IC,4128,LG/86,09:15:00,09:16:00,stop
IC,4128,HA/86,09:23:00,09:24:00,stop
IC,4128,HN/86,09:29:00,09:29:00,stop
IC,4128,ARL/86,09:35:00,09:35:00,pass
IC,4128,BR/86,09:36:00,09:36:00,pass
IC,4128,AR/86,09:43:00,00:00:00,stop
IC,4136,ABL/86,00:00:00,10:08:00,stop
IC,4136,LIH/86,10:11:00,10:12:00,stop
IC,4136,ABV/86,10:15:00,10:16:00,stop
IC,4136,AB/86,10:20:00,10:25:00,stop
IC,4136,OG/86,10:27:00,10:27:00,stop
IC,4136,SN/86,10:29:00,10:29:00,pass
IC,4136,SR/86,10:33:00,10:33:00,pass
IC,4136,SØ/86,10:37:00,10:38:00,stop
IC,4136,AD/86,10:42:00,10:42:00,stop
IC,4136,HB/86,10:50:00,10:51:00,stop
IC,4136,FP/86,10:59:00,10:59:00,stop
IC,4136,RD/86,11:05:00,11:07:00,stop
IC,4136,LG/86,11:15:00,11:16:00,stop
IC,4136,HA/86,11:23:00,11:24:00,stop
IC,4136,HN/86,11:29:00,11:29:00,stop
IC,4136,ARL/86,11:35:00,11:35:00,pass
IC,4136,BR/86,11:36:00,11:36:00,pass
IC,4136,AR/86,11:43:00,00:00:00,stop
IC,4144,ABL/86,00:00:00,12:08:00,stop
IC,4144,LIH/86,12:11:00,12:12:00,stop
IC,4144,ABV/86,12:15:00,12:16:00,stop
IC,4144,AB/86,12:20:00,12:25:00,stop
IC,4144,OG/86,12:27:00,12:27:00,stop
IC,4144,SN/86,12:29:00,12:29:00,pass
IC,4144,SR/86,12:33:00,12:33:00,pass
IC,4144,SØ/86,12:37:00,12:38:00,stop
IC,4144,AD/86,12:42:00,12:42:00,stop
IC,4144,HB/86,12:50:00,12:51:00,stop
IC,4144,FP/86,12:59:00,12:59:00,stop
IC,4144,RD/86,13:05:00,13:07:00,stop
IC,4144,LG/86,13:15:00,13:16:00,stop
IC,4144,HA/86,13:23:00,13:24:00,stop
IC,4144,HN/86,13:29:00,13:29:00,stop
IC,4144,ARL/86,13:35:00,13:35:00,pass
IC,4144,BR/86,13:36:00,13:36:00,pass
IC,4144,AR/86,13:43:00,00:00:00,stop
IC,4152,ABL/86,00:00:00,14:08:00,stop
IC,4152,LIH/86,14:11:00,14:12:00,stop
IC,4152,ABV/86,14:15:00,14:16:00,stop
IC,4152,AB/86,14:20:00,14:25:00,stop
IC,4152,OG/86,14:27:00,14:27:00,stop
IC,4152,SN/86,14:29:00,14:29:00,pass
IC,4152,SR/86,14:33:00,14:33:00,pass
IC,4152,SØ/86,14:37:00,14:38:00,stop
IC,4152,AD/86,14:42:00,14:42:00,stop
IC,4152,HB/86,14:50:00,14:51:00,stop
IC,4152,FP/86,14:59:00,14:59:00,stop
IC,4152,RD/86,15:05:00,15:07:00,stop
IC,4152,LG/86,15:15:00,15:16:00,stop
IC,4152,HA/86,15:23:00,15:24:00,stop
IC,4152,HN/86,15:29:00,15:29:00,stop
IC,4152,ARL/86,15:35:00,15:35:00,pass
IC,4152,BR/86,15:36:00,15:36:00,pass
IC,4152,AR/86,15:43:00,00:00:00,stop
IC,4121,AR/86,00:00:00,09:15:00,stop
IC,4121,BR/86,09:19:00,09:19:00,stop
IC,4121,ARL/86,09:20:00,09:20:00,pass
IC,4121,HN/86,09:26:00,09:26:00,pass
IC,4121,HA/86,09:31:00,09:32:00,stop
IC,4121,LG/86,09:39:00,09:40:00,stop
IC,4121,RD/86,09:47:00,09:49:00,stop
IC,4121,FP/86,09:57:00,09:57:00,stop
IC,4121,HB/86,10:04:00,10:05:00,stop
IC,4121,AD/86,10:13:00,10:13:00,stop
IC,4121,SØ/86,10:16:00,10:17:00,stop
IC,4121,SR/86,10:21:00,10:21:00,stop
IC,4121,SN/86,10:25:00,10:25:00,pass
IC,4121,OG/86,10:27:00,10:27:00,pass
IC,4121,AB/86,10:31:00,10:34:00,stop
IC,4121,ABV/86,10:36:00,10:37:00,stop
IC,4121,LIH/86,10:39:00,10:40:00,stop
IC,4121,ABL/86,10:44:00,00:00:00,stop
IC,4129,AR/86,00:00:00,11:15:00,stop
IC,4129,BR/86,11:19:00,11:19:00,stop
IC,4129,ARL/86,11:20:00,11:20:00,pass
IC,4129,HN/86,11:26:00,11:26:00,pass
IC,4129,HA/86,11:31:00,11:32:00,stop
IC,4129,LG/86,11:39:00,11:40:00,stop
IC,4129,RD/86,11:47:00,11:49:00,stop
IC,4129,FP/86,11:57:00,11:57:00,stop
IC,4129,HB/86,12:04:00,12:05:00,stop
IC,4129,AD/86,12:13:00,12:13:00,stop
IC,4129,SØ/86,12:16:00,12:17:00,stop
IC,4129,SR/86,12:21:00,12:21:00,stop
IC,4129,SN/86,12:25:00,12:25:00,pass
IC,4129,OG/86,12:27:00,12:27:00,pass
IC,4129,AB/86,12:31:00,12:34:00,stop
IC,4129,ABV/86,12:36:00,12:37:00,stop
IC,4129,LIH/86,12:39:00,12:40:00,stop
IC,4129,ABL/86,12:44:00,00:00:00,stop
IC,4137,AR/86,00:00:00,13:15:00,stop
IC,4137,BR/86,13:19:00,13:19:00,stop
IC,4137,ARL/86,13:20:00,13:20:00,pass
IC,4137,HN/86,13:26:00,13:26:00,pass
IC,4137,HA/86,13:31:00,13:32:00,stop
IC,4137,LG/86,13:39:00,13:40:00,stop
IC,4137,RD/86,13:47:00,13:49:00,stop
IC,4137,FP/86,13:57:00,13:57:00,stop
IC,4137,HB/86,14:04:00,14:05:00,stop
IC,4137,AD/86,14:13:00,14:13:00,stop
IC,4137,SØ/86,14:16:00,14:17:00,stop
IC,4137,SR/86,14:21:00,14:21:00,stop
IC,4137,SN/86,14:25:00,14:25:00,pass
IC,4137,OG/86,14:27:00,14:27:00,pass
IC,4137,AB/86,14:31:00,14:34:00,stop
IC,4137,ABV/86,14:36:00,14:37:00,stop
IC,4137,LIH/86,14:39:00,14:40:00,stop
IC,4137,ABL/86,14:44:00,00:00:00,stop
IC,4145,AR/86,00:00:00,15:15:00,stop
IC,4145,BR/86,15:19:00,15:19:00,stop
IC,4145,ARL/86,15:20:00,15:20:00,pass
IC,4145,HN/86,15:26:00,15:26:00,pass
IC,4145,HA/86,15:31:00,15:32:00,stop
IC,4145,LG/86,15:39:00,15:40:00,stop
IC,4145,RD/86,15:47:00,15:49:00,stop
IC,4145,FP/86,15:57:00,15:57:00,stop
IC,4145,HB/86,16:04:00,16:05:00,stop
IC,4145,AD/86,16:13:00,16:13:00,stop
IC,4145,SØ/86,16:16:00,16:17:00,stop
IC,4145,SR/86,16:21:00,16:21:00,stop
IC,4145,SN/86,16:25:00,16:25:00,pass
IC,4145,OG/86,16:27:00,16:27:00,pass
IC,4145,AB/86,16:31:00,16:34:00,stop
IC,4145,ABV/86,16:36:00,16:37:00,stop
IC,4145,LIH/86,16:39:00,16:40:00,stop
IC,4145,ABL/86,16:44:00,00:00:00,stop
IC,4153,AR/86,00:00:00,17:15:00,stop
IC,4153,BR/86,17:19:00,17:19:00,stop
IC,4153,ARL/86,17:20:00,17:20:00,pass
IC,4153,HN/86,17:26:00,17:26:00,pass
IC,4153,HA/86,17:31:00,17:32:00,stop
IC,4153,LG/86,17:39:00,17:40:00,stop
IC,4153,RD/86,17:47:00,17:49:00,stop
IC,4153,FP/86,17:57:00,17:57:00,stop
IC,4153,HB/86,18:04:00,18:05:00,stop
IC,4153,AD/86,18:13:00,18:13:00,stop
IC,4153,SØ/86,18:16:00,18:17:00,stop
IC,4153,SR/86,18:21:00,18:21:00,stop
IC,4153,SN/86,18:25:00,18:25:00,pass
IC,4153,OG/86,18:27:00,18:27:00,pass
IC,4153,AB/86,18:31:00,18:34:00,stop
IC,4153,ABV/86,18:36:00,18:37:00,stop
IC,4153,LIH/86,18:39:00,18:40:00,stop
IC,4153,ABL/86,18:44:00,00:00:00,stop
IC,4161,AR/86,00:00:00,19:15:00,stop
IC,4161,BR/86,19:19:00,19:19:00,stop
IC,4161,ARL/86,19:20:00,19:20:00,pass
IC,4161,HN/86,19:26:00,19:26:00,pass
IC,4161,HA/86,19:31:00,19:32:00,stop
IC,4161,LG/86,19:39:00,19:40:00,stop
IC,4161,RD/86,19:47:00,19:49:00,stop
IC,4161,FP/86,19:57:00,19:57:00,stop
IC,4161,HB/86,20:04:00,20:05:00,stop
IC,4161,AD/86,20:13:00,20:13:00,stop
IC,4161,SØ/86,20:16:00,20:17:00,stop
IC,4161,SR/86,20:21:00,20:21:00,stop
IC,4161,SN/86,20:25:00,20:25:00,pass
IC,4161,OG/86,20:27:00,20:27:00,pass
IC,4161,AB/86,20:31:00,20:34:00,stop
IC,4161,ABV/86,20:36:00,20:37:00,stop
IC,4161,LIH/86,20:39:00,20:40:00,stop
IC,4161,ABL/86,20:44:00,00:00:00,stop
IC,227,CPH/86,00:00:00,07:05:00,stop
IC,227,TÅT/86,07:07:00,07:08:00,stop
IC,227,ØRE/86,07:10:00,07:11:00,stop
IC,227,KLV/86,07:14:00,07:14:00,stop
IC,227,NEL/86,07:16:00,07:18:00,stop
IC,227,IG/86,07:20:00,07:20:00,stop
IC,227,HIF/86,07:22:00,07:22:00,pass
IC,227,GL/86,07:24:00,07:24:00,pass
IC,227,HTÅ/86,07:28:00,07:29:00,stop
IC,227,HH/86,07:32:00,07:32:00,stop
IC,227,TRK/86,07:35:00,07:36:00,stop
IC,227,RO/86,07:39:00,07:41:00,stop
IC,227,VY/86,07:46:00,07:46:00,stop
IC,227,BO/86,07:49:00,07:49:00,pass
IC,227,KY/86,07:52:00,07:52:00,pass
IC,227,RG/86,07:56:00,07:58:00,stop
IC,227,FJ/86,08:03:00,08:03:00,stop
IC,227,SO/86,08:06:00,08:07:00,stop
IC,227,SG/86,08:15:00,08:17:00,stop
IC,227,FO/86,08:21:00,08:21:00,stop
IC,227,KØ/86,08:25:00,08:25:00,pass
IC,227,SPR/86,08:30:00,08:30:00,pass
IC,227,NG/86,08:35:00,08:37:00,stop
IC,227,JU/86,08:40:00,08:40:00,stop
IC,227,UV/86,08:42:00,08:42:00,pass
IC,227,LV/86,08:44:00,08:44:00,pass
IC,227,MV/86,08:45:00,08:45:00,pass
IC,227,OD/86,08:50:00,00:00:00,stop
IC,263,CPH/86,00:00:00,16:05:00,stop
IC,263,TÅT/86,16:07:00,16:08:00,stop
IC,263,ØRE/86,16:10:00,16:11:00,stop
IC,263,KLV/86,16:14:00,16:14:00,stop
IC,263,NEL/86,16:16:00,16:18:00,stop
IC,263,IG/86,16:20:00,16:20:00,stop
IC,263,HIF/86,16:22:00,16:22:00,pass
IC,263,GL/86,16:24:00,16:24:00,pass
IC,263,HTÅ/86,16:28:00,16:29:00,stop
IC,263,HH/86,16:32:00,16:32:00,stop
IC,263,TRK/86,16:35:00,16:36:00,stop
IC,263,RO/86,16:39:00,16:41:00,stop
IC,263,VY/86,16:46:00,16:46:00,stop
IC,263,BO/86,16:49:00,16:49:00,pass
IC,263,KY/86,16:52:00,16:52:00,pass
IC,263,RG/86,16:56:00,16:58:00,stop
IC,263,FJ/86,17:03:00,17:03:00,stop
IC,263,SO/86,17:06:00,17:07:00,stop
IC,263,SG/86,17:15:00,17:17:00,stop
IC,263,FO/86,17:21:00,17:21:00,stop
IC,263,KØ/86,17:25:00,17:25:00,pass
IC,263,SPR/86,17:30:00,17:30:00,pass
IC,263,NG/86,17:35:00,17:37:00,stop
IC,263,JU/86,17:40:00,17:40:00,stop
IC,263,UV/86,17:42:00,17:42:00,pass
IC,263,LV/86,17:44:00,17:44:00,pass
IC,263,MV/86,17:45:00,17:45:00,pass
IC,263,OD/86,17:50:00,00:00:00,stop
IC,1417,CPH/86,00:00:00,04:26:00,stop
IC,1417,TÅT/86,04:28:00,04:29:00,stop
IC,1417,ØRE/86,04:31:00,04:32:00,stop
IC,1417,KLV/86,04:34:00,04:34:00,stop
IC,1417,BAN/86,04:36:00,04:36:00,pass
IC,1417,KH/86,04:39:00,00:00:00,stop
IC,208,OD/86,00:00:00,07:09:00,stop
IC,208,MV/86,07:14:00,07:14:00,stop
IC,208,LV/86,07:15:00,07:15:00,pass
IC,208,UV/86,07:17:00,07:17:00,pass
IC,208,JU/86,07:19:00,07:19:00,pass
IC,208,NG/86,07:22:00,07:24:00,stop
IC,208,SPR/86,07:29:00,07:29:00,stop
IC,208,KØ/86,07:35:00,07:35:00,pass
IC,208,FO/86,07:38:00,07:38:00,pass
IC,208,SG/86,07:42:00,07:44:00,stop
IC,208,SO/86,07:51:00,07:53:00,stop
IC,208,FJ/86,07:57:00,07:57:00,stop
IC,208,RG/86,08:02:00,08:04:00,stop
IC,208,KY/86,08:07:00,08:07:00,stop
IC,208,BO/86,08:10:00,08:10:00,pass
IC,208,VY/86,08:12:00,08:12:00,pass
IC,208,RO/86,08:18:00,08:20:00,stop
IC,208,TRK/86,08:23:00,08:24:00,stop
IC,208,HH/86,08:26:00,08:26:00,stop
IC,208,HTÅ/86,08:29:00,08:31:00,stop
IC,208,GL/86,08:35:00,08:35:00,stop
IC,208,HIF/86,08:37:00,08:37:00,pass
IC,208,IG/86,08:38:00,08:38:00,pass
IC,208,NEL/86,08:40:00,08:42:00,stop
IC,208,KLV/86,08:44:00,08:44:00,stop
IC,208,ØRE/86,08:46:00,08:47:00,stop
IC,208,TÅT/86,08:49:00,08:50:00,stop
IC,208,CPH/86,08:54:00,00:00:00,stop
IC,428,AR/86,00:00:00,09:50:00,stop
IC,428,KGV/86,09:52:00,09:52:00,stop
IC,428,VI/86,09:53:00,09:53:00,pass
IC,428,HC/86,09:55:00,09:55:00,pass
IC,428,HX/86,09:57:00,09:57:00,pass
IC,428,SD/86,10:02:00,10:03:00,stop
IC,428,HÅ/86,10:10:00,10:10:00,stop
IC,428,HS/86,10:17:00,10:19:00,stop
IC,428,HED/86,10:26:00,10:26:00,stop
IC,428,VJ/86,10:33:00,10:35:00,stop
IC,428,BET/86,10:41:00,10:41:00,stop
IC,428,BK/86,10:42:00,10:42:00,pass
IC,428,FA/86,10:49:00,00:00:00,stop
IC,460,AR/86,00:00:00,17:50:00,stop
IC,460,KGV/86,17:52:00,17:52:00,stop
IC,460,VI/86,17:53:00,17:53:00,pass
IC,460,HC/86,17:55:00,17:55:00,pass
IC,460,HX/86,17:57:00,17:57:00,pass
IC,460,SD/86,18:02:00,18:03:00,stop
IC,460,HÅ/86,18:10:00,18:10:00,stop
IC,460,HS/86,18:17:00,18:19:00,stop
IC,460,HED/86,18:26:00,18:26:00,stop
IC,460,VJ/86,18:33:00,18:35:00,stop
IC,460,BET/86,18:41:00,18:41:00,stop
IC,460,BK/86,18:42:00,18:42:00,pass
IC,460,FA/86,18:49:00,00:00:00,stop
IC,1490,KH/86,00:00:00,04:39:00,stop
IC,1490,BAN/86,04:42:00,04:42:00,stop
IC,1490,KLV/86,04:43:00,04:43:00,pass
IC,1490,ØRE/86,04:45:00,04:46:00,stop
IC,1490,TÅT/86,04:48:00,04:49:00,stop
IC,1490,CPH/86,04:52:00,00:00:00,stop
IC,4101,AR/86,00:00:00,04:15:00,stop
IC,4101,BR/86,04:19:00,04:19:00,stop
IC,4101,ARL/86,04:20:00,04:20:00,pass
IC,4101,HN/86,04:26:00,04:26:00,pass
IC,4101,HA/86,04:31:00,04:32:00,stop
IC,4101,LG/86,04:39:00,04:40:00,stop
IC,4101,RD/86,04:47:00,04:49:00,stop
IC,4101,FP/86,04:57:00,04:57:00,stop
IC,4101,HB/86,05:04:00,05:05:00,stop
IC,4101,AD/86,05:13:00,05:13:00,stop
IC,4101,SØ/86,05:16:00,05:17:00,stop
IC,4101,SR/86,05:21:00,05:21:00,stop
IC,4101,SN/86,05:25:00,05:25:00,pass
IC,4101,OG/86,05:27:00,05:27:00,pass
IC,4101,AB/86,05:31:00,05:34:00,stop
IC,4101,ABV/86,05:36:00,05:37:00,stop
IC,4101,LIH/86,05:39:00,05:40:00,stop
IC,4101,ABL/86,05:44:00,00:00:00,stop
IC,4105,AR/86,00:00:00,05:12:00,stop
IC,4105,BR/86,05:16:00,05:16:00,stop
IC,4105,ARL/86,05:17:00,05:17:00,pass
IC,4105,HN/86,05:23:00,05:23:00,pass
IC,4105,HA/86,05:28:00,05:29:00,stop
IC,4105,LG/86,05:36:00,05:37:00,stop
IC,4105,RD/86,05:44:00,05:46:00,stop
IC,4105,FP/86,05:53:00,05:53:00,stop
IC,4105,HB/86,06:01:00,06:02:00,stop
IC,4105,AD/86,06:10:00,06:11:00,stop
IC,4105,SØ/86,06:16:00,06:17:00,stop
IC,4105,SR/86,06:21:00,06:21:00,stop
IC,4105,SN/86,06:25:00,06:25:00,pass
IC,4105,OG/86,06:27:00,06:27:00,pass
IC,4105,AB/86,06:31:00,06:34:00,stop
IC,4105,ABV/86,06:36:00,06:37:00,stop
IC,4105,LIH/86,06:39:00,06:40:00,stop
IC,4105,ABL/86,06:44:00,00:00:00,stop
IC,4113,AR/86,00:00:00,07:15:00,stop
IC,4113,BR/86,07:19:00,07:19:00,stop
IC,4113,ARL/86,07:20:00,07:20:00,pass
IC,4113,HN/86,07:26:00,07:26:00,pass
IC,4113,HA/86,07:31:00,07:32:00,stop
IC,4113,LG/86,07:39:00,07:40:00,stop
IC,4113,RD/86,07:47:00,07:49:00,stop
IC,4113,FP/86,07:57:00,07:57:00,stop
IC,4113,HB/86,08:04:00,08:05:00,stop
IC,4113,AD/86,08:13:00,08:13:00,stop
IC,4113,SØ/86,08:16:00,08:17:00,stop
IC,4113,SR/86,08:21:00,08:21:00,stop
IC,4113,SN/86,08:25:00,08:25:00,pass
IC,4113,OG/86,08:27:00,08:27:00,pass
IC,4113,AB/86,08:31:00,08:34:00,stop
IC,4113,ABV/86,08:36:00,08:37:00,stop
IC,4113,LIH/86,08:39:00,08:40:00,stop
IC,4113,ABL/86,08:44:00,00:00:00,stop
IC,4117,AR/86,00:00:00,08:15:00,stop
IC,4117,BR/86,08:19:00,08:19:00,stop
IC,4117,ARL/86,08:20:00,08:20:00,pass
IC,4117,HN/86,08:26:00,08:26:00,pass
IC,4117,HA/86,08:31:00,08:32:00,stop
IC,4117,LG/86,08:39:00,08:40:00,stop
IC,4117,RD/86,08:47:00,08:49:00,stop
IC,4117,FP/86,08:57:00,08:57:00,stop
IC,4117,HB/86,09:04:00,09:05:00,stop
IC,4117,AD/86,09:13:00,09:13:00,stop
IC,4117,SØ/86,09:16:00,09:17:00,stop
IC,4117,SR/86,09:21:00,09:21:00,stop
IC,4117,SN/86,09:25:00,09:25:00,pass
IC,4117,OG/86,09:27:00,09:27:00,pass
IC,4117,AB/86,09:31:00,09:34:00,stop
IC,4117,ABV/86,09:36:00,09:37:00,stop
IC,4117,LIH/86,09:39:00,09:40:00,stop
IC,4117,ABL/86,09:44:00,00:00:00,stop
IC,4125,AR/86,00:00:00,10:15:00,stop
IC,4125,BR/86,10:19:00,10:19:00,stop
IC,4125,ARL/86,10:20:00,10:20:00,pass
IC,4125,HN/86,10:26:00,10:26:00,pass
IC,4125,HA/86,10:31:00,10:32:00,stop
IC,4125,LG/86,10:39:00,10:40:00,stop
IC,4125,RD/86,10:47:00,10:49:00,stop
IC,4125,FP/86,10:57:00,10:57:00,stop
IC,4125,HB/86,11:04:00,11:05:00,stop
IC,4125,AD/86,11:13:00,11:13:00,stop
IC,4125,SØ/86,11:16:00,11:17:00,stop
IC,4125,SR/86,11:21:00,11:21:00,stop
IC,4125,SN/86,11:25:00,11:25:00,pass
IC,4125,OG/86,11:27:00,11:27:00,pass
IC,4125,AB/86,11:31:00,11:34:00,stop
IC,4125,ABV/86,11:36:00,11:37:00,stop
IC,4125,LIH/86,11:39:00,11:40:00,stop
IC,4125,ABL/86,11:44:00,00:00:00,stop
IC,4141,AR/86,00:00:00,14:15:00,stop
IC,4141,BR/86,14:19:00,14:19:00,stop
IC,4141,ARL/86,14:20:00,14:20:00,pass
IC,4141,HN/86,14:26:00,14:26:00,pass
IC,4141,HA/86,14:31:00,14:32:00,stop
IC,4141,LG/86,14:39:00,14:40:00,stop
IC,4141,RD/86,14:47:00,14:49:00,stop
IC,4141,FP/86,14:57:00,14:57:00,stop
IC,4141,HB/86,15:04:00,15:05:00,stop
IC,4141,AD/86,15:13:00,15:13:00,stop
IC,4141,SØ/86,15:16:00,15:17:00,stop
IC,4141,SR/86,15:21:00,15:21:00,stop
IC,4141,SN/86,15:25:00,15:25:00,pass
IC,4141,OG/86,15:27:00,15:27:00,pass
IC,4141,AB/86,15:31:00,15:34:00,stop
IC,4141,ABV/86,15:36:00,15:37:00,stop
IC,4141,LIH/86,15:39:00,15:40:00,stop
IC,4141,ABL/86,15:44:00,00:00:00,stop
IC,4149,AR/86,00:00:00,16:15:00,stop
IC,4149,BR/86,16:19:00,16:19:00,stop
IC,4149,ARL/86,16:20:00,16:20:00,pass
IC,4149,HN/86,16:26:00,16:26:00,pass
IC,4149,HA/86,16:31:00,16:32:00,stop
IC,4149,LG/86,16:39:00,16:40:00,stop
IC,4149,RD/86,16:47:00,16:49:00,stop
IC,4149,FP/86,16:57:00,16:57:00,stop
IC,4149,HB/86,17:04:00,17:05:00,stop
IC,4149,AD/86,17:13:00,17:13:00,stop
IC,4149,SØ/86,17:16:00,17:17:00,stop
IC,4149,SR/86,17:21:00,17:21:00,stop
IC,4149,SN/86,17:25:00,17:25:00,pass
IC,4149,OG/86,17:27:00,17:27:00,pass
IC,4149,AB/86,17:31:00,17:34:00,stop
IC,4149,ABV/86,17:36:00,17:37:00,stop
IC,4149,LIH/86,17:39:00,17:40:00,stop
IC,4149,ABL/86,17:44:00,00:00:00,stop
IC,4157,AR/86,00:00:00,18:15:00,stop
IC,4157,BR/86,18:19:00,18:19:00,stop
IC,4157,ARL/86,18:20:00,18:20:00,pass
IC,4157,HN/86,18:26:00,18:26:00,pass
IC,4157,HA/86,18:31:00,18:32:00,stop
IC,4157,LG/86,18:39:00,18:40:00,stop
IC,4157,RD/86,18:47:00,18:49:00,stop
IC,4157,FP/86,18:57:00,18:57:00,stop
IC,4157,HB/86,19:04:00,19:05:00,stop
IC,4157,AD/86,19:13:00,19:13:00,stop
IC,4157,SØ/86,19:16:00,19:17:00,stop
IC,4157,SR/86,19:21:00,19:21:00,stop
IC,4157,SN/86,19:25:00,19:25:00,pass
IC,4157,OG/86,19:27:00,19:27:00,pass
IC,4157,AB/86,19:31:00,19:34:00,stop
IC,4157,ABV/86,19:36:00,19:37:00,stop
IC,4157,LIH/86,19:39:00,19:40:00,stop
IC,4157,ABL/86,19:44:00,00:00:00,stop
IC,4165,AR/86,00:00:00,20:15:00,stop
IC,4165,BR/86,20:19:00,20:19:00,stop
IC,4165,ARL/86,20:20:00,20:20:00,pass
IC,4165,HN/86,20:26:00,20:26:00,pass
IC,4165,HA/86,20:31:00,20:32:00,stop
IC,4165,LG/86,20:39:00,20:40:00,stop
IC,4165,RD/86,20:47:00,20:49:00,stop
IC,4165,FP/86,20:57:00,20:57:00,stop
IC,4165,HB/86,21:04:00,21:05:00,stop
IC,4165,AD/86,21:13:00,21:13:00,stop
IC,4165,SØ/86,21:16:00,21:17:00,stop
IC,4165,SR/86,21:21:00,21:21:00,stop
IC,4165,SN/86,21:25:00,21:25:00,pass
IC,4165,OG/86,21:27:00,21:27:00,pass
IC,4165,AB/86,21:31:00,21:34:00,stop
IC,4165,ABV/86,21:36:00,21:37:00,stop
IC,4165,LIH/86,21:39:00,21:40:00,stop
IC,4165,ABL/86,21:44:00,00:00:00,stop
IC,4171,AR/86,00:00:00,21:45:00,stop
IC,4171,BR/86,21:49:00,21:49:00,stop
IC,4171,ARL/86,21:50:00,21:50:00,pass
IC,4171,HN/86,21:56:00,21:56:00,pass
IC,4171,HA/86,22:01:00,22:02:00,stop
IC,4171,LG/86,22:09:00,22:10:00,stop
IC,4171,RD/86,22:17:00,22:19:00,stop
IC,4171,FP/86,22:26:00,22:26:00,stop
IC,4171,HB/86,22:33:00,22:34:00,stop
IC,4171,AD/86,22:41:00,22:41:00,stop
IC,4171,SØ/86,22:45:00,22:46:00,stop
IC,4171,SR/86,22:50:00,22:50:00,stop
IC,4171,SN/86,22:53:00,22:53:00,pass
IC,4171,OG/86,22:55:00,22:55:00,pass
IC,4171,AB/86,22:59:00,00:00:00,stop
IC,4133,AR/86,00:00:00,12:15:00,stop
IC,4133,BR/86,12:19:00,12:19:00,stop
IC,4133,ARL/86,12:20:00,12:20:00,pass
IC,4133,HN/86,12:26:00,12:26:00,pass
IC,4133,HA/86,12:31:00,12:32:00,stop
IC,4133,LG/86,12:39:00,12:40:00,stop
IC,4133,RD/86,12:47:00,12:49:00,stop
IC,4133,FP/86,12:57:00,12:57:00,stop
IC,4133,HB/86,13:04:00,13:05:00,stop
IC,4133,AD/86,13:13:00,13:13:00,stop
IC,4133,SØ/86,13:16:00,13:17:00,stop
IC,4133,SR/86,13:21:00,13:21:00,stop
IC,4133,SN/86,13:25:00,13:25:00,pass
IC,4133,OG/86,13:27:00,13:27:00,pass
IC,4133,AB/86,13:31:00,13:34:00,stop
IC,4133,ABV/86,13:36:00,13:37:00,stop
IC,4133,LIH/86,13:39:00,13:40:00,stop
IC,4133,ABL/86,13:44:00,00:00:00,stop
IC,4190,ABL/86,00:00:00,22:58:00,stop
IC,4190,LIH/86,23:01:00,23:02:00,stop
IC,4190,ABV/86,23:05:00,23:06:00,stop
IC,4190,AB/86,23:10:00,23:15:00,stop
IC,4190,OG/86,23:17:00,23:17:00,stop
IC,4190,SN/86,23:19:00,23:19:00,pass
IC,4190,SR/86,23:23:00,23:23:00,pass
IC,4190,SØ/86,23:27:00,23:28:00,stop
IC,4190,AD/86,23:32:00,23:32:00,stop
IC,4190,HB/86,23:40:00,23:41:00,stop
IC,4190,FP/86,23:49:00,23:49:00,stop
IC,4190,RD/86,23:55:00,23:57:00,stop
IC,4190,LG/86,00:05:00,00:06:00,stop
IC,4190,HA/86,00:13:00,00:14:00,stop
IC,4190,HN/86,00:19:00,00:19:00,stop
IC,4190,ARL/86,00:25:00,00:25:00,pass
IC,4190,BR/86,00:26:00,00:26:00,pass
IC,4190,AR/86,00:33:00,00:00:00,stop
IC,1401,CPH/86,00:00:00,00:12:00,stop
IC,1401,TÅT/86,00:14:00,00:15:00,stop
IC,1401,ØRE/86,00:17:00,00:18:00,stop
IC,1401,KLV/86,00:20:00,00:20:00,stop
IC,1401,BAN/86,00:22:00,00:22:00,pass
IC,1401,KH/86,00:25:00,00:00:00,stop
IC,1472,KH/86,00:00:00,00:19:00,stop
IC,1472,BAN/86,00:23:00,00:23:00,stop
IC,1472,KLV/86,00:25:00,00:25:00,pass
IC,1472,ØRE/86,00:27:00,00:27:00,pass
IC,1472,TÅT/86,00:28:00,00:28:00,pass
IC,1472,CPH/86,00:32:00,00:00:00,stop
IC,1476,KH/86,00:00:00,01:19:00,stop
IC,1476,BAN/86,01:21:00,01:21:00,stop
IC,1476,KLV/86,01:23:00,01:23:00,pass
IC,1476,ØRE/86,01:25:00,01:26:00,stop
IC,1476,TÅT/86,01:28:00,01:29:00,stop
IC,1476,CPH/86,01:32:00,00:00:00,stop
IC,1489,CPH/86,00:00:00,22:26:00,stop
IC,1489,TÅT/86,22:28:00,22:28:00,stop
IC,1489,ØRE/86,22:31:00,22:31:00,pass
IC,1489,KLV/86,22:34:00,22:34:00,pass
IC,1489,BAN/86,22:35:00,22:35:00,pass
IC,1489,KH/86,22:40:00,00:00:00,stop
IC,1493,CPH/86,00:00:00,23:26:00,stop
IC,1493,TÅT/86,23:28:00,23:28:00,stop
IC,1493,ØRE/86,23:31:00,23:31:00,pass
IC,1493,KLV/86,23:34:00,23:34:00,pass
IC,1493,BAN/86,23:35:00,23:35:00,pass
IC,1493,KH/86,23:40:00,00:00:00,stop
IC,1407,CPH/86,00:00:00,02:12:00,stop
IC,1407,TÅT/86,02:15:00,02:16:00,stop
IC,1407,ØRE/86,02:18:00,02:19:00,stop
IC,1407,KLV/86,02:20:00,02:20:00,stop
IC,1407,BAN/86,02:22:00,02:22:00,pass
IC,1407,KH/86,02:25:00,00:00:00,stop
IC,1413,CPH/86,00:00:00,03:26:00,stop
IC,1413,TÅT/86,03:28:00,03:29:00,stop
IC,1413,ØRE/86,03:31:00,03:32:00,stop
IC,1413,KLV/86,03:34:00,03:34:00,stop
IC,1413,BAN/86,03:36:00,03:36:00,pass
IC,1413,KH/86,03:39:00,00:00:00,stop
IC,2304,FA/86,00:00:00,05:07:00,stop
IC,2304,TL/86,05:12:00,05:13:00,stop
IC,2304,KD/86,05:20:00,05:22:00,stop
IC,2304,LK/86,05:29:00,05:30:00,stop
IC,2304,VN/86,05:36:00,05:37:00,stop
IC,2304,BP/86,05:42:00,05:43:00,stop
IC,2304,HQ/86,05:48:00,05:49:00,stop
IC,2304,GØ/86,05:54:00,05:54:00,stop
IC,2304,BM/86,05:58:00,06:00:00,stop
IC,2304,TB/86,06:04:00,06:04:00,stop
IC,2304,JNE/86,06:07:00,06:07:00,pass
IC,2304,ES/86,06:10:00,00:00:00,stop
IC,2308,FA/86,00:00:00,06:07:00,stop
IC,2308,TL/86,06:12:00,06:13:00,stop
IC,2308,KD/86,06:20:00,06:22:00,stop
IC,2308,LK/86,06:29:00,06:30:00,stop
IC,2308,VN/86,06:36:00,06:37:00,stop
IC,2308,BP/86,06:42:00,06:43:00,stop
IC,2308,HQ/86,06:48:00,06:49:00,stop
IC,2308,GØ/86,06:54:00,06:54:00,stop
IC,2308,BM/86,06:58:00,07:00:00,stop
IC,2308,TB/86,07:04:00,07:04:00,stop
IC,2308,JNE/86,07:07:00,07:07:00,pass
IC,2308,ES/86,07:10:00,00:00:00,stop
IC,2383,ES/86,00:00:00,22:41:00,stop
IC,2383,JNE/86,22:43:00,22:43:00,stop
IC,2383,TB/86,22:46:00,22:46:00,pass
IC,2383,BM/86,22:51:00,22:52:00,stop
IC,2383,GØ/86,22:56:00,22:56:00,stop
IC,2383,HQ/86,23:01:00,23:02:00,stop
IC,2383,BP/86,23:06:00,23:07:00,stop
IC,2383,VN/86,23:12:00,23:13:00,stop
IC,2383,LK/86,23:21:00,23:22:00,stop
IC,2383,KD/86,23:29:00,23:31:00,stop
IC,2383,TL/86,23:37:00,23:38:00,stop
IC,2383,FA/86,23:45:00,00:00:00,stop
IC,2387,ES/86,00:00:00,23:41:00,stop
IC,2387,JNE/86,23:43:00,23:43:00,stop
IC,2387,TB/86,23:46:00,23:46:00,pass
IC,2387,BM/86,23:51:00,23:52:00,stop
IC,2387,GØ/86,23:56:00,23:56:00,stop
IC,2387,HQ/86,00:01:00,00:02:00,stop
IC,2387,BP/86,00:06:00,00:07:00,stop
IC,2387,VN/86,00:12:00,00:13:00,stop
IC,2387,LK/86,00:21:00,00:22:00,stop
IC,2387,KD/86,00:29:00,00:31:00,stop
IC,2387,TL/86,00:37:00,00:38:00,stop
IC,2387,FA/86,00:45:00,00:00:00,stop
IC,2313,ES/86,00:00:00,05:03:00,stop
IC,2313,JNE/86,05:05:00,05:05:00,stop
IC,2313,TB/86,05:08:00,05:08:00,pass
IC,2313,BM/86,05:13:00,05:14:00,stop
IC,2313,GØ/86,05:18:00,05:18:00,stop
IC,2313,HQ/86,05:23:00,05:24:00,stop
IC,2313,BP/86,05:28:00,05:29:00,stop
IC,2313,VN/86,05:34:00,05:35:00,stop
IC,2313,LK/86,05:43:00,05:44:00,stop
IC,2313,KD/86,05:51:00,05:53:00,stop
IC,2313,TL/86,05:59:00,06:00:00,stop
IC,2313,FA/86,06:07:00,00:00:00,stop
IC,2317,ES/86,00:00:00,06:02:00,stop
IC,2317,JNE/86,06:04:00,06:04:00,stop
IC,2317,TB/86,06:07:00,06:07:00,pass
IC,2317,BM/86,06:12:00,06:14:00,stop
IC,2317,GØ/86,06:18:00,06:18:00,stop
IC,2317,HQ/86,06:23:00,06:24:00,stop
IC,2317,BP/86,06:28:00,06:29:00,stop
IC,2317,VN/86,06:34:00,06:35:00,stop
IC,2317,LK/86,06:43:00,06:44:00,stop
IC,2317,KD/86,06:51:00,06:53:00,stop
IC,2317,TL/86,07:00:00,07:01:00,stop
IC,2317,FA/86,07:07:00,00:00:00,stop
IC,2321,ES/86,00:00:00,07:02:00,stop
IC,2321,JNE/86,07:04:00,07:04:00,stop
IC,2321,TB/86,07:07:00,07:07:00,pass
IC,2321,BM/86,07:12:00,07:14:00,stop
IC,2321,GØ/86,07:18:00,07:18:00,stop
IC,2321,HQ/86,07:23:00,07:24:00,stop
IC,2321,BP/86,07:28:00,07:29:00,stop
IC,2321,VN/86,07:34:00,07:35:00,stop
IC,2321,LK/86,07:43:00,07:44:00,stop
IC,2321,KD/86,07:51:00,07:53:00,stop
IC,2321,TL/86,08:00:00,08:01:00,stop
IC,2321,FA/86,08:07:00,00:00:00,stop
IC,2329,ES/86,00:00:00,09:03:00,stop
IC,2329,JNE/86,09:05:00,09:05:00,stop
IC,2329,TB/86,09:08:00,09:08:00,pass
IC,2329,BM/86,09:13:00,09:14:00,stop
IC,2329,GØ/86,09:18:00,09:18:00,stop
IC,2329,HQ/86,09:23:00,09:24:00,stop
IC,2329,BP/86,09:28:00,09:29:00,stop
IC,2329,VN/86,09:34:00,09:35:00,stop
IC,2329,LK/86,09:43:00,09:44:00,stop
IC,2329,KD/86,09:51:00,09:53:00,stop
IC,2329,TL/86,10:00:00,10:01:00,stop
IC,2329,FA/86,10:07:00,00:00:00,stop
IC,2324,FA/86,00:00:00,09:51:00,stop
IC,2324,TL/86,09:56:00,09:57:00,stop
IC,2324,KD/86,10:04:00,10:06:00,stop
IC,2324,LK/86,10:13:00,10:14:00,stop
IC,2324,VN/86,10:20:00,10:21:00,stop
IC,2324,BP/86,10:26:00,10:27:00,stop
IC,2324,HQ/86,10:32:00,10:33:00,stop
IC,2324,GØ/86,10:38:00,10:38:00,stop
IC,2324,BM/86,10:42:00,10:44:00,stop
IC,2324,TB/86,10:48:00,10:48:00,stop
IC,2324,JNE/86,10:51:00,10:51:00,pass
IC,2324,ES/86,10:54:00,00:00:00,stop
IC,2333,ES/86,00:00:00,10:03:00,stop
IC,2333,JNE/86,10:05:00,10:05:00,stop
IC,2333,TB/86,10:08:00,10:08:00,pass
IC,2333,BM/86,10:13:00,10:14:00,stop
IC,2333,GØ/86,10:18:00,10:18:00,stop
IC,2333,HQ/86,10:23:00,10:24:00,stop
IC,2333,BP/86,10:28:00,10:29:00,stop
IC,2333,VN/86,10:34:00,10:35:00,stop
IC,2333,LK/86,10:43:00,10:44:00,stop
IC,2333,KD/86,10:51:00,10:53:00,stop
IC,2333,TL/86,11:00:00,11:01:00,stop
IC,2333,FA/86,11:07:00,00:00:00,stop
IC,2328,FA/86,00:00:00,10:51:00,stop
IC,2328,TL/86,10:56:00,10:57:00,stop
IC,2328,KD/86,11:04:00,11:06:00,stop
IC,2328,LK/86,11:13:00,11:14:00,stop
IC,2328,VN/86,11:20:00,11:21:00,stop
IC,2328,BP/86,11:26:00,11:27:00,stop
IC,2328,HQ/86,11:32:00,11:33:00,stop
IC,2328,GØ/86,11:38:00,11:38:00,stop
IC,2328,BM/86,11:42:00,11:44:00,stop
IC,2328,TB/86,11:48:00,11:48:00,stop
IC,2328,JNE/86,11:51:00,11:51:00,pass
IC,2328,ES/86,11:54:00,00:00:00,stop
IC,2337,ES/86,00:00:00,11:03:00,stop
IC,2337,JNE/86,11:05:00,11:05:00,stop
IC,2337,TB/86,11:08:00,11:08:00,pass
IC,2337,BM/86,11:13:00,11:14:00,stop
IC,2337,GØ/86,11:18:00,11:18:00,stop
IC,2337,HQ/86,11:23:00,11:24:00,stop
IC,2337,BP/86,11:28:00,11:29:00,stop
IC,2337,VN/86,11:34:00,11:35:00,stop
IC,2337,LK/86,11:43:00,11:44:00,stop
IC,2337,KD/86,11:51:00,11:53:00,stop
IC,2337,TL/86,12:00:00,12:01:00,stop
IC,2337,FA/86,12:07:00,00:00:00,stop
IC,2332,FA/86,00:00:00,11:51:00,stop
IC,2332,TL/86,11:56:00,11:57:00,stop
IC,2332,KD/86,12:04:00,12:06:00,stop
IC,2332,LK/86,12:13:00,12:14:00,stop
IC,2332,VN/86,12:20:00,12:21:00,stop
IC,2332,BP/86,12:26:00,12:27:00,stop
IC,2332,HQ/86,12:32:00,12:33:00,stop
IC,2332,GØ/86,12:38:00,12:38:00,stop
IC,2332,BM/86,12:42:00,12:44:00,stop
IC,2332,TB/86,12:48:00,12:48:00,stop
IC,2332,JNE/86,12:51:00,12:51:00,pass
IC,2332,ES/86,12:54:00,00:00:00,stop
IC,2345,ES/86,00:00:00,13:03:00,stop
IC,2345,JNE/86,13:05:00,13:05:00,stop
IC,2345,TB/86,13:08:00,13:08:00,pass
IC,2345,BM/86,13:13:00,13:14:00,stop
IC,2345,GØ/86,13:18:00,13:18:00,stop
IC,2345,HQ/86,13:23:00,13:24:00,stop
IC,2345,BP/86,13:28:00,13:29:00,stop
IC,2345,VN/86,13:34:00,13:35:00,stop
IC,2345,LK/86,13:43:00,13:44:00,stop
IC,2345,KD/86,13:51:00,13:53:00,stop
IC,2345,TL/86,14:00:00,14:01:00,stop
IC,2345,FA/86,14:07:00,00:00:00,stop
IC,2340,FA/86,00:00:00,13:51:00,stop
IC,2340,TL/86,13:56:00,13:57:00,stop
IC,2340,KD/86,14:04:00,14:06:00,stop
IC,2340,LK/86,14:13:00,14:14:00,stop
IC,2340,VN/86,14:20:00,14:21:00,stop
IC,2340,BP/86,14:26:00,14:27:00,stop
IC,2340,HQ/86,14:32:00,14:33:00,stop
IC,2340,GØ/86,14:38:00,14:38:00,stop
IC,2340,BM/86,14:42:00,14:44:00,stop
IC,2340,TB/86,14:48:00,14:48:00,stop
IC,2340,JNE/86,14:51:00,14:51:00,pass
IC,2340,ES/86,14:54:00,00:00:00,stop
IC,2349,ES/86,00:00:00,14:03:00,stop
IC,2349,JNE/86,14:05:00,14:05:00,stop
IC,2349,TB/86,14:08:00,14:08:00,pass
IC,2349,BM/86,14:13:00,14:14:00,stop
IC,2349,GØ/86,14:18:00,14:18:00,stop
IC,2349,HQ/86,14:23:00,14:24:00,stop
IC,2349,BP/86,14:28:00,14:29:00,stop
IC,2349,VN/86,14:34:00,14:35:00,stop
IC,2349,LK/86,14:43:00,14:44:00,stop
IC,2349,KD/86,14:51:00,14:53:00,stop
IC,2349,TL/86,15:00:00,15:01:00,stop
IC,2349,FA/86,15:07:00,00:00:00,stop
IC,2344,FA/86,00:00:00,14:51:00,stop
IC,2344,TL/86,14:56:00,14:57:00,stop
IC,2344,KD/86,15:04:00,15:06:00,stop
IC,2344,LK/86,15:13:00,15:14:00,stop
IC,2344,VN/86,15:20:00,15:21:00,stop
IC,2344,BP/86,15:26:00,15:27:00,stop
IC,2344,HQ/86,15:32:00,15:33:00,stop
IC,2344,GØ/86,15:38:00,15:38:00,stop
IC,2344,BM/86,15:42:00,15:44:00,stop
IC,2344,TB/86,15:48:00,15:48:00,stop
IC,2344,JNE/86,15:51:00,15:51:00,pass
IC,2344,ES/86,15:54:00,00:00:00,stop
IC,2353,ES/86,00:00:00,15:03:00,stop
IC,2353,JNE/86,15:05:00,15:05:00,stop
IC,2353,TB/86,15:08:00,15:08:00,pass
IC,2353,BM/86,15:13:00,15:14:00,stop
IC,2353,GØ/86,15:18:00,15:18:00,stop
IC,2353,HQ/86,15:23:00,15:24:00,stop
IC,2353,BP/86,15:28:00,15:29:00,stop
IC,2353,VN/86,15:34:00,15:35:00,stop
IC,2353,LK/86,15:43:00,15:44:00,stop
IC,2353,KD/86,15:51:00,15:53:00,stop
IC,2353,TL/86,16:00:00,16:01:00,stop
IC,2353,FA/86,16:07:00,00:00:00,stop
IC,2348,FA/86,00:00:00,15:51:00,stop
IC,2348,TL/86,15:56:00,15:57:00,stop
IC,2348,KD/86,16:04:00,16:06:00,stop
IC,2348,LK/86,16:13:00,16:14:00,stop
IC,2348,VN/86,16:20:00,16:21:00,stop
IC,2348,BP/86,16:26:00,16:27:00,stop
IC,2348,HQ/86,16:32:00,16:33:00,stop
IC,2348,GØ/86,16:38:00,16:38:00,stop
IC,2348,BM/86,16:42:00,16:44:00,stop
IC,2348,TB/86,16:48:00,16:48:00,stop
IC,2348,JNE/86,16:51:00,16:51:00,pass
IC,2348,ES/86,16:54:00,00:00:00,stop
IC,2361,ES/86,00:00:00,17:03:00,stop
IC,2361,JNE/86,17:05:00,17:05:00,stop
IC,2361,TB/86,17:08:00,17:08:00,pass
IC,2361,BM/86,17:13:00,17:14:00,stop
IC,2361,GØ/86,17:18:00,17:18:00,stop
IC,2361,HQ/86,17:23:00,17:24:00,stop
IC,2361,BP/86,17:28:00,17:29:00,stop
IC,2361,VN/86,17:34:00,17:35:00,stop
IC,2361,LK/86,17:43:00,17:44:00,stop
IC,2361,KD/86,17:51:00,17:53:00,stop
IC,2361,TL/86,18:00:00,18:01:00,stop
IC,2361,FA/86,18:07:00,00:00:00,stop
IC,2356,FA/86,00:00:00,17:51:00,stop
IC,2356,TL/86,17:56:00,17:57:00,stop
IC,2356,KD/86,18:04:00,18:06:00,stop
IC,2356,LK/86,18:13:00,18:14:00,stop
IC,2356,VN/86,18:20:00,18:21:00,stop
IC,2356,BP/86,18:26:00,18:27:00,stop
IC,2356,HQ/86,18:32:00,18:33:00,stop
IC,2356,GØ/86,18:38:00,18:38:00,stop
IC,2356,BM/86,18:42:00,18:44:00,stop
IC,2356,TB/86,18:48:00,18:48:00,stop
IC,2356,JNE/86,18:51:00,18:51:00,pass
IC,2356,ES/86,18:54:00,00:00:00,stop
IC,2360,FA/86,00:00:00,18:51:00,stop
IC,2360,TL/86,18:56:00,18:57:00,stop
IC,2360,KD/86,19:04:00,19:06:00,stop
IC,2360,LK/86,19:13:00,19:14:00,stop
IC,2360,VN/86,19:20:00,19:21:00,stop
IC,2360,BP/86,19:26:00,19:27:00,stop
IC,2360,HQ/86,19:32:00,19:33:00,stop
IC,2360,GØ/86,19:38:00,19:38:00,stop
IC,2360,BM/86,19:42:00,19:44:00,stop
IC,2360,TB/86,19:48:00,19:48:00,stop
IC,2360,JNE/86,19:51:00,19:51:00,pass
IC,2360,ES/86,19:54:00,00:00:00,stop
IC,2365,ES/86,00:00:00,18:03:00,stop
IC,2365,JNE/86,18:05:00,18:05:00,stop
IC,2365,TB/86,18:08:00,18:08:00,pass
IC,2365,BM/86,18:13:00,18:14:00,stop
IC,2365,GØ/86,18:18:00,18:18:00,stop
IC,2365,HQ/86,18:23:00,18:24:00,stop
IC,2365,BP/86,18:28:00,18:29:00,stop
IC,2365,VN/86,18:34:00,18:35:00,stop
IC,2365,LK/86,18:43:00,18:44:00,stop
IC,2365,KD/86,18:51:00,18:53:00,stop
IC,2365,TL/86,19:00:00,19:01:00,stop
IC,2365,FA/86,19:07:00,00:00:00,stop
IC,2364,FA/86,00:00:00,19:51:00,stop
IC,2364,TL/86,19:56:00,19:57:00,stop
IC,2364,KD/86,20:04:00,20:06:00,stop
IC,2364,LK/86,20:13:00,20:14:00,stop
IC,2364,VN/86,20:20:00,20:21:00,stop
IC,2364,BP/86,20:26:00,20:27:00,stop
IC,2364,HQ/86,20:32:00,20:33:00,stop
IC,2364,GØ/86,20:38:00,20:38:00,stop
IC,2364,BM/86,20:42:00,20:44:00,stop
IC,2364,TB/86,20:48:00,20:48:00,stop
IC,2364,JNE/86,20:51:00,20:51:00,pass
IC,2364,ES/86,20:54:00,00:00:00,stop
IC,2369,ES/86,00:00:00,19:03:00,stop
IC,2369,JNE/86,19:05:00,19:05:00,stop
IC,2369,TB/86,19:08:00,19:08:00,pass
IC,2369,BM/86,19:13:00,19:14:00,stop
IC,2369,GØ/86,19:18:00,19:18:00,stop
IC,2369,HQ/86,19:23:00,19:24:00,stop
IC,2369,BP/86,19:28:00,19:29:00,stop
IC,2369,VN/86,19:34:00,19:35:00,stop
IC,2369,LK/86,19:43:00,19:44:00,stop
IC,2369,KD/86,19:51:00,19:53:00,stop
IC,2369,TL/86,20:00:00,20:01:00,stop
IC,2369,FA/86,20:07:00,00:00:00,stop
IC,2371,ES/86,00:00:00,20:03:00,stop
IC,2371,JNE/86,20:05:00,20:05:00,stop
IC,2371,TB/86,20:08:00,20:08:00,pass
IC,2371,BM/86,20:13:00,20:14:00,stop
IC,2371,GØ/86,20:18:00,20:18:00,stop
IC,2371,HQ/86,20:23:00,20:24:00,stop
IC,2371,BP/86,20:28:00,20:29:00,stop
IC,2371,VN/86,20:34:00,20:35:00,stop
IC,2371,LK/86,20:43:00,20:44:00,stop
IC,2371,KD/86,20:51:00,20:53:00,stop
IC,2371,TL/86,21:00:00,21:01:00,stop
IC,2371,FA/86,21:07:00,00:00:00,stop
IC,2368,FA/86,00:00:00,20:51:00,stop
IC,2368,TL/86,20:56:00,20:57:00,stop
IC,2368,KD/86,21:04:00,21:06:00,stop
IC,2368,LK/86,21:13:00,21:14:00,stop
IC,2368,VN/86,21:20:00,21:21:00,stop
IC,2368,BP/86,21:26:00,21:27:00,stop
IC,2368,HQ/86,21:32:00,21:33:00,stop
IC,2368,GØ/86,21:38:00,21:38:00,stop
IC,2368,BM/86,21:42:00,21:44:00,stop
IC,2368,TB/86,21:48:00,21:48:00,stop
IC,2368,JNE/86,21:51:00,21:51:00,pass
IC,2368,ES/86,21:54:00,00:00:00,stop
IC,2377,ES/86,00:00:00,21:03:00,stop
IC,2377,JNE/86,21:05:00,21:05:00,stop
IC,2377,TB/86,21:08:00,21:08:00,pass
IC,2377,BM/86,21:13:00,21:14:00,stop
IC,2377,GØ/86,21:18:00,21:18:00,stop
IC,2377,HQ/86,21:23:00,21:24:00,stop
IC,2377,BP/86,21:28:00,21:29:00,stop
IC,2377,VN/86,21:34:00,21:35:00,stop
IC,2377,LK/86,21:43:00,21:44:00,stop
IC,2377,KD/86,21:51:00,21:53:00,stop
IC,2377,TL/86,22:00:00,22:01:00,stop
IC,2377,FA/86,22:07:00,00:00:00,stop
IC,2374,FA/86,00:00:00,21:51:00,stop
IC,2374,TL/86,21:56:00,21:57:00,stop
IC,2374,KD/86,22:04:00,22:06:00,stop
IC,2374,LK/86,22:13:00,22:14:00,stop
IC,2374,VN/86,22:20:00,22:21:00,stop
IC,2374,BP/86,22:26:00,22:27:00,stop
IC,2374,HQ/86,22:32:00,22:33:00,stop
IC,2374,GØ/86,22:38:00,22:38:00,stop
IC,2374,BM/86,22:42:00,22:44:00,stop
IC,2374,TB/86,22:48:00,22:48:00,stop
IC,2374,JNE/86,22:51:00,22:51:00,pass
IC,2374,ES/86,22:54:00,00:00:00,stop
IC,4175,AR/86,00:00:00,22:45:00,stop
IC,4175,BR/86,22:49:00,22:49:00,stop
IC,4175,ARL/86,22:50:00,22:50:00,pass
IC,4175,HN/86,22:56:00,22:56:00,pass
IC,4175,HA/86,23:01:00,23:02:00,stop
IC,4175,LG/86,23:09:00,23:10:00,stop
IC,4175,RD/86,23:17:00,23:19:00,stop
IC,4175,FP/86,23:26:00,23:26:00,stop
IC,4175,HB/86,23:33:00,23:34:00,stop
IC,4175,AD/86,23:41:00,23:41:00,stop
IC,4175,SØ/86,23:45:00,23:46:00,stop
IC,4175,SR/86,23:50:00,23:50:00,stop
IC,4175,SN/86,23:53:00,23:53:00,pass
IC,4175,OG/86,23:55:00,23:55:00,pass
IC,4175,AB/86,23:59:00,00:00:00,stop
IC,4179,AR/86,00:00:00,23:45:00,stop
IC,4179,BR/86,23:49:00,23:49:00,stop
IC,4179,ARL/86,23:50:00,23:50:00,pass
IC,4179,HN/86,23:56:00,23:56:00,pass
IC,4179,HA/86,00:01:00,00:02:00,stop
IC,4179,LG/86,00:09:00,00:10:00,stop
IC,4179,RD/86,00:17:00,00:19:00,stop
IC,4179,FP/86,00:26:00,00:26:00,stop
IC,4179,HB/86,00:33:00,00:34:00,stop
IC,4179,AD/86,00:41:00,00:41:00,stop
IC,4179,SØ/86,00:45:00,00:46:00,stop
IC,4179,SR/86,00:50:00,00:50:00,stop
IC,4179,SN/86,00:53:00,00:53:00,pass
IC,4179,OG/86,00:55:00,00:55:00,pass
IC,4179,AB/86,00:59:00,00:00:00,stop
IC,4178,ABL/86,00:00:00,21:08:00,stop
IC,4178,LIH/86,21:11:00,21:12:00,stop
IC,4178,ABV/86,21:15:00,21:16:00,stop
IC,4178,AB/86,21:20:00,00:00:00,stop
L,71,CPH/86,00:00:00,18:26:00,stop
L,71,TÅT/86,18:29:00,18:29:00,stop
L,71,ØRE/86,18:32:00,18:32:00,pass
L,71,KLV/86,18:34:00,18:34:00,pass
L,71,BAN/86,18:35:00,18:35:00,pass
L,71,KH/86,18:40:00,18:52:00,stop
L,71,GB/86,18:55:00,18:55:00,stop
L,71,NEL/86,18:56:00,18:56:00,pass
L,71,IG/86,18:56:20,18:56:20,pass
L,71,AVH/86,18:58:00,18:58:00,pass
L,71,KIB/86,19:04:00,19:04:00,pass
L,71,JSF/86,19:08:00,19:08:00,pass
L,71,KJN/86,19:09:00,19:09:00,pass
L,71,LEL/86,19:10:00,19:10:00,pass
L,71,BJS/86,19:13:00,19:13:00,pass
L,71,ADA/86,19:17:00,19:17:00,pass
L,71,RG/86,19:19:00,19:19:00,pass
L,71,FJ/86,19:24:00,19:24:00,pass
L,71,SO/86,19:27:00,19:27:00,pass
L,71,SG/86,19:33:00,19:33:00,pass
L,71,FO/86,19:36:00,19:36:00,pass
L,71,KØ/86,19:39:00,19:39:00,pass
L,71,SPR/86,19:45:00,19:45:00,pass
L,71,NG/86,19:50:00,19:50:00,pass
L,71,JU/86,19:52:00,19:52:00,pass
L,71,UV/86,19:54:00,19:54:00,pass
L,71,LV/86,19:56:00,19:56:00,pass
L,71,MV/86,19:58:00,19:58:00,pass
L,71,OD/86,20:03:00,20:06:00,stop
L,71,HP/86,20:10:00,20:10:00,stop
L,71,TP/86,20:13:00,20:13:00,pass
L,71,SC/86,20:14:00,20:14:00,pass
L,71,BD/86,20:15:00,20:15:00,pass
L,71,AP/86,20:17:00,20:17:00,pass
L,71,GD/86,20:19:00,20:19:00,pass
L,71,EB/86,20:21:00,20:21:00,pass
L,71,NA/86,20:23:00,20:23:00,pass
L,71,KA/86,20:24:00,20:24:00,pass
L,71,MD/86,20:27:00,20:27:00,pass
L,71,SNO/86,20:31:00,20:31:00,pass
L,71,FA/86,20:34:00,20:38:00,stop
L,71,BK/86,20:44:00,20:44:00,stop
L,71,BET/86,20:45:00,20:45:00,pass
L,71,VJ/86,20:51:00,20:53:00,stop
L,71,HED/86,21:01:00,21:01:00,stop
L,71,HS/86,21:08:00,21:10:00,stop
L,71,HÅ/86,21:17:00,21:17:00,stop
L,71,SD/86,21:24:00,21:25:00,stop
L,71,HX/86,21:30:00,21:30:00,stop
L,71,HC/86,21:32:00,21:32:00,pass
L,71,VI/86,21:34:00,21:34:00,pass
L,71,KGV/86,21:35:00,21:35:00,pass
L,71,AR/86,21:38:00,00:00:00,stop
L,731,FA/86,00:00:00,10:43:00,stop
L,731,BK/86,10:49:00,10:49:00,stop
L,731,BET/86,10:51:00,10:51:00,pass
L,731,VJ/86,10:57:00,10:59:00,stop
L,731,VJS/86,11:01:00,11:01:00,stop
L,731,GES/86,11:06:00,11:06:00,stop
L,731,JL/86,11:16:00,11:16:00,stop
L,731,GG/86,11:21:00,11:21:00,stop
L,731,GW/86,11:28:00,11:29:00,stop
L,731,TY/86,11:34:00,11:35:00,stop
L,731,BB/86,11:41:00,11:42:00,stop
L,731,FT/86,11:46:00,11:46:00,stop
L,731,KE/86,11:50:00,11:50:00,pass
L,731,HR/86,11:56:00,11:58:00,stop
L,731,GP/86,12:03:00,12:03:00,stop
L,731,IB/86,12:06:00,12:06:00,stop
L,731,ID/86,12:10:00,12:11:00,stop
L,731,UU/86,12:16:00,12:17:00,stop
L,731,TS/86,12:23:00,12:25:00,stop
L,731,HO/86,12:32:00,12:34:00,stop
L,731,HM/86,12:40:00,12:41:00,stop
L,731,STR/86,12:48:00,00:00:00,stop
L,6,AR/86,00:00:00,04:14:00,stop
L,6,KGV/86,04:19:00,04:19:00,stop
L,6,VI/86,04:20:00,04:20:00,pass
L,6,HC/86,04:22:00,04:22:00,pass
L,6,HX/86,04:24:00,04:24:00,pass
L,6,SD/86,04:31:00,04:34:00,stop
L,6,HÅ/86,04:41:00,04:41:00,stop
L,6,HS/86,04:47:00,04:49:00,stop
L,6,HED/86,04:57:00,04:57:00,stop
L,6,VJ/86,05:04:00,05:06:00,stop
L,6,BET/86,05:11:00,05:11:00,stop
L,6,BK/86,05:13:00,05:13:00,pass
L,6,FA/86,05:21:00,05:27:00,stop
L,6,SNO/86,05:29:00,05:29:00,stop
L,6,MD/86,05:34:00,05:34:00,pass
L,6,KA/86,05:36:00,05:36:00,pass
L,6,NA/86,05:38:00,05:38:00,pass
L,6,EB/86,05:40:00,05:40:00,pass
L,6,GD/86,05:41:00,05:41:00,pass
L,6,AP/86,05:44:00,05:44:00,pass
L,6,BD/86,05:45:00,05:45:00,pass
L,6,SC/86,05:46:00,05:46:00,pass
L,6,TP/86,05:47:00,05:47:00,pass
L,6,HP/86,05:50:00,05:50:00,pass
L,6,OD/86,05:54:00,05:57:00,stop
L,6,MV/86,06:02:00,06:02:00,stop
L,6,LV/86,06:03:00,06:03:00,pass
L,6,UV/86,06:05:00,06:05:00,pass
L,6,JU/86,06:07:00,06:07:00,pass
L,6,NG/86,06:09:00,06:09:00,pass
L,6,SPR/86,06:13:00,06:13:00,pass
L,6,KØ/86,06:18:00,06:18:00,pass
L,6,FO/86,06:21:00,06:21:00,pass
L,6,SG/86,06:24:00,06:24:00,pass
L,6,SO/86,06:30:00,06:30:00,pass
L,6,FJ/86,06:32:00,06:32:00,pass
L,6,RG/86,06:36:00,06:36:00,pass
L,6,ADA/86,06:40:00,06:40:00,pass
L,6,BJS/86,06:44:00,06:44:00,pass
L,6,LEL/86,06:46:00,06:46:00,pass
L,6,KJN/86,06:48:00,06:48:00,pass
L,6,JSF/86,06:48:20,06:48:20,pass
L,6,KIB/86,06:53:00,06:53:00,pass
L,6,AVH/86,06:57:00,06:57:00,pass
L,6,IG/86,06:59:00,06:59:00,pass
L,6,NEL/86,06:59:20,06:59:20,pass
L,6,GB/86,07:00:00,07:00:00,pass
L,6,KH/86,07:06:00,07:18:00,stop
L,6,BAN/86,07:21:00,07:21:00,stop
L,6,KLV/86,07:23:00,07:23:00,pass
L,6,ØRE/86,07:26:00,07:26:00,pass
L,6,TÅT/86,07:29:00,07:29:00,pass
L,6,CPH/86,07:32:00,00:00:00,stop
L,10,AR/86,00:00:00,05:20:00,stop
L,10,KGV/86,05:23:00,05:23:00,stop
L,10,VI/86,05:24:00,05:24:00,pass
L,10,HC/86,05:26:00,05:26:00,pass
L,10,HX/86,05:28:00,05:28:00,pass
L,10,SD/86,05:32:00,05:34:00,stop
L,10,HÅ/86,05:41:00,05:41:00,stop
L,10,HS/86,05:47:00,05:49:00,stop
L,10,HED/86,05:57:00,05:57:00,stop
L,10,VJ/86,06:04:00,06:06:00,stop
L,10,BET/86,06:11:00,06:11:00,stop
L,10,BK/86,06:13:00,06:13:00,pass
L,10,FA/86,06:21:00,06:27:00,stop
L,10,SNO/86,06:29:00,06:29:00,stop
L,10,MD/86,06:34:00,06:34:00,pass
L,10,KA/86,06:36:00,06:36:00,pass
L,10,NA/86,06:38:00,06:38:00,pass
L,10,EB/86,06:40:00,06:40:00,pass
L,10,GD/86,06:41:00,06:41:00,pass
L,10,AP/86,06:44:00,06:44:00,pass
L,10,BD/86,06:45:00,06:45:00,pass
L,10,SC/86,06:46:00,06:46:00,pass
L,10,TP/86,06:47:00,06:47:00,pass
L,10,HP/86,06:50:00,06:50:00,pass
L,10,OD/86,06:54:00,06:57:00,stop
L,10,MV/86,07:02:00,07:02:00,stop
L,10,LV/86,07:03:00,07:03:00,pass
L,10,UV/86,07:05:00,07:05:00,pass
L,10,JU/86,07:07:00,07:07:00,pass
L,10,NG/86,07:09:00,07:09:00,pass
L,10,SPR/86,07:13:00,07:13:00,pass
L,10,KØ/86,07:18:00,07:18:00,pass
L,10,FO/86,07:21:00,07:21:00,pass
L,10,SG/86,07:24:00,07:24:00,pass
L,10,SO/86,07:30:00,07:30:00,pass
L,10,FJ/86,07:32:00,07:32:00,pass
L,10,RG/86,07:36:00,07:36:00,pass
L,10,ADA/86,07:40:00,07:40:00,pass
L,10,BJS/86,07:44:00,07:44:00,pass
L,10,LEL/86,07:46:00,07:46:00,pass
L,10,KJN/86,07:48:00,07:48:00,pass
L,10,JSF/86,07:48:20,07:48:20,pass
L,10,KIB/86,07:53:00,07:53:00,pass
L,10,AVH/86,07:57:00,07:57:00,pass
L,10,IG/86,07:59:00,07:59:00,pass
L,10,NEL/86,07:59:20,07:59:20,pass
L,10,GB/86,08:00:00,08:00:00,pass
L,10,KH/86,08:06:00,08:18:00,stop
L,10,BAN/86,08:21:00,08:21:00,stop
L,10,KLV/86,08:23:00,08:23:00,pass
L,10,ØRE/86,08:26:00,08:26:00,pass
L,10,TÅT/86,08:29:00,08:29:00,pass
L,10,CPH/86,08:32:00,00:00:00,stop
L,11,OD/86,00:00:00,05:03:00,stop
L,11,HP/86,05:07:00,05:07:00,stop
L,11,TP/86,05:10:00,05:10:00,pass
L,11,SC/86,05:11:00,05:11:00,pass
L,11,BD/86,05:12:00,05:12:00,pass
L,11,AP/86,05:14:00,05:14:00,pass
L,11,GD/86,05:16:00,05:16:00,pass
L,11,EB/86,05:18:00,05:18:00,pass
L,11,NA/86,05:20:00,05:20:00,pass
L,11,KA/86,05:21:00,05:21:00,pass
L,11,MD/86,05:24:00,05:26:00,stop
L,11,SNO/86,05:31:00,05:31:00,stop
L,11,FA/86,05:34:00,05:38:00,stop
L,11,BK/86,05:44:00,05:44:00,stop
L,11,BET/86,05:45:00,05:45:00,pass
L,11,VJ/86,05:51:00,05:53:00,stop
L,11,HED/86,06:01:00,06:01:00,stop
L,11,HS/86,06:08:00,06:10:00,stop
L,11,HÅ/86,06:17:00,06:17:00,stop
L,11,SD/86,06:24:00,06:25:00,stop
L,11,HX/86,06:30:00,06:30:00,stop
L,11,HC/86,06:32:00,06:32:00,pass
L,11,VI/86,06:34:00,06:34:00,pass
L,11,KGV/86,06:35:00,06:35:00,pass
L,11,AR/86,06:38:00,00:00:00,stop
L,14,AR/86,00:00:00,06:20:00,stop
L,14,KGV/86,06:23:00,06:23:00,stop
L,14,VI/86,06:24:00,06:24:00,pass
L,14,HC/86,06:26:00,06:26:00,pass
L,14,HX/86,06:28:00,06:28:00,pass
L,14,SD/86,06:32:00,06:34:00,stop
L,14,HÅ/86,06:41:00,06:41:00,stop
L,14,HS/86,06:47:00,06:49:00,stop
L,14,HED/86,06:57:00,06:57:00,stop
L,14,VJ/86,07:04:00,07:06:00,stop
L,14,BET/86,07:11:00,07:11:00,stop
L,14,BK/86,07:13:00,07:13:00,pass
L,14,FA/86,07:21:00,07:27:00,stop
L,14,SNO/86,07:29:00,07:29:00,stop
L,14,MD/86,07:34:00,07:34:00,pass
L,14,KA/86,07:36:00,07:36:00,pass
L,14,NA/86,07:38:00,07:38:00,pass
L,14,EB/86,07:40:00,07:40:00,pass
L,14,GD/86,07:41:00,07:41:00,pass
L,14,AP/86,07:44:00,07:44:00,pass
L,14,BD/86,07:45:00,07:45:00,pass
L,14,SC/86,07:46:00,07:46:00,pass
L,14,TP/86,07:47:00,07:47:00,pass
L,14,HP/86,07:50:00,07:50:00,pass
L,14,OD/86,07:54:00,07:57:00,stop
L,14,MV/86,08:02:00,08:02:00,stop
L,14,LV/86,08:03:00,08:03:00,pass
L,14,UV/86,08:05:00,08:05:00,pass
L,14,JU/86,08:07:00,08:07:00,pass
L,14,NG/86,08:09:00,08:09:00,pass
L,14,SPR/86,08:13:00,08:13:00,pass
L,14,KØ/86,08:18:00,08:18:00,pass
L,14,FO/86,08:21:00,08:21:00,pass
L,14,SG/86,08:24:00,08:24:00,pass
L,14,SO/86,08:30:00,08:30:00,pass
L,14,FJ/86,08:32:00,08:32:00,pass
L,14,RG/86,08:36:00,08:36:00,pass
L,14,ADA/86,08:40:00,08:40:00,pass
L,14,BJS/86,08:44:00,08:44:00,pass
L,14,LEL/86,08:46:00,08:46:00,pass
L,14,KJN/86,08:48:00,08:48:00,pass
L,14,JSF/86,08:48:20,08:48:20,pass
L,14,KIB/86,08:53:00,08:53:00,pass
L,14,AVH/86,08:57:00,08:57:00,pass
L,14,IG/86,08:59:00,08:59:00,pass
L,14,NEL/86,08:59:20,08:59:20,pass
L,14,GB/86,09:00:00,09:00:00,pass
L,14,KH/86,09:06:00,09:18:00,stop
L,14,BAN/86,09:21:00,09:21:00,stop
L,14,KLV/86,09:23:00,09:23:00,pass
L,14,ØRE/86,09:26:00,09:26:00,pass
L,14,TÅT/86,09:29:00,09:29:00,pass
L,14,CPH/86,09:32:00,00:00:00,stop
L,15,OD/86,00:00:00,06:06:00,stop
L,15,HP/86,06:10:00,06:10:00,stop
L,15,TP/86,06:13:00,06:13:00,pass
L,15,SC/86,06:14:00,06:14:00,pass
L,15,BD/86,06:15:00,06:15:00,pass
L,15,AP/86,06:17:00,06:17:00,pass
L,15,GD/86,06:19:00,06:19:00,pass
L,15,EB/86,06:21:00,06:21:00,pass
L,15,NA/86,06:23:00,06:23:00,pass
L,15,KA/86,06:24:00,06:24:00,pass
L,15,MD/86,06:27:00,06:27:00,pass
L,15,SNO/86,06:31:00,06:31:00,pass
L,15,FA/86,06:34:00,06:36:00,stop
L,15,BK/86,06:42:00,06:42:00,stop
L,15,BET/86,06:43:00,06:43:00,pass
L,15,VJ/86,06:49:00,06:51:00,stop
L,15,HED/86,06:58:00,06:58:00,stop
L,15,HS/86,07:05:00,07:07:00,stop
L,15,HÅ/86,07:14:00,07:14:00,stop
L,15,SD/86,07:21:00,07:22:00,stop
L,15,HX/86,07:27:00,07:27:00,stop
L,15,HC/86,07:29:00,07:29:00,pass
L,15,VI/86,07:31:00,07:31:00,pass
L,15,KGV/86,07:32:00,07:32:00,pass
L,15,AR/86,07:35:00,00:00:00,stop
L,18,AR/86,00:00:00,07:20:00,stop
L,18,KGV/86,07:23:00,07:23:00,stop
L,18,VI/86,07:24:00,07:24:00,pass
L,18,HC/86,07:26:00,07:26:00,pass
L,18,HX/86,07:28:00,07:28:00,pass
L,18,SD/86,07:32:00,07:34:00,stop
L,18,HÅ/86,07:41:00,07:41:00,stop
L,18,HS/86,07:47:00,07:49:00,stop
L,18,HED/86,07:57:00,07:57:00,stop
L,18,VJ/86,08:04:00,08:06:00,stop
L,18,BET/86,08:11:00,08:11:00,stop
L,18,BK/86,08:13:00,08:13:00,pass
L,18,FA/86,08:21:00,08:27:00,stop
L,18,SNO/86,08:29:00,08:29:00,stop
L,18,MD/86,08:34:00,08:34:00,pass
L,18,KA/86,08:36:00,08:36:00,pass
L,18,NA/86,08:38:00,08:38:00,pass
L,18,EB/86,08:40:00,08:40:00,pass
L,18,GD/86,08:41:00,08:41:00,pass
L,18,AP/86,08:44:00,08:44:00,pass
L,18,BD/86,08:45:00,08:45:00,pass
L,18,SC/86,08:46:00,08:46:00,pass
L,18,TP/86,08:47:00,08:47:00,pass
L,18,HP/86,08:50:00,08:50:00,pass
L,18,OD/86,08:54:00,08:57:00,stop
L,18,MV/86,09:02:00,09:02:00,stop
L,18,LV/86,09:03:00,09:03:00,pass
L,18,UV/86,09:05:00,09:05:00,pass
L,18,JU/86,09:07:00,09:07:00,pass
L,18,NG/86,09:09:00,09:09:00,pass
L,18,SPR/86,09:13:00,09:13:00,pass
L,18,KØ/86,09:18:00,09:18:00,pass
L,18,FO/86,09:21:00,09:21:00,pass
L,18,SG/86,09:24:00,09:24:00,pass
L,18,SO/86,09:30:00,09:30:00,pass
L,18,FJ/86,09:32:00,09:32:00,pass
L,18,RG/86,09:36:00,09:36:00,pass
L,18,ADA/86,09:40:00,09:40:00,pass
L,18,BJS/86,09:44:00,09:44:00,pass
L,18,LEL/86,09:46:00,09:46:00,pass
L,18,KJN/86,09:48:00,09:48:00,pass
L,18,JSF/86,09:48:20,09:48:20,pass
L,18,KIB/86,09:53:00,09:53:00,pass
L,18,AVH/86,09:57:00,09:57:00,pass
L,18,IG/86,09:59:00,09:59:00,pass
L,18,NEL/86,09:59:20,09:59:20,pass
L,18,GB/86,10:00:00,10:00:00,pass
L,18,KH/86,10:06:00,10:18:00,stop
L,18,BAN/86,10:21:00,10:21:00,stop
L,18,KLV/86,10:23:00,10:23:00,pass
L,18,ØRE/86,10:26:00,10:26:00,pass
L,18,TÅT/86,10:29:00,10:29:00,pass
L,18,CPH/86,10:32:00,00:00:00,stop
L,19,CPH/86,00:00:00,05:26:00,stop
L,19,TÅT/86,05:29:00,05:29:00,stop
L,19,ØRE/86,05:32:00,05:32:00,pass
L,19,KLV/86,05:34:00,05:34:00,pass
L,19,BAN/86,05:35:00,05:35:00,pass
L,19,KH/86,05:40:00,05:52:00,stop
L,19,GB/86,05:55:00,05:55:00,stop
L,19,NEL/86,05:56:00,05:56:00,pass
L,19,IG/86,05:56:20,05:56:20,pass
L,19,AVH/86,05:58:00,05:58:00,pass
L,19,KIB/86,06:04:00,06:04:00,pass
L,19,JSF/86,06:08:00,06:08:00,pass
L,19,KJN/86,06:09:00,06:09:00,pass
L,19,LEL/86,06:10:00,06:10:00,pass
L,19,BJS/86,06:13:00,06:13:00,pass
L,19,ADA/86,06:17:00,06:17:00,pass
L,19,RG/86,06:19:00,06:19:00,pass
L,19,FJ/86,06:24:00,06:24:00,pass
L,19,SO/86,06:27:00,06:27:00,pass
L,19,SG/86,06:33:00,06:33:00,pass
L,19,FO/86,06:36:00,06:36:00,pass
L,19,KØ/86,06:39:00,06:39:00,pass
L,19,SPR/86,06:45:00,06:45:00,pass
L,19,NG/86,06:50:00,06:50:00,pass
L,19,JU/86,06:52:00,06:52:00,pass
L,19,UV/86,06:54:00,06:54:00,pass
L,19,LV/86,06:56:00,06:56:00,pass
L,19,MV/86,06:58:00,06:58:00,pass
L,19,OD/86,07:03:00,07:06:00,stop
L,19,HP/86,07:10:00,07:10:00,stop
L,19,TP/86,07:13:00,07:13:00,pass
L,19,SC/86,07:14:00,07:14:00,pass
L,19,BD/86,07:15:00,07:15:00,pass
L,19,AP/86,07:17:00,07:17:00,pass
L,19,GD/86,07:19:00,07:19:00,pass
L,19,EB/86,07:21:00,07:21:00,pass
L,19,NA/86,07:23:00,07:23:00,pass
L,19,KA/86,07:24:00,07:24:00,pass
L,19,MD/86,07:27:00,07:27:00,pass
L,19,SNO/86,07:31:00,07:31:00,pass
L,19,FA/86,07:34:00,07:38:00,stop
L,19,BK/86,07:44:00,07:44:00,stop
L,19,BET/86,07:45:00,07:45:00,pass
L,19,VJ/86,07:51:00,07:53:00,stop
L,19,HED/86,08:01:00,08:01:00,stop
L,19,HS/86,08:08:00,08:10:00,stop
L,19,HÅ/86,08:17:00,08:17:00,stop
L,19,SD/86,08:24:00,08:25:00,stop
L,19,HX/86,08:30:00,08:30:00,stop
L,19,HC/86,08:32:00,08:32:00,pass
L,19,VI/86,08:34:00,08:34:00,pass
L,19,KGV/86,08:35:00,08:35:00,pass
L,19,AR/86,08:38:00,00:00:00,stop
L,23,CPH/86,00:00:00,06:26:00,stop
L,23,TÅT/86,06:29:00,06:29:00,stop
L,23,ØRE/86,06:32:00,06:32:00,pass
L,23,KLV/86,06:34:00,06:34:00,pass
L,23,BAN/86,06:35:00,06:35:00,pass
L,23,KH/86,06:40:00,06:52:00,stop
L,23,GB/86,06:55:00,06:55:00,stop
L,23,NEL/86,06:56:00,06:56:00,pass
L,23,IG/86,06:56:20,06:56:20,pass
L,23,AVH/86,06:58:00,06:58:00,pass
L,23,KIB/86,07:04:00,07:04:00,pass
L,23,JSF/86,07:08:00,07:08:00,pass
L,23,KJN/86,07:09:00,07:09:00,pass
L,23,LEL/86,07:10:00,07:10:00,pass
L,23,BJS/86,07:13:00,07:13:00,pass
L,23,ADA/86,07:17:00,07:17:00,pass
L,23,RG/86,07:19:00,07:19:00,pass
L,23,FJ/86,07:24:00,07:24:00,pass
L,23,SO/86,07:27:00,07:27:00,pass
L,23,SG/86,07:33:00,07:33:00,pass
L,23,FO/86,07:36:00,07:36:00,pass
L,23,KØ/86,07:39:00,07:39:00,pass
L,23,SPR/86,07:45:00,07:45:00,pass
L,23,NG/86,07:50:00,07:50:00,pass
L,23,JU/86,07:52:00,07:52:00,pass
L,23,UV/86,07:54:00,07:54:00,pass
L,23,LV/86,07:56:00,07:56:00,pass
L,23,MV/86,07:58:00,07:58:00,pass
L,23,OD/86,08:03:00,08:06:00,stop
L,23,HP/86,08:10:00,08:10:00,stop
L,23,TP/86,08:13:00,08:13:00,pass
L,23,SC/86,08:14:00,08:14:00,pass
L,23,BD/86,08:15:00,08:15:00,pass
L,23,AP/86,08:17:00,08:17:00,pass
L,23,GD/86,08:19:00,08:19:00,pass
L,23,EB/86,08:21:00,08:21:00,pass
L,23,NA/86,08:23:00,08:23:00,pass
L,23,KA/86,08:24:00,08:24:00,pass
L,23,MD/86,08:27:00,08:27:00,pass
L,23,SNO/86,08:31:00,08:31:00,pass
L,23,FA/86,08:34:00,08:38:00,stop
L,23,BK/86,08:44:00,08:44:00,stop
L,23,BET/86,08:45:00,08:45:00,pass
L,23,VJ/86,08:51:00,08:53:00,stop
L,23,HED/86,09:01:00,09:01:00,stop
L,23,HS/86,09:08:00,09:10:00,stop
L,23,HÅ/86,09:17:00,09:17:00,stop
L,23,SD/86,09:24:00,09:25:00,stop
L,23,HX/86,09:30:00,09:30:00,stop
L,23,HC/86,09:32:00,09:32:00,pass
L,23,VI/86,09:34:00,09:34:00,pass
L,23,KGV/86,09:35:00,09:35:00,pass
L,23,AR/86,09:38:00,00:00:00,stop
L,26,AR/86,00:00:00,09:20:00,stop
L,26,KGV/86,09:23:00,09:23:00,stop
L,26,VI/86,09:24:00,09:24:00,pass
L,26,HC/86,09:26:00,09:26:00,pass
L,26,HX/86,09:28:00,09:28:00,pass
L,26,SD/86,09:32:00,09:34:00,stop
L,26,HÅ/86,09:41:00,09:41:00,stop
L,26,HS/86,09:47:00,09:49:00,stop
L,26,HED/86,09:57:00,09:57:00,stop
L,26,VJ/86,10:04:00,10:06:00,stop
L,26,BET/86,10:11:00,10:11:00,stop
L,26,BK/86,10:13:00,10:13:00,pass
L,26,FA/86,10:21:00,10:27:00,stop
L,26,SNO/86,10:29:00,10:29:00,stop
L,26,MD/86,10:34:00,10:34:00,pass
L,26,KA/86,10:36:00,10:36:00,pass
L,26,NA/86,10:38:00,10:38:00,pass
L,26,EB/86,10:40:00,10:40:00,pass
L,26,GD/86,10:41:00,10:41:00,pass
L,26,AP/86,10:44:00,10:44:00,pass
L,26,BD/86,10:45:00,10:45:00,pass
L,26,SC/86,10:46:00,10:46:00,pass
L,26,TP/86,10:47:00,10:47:00,pass
L,26,HP/86,10:50:00,10:50:00,pass
L,26,OD/86,10:54:00,10:57:00,stop
L,26,MV/86,11:02:00,11:02:00,stop
L,26,LV/86,11:03:00,11:03:00,pass
L,26,UV/86,11:05:00,11:05:00,pass
L,26,JU/86,11:07:00,11:07:00,pass
L,26,NG/86,11:09:00,11:09:00,pass
L,26,SPR/86,11:13:00,11:13:00,pass
L,26,KØ/86,11:18:00,11:18:00,pass
L,26,FO/86,11:21:00,11:21:00,pass
L,26,SG/86,11:25:00,11:25:00,pass
L,26,SO/86,11:31:00,11:31:00,pass
L,26,FJ/86,11:33:00,11:33:00,pass
L,26,RG/86,11:37:00,11:37:00,pass
L,26,ADA/86,11:40:00,11:40:00,pass
L,26,BJS/86,11:44:00,11:44:00,pass
L,26,LEL/86,11:46:00,11:46:00,pass
L,26,KJN/86,11:48:00,11:48:00,pass
L,26,JSF/86,11:48:20,11:48:20,pass
L,26,KIB/86,11:53:00,11:53:00,pass
L,26,AVH/86,11:57:00,11:57:00,pass
L,26,IG/86,11:59:00,11:59:00,pass
L,26,NEL/86,11:59:20,11:59:20,pass
L,26,GB/86,12:00:00,12:00:00,pass
L,26,KH/86,12:06:00,12:18:00,stop
L,26,BAN/86,12:21:00,12:21:00,stop
L,26,KLV/86,12:23:00,12:23:00,pass
L,26,ØRE/86,12:26:00,12:26:00,pass
L,26,TÅT/86,12:29:00,12:29:00,pass
L,26,CPH/86,12:32:00,00:00:00,stop
L,27,CPH/86,00:00:00,07:26:00,stop
L,27,TÅT/86,07:29:00,07:29:00,stop
L,27,ØRE/86,07:32:00,07:32:00,pass
L,27,KLV/86,07:34:00,07:34:00,pass
L,27,BAN/86,07:35:00,07:35:00,pass
L,27,KH/86,07:40:00,07:52:00,stop
L,27,GB/86,07:55:00,07:55:00,stop
L,27,NEL/86,07:56:00,07:56:00,pass
L,27,IG/86,07:56:20,07:56:20,pass
L,27,AVH/86,07:58:00,07:58:00,pass
L,27,KIB/86,08:04:00,08:04:00,pass
L,27,JSF/86,08:08:00,08:08:00,pass
L,27,KJN/86,08:09:00,08:09:00,pass
L,27,LEL/86,08:10:00,08:10:00,pass
L,27,BJS/86,08:13:00,08:13:00,pass
L,27,ADA/86,08:17:00,08:17:00,pass
L,27,RG/86,08:19:00,08:19:00,pass
L,27,FJ/86,08:24:00,08:24:00,pass
L,27,SO/86,08:27:00,08:27:00,pass
L,27,SG/86,08:33:00,08:33:00,pass
L,27,FO/86,08:36:00,08:36:00,pass
L,27,KØ/86,08:39:00,08:39:00,pass
L,27,SPR/86,08:45:00,08:45:00,pass
L,27,NG/86,08:50:00,08:50:00,pass
L,27,JU/86,08:52:00,08:52:00,pass
L,27,UV/86,08:54:00,08:54:00,pass
L,27,LV/86,08:56:00,08:56:00,pass
L,27,MV/86,08:58:00,08:58:00,pass
L,27,OD/86,09:03:00,09:06:00,stop
L,27,HP/86,09:10:00,09:10:00,stop
L,27,TP/86,09:13:00,09:13:00,pass
L,27,SC/86,09:14:00,09:14:00,pass
L,27,BD/86,09:15:00,09:15:00,pass
L,27,AP/86,09:17:00,09:17:00,pass
L,27,GD/86,09:19:00,09:19:00,pass
L,27,EB/86,09:21:00,09:21:00,pass
L,27,NA/86,09:23:00,09:23:00,pass
L,27,KA/86,09:24:00,09:24:00,pass
L,27,MD/86,09:27:00,09:27:00,pass
L,27,SNO/86,09:31:00,09:31:00,pass
L,27,FA/86,09:34:00,09:38:00,stop
L,27,BK/86,09:44:00,09:44:00,stop
L,27,BET/86,09:45:00,09:45:00,pass
L,27,VJ/86,09:51:00,09:53:00,stop
L,27,HED/86,10:01:00,10:01:00,stop
L,27,HS/86,10:08:00,10:10:00,stop
L,27,HÅ/86,10:17:00,10:17:00,stop
L,27,SD/86,10:24:00,10:25:00,stop
L,27,HX/86,10:30:00,10:30:00,stop
L,27,HC/86,10:32:00,10:32:00,pass
L,27,VI/86,10:34:00,10:34:00,pass
L,27,KGV/86,10:35:00,10:35:00,pass
L,27,AR/86,10:38:00,00:00:00,stop
L,42,AR/86,00:00:00,13:20:00,stop
L,42,KGV/86,13:23:00,13:23:00,stop
L,42,VI/86,13:24:00,13:24:00,pass
L,42,HC/86,13:26:00,13:26:00,pass
L,42,HX/86,13:28:00,13:28:00,pass
L,42,SD/86,13:32:00,13:34:00,stop
L,42,HÅ/86,13:41:00,13:41:00,stop
L,42,HS/86,13:47:00,13:49:00,stop
L,42,HED/86,13:57:00,13:57:00,stop
L,42,VJ/86,14:04:00,14:06:00,stop
L,42,BET/86,14:11:00,14:11:00,stop
L,42,BK/86,14:13:00,14:13:00,pass
L,42,FA/86,14:21:00,14:27:00,stop
L,42,SNO/86,14:29:00,14:29:00,stop
L,42,MD/86,14:34:00,14:34:00,pass
L,42,KA/86,14:36:00,14:36:00,pass
L,42,NA/86,14:38:00,14:38:00,pass
L,42,EB/86,14:40:00,14:40:00,pass
L,42,GD/86,14:41:00,14:41:00,pass
L,42,AP/86,14:44:00,14:44:00,pass
L,42,BD/86,14:45:00,14:45:00,pass
L,42,SC/86,14:46:00,14:46:00,pass
L,42,TP/86,14:47:00,14:47:00,pass
L,42,HP/86,14:50:00,14:50:00,pass
L,42,OD/86,14:54:00,14:57:00,stop
L,42,MV/86,15:02:00,15:02:00,stop
L,42,LV/86,15:03:00,15:03:00,pass
L,42,UV/86,15:05:00,15:05:00,pass
L,42,JU/86,15:07:00,15:07:00,pass
L,42,NG/86,15:09:00,15:09:00,pass
L,42,SPR/86,15:13:00,15:13:00,pass
L,42,KØ/86,15:18:00,15:18:00,pass
L,42,FO/86,15:21:00,15:21:00,pass
L,42,SG/86,15:24:00,15:24:00,pass
L,42,SO/86,15:30:00,15:30:00,pass
L,42,FJ/86,15:32:00,15:32:00,pass
L,42,RG/86,15:36:00,15:36:00,pass
L,42,ADA/86,15:40:00,15:40:00,pass
L,42,BJS/86,15:44:00,15:44:00,pass
L,42,LEL/86,15:46:00,15:46:00,pass
L,42,KJN/86,15:48:00,15:48:00,pass
L,42,JSF/86,15:48:20,15:48:20,pass
L,42,KIB/86,15:53:00,15:53:00,pass
L,42,AVH/86,15:57:00,15:57:00,pass
L,42,IG/86,15:59:00,15:59:00,pass
L,42,NEL/86,15:59:20,15:59:20,pass
L,42,GB/86,16:00:00,16:00:00,pass
L,42,KH/86,16:06:00,16:18:00,stop
L,42,BAN/86,16:21:00,16:21:00,stop
L,42,KLV/86,16:23:00,16:23:00,pass
L,42,ØRE/86,16:26:00,16:26:00,pass
L,42,TÅT/86,16:29:00,16:29:00,pass
L,42,CPH/86,16:32:00,00:00:00,stop
L,43,CPH/86,00:00:00,11:26:00,stop
L,43,TÅT/86,11:29:00,11:29:00,stop
L,43,ØRE/86,11:32:00,11:32:00,pass
L,43,KLV/86,11:34:00,11:34:00,pass
L,43,BAN/86,11:35:00,11:35:00,pass
L,43,KH/86,11:40:00,11:52:00,stop
L,43,GB/86,11:55:00,11:55:00,stop
L,43,NEL/86,11:56:00,11:56:00,pass
L,43,IG/86,11:56:20,11:56:20,pass
L,43,AVH/86,11:58:00,11:58:00,pass
L,43,KIB/86,12:04:00,12:04:00,pass
L,43,JSF/86,12:08:00,12:08:00,pass
L,43,KJN/86,12:09:00,12:09:00,pass
L,43,LEL/86,12:10:00,12:10:00,pass
L,43,BJS/86,12:13:00,12:13:00,pass
L,43,ADA/86,12:17:00,12:17:00,pass
L,43,RG/86,12:19:00,12:19:00,pass
L,43,FJ/86,12:24:00,12:24:00,pass
L,43,SO/86,12:27:00,12:27:00,pass
L,43,SG/86,12:33:00,12:33:00,pass
L,43,FO/86,12:36:00,12:36:00,pass
L,43,KØ/86,12:39:00,12:39:00,pass
L,43,SPR/86,12:45:00,12:45:00,pass
L,43,NG/86,12:50:00,12:50:00,pass
L,43,JU/86,12:52:00,12:52:00,pass
L,43,UV/86,12:54:00,12:54:00,pass
L,43,LV/86,12:56:00,12:56:00,pass
L,43,MV/86,12:58:00,12:58:00,pass
L,43,OD/86,13:03:00,13:06:00,stop
L,43,HP/86,13:10:00,13:10:00,stop
L,43,TP/86,13:13:00,13:13:00,pass
L,43,SC/86,13:14:00,13:14:00,pass
L,43,BD/86,13:15:00,13:15:00,pass
L,43,AP/86,13:17:00,13:17:00,pass
L,43,GD/86,13:19:00,13:19:00,pass
L,43,EB/86,13:21:00,13:21:00,pass
L,43,NA/86,13:23:00,13:23:00,pass
L,43,KA/86,13:24:00,13:24:00,pass
L,43,MD/86,13:27:00,13:27:00,pass
L,43,SNO/86,13:31:00,13:31:00,pass
L,43,FA/86,13:34:00,13:38:00,stop
L,43,BK/86,13:44:00,13:44:00,stop
L,43,BET/86,13:45:00,13:45:00,pass
L,43,VJ/86,13:51:00,13:53:00,stop
L,43,HED/86,14:01:00,14:01:00,stop
L,43,HS/86,14:08:00,14:10:00,stop
L,43,HÅ/86,14:17:00,14:17:00,stop
L,43,SD/86,14:24:00,14:25:00,stop
L,43,HX/86,14:30:00,14:30:00,stop
L,43,HC/86,14:32:00,14:32:00,pass
L,43,VI/86,14:34:00,14:34:00,pass
L,43,KGV/86,14:35:00,14:35:00,pass
L,43,AR/86,14:38:00,00:00:00,stop
L,46,AR/86,00:00:00,14:20:00,stop
L,46,KGV/86,14:23:00,14:23:00,stop
L,46,VI/86,14:24:00,14:24:00,pass
L,46,HC/86,14:26:00,14:26:00,pass
L,46,HX/86,14:28:00,14:28:00,pass
L,46,SD/86,14:32:00,14:34:00,stop
L,46,HÅ/86,14:41:00,14:41:00,stop
L,46,HS/86,14:47:00,14:49:00,stop
L,46,HED/86,14:57:00,14:57:00,stop
L,46,VJ/86,15:04:00,15:06:00,stop
L,46,BET/86,15:11:00,15:11:00,stop
L,46,BK/86,15:13:00,15:13:00,pass
L,46,FA/86,15:21:00,15:27:00,stop
L,46,SNO/86,15:29:00,15:29:00,stop
L,46,MD/86,15:34:00,15:34:00,pass
L,46,KA/86,15:36:00,15:36:00,pass
L,46,NA/86,15:38:00,15:38:00,pass
L,46,EB/86,15:40:00,15:40:00,pass
L,46,GD/86,15:41:00,15:41:00,pass
L,46,AP/86,15:44:00,15:44:00,pass
L,46,BD/86,15:45:00,15:45:00,pass
L,46,SC/86,15:46:00,15:46:00,pass
L,46,TP/86,15:47:00,15:47:00,pass
L,46,HP/86,15:50:00,15:50:00,pass
L,46,OD/86,15:54:00,15:57:00,stop
L,46,MV/86,16:02:00,16:02:00,stop
L,46,LV/86,16:03:00,16:03:00,pass
L,46,UV/86,16:05:00,16:05:00,pass
L,46,JU/86,16:07:00,16:07:00,pass
L,46,NG/86,16:09:00,16:09:00,pass
L,46,SPR/86,16:13:00,16:13:00,pass
L,46,KØ/86,16:18:00,16:18:00,pass
L,46,FO/86,16:21:00,16:21:00,pass
L,46,SG/86,16:24:00,16:24:00,pass
L,46,SO/86,16:30:00,16:30:00,pass
L,46,FJ/86,16:32:00,16:32:00,pass
L,46,RG/86,16:36:00,16:36:00,pass
L,46,ADA/86,16:40:00,16:40:00,pass
L,46,BJS/86,16:44:00,16:44:00,pass
L,46,LEL/86,16:46:00,16:46:00,pass
L,46,KJN/86,16:48:00,16:48:00,pass
L,46,JSF/86,16:48:20,16:48:20,pass
L,46,KIB/86,16:53:00,16:53:00,pass
L,46,AVH/86,16:57:00,16:57:00,pass
L,46,IG/86,16:59:00,16:59:00,pass
L,46,NEL/86,16:59:20,16:59:20,pass
L,46,GB/86,17:00:00,17:00:00,pass
L,46,KH/86,17:06:00,17:18:00,stop
L,46,BAN/86,17:21:00,17:21:00,stop
L,46,KLV/86,17:23:00,17:23:00,pass
L,46,ØRE/86,17:26:00,17:26:00,pass
L,46,TÅT/86,17:29:00,17:29:00,pass
L,46,CPH/86,17:32:00,00:00:00,stop
L,47,CPH/86,00:00:00,12:26:00,stop
L,47,TÅT/86,12:29:00,12:29:00,stop
L,47,ØRE/86,12:32:00,12:32:00,pass
L,47,KLV/86,12:34:00,12:34:00,pass
L,47,BAN/86,12:35:00,12:35:00,pass
L,47,KH/86,12:40:00,12:52:00,stop
L,47,GB/86,12:55:00,12:55:00,stop
L,47,NEL/86,12:56:00,12:56:00,pass
L,47,IG/86,12:56:20,12:56:20,pass
L,47,AVH/86,12:58:00,12:58:00,pass
L,47,KIB/86,13:04:00,13:04:00,pass
L,47,JSF/86,13:08:00,13:08:00,pass
L,47,KJN/86,13:09:00,13:09:00,pass
L,47,LEL/86,13:10:00,13:10:00,pass
L,47,BJS/86,13:13:00,13:13:00,pass
L,47,ADA/86,13:17:00,13:17:00,pass
L,47,RG/86,13:19:00,13:19:00,pass
L,47,FJ/86,13:24:00,13:24:00,pass
L,47,SO/86,13:27:00,13:27:00,pass
L,47,SG/86,13:33:00,13:33:00,pass
L,47,FO/86,13:36:00,13:36:00,pass
L,47,KØ/86,13:39:00,13:39:00,pass
L,47,SPR/86,13:45:00,13:45:00,pass
L,47,NG/86,13:50:00,13:50:00,pass
L,47,JU/86,13:52:00,13:52:00,pass
L,47,UV/86,13:54:00,13:54:00,pass
L,47,LV/86,13:56:00,13:56:00,pass
L,47,MV/86,13:58:00,13:58:00,pass
L,47,OD/86,14:03:00,14:06:00,stop
L,47,HP/86,14:10:00,14:10:00,stop
L,47,TP/86,14:13:00,14:13:00,pass
L,47,SC/86,14:14:00,14:14:00,pass
L,47,BD/86,14:15:00,14:15:00,pass
L,47,AP/86,14:17:00,14:17:00,pass
L,47,GD/86,14:19:00,14:19:00,pass
L,47,EB/86,14:21:00,14:21:00,pass
L,47,NA/86,14:23:00,14:23:00,pass
L,47,KA/86,14:24:00,14:24:00,pass
L,47,MD/86,14:27:00,14:27:00,pass
L,47,SNO/86,14:31:00,14:31:00,pass
L,47,FA/86,14:34:00,14:38:00,stop
L,47,BK/86,14:44:00,14:44:00,stop
L,47,BET/86,14:45:00,14:45:00,pass
L,47,VJ/86,14:51:00,14:53:00,stop
L,47,HED/86,15:01:00,15:01:00,stop
L,47,HS/86,15:08:00,15:10:00,stop
L,47,HÅ/86,15:17:00,15:17:00,stop
L,47,SD/86,15:24:00,15:25:00,stop
L,47,HX/86,15:30:00,15:30:00,stop
L,47,HC/86,15:32:00,15:32:00,pass
L,47,VI/86,15:34:00,15:34:00,pass
L,47,KGV/86,15:35:00,15:35:00,pass
L,47,AR/86,15:38:00,00:00:00,stop
L,50,AR/86,00:00:00,15:20:00,stop
L,50,KGV/86,15:23:00,15:23:00,stop
L,50,VI/86,15:24:00,15:24:00,pass
L,50,HC/86,15:26:00,15:26:00,pass
L,50,HX/86,15:28:00,15:28:00,pass
L,50,SD/86,15:32:00,15:34:00,stop
L,50,HÅ/86,15:41:00,15:41:00,stop
L,50,HS/86,15:47:00,15:49:00,stop
L,50,HED/86,15:57:00,15:57:00,stop
L,50,VJ/86,16:04:00,16:06:00,stop
L,50,BET/86,16:11:00,16:11:00,stop
L,50,BK/86,16:13:00,16:13:00,pass
L,50,FA/86,16:21:00,16:27:00,stop
L,50,SNO/86,16:29:00,16:29:00,stop
L,50,MD/86,16:34:00,16:34:00,pass
L,50,KA/86,16:36:00,16:36:00,pass
L,50,NA/86,16:38:00,16:38:00,pass
L,50,EB/86,16:40:00,16:40:00,pass
L,50,GD/86,16:41:00,16:41:00,pass
L,50,AP/86,16:44:00,16:44:00,pass
L,50,BD/86,16:45:00,16:45:00,pass
L,50,SC/86,16:46:00,16:46:00,pass
L,50,TP/86,16:47:00,16:47:00,pass
L,50,HP/86,16:50:00,16:50:00,pass
L,50,OD/86,16:54:00,16:57:00,stop
L,50,MV/86,17:02:00,17:02:00,stop
L,50,LV/86,17:03:00,17:03:00,pass
L,50,UV/86,17:05:00,17:05:00,pass
L,50,JU/86,17:07:00,17:07:00,pass
L,50,NG/86,17:09:00,17:09:00,pass
L,50,SPR/86,17:13:00,17:13:00,pass
L,50,KØ/86,17:18:00,17:18:00,pass
L,50,FO/86,17:21:00,17:21:00,pass
L,50,SG/86,17:24:00,17:24:00,pass
L,50,SO/86,17:30:00,17:30:00,pass
L,50,FJ/86,17:32:00,17:32:00,pass
L,50,RG/86,17:36:00,17:36:00,pass
L,50,ADA/86,17:40:00,17:40:00,pass
L,50,BJS/86,17:44:00,17:44:00,pass
L,50,LEL/86,17:46:00,17:46:00,pass
L,50,KJN/86,17:48:00,17:48:00,pass
L,50,JSF/86,17:48:20,17:48:20,pass
L,50,KIB/86,17:53:00,17:53:00,pass
L,50,AVH/86,17:57:00,17:57:00,pass
L,50,IG/86,17:59:00,17:59:00,pass
L,50,NEL/86,17:59:20,17:59:20,pass
L,50,GB/86,18:00:00,18:00:00,pass
L,50,KH/86,18:06:00,18:18:00,stop
L,50,BAN/86,18:21:00,18:21:00,stop
L,50,KLV/86,18:23:00,18:23:00,pass
L,50,ØRE/86,18:26:00,18:26:00,pass
L,50,TÅT/86,18:29:00,18:29:00,pass
L,50,CPH/86,18:32:00,00:00:00,stop
L,51,CPH/86,00:00:00,13:26:00,stop
L,51,TÅT/86,13:29:00,13:29:00,stop
L,51,ØRE/86,13:32:00,13:32:00,pass
L,51,KLV/86,13:34:00,13:34:00,pass
L,51,BAN/86,13:35:00,13:35:00,pass
L,51,KH/86,13:40:00,13:52:00,stop
L,51,GB/86,13:55:00,13:55:00,stop
L,51,NEL/86,13:56:00,13:56:00,pass
L,51,IG/86,13:56:20,13:56:20,pass
L,51,AVH/86,13:58:00,13:58:00,pass
L,51,KIB/86,14:04:00,14:04:00,pass
L,51,JSF/86,14:08:00,14:08:00,pass
L,51,KJN/86,14:09:00,14:09:00,pass
L,51,LEL/86,14:10:00,14:10:00,pass
L,51,BJS/86,14:13:00,14:13:00,pass
L,51,ADA/86,14:17:00,14:17:00,pass
L,51,RG/86,14:19:00,14:19:00,pass
L,51,FJ/86,14:24:00,14:24:00,pass
L,51,SO/86,14:27:00,14:27:00,pass
L,51,SG/86,14:33:00,14:33:00,pass
L,51,FO/86,14:36:00,14:36:00,pass
L,51,KØ/86,14:39:00,14:39:00,pass
L,51,SPR/86,14:45:00,14:45:00,pass
L,51,NG/86,14:50:00,14:50:00,pass
L,51,JU/86,14:52:00,14:52:00,pass
L,51,UV/86,14:54:00,14:54:00,pass
L,51,LV/86,14:56:00,14:56:00,pass
L,51,MV/86,14:58:00,14:58:00,pass
L,51,OD/86,15:03:00,15:06:00,stop
L,51,HP/86,15:10:00,15:10:00,stop
L,51,TP/86,15:13:00,15:13:00,pass
L,51,SC/86,15:14:00,15:14:00,pass
L,51,BD/86,15:15:00,15:15:00,pass
L,51,AP/86,15:17:00,15:17:00,pass
L,51,GD/86,15:19:00,15:19:00,pass
L,51,EB/86,15:21:00,15:21:00,pass
L,51,NA/86,15:23:00,15:23:00,pass
L,51,KA/86,15:24:00,15:24:00,pass
L,51,MD/86,15:27:00,15:27:00,pass
L,51,SNO/86,15:31:00,15:31:00,pass
L,51,FA/86,15:34:00,15:38:00,stop
L,51,BK/86,15:44:00,15:44:00,stop
L,51,BET/86,15:45:00,15:45:00,pass
L,51,VJ/86,15:51:00,15:53:00,stop
L,51,HED/86,16:01:00,16:01:00,stop
L,51,HS/86,16:08:00,16:10:00,stop
L,51,HÅ/86,16:17:00,16:17:00,stop
L,51,SD/86,16:24:00,16:25:00,stop
L,51,HX/86,16:30:00,16:30:00,stop
L,51,HC/86,16:32:00,16:32:00,pass
L,51,VI/86,16:34:00,16:34:00,pass
L,51,KGV/86,16:35:00,16:35:00,pass
L,51,AR/86,16:38:00,00:00:00,stop
L,54,AR/86,00:00:00,16:20:00,stop
L,54,KGV/86,16:23:00,16:23:00,stop
L,54,VI/86,16:24:00,16:24:00,pass
L,54,HC/86,16:26:00,16:26:00,pass
L,54,HX/86,16:28:00,16:28:00,pass
L,54,SD/86,16:32:00,16:34:00,stop
L,54,HÅ/86,16:41:00,16:41:00,stop
L,54,HS/86,16:47:00,16:49:00,stop
L,54,HED/86,16:57:00,16:57:00,stop
L,54,VJ/86,17:04:00,17:06:00,stop
L,54,BET/86,17:11:00,17:11:00,stop
L,54,BK/86,17:13:00,17:13:00,pass
L,54,FA/86,17:21:00,17:27:00,stop
L,54,SNO/86,17:29:00,17:29:00,stop
L,54,MD/86,17:34:00,17:34:00,pass
L,54,KA/86,17:36:00,17:36:00,pass
L,54,NA/86,17:38:00,17:38:00,pass
L,54,EB/86,17:40:00,17:40:00,pass
L,54,GD/86,17:41:00,17:41:00,pass
L,54,AP/86,17:44:00,17:44:00,pass
L,54,BD/86,17:45:00,17:45:00,pass
L,54,SC/86,17:46:00,17:46:00,pass
L,54,TP/86,17:47:00,17:47:00,pass
L,54,HP/86,17:50:00,17:50:00,pass
L,54,OD/86,17:54:00,17:57:00,stop
L,54,MV/86,18:02:00,18:02:00,stop
L,54,LV/86,18:03:00,18:03:00,pass
L,54,UV/86,18:05:00,18:05:00,pass
L,54,JU/86,18:07:00,18:07:00,pass
L,54,NG/86,18:09:00,18:09:00,pass
L,54,SPR/86,18:13:00,18:13:00,pass
L,54,KØ/86,18:18:00,18:18:00,pass
L,54,FO/86,18:21:00,18:21:00,pass
L,54,SG/86,18:24:00,18:24:00,pass
L,54,SO/86,18:30:00,18:30:00,pass
L,54,FJ/86,18:32:00,18:32:00,pass
L,54,RG/86,18:36:00,18:36:00,pass
L,54,ADA/86,18:40:00,18:40:00,pass
L,54,BJS/86,18:44:00,18:44:00,pass
L,54,LEL/86,18:46:00,18:46:00,pass
L,54,KJN/86,18:48:00,18:48:00,pass
L,54,JSF/86,18:48:20,18:48:20,pass
L,54,KIB/86,18:53:00,18:53:00,pass
L,54,AVH/86,18:57:00,18:57:00,pass
L,54,IG/86,18:59:00,18:59:00,pass
L,54,NEL/86,18:59:20,18:59:20,pass
L,54,GB/86,19:00:00,19:00:00,pass
L,54,KH/86,19:06:00,19:18:00,stop
L,54,BAN/86,19:21:00,19:21:00,stop
L,54,KLV/86,19:23:00,19:23:00,pass
L,54,ØRE/86,19:26:00,19:26:00,pass
L,54,TÅT/86,19:29:00,19:29:00,pass
L,54,CPH/86,19:32:00,00:00:00,stop
L,55,CPH/86,00:00:00,14:26:00,stop
L,55,TÅT/86,14:29:00,14:29:00,stop
L,55,ØRE/86,14:32:00,14:32:00,pass
L,55,KLV/86,14:34:00,14:34:00,pass
L,55,BAN/86,14:35:00,14:35:00,pass
L,55,KH/86,14:40:00,14:52:00,stop
L,55,GB/86,14:55:00,14:55:00,stop
L,55,NEL/86,14:56:00,14:56:00,pass
L,55,IG/86,14:56:20,14:56:20,pass
L,55,AVH/86,14:58:00,14:58:00,pass
L,55,KIB/86,15:04:00,15:04:00,pass
L,55,JSF/86,15:08:00,15:08:00,pass
L,55,KJN/86,15:09:00,15:09:00,pass
L,55,LEL/86,15:10:00,15:10:00,pass
L,55,BJS/86,15:13:00,15:13:00,pass
L,55,ADA/86,15:17:00,15:17:00,pass
L,55,RG/86,15:19:00,15:19:00,pass
L,55,FJ/86,15:24:00,15:24:00,pass
L,55,SO/86,15:27:00,15:27:00,pass
L,55,SG/86,15:33:00,15:33:00,pass
L,55,FO/86,15:36:00,15:36:00,pass
L,55,KØ/86,15:39:00,15:39:00,pass
L,55,SPR/86,15:45:00,15:45:00,pass
L,55,NG/86,15:50:00,15:50:00,pass
L,55,JU/86,15:52:00,15:52:00,pass
L,55,UV/86,15:54:00,15:54:00,pass
L,55,LV/86,15:56:00,15:56:00,pass
L,55,MV/86,15:58:00,15:58:00,pass
L,55,OD/86,16:03:00,16:06:00,stop
L,55,HP/86,16:10:00,16:10:00,stop
L,55,TP/86,16:13:00,16:13:00,pass
L,55,SC/86,16:14:00,16:14:00,pass
L,55,BD/86,16:15:00,16:15:00,pass
L,55,AP/86,16:17:00,16:17:00,pass
L,55,GD/86,16:19:00,16:19:00,pass
L,55,EB/86,16:21:00,16:21:00,pass
L,55,NA/86,16:23:00,16:23:00,pass
L,55,KA/86,16:24:00,16:24:00,pass
L,55,MD/86,16:27:00,16:27:00,pass
L,55,SNO/86,16:31:00,16:31:00,pass
L,55,FA/86,16:34:00,16:38:00,stop
L,55,BK/86,16:44:00,16:44:00,stop
L,55,BET/86,16:45:00,16:45:00,pass
L,55,VJ/86,16:51:00,16:53:00,stop
L,55,HED/86,17:01:00,17:01:00,stop
L,55,HS/86,17:08:00,17:10:00,stop
L,55,HÅ/86,17:17:00,17:17:00,stop
L,55,SD/86,17:24:00,17:25:00,stop
L,55,HX/86,17:30:00,17:30:00,stop
L,55,HC/86,17:32:00,17:32:00,pass
L,55,VI/86,17:34:00,17:34:00,pass
L,55,KGV/86,17:35:00,17:35:00,pass
L,55,AR/86,17:38:00,00:00:00,stop
L,59,CPH/86,00:00:00,15:26:00,stop
L,59,TÅT/86,15:29:00,15:29:00,stop
L,59,ØRE/86,15:32:00,15:32:00,pass
L,59,KLV/86,15:34:00,15:34:00,pass
L,59,BAN/86,15:35:00,15:35:00,pass
L,59,KH/86,15:40:00,15:52:00,stop
L,59,GB/86,15:55:00,15:55:00,stop
L,59,NEL/86,15:56:00,15:56:00,pass
L,59,IG/86,15:56:20,15:56:20,pass
L,59,AVH/86,15:58:00,15:58:00,pass
L,59,KIB/86,16:04:00,16:04:00,pass
L,59,JSF/86,16:08:00,16:08:00,pass
L,59,KJN/86,16:09:00,16:09:00,pass
L,59,LEL/86,16:10:00,16:10:00,pass
L,59,BJS/86,16:13:00,16:13:00,pass
L,59,ADA/86,16:17:00,16:17:00,pass
L,59,RG/86,16:19:00,16:19:00,pass
L,59,FJ/86,16:24:00,16:24:00,pass
L,59,SO/86,16:27:00,16:27:00,pass
L,59,SG/86,16:33:00,16:33:00,pass
L,59,FO/86,16:36:00,16:36:00,pass
L,59,KØ/86,16:39:00,16:39:00,pass
L,59,SPR/86,16:45:00,16:45:00,pass
L,59,NG/86,16:50:00,16:50:00,pass
L,59,JU/86,16:52:00,16:52:00,pass
L,59,UV/86,16:54:00,16:54:00,pass
L,59,LV/86,16:56:00,16:56:00,pass
L,59,MV/86,16:58:00,16:58:00,pass
L,59,OD/86,17:03:00,17:06:00,stop
L,59,HP/86,17:10:00,17:10:00,stop
L,59,TP/86,17:13:00,17:13:00,pass
L,59,SC/86,17:14:00,17:14:00,pass
L,59,BD/86,17:15:00,17:15:00,pass
L,59,AP/86,17:17:00,17:17:00,pass
L,59,GD/86,17:19:00,17:19:00,pass
L,59,EB/86,17:21:00,17:21:00,pass
L,59,NA/86,17:23:00,17:23:00,pass
L,59,KA/86,17:24:00,17:24:00,pass
L,59,MD/86,17:27:00,17:27:00,pass
L,59,SNO/86,17:31:00,17:31:00,pass
L,59,FA/86,17:34:00,17:38:00,stop
L,59,BK/86,17:44:00,17:44:00,stop
L,59,BET/86,17:45:00,17:45:00,pass
L,59,VJ/86,17:51:00,17:53:00,stop
L,59,HED/86,18:01:00,18:01:00,stop
L,59,HS/86,18:08:00,18:10:00,stop
L,59,HÅ/86,18:17:00,18:17:00,stop
L,59,SD/86,18:24:00,18:25:00,stop
L,59,HX/86,18:30:00,18:30:00,stop
L,59,HC/86,18:32:00,18:32:00,pass
L,59,VI/86,18:34:00,18:34:00,pass
L,59,KGV/86,18:35:00,18:35:00,pass
L,59,AR/86,18:38:00,00:00:00,stop
L,63,CPH/86,00:00:00,16:26:00,stop
L,63,TÅT/86,16:29:00,16:29:00,stop
L,63,ØRE/86,16:32:00,16:32:00,pass
L,63,KLV/86,16:34:00,16:34:00,pass
L,63,BAN/86,16:35:00,16:35:00,pass
L,63,KH/86,16:40:00,16:52:00,stop
L,63,GB/86,16:55:00,16:55:00,stop
L,63,NEL/86,16:56:00,16:56:00,pass
L,63,IG/86,16:56:20,16:56:20,pass
L,63,AVH/86,16:58:00,16:58:00,pass
L,63,KIB/86,17:04:00,17:04:00,pass
L,63,JSF/86,17:08:00,17:08:00,pass
L,63,KJN/86,17:09:00,17:09:00,pass
L,63,LEL/86,17:10:00,17:10:00,pass
L,63,BJS/86,17:13:00,17:13:00,pass
L,63,ADA/86,17:17:00,17:17:00,pass
L,63,RG/86,17:19:00,17:19:00,pass
L,63,FJ/86,17:24:00,17:24:00,pass
L,63,SO/86,17:27:00,17:27:00,pass
L,63,SG/86,17:33:00,17:33:00,pass
L,63,FO/86,17:36:00,17:36:00,pass
L,63,KØ/86,17:39:00,17:39:00,pass
L,63,SPR/86,17:45:00,17:45:00,pass
L,63,NG/86,17:50:00,17:50:00,pass
L,63,JU/86,17:52:00,17:52:00,pass
L,63,UV/86,17:54:00,17:54:00,pass
L,63,LV/86,17:56:00,17:56:00,pass
L,63,MV/86,17:58:00,17:58:00,pass
L,63,OD/86,18:03:00,18:06:00,stop
L,63,HP/86,18:10:00,18:10:00,stop
L,63,TP/86,18:13:00,18:13:00,pass
L,63,SC/86,18:14:00,18:14:00,pass
L,63,BD/86,18:15:00,18:15:00,pass
L,63,AP/86,18:17:00,18:17:00,pass
L,63,GD/86,18:19:00,18:19:00,pass
L,63,EB/86,18:21:00,18:21:00,pass
L,63,NA/86,18:23:00,18:23:00,pass
L,63,KA/86,18:24:00,18:24:00,pass
L,63,MD/86,18:27:00,18:27:00,pass
L,63,SNO/86,18:31:00,18:31:00,pass
L,63,FA/86,18:34:00,18:38:00,stop
L,63,BK/86,18:44:00,18:44:00,stop
L,63,BET/86,18:45:00,18:45:00,pass
L,63,VJ/86,18:51:00,18:53:00,stop
L,63,HED/86,19:01:00,19:01:00,stop
L,63,HS/86,19:08:00,19:10:00,stop
L,63,HÅ/86,19:17:00,19:17:00,stop
L,63,SD/86,19:24:00,19:25:00,stop
L,63,HX/86,19:30:00,19:30:00,stop
L,63,HC/86,19:32:00,19:32:00,pass
L,63,VI/86,19:34:00,19:34:00,pass
L,63,KGV/86,19:35:00,19:35:00,pass
L,63,AR/86,19:38:00,00:00:00,stop
L,75,CPH/86,00:00:00,19:26:00,stop
L,75,TÅT/86,19:29:00,19:29:00,stop
L,75,ØRE/86,19:32:00,19:32:00,pass
L,75,KLV/86,19:34:00,19:34:00,pass
L,75,BAN/86,19:35:00,19:35:00,pass
L,75,KH/86,19:40:00,19:52:00,stop
L,75,GB/86,19:55:00,19:55:00,stop
L,75,NEL/86,19:56:00,19:56:00,pass
L,75,IG/86,19:56:20,19:56:20,pass
L,75,AVH/86,19:58:00,19:58:00,pass
L,75,KIB/86,20:04:00,20:04:00,pass
L,75,JSF/86,20:08:00,20:08:00,pass
L,75,KJN/86,20:09:00,20:09:00,pass
L,75,LEL/86,20:10:00,20:10:00,pass
L,75,BJS/86,20:13:00,20:13:00,pass
L,75,ADA/86,20:17:00,20:17:00,pass
L,75,RG/86,20:19:00,20:19:00,pass
L,75,FJ/86,20:24:00,20:24:00,pass
L,75,SO/86,20:27:00,20:27:00,pass
L,75,SG/86,20:33:00,20:33:00,pass
L,75,FO/86,20:36:00,20:36:00,pass
L,75,KØ/86,20:39:00,20:39:00,pass
L,75,SPR/86,20:45:00,20:45:00,pass
L,75,NG/86,20:50:00,20:50:00,pass
L,75,JU/86,20:52:00,20:52:00,pass
L,75,UV/86,20:54:00,20:54:00,pass
L,75,LV/86,20:56:00,20:56:00,pass
L,75,MV/86,20:58:00,20:58:00,pass
L,75,OD/86,21:03:00,21:06:00,stop
L,75,HP/86,21:10:00,21:10:00,stop
L,75,TP/86,21:13:00,21:13:00,pass
L,75,SC/86,21:14:00,21:14:00,pass
L,75,BD/86,21:15:00,21:15:00,pass
L,75,AP/86,21:17:00,21:17:00,pass
L,75,GD/86,21:19:00,21:19:00,pass
L,75,EB/86,21:21:00,21:21:00,pass
L,75,NA/86,21:23:00,21:23:00,pass
L,75,KA/86,21:24:00,21:24:00,pass
L,75,MD/86,21:27:00,21:27:00,pass
L,75,SNO/86,21:31:00,21:31:00,pass
L,75,FA/86,21:34:00,21:38:00,stop
L,75,BK/86,21:44:00,21:44:00,stop
L,75,BET/86,21:45:00,21:45:00,pass
L,75,VJ/86,21:51:00,21:53:00,stop
L,75,HED/86,22:01:00,22:01:00,stop
L,75,HS/86,22:08:00,22:10:00,stop
L,75,HÅ/86,22:17:00,22:17:00,stop
L,75,SD/86,22:24:00,22:25:00,stop
L,75,HX/86,22:30:00,22:30:00,stop
L,75,HC/86,22:32:00,22:32:00,pass
L,75,VI/86,22:34:00,22:34:00,pass
L,75,KGV/86,22:35:00,22:35:00,pass
L,75,AR/86,22:38:00,00:00:00,stop
L,746,STR/86,00:00:00,13:04:00,stop
L,746,HM/86,13:10:00,13:11:00,stop
L,746,HO/86,13:17:00,13:18:00,stop
L,746,TS/86,13:25:00,13:25:00,stop
L,746,UU/86,13:31:00,13:31:00,stop
L,746,ID/86,13:37:00,13:40:00,stop
L,746,IB/86,13:44:00,13:44:00,stop
L,746,GP/86,13:46:00,13:47:00,stop
L,746,HR/86,13:52:00,13:59:00,stop
L,746,KE/86,14:05:00,14:05:00,stop
L,746,FT/86,14:08:00,14:08:00,pass
L,746,BB/86,14:13:00,14:14:00,stop
L,746,TY/86,14:20:00,14:21:00,stop
L,746,GW/86,14:27:00,14:28:00,stop
L,746,GG/86,14:35:00,14:35:00,stop
L,746,JL/86,14:40:00,14:40:00,stop
L,746,GES/86,14:49:00,14:49:00,stop
L,746,VJS/86,14:52:00,14:53:00,stop
L,746,VJ/86,14:55:00,14:58:00,stop
L,746,BET/86,15:04:00,15:04:00,stop
L,746,BK/86,15:05:00,15:05:00,pass
L,746,FA/86,15:14:00,00:00:00,stop
L,62,AR/86,00:00:00,18:20:00,stop
L,62,KGV/86,18:23:00,18:23:00,stop
L,62,VI/86,18:24:00,18:24:00,pass
L,62,HC/86,18:26:00,18:26:00,pass
L,62,HX/86,18:28:00,18:28:00,pass
L,62,SD/86,18:32:00,18:34:00,stop
L,62,HÅ/86,18:41:00,18:41:00,stop
L,62,HS/86,18:47:00,18:49:00,stop
L,62,HED/86,18:57:00,18:57:00,stop
L,62,VJ/86,19:04:00,19:06:00,stop
L,62,BET/86,19:11:00,19:11:00,stop
L,62,BK/86,19:13:00,19:13:00,pass
L,62,FA/86,19:21:00,19:27:00,stop
L,62,SNO/86,19:29:00,19:29:00,stop
L,62,MD/86,19:34:00,19:34:00,pass
L,62,KA/86,19:36:00,19:36:00,pass
L,62,NA/86,19:38:00,19:38:00,pass
L,62,EB/86,19:40:00,19:40:00,pass
L,62,GD/86,19:41:00,19:41:00,pass
L,62,AP/86,19:44:00,19:44:00,pass
L,62,BD/86,19:45:00,19:45:00,pass
L,62,SC/86,19:46:00,19:46:00,pass
L,62,TP/86,19:47:00,19:47:00,pass
L,62,HP/86,19:50:00,19:50:00,pass
L,62,OD/86,19:54:00,19:57:00,stop
L,62,MV/86,20:02:00,20:02:00,stop
L,62,LV/86,20:03:00,20:03:00,pass
L,62,UV/86,20:05:00,20:05:00,pass
L,62,JU/86,20:07:00,20:07:00,pass
L,62,NG/86,20:09:00,20:09:00,pass
L,62,SPR/86,20:13:00,20:13:00,pass
L,62,KØ/86,20:18:00,20:18:00,pass
L,62,FO/86,20:21:00,20:21:00,pass
L,62,SG/86,20:24:00,20:24:00,pass
L,62,SO/86,20:30:00,20:30:00,pass
L,62,FJ/86,20:32:00,20:32:00,pass
L,62,RG/86,20:36:00,20:36:00,pass
L,62,ADA/86,20:40:00,20:40:00,pass
L,62,BJS/86,20:44:00,20:44:00,pass
L,62,LEL/86,20:46:00,20:46:00,pass
L,62,KJN/86,20:48:00,20:48:00,pass
L,62,JSF/86,20:48:20,20:48:20,pass
L,62,KIB/86,20:53:00,20:53:00,pass
L,62,AVH/86,20:57:00,20:57:00,pass
L,62,IG/86,20:59:00,20:59:00,pass
L,62,NEL/86,20:59:20,20:59:20,pass
L,62,GB/86,21:00:00,21:00:00,pass
L,62,KH/86,21:06:00,21:18:00,stop
L,62,BAN/86,21:21:00,21:21:00,stop
L,62,KLV/86,21:23:00,21:23:00,pass
L,62,ØRE/86,21:26:00,21:26:00,pass
L,62,TÅT/86,21:29:00,21:29:00,pass
L,62,CPH/86,21:32:00,00:00:00,stop
L,22,AR/86,00:00:00,08:20:00,stop
L,22,KGV/86,08:23:00,08:23:00,stop
L,22,VI/86,08:24:00,08:24:00,pass
L,22,HC/86,08:26:00,08:26:00,pass
L,22,HX/86,08:28:00,08:28:00,pass
L,22,SD/86,08:32:00,08:34:00,stop
L,22,HÅ/86,08:41:00,08:41:00,stop
L,22,HS/86,08:47:00,08:49:00,stop
L,22,HED/86,08:57:00,08:57:00,stop
L,22,VJ/86,09:04:00,09:06:00,stop
L,22,BET/86,09:11:00,09:11:00,stop
L,22,BK/86,09:13:00,09:13:00,pass
L,22,FA/86,09:21:00,09:27:00,stop
L,22,SNO/86,09:29:00,09:29:00,stop
L,22,MD/86,09:34:00,09:34:00,pass
L,22,KA/86,09:36:00,09:36:00,pass
L,22,NA/86,09:38:00,09:38:00,pass
L,22,EB/86,09:40:00,09:40:00,pass
L,22,GD/86,09:41:00,09:41:00,pass
L,22,AP/86,09:44:00,09:44:00,pass
L,22,BD/86,09:45:00,09:45:00,pass
L,22,SC/86,09:46:00,09:46:00,pass
L,22,TP/86,09:47:00,09:47:00,pass
L,22,HP/86,09:50:00,09:50:00,pass
L,22,OD/86,09:54:00,09:57:00,stop
L,22,MV/86,10:02:00,10:02:00,stop
L,22,LV/86,10:03:00,10:03:00,pass
L,22,UV/86,10:05:00,10:05:00,pass
L,22,JU/86,10:07:00,10:07:00,pass
L,22,NG/86,10:09:00,10:09:00,pass
L,22,SPR/86,10:13:00,10:13:00,pass
L,22,KØ/86,10:18:00,10:18:00,pass
L,22,FO/86,10:21:00,10:21:00,pass
L,22,SG/86,10:24:00,10:24:00,pass
L,22,SO/86,10:30:00,10:30:00,pass
L,22,FJ/86,10:32:00,10:32:00,pass
L,22,RG/86,10:36:00,10:36:00,pass
L,22,ADA/86,10:40:00,10:40:00,pass
L,22,BJS/86,10:44:00,10:44:00,pass
L,22,LEL/86,10:46:00,10:46:00,pass
L,22,KJN/86,10:48:00,10:48:00,pass
L,22,JSF/86,10:48:20,10:48:20,pass
L,22,KIB/86,10:53:00,10:53:00,pass
L,22,AVH/86,10:57:00,10:57:00,pass
L,22,IG/86,10:59:00,10:59:00,pass
L,22,NEL/86,10:59:20,10:59:20,pass
L,22,GB/86,11:00:00,11:00:00,pass
L,22,KH/86,11:06:00,11:18:00,stop
L,22,BAN/86,11:21:00,11:21:00,stop
L,22,KLV/86,11:23:00,11:23:00,pass
L,22,ØRE/86,11:26:00,11:26:00,pass
L,22,TÅT/86,11:29:00,11:29:00,pass
L,22,CPH/86,11:32:00,00:00:00,stop
L,67,CPH/86,00:00:00,17:27:00,stop
L,67,TÅT/86,17:30:00,17:30:00,stop
L,67,ØRE/86,17:33:00,17:33:00,pass
L,67,KLV/86,17:35:00,17:35:00,pass
L,67,BAN/86,17:36:00,17:36:00,pass
L,67,KH/86,17:40:00,17:52:00,stop
L,67,GB/86,17:55:00,17:55:00,stop
L,67,NEL/86,17:56:00,17:56:00,pass
L,67,IG/86,17:56:20,17:56:20,pass
L,67,AVH/86,17:58:00,17:58:00,pass
L,67,KIB/86,18:04:00,18:04:00,pass
L,67,JSF/86,18:08:00,18:08:00,pass
L,67,KJN/86,18:09:00,18:09:00,pass
L,67,LEL/86,18:10:00,18:10:00,pass
L,67,BJS/86,18:13:00,18:13:00,pass
L,67,ADA/86,18:17:00,18:17:00,pass
L,67,RG/86,18:19:00,18:19:00,pass
L,67,FJ/86,18:24:00,18:24:00,pass
L,67,SO/86,18:27:00,18:27:00,pass
L,67,SG/86,18:33:00,18:33:00,pass
L,67,FO/86,18:36:00,18:36:00,pass
L,67,KØ/86,18:39:00,18:39:00,pass
L,67,SPR/86,18:45:00,18:45:00,pass
L,67,NG/86,18:50:00,18:50:00,pass
L,67,JU/86,18:52:00,18:52:00,pass
L,67,UV/86,18:54:00,18:54:00,pass
L,67,LV/86,18:56:00,18:56:00,pass
L,67,MV/86,18:58:00,18:58:00,pass
L,67,OD/86,19:03:00,19:06:00,stop
L,67,HP/86,19:10:00,19:10:00,stop
L,67,TP/86,19:13:00,19:13:00,pass
L,67,SC/86,19:14:00,19:14:00,pass
L,67,BD/86,19:15:00,19:15:00,pass
L,67,AP/86,19:17:00,19:17:00,pass
L,67,GD/86,19:19:00,19:19:00,pass
L,67,EB/86,19:21:00,19:21:00,pass
L,67,NA/86,19:23:00,19:23:00,pass
L,67,KA/86,19:24:00,19:24:00,pass
L,67,MD/86,19:27:00,19:27:00,pass
L,67,SNO/86,19:31:00,19:31:00,pass
L,67,FA/86,19:34:00,19:38:00,stop
L,67,BK/86,19:44:00,19:44:00,stop
L,67,BET/86,19:45:00,19:45:00,pass
L,67,VJ/86,19:51:00,19:53:00,stop
L,67,HED/86,20:01:00,20:01:00,stop
L,67,HS/86,20:08:00,20:10:00,stop
L,67,HÅ/86,20:17:00,20:17:00,stop
L,67,SD/86,20:24:00,20:25:00,stop
L,67,HX/86,20:30:00,20:30:00,stop
L,67,HC/86,20:32:00,20:32:00,pass
L,67,VI/86,20:34:00,20:34:00,pass
L,67,KGV/86,20:35:00,20:35:00,pass
L,67,AR/86,20:38:00,00:00:00,stop
L,723,FA/86,00:00:00,08:43:00,stop
L,723,BK/86,08:49:00,08:49:00,stop
L,723,BET/86,08:51:00,08:51:00,pass
L,723,VJ/86,08:57:00,08:59:00,stop
L,723,VJS/86,09:01:00,09:01:00,stop
L,723,GES/86,09:06:00,09:06:00,stop
L,723,JL/86,09:16:00,09:16:00,stop
L,723,GG/86,09:21:00,09:21:00,stop
L,723,GW/86,09:28:00,09:29:00,stop
L,723,TY/86,09:34:00,09:35:00,stop
L,723,BB/86,09:41:00,09:42:00,stop
L,723,FT/86,09:46:00,09:46:00,stop
L,723,KE/86,09:50:00,09:50:00,pass
L,723,HR/86,09:56:00,09:58:00,stop
L,723,GP/86,10:03:00,10:03:00,stop
L,723,IB/86,10:06:00,10:06:00,stop
L,723,ID/86,10:10:00,10:11:00,stop
L,723,UU/86,10:16:00,10:17:00,stop
L,723,TS/86,10:23:00,10:25:00,stop
L,723,HO/86,10:32:00,10:34:00,stop
L,723,HM/86,10:40:00,10:41:00,stop
L,723,STR/86,10:48:00,00:00:00,stop
L,58,AR/86,00:00:00,17:20:00,stop
L,58,KGV/86,17:23:00,17:23:00,stop
L,58,VI/86,17:24:00,17:24:00,pass
L,58,HC/86,17:26:00,17:26:00,pass
L,58,HX/86,17:28:00,17:28:00,pass
L,58,SD/86,17:32:00,17:34:00,stop
L,58,HÅ/86,17:41:00,17:41:00,stop
L,58,HS/86,17:47:00,17:49:00,stop
L,58,HED/86,17:57:00,17:57:00,stop
L,58,VJ/86,18:04:00,18:06:00,stop
L,58,BET/86,18:11:00,18:11:00,stop
L,58,BK/86,18:13:00,18:13:00,pass
L,58,FA/86,18:21:00,18:27:00,stop
L,58,SNO/86,18:29:00,18:29:00,stop
L,58,MD/86,18:34:00,18:34:00,pass
L,58,KA/86,18:36:00,18:36:00,pass
L,58,NA/86,18:38:00,18:38:00,pass
L,58,EB/86,18:40:00,18:40:00,pass
L,58,GD/86,18:41:00,18:41:00,pass
L,58,AP/86,18:44:00,18:44:00,pass
L,58,BD/86,18:45:00,18:45:00,pass
L,58,SC/86,18:46:00,18:46:00,pass
L,58,TP/86,18:47:00,18:47:00,pass
L,58,HP/86,18:50:00,18:50:00,pass
L,58,OD/86,18:54:00,18:57:00,stop
L,58,MV/86,19:02:00,19:02:00,stop
L,58,LV/86,19:03:00,19:03:00,pass
L,58,UV/86,19:05:00,19:05:00,pass
L,58,JU/86,19:07:00,19:07:00,pass
L,58,NG/86,19:09:00,19:09:00,pass
L,58,SPR/86,19:13:00,19:13:00,pass
L,58,KØ/86,19:18:00,19:18:00,pass
L,58,FO/86,19:21:00,19:21:00,pass
L,58,SG/86,19:24:00,19:24:00,pass
L,58,SO/86,19:30:00,19:30:00,pass
L,58,FJ/86,19:32:00,19:32:00,pass
L,58,RG/86,19:36:00,19:36:00,pass
L,58,ADA/86,19:40:00,19:40:00,pass
L,58,BJS/86,19:44:00,19:44:00,pass
L,58,LEL/86,19:46:00,19:46:00,pass
L,58,KJN/86,19:48:00,19:48:00,pass
L,58,JSF/86,19:48:20,19:48:20,pass
L,58,KIB/86,19:53:00,19:53:00,pass
L,58,AVH/86,19:57:00,19:57:00,pass
L,58,IG/86,19:59:00,19:59:00,pass
L,58,NEL/86,19:59:20,19:59:20,pass
L,58,GB/86,20:00:00,20:00:00,pass
L,58,KH/86,20:06:00,20:18:00,stop
L,58,BAN/86,20:21:00,20:21:00,stop
L,58,KLV/86,20:23:00,20:23:00,pass
L,58,ØRE/86,20:26:00,20:26:00,pass
L,58,TÅT/86,20:29:00,20:29:00,pass
L,58,CPH/86,20:32:00,00:00:00,stop
L,747,VJ/86,00:00:00,14:59:00,stop
L,747,VJS/86,15:01:00,15:01:00,stop
L,747,GES/86,15:06:00,15:06:00,stop
L,747,JL/86,15:16:00,15:16:00,stop
L,747,GG/86,15:21:00,15:21:00,stop
L,747,GW/86,15:28:00,15:29:00,stop
L,747,TY/86,15:34:00,15:35:00,stop
L,747,BB/86,15:41:00,15:42:00,stop
L,747,FT/86,15:46:00,15:46:00,stop
L,747,KE/86,15:50:00,15:50:00,pass
L,747,HR/86,15:56:00,15:58:00,stop
L,747,GP/86,16:03:00,16:03:00,stop
L,747,IB/86,16:06:00,16:06:00,stop
L,747,ID/86,16:10:00,16:11:00,stop
L,747,UU/86,16:16:00,16:17:00,stop
L,747,TS/86,16:23:00,16:25:00,stop
L,747,HO/86,16:32:00,16:34:00,stop
L,747,HM/86,16:40:00,16:41:00,stop
L,747,STR/86,16:48:00,00:00:00,stop
L,763,FA/86,00:00:00,18:43:00,stop
L,763,BK/86,18:49:00,18:49:00,stop
L,763,BET/86,18:51:00,18:51:00,pass
L,763,VJ/86,18:57:00,18:59:00,stop
L,763,VJS/86,19:01:00,19:01:00,stop
L,763,GES/86,19:06:00,19:06:00,stop
L,763,JL/86,19:16:00,19:16:00,stop
L,763,GG/86,19:21:00,19:21:00,stop
L,763,GW/86,19:28:00,19:29:00,stop
L,763,TY/86,19:34:00,19:35:00,stop
L,763,BB/86,19:41:00,19:42:00,stop
L,763,FT/86,19:46:00,19:46:00,stop
L,763,KE/86,19:50:00,19:50:00,pass
L,763,HR/86,19:56:00,19:58:00,stop
L,763,GP/86,20:03:00,20:03:00,stop
L,763,IB/86,20:06:00,20:06:00,stop
L,763,ID/86,20:10:00,20:11:00,stop
L,763,UU/86,20:16:00,20:17:00,stop
L,763,TS/86,20:23:00,20:25:00,stop
L,763,HO/86,20:32:00,20:34:00,stop
L,763,HM/86,20:40:00,20:41:00,stop
L,763,STR/86,20:48:00,00:00:00,stop
L,722,STR/86,00:00:00,07:04:00,stop
L,722,HM/86,07:10:00,07:11:00,stop
L,722,HO/86,07:17:00,07:18:00,stop
L,722,TS/86,07:25:00,07:25:00,stop
L,722,UU/86,07:31:00,07:31:00,stop
L,722,ID/86,07:37:00,07:40:00,stop
L,722,IB/86,07:44:00,07:44:00,stop
L,722,GP/86,07:46:00,07:47:00,stop
L,722,HR/86,07:52:00,07:59:00,stop
L,722,KE/86,08:05:00,08:05:00,stop
L,722,FT/86,08:08:00,08:08:00,pass
L,722,BB/86,08:13:00,08:14:00,stop
L,722,TY/86,08:20:00,08:21:00,stop
L,722,GW/86,08:27:00,08:28:00,stop
L,722,GG/86,08:35:00,08:35:00,stop
L,722,JL/86,08:40:00,08:40:00,stop
L,722,GES/86,08:49:00,08:49:00,stop
L,722,VJS/86,08:52:00,08:53:00,stop
L,722,VJ/86,08:55:00,08:58:00,stop
L,722,BET/86,09:04:00,09:04:00,stop
L,722,BK/86,09:05:00,09:05:00,pass
L,722,FA/86,09:14:00,00:00:00,stop
L,943,FA/86,00:00:00,13:41:00,stop
L,943,TL/86,13:46:00,13:46:00,stop
L,943,KD/86,13:52:00,13:54:00,stop
L,943,LK/86,14:01:00,14:02:00,stop
L,943,VM/86,14:06:00,14:07:00,stop
L,943,FZ/86,14:10:00,14:10:00,stop
L,943,SST/86,14:13:00,14:13:00,pass
L,943,OJ/86,14:17:00,14:19:00,stop
L,943,RQ/86,14:28:00,14:30:00,stop
L,943,TE/86,14:38:00,14:40:00,stop
L,943,KW/86,14:47:00,14:48:00,stop
L,943,GST/86,14:58:00,14:59:00,stop
L,943,SDB/86,15:12:00,00:00:00,stop
L,66,AR/86,00:00:00,19:20:00,stop
L,66,KGV/86,19:23:00,19:23:00,stop
L,66,VI/86,19:24:00,19:24:00,pass
L,66,HC/86,19:26:00,19:26:00,pass
L,66,HX/86,19:28:00,19:28:00,pass
L,66,SD/86,19:32:00,19:34:00,stop
L,66,HÅ/86,19:41:00,19:41:00,stop
L,66,HS/86,19:47:00,19:49:00,stop
L,66,HED/86,19:57:00,19:57:00,stop
L,66,VJ/86,20:04:00,20:06:00,stop
L,66,BET/86,20:11:00,20:11:00,stop
L,66,BK/86,20:13:00,20:13:00,pass
L,66,FA/86,20:21:00,20:27:00,stop
L,66,SNO/86,20:29:00,20:29:00,stop
L,66,MD/86,20:34:00,20:34:00,pass
L,66,KA/86,20:36:00,20:36:00,pass
L,66,NA/86,20:38:00,20:38:00,pass
L,66,EB/86,20:40:00,20:40:00,pass
L,66,GD/86,20:41:00,20:41:00,pass
L,66,AP/86,20:44:00,20:44:00,pass
L,66,BD/86,20:45:00,20:45:00,pass
L,66,SC/86,20:46:00,20:46:00,pass
L,66,TP/86,20:47:00,20:47:00,pass
L,66,HP/86,20:50:00,20:50:00,pass
L,66,OD/86,20:54:00,20:57:00,stop
L,66,MV/86,21:02:00,21:02:00,stop
L,66,LV/86,21:03:00,21:03:00,pass
L,66,UV/86,21:05:00,21:05:00,pass
L,66,JU/86,21:07:00,21:07:00,pass
L,66,NG/86,21:09:00,21:09:00,pass
L,66,SPR/86,21:13:00,21:13:00,pass
L,66,KØ/86,21:18:00,21:18:00,pass
L,66,FO/86,21:21:00,21:21:00,pass
L,66,SG/86,21:24:00,21:24:00,pass
L,66,SO/86,21:30:00,21:30:00,pass
L,66,FJ/86,21:32:00,21:32:00,pass
L,66,RG/86,21:36:00,21:36:00,pass
L,66,ADA/86,21:40:00,21:40:00,pass
L,66,BJS/86,21:44:00,21:44:00,pass
L,66,LEL/86,21:46:00,21:46:00,pass
L,66,KJN/86,21:48:00,21:48:00,pass
L,66,JSF/86,21:48:20,21:48:20,pass
L,66,KIB/86,21:53:00,21:53:00,pass
L,66,AVH/86,21:57:00,21:57:00,pass
L,66,IG/86,21:59:00,21:59:00,pass
L,66,NEL/86,21:59:20,21:59:20,pass
L,66,GB/86,22:00:00,22:00:00,pass
L,66,KH/86,22:06:00,22:18:00,stop
L,66,BAN/86,22:21:00,22:21:00,stop
L,66,KLV/86,22:23:00,22:23:00,pass
L,66,ØRE/86,22:26:00,22:26:00,pass
L,66,TÅT/86,22:29:00,22:29:00,pass
L,66,CPH/86,22:32:00,00:00:00,stop
L,70,AR/86,00:00:00,20:20:00,stop
L,70,KGV/86,20:23:00,20:23:00,stop
L,70,VI/86,20:24:00,20:24:00,pass
L,70,HC/86,20:26:00,20:26:00,pass
L,70,HX/86,20:28:00,20:28:00,pass
L,70,SD/86,20:32:00,20:34:00,stop
L,70,HÅ/86,20:41:00,20:41:00,stop
L,70,HS/86,20:47:00,20:49:00,stop
L,70,HED/86,20:57:00,20:57:00,stop
L,70,VJ/86,21:04:00,21:06:00,stop
L,70,BET/86,21:11:00,21:11:00,stop
L,70,BK/86,21:13:00,21:13:00,pass
L,70,FA/86,21:21:00,21:27:00,stop
L,70,SNO/86,21:29:00,21:29:00,stop
L,70,MD/86,21:34:00,21:34:00,pass
L,70,KA/86,21:36:00,21:36:00,pass
L,70,NA/86,21:38:00,21:38:00,pass
L,70,EB/86,21:40:00,21:40:00,pass
L,70,GD/86,21:41:00,21:41:00,pass
L,70,AP/86,21:44:00,21:44:00,pass
L,70,BD/86,21:45:00,21:45:00,pass
L,70,SC/86,21:46:00,21:46:00,pass
L,70,TP/86,21:47:00,21:47:00,pass
L,70,HP/86,21:50:00,21:50:00,pass
L,70,OD/86,21:54:00,21:57:00,stop
L,70,MV/86,22:02:00,22:02:00,stop
L,70,LV/86,22:03:00,22:03:00,pass
L,70,UV/86,22:05:00,22:05:00,pass
L,70,JU/86,22:07:00,22:07:00,pass
L,70,NG/86,22:09:00,22:09:00,pass
L,70,SPR/86,22:13:00,22:13:00,pass
L,70,KØ/86,22:18:00,22:18:00,pass
L,70,FO/86,22:21:00,22:21:00,pass
L,70,SG/86,22:24:00,22:24:00,pass
L,70,SO/86,22:30:00,22:30:00,pass
L,70,FJ/86,22:32:00,22:32:00,pass
L,70,RG/86,22:36:00,22:36:00,pass
L,70,ADA/86,22:40:00,22:40:00,pass
L,70,BJS/86,22:44:00,22:44:00,pass
L,70,LEL/86,22:46:00,22:46:00,pass
L,70,KJN/86,22:48:00,22:48:00,pass
L,70,JSF/86,22:48:20,22:48:20,pass
L,70,KIB/86,22:53:00,22:53:00,pass
L,70,AVH/86,22:57:00,22:57:00,pass
L,70,IG/86,22:59:00,22:59:00,pass
L,70,NEL/86,22:59:20,22:59:20,pass
L,70,GB/86,23:00:00,23:00:00,pass
L,70,KH/86,23:06:00,23:18:00,stop
L,70,BAN/86,23:21:00,23:21:00,stop
L,70,KLV/86,23:23:00,23:23:00,pass
L,70,ØRE/86,23:26:00,23:26:00,pass
L,70,TÅT/86,23:29:00,23:29:00,pass
L,70,CPH/86,23:32:00,00:00:00,stop
L,74,AR/86,00:00:00,21:20:00,stop
L,74,KGV/86,21:23:00,21:23:00,stop
L,74,VI/86,21:24:00,21:24:00,pass
L,74,HC/86,21:26:00,21:26:00,pass
L,74,HX/86,21:28:00,21:28:00,pass
L,74,SD/86,21:32:00,21:34:00,stop
L,74,HÅ/86,21:41:00,21:41:00,stop
L,74,HS/86,21:47:00,21:49:00,stop
L,74,HED/86,21:57:00,21:57:00,stop
L,74,VJ/86,22:04:00,22:06:00,stop
L,74,BET/86,22:11:00,22:11:00,stop
L,74,BK/86,22:13:00,22:13:00,pass
L,74,FA/86,22:21:00,00:00:00,stop
L,738,STR/86,00:00:00,11:04:00,stop
L,738,HM/86,11:10:00,11:11:00,stop
L,738,HO/86,11:17:00,11:18:00,stop
L,738,TS/86,11:25:00,11:25:00,stop
L,738,UU/86,11:31:00,11:31:00,stop
L,738,ID/86,11:37:00,11:40:00,stop
L,738,IB/86,11:44:00,11:44:00,stop
L,738,GP/86,11:46:00,11:47:00,stop
L,738,HR/86,11:52:00,11:59:00,stop
L,738,KE/86,12:05:00,12:05:00,stop
L,738,FT/86,12:08:00,12:08:00,pass
L,738,BB/86,12:13:00,12:14:00,stop
L,738,TY/86,12:20:00,12:21:00,stop
L,738,GW/86,12:27:00,12:28:00,stop
L,738,GG/86,12:35:00,12:35:00,stop
L,738,JL/86,12:40:00,12:40:00,stop
L,738,GES/86,12:49:00,12:49:00,stop
L,738,VJS/86,12:52:00,12:53:00,stop
L,738,VJ/86,12:55:00,12:58:00,stop
L,738,BET/86,13:04:00,13:04:00,stop
L,738,BK/86,13:05:00,13:05:00,pass
L,738,FA/86,13:14:00,00:00:00,stop
L,762,STR/86,00:00:00,17:04:00,stop
L,762,HM/86,17:10:00,17:11:00,stop
L,762,HO/86,17:17:00,17:18:00,stop
L,762,TS/86,17:25:00,17:25:00,stop
L,762,UU/86,17:31:00,17:31:00,stop
L,762,ID/86,17:37:00,17:40:00,stop
L,762,IB/86,17:44:00,17:44:00,stop
L,762,GP/86,17:46:00,17:47:00,stop
L,762,HR/86,17:52:00,17:59:00,stop
L,762,KE/86,18:05:00,18:05:00,stop
L,762,FT/86,18:08:00,18:08:00,pass
L,762,BB/86,18:13:00,18:14:00,stop
L,762,TY/86,18:20:00,18:21:00,stop
L,762,GW/86,18:27:00,18:28:00,stop
L,762,GG/86,18:35:00,18:35:00,stop
L,762,JL/86,18:40:00,18:40:00,stop
L,762,GES/86,18:49:00,18:49:00,stop
L,762,VJS/86,18:52:00,18:53:00,stop
L,762,VJ/86,18:55:00,18:58:00,stop
L,762,BET/86,19:04:00,19:04:00,stop
L,762,BK/86,19:05:00,19:05:00,pass
L,762,FA/86,19:14:00,00:00:00,stop
L,31,CPH/86,00:00:00,08:26:00,stop
L,31,TÅT/86,08:29:00,08:29:00,stop
L,31,ØRE/86,08:32:00,08:32:00,pass
L,31,KLV/86,08:34:00,08:34:00,pass
L,31,BAN/86,08:35:00,08:35:00,pass
L,31,KH/86,08:40:00,08:52:00,stop
L,31,GB/86,08:55:00,08:55:00,stop
L,31,NEL/86,08:56:00,08:56:00,pass
L,31,IG/86,08:56:20,08:56:20,pass
L,31,AVH/86,08:58:00,08:58:00,pass
L,31,KIB/86,09:04:00,09:04:00,pass
L,31,JSF/86,09:08:00,09:08:00,pass
L,31,KJN/86,09:09:00,09:09:00,pass
L,31,LEL/86,09:10:00,09:10:00,pass
L,31,BJS/86,09:13:00,09:13:00,pass
L,31,ADA/86,09:17:00,09:17:00,pass
L,31,RG/86,09:19:00,09:19:00,pass
L,31,FJ/86,09:24:00,09:24:00,pass
L,31,SO/86,09:27:00,09:27:00,pass
L,31,SG/86,09:33:00,09:33:00,pass
L,31,FO/86,09:36:00,09:36:00,pass
L,31,KØ/86,09:39:00,09:39:00,pass
L,31,SPR/86,09:45:00,09:45:00,pass
L,31,NG/86,09:50:00,09:50:00,pass
L,31,JU/86,09:52:00,09:52:00,pass
L,31,UV/86,09:54:00,09:54:00,pass
L,31,LV/86,09:56:00,09:56:00,pass
L,31,MV/86,09:58:00,09:58:00,pass
L,31,OD/86,10:03:00,10:06:00,stop
L,31,HP/86,10:10:00,10:10:00,stop
L,31,TP/86,10:13:00,10:13:00,pass
L,31,SC/86,10:14:00,10:14:00,pass
L,31,BD/86,10:15:00,10:15:00,pass
L,31,AP/86,10:17:00,10:17:00,pass
L,31,GD/86,10:19:00,10:19:00,pass
L,31,EB/86,10:21:00,10:21:00,pass
L,31,NA/86,10:23:00,10:23:00,pass
L,31,KA/86,10:24:00,10:24:00,pass
L,31,MD/86,10:27:00,10:27:00,pass
L,31,SNO/86,10:31:00,10:31:00,pass
L,31,FA/86,10:34:00,10:38:00,stop
L,31,BK/86,10:44:00,10:44:00,stop
L,31,BET/86,10:45:00,10:45:00,pass
L,31,VJ/86,10:51:00,10:53:00,stop
L,31,HED/86,11:01:00,11:01:00,stop
L,31,HS/86,11:08:00,11:10:00,stop
L,31,HÅ/86,11:17:00,11:17:00,stop
L,31,SD/86,11:24:00,11:25:00,stop
L,31,HX/86,11:30:00,11:30:00,stop
L,31,HC/86,11:32:00,11:32:00,pass
L,31,VI/86,11:34:00,11:34:00,pass
L,31,KGV/86,11:35:00,11:35:00,pass
L,31,AR/86,11:38:00,00:00:00,stop
L,35,CPH/86,00:00:00,09:26:00,stop
L,35,TÅT/86,09:29:00,09:29:00,stop
L,35,ØRE/86,09:32:00,09:32:00,pass
L,35,KLV/86,09:34:00,09:34:00,pass
L,35,BAN/86,09:35:00,09:35:00,pass
L,35,KH/86,09:40:00,09:52:00,stop
L,35,GB/86,09:55:00,09:55:00,stop
L,35,NEL/86,09:56:00,09:56:00,pass
L,35,IG/86,09:56:20,09:56:20,pass
L,35,AVH/86,09:58:00,09:58:00,pass
L,35,KIB/86,10:04:00,10:04:00,pass
L,35,JSF/86,10:08:00,10:08:00,pass
L,35,KJN/86,10:09:00,10:09:00,pass
L,35,LEL/86,10:10:00,10:10:00,pass
L,35,BJS/86,10:13:00,10:13:00,pass
L,35,ADA/86,10:17:00,10:17:00,pass
L,35,RG/86,10:19:00,10:19:00,pass
L,35,FJ/86,10:24:00,10:24:00,pass
L,35,SO/86,10:27:00,10:27:00,pass
L,35,SG/86,10:33:00,10:33:00,pass
L,35,FO/86,10:36:00,10:36:00,pass
L,35,KØ/86,10:39:00,10:39:00,pass
L,35,SPR/86,10:45:00,10:45:00,pass
L,35,NG/86,10:50:00,10:50:00,pass
L,35,JU/86,10:52:00,10:52:00,pass
L,35,UV/86,10:54:00,10:54:00,pass
L,35,LV/86,10:56:00,10:56:00,pass
L,35,MV/86,10:58:00,10:58:00,pass
L,35,OD/86,11:03:00,11:06:00,stop
L,35,HP/86,11:10:00,11:10:00,stop
L,35,TP/86,11:13:00,11:13:00,pass
L,35,SC/86,11:14:00,11:14:00,pass
L,35,BD/86,11:15:00,11:15:00,pass
L,35,AP/86,11:17:00,11:17:00,pass
L,35,GD/86,11:19:00,11:19:00,pass
L,35,EB/86,11:21:00,11:21:00,pass
L,35,NA/86,11:23:00,11:23:00,pass
L,35,KA/86,11:24:00,11:24:00,pass
L,35,MD/86,11:27:00,11:27:00,pass
L,35,SNO/86,11:31:00,11:31:00,pass
L,35,FA/86,11:34:00,11:38:00,stop
L,35,BK/86,11:44:00,11:44:00,stop
L,35,BET/86,11:45:00,11:45:00,pass
L,35,VJ/86,11:51:00,11:53:00,stop
L,35,HED/86,12:01:00,12:01:00,stop
L,35,HS/86,12:08:00,12:10:00,stop
L,35,HÅ/86,12:17:00,12:17:00,stop
L,35,SD/86,12:24:00,12:25:00,stop
L,35,HX/86,12:30:00,12:30:00,stop
L,35,HC/86,12:32:00,12:32:00,pass
L,35,VI/86,12:34:00,12:34:00,pass
L,35,KGV/86,12:35:00,12:35:00,pass
L,35,AR/86,12:38:00,00:00:00,stop
L,39,CPH/86,00:00:00,10:26:00,stop
L,39,TÅT/86,10:29:00,10:29:00,stop
L,39,ØRE/86,10:32:00,10:32:00,pass
L,39,KLV/86,10:34:00,10:34:00,pass
L,39,BAN/86,10:35:00,10:35:00,pass
L,39,KH/86,10:40:00,10:52:00,stop
L,39,GB/86,10:55:00,10:55:00,stop
L,39,NEL/86,10:56:00,10:56:00,pass
L,39,IG/86,10:56:20,10:56:20,pass
L,39,AVH/86,10:58:00,10:58:00,pass
L,39,KIB/86,11:04:00,11:04:00,pass
L,39,JSF/86,11:08:00,11:08:00,pass
L,39,KJN/86,11:09:00,11:09:00,pass
L,39,LEL/86,11:10:00,11:10:00,pass
L,39,BJS/86,11:13:00,11:13:00,pass
L,39,ADA/86,11:17:00,11:17:00,pass
L,39,RG/86,11:19:00,11:19:00,pass
L,39,FJ/86,11:24:00,11:24:00,pass
L,39,SO/86,11:27:00,11:27:00,pass
L,39,SG/86,11:33:00,11:33:00,pass
L,39,FO/86,11:36:00,11:36:00,pass
L,39,KØ/86,11:39:00,11:39:00,pass
L,39,SPR/86,11:45:00,11:45:00,pass
L,39,NG/86,11:50:00,11:50:00,pass
L,39,JU/86,11:52:00,11:52:00,pass
L,39,UV/86,11:54:00,11:54:00,pass
L,39,LV/86,11:56:00,11:56:00,pass
L,39,MV/86,11:58:00,11:58:00,pass
L,39,OD/86,12:03:00,12:06:00,stop
L,39,HP/86,12:10:00,12:10:00,stop
L,39,TP/86,12:13:00,12:13:00,pass
L,39,SC/86,12:14:00,12:14:00,pass
L,39,BD/86,12:15:00,12:15:00,pass
L,39,AP/86,12:17:00,12:17:00,pass
L,39,GD/86,12:19:00,12:19:00,pass
L,39,EB/86,12:21:00,12:21:00,pass
L,39,NA/86,12:23:00,12:23:00,pass
L,39,KA/86,12:24:00,12:24:00,pass
L,39,MD/86,12:27:00,12:27:00,pass
L,39,SNO/86,12:31:00,12:31:00,pass
L,39,FA/86,12:34:00,12:38:00,stop
L,39,BK/86,12:44:00,12:44:00,stop
L,39,BET/86,12:45:00,12:45:00,pass
L,39,VJ/86,12:51:00,12:53:00,stop
L,39,HED/86,13:01:00,13:01:00,stop
L,39,HS/86,13:08:00,13:10:00,stop
L,39,HÅ/86,13:17:00,13:17:00,stop
L,39,SD/86,13:24:00,13:25:00,stop
L,39,HX/86,13:30:00,13:30:00,stop
L,39,HC/86,13:32:00,13:32:00,pass
L,39,VI/86,13:34:00,13:34:00,pass
L,39,KGV/86,13:35:00,13:35:00,pass
L,39,AR/86,13:38:00,00:00:00,stop
L,79,CPH/86,00:00:00,20:26:00,stop
L,79,TÅT/86,20:29:00,20:29:00,stop
L,79,ØRE/86,20:32:00,20:32:00,pass
L,79,KLV/86,20:34:00,20:34:00,pass
L,79,BAN/86,20:35:00,20:35:00,pass
L,79,KH/86,20:40:00,20:52:00,stop
L,79,GB/86,20:55:00,20:55:00,stop
L,79,NEL/86,20:56:00,20:56:00,pass
L,79,IG/86,20:56:20,20:56:20,pass
L,79,AVH/86,20:58:00,20:58:00,pass
L,79,KIB/86,21:04:00,21:04:00,pass
L,79,JSF/86,21:08:00,21:08:00,pass
L,79,KJN/86,21:09:00,21:09:00,pass
L,79,LEL/86,21:10:00,21:10:00,pass
L,79,BJS/86,21:13:00,21:13:00,pass
L,79,ADA/86,21:17:00,21:17:00,pass
L,79,RG/86,21:19:00,21:19:00,pass
L,79,FJ/86,21:24:00,21:24:00,pass
L,79,SO/86,21:27:00,21:27:00,pass
L,79,SG/86,21:33:00,21:33:00,pass
L,79,FO/86,21:36:00,21:36:00,pass
L,79,KØ/86,21:39:00,21:39:00,pass
L,79,SPR/86,21:45:00,21:45:00,pass
L,79,NG/86,21:50:00,21:50:00,pass
L,79,JU/86,21:52:00,21:52:00,pass
L,79,UV/86,21:54:00,21:54:00,pass
L,79,LV/86,21:56:00,21:56:00,pass
L,79,MV/86,21:58:00,21:58:00,pass
L,79,OD/86,22:03:00,22:06:00,stop
L,79,HP/86,22:10:00,22:10:00,stop
L,79,TP/86,22:13:00,22:13:00,pass
L,79,SC/86,22:14:00,22:14:00,pass
L,79,BD/86,22:15:00,22:15:00,pass
L,79,AP/86,22:17:00,22:17:00,pass
L,79,GD/86,22:19:00,22:19:00,pass
L,79,EB/86,22:21:00,22:21:00,pass
L,79,NA/86,22:23:00,22:23:00,pass
L,79,KA/86,22:24:00,22:24:00,pass
L,79,MD/86,22:27:00,22:27:00,pass
L,79,SNO/86,22:31:00,22:31:00,pass
L,79,FA/86,22:34:00,22:38:00,stop
L,79,BK/86,22:44:00,22:44:00,stop
L,79,BET/86,22:45:00,22:45:00,pass
L,79,VJ/86,22:51:00,22:53:00,stop
L,79,HED/86,23:01:00,23:01:00,stop
L,79,HS/86,23:08:00,23:10:00,stop
L,79,HÅ/86,23:17:00,23:17:00,stop
L,79,SD/86,23:24:00,23:25:00,stop
L,79,HX/86,23:30:00,23:30:00,stop
L,79,HC/86,23:32:00,23:32:00,pass
L,79,VI/86,23:34:00,23:34:00,pass
L,79,KGV/86,23:35:00,23:35:00,pass
L,79,AR/86,23:38:00,00:00:00,stop
L,659,KH/86,00:00:00,15:22:00,stop
L,659,GB/86,15:25:00,15:25:00,stop
L,659,NEL/86,15:26:00,15:26:00,pass
L,659,IG/86,15:26:20,15:26:20,pass
L,659,AVH/86,15:28:00,15:28:00,pass
L,659,KIB/86,15:33:00,15:33:00,pass
L,659,JSF/86,15:38:00,15:38:00,pass
L,659,KJN/86,15:39:00,15:39:00,pass
L,659,LEL/86,15:40:00,15:40:00,pass
L,659,BJS/86,15:43:00,15:43:00,pass
L,659,ADA/86,15:47:00,15:47:00,pass
L,659,RG/86,15:51:00,15:51:00,pass
L,659,FJ/86,15:55:00,15:55:00,pass
L,659,SO/86,15:58:00,15:58:00,pass
L,659,SG/86,16:04:00,16:04:00,pass
L,659,FO/86,16:07:00,16:07:00,pass
L,659,KØ/86,16:10:00,16:10:00,pass
L,659,SPR/86,16:16:00,16:16:00,pass
L,659,NG/86,16:21:00,16:21:00,pass
L,659,JU/86,16:22:00,16:22:00,pass
L,659,UV/86,16:25:00,16:25:00,pass
L,659,LV/86,16:26:00,16:26:00,pass
L,659,MV/86,16:28:00,16:28:00,pass
L,659,OD/86,16:33:00,16:36:00,stop
L,659,HP/86,16:41:00,16:41:00,stop
L,659,TP/86,16:44:00,16:44:00,pass
L,659,SC/86,16:46:00,16:46:00,pass
L,659,BD/86,16:47:00,16:47:00,pass
L,659,AP/86,16:48:00,16:48:00,pass
L,659,GD/86,16:50:00,16:50:00,pass
L,659,EB/86,16:52:00,16:52:00,pass
L,659,NA/86,16:55:00,16:55:00,pass
L,659,KA/86,16:56:00,16:56:00,pass
L,659,MD/86,16:59:00,16:59:00,pass
L,659,SNO/86,17:03:00,17:03:00,pass
L,659,FA/86,17:07:00,00:00:00,stop
L,30,AR/86,00:00:00,10:20:00,stop
L,30,KGV/86,10:23:00,10:23:00,stop
L,30,VI/86,10:24:00,10:24:00,pass
L,30,HC/86,10:26:00,10:26:00,pass
L,30,HX/86,10:28:00,10:28:00,pass
L,30,SD/86,10:32:00,10:34:00,stop
L,30,HÅ/86,10:41:00,10:41:00,stop
L,30,HS/86,10:47:00,10:49:00,stop
L,30,HED/86,10:57:00,10:57:00,stop
L,30,VJ/86,11:04:00,11:06:00,stop
L,30,BET/86,11:11:00,11:11:00,stop
L,30,BK/86,11:13:00,11:13:00,pass
L,30,FA/86,11:21:00,11:27:00,stop
L,30,SNO/86,11:29:00,11:29:00,stop
L,30,MD/86,11:34:00,11:34:00,pass
L,30,KA/86,11:36:00,11:36:00,pass
L,30,NA/86,11:38:00,11:38:00,pass
L,30,EB/86,11:40:00,11:40:00,pass
L,30,GD/86,11:41:00,11:41:00,pass
L,30,AP/86,11:44:00,11:44:00,pass
L,30,BD/86,11:45:00,11:45:00,pass
L,30,SC/86,11:46:00,11:46:00,pass
L,30,TP/86,11:47:00,11:47:00,pass
L,30,HP/86,11:50:00,11:50:00,pass
L,30,OD/86,11:54:00,11:57:00,stop
L,30,MV/86,12:02:00,12:02:00,stop
L,30,LV/86,12:03:00,12:03:00,pass
L,30,UV/86,12:05:00,12:05:00,pass
L,30,JU/86,12:07:00,12:07:00,pass
L,30,NG/86,12:09:00,12:09:00,pass
L,30,SPR/86,12:13:00,12:13:00,pass
L,30,KØ/86,12:18:00,12:18:00,pass
L,30,FO/86,12:21:00,12:21:00,pass
L,30,SG/86,12:24:00,12:24:00,pass
L,30,SO/86,12:30:00,12:30:00,pass
L,30,FJ/86,12:32:00,12:32:00,pass
L,30,RG/86,12:36:00,12:36:00,pass
L,30,ADA/86,12:40:00,12:40:00,pass
L,30,BJS/86,12:44:00,12:44:00,pass
L,30,LEL/86,12:46:00,12:46:00,pass
L,30,KJN/86,12:48:00,12:48:00,pass
L,30,JSF/86,12:48:20,12:48:20,pass
L,30,KIB/86,12:53:00,12:53:00,pass
L,30,AVH/86,12:57:00,12:57:00,pass
L,30,IG/86,12:59:00,12:59:00,pass
L,30,NEL/86,12:59:20,12:59:20,pass
L,30,GB/86,13:00:00,13:00:00,pass
L,30,KH/86,13:06:00,13:18:00,stop
L,30,BAN/86,13:21:00,13:21:00,stop
L,30,KLV/86,13:23:00,13:23:00,pass
L,30,ØRE/86,13:26:00,13:26:00,pass
L,30,TÅT/86,13:29:00,13:29:00,pass
L,30,CPH/86,13:32:00,00:00:00,stop
L,34,AR/86,00:00:00,11:20:00,stop
L,34,KGV/86,11:23:00,11:23:00,stop
L,34,VI/86,11:24:00,11:24:00,pass
L,34,HC/86,11:26:00,11:26:00,pass
L,34,HX/86,11:28:00,11:28:00,pass
L,34,SD/86,11:32:00,11:34:00,stop
L,34,HÅ/86,11:41:00,11:41:00,stop
L,34,HS/86,11:47:00,11:49:00,stop
L,34,HED/86,11:57:00,11:57:00,stop
L,34,VJ/86,12:04:00,12:06:00,stop
L,34,BET/86,12:11:00,12:11:00,stop
L,34,BK/86,12:13:00,12:13:00,pass
L,34,FA/86,12:21:00,12:27:00,stop
L,34,SNO/86,12:29:00,12:29:00,stop
L,34,MD/86,12:34:00,12:34:00,pass
L,34,KA/86,12:36:00,12:36:00,pass
L,34,NA/86,12:38:00,12:38:00,pass
L,34,EB/86,12:40:00,12:40:00,pass
L,34,GD/86,12:41:00,12:41:00,pass
L,34,AP/86,12:44:00,12:44:00,pass
L,34,BD/86,12:45:00,12:45:00,pass
L,34,SC/86,12:46:00,12:46:00,pass
L,34,TP/86,12:47:00,12:47:00,pass
L,34,HP/86,12:50:00,12:50:00,pass
L,34,OD/86,12:54:00,12:57:00,stop
L,34,MV/86,13:02:00,13:02:00,stop
L,34,LV/86,13:03:00,13:03:00,pass
L,34,UV/86,13:05:00,13:05:00,pass
L,34,JU/86,13:07:00,13:07:00,pass
L,34,NG/86,13:09:00,13:09:00,pass
L,34,SPR/86,13:13:00,13:13:00,pass
L,34,KØ/86,13:18:00,13:18:00,pass
L,34,FO/86,13:21:00,13:21:00,pass
L,34,SG/86,13:24:00,13:24:00,pass
L,34,SO/86,13:30:00,13:30:00,pass
L,34,FJ/86,13:32:00,13:32:00,pass
L,34,RG/86,13:36:00,13:36:00,pass
L,34,ADA/86,13:40:00,13:40:00,pass
L,34,BJS/86,13:44:00,13:44:00,pass
L,34,LEL/86,13:46:00,13:46:00,pass
L,34,KJN/86,13:48:00,13:48:00,pass
L,34,JSF/86,13:48:20,13:48:20,pass
L,34,KIB/86,13:53:00,13:53:00,pass
L,34,AVH/86,13:57:00,13:57:00,pass
L,34,IG/86,13:59:00,13:59:00,pass
L,34,NEL/86,13:59:20,13:59:20,pass
L,34,GB/86,14:00:00,14:00:00,pass
L,34,KH/86,14:06:00,14:18:00,stop
L,34,BAN/86,14:21:00,14:21:00,stop
L,34,KLV/86,14:23:00,14:23:00,pass
L,34,ØRE/86,14:26:00,14:26:00,pass
L,34,TÅT/86,14:29:00,14:29:00,pass
L,34,CPH/86,14:32:00,00:00:00,stop
L,38,AR/86,00:00:00,12:20:00,stop
L,38,KGV/86,12:23:00,12:23:00,stop
L,38,VI/86,12:24:00,12:24:00,pass
L,38,HC/86,12:26:00,12:26:00,pass
L,38,HX/86,12:28:00,12:28:00,pass
L,38,SD/86,12:32:00,12:34:00,stop
L,38,HÅ/86,12:41:00,12:41:00,stop
L,38,HS/86,12:47:00,12:49:00,stop
L,38,HED/86,12:57:00,12:57:00,stop
L,38,VJ/86,13:04:00,13:06:00,stop
L,38,BET/86,13:11:00,13:11:00,stop
L,38,BK/86,13:13:00,13:13:00,pass
L,38,FA/86,13:21:00,13:27:00,stop
L,38,SNO/86,13:29:00,13:29:00,stop
L,38,MD/86,13:34:00,13:34:00,pass
L,38,KA/86,13:36:00,13:36:00,pass
L,38,NA/86,13:38:00,13:38:00,pass
L,38,EB/86,13:40:00,13:40:00,pass
L,38,GD/86,13:41:00,13:41:00,pass
L,38,AP/86,13:44:00,13:44:00,pass
L,38,BD/86,13:45:00,13:45:00,pass
L,38,SC/86,13:46:00,13:46:00,pass
L,38,TP/86,13:47:00,13:47:00,pass
L,38,HP/86,13:50:00,13:50:00,pass
L,38,OD/86,13:54:00,13:57:00,stop
L,38,MV/86,14:02:00,14:02:00,stop
L,38,LV/86,14:03:00,14:03:00,pass
L,38,UV/86,14:05:00,14:05:00,pass
L,38,JU/86,14:07:00,14:07:00,pass
L,38,NG/86,14:09:00,14:09:00,pass
L,38,SPR/86,14:13:00,14:13:00,pass
L,38,KØ/86,14:18:00,14:18:00,pass
L,38,FO/86,14:21:00,14:21:00,pass
L,38,SG/86,14:24:00,14:24:00,pass
L,38,SO/86,14:30:00,14:30:00,pass
L,38,FJ/86,14:32:00,14:32:00,pass
L,38,RG/86,14:36:00,14:36:00,pass
L,38,ADA/86,14:40:00,14:40:00,pass
L,38,BJS/86,14:44:00,14:44:00,pass
L,38,LEL/86,14:46:00,14:46:00,pass
L,38,KJN/86,14:48:00,14:48:00,pass
L,38,JSF/86,14:48:20,14:48:20,pass
L,38,KIB/86,14:53:00,14:53:00,pass
L,38,AVH/86,14:57:00,14:57:00,pass
L,38,IG/86,14:59:00,14:59:00,pass
L,38,NEL/86,14:59:20,14:59:20,pass
L,38,GB/86,15:00:00,15:00:00,pass
L,38,KH/86,15:06:00,15:18:00,stop
L,38,BAN/86,15:21:00,15:21:00,stop
L,38,KLV/86,15:23:00,15:23:00,pass
L,38,ØRE/86,15:26:00,15:26:00,pass
L,38,TÅT/86,15:29:00,15:29:00,pass
L,38,CPH/86,15:32:00,00:00:00,stop
L,911,FA/86,00:00:00,05:41:00,stop
L,911,TL/86,05:46:00,05:46:00,stop
L,911,KD/86,05:52:00,05:54:00,stop
L,911,LK/86,06:01:00,06:02:00,stop
L,911,VM/86,06:06:00,06:07:00,stop
L,911,FZ/86,06:10:00,06:10:00,stop
L,911,SST/86,06:13:00,06:13:00,pass
L,911,OJ/86,06:17:00,06:19:00,stop
L,911,RQ/86,06:28:00,06:30:00,stop
L,911,TE/86,06:38:00,06:40:00,stop
L,911,KW/86,06:47:00,06:48:00,stop
L,911,GST/86,06:58:00,06:59:00,stop
L,911,SDB/86,07:12:00,00:00:00,stop
L,919,FA/86,00:00:00,07:41:00,stop
L,919,TL/86,07:46:00,07:46:00,stop
L,919,KD/86,07:52:00,07:54:00,stop
L,919,LK/86,08:01:00,08:02:00,stop
L,919,VM/86,08:06:00,08:07:00,stop
L,919,FZ/86,08:10:00,08:10:00,stop
L,919,SST/86,08:13:00,08:13:00,pass
L,919,OJ/86,08:17:00,08:19:00,stop
L,919,RQ/86,08:28:00,08:30:00,stop
L,919,TE/86,08:38:00,08:40:00,stop
L,919,KW/86,08:47:00,08:48:00,stop
L,919,GST/86,08:58:00,08:59:00,stop
L,919,SDB/86,09:12:00,00:00:00,stop
L,927,FA/86,00:00:00,09:41:00,stop
L,927,TL/86,09:46:00,09:46:00,stop
L,927,KD/86,09:52:00,09:54:00,stop
L,927,LK/86,10:01:00,10:02:00,stop
L,927,VM/86,10:06:00,10:07:00,stop
L,927,FZ/86,10:10:00,10:10:00,stop
L,927,SST/86,10:13:00,10:13:00,pass
L,927,OJ/86,10:17:00,10:19:00,stop
L,927,RQ/86,10:28:00,10:30:00,stop
L,927,TE/86,10:38:00,10:40:00,stop
L,927,KW/86,10:47:00,10:48:00,stop
L,927,GST/86,10:58:00,10:59:00,stop
L,927,SDB/86,11:12:00,00:00:00,stop
L,935,FA/86,00:00:00,11:41:00,stop
L,935,TL/86,11:46:00,11:46:00,stop
L,935,KD/86,11:52:00,11:54:00,stop
L,935,LK/86,12:01:00,12:02:00,stop
L,935,VM/86,12:06:00,12:07:00,stop
L,935,FZ/86,12:10:00,12:10:00,stop
L,935,SST/86,12:13:00,12:13:00,pass
L,935,OJ/86,12:17:00,12:19:00,stop
L,935,RQ/86,12:28:00,12:30:00,stop
L,935,TE/86,12:38:00,12:40:00,stop
L,935,KW/86,12:47:00,12:48:00,stop
L,935,GST/86,12:58:00,12:59:00,stop
L,935,SDB/86,13:12:00,00:00:00,stop
L,951,FA/86,00:00:00,15:41:00,stop
L,951,TL/86,15:46:00,15:46:00,stop
L,951,KD/86,15:52:00,15:54:00,stop
L,951,LK/86,16:01:00,16:02:00,stop
L,951,VM/86,16:06:00,16:07:00,stop
L,951,FZ/86,16:10:00,16:10:00,stop
L,951,SST/86,16:13:00,16:13:00,pass
L,951,OJ/86,16:17:00,16:19:00,stop
L,951,RQ/86,16:28:00,16:30:00,stop
L,951,TE/86,16:38:00,16:40:00,stop
L,951,KW/86,16:47:00,16:48:00,stop
L,951,GST/86,16:58:00,16:59:00,stop
L,951,SDB/86,17:12:00,00:00:00,stop
L,959,FA/86,00:00:00,17:41:00,stop
L,959,TL/86,17:46:00,17:46:00,stop
L,959,KD/86,17:52:00,17:54:00,stop
L,959,LK/86,18:01:00,18:02:00,stop
L,959,VM/86,18:06:00,18:07:00,stop
L,959,FZ/86,18:10:00,18:10:00,stop
L,959,SST/86,18:13:00,18:13:00,pass
L,959,OJ/86,18:17:00,18:19:00,stop
L,959,RQ/86,18:28:00,18:30:00,stop
L,959,TE/86,18:38:00,18:40:00,stop
L,959,KW/86,18:47:00,18:48:00,stop
L,959,GST/86,18:58:00,18:59:00,stop
L,959,SDB/86,19:12:00,00:00:00,stop
L,967,FA/86,00:00:00,19:41:00,stop
L,967,TL/86,19:46:00,19:46:00,stop
L,967,KD/86,19:52:00,19:54:00,stop
L,967,LK/86,20:01:00,20:02:00,stop
L,967,VM/86,20:06:00,20:07:00,stop
L,967,FZ/86,20:10:00,20:10:00,stop
L,967,SST/86,20:13:00,20:13:00,pass
L,967,OJ/86,20:17:00,20:19:00,stop
L,967,RQ/86,20:28:00,20:30:00,stop
L,967,TE/86,20:38:00,20:40:00,stop
L,967,KW/86,20:47:00,20:48:00,stop
L,967,GST/86,20:58:00,20:59:00,stop
L,967,SDB/86,21:12:00,00:00:00,stop
L,975,FA/86,00:00:00,21:41:00,stop
L,975,TL/86,21:46:00,21:46:00,stop
L,975,KD/86,21:52:00,21:54:00,stop
L,975,LK/86,22:01:00,22:02:00,stop
L,975,VM/86,22:06:00,22:07:00,stop
L,975,FZ/86,22:10:00,22:10:00,stop
L,975,SST/86,22:13:00,22:13:00,pass
L,975,OJ/86,22:17:00,22:19:00,stop
L,975,RQ/86,22:28:00,22:30:00,stop
L,975,TE/86,22:38:00,22:40:00,stop
L,975,KW/86,22:47:00,22:48:00,stop
L,975,GST/86,22:58:00,22:59:00,stop
L,975,SDB/86,23:12:00,00:00:00,stop
L,926,SDB/86,00:00:00,08:44:00,stop
L,926,GST/86,08:56:00,08:59:00,stop
L,926,KW/86,09:09:00,09:10:00,stop
L,926,TE/86,09:17:00,09:19:00,stop
L,926,RQ/86,09:27:00,09:29:00,stop
L,926,OJ/86,09:38:00,09:39:00,stop
L,926,SST/86,09:44:00,09:44:00,stop
L,926,FZ/86,09:47:00,09:47:00,pass
L,926,VM/86,09:49:00,09:50:00,stop
L,926,LK/86,09:55:00,09:56:00,stop
L,926,KD/86,10:03:00,10:05:00,stop
L,926,TL/86,10:11:00,10:11:00,stop
L,926,FA/86,10:17:00,00:00:00,stop
L,934,SDB/86,00:00:00,10:44:00,stop
L,934,GST/86,10:56:00,10:59:00,stop
L,934,KW/86,11:09:00,11:10:00,stop
L,934,TE/86,11:17:00,11:19:00,stop
L,934,RQ/86,11:27:00,11:29:00,stop
L,934,OJ/86,11:38:00,11:39:00,stop
L,934,SST/86,11:44:00,11:44:00,stop
L,934,FZ/86,11:47:00,11:47:00,pass
L,934,VM/86,11:49:00,11:50:00,stop
L,934,LK/86,11:55:00,11:56:00,stop
L,934,KD/86,12:03:00,12:05:00,stop
L,934,TL/86,12:11:00,12:11:00,stop
L,934,FA/86,12:17:00,00:00:00,stop
L,942,SDB/86,00:00:00,12:44:00,stop
L,942,GST/86,12:56:00,12:59:00,stop
L,942,KW/86,13:09:00,13:10:00,stop
L,942,TE/86,13:17:00,13:19:00,stop
L,942,RQ/86,13:27:00,13:29:00,stop
L,942,OJ/86,13:38:00,13:39:00,stop
L,942,SST/86,13:44:00,13:44:00,stop
L,942,FZ/86,13:47:00,13:47:00,pass
L,942,VM/86,13:49:00,13:50:00,stop
L,942,LK/86,13:55:00,13:56:00,stop
L,942,KD/86,14:03:00,14:05:00,stop
L,942,TL/86,14:11:00,14:11:00,stop
L,942,FA/86,14:17:00,00:00:00,stop
L,950,SDB/86,00:00:00,14:44:00,stop
L,950,GST/86,14:56:00,14:59:00,stop
L,950,KW/86,15:09:00,15:10:00,stop
L,950,TE/86,15:17:00,15:19:00,stop
L,950,RQ/86,15:27:00,15:29:00,stop
L,950,OJ/86,15:38:00,15:39:00,stop
L,950,SST/86,15:44:00,15:44:00,stop
L,950,FZ/86,15:47:00,15:47:00,pass
L,950,VM/86,15:49:00,15:50:00,stop
L,950,LK/86,15:55:00,15:56:00,stop
L,950,KD/86,16:03:00,16:05:00,stop
L,950,TL/86,16:11:00,16:11:00,stop
L,950,FA/86,16:17:00,00:00:00,stop
L,958,SDB/86,00:00:00,16:44:00,stop
L,958,GST/86,16:56:00,16:59:00,stop
L,958,KW/86,17:09:00,17:10:00,stop
L,958,TE/86,17:17:00,17:19:00,stop
L,958,RQ/86,17:27:00,17:29:00,stop
L,958,OJ/86,17:38:00,17:39:00,stop
L,958,SST/86,17:44:00,17:44:00,stop
L,958,FZ/86,17:47:00,17:47:00,pass
L,958,VM/86,17:49:00,17:50:00,stop
L,958,LK/86,17:55:00,17:56:00,stop
L,958,KD/86,18:03:00,18:05:00,stop
L,958,TL/86,18:11:00,18:11:00,stop
L,958,FA/86,18:17:00,00:00:00,stop
L,966,SDB/86,00:00:00,18:44:00,stop
L,966,GST/86,18:56:00,18:59:00,stop
L,966,KW/86,19:09:00,19:10:00,stop
L,966,TE/86,19:17:00,19:19:00,stop
L,966,RQ/86,19:27:00,19:29:00,stop
L,966,OJ/86,19:38:00,19:39:00,stop
L,966,SST/86,19:44:00,19:44:00,stop
L,966,FZ/86,19:47:00,19:47:00,pass
L,966,VM/86,19:49:00,19:50:00,stop
L,966,LK/86,19:55:00,19:56:00,stop
L,966,KD/86,20:03:00,20:05:00,stop
L,966,TL/86,20:11:00,20:11:00,stop
L,966,FA/86,20:17:00,00:00:00,stop
L,910,SDB/86,00:00:00,04:44:00,stop
L,910,GST/86,04:56:00,04:59:00,stop
L,910,KW/86,05:09:00,05:10:00,stop
L,910,TE/86,05:17:00,05:19:00,stop
L,910,RQ/86,05:27:00,05:29:00,stop
L,910,OJ/86,05:38:00,05:39:00,stop
L,910,SST/86,05:44:00,05:44:00,stop
L,910,FZ/86,05:47:00,05:47:00,pass
L,910,VM/86,05:49:00,05:50:00,stop
L,910,LK/86,05:55:00,05:56:00,stop
L,910,KD/86,06:03:00,06:05:00,stop
L,910,TL/86,06:11:00,06:11:00,stop
L,910,FA/86,06:17:00,00:00:00,stop
L,918,SDB/86,00:00:00,06:44:00,stop
L,918,GST/86,06:56:00,06:59:00,stop
L,918,KW/86,07:09:00,07:10:00,stop
L,918,TE/86,07:17:00,07:19:00,stop
L,918,RQ/86,07:27:00,07:29:00,stop
L,918,OJ/86,07:38:00,07:39:00,stop
L,918,SST/86,07:44:00,07:44:00,stop
L,918,FZ/86,07:47:00,07:47:00,pass
L,918,VM/86,07:49:00,07:50:00,stop
L,918,LK/86,07:55:00,07:56:00,stop
L,918,KD/86,08:03:00,08:05:00,stop
L,918,TL/86,08:11:00,08:11:00,stop
L,918,FA/86,08:17:00,00:00:00,stop
L,608,OD/86,00:00:00,06:19:00,stop
L,608,MV/86,06:23:00,06:23:00,stop
L,608,LV/86,06:25:00,06:25:00,pass
L,608,UV/86,06:27:00,06:27:00,pass
L,608,JU/86,06:29:00,06:29:00,pass
L,608,NG/86,06:31:00,06:33:00,stop
L,608,SPR/86,06:39:00,06:39:00,stop
L,608,KØ/86,06:45:00,06:45:00,pass
L,608,FO/86,06:48:00,06:48:00,pass
L,608,SG/86,06:51:00,06:53:00,stop
L,608,SO/86,07:00:00,07:00:00,stop
L,608,FJ/86,07:03:00,07:03:00,pass
L,608,RG/86,07:07:00,07:07:00,pass
L,608,ADA/86,07:11:00,07:11:00,pass
L,608,BJS/86,07:14:00,07:14:00,pass
L,608,LEL/86,07:17:00,07:17:00,pass
L,608,KJN/86,07:18:00,07:18:00,pass
L,608,JSF/86,07:19:00,07:19:00,pass
L,608,KIB/86,07:23:00,07:23:00,pass
L,608,AVH/86,07:28:00,07:28:00,pass
L,608,IG/86,07:30:00,07:30:00,pass
L,608,NEL/86,07:30:20,07:30:20,pass
L,608,GB/86,07:31:00,07:31:00,pass
L,608,KH/86,07:38:00,00:00:00,stop
L,4014,AB/86,00:00:00,05:03:00,stop
L,4014,OG/86,05:05:00,05:05:00,stop
L,4014,SN/86,05:07:00,05:07:00,pass
L,4014,SR/86,05:11:00,05:11:00,pass
L,4014,SØ/86,05:14:00,05:14:00,pass
L,4014,AD/86,05:17:00,05:17:00,pass
L,4014,HB/86,05:25:00,05:26:00,stop
L,4014,FP/86,05:34:00,05:34:00,stop
L,4014,RD/86,05:40:00,05:42:00,stop
L,4014,LG/86,05:49:00,05:49:00,stop
L,4014,HA/86,05:55:00,05:55:00,pass
L,4014,HN/86,05:58:00,05:58:00,pass
L,4014,ARL/86,06:04:00,06:04:00,pass
L,4014,BR/86,06:05:00,06:05:00,pass
L,4014,AR/86,06:12:00,00:00:00,stop
L,4018,AB/86,00:00:00,06:03:00,stop
L,4018,OG/86,06:05:00,06:05:00,stop
L,4018,SN/86,06:07:00,06:07:00,pass
L,4018,SR/86,06:11:00,06:11:00,pass
L,4018,SØ/86,06:14:00,06:14:00,pass
L,4018,AD/86,06:17:00,06:17:00,pass
L,4018,HB/86,06:25:00,06:26:00,stop
L,4018,FP/86,06:34:00,06:34:00,stop
L,4018,RD/86,06:41:00,06:43:00,stop
L,4018,LG/86,06:50:00,06:50:00,stop
L,4018,HA/86,06:55:00,06:55:00,pass
L,4018,HN/86,06:59:00,06:59:00,pass
L,4018,ARL/86,07:05:00,07:05:00,pass
L,4018,BR/86,07:06:00,07:06:00,pass
L,4018,AR/86,07:13:00,00:00:00,stop
L,4022,ABL/86,00:00:00,06:46:00,stop
L,4022,LIH/86,06:49:00,06:50:00,stop
L,4022,ABV/86,06:53:00,06:54:00,stop
L,4022,AB/86,06:58:00,07:03:00,stop
L,4022,OG/86,07:05:00,07:05:00,stop
L,4022,SN/86,07:07:00,07:07:00,pass
L,4022,SR/86,07:11:00,07:11:00,pass
L,4022,SØ/86,07:14:00,07:14:00,pass
L,4022,AD/86,07:17:00,07:17:00,pass
L,4022,HB/86,07:25:00,07:26:00,stop
L,4022,FP/86,07:34:00,07:34:00,stop
L,4022,RD/86,07:41:00,07:43:00,stop
L,4022,LG/86,07:50:00,07:50:00,stop
L,4022,HA/86,07:55:00,07:55:00,pass
L,4022,HN/86,07:59:00,07:59:00,pass
L,4022,ARL/86,08:05:00,08:05:00,pass
L,4022,BR/86,08:06:00,08:06:00,pass
L,4022,AR/86,08:13:00,00:00:00,stop
L,4026,ABL/86,00:00:00,07:46:00,stop
L,4026,LIH/86,07:49:00,07:50:00,stop
L,4026,ABV/86,07:53:00,07:54:00,stop
L,4026,AB/86,07:58:00,08:03:00,stop
L,4026,OG/86,08:05:00,08:05:00,stop
L,4026,SN/86,08:07:00,08:07:00,pass
L,4026,SR/86,08:11:00,08:11:00,pass
L,4026,SØ/86,08:14:00,08:14:00,pass
L,4026,AD/86,08:17:00,08:17:00,pass
L,4026,HB/86,08:25:00,08:26:00,stop
L,4026,FP/86,08:34:00,08:34:00,stop
L,4026,RD/86,08:41:00,08:43:00,stop
L,4026,LG/86,08:50:00,08:50:00,stop
L,4026,HA/86,08:55:00,08:55:00,pass
L,4026,HN/86,08:59:00,08:59:00,pass
L,4026,ARL/86,09:05:00,09:05:00,pass
L,4026,BR/86,09:06:00,09:06:00,pass
L,4026,AR/86,09:13:00,00:00:00,stop
L,4030,ABL/86,00:00:00,08:46:00,stop
L,4030,LIH/86,08:49:00,08:50:00,stop
L,4030,ABV/86,08:53:00,08:54:00,stop
L,4030,AB/86,08:58:00,09:03:00,stop
L,4030,OG/86,09:05:00,09:05:00,stop
L,4030,SN/86,09:07:00,09:07:00,pass
L,4030,SR/86,09:11:00,09:11:00,pass
L,4030,SØ/86,09:14:00,09:14:00,pass
L,4030,AD/86,09:17:00,09:17:00,pass
L,4030,HB/86,09:25:00,09:26:00,stop
L,4030,FP/86,09:34:00,09:34:00,stop
L,4030,RD/86,09:41:00,09:43:00,stop
L,4030,LG/86,09:50:00,09:50:00,stop
L,4030,HA/86,09:55:00,09:55:00,pass
L,4030,HN/86,09:59:00,09:59:00,pass
L,4030,ARL/86,10:05:00,10:05:00,pass
L,4030,BR/86,10:06:00,10:06:00,pass
L,4030,AR/86,10:13:00,00:00:00,stop
L,4034,ABL/86,00:00:00,09:46:00,stop
L,4034,LIH/86,09:49:00,09:50:00,stop
L,4034,ABV/86,09:53:00,09:54:00,stop
L,4034,AB/86,09:58:00,10:03:00,stop
L,4034,OG/86,10:05:00,10:05:00,stop
L,4034,SN/86,10:07:00,10:07:00,pass
L,4034,SR/86,10:11:00,10:11:00,pass
L,4034,SØ/86,10:14:00,10:14:00,pass
L,4034,AD/86,10:17:00,10:17:00,pass
L,4034,HB/86,10:25:00,10:26:00,stop
L,4034,FP/86,10:34:00,10:34:00,stop
L,4034,RD/86,10:41:00,10:43:00,stop
L,4034,LG/86,10:50:00,10:50:00,stop
L,4034,HA/86,10:55:00,10:55:00,pass
L,4034,HN/86,10:59:00,10:59:00,pass
L,4034,ARL/86,11:05:00,11:05:00,pass
L,4034,BR/86,11:06:00,11:06:00,pass
L,4034,AR/86,11:13:00,00:00:00,stop
L,4038,ABL/86,00:00:00,10:46:00,stop
L,4038,LIH/86,10:49:00,10:50:00,stop
L,4038,ABV/86,10:53:00,10:54:00,stop
L,4038,AB/86,10:58:00,11:03:00,stop
L,4038,OG/86,11:05:00,11:05:00,stop
L,4038,SN/86,11:07:00,11:07:00,pass
L,4038,SR/86,11:11:00,11:11:00,pass
L,4038,SØ/86,11:14:00,11:14:00,pass
L,4038,AD/86,11:17:00,11:17:00,pass
L,4038,HB/86,11:25:00,11:26:00,stop
L,4038,FP/86,11:34:00,11:34:00,stop
L,4038,RD/86,11:41:00,11:43:00,stop
L,4038,LG/86,11:50:00,11:50:00,stop
L,4038,HA/86,11:55:00,11:55:00,pass
L,4038,HN/86,11:59:00,11:59:00,pass
L,4038,ARL/86,12:05:00,12:05:00,pass
L,4038,BR/86,12:06:00,12:06:00,pass
L,4038,AR/86,12:13:00,00:00:00,stop
L,4042,ABL/86,00:00:00,11:46:00,stop
L,4042,LIH/86,11:49:00,11:50:00,stop
L,4042,ABV/86,11:53:00,11:54:00,stop
L,4042,AB/86,11:58:00,12:03:00,stop
L,4042,OG/86,12:05:00,12:05:00,stop
L,4042,SN/86,12:07:00,12:07:00,pass
L,4042,SR/86,12:11:00,12:11:00,pass
L,4042,SØ/86,12:14:00,12:14:00,pass
L,4042,AD/86,12:17:00,12:17:00,pass
L,4042,HB/86,12:25:00,12:26:00,stop
L,4042,FP/86,12:34:00,12:34:00,stop
L,4042,RD/86,12:41:00,12:43:00,stop
L,4042,LG/86,12:50:00,12:50:00,stop
L,4042,HA/86,12:55:00,12:55:00,pass
L,4042,HN/86,12:59:00,12:59:00,pass
L,4042,ARL/86,13:05:00,13:05:00,pass
L,4042,BR/86,13:06:00,13:06:00,pass
L,4042,AR/86,13:13:00,00:00:00,stop
L,4046,ABL/86,00:00:00,12:46:00,stop
L,4046,LIH/86,12:49:00,12:50:00,stop
L,4046,ABV/86,12:53:00,12:54:00,stop
L,4046,AB/86,12:58:00,13:03:00,stop
L,4046,OG/86,13:05:00,13:05:00,stop
L,4046,SN/86,13:07:00,13:07:00,pass
L,4046,SR/86,13:11:00,13:11:00,pass
L,4046,SØ/86,13:14:00,13:14:00,pass
L,4046,AD/86,13:17:00,13:17:00,pass
L,4046,HB/86,13:25:00,13:26:00,stop
L,4046,FP/86,13:34:00,13:34:00,stop
L,4046,RD/86,13:41:00,13:43:00,stop
L,4046,LG/86,13:50:00,13:50:00,stop
L,4046,HA/86,13:55:00,13:55:00,pass
L,4046,HN/86,13:59:00,13:59:00,pass
L,4046,ARL/86,14:05:00,14:05:00,pass
L,4046,BR/86,14:06:00,14:06:00,pass
L,4046,AR/86,14:13:00,00:00:00,stop
L,4050,ABL/86,00:00:00,13:46:00,stop
L,4050,LIH/86,13:49:00,13:50:00,stop
L,4050,ABV/86,13:53:00,13:54:00,stop
L,4050,AB/86,13:58:00,14:03:00,stop
L,4050,OG/86,14:05:00,14:05:00,stop
L,4050,SN/86,14:07:00,14:07:00,pass
L,4050,SR/86,14:11:00,14:11:00,pass
L,4050,SØ/86,14:14:00,14:14:00,pass
L,4050,AD/86,14:17:00,14:17:00,pass
L,4050,HB/86,14:25:00,14:26:00,stop
L,4050,FP/86,14:34:00,14:34:00,stop
L,4050,RD/86,14:41:00,14:43:00,stop
L,4050,LG/86,14:50:00,14:50:00,stop
L,4050,HA/86,14:55:00,14:55:00,pass
L,4050,HN/86,14:59:00,14:59:00,pass
L,4050,ARL/86,15:05:00,15:05:00,pass
L,4050,BR/86,15:06:00,15:06:00,pass
L,4050,AR/86,15:13:00,00:00:00,stop
L,4054,ABL/86,00:00:00,14:46:00,stop
L,4054,LIH/86,14:49:00,14:50:00,stop
L,4054,ABV/86,14:53:00,14:54:00,stop
L,4054,AB/86,14:58:00,15:03:00,stop
L,4054,OG/86,15:05:00,15:05:00,stop
L,4054,SN/86,15:07:00,15:07:00,pass
L,4054,SR/86,15:11:00,15:11:00,pass
L,4054,SØ/86,15:14:00,15:14:00,pass
L,4054,AD/86,15:17:00,15:17:00,pass
L,4054,HB/86,15:25:00,15:26:00,stop
L,4054,FP/86,15:34:00,15:34:00,stop
L,4054,RD/86,15:41:00,15:43:00,stop
L,4054,LG/86,15:50:00,15:50:00,stop
L,4054,HA/86,15:55:00,15:55:00,pass
L,4054,HN/86,15:59:00,15:59:00,pass
L,4054,ARL/86,16:05:00,16:05:00,pass
L,4054,BR/86,16:06:00,16:06:00,pass
L,4054,AR/86,16:13:00,00:00:00,stop
L,4058,ABL/86,00:00:00,15:46:00,stop
L,4058,LIH/86,15:49:00,15:50:00,stop
L,4058,ABV/86,15:53:00,15:54:00,stop
L,4058,AB/86,15:58:00,16:03:00,stop
L,4058,OG/86,16:05:00,16:05:00,stop
L,4058,SN/86,16:07:00,16:07:00,pass
L,4058,SR/86,16:11:00,16:11:00,pass
L,4058,SØ/86,16:14:00,16:14:00,pass
L,4058,AD/86,16:17:00,16:17:00,pass
L,4058,HB/86,16:25:00,16:26:00,stop
L,4058,FP/86,16:34:00,16:34:00,stop
L,4058,RD/86,16:41:00,16:43:00,stop
L,4058,LG/86,16:50:00,16:50:00,stop
L,4058,HA/86,16:55:00,16:55:00,pass
L,4058,HN/86,16:59:00,16:59:00,pass
L,4058,ARL/86,17:05:00,17:05:00,pass
L,4058,BR/86,17:06:00,17:06:00,pass
L,4058,AR/86,17:13:00,00:00:00,stop
L,4062,ABL/86,00:00:00,16:46:00,stop
L,4062,LIH/86,16:49:00,16:50:00,stop
L,4062,ABV/86,16:53:00,16:54:00,stop
L,4062,AB/86,16:58:00,17:03:00,stop
L,4062,OG/86,17:05:00,17:05:00,stop
L,4062,SN/86,17:07:00,17:07:00,pass
L,4062,SR/86,17:11:00,17:11:00,pass
L,4062,SØ/86,17:14:00,17:14:00,pass
L,4062,AD/86,17:17:00,17:17:00,pass
L,4062,HB/86,17:25:00,17:26:00,stop
L,4062,FP/86,17:34:00,17:34:00,stop
L,4062,RD/86,17:41:00,17:43:00,stop
L,4062,LG/86,17:50:00,17:50:00,stop
L,4062,HA/86,17:55:00,17:55:00,pass
L,4062,HN/86,17:59:00,17:59:00,pass
L,4062,ARL/86,18:05:00,18:05:00,pass
L,4062,BR/86,18:06:00,18:06:00,pass
L,4062,AR/86,18:13:00,00:00:00,stop
L,4066,ABL/86,00:00:00,17:46:00,stop
L,4066,LIH/86,17:49:00,17:50:00,stop
L,4066,ABV/86,17:53:00,17:54:00,stop
L,4066,AB/86,17:58:00,18:03:00,stop
L,4066,OG/86,18:05:00,18:05:00,stop
L,4066,SN/86,18:07:00,18:07:00,pass
L,4066,SR/86,18:11:00,18:11:00,pass
L,4066,SØ/86,18:14:00,18:14:00,pass
L,4066,AD/86,18:17:00,18:17:00,pass
L,4066,HB/86,18:25:00,18:26:00,stop
L,4066,FP/86,18:34:00,18:34:00,stop
L,4066,RD/86,18:41:00,18:43:00,stop
L,4066,LG/86,18:50:00,18:50:00,stop
L,4066,HA/86,18:55:00,18:55:00,pass
L,4066,HN/86,18:59:00,18:59:00,pass
L,4066,ARL/86,19:05:00,19:05:00,pass
L,4066,BR/86,19:06:00,19:06:00,pass
L,4066,AR/86,19:13:00,00:00:00,stop
L,4070,ABL/86,00:00:00,18:46:00,stop
L,4070,LIH/86,18:49:00,18:50:00,stop
L,4070,ABV/86,18:53:00,18:54:00,stop
L,4070,AB/86,18:58:00,19:03:00,stop
L,4070,OG/86,19:05:00,19:05:00,stop
L,4070,SN/86,19:07:00,19:07:00,pass
L,4070,SR/86,19:11:00,19:11:00,pass
L,4070,SØ/86,19:14:00,19:14:00,pass
L,4070,AD/86,19:17:00,19:17:00,pass
L,4070,HB/86,19:25:00,19:26:00,stop
L,4070,FP/86,19:34:00,19:34:00,stop
L,4070,RD/86,19:41:00,19:43:00,stop
L,4070,LG/86,19:50:00,19:50:00,stop
L,4070,HA/86,19:55:00,19:55:00,pass
L,4070,HN/86,19:59:00,19:59:00,pass
L,4070,ARL/86,20:05:00,20:05:00,pass
L,4070,BR/86,20:06:00,20:06:00,pass
L,4070,AR/86,20:13:00,00:00:00,stop
L,4074,AB/86,00:00:00,20:03:00,stop
L,4074,OG/86,20:05:00,20:05:00,stop
L,4074,SN/86,20:07:00,20:07:00,pass
L,4074,SR/86,20:11:00,20:11:00,pass
L,4074,SØ/86,20:14:00,20:14:00,pass
L,4074,AD/86,20:17:00,20:17:00,pass
L,4074,HB/86,20:25:00,20:26:00,stop
L,4074,FP/86,20:34:00,20:34:00,stop
L,4074,RD/86,20:41:00,20:43:00,stop
L,4074,LG/86,20:50:00,20:50:00,stop
L,4074,HA/86,20:55:00,20:55:00,pass
L,4074,HN/86,20:59:00,20:59:00,pass
L,4074,ARL/86,21:05:00,21:05:00,pass
L,4074,BR/86,21:06:00,21:06:00,pass
L,4074,AR/86,21:13:00,00:00:00,stop
L,649,KH/86,00:00:00,13:22:00,stop
L,649,GB/86,13:25:00,13:25:00,stop
L,649,NEL/86,13:26:00,13:26:00,pass
L,649,IG/86,13:26:20,13:26:20,pass
L,649,AVH/86,13:28:00,13:28:00,pass
L,649,KIB/86,13:33:00,13:33:00,pass
L,649,JSF/86,13:38:00,13:38:00,pass
L,649,KJN/86,13:39:00,13:39:00,pass
L,649,LEL/86,13:40:00,13:40:00,pass
L,649,BJS/86,13:43:00,13:43:00,pass
L,649,ADA/86,13:47:00,13:47:00,pass
L,649,RG/86,13:50:00,13:50:00,pass
L,649,FJ/86,13:54:00,13:54:00,pass
L,649,SO/86,13:57:00,13:57:00,pass
L,649,SG/86,14:03:00,14:03:00,pass
L,649,FO/86,14:06:00,14:06:00,pass
L,649,KØ/86,14:09:00,14:09:00,pass
L,649,SPR/86,14:15:00,14:15:00,pass
L,649,NG/86,14:20:00,14:20:00,pass
L,649,JU/86,14:22:00,14:22:00,pass
L,649,UV/86,14:24:00,14:24:00,pass
L,649,LV/86,14:26:00,14:26:00,pass
L,649,MV/86,14:28:00,14:28:00,pass
L,649,OD/86,14:33:00,14:36:00,stop
L,649,HP/86,14:41:00,14:41:00,stop
L,649,TP/86,14:44:00,14:44:00,pass
L,649,SC/86,14:46:00,14:46:00,pass
L,649,BD/86,14:47:00,14:47:00,pass
L,649,AP/86,14:48:00,14:48:00,pass
L,649,GD/86,14:50:00,14:50:00,pass
L,649,EB/86,14:52:00,14:52:00,pass
L,649,NA/86,14:55:00,14:55:00,pass
L,649,KA/86,14:56:00,14:56:00,pass
L,649,MD/86,14:59:00,14:59:00,pass
L,649,SNO/86,15:03:00,15:03:00,pass
L,649,FA/86,15:07:00,00:00:00,stop
L,4007,AR/86,00:00:00,05:45:00,stop
L,4007,BR/86,05:50:00,05:50:00,stop
L,4007,ARL/86,05:50:20,05:50:20,pass
L,4007,HN/86,05:56:00,05:56:00,pass
L,4007,HA/86,06:00:00,06:00:00,pass
L,4007,LG/86,06:06:00,06:06:00,pass
L,4007,RD/86,06:13:00,06:15:00,stop
L,4007,FP/86,06:22:00,06:22:00,stop
L,4007,HB/86,06:29:00,06:30:00,stop
L,4007,AD/86,06:38:00,06:38:00,stop
L,4007,SØ/86,06:40:00,06:40:00,pass
L,4007,SR/86,06:44:00,06:44:00,pass
L,4007,SN/86,06:47:00,06:47:00,pass
L,4007,OG/86,06:49:00,06:49:00,pass
L,4007,AB/86,06:53:00,06:58:00,stop
L,4007,ABV/86,07:00:00,07:01:00,stop
L,4007,LIH/86,07:03:00,07:04:00,stop
L,4007,ABL/86,07:08:00,00:00:00,stop
L,4011,AR/86,00:00:00,06:45:00,stop
L,4011,BR/86,06:50:00,06:50:00,stop
L,4011,ARL/86,06:50:20,06:50:20,pass
L,4011,HN/86,06:56:00,06:56:00,pass
L,4011,HA/86,07:00:00,07:00:00,pass
L,4011,LG/86,07:06:00,07:06:00,pass
L,4011,RD/86,07:13:00,07:15:00,stop
L,4011,FP/86,07:22:00,07:22:00,stop
L,4011,HB/86,07:29:00,07:30:00,stop
L,4011,AD/86,07:38:00,07:38:00,stop
L,4011,SØ/86,07:40:00,07:40:00,pass
L,4011,SR/86,07:44:00,07:44:00,pass
L,4011,SN/86,07:47:00,07:47:00,pass
L,4011,OG/86,07:49:00,07:49:00,pass
L,4011,AB/86,07:53:00,07:58:00,stop
L,4011,ABV/86,08:00:00,08:01:00,stop
L,4011,LIH/86,08:03:00,08:04:00,stop
L,4011,ABL/86,08:08:00,00:00:00,stop
L,4015,AR/86,00:00:00,07:45:00,stop
L,4015,BR/86,07:50:00,07:50:00,stop
L,4015,ARL/86,07:50:20,07:50:20,pass
L,4015,HN/86,07:56:00,07:56:00,pass
L,4015,HA/86,08:00:00,08:00:00,pass
L,4015,LG/86,08:06:00,08:06:00,pass
L,4015,RD/86,08:13:00,08:15:00,stop
L,4015,FP/86,08:22:00,08:22:00,stop
L,4015,HB/86,08:29:00,08:30:00,stop
L,4015,AD/86,08:38:00,08:38:00,stop
L,4015,SØ/86,08:40:00,08:40:00,pass
L,4015,SR/86,08:44:00,08:44:00,pass
L,4015,SN/86,08:47:00,08:47:00,pass
L,4015,OG/86,08:49:00,08:49:00,pass
L,4015,AB/86,08:53:00,08:58:00,stop
L,4015,ABV/86,09:00:00,09:01:00,stop
L,4015,LIH/86,09:03:00,09:04:00,stop
L,4015,ABL/86,09:08:00,00:00:00,stop
L,4019,AR/86,00:00:00,08:45:00,stop
L,4019,BR/86,08:50:00,08:50:00,stop
L,4019,ARL/86,08:50:20,08:50:20,pass
L,4019,HN/86,08:56:00,08:56:00,pass
L,4019,HA/86,09:00:00,09:00:00,pass
L,4019,LG/86,09:06:00,09:06:00,pass
L,4019,RD/86,09:13:00,09:15:00,stop
L,4019,FP/86,09:22:00,09:22:00,stop
L,4019,HB/86,09:29:00,09:30:00,stop
L,4019,AD/86,09:38:00,09:38:00,stop
L,4019,SØ/86,09:40:00,09:40:00,pass
L,4019,SR/86,09:44:00,09:44:00,pass
L,4019,SN/86,09:47:00,09:47:00,pass
L,4019,OG/86,09:49:00,09:49:00,pass
L,4019,AB/86,09:53:00,09:58:00,stop
L,4019,ABV/86,10:00:00,10:01:00,stop
L,4019,LIH/86,10:03:00,10:04:00,stop
L,4019,ABL/86,10:08:00,00:00:00,stop
L,4023,AR/86,00:00:00,09:45:00,stop
L,4023,BR/86,09:50:00,09:50:00,stop
L,4023,ARL/86,09:50:20,09:50:20,pass
L,4023,HN/86,09:56:00,09:56:00,pass
L,4023,HA/86,10:00:00,10:00:00,pass
L,4023,LG/86,10:06:00,10:06:00,pass
L,4023,RD/86,10:13:00,10:15:00,stop
L,4023,FP/86,10:22:00,10:22:00,stop
L,4023,HB/86,10:29:00,10:30:00,stop
L,4023,AD/86,10:38:00,10:38:00,stop
L,4023,SØ/86,10:40:00,10:40:00,pass
L,4023,SR/86,10:44:00,10:44:00,pass
L,4023,SN/86,10:47:00,10:47:00,pass
L,4023,OG/86,10:49:00,10:49:00,pass
L,4023,AB/86,10:53:00,10:58:00,stop
L,4023,ABV/86,11:00:00,11:01:00,stop
L,4023,LIH/86,11:03:00,11:04:00,stop
L,4023,ABL/86,11:08:00,00:00:00,stop
L,4027,AR/86,00:00:00,10:45:00,stop
L,4027,BR/86,10:50:00,10:50:00,stop
L,4027,ARL/86,10:50:20,10:50:20,pass
L,4027,HN/86,10:56:00,10:56:00,pass
L,4027,HA/86,11:00:00,11:00:00,pass
L,4027,LG/86,11:06:00,11:06:00,pass
L,4027,RD/86,11:13:00,11:15:00,stop
L,4027,FP/86,11:22:00,11:22:00,stop
L,4027,HB/86,11:29:00,11:30:00,stop
L,4027,AD/86,11:38:00,11:38:00,stop
L,4027,SØ/86,11:40:00,11:40:00,pass
L,4027,SR/86,11:44:00,11:44:00,pass
L,4027,SN/86,11:47:00,11:47:00,pass
L,4027,OG/86,11:49:00,11:49:00,pass
L,4027,AB/86,11:53:00,11:58:00,stop
L,4027,ABV/86,12:00:00,12:01:00,stop
L,4027,LIH/86,12:03:00,12:04:00,stop
L,4027,ABL/86,12:08:00,00:00:00,stop
L,4031,AR/86,00:00:00,11:45:00,stop
L,4031,BR/86,11:50:00,11:50:00,stop
L,4031,ARL/86,11:50:20,11:50:20,pass
L,4031,HN/86,11:56:00,11:56:00,pass
L,4031,HA/86,12:00:00,12:00:00,pass
L,4031,LG/86,12:06:00,12:06:00,pass
L,4031,RD/86,12:13:00,12:15:00,stop
L,4031,FP/86,12:22:00,12:22:00,stop
L,4031,HB/86,12:29:00,12:30:00,stop
L,4031,AD/86,12:38:00,12:38:00,stop
L,4031,SØ/86,12:40:00,12:40:00,pass
L,4031,SR/86,12:44:00,12:44:00,pass
L,4031,SN/86,12:47:00,12:47:00,pass
L,4031,OG/86,12:49:00,12:49:00,pass
L,4031,AB/86,12:53:00,12:58:00,stop
L,4031,ABV/86,13:00:00,13:01:00,stop
L,4031,LIH/86,13:03:00,13:04:00,stop
L,4031,ABL/86,13:08:00,00:00:00,stop
L,4035,AR/86,00:00:00,12:45:00,stop
L,4035,BR/86,12:50:00,12:50:00,stop
L,4035,ARL/86,12:50:20,12:50:20,pass
L,4035,HN/86,12:56:00,12:56:00,pass
L,4035,HA/86,13:00:00,13:00:00,pass
L,4035,LG/86,13:06:00,13:06:00,pass
L,4035,RD/86,13:13:00,13:15:00,stop
L,4035,FP/86,13:22:00,13:22:00,stop
L,4035,HB/86,13:29:00,13:30:00,stop
L,4035,AD/86,13:38:00,13:38:00,stop
L,4035,SØ/86,13:40:00,13:40:00,pass
L,4035,SR/86,13:44:00,13:44:00,pass
L,4035,SN/86,13:47:00,13:47:00,pass
L,4035,OG/86,13:49:00,13:49:00,pass
L,4035,AB/86,13:53:00,13:58:00,stop
L,4035,ABV/86,14:00:00,14:01:00,stop
L,4035,LIH/86,14:03:00,14:04:00,stop
L,4035,ABL/86,14:08:00,00:00:00,stop
L,4039,AR/86,00:00:00,13:45:00,stop
L,4039,BR/86,13:50:00,13:50:00,stop
L,4039,ARL/86,13:50:20,13:50:20,pass
L,4039,HN/86,13:56:00,13:56:00,pass
L,4039,HA/86,14:00:00,14:00:00,pass
L,4039,LG/86,14:06:00,14:06:00,pass
L,4039,RD/86,14:13:00,14:15:00,stop
L,4039,FP/86,14:22:00,14:22:00,stop
L,4039,HB/86,14:29:00,14:30:00,stop
L,4039,AD/86,14:38:00,14:38:00,stop
L,4039,SØ/86,14:40:00,14:40:00,pass
L,4039,SR/86,14:44:00,14:44:00,pass
L,4039,SN/86,14:47:00,14:47:00,pass
L,4039,OG/86,14:49:00,14:49:00,pass
L,4039,AB/86,14:53:00,14:58:00,stop
L,4039,ABV/86,15:00:00,15:01:00,stop
L,4039,LIH/86,15:03:00,15:04:00,stop
L,4039,ABL/86,15:08:00,00:00:00,stop
L,4043,AR/86,00:00:00,14:45:00,stop
L,4043,BR/86,14:50:00,14:50:00,stop
L,4043,ARL/86,14:50:20,14:50:20,pass
L,4043,HN/86,14:56:00,14:56:00,pass
L,4043,HA/86,15:00:00,15:00:00,pass
L,4043,LG/86,15:06:00,15:06:00,pass
L,4043,RD/86,15:13:00,15:15:00,stop
L,4043,FP/86,15:22:00,15:22:00,stop
L,4043,HB/86,15:29:00,15:30:00,stop
L,4043,AD/86,15:38:00,15:38:00,stop
L,4043,SØ/86,15:40:00,15:40:00,pass
L,4043,SR/86,15:44:00,15:44:00,pass
L,4043,SN/86,15:47:00,15:47:00,pass
L,4043,OG/86,15:49:00,15:49:00,pass
L,4043,AB/86,15:53:00,15:58:00,stop
L,4043,ABV/86,16:00:00,16:01:00,stop
L,4043,LIH/86,16:03:00,16:04:00,stop
L,4043,ABL/86,16:08:00,00:00:00,stop
L,4047,AR/86,00:00:00,15:45:00,stop
L,4047,BR/86,15:50:00,15:50:00,stop
L,4047,ARL/86,15:50:20,15:50:20,pass
L,4047,HN/86,15:56:00,15:56:00,pass
L,4047,HA/86,16:00:00,16:00:00,pass
L,4047,LG/86,16:06:00,16:06:00,pass
L,4047,RD/86,16:13:00,16:15:00,stop
L,4047,FP/86,16:22:00,16:22:00,stop
L,4047,HB/86,16:29:00,16:30:00,stop
L,4047,AD/86,16:38:00,16:38:00,stop
L,4047,SØ/86,16:40:00,16:40:00,pass
L,4047,SR/86,16:44:00,16:44:00,pass
L,4047,SN/86,16:47:00,16:47:00,pass
L,4047,OG/86,16:49:00,16:49:00,pass
L,4047,AB/86,16:53:00,16:58:00,stop
L,4047,ABV/86,17:00:00,17:01:00,stop
L,4047,LIH/86,17:03:00,17:04:00,stop
L,4047,ABL/86,17:08:00,00:00:00,stop
L,4051,AR/86,00:00:00,16:45:00,stop
L,4051,BR/86,16:50:00,16:50:00,stop
L,4051,ARL/86,16:50:20,16:50:20,pass
L,4051,HN/86,16:56:00,16:56:00,pass
L,4051,HA/86,17:00:00,17:00:00,pass
L,4051,LG/86,17:06:00,17:06:00,pass
L,4051,RD/86,17:13:00,17:15:00,stop
L,4051,FP/86,17:22:00,17:22:00,stop
L,4051,HB/86,17:29:00,17:30:00,stop
L,4051,AD/86,17:38:00,17:38:00,stop
L,4051,SØ/86,17:40:00,17:40:00,pass
L,4051,SR/86,17:44:00,17:44:00,pass
L,4051,SN/86,17:47:00,17:47:00,pass
L,4051,OG/86,17:49:00,17:49:00,pass
L,4051,AB/86,17:53:00,17:58:00,stop
L,4051,ABV/86,18:00:00,18:01:00,stop
L,4051,LIH/86,18:03:00,18:04:00,stop
L,4051,ABL/86,18:08:00,00:00:00,stop
L,4055,AR/86,00:00:00,17:45:00,stop
L,4055,BR/86,17:50:00,17:50:00,stop
L,4055,ARL/86,17:50:20,17:50:20,pass
L,4055,HN/86,17:56:00,17:56:00,pass
L,4055,HA/86,18:00:00,18:00:00,pass
L,4055,LG/86,18:06:00,18:06:00,pass
L,4055,RD/86,18:13:00,18:15:00,stop
L,4055,FP/86,18:22:00,18:22:00,stop
L,4055,HB/86,18:29:00,18:30:00,stop
L,4055,AD/86,18:38:00,18:38:00,stop
L,4055,SØ/86,18:40:00,18:40:00,pass
L,4055,SR/86,18:44:00,18:44:00,pass
L,4055,SN/86,18:47:00,18:47:00,pass
L,4055,OG/86,18:49:00,18:49:00,pass
L,4055,AB/86,18:53:00,00:00:00,stop
L,4059,AR/86,00:00:00,18:45:00,stop
L,4059,BR/86,18:50:00,18:50:00,stop
L,4059,ARL/86,18:50:20,18:50:20,pass
L,4059,HN/86,18:56:00,18:56:00,pass
L,4059,HA/86,19:00:00,19:00:00,pass
L,4059,LG/86,19:06:00,19:06:00,pass
L,4059,RD/86,19:13:00,19:15:00,stop
L,4059,FP/86,19:22:00,19:22:00,stop
L,4059,HB/86,19:29:00,19:30:00,stop
L,4059,AD/86,19:38:00,19:38:00,stop
L,4059,SØ/86,19:40:00,19:40:00,pass
L,4059,SR/86,19:44:00,19:44:00,pass
L,4059,SN/86,19:47:00,19:47:00,pass
L,4059,OG/86,19:49:00,19:49:00,pass
L,4059,AB/86,19:53:00,00:00:00,stop
L,4063,AR/86,00:00:00,19:45:00,stop
L,4063,BR/86,19:50:00,19:50:00,stop
L,4063,ARL/86,19:50:20,19:50:20,pass
L,4063,HN/86,19:56:00,19:56:00,pass
L,4063,HA/86,20:00:00,20:00:00,pass
L,4063,LG/86,20:06:00,20:06:00,pass
L,4063,RD/86,20:13:00,20:15:00,stop
L,4063,FP/86,20:22:00,20:22:00,stop
L,4063,HB/86,20:29:00,20:30:00,stop
L,4063,AD/86,20:38:00,20:38:00,stop
L,4063,SØ/86,20:40:00,20:40:00,pass
L,4063,SR/86,20:44:00,20:44:00,pass
L,4063,SN/86,20:47:00,20:47:00,pass
L,4063,OG/86,20:49:00,20:49:00,pass
L,4063,AB/86,20:53:00,00:00:00,stop
L,4067,AR/86,00:00:00,20:45:00,stop
L,4067,BR/86,20:50:00,20:50:00,stop
L,4067,ARL/86,20:50:20,20:50:20,pass
L,4067,HN/86,20:56:00,20:56:00,pass
L,4067,HA/86,21:00:00,21:00:00,pass
L,4067,LG/86,21:06:00,21:06:00,pass
L,4067,RD/86,21:13:00,21:15:00,stop
L,4067,FP/86,21:22:00,21:22:00,stop
L,4067,HB/86,21:29:00,21:30:00,stop
L,4067,AD/86,21:38:00,21:38:00,stop
L,4067,SØ/86,21:40:00,21:40:00,pass
L,4067,SR/86,21:44:00,21:44:00,pass
L,4067,SN/86,21:47:00,21:47:00,pass
L,4067,OG/86,21:49:00,21:49:00,pass
L,4067,AB/86,21:53:00,00:00:00,stop
M,9730,KH/86,00:00:00,13:40:00,stop
M,9730,KN/86,13:43:00,13:43:00,stop
M,9730,KK/86,13:46:00,13:47:00,stop
M,9730,HGL/86,13:50:00,00:00:00,stop
M,6370,KK/86,00:00:00,21:51:00,stop
M,6370,KN/86,21:53:00,21:53:00,stop
M,6370,KH/86,21:57:00,00:00:00,stop
M,6343,KH/86,00:00:00,12:10:00,stop
M,6343,BAN/86,12:13:00,12:13:00,stop
M,6343,KLV/86,12:15:00,12:15:00,pass
M,6343,ØRE/86,12:18:00,12:18:00,pass
M,6343,TÅT/86,12:21:00,12:21:00,pass
M,6343,CPH/86,12:24:00,00:00:00,stop
M,9702,CPH/86,00:00:00,06:09:00,stop
M,9702,TÅT/86,06:14:00,06:14:00,stop
M,9702,ØRE/86,06:16:00,06:16:00,pass
M,9702,KLV/86,06:18:00,06:18:00,pass
M,9702,BAN/86,06:20:00,06:20:00,pass
M,9702,KH/86,06:24:00,06:28:00,stop
M,9702,KN/86,06:31:00,06:31:00,stop
M,9702,KK/86,06:34:00,06:34:00,pass
M,9702,HGL/86,06:37:00,00:00:00,stop
M,6322,KK/86,00:00:00,11:10:00,stop
M,6322,HGL/86,11:12:00,00:00:00,stop
M,6431,HGL/86,00:00:00,11:09:00,stop
M,6431,KK/86,11:12:00,11:12:00,stop
M,6431,KN/86,11:13:00,11:13:00,pass
M,6431,KH/86,11:17:00,11:22:00,stop
M,6431,BAN/86,11:25:00,11:25:00,stop
M,6431,KLV/86,11:28:00,11:28:00,pass
M,6431,ØRE/86,11:30:00,11:30:00,pass
M,6431,TÅT/86,11:32:00,11:32:00,pass
M,6431,CPH/86,11:35:00,00:00:00,stop
M,9783,HGL/86,00:00:00,21:07:00,stop
M,9783,KK/86,21:11:00,21:11:00,stop
M,9783,KN/86,21:14:00,21:14:00,pass
M,9783,KH/86,21:17:00,00:00:00,stop
M,9115,NÆ/86,00:00:00,05:41:00,stop
M,9115,MOG/86,05:44:00,05:44:00,stop
M,9115,LU/86,05:48:00,05:48:00,pass
M,9115,VO/86,05:55:00,00:00:00,stop
M,9111,NÆ/86,00:00:00,04:41:00,stop
M,9111,MOG/86,04:44:00,04:44:00,stop
M,9111,LU/86,04:48:00,04:48:00,pass
M,9111,VO/86,04:55:00,00:00:00,stop
M,9700,KH/86,00:00:00,06:13:00,stop
M,9700,KN/86,06:16:00,06:16:00,stop
M,9700,KK/86,06:19:00,06:19:00,pass
M,9700,HGL/86,06:22:00,00:00:00,stop
M,6459,HGL/86,00:00:00,12:34:00,stop
M,6459,KK/86,12:37:00,00:00:00,stop
M,9676,KH/86,00:00:00,01:04:00,stop
M,9676,KN/86,01:07:00,01:07:00,stop
M,9676,KK/86,01:10:00,00:00:00,stop
M,9720,KK/86,00:00:00,11:32:00,stop
M,9720,HGL/86,11:36:00,00:00:00,stop
M,6314,CPH/86,00:00:00,11:35:00,stop
M,6314,TÅT/86,11:38:00,11:38:00,stop
M,6314,ØRE/86,11:40:00,11:40:00,pass
M,6314,KLV/86,11:41:00,11:41:00,pass
M,6314,BAN/86,11:44:00,11:44:00,pass
M,6314,KH/86,11:49:00,00:00:00,stop
M,9113,VO/86,00:00:00,05:14:00,stop
M,9113,MN/86,05:16:00,05:16:00,stop
M,9113,OH/86,05:20:00,05:20:00,pass
M,9113,NV/86,05:22:00,05:22:00,pass
M,9113,EK/86,05:24:00,05:24:00,pass
M,9113,TN/86,05:25:00,05:25:00,pass
M,9113,NF/86,05:29:00,00:00:00,stop
M,6432,KH/86,00:00:00,13:35:00,stop
M,6432,BAN/86,13:38:00,13:38:00,stop
M,6432,KLV/86,13:40:00,13:40:00,pass
M,6432,ØRE/86,13:43:00,13:43:00,pass
M,6432,TÅT/86,13:44:00,13:44:00,pass
M,6432,CPH/86,13:48:00,00:00:00,stop
M,6320,CPH/86,00:00:00,12:48:00,stop
M,6320,TÅT/86,12:53:00,12:53:00,stop
M,6320,ØRE/86,12:54:00,12:54:00,pass
M,6320,KLV/86,12:57:00,12:57:00,pass
M,6320,BAN/86,13:00:00,13:00:00,pass
M,6320,KH/86,13:07:00,13:10:00,stop
M,6320,KN/86,13:13:00,13:13:00,stop
M,6320,KK/86,13:16:00,13:17:00,stop
M,6320,HGL/86,13:19:00,00:00:00,stop
M,9701,HGL/86,00:00:00,01:16:00,stop
M,9701,KK/86,01:20:00,01:20:00,stop
M,9701,KN/86,01:23:00,01:23:00,pass
M,9701,KH/86,01:26:00,01:29:00,stop
M,9701,BAN/86,01:32:00,01:32:00,stop
M,9701,KLV/86,01:34:00,01:34:00,pass
M,9701,ØRE/86,01:36:00,01:36:00,pass
M,9701,TÅT/86,01:37:00,01:37:00,pass
M,9701,CPH/86,01:41:00,00:00:00,stop
M,6348,KH/86,00:00:00,09:40:00,stop
M,6348,KN/86,09:43:00,09:43:00,stop
M,6348,KK/86,09:46:00,09:47:00,stop
M,6348,HGL/86,09:50:00,00:00:00,stop
M,9360,CPH/86,00:00:00,20:43:00,stop
M,9360,TÅT/86,20:46:00,20:46:00,stop
M,9360,ØRE/86,20:48:00,20:48:00,pass
M,9360,KLV/86,20:51:00,20:51:00,pass
M,9360,BAN/86,20:52:00,20:52:00,pass
M,9360,KH/86,20:56:00,00:00:00,stop
M,9782,CPH/86,00:00:00,02:32:00,stop
M,9782,TÅT/86,02:37:00,02:37:00,stop
M,9782,ØRE/86,02:39:00,02:39:00,pass
M,9782,KLV/86,02:41:00,02:41:00,pass
M,9782,BAN/86,02:43:00,02:43:00,pass
M,9782,KH/86,02:47:00,02:49:00,stop
M,9782,KN/86,02:52:00,02:52:00,stop
M,9782,KK/86,02:55:00,02:55:00,pass
M,9782,HGL/86,02:59:00,00:00:00,stop
M,9176,RO/86,00:00:00,01:00:00,stop
M,9176,TRK/86,01:02:00,01:02:00,stop
M,9176,HH/86,01:04:00,01:04:00,pass
M,9176,HTÅ/86,01:06:00,01:06:00,pass
M,9176,GL/86,01:11:00,01:11:00,pass
M,9176,HIF/86,01:13:00,01:13:00,pass
M,9176,VAL/86,01:14:00,01:14:00,pass
M,9176,KH/86,01:19:00,01:26:00,stop
M,9176,KN/86,01:29:00,01:29:00,stop
M,9176,KK/86,01:32:00,00:00:00,stop
M,7085,FA/86,00:00:00,21:55:00,stop
M,7085,BK/86,22:04:00,22:04:00,stop
M,7085,BET/86,22:06:00,22:06:00,pass
M,7085,VJ/86,22:14:00,22:14:00,pass
M,7085,HED/86,22:25:00,22:25:00,pass
M,7085,HS/86,22:37:00,22:37:00,pass
M,7085,HÅ/86,22:47:00,22:47:00,pass
M,7085,SD/86,22:57:00,22:57:00,pass
M,7085,HX/86,23:03:00,23:03:00,pass
M,7085,HC/86,23:06:00,23:06:00,pass
M,7085,VI/86,23:10:00,23:10:00,pass
M,7085,KGV/86,23:11:00,23:11:00,pass
M,7085,AR/86,23:15:00,00:00:00,stop
M,9362,CPH/86,00:00:00,20:39:00,stop
M,9362,TÅT/86,20:42:00,20:42:00,stop
M,9362,ØRE/86,20:44:00,20:44:00,pass
M,9362,KLV/86,20:47:00,20:47:00,pass
M,9362,BAN/86,20:48:00,20:48:00,pass
M,9362,KH/86,20:52:00,00:00:00,stop
M,9163,RO/86,00:00:00,16:48:00,stop
M,9163,VY/86,16:55:00,16:55:00,stop
M,9163,BO/86,16:59:00,16:59:00,pass
M,9163,KY/86,17:03:00,17:03:00,pass
M,9163,RG/86,17:08:00,17:08:00,pass
M,9163,GZ/86,17:13:00,17:13:00,pass
M,9163,NÆ/86,17:20:00,00:00:00,stop
M,9302,CPH/86,00:00:00,03:42:00,stop
M,9302,TÅT/86,03:47:00,03:47:00,stop
M,9302,ØRE/86,03:48:00,03:48:00,pass
M,9302,KLV/86,03:50:00,03:50:00,pass
M,9302,BAN/86,03:52:00,03:52:00,pass
M,9302,KH/86,03:55:00,00:00:00,stop
M,9323,KH/86,00:00:00,06:22:00,stop
M,9323,BAN/86,06:25:00,06:25:00,stop
M,9323,KLV/86,06:27:00,06:27:00,pass
M,9323,ØRE/86,06:30:00,06:30:00,pass
M,9323,TÅT/86,06:33:00,06:33:00,pass
M,9323,CPH/86,06:36:00,00:00:00,stop
M,9000,KH/86,00:00:00,05:00:00,stop
M,9000,KN/86,05:02:00,05:02:00,stop
M,9000,KK/86,05:04:00,05:04:00,pass
M,9000,HGL/86,05:06:00,05:06:00,pass
M,9000,HL/86,05:08:00,05:08:00,pass
M,9000,KL/86,05:12:00,05:12:00,pass
M,9000,SÅ/86,05:15:00,05:15:00,pass
M,9000,VB/86,05:17:00,05:17:00,pass
M,9000,RU/86,05:19:00,05:19:00,pass
M,9000,OK/86,05:21:00,05:21:00,pass
M,9000,NI/86,05:23:00,05:23:00,pass
M,9000,HUM/86,05:25:00,05:25:00,pass
M,9000,GÆ/86,05:27:00,05:27:00,pass
M,9000,SQ/86,05:28:00,05:28:00,pass
M,9000,HG/86,05:32:00,00:00:00,stop
M,9024,KH/86,00:00:00,12:28:00,stop
M,9024,KN/86,12:31:00,12:31:00,stop
M,9024,KK/86,12:34:00,12:34:00,pass
M,9024,HGL/86,12:37:00,12:37:00,pass
M,9024,HL/86,12:40:00,12:40:00,pass
M,9024,KL/86,12:47:00,12:47:00,pass
M,9024,SÅ/86,12:53:00,12:53:00,pass
M,9024,VB/86,12:56:00,12:56:00,pass
M,9024,RU/86,13:00:00,13:00:00,pass
M,9024,OK/86,13:03:00,13:03:00,pass
M,9024,NI/86,13:06:00,13:06:00,pass
M,9024,HUM/86,13:10:00,13:10:00,pass
M,9024,GÆ/86,13:14:00,13:14:00,pass
M,9024,SQ/86,13:17:00,13:17:00,pass
M,9024,HG/86,13:21:00,00:00:00,stop
M,9303,KH/86,00:00:00,01:25:00,stop
M,9303,BAN/86,01:28:00,01:28:00,stop
M,9303,KLV/86,01:30:00,01:30:00,pass
M,9303,ØRE/86,01:32:00,01:32:00,pass
M,9303,TÅT/86,01:33:00,01:33:00,pass
M,9303,CPH/86,01:37:00,00:00:00,stop
M,9797,HGL/86,00:00:00,00:39:00,stop
M,9797,KK/86,00:43:00,00:44:00,stop
M,9797,KN/86,00:46:00,00:46:00,stop
M,9797,KH/86,00:50:00,00:52:00,stop
M,9797,BAN/86,00:55:00,00:55:00,stop
M,9797,KLV/86,00:57:00,00:57:00,pass
M,9797,ØRE/86,00:59:00,00:59:00,pass
M,9797,TÅT/86,01:01:00,01:01:00,pass
M,9797,CPH/86,01:04:00,00:00:00,stop
M,9784,CPH/86,00:00:00,02:50:00,stop
M,9784,TÅT/86,02:53:00,02:53:00,stop
M,9784,ØRE/86,02:54:00,02:54:00,pass
M,9784,KLV/86,02:55:00,02:55:00,pass
M,9784,BAN/86,02:57:00,02:57:00,pass
M,9784,KH/86,03:02:00,03:03:00,stop
M,9784,KN/86,03:06:00,03:06:00,stop
M,9784,KK/86,03:09:00,03:09:00,pass
M,9784,HGL/86,03:12:00,00:00:00,stop
M,9043,HG/86,00:00:00,10:33:00,stop
M,9043,SQ/86,10:38:00,10:38:00,stop
M,9043,GÆ/86,10:41:00,10:41:00,pass
M,9043,HUM/86,10:45:00,10:45:00,pass
M,9043,NI/86,10:49:00,10:49:00,pass
M,9043,OK/86,10:52:00,10:52:00,pass
M,9043,RU/86,10:56:00,10:56:00,pass
M,9043,VB/86,11:00:00,11:00:00,pass
M,9043,SÅ/86,11:03:00,11:03:00,pass
M,9043,KL/86,11:10:00,11:10:00,pass
M,9043,HL/86,11:17:00,11:17:00,pass
M,9043,HGL/86,11:21:00,11:21:00,pass
M,9043,KK/86,11:24:00,00:00:00,stop
M,9387,KH/86,00:00:00,22:01:00,stop
M,9387,BAN/86,22:05:00,22:05:00,stop
M,9387,KLV/86,22:07:00,22:07:00,pass
M,9387,ØRE/86,22:09:00,22:09:00,pass
M,9387,TÅT/86,22:10:00,22:10:00,pass
M,9387,CPH/86,22:14:00,00:00:00,stop
M,9300,CPH/86,00:00:00,03:12:00,stop
M,9300,TÅT/86,03:17:00,03:17:00,stop
M,9300,ØRE/86,03:18:00,03:18:00,pass
M,9300,KLV/86,03:20:00,03:20:00,pass
M,9300,BAN/86,03:22:00,03:22:00,pass
M,9300,KH/86,03:25:00,00:00:00,stop
M,12398,KH/86,00:00:00,13:43:00,stop
M,12398,KN/86,13:46:00,13:46:00,stop
M,12398,KK/86,13:49:00,13:52:00,stop
M,12398,HGL/86,13:55:00,00:00:00,stop
M,12399,HGL/86,00:00:00,15:49:00,stop
M,12399,KK/86,15:53:00,15:56:00,stop
M,12399,KN/86,15:59:00,15:59:00,stop
M,12399,KH/86,16:02:00,00:00:00,stop
M,12198,KH/86,00:00:00,11:43:00,stop
M,12198,KN/86,11:46:00,11:46:00,stop
M,12198,KK/86,11:49:00,11:52:00,stop
M,12198,HGL/86,11:55:00,00:00:00,stop
M,12396,KH/86,00:00:00,15:43:00,stop
M,12396,KN/86,15:45:00,15:45:00,stop
M,12396,KK/86,15:48:00,15:50:00,stop
M,12396,HGL/86,15:53:00,00:00:00,stop
M,12397,HGL/86,00:00:00,14:04:00,stop
M,12397,KK/86,14:08:00,14:11:00,stop
M,12397,KN/86,14:14:00,14:14:00,stop
M,12397,KH/86,14:17:00,00:00:00,stop
M,12199,HGL/86,00:00:00,18:05:00,stop
M,12199,KK/86,18:09:00,18:11:00,stop
M,12199,KN/86,18:14:00,18:14:00,stop
M,12199,KH/86,18:17:00,00:00:00,stop
M,9795,HGL/86,00:00:00,00:09:00,stop
M,9795,KK/86,00:13:00,00:14:00,stop
M,9795,KN/86,00:16:00,00:16:00,stop
M,9795,KH/86,00:20:00,00:00:00,stop
M,12393,HGL/86,00:00:00,07:51:00,stop
M,12393,KK/86,07:55:00,07:59:00,stop
M,12393,KN/86,08:02:00,08:02:00,stop
M,12393,KH/86,08:05:00,00:00:00,stop
M,12395,HGL/86,00:00:00,12:05:00,stop
M,12395,KK/86,12:09:00,12:11:00,stop
M,12395,KN/86,12:14:00,12:14:00,stop
M,12395,KH/86,12:17:00,00:00:00,stop
M,12394,KH/86,00:00:00,19:43:00,stop
M,12394,KN/86,19:46:00,19:46:00,stop
M,12394,KK/86,19:49:00,19:49:00,pass
M,12394,HGL/86,19:53:00,00:00:00,stop
M,12392,KH/86,00:00:00,23:41:00,stop
M,12392,KN/86,23:43:00,23:43:00,stop
M,12392,KK/86,23:46:00,23:48:00,stop
M,12392,HGL/86,23:51:00,00:00:00,stop
M,9179,SG/86,00:00:00,21:19:00,stop
M,9179,FO/86,21:24:00,21:24:00,stop
M,9179,KØ/86,21:27:00,21:27:00,pass
M,9179,SPR/86,21:34:00,21:34:00,pass
M,9179,NG/86,21:40:00,21:40:00,pass
M,9179,JU/86,21:42:00,21:42:00,pass
M,9179,UV/86,21:44:00,21:44:00,pass
M,9179,LV/86,21:46:00,21:46:00,pass
M,9179,MV/86,21:47:00,21:47:00,pass
M,9179,OD/86,21:52:00,00:00:00,stop
M,9785,HGL/86,00:00:00,21:37:00,stop
M,9785,KK/86,21:41:00,21:41:00,stop
M,9785,KN/86,21:44:00,21:44:00,pass
M,9785,KH/86,21:47:00,21:52:00,stop
M,9785,BAN/86,21:55:00,21:55:00,stop
M,9785,KLV/86,21:57:00,21:57:00,pass
M,9785,ØRE/86,22:00:00,22:00:00,pass
M,9785,TÅT/86,22:03:00,22:03:00,pass
M,9785,CPH/86,22:06:00,00:00:00,stop
M,9301,KH/86,00:00:00,01:15:00,stop
M,9301,BAN/86,01:17:00,01:17:00,stop
M,9301,KLV/86,01:19:00,01:19:00,pass
M,9301,ØRE/86,01:21:00,01:21:00,pass
M,9301,TÅT/86,01:24:00,01:24:00,pass
M,9301,CPH/86,01:28:00,00:00:00,stop
M,12191,HGL/86,00:00:00,04:56:00,stop
M,12191,KK/86,05:00:00,05:02:00,stop
M,12191,KN/86,05:05:00,05:05:00,stop
M,12191,KH/86,05:08:00,00:00:00,stop
M,12196,KH/86,00:00:00,16:43:00,stop
M,12196,KN/86,16:46:00,16:46:00,stop
M,12196,KK/86,16:49:00,16:52:00,stop
M,12196,HGL/86,16:55:00,00:00:00,stop
M,7087,KD/86,00:00:00,01:23:00,stop
M,7087,TL/86,01:32:00,01:32:00,stop
M,7087,FA/86,01:42:00,00:00:00,stop
M,940397,HMB/80,00:00:00,19:24:00,stop
M,940397,ADF/80,19:27:00,19:29:00,stop
M,940397,AA/80,19:37:00,00:00:00,stop
M,940387,AA/80,00:00:00,04:45:00,stop
M,940387,ADF/80,04:49:00,04:51:00,stop
M,940387,HMB/80,04:54:00,00:00:00,stop
M,7098,AR/86,00:00:00,02:25:00,stop
M,7098,KGV/86,02:28:00,02:28:00,stop
M,7098,VI/86,02:30:00,02:30:00,pass
M,7098,HC/86,02:33:00,02:33:00,pass
M,7098,HX/86,02:36:00,02:36:00,pass
M,7098,SD/86,02:42:00,02:42:00,pass
M,7098,HÅ/86,02:52:00,02:52:00,pass
M,7098,HS/86,03:02:00,03:02:00,pass
M,7098,HED/86,03:13:00,03:13:00,pass
M,7098,VJ/86,03:24:00,03:24:00,pass
M,7098,BET/86,03:31:00,03:31:00,pass
M,7098,BK/86,03:33:00,03:33:00,pass
M,7098,FA/86,03:45:00,00:00:00,stop
M,9017,HGL/86,00:00:00,04:24:00,stop
M,9017,KK/86,04:27:00,04:27:00,stop
M,9017,KN/86,04:30:00,04:30:00,pass
M,9017,KH/86,04:33:00,04:36:00,stop
M,9017,VAL/86,04:40:00,04:40:00,stop
M,9017,HIF/86,04:42:00,04:42:00,pass
M,9017,GL/86,04:44:00,04:44:00,pass
M,9017,HTÅ/86,04:50:00,04:50:00,pass
M,9017,HH/86,04:53:00,04:53:00,pass
M,9017,TRK/86,04:56:00,04:56:00,pass
M,9017,RO/86,04:59:00,00:00:00,stop
RR,4708,FA/86,00:00:00,05:34:00,stop
RR,4708,SNO/86,05:37:00,05:37:00,stop
RR,4708,MD/86,05:40:00,05:41:00,stop
RR,4708,KA/86,05:45:00,05:45:00,stop
RR,4708,NA/86,05:47:00,05:48:00,stop
RR,4708,EB/86,05:51:00,05:52:00,stop
RR,4708,GD/86,05:56:00,05:57:00,stop
RR,4708,AP/86,06:01:00,06:02:00,stop
RR,4708,BD/86,06:04:00,06:04:00,stop
RR,4708,SC/86,06:05:00,06:05:00,pass
RR,4708,TP/86,06:07:00,06:08:00,stop
RR,4708,HP/86,06:11:00,06:11:00,stop
RR,4708,OD/86,06:16:00,00:00:00,stop
RR,4714,FA/86,00:00:00,07:02:00,stop
RR,4714,SNO/86,07:04:00,07:04:00,stop
RR,4714,MD/86,07:08:00,07:09:00,stop
RR,4714,KA/86,07:12:00,07:12:00,stop
RR,4714,NA/86,07:14:00,07:15:00,stop
RR,4714,EB/86,07:19:00,07:20:00,stop
RR,4714,GD/86,07:23:00,07:24:00,stop
RR,4714,AP/86,07:28:00,07:29:00,stop
RR,4714,BD/86,07:31:00,07:32:00,stop
RR,4714,SC/86,07:33:00,07:33:00,stop
RR,4714,TP/86,07:36:00,07:37:00,stop
RR,4714,HP/86,07:41:00,07:41:00,stop
RR,4714,OD/86,07:48:00,00:00:00,stop
RR,2776,FA/86,00:00:00,22:27:00,stop
RR,2776,SNO/86,22:30:00,22:30:00,stop
RR,2776,MD/86,22:34:00,22:35:00,stop
RR,2776,KA/86,22:39:00,22:40:00,stop
RR,2776,NA/86,22:43:00,22:44:00,stop
RR,2776,EB/86,22:48:00,22:49:00,stop
RR,2776,GD/86,22:53:00,22:54:00,stop
RR,2776,AP/86,22:58:00,22:59:00,stop
RR,2776,BD/86,23:02:00,23:03:00,stop
RR,2776,SC/86,23:05:00,23:05:00,stop
RR,2776,TP/86,23:08:00,23:09:00,stop
RR,2776,HP/86,23:14:00,23:15:00,stop
RR,2776,OD/86,23:21:00,00:00:00,stop
RR,983,FA/86,00:00:00,23:56:00,stop
RR,983,TL/86,00:01:00,00:01:00,stop
RR,983,KD/86,00:07:00,00:09:00,stop
RR,983,LK/86,00:16:00,00:17:00,stop
RR,983,VM/86,00:21:00,00:22:00,stop
RR,983,FZ/86,00:25:00,00:25:00,stop
RR,983,SST/86,00:29:00,00:29:00,pass
RR,983,OJ/86,00:32:00,00:34:00,stop
RR,983,RQ/86,00:43:00,00:45:00,stop
RR,983,TE/86,00:53:00,00:55:00,stop
RR,983,KW/86,01:02:00,01:03:00,stop
RR,983,GST/86,01:13:00,01:14:00,stop
RR,983,SDB/86,01:27:00,00:00:00,stop
RR,974,SDB/86,00:00:00,20:44:00,stop
RR,974,GST/86,20:56:00,20:59:00,stop
RR,974,KW/86,21:09:00,21:10:00,stop
RR,974,TE/86,21:17:00,21:19:00,stop
RR,974,RQ/86,21:27:00,21:29:00,stop
RR,974,OJ/86,21:38:00,21:39:00,stop
RR,974,SST/86,21:44:00,21:44:00,stop
RR,974,FZ/86,21:47:00,21:47:00,pass
RR,974,VM/86,21:49:00,21:50:00,stop
RR,974,LK/86,21:55:00,21:56:00,stop
RR,974,KD/86,22:03:00,22:05:00,stop
RR,974,TL/86,22:11:00,22:11:00,stop
RR,974,FA/86,22:17:00,00:00:00,stop
RR,982,SDB/86,00:00:00,22:44:00,stop
RR,982,GST/86,22:56:00,22:59:00,stop
RR,982,KW/86,23:09:00,23:10:00,stop
RR,982,TE/86,23:17:00,23:19:00,stop
RR,982,RQ/86,23:27:00,23:29:00,stop
RR,982,OJ/86,23:38:00,23:39:00,stop
RR,982,SST/86,23:44:00,23:44:00,stop
RR,982,FZ/86,23:47:00,23:47:00,pass
RR,982,VM/86,23:49:00,23:50:00,stop
RR,982,LK/86,23:55:00,23:56:00,stop
RR,982,KD/86,00:03:00,00:05:00,stop
RR,982,TL/86,00:11:00,00:11:00,stop
RR,982,FA/86,00:17:00,00:00:00,stop
RR,3408,KH/86,00:00:00,07:46:00,stop
RR,3408,KN/86,07:48:00,07:49:00,stop
RR,3408,KK/86,07:52:00,07:53:00,stop
RR,3408,HGL/86,07:56:00,07:56:00,stop
RR,3408,HL/86,07:59:00,08:00:00,stop
RR,3408,KL/86,08:05:00,08:05:00,stop
RR,3408,SÅ/86,08:09:00,08:09:00,pass
RR,3408,VB/86,08:11:00,08:11:00,pass
RR,3408,RU/86,08:14:00,08:14:00,pass
RR,3408,OK/86,08:17:00,08:18:00,stop
RR,3408,NI/86,08:21:00,08:22:00,stop
RR,3408,HUM/86,08:25:00,08:26:00,stop
RR,3408,GÆ/86,08:29:00,08:30:00,stop
RR,3408,SQ/86,08:33:00,08:33:00,stop
RR,3408,HG/86,08:36:00,00:00:00,stop
RV,2320,FA/86,00:00:00,08:51:00,stop
RV,2320,TL/86,08:56:00,08:57:00,stop
RV,2320,KD/86,09:04:00,09:06:00,stop
RV,2320,LK/86,09:13:00,09:14:00,stop
RV,2320,VN/86,09:20:00,09:21:00,stop
RV,2320,BP/86,09:26:00,09:27:00,stop
RV,2320,HQ/86,09:32:00,09:33:00,stop
RV,2320,GØ/86,09:38:00,09:38:00,stop
RV,2320,BM/86,09:42:00,09:44:00,stop
RV,2320,TB/86,09:48:00,09:48:00,stop
RV,2320,JNE/86,09:51:00,09:51:00,pass
RV,2320,ES/86,09:54:00,00:00:00,stop
RV,2336,FA/86,00:00:00,12:51:00,stop
RV,2336,TL/86,12:56:00,12:57:00,stop
RV,2336,KD/86,13:04:00,13:06:00,stop
RV,2336,LK/86,13:13:00,13:14:00,stop
RV,2336,VN/86,13:20:00,13:21:00,stop
RV,2336,BP/86,13:26:00,13:27:00,stop
RV,2336,HQ/86,13:32:00,13:33:00,stop
RV,2336,GØ/86,13:38:00,13:38:00,stop
RV,2336,BM/86,13:42:00,13:44:00,stop
RV,2336,TB/86,13:48:00,13:48:00,stop
RV,2336,JNE/86,13:51:00,13:51:00,pass
RV,2336,ES/86,13:54:00,00:00:00,stop
RV,2352,FA/86,00:00:00,16:51:00,stop
RV,2352,TL/86,16:56:00,16:57:00,stop
RV,2352,KD/86,17:04:00,17:06:00,stop
RV,2352,LK/86,17:13:00,17:14:00,stop
RV,2352,VN/86,17:20:00,17:21:00,stop
RV,2352,BP/86,17:26:00,17:27:00,stop
RV,2352,HQ/86,17:32:00,17:33:00,stop
RV,2352,GØ/86,17:38:00,17:38:00,stop
RV,2352,BM/86,17:42:00,17:44:00,stop
RV,2352,TB/86,17:48:00,17:48:00,stop
RV,2352,JNE/86,17:51:00,17:51:00,pass
RV,2352,ES/86,17:54:00,00:00:00,stop
RV,2912,AR/86,00:00:00,05:38:00,stop
RV,2912,KGV/86,05:40:00,05:40:00,stop
RV,2912,VI/86,05:42:00,05:43:00,stop
RV,2912,HC/86,05:46:00,05:46:00,stop
RV,2912,HX/86,05:48:00,05:48:00,pass
RV,2912,SD/86,05:52:00,05:53:00,stop
RV,2912,HÅ/86,06:00:00,06:00:00,stop
RV,2912,HS/86,06:06:00,06:08:00,stop
RV,2912,HED/86,06:16:00,06:17:00,stop
RV,2912,VJ/86,06:25:00,06:27:00,stop
RV,2912,BET/86,06:33:00,06:34:00,stop
RV,2912,BK/86,06:37:00,06:38:00,stop
RV,2912,FA/86,06:46:00,00:00:00,stop
RV,2768,FA/86,00:00:00,20:30:00,stop
RV,2768,SNO/86,20:33:00,20:33:00,stop
RV,2768,MD/86,20:37:00,20:38:00,stop
RV,2768,KA/86,20:42:00,20:43:00,stop
RV,2768,NA/86,20:46:00,20:47:00,stop
RV,2768,EB/86,20:51:00,20:52:00,stop
RV,2768,GD/86,20:56:00,20:57:00,stop
RV,2768,AP/86,21:01:00,21:02:00,stop
RV,2768,BD/86,21:05:00,21:05:00,stop
RV,2768,SC/86,21:08:00,21:08:00,stop
RV,2768,TP/86,21:11:00,21:12:00,stop
RV,2768,HP/86,21:17:00,21:17:00,stop
RV,2768,OD/86,21:24:00,00:00:00,stop
RV,3915,FA/86,00:00:00,06:41:00,stop
RV,3915,BK/86,06:47:00,06:48:00,stop
RV,3915,BET/86,06:51:00,06:52:00,stop
RV,3915,VJ/86,06:59:00,07:00:00,stop
RV,3915,HED/86,07:09:00,07:10:00,stop
RV,3915,HS/86,07:18:00,07:19:00,stop
RV,3915,HÅ/86,07:26:00,07:26:00,stop
RV,3915,SD/86,07:33:00,07:34:00,stop
RV,3915,HX/86,07:38:00,07:38:00,stop
RV,3915,HC/86,07:40:00,07:40:00,pass
RV,3915,VI/86,07:43:00,07:44:00,stop
RV,3915,KGV/86,07:46:00,07:46:00,stop
RV,3915,AR/86,07:49:00,00:00:00,stop
RV,3919,FA/86,00:00:00,07:41:00,stop
RV,3919,BK/86,07:47:00,07:48:00,stop
RV,3919,BET/86,07:51:00,07:52:00,stop
RV,3919,VJ/86,07:59:00,08:00:00,stop
RV,3919,HED/86,08:09:00,08:10:00,stop
RV,3919,HS/86,08:18:00,08:19:00,stop
RV,3919,HÅ/86,08:26:00,08:26:00,stop
RV,3919,SD/86,08:33:00,08:34:00,stop
RV,3919,HX/86,08:38:00,08:38:00,stop
RV,3919,HC/86,08:40:00,08:40:00,pass
RV,3919,VI/86,08:43:00,08:44:00,stop
RV,3919,KGV/86,08:46:00,08:46:00,stop
RV,3919,AR/86,08:49:00,00:00:00,stop
RV,3947,FA/86,00:00:00,14:41:00,stop
RV,3947,BK/86,14:47:00,14:48:00,stop
RV,3947,BET/86,14:51:00,14:52:00,stop
RV,3947,VJ/86,14:59:00,15:00:00,stop
RV,3947,HED/86,15:09:00,15:10:00,stop
RV,3947,HS/86,15:18:00,15:19:00,stop
RV,3947,HÅ/86,15:26:00,15:26:00,stop
RV,3947,SD/86,15:33:00,15:34:00,stop
RV,3947,HX/86,15:38:00,15:38:00,stop
RV,3947,HC/86,15:40:00,15:40:00,pass
RV,3947,VI/86,15:43:00,15:44:00,stop
RV,3947,KGV/86,15:46:00,15:46:00,stop
RV,3947,AR/86,15:49:00,00:00:00,stop
RV,3951,FA/86,00:00:00,15:41:00,stop
RV,3951,BK/86,15:47:00,15:48:00,stop
RV,3951,BET/86,15:51:00,15:52:00,stop
RV,3951,VJ/86,15:59:00,16:00:00,stop
RV,3951,HED/86,16:09:00,16:10:00,stop
RV,3951,HS/86,16:18:00,16:19:00,stop
RV,3951,HÅ/86,16:26:00,16:26:00,stop
RV,3951,SD/86,16:33:00,16:34:00,stop
RV,3951,HX/86,16:38:00,16:38:00,stop
RV,3951,HC/86,16:40:00,16:40:00,pass
RV,3951,VI/86,16:43:00,16:44:00,stop
RV,3951,KGV/86,16:46:00,16:46:00,stop
RV,3951,AR/86,16:49:00,00:00:00,stop
RV,2759,OD/86,00:00:00,16:45:00,stop
RV,2759,HP/86,16:51:00,16:51:00,stop
RV,2759,TP/86,16:56:00,16:57:00,stop
RV,2759,SC/86,17:00:00,17:00:00,stop
RV,2759,BD/86,17:03:00,17:03:00,stop
RV,2759,AP/86,17:06:00,17:07:00,stop
RV,2759,GD/86,17:12:00,17:13:00,stop
RV,2759,EB/86,17:17:00,17:27:00,stop
RV,2759,NA/86,17:31:00,17:32:00,stop
RV,2759,KA/86,17:35:00,17:36:00,stop
RV,2759,MD/86,17:40:00,17:41:00,stop
RV,2759,SNO/86,17:44:00,17:44:00,stop
RV,2759,FA/86,17:48:00,00:00:00,stop
RV,2940,AR/86,00:00:00,12:38:00,stop
RV,2940,KGV/86,12:40:00,12:40:00,stop
RV,2940,VI/86,12:42:00,12:43:00,stop
RV,2940,HC/86,12:46:00,12:46:00,stop
RV,2940,HX/86,12:48:00,12:48:00,pass
RV,2940,SD/86,12:52:00,12:53:00,stop
RV,2940,HÅ/86,13:00:00,13:00:00,stop
RV,2940,HS/86,13:06:00,13:08:00,stop
RV,2940,HED/86,13:16:00,13:17:00,stop
RV,2940,VJ/86,13:25:00,13:27:00,stop
RV,2940,BET/86,13:33:00,13:34:00,stop
RV,2940,BK/86,13:37:00,13:38:00,stop
RV,2940,FA/86,13:46:00,00:00:00,stop
RV,2944,AR/86,00:00:00,13:38:00,stop
RV,2944,KGV/86,13:40:00,13:40:00,stop
RV,2944,VI/86,13:42:00,13:43:00,stop
RV,2944,HC/86,13:46:00,13:46:00,stop
RV,2944,HX/86,13:48:00,13:48:00,pass
RV,2944,SD/86,13:52:00,13:53:00,stop
RV,2944,HÅ/86,14:00:00,14:00:00,stop
RV,2944,HS/86,14:06:00,14:08:00,stop
RV,2944,HED/86,14:16:00,14:17:00,stop
RV,2944,VJ/86,14:25:00,14:27:00,stop
RV,2944,BET/86,14:33:00,14:34:00,stop
RV,2944,BK/86,14:37:00,14:38:00,stop
RV,2944,FA/86,14:46:00,00:00:00,stop
RV,2956,AR/86,00:00:00,16:38:00,stop
RV,2956,KGV/86,16:40:00,16:40:00,stop
RV,2956,VI/86,16:42:00,16:43:00,stop
RV,2956,HC/86,16:46:00,16:46:00,stop
RV,2956,HX/86,16:48:00,16:48:00,pass
RV,2956,SD/86,16:52:00,16:53:00,stop
RV,2956,HÅ/86,17:00:00,17:00:00,stop
RV,2956,HS/86,17:06:00,17:08:00,stop
RV,2956,HED/86,17:16:00,17:17:00,stop
RV,2956,VJ/86,17:25:00,17:27:00,stop
RV,2956,BET/86,17:33:00,17:34:00,stop
RV,2956,BK/86,17:37:00,17:38:00,stop
RV,2956,FA/86,17:46:00,00:00:00,stop
RV,2960,AR/86,00:00:00,17:38:00,stop
RV,2960,KGV/86,17:40:00,17:40:00,stop
RV,2960,VI/86,17:42:00,17:43:00,stop
RV,2960,HC/86,17:46:00,17:46:00,stop
RV,2960,HX/86,17:48:00,17:48:00,pass
RV,2960,SD/86,17:52:00,17:53:00,stop
RV,2960,HÅ/86,18:00:00,18:00:00,stop
RV,2960,HS/86,18:06:00,18:08:00,stop
RV,2960,HED/86,18:16:00,18:17:00,stop
RV,2960,VJ/86,18:25:00,18:27:00,stop
RV,2960,BET/86,18:33:00,18:34:00,stop
RV,2960,BK/86,18:37:00,18:38:00,stop
RV,2960,FA/86,18:46:00,00:00:00,stop
RV,2964,AR/86,00:00:00,18:38:00,stop
RV,2964,KGV/86,18:40:00,18:40:00,stop
RV,2964,VI/86,18:42:00,18:43:00,stop
RV,2964,HC/86,18:46:00,18:46:00,stop
RV,2964,HX/86,18:48:00,18:48:00,pass
RV,2964,SD/86,18:52:00,18:53:00,stop
RV,2964,HÅ/86,19:00:00,19:00:00,stop
RV,2964,HS/86,19:06:00,19:08:00,stop
RV,2964,HED/86,19:16:00,19:17:00,stop
RV,2964,VJ/86,19:25:00,19:27:00,stop
RV,2964,BET/86,19:33:00,19:34:00,stop
RV,2964,BK/86,19:37:00,19:38:00,stop
RV,2964,FA/86,19:46:00,00:00:00,stop
RV,2968,AR/86,00:00:00,19:38:00,stop
RV,2968,KGV/86,19:40:00,19:40:00,stop
RV,2968,VI/86,19:42:00,19:43:00,stop
RV,2968,HC/86,19:46:00,19:46:00,stop
RV,2968,HX/86,19:48:00,19:48:00,pass
RV,2968,SD/86,19:52:00,19:53:00,stop
RV,2968,HÅ/86,20:00:00,20:00:00,stop
RV,2968,HS/86,20:06:00,20:08:00,stop
RV,2968,HED/86,20:16:00,20:17:00,stop
RV,2968,VJ/86,20:25:00,20:27:00,stop
RV,2968,BET/86,20:33:00,20:34:00,stop
RV,2968,BK/86,20:37:00,20:38:00,stop
RV,2968,FA/86,20:46:00,00:00:00,stop
RV,2974,FA/86,00:00:00,22:28:00,stop
RV,2974,TL/86,22:33:00,22:33:00,stop
RV,2974,KD/86,22:39:00,00:00:00,stop
RV,2917,FA/86,00:00:00,07:12:00,stop
RV,2917,BK/86,07:18:00,07:19:00,stop
RV,2917,BET/86,07:22:00,07:23:00,stop
RV,2917,VJ/86,07:30:00,07:31:00,stop
RV,2917,HED/86,07:40:00,07:41:00,stop
RV,2917,HS/86,07:49:00,07:50:00,stop
RV,2917,HÅ/86,07:57:00,07:57:00,stop
RV,2917,SD/86,08:04:00,08:05:00,stop
RV,2917,HX/86,08:09:00,08:09:00,stop
RV,2917,HC/86,08:11:00,08:11:00,pass
RV,2917,VI/86,08:14:00,08:15:00,stop
RV,2917,KGV/86,08:17:00,08:17:00,stop
RV,2917,AR/86,08:20:00,00:00:00,stop
RV,2921,FA/86,00:00:00,08:14:00,stop
RV,2921,BK/86,08:20:00,08:21:00,stop
RV,2921,BET/86,08:24:00,08:25:00,stop
RV,2921,VJ/86,08:32:00,08:33:00,stop
RV,2921,HED/86,08:42:00,08:43:00,stop
RV,2921,HS/86,08:51:00,08:52:00,stop
RV,2921,HÅ/86,08:59:00,08:59:00,stop
RV,2921,SD/86,09:06:00,09:07:00,stop
RV,2921,HX/86,09:11:00,09:11:00,stop
RV,2921,HC/86,09:13:00,09:13:00,pass
RV,2921,VI/86,09:16:00,09:17:00,stop
RV,2921,KGV/86,09:19:00,09:19:00,stop
RV,2921,AR/86,09:23:00,00:00:00,stop
RV,2925,FA/86,00:00:00,09:14:00,stop
RV,2925,BK/86,09:20:00,09:21:00,stop
RV,2925,BET/86,09:24:00,09:25:00,stop
RV,2925,VJ/86,09:32:00,09:33:00,stop
RV,2925,HED/86,09:42:00,09:43:00,stop
RV,2925,HS/86,09:51:00,09:52:00,stop
RV,2925,HÅ/86,09:59:00,09:59:00,stop
RV,2925,SD/86,10:06:00,10:07:00,stop
RV,2925,HX/86,10:11:00,10:11:00,stop
RV,2925,HC/86,10:13:00,10:13:00,pass
RV,2925,VI/86,10:16:00,10:17:00,stop
RV,2925,KGV/86,10:19:00,10:19:00,stop
RV,2925,AR/86,10:23:00,00:00:00,stop
RV,2929,FA/86,00:00:00,10:14:00,stop
RV,2929,BK/86,10:20:00,10:21:00,stop
RV,2929,BET/86,10:24:00,10:25:00,stop
RV,2929,VJ/86,10:32:00,10:33:00,stop
RV,2929,HED/86,10:42:00,10:43:00,stop
RV,2929,HS/86,10:51:00,10:52:00,stop
RV,2929,HÅ/86,10:59:00,10:59:00,stop
RV,2929,SD/86,11:06:00,11:07:00,stop
RV,2929,HX/86,11:11:00,11:11:00,stop
RV,2929,HC/86,11:13:00,11:13:00,pass
RV,2929,VI/86,11:16:00,11:17:00,stop
RV,2929,KGV/86,11:19:00,11:19:00,stop
RV,2929,AR/86,11:23:00,00:00:00,stop
RV,2933,FA/86,00:00:00,11:14:00,stop
RV,2933,BK/86,11:20:00,11:21:00,stop
RV,2933,BET/86,11:24:00,11:25:00,stop
RV,2933,VJ/86,11:32:00,11:33:00,stop
RV,2933,HED/86,11:42:00,11:43:00,stop
RV,2933,HS/86,11:51:00,11:52:00,stop
RV,2933,HÅ/86,11:59:00,11:59:00,stop
RV,2933,SD/86,12:06:00,12:07:00,stop
RV,2933,HX/86,12:11:00,12:11:00,stop
RV,2933,HC/86,12:13:00,12:13:00,pass
RV,2933,VI/86,12:16:00,12:17:00,stop
RV,2933,KGV/86,12:19:00,12:19:00,stop
RV,2933,AR/86,12:23:00,00:00:00,stop
RV,2937,FA/86,00:00:00,12:14:00,stop
RV,2937,BK/86,12:20:00,12:21:00,stop
RV,2937,BET/86,12:24:00,12:25:00,stop
RV,2937,VJ/86,12:32:00,12:33:00,stop
RV,2937,HED/86,12:42:00,12:43:00,stop
RV,2937,HS/86,12:51:00,12:52:00,stop
RV,2937,HÅ/86,12:59:00,12:59:00,stop
RV,2937,SD/86,13:06:00,13:07:00,stop
RV,2937,HX/86,13:11:00,13:11:00,stop
RV,2937,HC/86,13:13:00,13:13:00,pass
RV,2937,VI/86,13:16:00,13:17:00,stop
RV,2937,KGV/86,13:19:00,13:19:00,stop
RV,2937,AR/86,13:23:00,00:00:00,stop
RV,2941,FA/86,00:00:00,13:14:00,stop
RV,2941,BK/86,13:20:00,13:21:00,stop
RV,2941,BET/86,13:24:00,13:25:00,stop
RV,2941,VJ/86,13:32:00,13:33:00,stop
RV,2941,HED/86,13:42:00,13:43:00,stop
RV,2941,HS/86,13:51:00,13:52:00,stop
RV,2941,HÅ/86,13:59:00,13:59:00,stop
RV,2941,SD/86,14:06:00,14:07:00,stop
RV,2941,HX/86,14:11:00,14:11:00,stop
RV,2941,HC/86,14:13:00,14:13:00,pass
RV,2941,VI/86,14:16:00,14:17:00,stop
RV,2941,KGV/86,14:19:00,14:19:00,stop
RV,2941,AR/86,14:23:00,00:00:00,stop
RV,2945,FA/86,00:00:00,14:14:00,stop
RV,2945,BK/86,14:20:00,14:21:00,stop
RV,2945,BET/86,14:24:00,14:25:00,stop
RV,2945,VJ/86,14:32:00,14:33:00,stop
RV,2945,HED/86,14:42:00,14:43:00,stop
RV,2945,HS/86,14:51:00,14:52:00,stop
RV,2945,HÅ/86,14:59:00,14:59:00,stop
RV,2945,SD/86,15:06:00,15:07:00,stop
RV,2945,HX/86,15:11:00,15:11:00,stop
RV,2945,HC/86,15:13:00,15:13:00,pass
RV,2945,VI/86,15:16:00,15:17:00,stop
RV,2945,KGV/86,15:19:00,15:19:00,stop
RV,2945,AR/86,15:23:00,00:00:00,stop
RV,2949,FA/86,00:00:00,15:14:00,stop
RV,2949,BK/86,15:20:00,15:21:00,stop
RV,2949,BET/86,15:24:00,15:25:00,stop
RV,2949,VJ/86,15:32:00,15:33:00,stop
RV,2949,HED/86,15:42:00,15:43:00,stop
RV,2949,HS/86,15:51:00,15:52:00,stop
RV,2949,HÅ/86,15:59:00,15:59:00,stop
RV,2949,SD/86,16:06:00,16:07:00,stop
RV,2949,HX/86,16:11:00,16:11:00,stop
RV,2949,HC/86,16:13:00,16:13:00,pass
RV,2949,VI/86,16:16:00,16:17:00,stop
RV,2949,KGV/86,16:19:00,16:19:00,stop
RV,2949,AR/86,16:23:00,00:00:00,stop
RV,2953,FA/86,00:00:00,16:14:00,stop
RV,2953,BK/86,16:20:00,16:21:00,stop
RV,2953,BET/86,16:24:00,16:25:00,stop
RV,2953,VJ/86,16:32:00,16:33:00,stop
RV,2953,HED/86,16:42:00,16:43:00,stop
RV,2953,HS/86,16:51:00,16:52:00,stop
RV,2953,HÅ/86,16:59:00,16:59:00,stop
RV,2953,SD/86,17:06:00,17:07:00,stop
RV,2953,HX/86,17:11:00,17:11:00,stop
RV,2953,HC/86,17:13:00,17:13:00,pass
RV,2953,VI/86,17:16:00,17:17:00,stop
RV,2953,KGV/86,17:19:00,17:19:00,stop
RV,2953,AR/86,17:23:00,00:00:00,stop
RV,2957,FA/86,00:00:00,17:14:00,stop
RV,2957,BK/86,17:20:00,17:21:00,stop
RV,2957,BET/86,17:24:00,17:25:00,stop
RV,2957,VJ/86,17:32:00,17:33:00,stop
RV,2957,HED/86,17:42:00,17:43:00,stop
RV,2957,HS/86,17:51:00,17:52:00,stop
RV,2957,HÅ/86,17:59:00,17:59:00,stop
RV,2957,SD/86,18:06:00,18:07:00,stop
RV,2957,HX/86,18:11:00,18:11:00,stop
RV,2957,HC/86,18:13:00,18:13:00,pass
RV,2957,VI/86,18:16:00,18:17:00,stop
RV,2957,KGV/86,18:19:00,18:19:00,stop
RV,2957,AR/86,18:23:00,00:00:00,stop
RV,2961,FA/86,00:00:00,18:14:00,stop
RV,2961,BK/86,18:20:00,18:21:00,stop
RV,2961,BET/86,18:24:00,18:25:00,stop
RV,2961,VJ/86,18:32:00,18:33:00,stop
RV,2961,HED/86,18:42:00,18:43:00,stop
RV,2961,HS/86,18:51:00,18:52:00,stop
RV,2961,HÅ/86,18:59:00,18:59:00,stop
RV,2961,SD/86,19:06:00,19:07:00,stop
RV,2961,HX/86,19:11:00,19:11:00,stop
RV,2961,HC/86,19:13:00,19:13:00,pass
RV,2961,VI/86,19:16:00,19:17:00,stop
RV,2961,KGV/86,19:19:00,19:19:00,stop
RV,2961,AR/86,19:23:00,00:00:00,stop
RV,2965,FA/86,00:00:00,19:14:00,stop
RV,2965,BK/86,19:20:00,19:21:00,stop
RV,2965,BET/86,19:24:00,19:25:00,stop
RV,2965,VJ/86,19:32:00,19:33:00,stop
RV,2965,HED/86,19:42:00,19:43:00,stop
RV,2965,HS/86,19:51:00,19:52:00,stop
RV,2965,HÅ/86,19:59:00,19:59:00,stop
RV,2965,SD/86,20:06:00,20:07:00,stop
RV,2965,HX/86,20:11:00,20:11:00,stop
RV,2965,HC/86,20:13:00,20:13:00,pass
RV,2965,VI/86,20:16:00,20:17:00,stop
RV,2965,KGV/86,20:19:00,20:19:00,stop
RV,2965,AR/86,20:23:00,00:00:00,stop
RV,2969,FA/86,00:00:00,20:14:00,stop
RV,2969,BK/86,20:20:00,20:21:00,stop
RV,2969,BET/86,20:24:00,20:25:00,stop
RV,2969,VJ/86,20:32:00,20:33:00,stop
RV,2969,HED/86,20:42:00,20:43:00,stop
RV,2969,HS/86,20:51:00,20:52:00,stop
RV,2969,HÅ/86,20:59:00,20:59:00,stop
RV,2969,SD/86,21:06:00,21:07:00,stop
RV,2969,HX/86,21:11:00,21:11:00,stop
RV,2969,HC/86,21:13:00,21:13:00,pass
RV,2969,VI/86,21:16:00,21:17:00,stop
RV,2969,KGV/86,21:19:00,21:19:00,stop
RV,2969,AR/86,21:23:00,00:00:00,stop
RV,2754,FA/86,00:00:00,16:40:00,stop
RV,2754,SNO/86,16:43:00,16:43:00,stop
RV,2754,MD/86,16:47:00,16:48:00,stop
RV,2754,KA/86,16:52:00,16:53:00,stop
RV,2754,NA/86,16:56:00,16:57:00,stop
RV,2754,EB/86,17:03:00,17:15:00,stop
RV,2754,GD/86,17:19:00,17:20:00,stop
RV,2754,AP/86,17:24:00,17:25:00,stop
RV,2754,BD/86,17:28:00,17:29:00,stop
RV,2754,SC/86,17:31:00,17:32:00,stop
RV,2754,TP/86,17:35:00,17:36:00,stop
RV,2754,HP/86,17:40:00,17:41:00,stop
RV,2754,OD/86,17:47:00,00:00:00,stop
RV,2710,FA/86,00:00:00,06:11:00,stop
RV,2710,SNO/86,06:14:00,06:14:00,stop
RV,2710,MD/86,06:18:00,06:19:00,stop
RV,2710,KA/86,06:23:00,06:23:00,stop
RV,2710,NA/86,06:27:00,06:28:00,stop
RV,2710,EB/86,06:32:00,06:43:00,stop
RV,2710,GD/86,06:47:00,06:48:00,stop
RV,2710,AP/86,06:52:00,06:53:00,stop
RV,2710,BD/86,06:56:00,06:57:00,stop
RV,2710,SC/86,06:59:00,07:00:00,stop
RV,2710,TP/86,07:03:00,07:04:00,stop
RV,2710,HP/86,07:09:00,07:09:00,stop
RV,2710,OD/86,07:16:00,00:00:00,stop
RV,2715,OD/86,00:00:00,06:40:00,stop
RV,2715,HP/86,06:45:00,06:46:00,stop
RV,2715,TP/86,06:50:00,06:51:00,stop
RV,2715,SC/86,06:53:00,06:54:00,stop
RV,2715,BD/86,06:56:00,06:57:00,stop
RV,2715,AP/86,07:00:00,07:01:00,stop
RV,2715,GD/86,07:04:00,07:05:00,stop
RV,2715,EB/86,07:09:00,07:10:00,stop
RV,2715,NA/86,07:13:00,07:14:00,stop
RV,2715,KA/86,07:18:00,07:18:00,stop
RV,2715,MD/86,07:22:00,07:23:00,stop
RV,2715,SNO/86,07:27:00,07:27:00,stop
RV,2715,FA/86,07:30:00,00:00:00,stop
RV,2720,FA/86,00:00:00,08:30:00,stop
RV,2720,SNO/86,08:33:00,08:33:00,stop
RV,2720,MD/86,08:37:00,08:38:00,stop
RV,2720,KA/86,08:42:00,08:43:00,stop
RV,2720,NA/86,08:46:00,08:47:00,stop
RV,2720,EB/86,08:51:00,08:52:00,stop
RV,2720,GD/86,08:56:00,08:57:00,stop
RV,2720,AP/86,09:01:00,09:02:00,stop
RV,2720,BD/86,09:05:00,09:05:00,stop
RV,2720,SC/86,09:08:00,09:08:00,stop
RV,2720,TP/86,09:11:00,09:12:00,stop
RV,2720,HP/86,09:17:00,09:17:00,stop
RV,2720,OD/86,09:24:00,00:00:00,stop
RV,2728,FA/86,00:00:00,10:35:00,stop
RV,2728,SNO/86,10:38:00,10:38:00,stop
RV,2728,MD/86,10:42:00,10:43:00,stop
RV,2728,KA/86,10:47:00,10:47:00,stop
RV,2728,NA/86,10:51:00,10:52:00,stop
RV,2728,EB/86,10:56:00,10:57:00,stop
RV,2728,GD/86,11:01:00,11:02:00,stop
RV,2728,AP/86,11:06:00,11:07:00,stop
RV,2728,BD/86,11:10:00,11:10:00,stop
RV,2728,SC/86,11:13:00,11:13:00,stop
RV,2728,TP/86,11:16:00,11:23:00,stop
RV,2728,HP/86,11:27:00,11:28:00,stop
RV,2728,OD/86,11:34:00,00:00:00,stop
RV,2733,OD/86,00:00:00,10:39:00,stop
RV,2733,HP/86,10:45:00,10:45:00,stop
RV,2733,TP/86,10:50:00,10:51:00,stop
RV,2733,SC/86,10:53:00,10:54:00,stop
RV,2733,BD/86,10:56:00,10:56:00,stop
RV,2733,AP/86,10:59:00,11:00:00,stop
RV,2733,GD/86,11:04:00,11:05:00,stop
RV,2733,EB/86,11:08:00,11:09:00,stop
RV,2733,NA/86,11:13:00,11:14:00,stop
RV,2733,KA/86,11:17:00,11:18:00,stop
RV,2733,MD/86,11:22:00,11:23:00,stop
RV,2733,SNO/86,11:26:00,11:26:00,stop
RV,2733,FA/86,11:29:00,00:00:00,stop
RV,2736,FA/86,00:00:00,12:30:00,stop
RV,2736,SNO/86,12:33:00,12:33:00,stop
RV,2736,MD/86,12:37:00,12:38:00,stop
RV,2736,KA/86,12:42:00,12:42:00,stop
RV,2736,NA/86,12:45:00,12:46:00,stop
RV,2736,EB/86,12:50:00,12:51:00,stop
RV,2736,GD/86,12:54:00,12:55:00,stop
RV,2736,AP/86,12:59:00,13:00:00,stop
RV,2736,BD/86,13:03:00,13:03:00,stop
RV,2736,SC/86,13:06:00,13:06:00,stop
RV,2736,TP/86,13:09:00,13:10:00,stop
RV,2736,HP/86,13:14:00,13:15:00,stop
RV,2736,OD/86,13:21:00,00:00:00,stop
RV,2741,OD/86,00:00:00,12:38:00,stop
RV,2741,HP/86,12:44:00,12:44:00,stop
RV,2741,TP/86,12:49:00,12:50:00,stop
RV,2741,SC/86,12:53:00,12:53:00,stop
RV,2741,BD/86,12:56:00,12:56:00,stop
RV,2741,AP/86,12:59:00,13:00:00,stop
RV,2741,GD/86,13:04:00,13:05:00,stop
RV,2741,EB/86,13:09:00,13:10:00,stop
RV,2741,NA/86,13:14:00,13:15:00,stop
RV,2741,KA/86,13:18:00,13:18:00,stop
RV,2741,MD/86,13:23:00,13:24:00,stop
RV,2741,SNO/86,13:28:00,13:28:00,stop
RV,2741,FA/86,13:31:00,00:00:00,stop
RV,2760,FA/86,00:00:00,18:30:00,stop
RV,2760,SNO/86,18:33:00,18:33:00,stop
RV,2760,MD/86,18:37:00,18:38:00,stop
RV,2760,KA/86,18:42:00,18:43:00,stop
RV,2760,NA/86,18:46:00,18:47:00,stop
RV,2760,EB/86,18:51:00,18:52:00,stop
RV,2760,GD/86,18:56:00,18:57:00,stop
RV,2760,AP/86,19:01:00,19:02:00,stop
RV,2760,BD/86,19:05:00,19:05:00,stop
RV,2760,SC/86,19:08:00,19:08:00,stop
RV,2760,TP/86,19:11:00,19:12:00,stop
RV,2760,HP/86,19:17:00,19:17:00,stop
RV,2760,OD/86,19:24:00,00:00:00,stop
RV,2765,OD/86,00:00:00,18:36:00,stop
RV,2765,HP/86,18:42:00,18:42:00,stop
RV,2765,TP/86,18:47:00,18:48:00,stop
RV,2765,SC/86,18:51:00,18:52:00,stop
RV,2765,BD/86,18:54:00,18:54:00,stop
RV,2765,AP/86,18:58:00,18:59:00,stop
RV,2765,GD/86,19:03:00,19:04:00,stop
RV,2765,EB/86,19:07:00,19:08:00,stop
RV,2765,NA/86,19:12:00,19:13:00,stop
RV,2765,KA/86,19:17:00,19:17:00,stop
RV,2765,MD/86,19:22:00,19:23:00,stop
RV,2765,SNO/86,19:27:00,19:27:00,stop
RV,2765,FA/86,19:30:00,00:00:00,stop
RV,2777,OD/86,00:00:00,21:36:00,stop
RV,2777,HP/86,21:42:00,21:42:00,stop
RV,2777,TP/86,21:47:00,21:48:00,stop
RV,2777,SC/86,21:51:00,21:52:00,stop
RV,2777,BD/86,21:54:00,21:54:00,stop
RV,2777,AP/86,21:58:00,21:59:00,stop
RV,2777,GD/86,22:03:00,22:04:00,stop
RV,2777,EB/86,22:07:00,22:08:00,stop
RV,2777,NA/86,22:12:00,22:13:00,stop
RV,2777,KA/86,22:17:00,22:17:00,stop
RV,2777,MD/86,22:22:00,22:23:00,stop
RV,2777,SNO/86,22:27:00,22:27:00,stop
RV,2777,FA/86,22:30:00,00:00:00,stop
RV,2909,FA/86,00:00:00,05:14:00,stop
RV,2909,BK/86,05:20:00,05:21:00,stop
RV,2909,BET/86,05:24:00,05:25:00,stop
RV,2909,VJ/86,05:32:00,05:33:00,stop
RV,2909,HED/86,05:42:00,05:43:00,stop
RV,2909,HS/86,05:51:00,05:52:00,stop
RV,2909,HÅ/86,05:59:00,05:59:00,stop
RV,2909,SD/86,06:06:00,06:07:00,stop
RV,2909,HX/86,06:11:00,06:11:00,stop
RV,2909,HC/86,06:13:00,06:13:00,pass
RV,2909,VI/86,06:16:00,06:17:00,stop
RV,2909,KGV/86,06:19:00,06:19:00,stop
RV,2909,AR/86,06:23:00,00:00:00,stop
RV,4716,FA/86,00:00:00,07:30:00,stop
RV,4716,SNO/86,07:33:00,07:33:00,stop
RV,4716,MD/86,07:37:00,07:38:00,stop
RV,4716,KA/86,07:41:00,07:41:00,stop
RV,4716,NA/86,07:44:00,07:45:00,stop
RV,4716,EB/86,07:49:00,07:50:00,stop
RV,4716,GD/86,07:54:00,07:55:00,stop
RV,4716,AP/86,07:59:00,08:00:00,stop
RV,4716,BD/86,08:02:00,08:02:00,stop
RV,4716,SC/86,08:03:00,08:03:00,pass
RV,4716,TP/86,08:06:00,08:07:00,stop
RV,4716,HP/86,08:11:00,08:11:00,stop
RV,4716,OD/86,08:16:00,00:00:00,stop
RV,2916,AR/86,00:00:00,06:38:00,stop
RV,2916,KGV/86,06:40:00,06:40:00,stop
RV,2916,VI/86,06:42:00,06:43:00,stop
RV,2916,HC/86,06:46:00,06:46:00,stop
RV,2916,HX/86,06:48:00,06:48:00,pass
RV,2916,SD/86,06:52:00,06:53:00,stop
RV,2916,HÅ/86,07:00:00,07:00:00,stop
RV,2916,HS/86,07:06:00,07:08:00,stop
RV,2916,HED/86,07:16:00,07:17:00,stop
RV,2916,VJ/86,07:25:00,07:27:00,stop
RV,2916,BET/86,07:33:00,07:34:00,stop
RV,2916,BK/86,07:37:00,07:38:00,stop
RV,2916,FA/86,07:46:00,00:00:00,stop
RV,2920,AR/86,00:00:00,07:38:00,stop
RV,2920,KGV/86,07:40:00,07:40:00,stop
RV,2920,VI/86,07:42:00,07:43:00,stop
RV,2920,HC/86,07:46:00,07:46:00,stop
RV,2920,HX/86,07:48:00,07:48:00,pass
RV,2920,SD/86,07:52:00,07:53:00,stop
RV,2920,HÅ/86,08:00:00,08:00:00,stop
RV,2920,HS/86,08:06:00,08:08:00,stop
RV,2920,HED/86,08:16:00,08:17:00,stop
RV,2920,VJ/86,08:25:00,08:27:00,stop
RV,2920,BET/86,08:33:00,08:34:00,stop
RV,2920,BK/86,08:37:00,08:38:00,stop
RV,2920,FA/86,08:46:00,00:00:00,stop
RV,2924,AR/86,00:00:00,08:38:00,stop
RV,2924,KGV/86,08:40:00,08:40:00,stop
RV,2924,VI/86,08:42:00,08:43:00,stop
RV,2924,HC/86,08:46:00,08:46:00,stop
RV,2924,HX/86,08:48:00,08:48:00,pass
RV,2924,SD/86,08:52:00,08:53:00,stop
RV,2924,HÅ/86,09:00:00,09:00:00,stop
RV,2924,HS/86,09:06:00,09:08:00,stop
RV,2924,HED/86,09:16:00,09:17:00,stop
RV,2924,VJ/86,09:25:00,09:27:00,stop
RV,2924,BET/86,09:33:00,09:34:00,stop
RV,2924,BK/86,09:37:00,09:38:00,stop
RV,2924,FA/86,09:46:00,00:00:00,stop
RV,2928,AR/86,00:00:00,09:38:00,stop
RV,2928,KGV/86,09:40:00,09:40:00,stop
RV,2928,VI/86,09:42:00,09:43:00,stop
RV,2928,HC/86,09:46:00,09:46:00,stop
RV,2928,HX/86,09:48:00,09:48:00,pass
RV,2928,SD/86,09:52:00,09:53:00,stop
RV,2928,HÅ/86,10:00:00,10:00:00,stop
RV,2928,HS/86,10:06:00,10:08:00,stop
RV,2928,HED/86,10:16:00,10:17:00,stop
RV,2928,VJ/86,10:25:00,10:27:00,stop
RV,2928,BET/86,10:33:00,10:34:00,stop
RV,2928,BK/86,10:37:00,10:38:00,stop
RV,2928,FA/86,10:46:00,00:00:00,stop
RV,2952,AR/86,00:00:00,15:38:00,stop
RV,2952,KGV/86,15:40:00,15:40:00,stop
RV,2952,VI/86,15:42:00,15:43:00,stop
RV,2952,HC/86,15:46:00,15:46:00,stop
RV,2952,HX/86,15:48:00,15:48:00,pass
RV,2952,SD/86,15:52:00,15:53:00,stop
RV,2952,HÅ/86,16:00:00,16:00:00,stop
RV,2952,HS/86,16:06:00,16:08:00,stop
RV,2952,HED/86,16:16:00,16:17:00,stop
RV,2952,VJ/86,16:25:00,16:27:00,stop
RV,2952,BET/86,16:33:00,16:34:00,stop
RV,2952,BK/86,16:37:00,16:38:00,stop
RV,2952,FA/86,16:46:00,00:00:00,stop
RV,4713,OD/86,00:00:00,05:40:00,stop
RV,4713,HP/86,05:45:00,05:45:00,stop
RV,4713,TP/86,05:49:00,05:50:00,stop
RV,4713,SC/86,05:52:00,05:52:00,stop
RV,4713,BD/86,05:53:00,05:53:00,pass
RV,4713,AP/86,05:55:00,05:56:00,stop
RV,4713,GD/86,06:01:00,06:02:00,stop
RV,4713,EB/86,06:05:00,06:06:00,stop
RV,4713,NA/86,06:10:00,06:11:00,stop
RV,4713,KA/86,06:14:00,06:14:00,stop
RV,4713,MD/86,06:18:00,06:19:00,stop
RV,4713,SNO/86,06:22:00,06:22:00,stop
RV,4713,FA/86,06:26:00,00:00:00,stop
RV,4721,OD/86,00:00:00,07:40:00,stop
RV,4721,HP/86,07:45:00,07:45:00,stop
RV,4721,TP/86,07:49:00,07:50:00,stop
RV,4721,SC/86,07:52:00,07:52:00,stop
RV,4721,BD/86,07:53:00,07:53:00,pass
RV,4721,AP/86,07:55:00,07:56:00,stop
RV,4721,GD/86,08:01:00,08:02:00,stop
RV,4721,EB/86,08:05:00,08:06:00,stop
RV,4721,NA/86,08:10:00,08:11:00,stop
RV,4721,KA/86,08:14:00,08:14:00,stop
RV,4721,MD/86,08:18:00,08:19:00,stop
RV,4721,SNO/86,08:22:00,08:22:00,stop
RV,4721,FA/86,08:26:00,00:00:00,stop
RV,4729,OD/86,00:00:00,09:40:00,stop
RV,4729,HP/86,09:45:00,09:45:00,stop
RV,4729,TP/86,09:49:00,09:50:00,stop
RV,4729,SC/86,09:52:00,09:52:00,stop
RV,4729,BD/86,09:53:00,09:53:00,pass
RV,4729,AP/86,09:55:00,09:56:00,stop
RV,4729,GD/86,10:01:00,10:02:00,stop
RV,4729,EB/86,10:05:00,10:06:00,stop
RV,4729,NA/86,10:10:00,10:11:00,stop
RV,4729,KA/86,10:14:00,10:14:00,stop
RV,4729,MD/86,10:18:00,10:19:00,stop
RV,4729,SNO/86,10:22:00,10:22:00,stop
RV,4729,FA/86,10:26:00,00:00:00,stop
RV,4737,OD/86,00:00:00,11:44:00,stop
RV,4737,HP/86,11:49:00,11:49:00,stop
RV,4737,TP/86,11:53:00,11:54:00,stop
RV,4737,SC/86,11:56:00,11:56:00,stop
RV,4737,BD/86,11:57:00,11:57:00,pass
RV,4737,AP/86,11:59:00,12:00:00,stop
RV,4737,GD/86,12:05:00,12:06:00,stop
RV,4737,EB/86,12:09:00,12:10:00,stop
RV,4737,NA/86,12:14:00,12:15:00,stop
RV,4737,KA/86,12:18:00,12:18:00,stop
RV,4737,MD/86,12:22:00,12:23:00,stop
RV,4737,SNO/86,12:26:00,12:26:00,stop
RV,4737,FA/86,12:30:00,00:00:00,stop
RV,4745,OD/86,00:00:00,13:40:00,stop
RV,4745,HP/86,13:45:00,13:45:00,stop
RV,4745,TP/86,13:49:00,13:50:00,stop
RV,4745,SC/86,13:52:00,13:52:00,stop
RV,4745,BD/86,13:53:00,13:53:00,pass
RV,4745,AP/86,13:55:00,13:56:00,stop
RV,4745,GD/86,14:01:00,14:02:00,stop
RV,4745,EB/86,14:05:00,14:06:00,stop
RV,4745,NA/86,14:10:00,14:11:00,stop
RV,4745,KA/86,14:14:00,14:14:00,stop
RV,4745,MD/86,14:18:00,14:19:00,stop
RV,4745,SNO/86,14:22:00,14:22:00,stop
RV,4745,FA/86,14:26:00,00:00:00,stop
RV,4753,OD/86,00:00:00,15:43:00,stop
RV,4753,HP/86,15:48:00,15:48:00,stop
RV,4753,TP/86,15:52:00,15:53:00,stop
RV,4753,SC/86,15:55:00,15:55:00,stop
RV,4753,BD/86,15:56:00,15:56:00,pass
RV,4753,AP/86,15:58:00,15:59:00,stop
RV,4753,GD/86,16:04:00,16:05:00,stop
RV,4753,EB/86,16:08:00,16:09:00,stop
RV,4753,NA/86,16:13:00,16:14:00,stop
RV,4753,KA/86,16:17:00,16:17:00,stop
RV,4753,MD/86,16:21:00,16:22:00,stop
RV,4753,SNO/86,16:25:00,16:25:00,stop
RV,4753,FA/86,16:29:00,00:00:00,stop
RV,4761,OD/86,00:00:00,17:43:00,stop
RV,4761,HP/86,17:48:00,17:48:00,stop
RV,4761,TP/86,17:52:00,17:53:00,stop
RV,4761,SC/86,17:55:00,17:55:00,stop
RV,4761,BD/86,17:56:00,17:56:00,pass
RV,4761,AP/86,17:58:00,17:59:00,stop
RV,4761,GD/86,18:04:00,18:05:00,stop
RV,4761,EB/86,18:08:00,18:09:00,stop
RV,4761,NA/86,18:13:00,18:14:00,stop
RV,4761,KA/86,18:17:00,18:17:00,stop
RV,4761,MD/86,18:21:00,18:22:00,stop
RV,4761,SNO/86,18:25:00,18:25:00,stop
RV,4761,FA/86,18:29:00,00:00:00,stop
RV,4719,OD/86,00:00:00,07:12:00,stop
RV,4719,HP/86,07:17:00,07:17:00,stop
RV,4719,TP/86,07:21:00,07:22:00,stop
RV,4719,SC/86,07:24:00,07:24:00,stop
RV,4719,BD/86,07:25:00,07:25:00,pass
RV,4719,AP/86,07:27:00,07:28:00,stop
RV,4719,GD/86,07:32:00,07:33:00,stop
RV,4719,EB/86,07:37:00,07:38:00,stop
RV,4719,NA/86,07:42:00,07:43:00,stop
RV,4719,KA/86,07:45:00,07:45:00,stop
RV,4719,MD/86,07:49:00,07:50:00,stop
RV,4719,SNO/86,07:54:00,07:54:00,stop
RV,4719,FA/86,07:57:00,00:00:00,stop
RV,3918,AR/86,00:00:00,07:04:00,stop
RV,3918,KGV/86,07:06:00,07:06:00,stop
RV,3918,VI/86,07:08:00,07:09:00,stop
RV,3918,HC/86,07:12:00,07:12:00,stop
RV,3918,HX/86,07:14:00,07:14:00,pass
RV,3918,SD/86,07:19:00,07:20:00,stop
RV,3918,HÅ/86,07:26:00,07:26:00,stop
RV,3918,HS/86,07:33:00,07:35:00,stop
RV,3918,HED/86,07:43:00,07:44:00,stop
RV,3918,VJ/86,07:52:00,07:53:00,stop
RV,3918,BET/86,08:00:00,08:01:00,stop
RV,3918,BK/86,08:03:00,08:04:00,stop
RV,3918,FA/86,08:12:00,00:00:00,stop
RV,3922,AR/86,00:00:00,08:09:00,stop
RV,3922,KGV/86,08:11:00,08:11:00,stop
RV,3922,VI/86,08:13:00,08:14:00,stop
RV,3922,HC/86,08:17:00,08:17:00,stop
RV,3922,HX/86,08:19:00,08:19:00,pass
RV,3922,SD/86,08:24:00,08:25:00,stop
RV,3922,HÅ/86,08:31:00,08:31:00,stop
RV,3922,HS/86,08:38:00,08:40:00,stop
RV,3922,HED/86,08:48:00,08:49:00,stop
RV,3922,VJ/86,08:59:00,09:09:00,stop
RV,3922,BET/86,09:15:00,09:16:00,stop
RV,3922,BK/86,09:18:00,09:19:00,stop
RV,3922,FA/86,09:27:00,00:00:00,stop
RV,3950,AR/86,00:00:00,15:09:00,stop
RV,3950,KGV/86,15:11:00,15:11:00,stop
RV,3950,VI/86,15:13:00,15:14:00,stop
RV,3950,HC/86,15:17:00,15:17:00,stop
RV,3950,HX/86,15:19:00,15:19:00,pass
RV,3950,SD/86,15:24:00,15:25:00,stop
RV,3950,HÅ/86,15:31:00,15:31:00,stop
RV,3950,HS/86,15:38:00,15:40:00,stop
RV,3950,HED/86,15:48:00,15:49:00,stop
RV,3950,VJ/86,15:57:00,15:58:00,stop
RV,3950,BET/86,16:05:00,16:06:00,stop
RV,3950,BK/86,16:08:00,16:09:00,stop
RV,3950,FA/86,16:17:00,00:00:00,stop
RV,3954,AR/86,00:00:00,16:09:00,stop
RV,3954,KGV/86,16:11:00,16:11:00,stop
RV,3954,VI/86,16:13:00,16:14:00,stop
RV,3954,HC/86,16:17:00,16:17:00,stop
RV,3954,HX/86,16:19:00,16:19:00,pass
RV,3954,SD/86,16:24:00,16:25:00,stop
RV,3954,HÅ/86,16:31:00,16:31:00,stop
RV,3954,HS/86,16:38:00,16:40:00,stop
RV,3954,HED/86,16:48:00,16:49:00,stop
RV,3954,VJ/86,16:57:00,16:58:00,stop
RV,3954,BET/86,17:05:00,17:06:00,stop
RV,3954,BK/86,17:08:00,17:09:00,stop
RV,3954,FA/86,17:17:00,00:00:00,stop
RV,3958,AR/86,00:00:00,17:09:00,stop
RV,3958,KGV/86,17:11:00,17:11:00,stop
RV,3958,VI/86,17:13:00,17:14:00,stop
RV,3958,HC/86,17:17:00,17:17:00,stop
RV,3958,HX/86,17:19:00,17:19:00,pass
RV,3958,SD/86,17:24:00,17:25:00,stop
RV,3958,HÅ/86,17:31:00,17:31:00,stop
RV,3958,HS/86,17:38:00,17:40:00,stop
RV,3958,HED/86,17:48:00,17:49:00,stop
RV,3958,VJ/86,17:57:00,17:58:00,stop
RV,3958,BET/86,18:05:00,18:06:00,stop
RV,3958,BK/86,18:08:00,18:09:00,stop
RV,3958,FA/86,18:17:00,00:00:00,stop
RV,2936,AR/86,00:00:00,11:38:00,stop
RV,2936,KGV/86,11:40:00,11:40:00,stop
RV,2936,VI/86,11:42:00,11:43:00,stop
RV,2936,HC/86,11:46:00,11:46:00,stop
RV,2936,HX/86,11:48:00,11:48:00,pass
RV,2936,SD/86,11:52:00,11:53:00,stop
RV,2936,HÅ/86,12:00:00,12:00:00,stop
RV,2936,HS/86,12:06:00,12:08:00,stop
RV,2936,HED/86,12:16:00,12:17:00,stop
RV,2936,VJ/86,12:25:00,12:27:00,stop
RV,2936,BET/86,12:33:00,12:34:00,stop
RV,2936,BK/86,12:37:00,12:38:00,stop
RV,2936,FA/86,12:46:00,00:00:00,stop
RV,2948,AR/86,00:00:00,14:38:00,stop
RV,2948,KGV/86,14:40:00,14:40:00,stop
RV,2948,VI/86,14:42:00,14:43:00,stop
RV,2948,HC/86,14:46:00,14:46:00,stop
RV,2948,HX/86,14:48:00,14:48:00,pass
RV,2948,SD/86,14:52:00,14:53:00,stop
RV,2948,HÅ/86,15:00:00,15:00:00,stop
RV,2948,HS/86,15:06:00,15:08:00,stop
RV,2948,HED/86,15:16:00,15:17:00,stop
RV,2948,VJ/86,15:25:00,15:27:00,stop
RV,2948,BET/86,15:33:00,15:34:00,stop
RV,2948,BK/86,15:37:00,15:38:00,stop
RV,2948,FA/86,15:46:00,00:00:00,stop
RV,2932,AR/86,00:00:00,10:38:00,stop
RV,2932,KGV/86,10:40:00,10:40:00,stop
RV,2932,VI/86,10:42:00,10:43:00,stop
RV,2932,HC/86,10:46:00,10:46:00,stop
RV,2932,HX/86,10:48:00,10:48:00,pass
RV,2932,SD/86,10:52:00,10:53:00,stop
RV,2932,HÅ/86,11:00:00,11:00:00,stop
RV,2932,HS/86,11:06:00,11:08:00,stop
RV,2932,HED/86,11:16:00,11:17:00,stop
RV,2932,VJ/86,11:25:00,11:27:00,stop
RV,2932,BET/86,11:33:00,11:34:00,stop
RV,2932,BK/86,11:37:00,11:38:00,stop
RV,2932,FA/86,11:46:00,00:00:00,stop
RV,2913,FA/86,00:00:00,06:16:00,stop
RV,2913,BK/86,06:22:00,06:23:00,stop
RV,2913,BET/86,06:26:00,06:27:00,stop
RV,2913,VJ/86,06:34:00,06:35:00,stop
RV,2913,HED/86,06:44:00,06:45:00,stop
RV,2913,HS/86,06:53:00,06:55:00,stop
RV,2913,HÅ/86,07:02:00,07:02:00,stop
RV,2913,SD/86,07:09:00,07:10:00,stop
RV,2913,HX/86,07:15:00,07:15:00,stop
RV,2913,HC/86,07:17:00,07:17:00,pass
RV,2913,VI/86,07:20:00,07:21:00,stop
RV,2913,KGV/86,07:23:00,07:23:00,stop
RV,2913,AR/86,07:26:00,00:00:00,stop
RV,2751,OD/86,00:00:00,14:45:00,stop
RV,2751,HP/86,14:51:00,14:51:00,stop
RV,2751,TP/86,14:56:00,14:57:00,stop
RV,2751,SC/86,15:00:00,15:00:00,stop
RV,2751,BD/86,15:03:00,15:03:00,stop
RV,2751,AP/86,15:06:00,15:07:00,stop
RV,2751,GD/86,15:11:00,15:12:00,stop
RV,2751,EB/86,15:17:00,15:27:00,stop
RV,2751,NA/86,15:31:00,15:32:00,stop
RV,2751,KA/86,15:35:00,15:36:00,stop
RV,2751,MD/86,15:40:00,15:41:00,stop
RV,2751,SNO/86,15:44:00,15:44:00,stop
RV,2751,FA/86,15:48:00,00:00:00,stop
RV,2742,FA/86,00:00:00,14:33:00,stop
RV,2742,SNO/86,14:36:00,14:36:00,stop
RV,2742,MD/86,14:40:00,14:41:00,stop
RV,2742,KA/86,14:45:00,14:45:00,stop
RV,2742,NA/86,14:48:00,14:49:00,stop
RV,2742,EB/86,14:53:00,14:54:00,stop
RV,2742,GD/86,14:57:00,14:58:00,stop
RV,2742,AP/86,15:02:00,15:03:00,stop
RV,2742,BD/86,15:06:00,15:06:00,stop
RV,2742,SC/86,15:08:00,15:09:00,stop
RV,2742,TP/86,15:11:00,15:23:00,stop
RV,2742,HP/86,15:27:00,15:28:00,stop
RV,2742,OD/86,15:34:00,00:00:00,stop
RV,4724,FA/86,00:00:00,09:30:00,stop
RV,4724,SNO/86,09:33:00,09:33:00,stop
RV,4724,MD/86,09:37:00,09:38:00,stop
RV,4724,KA/86,09:41:00,09:41:00,stop
RV,4724,NA/86,09:44:00,09:45:00,stop
RV,4724,EB/86,09:49:00,09:50:00,stop
RV,4724,GD/86,09:54:00,09:55:00,stop
RV,4724,AP/86,09:59:00,10:00:00,stop
RV,4724,BD/86,10:02:00,10:02:00,stop
RV,4724,SC/86,10:03:00,10:03:00,pass
RV,4724,TP/86,10:06:00,10:07:00,stop
RV,4724,HP/86,10:11:00,10:11:00,stop
RV,4724,OD/86,10:16:00,00:00:00,stop
RV,4732,FA/86,00:00:00,11:30:00,stop
RV,4732,SNO/86,11:33:00,11:33:00,stop
RV,4732,MD/86,11:37:00,11:38:00,stop
RV,4732,KA/86,11:41:00,11:41:00,stop
RV,4732,NA/86,11:44:00,11:45:00,stop
RV,4732,EB/86,11:49:00,11:50:00,stop
RV,4732,GD/86,11:54:00,11:55:00,stop
RV,4732,AP/86,11:59:00,12:00:00,stop
RV,4732,BD/86,12:02:00,12:02:00,stop
RV,4732,SC/86,12:03:00,12:03:00,pass
RV,4732,TP/86,12:06:00,12:07:00,stop
RV,4732,HP/86,12:11:00,12:11:00,stop
RV,4732,OD/86,12:16:00,00:00:00,stop
RV,4740,FA/86,00:00:00,13:30:00,stop
RV,4740,SNO/86,13:33:00,13:33:00,stop
RV,4740,MD/86,13:37:00,13:38:00,stop
RV,4740,KA/86,13:41:00,13:41:00,stop
RV,4740,NA/86,13:44:00,13:45:00,stop
RV,4740,EB/86,13:49:00,13:50:00,stop
RV,4740,GD/86,13:54:00,13:55:00,stop
RV,4740,AP/86,13:59:00,14:00:00,stop
RV,4740,BD/86,14:02:00,14:02:00,stop
RV,4740,SC/86,14:03:00,14:03:00,pass
RV,4740,TP/86,14:06:00,14:07:00,stop
RV,4740,HP/86,14:11:00,14:11:00,stop
RV,4740,OD/86,14:16:00,00:00:00,stop
RV,4748,FA/86,00:00:00,15:30:00,stop
RV,4748,SNO/86,15:33:00,15:33:00,stop
RV,4748,MD/86,15:37:00,15:38:00,stop
RV,4748,KA/86,15:41:00,15:41:00,stop
RV,4748,NA/86,15:44:00,15:45:00,stop
RV,4748,EB/86,15:49:00,15:50:00,stop
RV,4748,GD/86,15:54:00,15:55:00,stop
RV,4748,AP/86,15:59:00,16:00:00,stop
RV,4748,BD/86,16:02:00,16:02:00,stop
RV,4748,SC/86,16:03:00,16:03:00,pass
RV,4748,TP/86,16:06:00,16:07:00,stop
RV,4748,HP/86,16:11:00,16:11:00,stop
RV,4748,OD/86,16:16:00,00:00:00,stop
RV,4756,FA/86,00:00:00,17:30:00,stop
RV,4756,SNO/86,17:33:00,17:33:00,stop
RV,4756,MD/86,17:37:00,17:38:00,stop
RV,4756,KA/86,17:41:00,17:41:00,stop
RV,4756,NA/86,17:44:00,17:45:00,stop
RV,4756,EB/86,17:49:00,17:50:00,stop
RV,4756,GD/86,17:54:00,17:55:00,stop
RV,4756,AP/86,17:59:00,18:00:00,stop
RV,4756,BD/86,18:02:00,18:02:00,stop
RV,4756,SC/86,18:03:00,18:03:00,pass
RV,4756,TP/86,18:06:00,18:07:00,stop
RV,4756,HP/86,18:11:00,18:11:00,stop
RV,4756,OD/86,18:16:00,00:00:00,stop
RV,4764,FA/86,00:00:00,19:30:00,stop
RV,4764,SNO/86,19:33:00,19:33:00,stop
RV,4764,MD/86,19:37:00,19:38:00,stop
RV,4764,KA/86,19:41:00,19:41:00,stop
RV,4764,NA/86,19:44:00,19:45:00,stop
RV,4764,EB/86,19:49:00,19:50:00,stop
RV,4764,GD/86,19:54:00,19:55:00,stop
RV,4764,AP/86,19:59:00,20:00:00,stop
RV,4764,BD/86,20:02:00,20:02:00,stop
RV,4764,SC/86,20:03:00,20:03:00,pass
RV,4764,TP/86,20:06:00,20:07:00,stop
RV,4764,HP/86,20:10:00,20:10:00,stop
RV,4764,OD/86,20:16:00,00:00:00,stop
RV,2785,OD/86,00:00:00,23:36:00,stop
RV,2785,HP/86,23:42:00,23:42:00,stop
RV,2785,TP/86,23:47:00,23:48:00,stop
RV,2785,SC/86,23:51:00,23:52:00,stop
RV,2785,BD/86,23:54:00,23:54:00,stop
RV,2785,AP/86,23:58:00,23:59:00,stop
RV,2785,GD/86,00:03:00,00:04:00,stop
RV,2785,EB/86,00:07:00,00:08:00,stop
RV,2785,NA/86,00:12:00,00:13:00,stop
RV,2785,KA/86,00:17:00,00:17:00,stop
RV,2785,MD/86,00:22:00,00:23:00,stop
RV,2785,SNO/86,00:27:00,00:27:00,stop
RV,2785,FA/86,00:30:00,00:00:00,stop
RV,2727,OD/86,00:00:00,08:46:00,stop
RV,2727,HP/86,08:52:00,08:52:00,stop
RV,2727,TP/86,08:57:00,08:58:00,stop
RV,2727,SC/86,09:01:00,09:01:00,stop
RV,2727,BD/86,09:04:00,09:04:00,stop
RV,2727,AP/86,09:07:00,09:08:00,stop
RV,2727,GD/86,09:13:00,09:14:00,stop
RV,2727,EB/86,09:18:00,09:27:00,stop
RV,2727,NA/86,09:31:00,09:32:00,stop
RV,2727,KA/86,09:35:00,09:36:00,stop
RV,2727,MD/86,09:40:00,09:41:00,stop
RV,2727,SNO/86,09:45:00,09:45:00,stop
RV,2727,FA/86,09:48:00,00:00:00,stop
RV,4772,FA/86,00:00:00,21:30:00,stop
RV,4772,SNO/86,21:33:00,21:33:00,stop
RV,4772,MD/86,21:37:00,21:38:00,stop
RV,4772,KA/86,21:41:00,21:41:00,stop
RV,4772,NA/86,21:44:00,21:45:00,stop
RV,4772,EB/86,21:49:00,21:50:00,stop
RV,4772,GD/86,21:54:00,21:55:00,stop
RV,4772,AP/86,21:59:00,22:00:00,stop
RV,4772,BD/86,22:02:00,22:02:00,stop
RV,4772,SC/86,22:03:00,22:03:00,pass
RV,4772,TP/86,22:06:00,22:07:00,stop
RV,4772,HP/86,22:10:00,22:10:00,stop
RV,4772,OD/86,22:16:00,00:00:00,stop
RV,4769,OD/86,00:00:00,19:40:00,stop
RV,4769,HP/86,19:45:00,19:45:00,stop
RV,4769,TP/86,19:49:00,19:50:00,stop
RV,4769,SC/86,19:52:00,19:52:00,stop
RV,4769,BD/86,19:53:00,19:53:00,pass
RV,4769,AP/86,19:55:00,19:56:00,stop
RV,4769,GD/86,20:01:00,20:02:00,stop
RV,4769,EB/86,20:05:00,20:06:00,stop
RV,4769,NA/86,20:10:00,20:11:00,stop
RV,4769,KA/86,20:14:00,20:14:00,stop
RV,4769,MD/86,20:18:00,20:19:00,stop
RV,4769,SNO/86,20:22:00,20:22:00,stop
RV,4769,FA/86,20:26:00,00:00:00,stop
RV,2973,FA/86,00:00:00,21:14:00,stop
RV,2973,BK/86,21:20:00,21:21:00,stop
RV,2973,BET/86,21:24:00,21:25:00,stop
RV,2973,VJ/86,21:32:00,21:33:00,stop
RV,2973,HED/86,21:42:00,21:43:00,stop
RV,2973,HS/86,21:51:00,21:52:00,stop
RV,2973,HÅ/86,21:59:00,21:59:00,stop
RV,2973,SD/86,22:06:00,22:07:00,stop
RV,2973,HX/86,22:11:00,22:11:00,stop
RV,2973,HC/86,22:13:00,22:13:00,pass
RV,2973,VI/86,22:16:00,22:17:00,stop
RV,2973,KGV/86,22:19:00,22:19:00,stop
RV,2973,AR/86,22:23:00,00:00:00,stop
RV,2972,AR/86,00:00:00,20:38:00,stop
RV,2972,KGV/86,20:40:00,20:40:00,stop
RV,2972,VI/86,20:42:00,20:43:00,stop
RV,2972,HC/86,20:46:00,20:46:00,stop
RV,2972,HX/86,20:48:00,20:48:00,pass
RV,2972,SD/86,20:52:00,20:53:00,stop
RV,2972,HÅ/86,21:00:00,21:00:00,stop
RV,2972,HS/86,21:06:00,21:08:00,stop
RV,2972,HED/86,21:16:00,21:17:00,stop
RV,2972,VJ/86,21:25:00,21:27:00,stop
RV,2972,BET/86,21:33:00,21:34:00,stop
RV,2972,BK/86,21:37:00,21:38:00,stop
RV,2972,FA/86,21:46:00,00:00:00,stop
RV,2976,AR/86,00:00:00,21:38:00,stop
RV,2976,KGV/86,21:40:00,21:40:00,stop
RV,2976,VI/86,21:42:00,21:43:00,stop
RV,2976,HC/86,21:46:00,21:46:00,stop
RV,2976,HX/86,21:48:00,21:48:00,pass
RV,2976,SD/86,21:52:00,21:53:00,stop
RV,2976,HÅ/86,22:00:00,22:00:00,stop
RV,2976,HS/86,22:06:00,22:08:00,stop
RV,2976,HED/86,22:16:00,22:17:00,stop
RV,2976,VJ/86,22:25:00,22:27:00,stop
RV,2976,BET/86,22:33:00,22:34:00,stop
RV,2976,BK/86,22:37:00,22:38:00,stop
RV,2976,FA/86,22:46:00,00:00:00,stop
RV,2980,AR/86,00:00:00,22:38:00,stop
RV,2980,KGV/86,22:40:00,22:40:00,stop
RV,2980,VI/86,22:42:00,22:43:00,stop
RV,2980,HC/86,22:46:00,22:46:00,stop
RV,2980,HX/86,22:48:00,22:48:00,pass
RV,2980,SD/86,22:52:00,22:53:00,stop
RV,2980,HÅ/86,23:00:00,23:00:00,stop
RV,2980,HS/86,23:06:00,23:08:00,stop
RV,2980,HED/86,23:16:00,23:17:00,stop
RV,2980,VJ/86,23:25:00,23:27:00,stop
RV,2980,BET/86,23:33:00,23:34:00,stop
RV,2980,BK/86,23:37:00,23:38:00,stop
RV,2980,FA/86,23:46:00,00:00:00,stop
RV,2325,ES/86,00:00:00,08:04:00,stop
RV,2325,JNE/86,08:06:00,08:06:00,stop
RV,2325,TB/86,08:09:00,08:09:00,pass
RV,2325,BM/86,08:14:00,08:15:00,stop
RV,2325,GØ/86,08:19:00,08:20:00,stop
RV,2325,HQ/86,08:25:00,08:26:00,stop
RV,2325,BP/86,08:30:00,08:31:00,stop
RV,2325,VN/86,08:36:00,08:37:00,stop
RV,2325,LK/86,08:45:00,08:46:00,stop
RV,2325,KD/86,08:53:00,08:55:00,stop
RV,2325,TL/86,09:01:00,09:02:00,stop
RV,2325,FA/86,09:09:00,00:00:00,stop
RV,2341,ES/86,00:00:00,12:04:00,stop
RV,2341,JNE/86,12:06:00,12:06:00,stop
RV,2341,TB/86,12:09:00,12:09:00,pass
RV,2341,BM/86,12:14:00,12:15:00,stop
RV,2341,GØ/86,12:19:00,12:20:00,stop
RV,2341,HQ/86,12:25:00,12:26:00,stop
RV,2341,BP/86,12:30:00,12:31:00,stop
RV,2341,VN/86,12:36:00,12:37:00,stop
RV,2341,LK/86,12:45:00,12:46:00,stop
RV,2341,KD/86,12:53:00,12:55:00,stop
RV,2341,TL/86,13:01:00,13:02:00,stop
RV,2341,FA/86,13:09:00,00:00:00,stop
RV,2357,ES/86,00:00:00,16:04:00,stop
RV,2357,JNE/86,16:06:00,16:06:00,stop
RV,2357,TB/86,16:09:00,16:09:00,pass
RV,2357,BM/86,16:14:00,16:15:00,stop
RV,2357,GØ/86,16:19:00,16:20:00,stop
RV,2357,HQ/86,16:25:00,16:26:00,stop
RV,2357,BP/86,16:30:00,16:31:00,stop
RV,2357,VN/86,16:36:00,16:37:00,stop
RV,2357,LK/86,16:45:00,16:46:00,stop
RV,2357,KD/86,16:53:00,16:55:00,stop
RV,2357,TL/86,17:01:00,17:02:00,stop
RV,2357,FA/86,17:09:00,00:00:00,stop
RV,4169,AB/86,00:00:00,22:34:00,stop
RV,4169,ABV/86,22:36:00,22:37:00,stop
RV,4169,LIH/86,22:39:00,22:40:00,stop
RV,4169,ABL/86,22:44:00,00:00:00,stop
RV,4003,AB/86,00:00:00,05:58:00,stop
RV,4003,ABV/86,06:00:00,06:01:00,stop
RV,4003,LIH/86,06:03:00,06:04:00,stop
RV,4003,ABL/86,06:08:00,00:00:00,stop
RV,2981,KD/86,00:00:00,22:49:00,stop
RV,2981,TL/86,22:55:00,22:55:00,stop
RV,2981,FA/86,23:01:00,00:00:00,stop
RØ,1504,KB/86,00:00:00,05:37:00,stop
RØ,1504,KBØ/86,05:39:00,05:40:00,stop
RØ,1504,VÆ/86,05:44:00,05:44:00,stop
RØ,1504,SE/86,05:48:00,05:49:00,stop
RØ,1504,JY/86,05:54:00,05:55:00,stop
RØ,1504,MØ/86,06:00:00,06:01:00,stop
RØ,1504,KS/86,06:04:00,06:05:00,stop
RØ,1504,RT/86,06:08:00,06:09:00,stop
RØ,1504,HK/86,06:15:00,06:17:00,stop
RØ,1504,PE/86,06:21:00,06:21:00,stop
RØ,1504,TØ/86,06:23:00,06:23:00,pass
RØ,1504,HV/86,06:26:00,06:26:00,pass
RØ,1504,LJ/86,06:29:00,06:29:00,pass
RØ,1504,RO/86,06:34:00,06:36:00,stop
RØ,1504,TRK/86,06:38:00,06:38:00,stop
RØ,1504,HH/86,06:40:00,06:40:00,pass
RØ,1504,HTÅ/86,06:43:00,06:44:00,stop
RØ,1504,GL/86,06:49:00,06:49:00,stop
RØ,1504,HIF/86,06:51:00,06:51:00,pass
RØ,1504,VAL/86,06:52:00,06:52:00,pass
RØ,1504,KH/86,06:57:00,07:01:00,stop
RØ,1504,KN/86,07:03:00,07:04:00,stop
RØ,1504,KK/86,07:07:00,00:00:00,stop
RØ,1544,KB/86,00:00:00,15:37:00,stop
RØ,1544,KBØ/86,15:39:00,15:40:00,stop
RØ,1544,VÆ/86,15:44:00,15:44:00,stop
RØ,1544,SE/86,15:48:00,15:49:00,stop
RØ,1544,JY/86,15:54:00,15:55:00,stop
RØ,1544,MØ/86,16:00:00,16:01:00,stop
RØ,1544,KS/86,16:04:00,16:05:00,stop
RØ,1544,RT/86,16:08:00,16:09:00,stop
RØ,1544,HK/86,16:15:00,16:17:00,stop
RØ,1544,PE/86,16:21:00,16:21:00,stop
RØ,1544,TØ/86,16:23:00,16:23:00,pass
RØ,1544,HV/86,16:26:00,16:26:00,pass
RØ,1544,LJ/86,16:29:00,16:29:00,pass
RØ,1544,RO/86,16:34:00,16:36:00,stop
RØ,1544,TRK/86,16:38:00,16:38:00,stop
RØ,1544,HH/86,16:40:00,16:40:00,pass
RØ,1544,HTÅ/86,16:43:00,16:44:00,stop
RØ,1544,GL/86,16:49:00,16:49:00,stop
RØ,1544,HIF/86,16:51:00,16:51:00,pass
RØ,1544,VAL/86,16:52:00,16:52:00,pass
RØ,1544,KH/86,16:57:00,17:01:00,stop
RØ,1544,KN/86,17:03:00,17:04:00,stop
RØ,1544,KK/86,17:07:00,00:00:00,stop
RØ,4536,HK/86,00:00:00,14:23:00,stop
RØ,4536,PE/86,14:27:00,14:28:00,stop
RØ,4536,TØ/86,14:33:00,14:34:00,stop
RØ,4536,HV/86,14:38:00,14:39:00,stop
RØ,4536,LJ/86,14:43:00,14:44:00,stop
RØ,4536,RO/86,14:50:00,14:52:00,stop
RØ,4536,TRK/86,14:54:00,14:55:00,stop
RØ,4536,HH/86,14:58:00,14:59:00,stop
RØ,4536,HTÅ/86,15:03:00,15:04:00,stop
RØ,4536,GL/86,15:09:00,15:09:00,stop
RØ,4536,HIF/86,15:10:00,15:10:00,pass
RØ,4536,VAL/86,15:13:00,15:14:00,stop
RØ,4536,KH/86,15:19:00,15:22:00,stop
RØ,4536,KN/86,15:24:00,15:25:00,stop
RØ,4536,KK/86,15:28:00,15:29:00,stop
RØ,4536,HGL/86,15:31:00,15:31:00,stop
RØ,4536,HL/86,15:34:00,15:35:00,stop
RØ,4536,KL/86,15:39:00,15:40:00,stop
RØ,4536,SÅ/86,15:44:00,15:45:00,stop
RØ,4536,VB/86,15:48:00,15:49:00,stop
RØ,4536,RU/86,15:52:00,15:53:00,stop
RØ,4536,OK/86,15:56:00,15:57:00,stop
RØ,4536,NI/86,16:00:00,16:01:00,stop
RØ,4536,HUM/86,16:04:00,16:05:00,stop
RØ,4536,GÆ/86,16:08:00,16:09:00,stop
RØ,4536,SQ/86,16:12:00,16:13:00,stop
RØ,4536,HG/86,16:17:00,00:00:00,stop
RØ,4540,HK/86,00:00:00,15:23:00,stop
RØ,4540,PE/86,15:27:00,15:28:00,stop
RØ,4540,TØ/86,15:33:00,15:34:00,stop
RØ,4540,HV/86,15:38:00,15:39:00,stop
RØ,4540,LJ/86,15:43:00,15:44:00,stop
RØ,4540,RO/86,15:50:00,15:52:00,stop
RØ,4540,TRK/86,15:54:00,15:55:00,stop
RØ,4540,HH/86,15:58:00,15:59:00,stop
RØ,4540,HTÅ/86,16:03:00,16:04:00,stop
RØ,4540,GL/86,16:09:00,16:09:00,stop
RØ,4540,HIF/86,16:10:00,16:10:00,pass
RØ,4540,VAL/86,16:13:00,16:14:00,stop
RØ,4540,KH/86,16:19:00,16:22:00,stop
RØ,4540,KN/86,16:24:00,16:25:00,stop
RØ,4540,KK/86,16:28:00,16:29:00,stop
RØ,4540,HGL/86,16:31:00,16:31:00,stop
RØ,4540,HL/86,16:34:00,16:35:00,stop
RØ,4540,KL/86,16:39:00,16:40:00,stop
RØ,4540,SÅ/86,16:44:00,16:45:00,stop
RØ,4540,VB/86,16:48:00,16:49:00,stop
RØ,4540,RU/86,16:52:00,16:53:00,stop
RØ,4540,OK/86,16:56:00,16:57:00,stop
RØ,4540,NI/86,17:00:00,17:01:00,stop
RØ,4540,HUM/86,17:04:00,17:05:00,stop
RØ,4540,GÆ/86,17:08:00,17:09:00,stop
RØ,4540,SQ/86,17:12:00,17:13:00,stop
RØ,4540,HG/86,17:17:00,00:00:00,stop
RØ,4544,HK/86,00:00:00,16:23:00,stop
RØ,4544,PE/86,16:27:00,16:28:00,stop
RØ,4544,TØ/86,16:33:00,16:34:00,stop
RØ,4544,HV/86,16:38:00,16:39:00,stop
RØ,4544,LJ/86,16:43:00,16:44:00,stop
RØ,4544,RO/86,16:50:00,16:52:00,stop
RØ,4544,TRK/86,16:54:00,16:55:00,stop
RØ,4544,HH/86,16:58:00,16:59:00,stop
RØ,4544,HTÅ/86,17:03:00,17:04:00,stop
RØ,4544,GL/86,17:09:00,17:09:00,stop
RØ,4544,HIF/86,17:10:00,17:10:00,pass
RØ,4544,VAL/86,17:13:00,17:14:00,stop
RØ,4544,KH/86,17:19:00,17:22:00,stop
RØ,4544,KN/86,17:24:00,17:25:00,stop
RØ,4544,KK/86,17:28:00,17:29:00,stop
RØ,4544,HGL/86,17:31:00,17:31:00,stop
RØ,4544,HL/86,17:34:00,17:35:00,stop
RØ,4544,KL/86,17:39:00,17:40:00,stop
RØ,4544,SÅ/86,17:44:00,17:45:00,stop
RØ,4544,VB/86,17:48:00,17:49:00,stop
RØ,4544,RU/86,17:52:00,17:53:00,stop
RØ,4544,OK/86,17:56:00,17:57:00,stop
RØ,4544,NI/86,18:00:00,18:01:00,stop
RØ,4544,HUM/86,18:04:00,18:05:00,stop
RØ,4544,GÆ/86,18:08:00,18:09:00,stop
RØ,4544,SQ/86,18:12:00,18:13:00,stop
RØ,4544,HG/86,18:17:00,00:00:00,stop
RØ,4548,HK/86,00:00:00,17:23:00,stop
RØ,4548,PE/86,17:27:00,17:28:00,stop
RØ,4548,TØ/86,17:33:00,17:34:00,stop
RØ,4548,HV/86,17:38:00,17:39:00,stop
RØ,4548,LJ/86,17:43:00,17:44:00,stop
RØ,4548,RO/86,17:50:00,17:52:00,stop
RØ,4548,TRK/86,17:54:00,17:55:00,stop
RØ,4548,HH/86,17:58:00,17:59:00,stop
RØ,4548,HTÅ/86,18:03:00,18:04:00,stop
RØ,4548,GL/86,18:09:00,18:09:00,stop
RØ,4548,HIF/86,18:10:00,18:10:00,pass
RØ,4548,VAL/86,18:13:00,18:14:00,stop
RØ,4548,KH/86,18:19:00,18:22:00,stop
RØ,4548,KN/86,18:24:00,18:25:00,stop
RØ,4548,KK/86,18:28:00,18:29:00,stop
RØ,4548,HGL/86,18:31:00,18:31:00,stop
RØ,4548,HL/86,18:34:00,18:35:00,stop
RØ,4548,KL/86,18:39:00,18:40:00,stop
RØ,4548,SÅ/86,18:44:00,18:45:00,stop
RØ,4548,VB/86,18:48:00,18:49:00,stop
RØ,4548,RU/86,18:52:00,18:53:00,stop
RØ,4548,OK/86,18:56:00,18:57:00,stop
RØ,4548,NI/86,19:00:00,19:01:00,stop
RØ,4548,HUM/86,19:04:00,19:05:00,stop
RØ,4548,GÆ/86,19:08:00,19:09:00,stop
RØ,4548,SQ/86,19:12:00,19:13:00,stop
RØ,4548,HG/86,19:17:00,00:00:00,stop
RØ,4552,HK/86,00:00:00,18:23:00,stop
RØ,4552,PE/86,18:27:00,18:28:00,stop
RØ,4552,TØ/86,18:33:00,18:34:00,stop
RØ,4552,HV/86,18:38:00,18:39:00,stop
RØ,4552,LJ/86,18:43:00,18:44:00,stop
RØ,4552,RO/86,18:50:00,18:52:00,stop
RØ,4552,TRK/86,18:54:00,18:55:00,stop
RØ,4552,HH/86,18:58:00,18:59:00,stop
RØ,4552,HTÅ/86,19:03:00,19:04:00,stop
RØ,4552,GL/86,19:09:00,19:09:00,stop
RØ,4552,HIF/86,19:10:00,19:10:00,pass
RØ,4552,VAL/86,19:13:00,19:14:00,stop
RØ,4552,KH/86,19:19:00,19:22:00,stop
RØ,4552,KN/86,19:24:00,19:25:00,stop
RØ,4552,KK/86,19:28:00,19:29:00,stop
RØ,4552,HGL/86,19:31:00,19:31:00,stop
RØ,4552,HL/86,19:34:00,19:35:00,stop
RØ,4552,KL/86,19:39:00,19:40:00,stop
RØ,4552,SÅ/86,19:44:00,19:45:00,stop
RØ,4552,VB/86,19:48:00,19:49:00,stop
RØ,4552,RU/86,19:52:00,19:53:00,stop
RØ,4552,OK/86,19:56:00,19:57:00,stop
RØ,4552,NI/86,20:00:00,20:01:00,stop
RØ,4552,HUM/86,20:04:00,20:05:00,stop
RØ,4552,GÆ/86,20:08:00,20:09:00,stop
RØ,4552,SQ/86,20:12:00,20:13:00,stop
RØ,4552,HG/86,20:17:00,00:00:00,stop
RØ,3427,HG/86,00:00:00,06:24:00,stop
RØ,3427,SQ/86,06:26:00,06:26:00,stop
RØ,3427,GÆ/86,06:29:00,06:30:00,stop
RØ,3427,HUM/86,06:33:00,06:34:00,stop
RØ,3427,NI/86,06:37:00,06:38:00,stop
RØ,3427,OK/86,06:41:00,06:42:00,stop
RØ,3427,RU/86,06:45:00,06:45:00,stop
RØ,3427,VB/86,06:47:00,06:47:00,pass
RØ,3427,SÅ/86,06:50:00,06:50:00,pass
RØ,3427,KL/86,06:53:00,06:53:00,pass
RØ,3427,HL/86,06:59:00,07:00:00,stop
RØ,3427,HGL/86,07:02:00,07:02:00,stop
RØ,3427,KK/86,07:05:00,07:08:00,stop
RØ,3427,KN/86,07:10:00,07:11:00,stop
RØ,3427,KH/86,07:14:00,00:00:00,stop
RØ,3431,HG/86,00:00:00,07:24:00,stop
RØ,3431,SQ/86,07:26:00,07:26:00,stop
RØ,3431,GÆ/86,07:29:00,07:30:00,stop
RØ,3431,HUM/86,07:33:00,07:34:00,stop
RØ,3431,NI/86,07:37:00,07:38:00,stop
RØ,3431,OK/86,07:41:00,07:42:00,stop
RØ,3431,RU/86,07:45:00,07:45:00,stop
RØ,3431,VB/86,07:47:00,07:47:00,pass
RØ,3431,SÅ/86,07:50:00,07:50:00,pass
RØ,3431,KL/86,07:53:00,07:53:00,pass
RØ,3431,HL/86,07:59:00,08:00:00,stop
RØ,3431,HGL/86,08:02:00,08:02:00,stop
RØ,3431,KK/86,08:05:00,08:08:00,stop
RØ,3431,KN/86,08:10:00,08:11:00,stop
RØ,3431,KH/86,08:14:00,00:00:00,stop
RØ,3435,HG/86,00:00:00,08:24:00,stop
RØ,3435,SQ/86,08:26:00,08:26:00,stop
RØ,3435,GÆ/86,08:29:00,08:30:00,stop
RØ,3435,HUM/86,08:33:00,08:34:00,stop
RØ,3435,NI/86,08:37:00,08:38:00,stop
RØ,3435,OK/86,08:41:00,08:42:00,stop
RØ,3435,RU/86,08:45:00,08:45:00,stop
RØ,3435,VB/86,08:47:00,08:47:00,pass
RØ,3435,SÅ/86,08:50:00,08:50:00,pass
RØ,3435,KL/86,08:53:00,08:53:00,pass
RØ,3435,HL/86,08:59:00,09:00:00,stop
RØ,3435,HGL/86,09:02:00,09:02:00,stop
RØ,3435,KK/86,09:05:00,09:08:00,stop
RØ,3435,KN/86,09:10:00,09:11:00,stop
RØ,3435,KH/86,09:14:00,00:00:00,stop
RØ,4202,NÆ/86,00:00:00,04:25:00,stop
RØ,4202,GZ/86,04:33:00,04:34:00,stop
RØ,4202,RG/86,04:40:00,04:41:00,stop
RØ,4202,KY/86,04:45:00,04:45:00,stop
RØ,4202,BO/86,04:49:00,04:50:00,stop
RØ,4202,VY/86,04:55:00,04:56:00,stop
RØ,4202,RO/86,05:02:00,05:04:00,stop
RØ,4202,TRK/86,05:06:00,05:07:00,stop
RØ,4202,HH/86,05:10:00,05:11:00,stop
RØ,4202,HTÅ/86,05:15:00,05:16:00,stop
RØ,4202,GL/86,05:20:00,05:20:00,stop
RØ,4202,HIF/86,05:22:00,05:22:00,pass
RØ,4202,VAL/86,05:24:00,05:25:00,stop
RØ,4202,KH/86,05:31:00,05:37:00,stop
RØ,4202,KN/86,05:39:00,05:40:00,stop
RØ,4202,KK/86,05:43:00,05:44:00,stop
RØ,4202,HGL/86,05:46:00,05:46:00,stop
RØ,4202,HL/86,05:49:00,05:50:00,stop
RØ,4202,KL/86,05:54:00,05:55:00,stop
RØ,4202,SÅ/86,05:59:00,06:00:00,stop
RØ,4202,VB/86,06:03:00,06:04:00,stop
RØ,4202,RU/86,06:07:00,06:08:00,stop
RØ,4202,OK/86,06:11:00,06:12:00,stop
RØ,4202,NI/86,06:15:00,06:16:00,stop
RØ,4202,HUM/86,06:19:00,06:20:00,stop
RØ,4202,GÆ/86,06:23:00,06:24:00,stop
RØ,4202,SQ/86,06:27:00,06:28:00,stop
RØ,4202,HG/86,06:32:00,00:00:00,stop
RØ,4204,VO/86,00:00:00,05:10:00,stop
RØ,4204,LU/86,05:16:00,05:17:00,stop
RØ,4204,MOG/86,05:22:00,05:22:00,stop
RØ,4204,NÆ/86,05:26:00,05:28:00,stop
RØ,4204,GZ/86,05:36:00,05:37:00,stop
RØ,4204,RG/86,05:43:00,05:44:00,stop
RØ,4204,KY/86,05:48:00,05:48:00,stop
RØ,4204,BO/86,05:52:00,05:53:00,stop
RØ,4204,VY/86,05:58:00,05:59:00,stop
RØ,4204,RO/86,06:05:00,06:07:00,stop
RØ,4204,TRK/86,06:09:00,06:10:00,stop
RØ,4204,HH/86,06:13:00,06:14:00,stop
RØ,4204,HTÅ/86,06:18:00,06:19:00,stop
RØ,4204,GL/86,06:23:00,06:23:00,stop
RØ,4204,HIF/86,06:25:00,06:25:00,pass
RØ,4204,VAL/86,06:27:00,06:28:00,stop
RØ,4204,KH/86,06:34:00,06:37:00,stop
RØ,4204,KN/86,06:39:00,06:40:00,stop
RØ,4204,KK/86,06:43:00,06:44:00,stop
RØ,4204,HGL/86,06:46:00,06:46:00,stop
RØ,4204,HL/86,06:49:00,06:50:00,stop
RØ,4204,KL/86,06:54:00,06:55:00,stop
RØ,4204,SÅ/86,06:59:00,07:00:00,stop
RØ,4204,VB/86,07:03:00,07:04:00,stop
RØ,4204,RU/86,07:07:00,07:08:00,stop
RØ,4204,OK/86,07:11:00,07:12:00,stop
RØ,4204,NI/86,07:15:00,07:16:00,stop
RØ,4204,HUM/86,07:19:00,07:20:00,stop
RØ,4204,GÆ/86,07:23:00,07:24:00,stop
RØ,4204,SQ/86,07:27:00,07:28:00,stop
RØ,4204,HG/86,07:32:00,00:00:00,stop
RØ,4210,NÆ/86,00:00:00,07:28:00,stop
RØ,4210,GZ/86,07:36:00,07:37:00,stop
RØ,4210,RG/86,07:43:00,07:44:00,stop
RØ,4210,KY/86,07:48:00,07:48:00,stop
RØ,4210,BO/86,07:52:00,07:53:00,stop
RØ,4210,VY/86,07:58:00,07:59:00,stop
RØ,4210,RO/86,08:05:00,08:07:00,stop
RØ,4210,TRK/86,08:09:00,08:10:00,stop
RØ,4210,HH/86,08:13:00,08:14:00,stop
RØ,4210,HTÅ/86,08:18:00,08:19:00,stop
RØ,4210,GL/86,08:23:00,08:23:00,stop
RØ,4210,HIF/86,08:25:00,08:25:00,pass
RØ,4210,VAL/86,08:27:00,08:28:00,stop
RØ,4210,KH/86,08:34:00,08:37:00,stop
RØ,4210,KN/86,08:39:00,08:40:00,stop
RØ,4210,KK/86,08:43:00,08:44:00,stop
RØ,4210,HGL/86,08:46:00,08:46:00,stop
RØ,4210,HL/86,08:49:00,08:50:00,stop
RØ,4210,KL/86,08:54:00,08:55:00,stop
RØ,4210,SÅ/86,08:59:00,09:00:00,stop
RØ,4210,VB/86,09:03:00,09:04:00,stop
RØ,4210,RU/86,09:07:00,09:08:00,stop
RØ,4210,OK/86,09:11:00,09:12:00,stop
RØ,4210,NI/86,09:15:00,09:16:00,stop
RØ,4210,HUM/86,09:19:00,09:20:00,stop
RØ,4210,GÆ/86,09:23:00,09:24:00,stop
RØ,4210,SQ/86,09:27:00,09:28:00,stop
RØ,4210,HG/86,09:32:00,00:00:00,stop
RØ,4262,RO/86,00:00:00,21:07:00,stop
RØ,4262,TRK/86,21:09:00,21:10:00,stop
RØ,4262,HH/86,21:13:00,21:14:00,stop
RØ,4262,HTÅ/86,21:18:00,21:19:00,stop
RØ,4262,GL/86,21:23:00,21:23:00,stop
RØ,4262,HIF/86,21:25:00,21:25:00,pass
RØ,4262,VAL/86,21:27:00,21:28:00,stop
RØ,4262,KH/86,21:34:00,21:37:00,stop
RØ,4262,KN/86,21:39:00,21:40:00,stop
RØ,4262,KK/86,21:43:00,21:44:00,stop
RØ,4262,HGL/86,21:46:00,21:46:00,stop
RØ,4262,HL/86,21:49:00,21:50:00,stop
RØ,4262,KL/86,21:54:00,21:55:00,stop
RØ,4262,SÅ/86,21:59:00,22:00:00,stop
RØ,4262,VB/86,22:03:00,22:04:00,stop
RØ,4262,RU/86,22:07:00,22:08:00,stop
RØ,4262,OK/86,22:11:00,22:12:00,stop
RØ,4262,NI/86,22:15:00,22:16:00,stop
RØ,4262,HUM/86,22:19:00,22:20:00,stop
RØ,4262,GÆ/86,22:23:00,22:24:00,stop
RØ,4262,SQ/86,22:27:00,22:28:00,stop
RØ,4262,HG/86,22:32:00,00:00:00,stop
RØ,4266,RO/86,00:00:00,22:07:00,stop
RØ,4266,TRK/86,22:09:00,22:10:00,stop
RØ,4266,HH/86,22:13:00,22:14:00,stop
RØ,4266,HTÅ/86,22:18:00,22:19:00,stop
RØ,4266,GL/86,22:23:00,22:23:00,stop
RØ,4266,HIF/86,22:25:00,22:25:00,pass
RØ,4266,VAL/86,22:27:00,22:28:00,stop
RØ,4266,KH/86,22:34:00,22:37:00,stop
RØ,4266,KN/86,22:39:00,22:40:00,stop
RØ,4266,KK/86,22:43:00,22:44:00,stop
RØ,4266,HGL/86,22:46:00,22:46:00,stop
RØ,4266,HL/86,22:49:00,22:50:00,stop
RØ,4266,KL/86,22:54:00,22:55:00,stop
RØ,4266,SÅ/86,22:59:00,23:00:00,stop
RØ,4266,VB/86,23:03:00,23:04:00,stop
RØ,4266,RU/86,23:07:00,23:08:00,stop
RØ,4266,OK/86,23:11:00,23:12:00,stop
RØ,4266,NI/86,23:15:00,23:16:00,stop
RØ,4266,HUM/86,23:19:00,23:20:00,stop
RØ,4266,GÆ/86,23:23:00,23:24:00,stop
RØ,4266,SQ/86,23:27:00,23:28:00,stop
RØ,4266,HG/86,23:32:00,00:00:00,stop
RØ,4414,NÆ/86,00:00:00,08:06:00,stop
RØ,4414,NÆN/86,08:09:00,08:10:00,stop
RØ,4414,OL/86,08:14:00,08:15:00,stop
RØ,4414,HZ/86,08:21:00,08:22:00,stop
RØ,4414,TH/86,08:27:00,08:30:00,stop
RØ,4414,HF/86,08:34:00,08:35:00,stop
RØ,4414,KJ/86,08:39:00,08:45:00,stop
RØ,4414,ØLB/86,08:47:00,08:48:00,stop
RØ,4414,KJN/86,08:51:00,08:52:00,stop
RØ,4414,JSF/86,08:53:00,08:53:00,stop
RØ,4414,KIB/86,08:58:00,08:58:00,pass
RØ,4414,AVH/86,09:03:00,09:03:00,pass
RØ,4414,IG/86,09:06:00,09:06:00,pass
RØ,4414,NEL/86,09:06:20,09:07:20,stop
RØ,4414,GB/86,09:09:00,09:09:00,stop
RØ,4414,KH/86,09:13:00,09:16:00,stop
RØ,4414,KN/86,09:18:00,09:19:00,stop
RØ,4414,KK/86,09:22:00,00:00:00,stop
RØ,4418,NÆ/86,00:00:00,09:06:00,stop
RØ,4418,NÆN/86,09:09:00,09:10:00,stop
RØ,4418,OL/86,09:14:00,09:15:00,stop
RØ,4418,HZ/86,09:21:00,09:22:00,stop
RØ,4418,TH/86,09:27:00,09:30:00,stop
RØ,4418,HF/86,09:34:00,09:35:00,stop
RØ,4418,KJ/86,09:39:00,09:45:00,stop
RØ,4418,ØLB/86,09:47:00,09:48:00,stop
RØ,4418,KJN/86,09:51:00,09:52:00,stop
RØ,4418,JSF/86,09:53:00,09:53:00,stop
RØ,4418,KIB/86,09:58:00,09:58:00,pass
RØ,4418,AVH/86,10:03:00,10:03:00,pass
RØ,4418,IG/86,10:06:00,10:06:00,pass
RØ,4418,NEL/86,10:06:20,10:07:20,stop
RØ,4418,GB/86,10:09:00,10:09:00,stop
RØ,4418,KH/86,10:13:00,10:16:00,stop
RØ,4418,KN/86,10:18:00,10:19:00,stop
RØ,4418,KK/86,10:22:00,00:00:00,stop
RØ,4421,KH/86,00:00:00,05:47:00,stop
RØ,4421,GB/86,05:50:00,05:50:00,stop
RØ,4421,NEL/86,05:51:00,05:52:00,stop
RØ,4421,IG/86,05:53:00,05:53:00,stop
RØ,4421,AVH/86,05:55:00,05:55:00,pass
RØ,4421,KIB/86,06:00:00,06:00:00,pass
RØ,4421,JSF/86,06:05:00,06:05:00,pass
RØ,4421,KJN/86,06:06:00,06:07:00,stop
RØ,4421,ØLB/86,06:10:00,06:11:00,stop
RØ,4421,KJ/86,06:13:00,06:19:00,stop
RØ,4421,HF/86,06:23:00,06:24:00,stop
RØ,4421,TH/86,06:29:00,06:30:00,stop
RØ,4421,HZ/86,06:35:00,06:36:00,stop
RØ,4421,OL/86,06:42:00,06:44:00,stop
RØ,4421,NÆN/86,06:47:00,06:48:00,stop
RØ,4421,NÆ/86,06:52:00,00:00:00,stop
RØ,4422,NÆ/86,00:00:00,10:06:00,stop
RØ,4422,NÆN/86,10:09:00,10:10:00,stop
RØ,4422,OL/86,10:14:00,10:15:00,stop
RØ,4422,HZ/86,10:21:00,10:22:00,stop
RØ,4422,TH/86,10:27:00,10:30:00,stop
RØ,4422,HF/86,10:34:00,10:35:00,stop
RØ,4422,KJ/86,10:39:00,10:45:00,stop
RØ,4422,ØLB/86,10:47:00,10:48:00,stop
RØ,4422,KJN/86,10:51:00,10:52:00,stop
RØ,4422,JSF/86,10:53:00,10:53:00,stop
RØ,4422,KIB/86,10:58:00,10:58:00,pass
RØ,4422,AVH/86,11:03:00,11:03:00,pass
RØ,4422,IG/86,11:06:00,11:06:00,pass
RØ,4422,NEL/86,11:06:20,11:07:20,stop
RØ,4422,GB/86,11:09:00,11:09:00,stop
RØ,4422,KH/86,11:13:00,11:16:00,stop
RØ,4422,KN/86,11:18:00,11:19:00,stop
RØ,4422,KK/86,11:22:00,00:00:00,stop
RØ,4457,KK/86,00:00:00,14:38:00,stop
RØ,4457,KN/86,14:40:00,14:41:00,stop
RØ,4457,KH/86,14:44:00,14:47:00,stop
RØ,4457,GB/86,14:50:00,14:50:00,stop
RØ,4457,NEL/86,14:51:00,14:52:00,stop
RØ,4457,IG/86,14:53:00,14:53:00,stop
RØ,4457,AVH/86,14:55:00,14:55:00,pass
RØ,4457,KIB/86,15:00:00,15:00:00,pass
RØ,4457,JSF/86,15:05:00,15:05:00,pass
RØ,4457,KJN/86,15:06:00,15:07:00,stop
RØ,4457,ØLB/86,15:10:00,15:11:00,stop
RØ,4457,KJ/86,15:13:00,15:19:00,stop
RØ,4457,HF/86,15:23:00,15:24:00,stop
RØ,4457,TH/86,15:29:00,15:30:00,stop
RØ,4457,HZ/86,15:35:00,15:36:00,stop
RØ,4457,OL/86,15:42:00,15:44:00,stop
RØ,4457,NÆN/86,15:47:00,15:48:00,stop
RØ,4457,NÆ/86,15:52:00,00:00:00,stop
RØ,4504,HK/86,00:00:00,06:23:00,stop
RØ,4504,PE/86,06:27:00,06:28:00,stop
RØ,4504,TØ/86,06:33:00,06:34:00,stop
RØ,4504,HV/86,06:38:00,06:39:00,stop
RØ,4504,LJ/86,06:43:00,06:44:00,stop
RØ,4504,RO/86,06:50:00,06:52:00,stop
RØ,4504,TRK/86,06:54:00,06:55:00,stop
RØ,4504,HH/86,06:58:00,06:59:00,stop
RØ,4504,HTÅ/86,07:03:00,07:04:00,stop
RØ,4504,GL/86,07:09:00,07:09:00,stop
RØ,4504,HIF/86,07:10:00,07:10:00,pass
RØ,4504,VAL/86,07:13:00,07:14:00,stop
RØ,4504,KH/86,07:19:00,07:22:00,stop
RØ,4504,KN/86,07:24:00,07:25:00,stop
RØ,4504,KK/86,07:28:00,07:29:00,stop
RØ,4504,HGL/86,07:31:00,07:31:00,stop
RØ,4504,HL/86,07:34:00,07:35:00,stop
RØ,4504,KL/86,07:39:00,07:40:00,stop
RØ,4504,SÅ/86,07:44:00,07:45:00,stop
RØ,4504,VB/86,07:48:00,07:49:00,stop
RØ,4504,RU/86,07:52:00,07:53:00,stop
RØ,4504,OK/86,07:56:00,07:57:00,stop
RØ,4504,NI/86,08:00:00,08:01:00,stop
RØ,4504,HUM/86,08:04:00,08:05:00,stop
RØ,4504,GÆ/86,08:08:00,08:09:00,stop
RØ,4504,SQ/86,08:12:00,08:13:00,stop
RØ,4504,HG/86,08:17:00,00:00:00,stop
RØ,4508,HK/86,00:00:00,07:23:00,stop
RØ,4508,PE/86,07:27:00,07:28:00,stop
RØ,4508,TØ/86,07:33:00,07:34:00,stop
RØ,4508,HV/86,07:38:00,07:39:00,stop
RØ,4508,LJ/86,07:43:00,07:44:00,stop
RØ,4508,RO/86,07:50:00,07:52:00,stop
RØ,4508,TRK/86,07:54:00,07:55:00,stop
RØ,4508,HH/86,07:58:00,07:59:00,stop
RØ,4508,HTÅ/86,08:03:00,08:04:00,stop
RØ,4508,GL/86,08:09:00,08:09:00,stop
RØ,4508,HIF/86,08:10:00,08:10:00,pass
RØ,4508,VAL/86,08:13:00,08:14:00,stop
RØ,4508,KH/86,08:19:00,08:22:00,stop
RØ,4508,KN/86,08:24:00,08:25:00,stop
RØ,4508,KK/86,08:28:00,08:29:00,stop
RØ,4508,HGL/86,08:31:00,08:31:00,stop
RØ,4508,HL/86,08:34:00,08:35:00,stop
RØ,4508,KL/86,08:39:00,08:40:00,stop
RØ,4508,SÅ/86,08:44:00,08:45:00,stop
RØ,4508,VB/86,08:48:00,08:49:00,stop
RØ,4508,RU/86,08:52:00,08:53:00,stop
RØ,4508,OK/86,08:56:00,08:57:00,stop
RØ,4508,NI/86,09:00:00,09:01:00,stop
RØ,4508,HUM/86,09:04:00,09:05:00,stop
RØ,4508,GÆ/86,09:08:00,09:09:00,stop
RØ,4508,SQ/86,09:12:00,09:13:00,stop
RØ,4508,HG/86,09:17:00,00:00:00,stop
RØ,4512,HK/86,00:00:00,08:23:00,stop
RØ,4512,PE/86,08:27:00,08:28:00,stop
RØ,4512,TØ/86,08:33:00,08:34:00,stop
RØ,4512,HV/86,08:38:00,08:39:00,stop
RØ,4512,LJ/86,08:43:00,08:44:00,stop
RØ,4512,RO/86,08:50:00,08:52:00,stop
RØ,4512,TRK/86,08:54:00,08:55:00,stop
RØ,4512,HH/86,08:58:00,08:59:00,stop
RØ,4512,HTÅ/86,09:03:00,09:04:00,stop
RØ,4512,GL/86,09:09:00,09:09:00,stop
RØ,4512,HIF/86,09:10:00,09:10:00,pass
RØ,4512,VAL/86,09:13:00,09:14:00,stop
RØ,4512,KH/86,09:19:00,09:22:00,stop
RØ,4512,KN/86,09:24:00,09:25:00,stop
RØ,4512,KK/86,09:28:00,09:29:00,stop
RØ,4512,HGL/86,09:31:00,09:31:00,stop
RØ,4512,HL/86,09:34:00,09:35:00,stop
RØ,4512,KL/86,09:39:00,09:40:00,stop
RØ,4512,SÅ/86,09:44:00,09:45:00,stop
RØ,4512,VB/86,09:48:00,09:49:00,stop
RØ,4512,RU/86,09:52:00,09:53:00,stop
RØ,4512,OK/86,09:56:00,09:57:00,stop
RØ,4512,NI/86,10:00:00,10:01:00,stop
RØ,4512,HUM/86,10:04:00,10:05:00,stop
RØ,4512,GÆ/86,10:08:00,10:09:00,stop
RØ,4512,SQ/86,10:12:00,10:13:00,stop
RØ,4512,HG/86,10:17:00,00:00:00,stop
RØ,4520,HK/86,00:00:00,10:23:00,stop
RØ,4520,PE/86,10:27:00,10:28:00,stop
RØ,4520,TØ/86,10:33:00,10:34:00,stop
RØ,4520,HV/86,10:38:00,10:39:00,stop
RØ,4520,LJ/86,10:43:00,10:44:00,stop
RØ,4520,RO/86,10:50:00,10:52:00,stop
RØ,4520,TRK/86,10:54:00,10:55:00,stop
RØ,4520,HH/86,10:58:00,10:59:00,stop
RØ,4520,HTÅ/86,11:03:00,11:04:00,stop
RØ,4520,GL/86,11:09:00,11:09:00,stop
RØ,4520,HIF/86,11:10:00,11:10:00,pass
RØ,4520,VAL/86,11:13:00,11:14:00,stop
RØ,4520,KH/86,11:19:00,11:22:00,stop
RØ,4520,KN/86,11:24:00,11:25:00,stop
RØ,4520,KK/86,11:28:00,11:29:00,stop
RØ,4520,HGL/86,11:31:00,11:31:00,stop
RØ,4520,HL/86,11:34:00,11:35:00,stop
RØ,4520,KL/86,11:39:00,11:40:00,stop
RØ,4520,SÅ/86,11:44:00,11:45:00,stop
RØ,4520,VB/86,11:48:00,11:49:00,stop
RØ,4520,RU/86,11:52:00,11:53:00,stop
RØ,4520,OK/86,11:56:00,11:57:00,stop
RØ,4520,NI/86,12:00:00,12:01:00,stop
RØ,4520,HUM/86,12:04:00,12:05:00,stop
RØ,4520,GÆ/86,12:08:00,12:09:00,stop
RØ,4520,SQ/86,12:12:00,12:13:00,stop
RØ,4520,HG/86,12:17:00,00:00:00,stop
RØ,4521,KK/86,00:00:00,05:32:00,stop
RØ,4521,KN/86,05:34:00,05:35:00,stop
RØ,4521,KH/86,05:38:00,05:42:00,stop
RØ,4521,VAL/86,05:45:00,05:46:00,stop
RØ,4521,HIF/86,05:49:00,05:49:00,stop
RØ,4521,GL/86,05:50:00,05:50:00,pass
RØ,4521,HTÅ/86,05:55:00,05:56:00,stop
RØ,4521,HH/86,06:00:00,06:01:00,stop
RØ,4521,TRK/86,06:04:00,06:05:00,stop
RØ,4521,RO/86,06:08:00,06:09:00,stop
RØ,4521,LJ/86,06:15:00,06:16:00,stop
RØ,4521,HV/86,06:21:00,06:22:00,stop
RØ,4521,TØ/86,06:26:00,06:27:00,stop
RØ,4521,PE/86,06:31:00,06:32:00,stop
RØ,4521,HK/86,06:37:00,00:00:00,stop
RØ,4524,HK/86,00:00:00,11:23:00,stop
RØ,4524,PE/86,11:27:00,11:28:00,stop
RØ,4524,TØ/86,11:33:00,11:34:00,stop
RØ,4524,HV/86,11:38:00,11:39:00,stop
RØ,4524,LJ/86,11:43:00,11:44:00,stop
RØ,4524,RO/86,11:50:00,11:52:00,stop
RØ,4524,TRK/86,11:54:00,11:55:00,stop
RØ,4524,HH/86,11:58:00,11:59:00,stop
RØ,4524,HTÅ/86,12:03:00,12:04:00,stop
RØ,4524,GL/86,12:09:00,12:09:00,stop
RØ,4524,HIF/86,12:10:00,12:10:00,pass
RØ,4524,VAL/86,12:13:00,12:14:00,stop
RØ,4524,KH/86,12:19:00,12:22:00,stop
RØ,4524,KN/86,12:24:00,12:25:00,stop
RØ,4524,KK/86,12:28:00,12:29:00,stop
RØ,4524,HGL/86,12:31:00,12:31:00,stop
RØ,4524,HL/86,12:34:00,12:35:00,stop
RØ,4524,KL/86,12:39:00,12:40:00,stop
RØ,4524,SÅ/86,12:44:00,12:45:00,stop
RØ,4524,VB/86,12:48:00,12:49:00,stop
RØ,4524,RU/86,12:52:00,12:53:00,stop
RØ,4524,OK/86,12:56:00,12:57:00,stop
RØ,4524,NI/86,13:00:00,13:01:00,stop
RØ,4524,HUM/86,13:04:00,13:05:00,stop
RØ,4524,GÆ/86,13:08:00,13:09:00,stop
RØ,4524,SQ/86,13:12:00,13:13:00,stop
RØ,4524,HG/86,13:17:00,00:00:00,stop
RØ,4525,HG/86,00:00:00,05:43:00,stop
RØ,4525,SQ/86,05:46:00,05:47:00,stop
RØ,4525,GÆ/86,05:49:00,05:50:00,stop
RØ,4525,HUM/86,05:53:00,05:54:00,stop
RØ,4525,NI/86,05:57:00,05:58:00,stop
RØ,4525,OK/86,06:02:00,06:03:00,stop
RØ,4525,RU/86,06:05:00,06:06:00,stop
RØ,4525,VB/86,06:09:00,06:10:00,stop
RØ,4525,SÅ/86,06:13:00,06:14:00,stop
RØ,4525,KL/86,06:18:00,06:19:00,stop
RØ,4525,HL/86,06:24:00,06:25:00,stop
RØ,4525,HGL/86,06:27:00,06:27:00,stop
RØ,4525,KK/86,06:30:00,06:32:00,stop
RØ,4525,KN/86,06:34:00,06:35:00,stop
RØ,4525,KH/86,06:38:00,06:42:00,stop
RØ,4525,VAL/86,06:45:00,06:46:00,stop
RØ,4525,HIF/86,06:49:00,06:49:00,stop
RØ,4525,GL/86,06:50:00,06:50:00,pass
RØ,4525,HTÅ/86,06:55:00,06:56:00,stop
RØ,4525,HH/86,07:00:00,07:01:00,stop
RØ,4525,TRK/86,07:04:00,07:05:00,stop
RØ,4525,RO/86,07:08:00,07:09:00,stop
RØ,4525,LJ/86,07:15:00,07:16:00,stop
RØ,4525,HV/86,07:21:00,07:22:00,stop
RØ,4525,TØ/86,07:26:00,07:27:00,stop
RØ,4525,PE/86,07:31:00,07:32:00,stop
RØ,4525,HK/86,07:37:00,00:00:00,stop
RØ,4528,HK/86,00:00:00,12:23:00,stop
RØ,4528,PE/86,12:27:00,12:28:00,stop
RØ,4528,TØ/86,12:33:00,12:34:00,stop
RØ,4528,HV/86,12:38:00,12:39:00,stop
RØ,4528,LJ/86,12:43:00,12:44:00,stop
RØ,4528,RO/86,12:50:00,12:52:00,stop
RØ,4528,TRK/86,12:54:00,12:55:00,stop
RØ,4528,HH/86,12:58:00,12:59:00,stop
RØ,4528,HTÅ/86,13:03:00,13:04:00,stop
RØ,4528,GL/86,13:09:00,13:09:00,stop
RØ,4528,HIF/86,13:10:00,13:10:00,pass
RØ,4528,VAL/86,13:13:00,13:14:00,stop
RØ,4528,KH/86,13:19:00,13:22:00,stop
RØ,4528,KN/86,13:24:00,13:25:00,stop
RØ,4528,KK/86,13:28:00,13:29:00,stop
RØ,4528,HGL/86,13:31:00,13:31:00,stop
RØ,4528,HL/86,13:34:00,13:35:00,stop
RØ,4528,KL/86,13:39:00,13:40:00,stop
RØ,4528,SÅ/86,13:44:00,13:45:00,stop
RØ,4528,VB/86,13:48:00,13:49:00,stop
RØ,4528,RU/86,13:52:00,13:53:00,stop
RØ,4528,OK/86,13:56:00,13:57:00,stop
RØ,4528,NI/86,14:00:00,14:01:00,stop
RØ,4528,HUM/86,14:04:00,14:05:00,stop
RØ,4528,GÆ/86,14:08:00,14:09:00,stop
RØ,4528,SQ/86,14:12:00,14:13:00,stop
RØ,4528,HG/86,14:17:00,00:00:00,stop
RØ,4532,HK/86,00:00:00,13:23:00,stop
RØ,4532,PE/86,13:27:00,13:28:00,stop
RØ,4532,TØ/86,13:33:00,13:34:00,stop
RØ,4532,HV/86,13:38:00,13:39:00,stop
RØ,4532,LJ/86,13:43:00,13:44:00,stop
RØ,4532,RO/86,13:50:00,13:52:00,stop
RØ,4532,TRK/86,13:54:00,13:55:00,stop
RØ,4532,HH/86,13:58:00,13:59:00,stop
RØ,4532,HTÅ/86,14:03:00,14:04:00,stop
RØ,4532,GL/86,14:09:00,14:09:00,stop
RØ,4532,HIF/86,14:10:00,14:10:00,pass
RØ,4532,VAL/86,14:13:00,14:14:00,stop
RØ,4532,KH/86,14:19:00,14:22:00,stop
RØ,4532,KN/86,14:24:00,14:25:00,stop
RØ,4532,KK/86,14:28:00,14:29:00,stop
RØ,4532,HGL/86,14:31:00,14:31:00,stop
RØ,4532,HL/86,14:34:00,14:35:00,stop
RØ,4532,KL/86,14:39:00,14:40:00,stop
RØ,4532,SÅ/86,14:44:00,14:45:00,stop
RØ,4532,VB/86,14:48:00,14:49:00,stop
RØ,4532,RU/86,14:52:00,14:53:00,stop
RØ,4532,OK/86,14:56:00,14:57:00,stop
RØ,4532,NI/86,15:00:00,15:01:00,stop
RØ,4532,HUM/86,15:04:00,15:05:00,stop
RØ,4532,GÆ/86,15:08:00,15:09:00,stop
RØ,4532,SQ/86,15:12:00,15:13:00,stop
RØ,4532,HG/86,15:17:00,00:00:00,stop
RØ,4557,HG/86,00:00:00,13:43:00,stop
RØ,4557,SQ/86,13:46:00,13:47:00,stop
RØ,4557,GÆ/86,13:49:00,13:50:00,stop
RØ,4557,HUM/86,13:53:00,13:54:00,stop
RØ,4557,NI/86,13:57:00,13:58:00,stop
RØ,4557,OK/86,14:02:00,14:03:00,stop
RØ,4557,RU/86,14:05:00,14:06:00,stop
RØ,4557,VB/86,14:09:00,14:10:00,stop
RØ,4557,SÅ/86,14:13:00,14:14:00,stop
RØ,4557,KL/86,14:18:00,14:19:00,stop
RØ,4557,HL/86,14:24:00,14:25:00,stop
RØ,4557,HGL/86,14:27:00,14:27:00,stop
RØ,4557,KK/86,14:30:00,14:32:00,stop
RØ,4557,KN/86,14:34:00,14:35:00,stop
RØ,4557,KH/86,14:38:00,14:42:00,stop
RØ,4557,VAL/86,14:45:00,14:46:00,stop
RØ,4557,HIF/86,14:49:00,14:49:00,stop
RØ,4557,GL/86,14:50:00,14:50:00,pass
RØ,4557,HTÅ/86,14:55:00,14:56:00,stop
RØ,4557,HH/86,15:00:00,15:01:00,stop
RØ,4557,TRK/86,15:04:00,15:05:00,stop
RØ,4557,RO/86,15:08:00,15:09:00,stop
RØ,4557,LJ/86,15:15:00,15:16:00,stop
RØ,4557,HV/86,15:21:00,15:22:00,stop
RØ,4557,TØ/86,15:26:00,15:27:00,stop
RØ,4557,PE/86,15:31:00,15:32:00,stop
RØ,4557,HK/86,15:37:00,00:00:00,stop
RØ,4561,HG/86,00:00:00,14:43:00,stop
RØ,4561,SQ/86,14:46:00,14:47:00,stop
RØ,4561,GÆ/86,14:49:00,14:50:00,stop
RØ,4561,HUM/86,14:53:00,14:54:00,stop
RØ,4561,NI/86,14:57:00,14:58:00,stop
RØ,4561,OK/86,15:02:00,15:03:00,stop
RØ,4561,RU/86,15:05:00,15:06:00,stop
RØ,4561,VB/86,15:09:00,15:10:00,stop
RØ,4561,SÅ/86,15:13:00,15:14:00,stop
RØ,4561,KL/86,15:18:00,15:19:00,stop
RØ,4561,HL/86,15:24:00,15:25:00,stop
RØ,4561,HGL/86,15:27:00,15:27:00,stop
RØ,4561,KK/86,15:30:00,15:32:00,stop
RØ,4561,KN/86,15:34:00,15:35:00,stop
RØ,4561,KH/86,15:38:00,15:42:00,stop
RØ,4561,VAL/86,15:45:00,15:46:00,stop
RØ,4561,HIF/86,15:49:00,15:49:00,stop
RØ,4561,GL/86,15:50:00,15:50:00,pass
RØ,4561,HTÅ/86,15:55:00,15:56:00,stop
RØ,4561,HH/86,16:00:00,16:01:00,stop
RØ,4561,TRK/86,16:04:00,16:05:00,stop
RØ,4561,RO/86,16:08:00,16:09:00,stop
RØ,4561,LJ/86,16:15:00,16:16:00,stop
RØ,4561,HV/86,16:21:00,16:22:00,stop
RØ,4561,TØ/86,16:26:00,16:27:00,stop
RØ,4561,PE/86,16:31:00,16:32:00,stop
RØ,4561,HK/86,16:37:00,00:00:00,stop
RØ,4565,HG/86,00:00:00,15:43:00,stop
RØ,4565,SQ/86,15:46:00,15:47:00,stop
RØ,4565,GÆ/86,15:49:00,15:50:00,stop
RØ,4565,HUM/86,15:53:00,15:54:00,stop
RØ,4565,NI/86,15:57:00,15:58:00,stop
RØ,4565,OK/86,16:02:00,16:03:00,stop
RØ,4565,RU/86,16:05:00,16:06:00,stop
RØ,4565,VB/86,16:09:00,16:10:00,stop
RØ,4565,SÅ/86,16:13:00,16:14:00,stop
RØ,4565,KL/86,16:18:00,16:19:00,stop
RØ,4565,HL/86,16:24:00,16:25:00,stop
RØ,4565,HGL/86,16:27:00,16:27:00,stop
RØ,4565,KK/86,16:30:00,16:32:00,stop
RØ,4565,KN/86,16:34:00,16:35:00,stop
RØ,4565,KH/86,16:38:00,16:42:00,stop
RØ,4565,VAL/86,16:45:00,16:46:00,stop
RØ,4565,HIF/86,16:49:00,16:49:00,stop
RØ,4565,GL/86,16:50:00,16:50:00,pass
RØ,4565,HTÅ/86,16:55:00,16:56:00,stop
RØ,4565,HH/86,17:00:00,17:01:00,stop
RØ,4565,TRK/86,17:04:00,17:05:00,stop
RØ,4565,RO/86,17:08:00,17:09:00,stop
RØ,4565,LJ/86,17:15:00,17:16:00,stop
RØ,4565,HV/86,17:21:00,17:22:00,stop
RØ,4565,TØ/86,17:26:00,17:27:00,stop
RØ,4565,PE/86,17:31:00,17:32:00,stop
RØ,4565,HK/86,17:37:00,00:00:00,stop
RØ,1232,NF/86,00:00:00,12:38:00,stop
RØ,1232,TN/86,12:41:00,12:41:00,stop
RØ,1232,EK/86,12:42:00,12:42:00,pass
RØ,1232,NV/86,12:44:00,12:44:00,pass
RØ,1232,OH/86,12:46:00,12:46:00,pass
RØ,1232,MN/86,12:50:00,12:50:00,pass
RØ,1232,VO/86,12:53:00,12:55:00,stop
RØ,1232,LU/86,13:00:00,13:00:00,stop
RØ,1232,MOG/86,13:04:00,13:04:00,pass
RØ,1232,NÆ/86,13:07:00,13:10:00,stop
RØ,1232,GZ/86,13:16:00,13:16:00,stop
RØ,1232,RG/86,13:22:00,13:23:00,stop
RØ,1232,ADA/86,13:27:00,13:27:00,stop
RØ,1232,BJS/86,13:31:00,13:31:00,pass
RØ,1232,LEL/86,13:33:00,13:33:00,pass
RØ,1232,KJN/86,13:35:00,13:35:00,pass
RØ,1232,JSF/86,13:35:20,13:35:20,pass
RØ,1232,KIB/86,13:40:00,13:40:00,pass
RØ,1232,AVH/86,13:44:00,13:44:00,pass
RØ,1232,IG/86,13:46:00,13:46:00,pass
RØ,1232,NEL/86,13:47:00,13:49:00,stop
RØ,1232,GB/86,13:50:00,13:50:00,stop
RØ,1232,KH/86,13:55:00,00:00:00,stop
RØ,2270,NÆ/86,00:00:00,22:45:00,stop
RØ,2270,GZ/86,22:53:00,22:54:00,stop
RØ,2270,RG/86,23:00:00,23:01:00,stop
RØ,2270,KY/86,23:05:00,23:05:00,stop
RØ,2270,BO/86,23:09:00,23:10:00,stop
RØ,2270,VY/86,23:14:00,23:15:00,stop
RØ,2270,RO/86,23:22:00,23:23:00,stop
RØ,2270,TRK/86,23:26:00,23:27:00,stop
RØ,2270,HH/86,23:30:00,23:31:00,stop
RØ,2270,HTÅ/86,23:34:00,23:36:00,stop
RØ,2270,GL/86,23:40:00,23:40:00,stop
RØ,2270,HIF/86,23:42:00,23:42:00,pass
RØ,2270,VAL/86,23:44:00,23:45:00,stop
RØ,2270,KH/86,23:50:00,00:00:00,stop
RØ,2538,HK/86,00:00:00,14:53:00,stop
RØ,2538,PE/86,14:57:00,14:58:00,stop
RØ,2538,TØ/86,15:03:00,15:04:00,stop
RØ,2538,HV/86,15:08:00,15:09:00,stop
RØ,2538,LJ/86,15:13:00,15:14:00,stop
RØ,2538,RO/86,15:20:00,15:22:00,stop
RØ,2538,TRK/86,15:24:00,15:25:00,stop
RØ,2538,HH/86,15:28:00,15:29:00,stop
RØ,2538,HTÅ/86,15:33:00,15:34:00,stop
RØ,2538,GL/86,15:39:00,15:39:00,stop
RØ,2538,HIF/86,15:40:00,15:40:00,pass
RØ,2538,VAL/86,15:43:00,15:44:00,stop
RØ,2538,KH/86,15:49:00,15:52:00,stop
RØ,2538,KN/86,15:54:00,15:55:00,stop
RØ,2538,KK/86,15:58:00,15:59:00,stop
RØ,2538,HGL/86,16:01:00,16:01:00,stop
RØ,2538,HL/86,16:04:00,16:05:00,stop
RØ,2538,KL/86,16:09:00,16:10:00,stop
RØ,2538,SÅ/86,16:14:00,16:15:00,stop
RØ,2538,VB/86,16:18:00,16:19:00,stop
RØ,2538,RU/86,16:22:00,16:23:00,stop
RØ,2538,OK/86,16:26:00,16:27:00,stop
RØ,2538,NI/86,16:30:00,16:31:00,stop
RØ,2538,HUM/86,16:34:00,16:35:00,stop
RØ,2538,GÆ/86,16:38:00,16:39:00,stop
RØ,2538,SQ/86,16:42:00,16:43:00,stop
RØ,2538,HG/86,16:47:00,00:00:00,stop
RØ,2542,HK/86,00:00:00,15:53:00,stop
RØ,2542,PE/86,15:57:00,15:58:00,stop
RØ,2542,TØ/86,16:03:00,16:04:00,stop
RØ,2542,HV/86,16:08:00,16:09:00,stop
RØ,2542,LJ/86,16:13:00,16:14:00,stop
RØ,2542,RO/86,16:20:00,16:22:00,stop
RØ,2542,TRK/86,16:24:00,16:25:00,stop
RØ,2542,HH/86,16:28:00,16:29:00,stop
RØ,2542,HTÅ/86,16:33:00,16:34:00,stop
RØ,2542,GL/86,16:39:00,16:39:00,stop
RØ,2542,HIF/86,16:40:00,16:40:00,pass
RØ,2542,VAL/86,16:43:00,16:44:00,stop
RØ,2542,KH/86,16:49:00,16:52:00,stop
RØ,2542,KN/86,16:54:00,16:55:00,stop
RØ,2542,KK/86,16:58:00,16:59:00,stop
RØ,2542,HGL/86,17:01:00,17:01:00,stop
RØ,2542,HL/86,17:04:00,17:05:00,stop
RØ,2542,KL/86,17:09:00,17:10:00,stop
RØ,2542,SÅ/86,17:14:00,17:15:00,stop
RØ,2542,VB/86,17:18:00,17:19:00,stop
RØ,2542,RU/86,17:22:00,17:23:00,stop
RØ,2542,OK/86,17:26:00,17:27:00,stop
RØ,2542,NI/86,17:30:00,17:31:00,stop
RØ,2542,HUM/86,17:34:00,17:35:00,stop
RØ,2542,GÆ/86,17:38:00,17:39:00,stop
RØ,2542,SQ/86,17:42:00,17:43:00,stop
RØ,2542,HG/86,17:47:00,00:00:00,stop
RØ,1233,KH/86,00:00:00,09:08:00,stop
RØ,1233,GB/86,09:11:00,09:11:00,stop
RØ,1233,NEL/86,09:12:00,09:13:00,stop
RØ,1233,IG/86,09:14:00,09:14:00,stop
RØ,1233,AVH/86,09:16:00,09:16:00,pass
RØ,1233,KIB/86,09:21:00,09:21:00,pass
RØ,1233,JSF/86,09:25:00,09:25:00,pass
RØ,1233,KJN/86,09:26:00,09:26:00,pass
RØ,1233,LEL/86,09:27:00,09:27:00,pass
RØ,1233,BJS/86,09:30:00,09:30:00,pass
RØ,1233,ADA/86,09:34:00,09:34:00,pass
RØ,1233,RG/86,09:37:00,09:39:00,stop
RØ,1233,GZ/86,09:44:00,09:44:00,stop
RØ,1233,NÆ/86,09:51:00,09:53:00,stop
RØ,1233,MOG/86,09:56:00,09:56:00,stop
RØ,1233,LU/86,10:00:00,10:00:00,pass
RØ,1233,VO/86,10:05:00,10:07:00,stop
RØ,1233,MN/86,10:10:00,10:10:00,stop
RØ,1233,OH/86,10:14:00,10:14:00,pass
RØ,1233,NV/86,10:17:00,10:17:00,pass
RØ,1233,EK/86,10:18:00,10:18:00,pass
RØ,1233,TN/86,10:20:00,10:20:00,pass
RØ,1233,NF/86,10:23:00,00:00:00,stop
RØ,1237,KH/86,00:00:00,10:08:00,stop
RØ,1237,GB/86,10:11:00,10:11:00,stop
RØ,1237,NEL/86,10:12:00,10:13:00,stop
RØ,1237,IG/86,10:14:00,10:14:00,stop
RØ,1237,AVH/86,10:16:00,10:16:00,pass
RØ,1237,KIB/86,10:21:00,10:21:00,pass
RØ,1237,JSF/86,10:25:00,10:25:00,pass
RØ,1237,KJN/86,10:26:00,10:26:00,pass
RØ,1237,LEL/86,10:27:00,10:27:00,pass
RØ,1237,BJS/86,10:30:00,10:30:00,pass
RØ,1237,ADA/86,10:34:00,10:34:00,pass
RØ,1237,RG/86,10:37:00,10:39:00,stop
RØ,1237,GZ/86,10:44:00,10:44:00,stop
RØ,1237,NÆ/86,10:51:00,10:53:00,stop
RØ,1237,MOG/86,10:56:00,10:56:00,stop
RØ,1237,LU/86,11:00:00,11:00:00,pass
RØ,1237,VO/86,11:05:00,11:07:00,stop
RØ,1237,MN/86,11:10:00,11:10:00,stop
RØ,1237,OH/86,11:14:00,11:14:00,pass
RØ,1237,NV/86,11:17:00,11:17:00,pass
RØ,1237,EK/86,11:18:00,11:18:00,pass
RØ,1237,TN/86,11:20:00,11:20:00,pass
RØ,1237,NF/86,11:23:00,00:00:00,stop
RØ,1244,NF/86,00:00:00,15:38:00,stop
RØ,1244,TN/86,15:41:00,15:41:00,stop
RØ,1244,EK/86,15:42:00,15:42:00,pass
RØ,1244,NV/86,15:44:00,15:44:00,pass
RØ,1244,OH/86,15:46:00,15:46:00,pass
RØ,1244,MN/86,15:50:00,15:50:00,pass
RØ,1244,VO/86,15:53:00,15:55:00,stop
RØ,1244,LU/86,16:00:00,16:00:00,stop
RØ,1244,MOG/86,16:04:00,16:04:00,pass
RØ,1244,NÆ/86,16:07:00,16:10:00,stop
RØ,1244,GZ/86,16:16:00,16:16:00,stop
RØ,1244,RG/86,16:22:00,16:23:00,stop
RØ,1244,ADA/86,16:27:00,16:27:00,stop
RØ,1244,BJS/86,16:31:00,16:31:00,pass
RØ,1244,LEL/86,16:33:00,16:33:00,pass
RØ,1244,KJN/86,16:35:00,16:35:00,pass
RØ,1244,JSF/86,16:35:20,16:35:20,pass
RØ,1244,KIB/86,16:40:00,16:40:00,pass
RØ,1244,AVH/86,16:44:00,16:44:00,pass
RØ,1244,IG/86,16:46:00,16:46:00,pass
RØ,1244,NEL/86,16:47:00,16:49:00,stop
RØ,1244,GB/86,16:50:00,16:50:00,stop
RØ,1244,KH/86,16:55:00,00:00:00,stop
RØ,1245,KH/86,00:00:00,12:08:00,stop
RØ,1245,GB/86,12:11:00,12:11:00,stop
RØ,1245,NEL/86,12:12:00,12:13:00,stop
RØ,1245,IG/86,12:14:00,12:14:00,stop
RØ,1245,AVH/86,12:16:00,12:16:00,pass
RØ,1245,KIB/86,12:21:00,12:21:00,pass
RØ,1245,JSF/86,12:25:00,12:25:00,pass
RØ,1245,KJN/86,12:26:00,12:26:00,pass
RØ,1245,LEL/86,12:27:00,12:27:00,pass
RØ,1245,BJS/86,12:30:00,12:30:00,pass
RØ,1245,ADA/86,12:34:00,12:34:00,pass
RØ,1245,RG/86,12:37:00,12:39:00,stop
RØ,1245,GZ/86,12:44:00,12:44:00,stop
RØ,1245,NÆ/86,12:51:00,12:53:00,stop
RØ,1245,MOG/86,12:56:00,12:56:00,stop
RØ,1245,LU/86,13:00:00,13:00:00,pass
RØ,1245,VO/86,13:05:00,13:07:00,stop
RØ,1245,MN/86,13:10:00,13:10:00,stop
RØ,1245,OH/86,13:14:00,13:14:00,pass
RØ,1245,NV/86,13:17:00,13:17:00,pass
RØ,1245,EK/86,13:18:00,13:18:00,pass
RØ,1245,TN/86,13:20:00,13:20:00,pass
RØ,1245,NF/86,13:23:00,00:00:00,stop
RØ,1248,NF/86,00:00:00,16:38:00,stop
RØ,1248,TN/86,16:41:00,16:41:00,stop
RØ,1248,EK/86,16:42:00,16:42:00,pass
RØ,1248,NV/86,16:44:00,16:44:00,pass
RØ,1248,OH/86,16:46:00,16:46:00,pass
RØ,1248,MN/86,16:50:00,16:50:00,pass
RØ,1248,VO/86,16:53:00,16:55:00,stop
RØ,1248,LU/86,17:00:00,17:00:00,stop
RØ,1248,MOG/86,17:04:00,17:04:00,pass
RØ,1248,NÆ/86,17:07:00,17:10:00,stop
RØ,1248,GZ/86,17:16:00,17:16:00,stop
RØ,1248,RG/86,17:22:00,17:23:00,stop
RØ,1248,ADA/86,17:27:00,17:27:00,stop
RØ,1248,BJS/86,17:31:00,17:31:00,pass
RØ,1248,LEL/86,17:33:00,17:33:00,pass
RØ,1248,KJN/86,17:35:00,17:35:00,pass
RØ,1248,JSF/86,17:35:20,17:35:20,pass
RØ,1248,KIB/86,17:40:00,17:40:00,pass
RØ,1248,AVH/86,17:44:00,17:44:00,pass
RØ,1248,IG/86,17:46:00,17:46:00,pass
RØ,1248,NEL/86,17:47:00,17:49:00,stop
RØ,1248,GB/86,17:50:00,17:50:00,stop
RØ,1248,KH/86,17:55:00,00:00:00,stop
RØ,1249,KH/86,00:00:00,13:08:00,stop
RØ,1249,GB/86,13:11:00,13:11:00,stop
RØ,1249,NEL/86,13:12:00,13:13:00,stop
RØ,1249,IG/86,13:14:00,13:14:00,stop
RØ,1249,AVH/86,13:16:00,13:16:00,pass
RØ,1249,KIB/86,13:21:00,13:21:00,pass
RØ,1249,JSF/86,13:25:00,13:25:00,pass
RØ,1249,KJN/86,13:26:00,13:26:00,pass
RØ,1249,LEL/86,13:27:00,13:27:00,pass
RØ,1249,BJS/86,13:30:00,13:30:00,pass
RØ,1249,ADA/86,13:34:00,13:34:00,pass
RØ,1249,RG/86,13:37:00,13:39:00,stop
RØ,1249,GZ/86,13:44:00,13:44:00,stop
RØ,1249,NÆ/86,13:51:00,13:53:00,stop
RØ,1249,MOG/86,13:56:00,13:56:00,stop
RØ,1249,LU/86,14:00:00,14:00:00,pass
RØ,1249,VO/86,14:05:00,14:07:00,stop
RØ,1249,MN/86,14:10:00,14:10:00,stop
RØ,1249,OH/86,14:14:00,14:14:00,pass
RØ,1249,NV/86,14:17:00,14:17:00,pass
RØ,1249,EK/86,14:18:00,14:18:00,pass
RØ,1249,TN/86,14:20:00,14:20:00,pass
RØ,1249,NF/86,14:23:00,00:00:00,stop
RØ,1252,NF/86,00:00:00,17:38:00,stop
RØ,1252,TN/86,17:41:00,17:41:00,stop
RØ,1252,EK/86,17:42:00,17:42:00,pass
RØ,1252,NV/86,17:44:00,17:44:00,pass
RØ,1252,OH/86,17:46:00,17:46:00,pass
RØ,1252,MN/86,17:50:00,17:50:00,pass
RØ,1252,VO/86,17:53:00,17:55:00,stop
RØ,1252,LU/86,18:00:00,18:00:00,stop
RØ,1252,MOG/86,18:04:00,18:04:00,pass
RØ,1252,NÆ/86,18:07:00,18:10:00,stop
RØ,1252,GZ/86,18:16:00,18:16:00,stop
RØ,1252,RG/86,18:22:00,18:23:00,stop
RØ,1252,ADA/86,18:27:00,18:27:00,stop
RØ,1252,BJS/86,18:31:00,18:31:00,pass
RØ,1252,LEL/86,18:33:00,18:33:00,pass
RØ,1252,KJN/86,18:35:00,18:35:00,pass
RØ,1252,JSF/86,18:35:20,18:35:20,pass
RØ,1252,KIB/86,18:40:00,18:40:00,pass
RØ,1252,AVH/86,18:44:00,18:44:00,pass
RØ,1252,IG/86,18:46:00,18:46:00,pass
RØ,1252,NEL/86,18:47:00,18:49:00,stop
RØ,1252,GB/86,18:50:00,18:50:00,stop
RØ,1252,KH/86,18:55:00,00:00:00,stop
RØ,1253,KH/86,00:00:00,14:08:00,stop
RØ,1253,GB/86,14:11:00,14:11:00,stop
RØ,1253,NEL/86,14:12:00,14:13:00,stop
RØ,1253,IG/86,14:14:00,14:14:00,stop
RØ,1253,AVH/86,14:16:00,14:16:00,pass
RØ,1253,KIB/86,14:21:00,14:21:00,pass
RØ,1253,JSF/86,14:25:00,14:25:00,pass
RØ,1253,KJN/86,14:26:00,14:26:00,pass
RØ,1253,LEL/86,14:27:00,14:27:00,pass
RØ,1253,BJS/86,14:30:00,14:30:00,pass
RØ,1253,ADA/86,14:34:00,14:34:00,pass
RØ,1253,RG/86,14:37:00,14:39:00,stop
RØ,1253,GZ/86,14:44:00,14:44:00,stop
RØ,1253,NÆ/86,14:51:00,14:53:00,stop
RØ,1253,MOG/86,14:56:00,14:56:00,stop
RØ,1253,LU/86,15:00:00,15:00:00,pass
RØ,1253,VO/86,15:05:00,15:07:00,stop
RØ,1253,MN/86,15:10:00,15:10:00,stop
RØ,1253,OH/86,15:14:00,15:14:00,pass
RØ,1253,NV/86,15:17:00,15:17:00,pass
RØ,1253,EK/86,15:18:00,15:18:00,pass
RØ,1253,TN/86,15:20:00,15:20:00,pass
RØ,1253,NF/86,15:23:00,00:00:00,stop
RØ,1260,NF/86,00:00:00,19:38:00,stop
RØ,1260,TN/86,19:41:00,19:41:00,stop
RØ,1260,EK/86,19:42:00,19:42:00,pass
RØ,1260,NV/86,19:44:00,19:44:00,pass
RØ,1260,OH/86,19:46:00,19:46:00,pass
RØ,1260,MN/86,19:50:00,19:50:00,pass
RØ,1260,VO/86,19:53:00,19:55:00,stop
RØ,1260,LU/86,20:00:00,20:00:00,stop
RØ,1260,MOG/86,20:04:00,20:04:00,pass
RØ,1260,NÆ/86,20:07:00,20:10:00,stop
RØ,1260,GZ/86,20:16:00,20:16:00,stop
RØ,1260,RG/86,20:22:00,20:23:00,stop
RØ,1260,ADA/86,20:27:00,20:27:00,stop
RØ,1260,BJS/86,20:31:00,20:31:00,pass
RØ,1260,LEL/86,20:33:00,20:33:00,pass
RØ,1260,KJN/86,20:35:00,20:35:00,pass
RØ,1260,JSF/86,20:35:20,20:35:20,pass
RØ,1260,KIB/86,20:40:00,20:40:00,pass
RØ,1260,AVH/86,20:44:00,20:44:00,pass
RØ,1260,IG/86,20:46:00,20:46:00,pass
RØ,1260,NEL/86,20:47:00,20:49:00,stop
RØ,1260,GB/86,20:50:00,20:50:00,stop
RØ,1260,KH/86,20:55:00,00:00:00,stop
RØ,1261,KH/86,00:00:00,16:08:00,stop
RØ,1261,GB/86,16:11:00,16:11:00,stop
RØ,1261,NEL/86,16:12:00,16:13:00,stop
RØ,1261,IG/86,16:14:00,16:14:00,stop
RØ,1261,AVH/86,16:16:00,16:16:00,pass
RØ,1261,KIB/86,16:21:00,16:21:00,pass
RØ,1261,JSF/86,16:25:00,16:25:00,pass
RØ,1261,KJN/86,16:26:00,16:26:00,pass
RØ,1261,LEL/86,16:27:00,16:27:00,pass
RØ,1261,BJS/86,16:30:00,16:30:00,pass
RØ,1261,ADA/86,16:34:00,16:34:00,pass
RØ,1261,RG/86,16:37:00,16:39:00,stop
RØ,1261,GZ/86,16:44:00,16:44:00,stop
RØ,1261,NÆ/86,16:51:00,16:53:00,stop
RØ,1261,MOG/86,16:56:00,16:56:00,stop
RØ,1261,LU/86,17:00:00,17:00:00,pass
RØ,1261,VO/86,17:05:00,17:07:00,stop
RØ,1261,MN/86,17:10:00,17:10:00,stop
RØ,1261,OH/86,17:14:00,17:14:00,pass
RØ,1261,NV/86,17:17:00,17:17:00,pass
RØ,1261,EK/86,17:18:00,17:18:00,pass
RØ,1261,TN/86,17:20:00,17:20:00,pass
RØ,1261,NF/86,17:23:00,00:00:00,stop
RØ,1264,NF/86,00:00:00,20:29:00,stop
RØ,1264,TN/86,20:32:00,20:32:00,stop
RØ,1264,EK/86,20:34:00,20:35:00,stop
RØ,1264,NV/86,20:39:00,20:40:00,stop
RØ,1264,OH/86,20:43:00,20:43:00,stop
RØ,1264,MN/86,20:48:00,20:48:00,pass
RØ,1264,VO/86,20:51:00,20:52:00,stop
RØ,1264,LU/86,20:58:00,20:59:00,stop
RØ,1264,MOG/86,21:04:00,21:04:00,stop
RØ,1264,NÆ/86,21:07:00,21:10:00,stop
RØ,1264,GZ/86,21:16:00,21:16:00,stop
RØ,1264,RG/86,21:22:00,21:24:00,stop
RØ,1264,ADA/86,21:28:00,21:28:00,stop
RØ,1264,BJS/86,21:31:00,21:31:00,pass
RØ,1264,LEL/86,21:34:00,21:34:00,pass
RØ,1264,KJN/86,21:35:00,21:35:00,pass
RØ,1264,JSF/86,21:36:00,21:36:00,pass
RØ,1264,KIB/86,21:40:00,21:40:00,pass
RØ,1264,AVH/86,21:44:00,21:44:00,pass
RØ,1264,IG/86,21:47:00,21:47:00,pass
RØ,1264,NEL/86,21:47:20,21:49:20,stop
RØ,1264,GB/86,21:50:00,21:50:00,stop
RØ,1264,KH/86,21:55:00,00:00:00,stop
RØ,1269,KH/86,00:00:00,18:08:00,stop
RØ,1269,GB/86,18:11:00,18:11:00,stop
RØ,1269,NEL/86,18:12:00,18:13:00,stop
RØ,1269,IG/86,18:14:00,18:14:00,stop
RØ,1269,AVH/86,18:16:00,18:16:00,pass
RØ,1269,KIB/86,18:21:00,18:21:00,pass
RØ,1269,JSF/86,18:25:00,18:25:00,pass
RØ,1269,KJN/86,18:26:00,18:26:00,pass
RØ,1269,LEL/86,18:27:00,18:27:00,pass
RØ,1269,BJS/86,18:30:00,18:30:00,pass
RØ,1269,ADA/86,18:34:00,18:34:00,pass
RØ,1269,RG/86,18:37:00,18:39:00,stop
RØ,1269,GZ/86,18:44:00,18:44:00,stop
RØ,1269,NÆ/86,18:51:00,18:53:00,stop
RØ,1269,MOG/86,18:56:00,18:56:00,stop
RØ,1269,LU/86,19:00:00,19:00:00,pass
RØ,1269,VO/86,19:05:00,19:07:00,stop
RØ,1269,MN/86,19:10:00,19:10:00,stop
RØ,1269,OH/86,19:14:00,19:14:00,pass
RØ,1269,NV/86,19:17:00,19:17:00,pass
RØ,1269,EK/86,19:18:00,19:18:00,pass
RØ,1269,TN/86,19:20:00,19:20:00,pass
RØ,1269,NF/86,19:23:00,00:00:00,stop
RØ,1277,KH/86,00:00:00,20:07:00,stop
RØ,1277,GB/86,20:10:00,20:10:00,stop
RØ,1277,NEL/86,20:11:00,20:13:00,stop
RØ,1277,IG/86,20:13:20,20:13:20,stop
RØ,1277,AVH/86,20:15:00,20:15:00,pass
RØ,1277,KIB/86,20:20:00,20:20:00,pass
RØ,1277,JSF/86,20:24:00,20:24:00,pass
RØ,1277,KJN/86,20:25:00,20:25:00,pass
RØ,1277,LEL/86,20:27:00,20:27:00,pass
RØ,1277,BJS/86,20:29:00,20:29:00,pass
RØ,1277,ADA/86,20:33:00,20:33:00,pass
RØ,1277,RG/86,20:37:00,20:38:00,stop
RØ,1277,GZ/86,20:44:00,20:44:00,stop
RØ,1277,NÆ/86,20:50:00,20:52:00,stop
RØ,1277,MOG/86,20:56:00,20:56:00,stop
RØ,1277,LU/86,21:00:00,21:01:00,stop
RØ,1277,VO/86,21:08:00,21:09:00,stop
RØ,1277,MN/86,21:12:00,21:12:00,stop
RØ,1277,OH/86,21:16:00,21:16:00,pass
RØ,1277,NV/86,21:20:00,21:21:00,stop
RØ,1277,EK/86,21:24:00,21:25:00,stop
RØ,1277,TN/86,21:28:00,21:28:00,stop
RØ,1277,NF/86,21:31:00,00:00:00,stop
RØ,1281,KH/86,00:00:00,21:07:00,stop
RØ,1281,GB/86,21:10:00,21:10:00,stop
RØ,1281,NEL/86,21:11:00,21:13:00,stop
RØ,1281,IG/86,21:13:20,21:13:20,stop
RØ,1281,AVH/86,21:15:00,21:15:00,pass
RØ,1281,KIB/86,21:20:00,21:20:00,pass
RØ,1281,JSF/86,21:24:00,21:24:00,pass
RØ,1281,KJN/86,21:25:00,21:25:00,pass
RØ,1281,LEL/86,21:27:00,21:27:00,pass
RØ,1281,BJS/86,21:29:00,21:29:00,pass
RØ,1281,ADA/86,21:33:00,21:33:00,pass
RØ,1281,RG/86,21:37:00,21:38:00,stop
RØ,1281,GZ/86,21:44:00,21:44:00,stop
RØ,1281,NÆ/86,21:50:00,21:52:00,stop
RØ,1281,MOG/86,21:56:00,21:56:00,stop
RØ,1281,LU/86,22:00:00,22:01:00,stop
RØ,1281,VO/86,22:08:00,22:09:00,stop
RØ,1281,MN/86,22:12:00,22:12:00,stop
RØ,1281,OH/86,22:16:00,22:16:00,pass
RØ,1281,NV/86,22:20:00,22:21:00,stop
RØ,1281,EK/86,22:24:00,22:25:00,stop
RØ,1281,TN/86,22:28:00,22:28:00,stop
RØ,1281,NF/86,22:31:00,00:00:00,stop
RØ,1285,KH/86,00:00:00,22:07:00,stop
RØ,1285,GB/86,22:10:00,22:10:00,stop
RØ,1285,NEL/86,22:11:00,22:13:00,stop
RØ,1285,IG/86,22:13:20,22:13:20,stop
RØ,1285,AVH/86,22:16:00,22:16:00,pass
RØ,1285,KIB/86,22:21:00,22:21:00,pass
RØ,1285,JSF/86,22:25:00,22:25:00,pass
RØ,1285,KJN/86,22:26:00,22:28:00,stop
RØ,1285,LEL/86,22:30:00,22:30:00,stop
RØ,1285,BJS/86,22:33:00,22:33:00,pass
RØ,1285,ADA/86,22:37:00,22:37:00,pass
RØ,1285,RG/86,22:41:00,22:42:00,stop
RØ,1285,GZ/86,22:48:00,22:48:00,stop
RØ,1285,NÆ/86,22:54:00,22:56:00,stop
RØ,1285,MOG/86,23:00:00,23:00:00,stop
RØ,1285,LU/86,23:04:00,23:05:00,stop
RØ,1285,VO/86,23:12:00,23:13:00,stop
RØ,1285,MN/86,23:16:00,23:16:00,stop
RØ,1285,OH/86,23:20:00,23:20:00,pass
RØ,1285,NV/86,23:24:00,23:25:00,stop
RØ,1285,EK/86,23:28:00,23:29:00,stop
RØ,1285,TN/86,23:32:00,23:32:00,stop
RØ,1285,NF/86,23:35:00,00:00:00,stop
RØ,1289,KH/86,00:00:00,23:07:00,stop
RØ,1289,GB/86,23:10:00,23:10:00,stop
RØ,1289,NEL/86,23:11:00,23:13:00,stop
RØ,1289,IG/86,23:13:20,23:13:20,stop
RØ,1289,AVH/86,23:16:00,23:16:00,pass
RØ,1289,KIB/86,23:21:00,23:21:00,pass
RØ,1289,JSF/86,23:25:00,23:25:00,pass
RØ,1289,KJN/86,23:26:00,23:28:00,stop
RØ,1289,LEL/86,23:30:00,23:30:00,stop
RØ,1289,BJS/86,23:33:00,23:33:00,pass
RØ,1289,ADA/86,23:37:00,23:37:00,pass
RØ,1289,RG/86,23:41:00,23:42:00,stop
RØ,1289,GZ/86,23:48:00,23:48:00,stop
RØ,1289,NÆ/86,23:54:00,23:56:00,stop
RØ,1289,MOG/86,00:00:00,00:00:00,stop
RØ,1289,LU/86,00:04:00,00:05:00,stop
RØ,1289,VO/86,00:12:00,00:13:00,stop
RØ,1289,MN/86,00:16:00,00:16:00,stop
RØ,1289,OH/86,00:20:00,00:20:00,pass
RØ,1289,NV/86,00:24:00,00:25:00,stop
RØ,1289,EK/86,00:28:00,00:29:00,stop
RØ,1289,TN/86,00:32:00,00:32:00,stop
RØ,1289,NF/86,00:35:00,00:00:00,stop
RØ,1512,KB/86,00:00:00,07:37:00,stop
RØ,1512,KBØ/86,07:39:00,07:40:00,stop
RØ,1512,VÆ/86,07:44:00,07:44:00,stop
RØ,1512,SE/86,07:48:00,07:49:00,stop
RØ,1512,JY/86,07:54:00,07:55:00,stop
RØ,1512,MØ/86,08:00:00,08:01:00,stop
RØ,1512,KS/86,08:04:00,08:05:00,stop
RØ,1512,RT/86,08:08:00,08:09:00,stop
RØ,1512,HK/86,08:15:00,08:17:00,stop
RØ,1512,PE/86,08:21:00,08:21:00,stop
RØ,1512,TØ/86,08:23:00,08:23:00,pass
RØ,1512,HV/86,08:26:00,08:26:00,pass
RØ,1512,LJ/86,08:29:00,08:29:00,pass
RØ,1512,RO/86,08:34:00,08:36:00,stop
RØ,1512,TRK/86,08:38:00,08:38:00,stop
RØ,1512,HH/86,08:40:00,08:40:00,pass
RØ,1512,HTÅ/86,08:43:00,08:44:00,stop
RØ,1512,GL/86,08:49:00,08:49:00,stop
RØ,1512,HIF/86,08:51:00,08:51:00,pass
RØ,1512,VAL/86,08:52:00,08:52:00,pass
RØ,1512,KH/86,08:57:00,09:01:00,stop
RØ,1512,KN/86,09:03:00,09:04:00,stop
RØ,1512,KK/86,09:07:00,00:00:00,stop
RØ,1516,KB/86,00:00:00,08:37:00,stop
RØ,1516,KBØ/86,08:39:00,08:40:00,stop
RØ,1516,VÆ/86,08:44:00,08:44:00,stop
RØ,1516,SE/86,08:48:00,08:49:00,stop
RØ,1516,JY/86,08:54:00,08:55:00,stop
RØ,1516,MØ/86,09:00:00,09:01:00,stop
RØ,1516,KS/86,09:04:00,09:05:00,stop
RØ,1516,RT/86,09:08:00,09:09:00,stop
RØ,1516,HK/86,09:15:00,09:17:00,stop
RØ,1516,PE/86,09:21:00,09:21:00,stop
RØ,1516,TØ/86,09:23:00,09:23:00,pass
RØ,1516,HV/86,09:26:00,09:26:00,pass
RØ,1516,LJ/86,09:29:00,09:29:00,pass
RØ,1516,RO/86,09:34:00,09:36:00,stop
RØ,1516,TRK/86,09:38:00,09:38:00,stop
RØ,1516,HH/86,09:40:00,09:40:00,pass
RØ,1516,HTÅ/86,09:43:00,09:44:00,stop
RØ,1516,GL/86,09:49:00,09:49:00,stop
RØ,1516,HIF/86,09:51:00,09:51:00,pass
RØ,1516,VAL/86,09:52:00,09:52:00,pass
RØ,1516,KH/86,09:57:00,10:01:00,stop
RØ,1516,KN/86,10:03:00,10:04:00,stop
RØ,1516,KK/86,10:07:00,00:00:00,stop
RØ,1520,KB/86,00:00:00,09:37:00,stop
RØ,1520,KBØ/86,09:39:00,09:40:00,stop
RØ,1520,VÆ/86,09:44:00,09:44:00,stop
RØ,1520,SE/86,09:48:00,09:49:00,stop
RØ,1520,JY/86,09:54:00,09:55:00,stop
RØ,1520,MØ/86,10:00:00,10:01:00,stop
RØ,1520,KS/86,10:04:00,10:05:00,stop
RØ,1520,RT/86,10:08:00,10:09:00,stop
RØ,1520,HK/86,10:15:00,10:17:00,stop
RØ,1520,PE/86,10:21:00,10:21:00,stop
RØ,1520,TØ/86,10:23:00,10:23:00,pass
RØ,1520,HV/86,10:26:00,10:26:00,pass
RØ,1520,LJ/86,10:29:00,10:29:00,pass
RØ,1520,RO/86,10:34:00,10:36:00,stop
RØ,1520,TRK/86,10:38:00,10:38:00,stop
RØ,1520,HH/86,10:40:00,10:40:00,pass
RØ,1520,HTÅ/86,10:43:00,10:44:00,stop
RØ,1520,GL/86,10:49:00,10:49:00,stop
RØ,1520,HIF/86,10:51:00,10:51:00,pass
RØ,1520,VAL/86,10:52:00,10:52:00,pass
RØ,1520,KH/86,10:57:00,11:01:00,stop
RØ,1520,KN/86,11:03:00,11:04:00,stop
RØ,1520,KK/86,11:07:00,00:00:00,stop
RØ,1524,KB/86,00:00:00,10:37:00,stop
RØ,1524,KBØ/86,10:39:00,10:40:00,stop
RØ,1524,VÆ/86,10:44:00,10:44:00,stop
RØ,1524,SE/86,10:48:00,10:49:00,stop
RØ,1524,JY/86,10:54:00,10:55:00,stop
RØ,1524,MØ/86,11:00:00,11:01:00,stop
RØ,1524,KS/86,11:04:00,11:05:00,stop
RØ,1524,RT/86,11:08:00,11:09:00,stop
RØ,1524,HK/86,11:15:00,11:17:00,stop
RØ,1524,PE/86,11:21:00,11:21:00,stop
RØ,1524,TØ/86,11:24:00,11:24:00,pass
RØ,1524,HV/86,11:26:00,11:26:00,pass
RØ,1524,LJ/86,11:29:00,11:29:00,pass
RØ,1524,RO/86,11:35:00,11:37:00,stop
RØ,1524,TRK/86,11:39:00,11:39:00,stop
RØ,1524,HH/86,11:41:00,11:41:00,pass
RØ,1524,HTÅ/86,11:43:00,11:45:00,stop
RØ,1524,GL/86,11:50:00,11:50:00,stop
RØ,1524,HIF/86,11:51:00,11:51:00,pass
RØ,1524,VAL/86,11:53:00,11:53:00,pass
RØ,1524,KH/86,11:57:00,12:01:00,stop
RØ,1524,KN/86,12:03:00,12:04:00,stop
RØ,1524,KK/86,12:07:00,00:00:00,stop
RØ,1528,KB/86,00:00:00,11:37:00,stop
RØ,1528,KBØ/86,11:39:00,11:40:00,stop
RØ,1528,VÆ/86,11:44:00,11:44:00,stop
RØ,1528,SE/86,11:48:00,11:49:00,stop
RØ,1528,JY/86,11:54:00,11:55:00,stop
RØ,1528,MØ/86,12:00:00,12:01:00,stop
RØ,1528,KS/86,12:04:00,12:05:00,stop
RØ,1528,RT/86,12:08:00,12:09:00,stop
RØ,1528,HK/86,12:15:00,12:17:00,stop
RØ,1528,PE/86,12:21:00,12:21:00,stop
RØ,1528,TØ/86,12:23:00,12:23:00,pass
RØ,1528,HV/86,12:26:00,12:26:00,pass
RØ,1528,LJ/86,12:29:00,12:29:00,pass
RØ,1528,RO/86,12:34:00,12:36:00,stop
RØ,1528,TRK/86,12:38:00,12:38:00,stop
RØ,1528,HH/86,12:40:00,12:40:00,pass
RØ,1528,HTÅ/86,12:43:00,12:44:00,stop
RØ,1528,GL/86,12:49:00,12:49:00,stop
RØ,1528,HIF/86,12:51:00,12:51:00,pass
RØ,1528,VAL/86,12:52:00,12:52:00,pass
RØ,1528,KH/86,12:57:00,13:01:00,stop
RØ,1528,KN/86,13:03:00,13:04:00,stop
RØ,1528,KK/86,13:07:00,00:00:00,stop
RØ,1529,KK/86,00:00:00,07:53:00,stop
RØ,1529,KN/86,07:55:00,07:56:00,stop
RØ,1529,KH/86,07:59:00,08:02:00,stop
RØ,1529,VAL/86,08:05:00,08:05:00,stop
RØ,1529,HIF/86,08:07:00,08:07:00,pass
RØ,1529,GL/86,08:08:00,08:08:00,pass
RØ,1529,HTÅ/86,08:13:00,08:15:00,stop
RØ,1529,HH/86,08:18:00,08:18:00,stop
RØ,1529,TRK/86,08:19:00,08:19:00,pass
RØ,1529,RO/86,08:22:00,08:24:00,stop
RØ,1529,LJ/86,08:29:00,08:29:00,stop
RØ,1529,HV/86,08:32:00,08:32:00,pass
RØ,1529,TØ/86,08:35:00,08:35:00,pass
RØ,1529,PE/86,08:37:00,08:37:00,pass
RØ,1529,HK/86,08:41:00,08:43:00,stop
RØ,1529,RT/86,08:49:00,08:50:00,stop
RØ,1529,KS/86,08:53:00,08:54:00,stop
RØ,1529,MØ/86,08:57:00,09:01:00,stop
RØ,1529,JY/86,09:06:00,09:07:00,stop
RØ,1529,SE/86,09:12:00,09:13:00,stop
RØ,1529,VÆ/86,09:17:00,09:17:00,stop
RØ,1529,KBØ/86,09:20:00,09:21:00,stop
RØ,1529,KB/86,09:25:00,00:00:00,stop
RØ,1532,KB/86,00:00:00,12:37:00,stop
RØ,1532,KBØ/86,12:39:00,12:40:00,stop
RØ,1532,VÆ/86,12:44:00,12:44:00,stop
RØ,1532,SE/86,12:48:00,12:49:00,stop
RØ,1532,JY/86,12:54:00,12:55:00,stop
RØ,1532,MØ/86,13:00:00,13:01:00,stop
RØ,1532,KS/86,13:04:00,13:05:00,stop
RØ,1532,RT/86,13:08:00,13:09:00,stop
RØ,1532,HK/86,13:15:00,13:17:00,stop
RØ,1532,PE/86,13:21:00,13:21:00,stop
RØ,1532,TØ/86,13:23:00,13:23:00,pass
RØ,1532,HV/86,13:26:00,13:26:00,pass
RØ,1532,LJ/86,13:29:00,13:29:00,pass
RØ,1532,RO/86,13:34:00,13:36:00,stop
RØ,1532,TRK/86,13:38:00,13:38:00,stop
RØ,1532,HH/86,13:40:00,13:40:00,pass
RØ,1532,HTÅ/86,13:43:00,13:44:00,stop
RØ,1532,GL/86,13:49:00,13:49:00,stop
RØ,1532,HIF/86,13:51:00,13:51:00,pass
RØ,1532,VAL/86,13:52:00,13:52:00,pass
RØ,1532,KH/86,13:57:00,14:01:00,stop
RØ,1532,KN/86,14:03:00,14:04:00,stop
RØ,1532,KK/86,14:07:00,00:00:00,stop
RØ,1533,KK/86,00:00:00,08:53:00,stop
RØ,1533,KN/86,08:55:00,08:56:00,stop
RØ,1533,KH/86,08:59:00,09:02:00,stop
RØ,1533,VAL/86,09:05:00,09:05:00,stop
RØ,1533,HIF/86,09:07:00,09:07:00,pass
RØ,1533,GL/86,09:08:00,09:08:00,pass
RØ,1533,HTÅ/86,09:13:00,09:15:00,stop
RØ,1533,HH/86,09:18:00,09:18:00,stop
RØ,1533,TRK/86,09:19:00,09:19:00,pass
RØ,1533,RO/86,09:22:00,09:24:00,stop
RØ,1533,LJ/86,09:29:00,09:29:00,stop
RØ,1533,HV/86,09:32:00,09:32:00,pass
RØ,1533,TØ/86,09:35:00,09:35:00,pass
RØ,1533,PE/86,09:37:00,09:37:00,pass
RØ,1533,HK/86,09:41:00,09:43:00,stop
RØ,1533,RT/86,09:49:00,09:50:00,stop
RØ,1533,KS/86,09:53:00,09:54:00,stop
RØ,1533,MØ/86,09:57:00,10:01:00,stop
RØ,1533,JY/86,10:06:00,10:07:00,stop
RØ,1533,SE/86,10:12:00,10:13:00,stop
RØ,1533,VÆ/86,10:17:00,10:17:00,stop
RØ,1533,KBØ/86,10:20:00,10:21:00,stop
RØ,1533,KB/86,10:25:00,00:00:00,stop
RØ,1537,KK/86,00:00:00,09:53:00,stop
RØ,1537,KN/86,09:55:00,09:56:00,stop
RØ,1537,KH/86,09:59:00,10:02:00,stop
RØ,1537,VAL/86,10:05:00,10:05:00,stop
RØ,1537,HIF/86,10:07:00,10:07:00,pass
RØ,1537,GL/86,10:08:00,10:08:00,pass
RØ,1537,HTÅ/86,10:13:00,10:15:00,stop
RØ,1537,HH/86,10:18:00,10:18:00,stop
RØ,1537,TRK/86,10:19:00,10:19:00,pass
RØ,1537,RO/86,10:22:00,10:24:00,stop
RØ,1537,LJ/86,10:29:00,10:29:00,stop
RØ,1537,HV/86,10:32:00,10:32:00,pass
RØ,1537,TØ/86,10:35:00,10:35:00,pass
RØ,1537,PE/86,10:37:00,10:37:00,pass
RØ,1537,HK/86,10:41:00,10:43:00,stop
RØ,1537,RT/86,10:49:00,10:50:00,stop
RØ,1537,KS/86,10:53:00,10:54:00,stop
RØ,1537,MØ/86,10:57:00,11:01:00,stop
RØ,1537,JY/86,11:06:00,11:07:00,stop
RØ,1537,SE/86,11:12:00,11:13:00,stop
RØ,1537,VÆ/86,11:17:00,11:17:00,stop
RØ,1537,KBØ/86,11:20:00,11:21:00,stop
RØ,1537,KB/86,11:25:00,00:00:00,stop
RØ,1541,KH/86,00:00:00,11:02:00,stop
RØ,1541,VAL/86,11:05:00,11:05:00,stop
RØ,1541,HIF/86,11:07:00,11:07:00,pass
RØ,1541,GL/86,11:08:00,11:08:00,pass
RØ,1541,HTÅ/86,11:13:00,11:15:00,stop
RØ,1541,HH/86,11:18:00,11:18:00,stop
RØ,1541,TRK/86,11:19:00,11:19:00,pass
RØ,1541,RO/86,11:22:00,11:24:00,stop
RØ,1541,LJ/86,11:29:00,11:29:00,stop
RØ,1541,HV/86,11:32:00,11:32:00,pass
RØ,1541,TØ/86,11:35:00,11:35:00,pass
RØ,1541,PE/86,11:37:00,11:37:00,pass
RØ,1541,HK/86,11:41:00,11:43:00,stop
RØ,1541,RT/86,11:49:00,11:50:00,stop
RØ,1541,KS/86,11:53:00,11:54:00,stop
RØ,1541,MØ/86,11:57:00,12:01:00,stop
RØ,1541,JY/86,12:06:00,12:07:00,stop
RØ,1541,SE/86,12:12:00,12:13:00,stop
RØ,1541,VÆ/86,12:17:00,12:17:00,stop
RØ,1541,KBØ/86,12:20:00,12:21:00,stop
RØ,1541,KB/86,12:25:00,00:00:00,stop
RØ,1545,KK/86,00:00:00,11:53:00,stop
RØ,1545,KN/86,11:55:00,11:56:00,stop
RØ,1545,KH/86,11:59:00,12:02:00,stop
RØ,1545,VAL/86,12:05:00,12:05:00,stop
RØ,1545,HIF/86,12:07:00,12:07:00,pass
RØ,1545,GL/86,12:08:00,12:08:00,pass
RØ,1545,HTÅ/86,12:13:00,12:15:00,stop
RØ,1545,HH/86,12:18:00,12:18:00,stop
RØ,1545,TRK/86,12:19:00,12:19:00,pass
RØ,1545,RO/86,12:22:00,12:24:00,stop
RØ,1545,LJ/86,12:29:00,12:29:00,stop
RØ,1545,HV/86,12:32:00,12:32:00,pass
RØ,1545,TØ/86,12:35:00,12:35:00,pass
RØ,1545,PE/86,12:37:00,12:37:00,pass
RØ,1545,HK/86,12:41:00,12:43:00,stop
RØ,1545,RT/86,12:49:00,12:50:00,stop
RØ,1545,KS/86,12:53:00,12:54:00,stop
RØ,1545,MØ/86,12:57:00,13:01:00,stop
RØ,1545,JY/86,13:06:00,13:07:00,stop
RØ,1545,SE/86,13:12:00,13:13:00,stop
RØ,1545,VÆ/86,13:17:00,13:17:00,stop
RØ,1545,KBØ/86,13:20:00,13:21:00,stop
RØ,1545,KB/86,13:25:00,00:00:00,stop
RØ,1549,KK/86,00:00:00,12:53:00,stop
RØ,1549,KN/86,12:55:00,12:56:00,stop
RØ,1549,KH/86,12:59:00,13:02:00,stop
RØ,1549,VAL/86,13:05:00,13:05:00,stop
RØ,1549,HIF/86,13:07:00,13:07:00,pass
RØ,1549,GL/86,13:08:00,13:08:00,pass
RØ,1549,HTÅ/86,13:13:00,13:15:00,stop
RØ,1549,HH/86,13:18:00,13:18:00,stop
RØ,1549,TRK/86,13:19:00,13:19:00,pass
RØ,1549,RO/86,13:22:00,13:24:00,stop
RØ,1549,LJ/86,13:29:00,13:29:00,stop
RØ,1549,HV/86,13:32:00,13:32:00,pass
RØ,1549,TØ/86,13:35:00,13:35:00,pass
RØ,1549,PE/86,13:37:00,13:37:00,pass
RØ,1549,HK/86,13:41:00,13:43:00,stop
RØ,1549,RT/86,13:49:00,13:50:00,stop
RØ,1549,KS/86,13:53:00,13:54:00,stop
RØ,1549,MØ/86,13:57:00,14:01:00,stop
RØ,1549,JY/86,14:06:00,14:07:00,stop
RØ,1549,SE/86,14:12:00,14:13:00,stop
RØ,1549,VÆ/86,14:17:00,14:17:00,stop
RØ,1549,KBØ/86,14:20:00,14:21:00,stop
RØ,1549,KB/86,14:25:00,00:00:00,stop
RØ,1553,KK/86,00:00:00,13:53:00,stop
RØ,1553,KN/86,13:55:00,13:56:00,stop
RØ,1553,KH/86,13:59:00,14:02:00,stop
RØ,1553,VAL/86,14:05:00,14:05:00,stop
RØ,1553,HIF/86,14:07:00,14:07:00,pass
RØ,1553,GL/86,14:08:00,14:08:00,pass
RØ,1553,HTÅ/86,14:13:00,14:15:00,stop
RØ,1553,HH/86,14:18:00,14:18:00,stop
RØ,1553,TRK/86,14:19:00,14:19:00,pass
RØ,1553,RO/86,14:22:00,14:24:00,stop
RØ,1553,LJ/86,14:29:00,14:29:00,stop
RØ,1553,HV/86,14:32:00,14:32:00,pass
RØ,1553,TØ/86,14:35:00,14:35:00,pass
RØ,1553,PE/86,14:37:00,14:37:00,pass
RØ,1553,HK/86,14:41:00,14:43:00,stop
RØ,1553,RT/86,14:49:00,14:50:00,stop
RØ,1553,KS/86,14:53:00,14:54:00,stop
RØ,1553,MØ/86,14:57:00,15:01:00,stop
RØ,1553,JY/86,15:06:00,15:07:00,stop
RØ,1553,SE/86,15:12:00,15:13:00,stop
RØ,1553,VÆ/86,15:17:00,15:17:00,stop
RØ,1553,KBØ/86,15:20:00,15:21:00,stop
RØ,1553,KB/86,15:25:00,00:00:00,stop
RØ,2221,KH/86,00:00:00,05:56:00,stop
RØ,2221,VAL/86,06:00:00,06:01:00,stop
RØ,2221,HIF/86,06:03:00,06:03:00,stop
RØ,2221,GL/86,06:05:00,06:05:00,pass
RØ,2221,HTÅ/86,06:10:00,06:11:00,stop
RØ,2221,HH/86,06:15:00,06:16:00,stop
RØ,2221,TRK/86,06:19:00,06:20:00,stop
RØ,2221,RO/86,06:23:00,06:24:00,stop
RØ,2221,VY/86,06:30:00,06:31:00,stop
RØ,2221,BO/86,06:36:00,06:37:00,stop
RØ,2221,KY/86,06:40:00,06:40:00,stop
RØ,2221,RG/86,06:45:00,06:46:00,stop
RØ,2221,GZ/86,06:52:00,06:53:00,stop
RØ,2221,NÆ/86,07:02:00,00:00:00,stop
RØ,2225,HG/86,00:00:00,05:58:00,stop
RØ,2225,SQ/86,06:01:00,06:02:00,stop
RØ,2225,GÆ/86,06:04:00,06:05:00,stop
RØ,2225,HUM/86,06:08:00,06:09:00,stop
RØ,2225,NI/86,06:12:00,06:13:00,stop
RØ,2225,OK/86,06:17:00,06:18:00,stop
RØ,2225,RU/86,06:20:00,06:21:00,stop
RØ,2225,VB/86,06:24:00,06:25:00,stop
RØ,2225,SÅ/86,06:28:00,06:29:00,stop
RØ,2225,KL/86,06:33:00,06:34:00,stop
RØ,2225,HL/86,06:39:00,06:40:00,stop
RØ,2225,HGL/86,06:42:00,06:42:00,stop
RØ,2225,KK/86,06:45:00,06:47:00,stop
RØ,2225,KN/86,06:49:00,06:50:00,stop
RØ,2225,KH/86,06:53:00,06:56:00,stop
RØ,2225,VAL/86,07:00:00,07:01:00,stop
RØ,2225,HIF/86,07:03:00,07:03:00,stop
RØ,2225,GL/86,07:05:00,07:05:00,pass
RØ,2225,HTÅ/86,07:10:00,07:11:00,stop
RØ,2225,HH/86,07:15:00,07:16:00,stop
RØ,2225,TRK/86,07:19:00,07:20:00,stop
RØ,2225,RO/86,07:23:00,07:24:00,stop
RØ,2225,VY/86,07:30:00,07:31:00,stop
RØ,2225,BO/86,07:36:00,07:37:00,stop
RØ,2225,KY/86,07:40:00,07:40:00,stop
RØ,2225,RG/86,07:45:00,07:46:00,stop
RØ,2225,GZ/86,07:52:00,07:53:00,stop
RØ,2225,NÆ/86,08:02:00,00:00:00,stop
RØ,2229,HG/86,00:00:00,06:58:00,stop
RØ,2229,SQ/86,07:01:00,07:02:00,stop
RØ,2229,GÆ/86,07:04:00,07:05:00,stop
RØ,2229,HUM/86,07:08:00,07:09:00,stop
RØ,2229,NI/86,07:12:00,07:13:00,stop
RØ,2229,OK/86,07:17:00,07:18:00,stop
RØ,2229,RU/86,07:20:00,07:21:00,stop
RØ,2229,VB/86,07:24:00,07:25:00,stop
RØ,2229,SÅ/86,07:28:00,07:29:00,stop
RØ,2229,KL/86,07:33:00,07:34:00,stop
RØ,2229,HL/86,07:39:00,07:40:00,stop
RØ,2229,HGL/86,07:42:00,07:42:00,stop
RØ,2229,KK/86,07:45:00,07:47:00,stop
RØ,2229,KN/86,07:49:00,07:50:00,stop
RØ,2229,KH/86,07:53:00,07:56:00,stop
RØ,2229,VAL/86,08:00:00,08:01:00,stop
RØ,2229,HIF/86,08:03:00,08:03:00,stop
RØ,2229,GL/86,08:05:00,08:05:00,pass
RØ,2229,HTÅ/86,08:10:00,08:11:00,stop
RØ,2229,HH/86,08:15:00,08:16:00,stop
RØ,2229,TRK/86,08:19:00,08:20:00,stop
RØ,2229,RO/86,08:23:00,08:24:00,stop
RØ,2229,VY/86,08:30:00,08:31:00,stop
RØ,2229,BO/86,08:36:00,08:37:00,stop
RØ,2229,KY/86,08:40:00,08:40:00,stop
RØ,2229,RG/86,08:45:00,08:46:00,stop
RØ,2229,GZ/86,08:52:00,08:53:00,stop
RØ,2229,NÆ/86,09:02:00,00:00:00,stop
RØ,2233,HG/86,00:00:00,07:58:00,stop
RØ,2233,SQ/86,08:01:00,08:02:00,stop
RØ,2233,GÆ/86,08:04:00,08:05:00,stop
RØ,2233,HUM/86,08:08:00,08:09:00,stop
RØ,2233,NI/86,08:12:00,08:13:00,stop
RØ,2233,OK/86,08:17:00,08:18:00,stop
RØ,2233,RU/86,08:20:00,08:21:00,stop
RØ,2233,VB/86,08:24:00,08:25:00,stop
RØ,2233,SÅ/86,08:28:00,08:29:00,stop
RØ,2233,KL/86,08:33:00,08:34:00,stop
RØ,2233,HL/86,08:39:00,08:40:00,stop
RØ,2233,HGL/86,08:42:00,08:42:00,stop
RØ,2233,KK/86,08:45:00,08:47:00,stop
RØ,2233,KN/86,08:49:00,08:50:00,stop
RØ,2233,KH/86,08:53:00,08:56:00,stop
RØ,2233,VAL/86,09:00:00,09:01:00,stop
RØ,2233,HIF/86,09:03:00,09:03:00,stop
RØ,2233,GL/86,09:05:00,09:05:00,pass
RØ,2233,HTÅ/86,09:10:00,09:11:00,stop
RØ,2233,HH/86,09:15:00,09:16:00,stop
RØ,2233,TRK/86,09:19:00,09:20:00,stop
RØ,2233,RO/86,09:23:00,09:24:00,stop
RØ,2233,VY/86,09:30:00,09:31:00,stop
RØ,2233,BO/86,09:36:00,09:37:00,stop
RØ,2233,KY/86,09:40:00,09:40:00,stop
RØ,2233,RG/86,09:45:00,09:46:00,stop
RØ,2233,GZ/86,09:52:00,09:53:00,stop
RØ,2233,NÆ/86,10:02:00,00:00:00,stop
RØ,2237,HG/86,00:00:00,08:58:00,stop
RØ,2237,SQ/86,09:01:00,09:02:00,stop
RØ,2237,GÆ/86,09:04:00,09:05:00,stop
RØ,2237,HUM/86,09:08:00,09:09:00,stop
RØ,2237,NI/86,09:12:00,09:13:00,stop
RØ,2237,OK/86,09:17:00,09:18:00,stop
RØ,2237,RU/86,09:20:00,09:21:00,stop
RØ,2237,VB/86,09:24:00,09:25:00,stop
RØ,2237,SÅ/86,09:28:00,09:29:00,stop
RØ,2237,KL/86,09:33:00,09:34:00,stop
RØ,2237,HL/86,09:39:00,09:40:00,stop
RØ,2237,HGL/86,09:42:00,09:42:00,stop
RØ,2237,KK/86,09:45:00,09:47:00,stop
RØ,2237,KN/86,09:49:00,09:50:00,stop
RØ,2237,KH/86,09:53:00,09:56:00,stop
RØ,2237,VAL/86,10:00:00,10:01:00,stop
RØ,2237,HIF/86,10:03:00,10:03:00,stop
RØ,2237,GL/86,10:05:00,10:05:00,pass
RØ,2237,HTÅ/86,10:10:00,10:11:00,stop
RØ,2237,HH/86,10:15:00,10:16:00,stop
RØ,2237,TRK/86,10:19:00,10:20:00,stop
RØ,2237,RO/86,10:23:00,10:24:00,stop
RØ,2237,VY/86,10:30:00,10:31:00,stop
RØ,2237,BO/86,10:36:00,10:37:00,stop
RØ,2237,KY/86,10:40:00,10:40:00,stop
RØ,2237,RG/86,10:45:00,10:46:00,stop
RØ,2237,GZ/86,10:52:00,10:53:00,stop
RØ,2237,NÆ/86,11:02:00,00:00:00,stop
RØ,2241,HG/86,00:00:00,09:58:00,stop
RØ,2241,SQ/86,10:01:00,10:02:00,stop
RØ,2241,GÆ/86,10:04:00,10:05:00,stop
RØ,2241,HUM/86,10:08:00,10:09:00,stop
RØ,2241,NI/86,10:12:00,10:13:00,stop
RØ,2241,OK/86,10:17:00,10:18:00,stop
RØ,2241,RU/86,10:20:00,10:21:00,stop
RØ,2241,VB/86,10:24:00,10:25:00,stop
RØ,2241,SÅ/86,10:28:00,10:29:00,stop
RØ,2241,KL/86,10:33:00,10:34:00,stop
RØ,2241,HL/86,10:39:00,10:40:00,stop
RØ,2241,HGL/86,10:42:00,10:42:00,stop
RØ,2241,KK/86,10:45:00,10:47:00,stop
RØ,2241,KN/86,10:49:00,10:50:00,stop
RØ,2241,KH/86,10:53:00,10:56:00,stop
RØ,2241,VAL/86,11:00:00,11:01:00,stop
RØ,2241,HIF/86,11:03:00,11:03:00,stop
RØ,2241,GL/86,11:05:00,11:05:00,pass
RØ,2241,HTÅ/86,11:10:00,11:11:00,stop
RØ,2241,HH/86,11:15:00,11:16:00,stop
RØ,2241,TRK/86,11:19:00,11:20:00,stop
RØ,2241,RO/86,11:23:00,11:24:00,stop
RØ,2241,VY/86,11:30:00,11:31:00,stop
RØ,2241,BO/86,11:36:00,11:37:00,stop
RØ,2241,KY/86,11:40:00,11:40:00,stop
RØ,2241,RG/86,11:45:00,11:46:00,stop
RØ,2241,GZ/86,11:52:00,11:53:00,stop
RØ,2241,NÆ/86,12:02:00,00:00:00,stop
RØ,2245,HG/86,00:00:00,10:58:00,stop
RØ,2245,SQ/86,11:01:00,11:02:00,stop
RØ,2245,GÆ/86,11:04:00,11:05:00,stop
RØ,2245,HUM/86,11:08:00,11:09:00,stop
RØ,2245,NI/86,11:12:00,11:13:00,stop
RØ,2245,OK/86,11:17:00,11:18:00,stop
RØ,2245,RU/86,11:20:00,11:21:00,stop
RØ,2245,VB/86,11:24:00,11:25:00,stop
RØ,2245,SÅ/86,11:28:00,11:29:00,stop
RØ,2245,KL/86,11:33:00,11:34:00,stop
RØ,2245,HL/86,11:39:00,11:40:00,stop
RØ,2245,HGL/86,11:42:00,11:42:00,stop
RØ,2245,KK/86,11:45:00,11:47:00,stop
RØ,2245,KN/86,11:49:00,11:50:00,stop
RØ,2245,KH/86,11:53:00,11:56:00,stop
RØ,2245,VAL/86,12:00:00,12:01:00,stop
RØ,2245,HIF/86,12:03:00,12:03:00,stop
RØ,2245,GL/86,12:05:00,12:05:00,pass
RØ,2245,HTÅ/86,12:10:00,12:11:00,stop
RØ,2245,HH/86,12:15:00,12:16:00,stop
RØ,2245,TRK/86,12:19:00,12:20:00,stop
RØ,2245,RO/86,12:23:00,12:24:00,stop
RØ,2245,VY/86,12:30:00,12:31:00,stop
RØ,2245,BO/86,12:36:00,12:37:00,stop
RØ,2245,KY/86,12:40:00,12:40:00,stop
RØ,2245,RG/86,12:45:00,12:46:00,stop
RØ,2245,GZ/86,12:52:00,12:53:00,stop
RØ,2245,NÆ/86,13:02:00,00:00:00,stop
RØ,2249,HG/86,00:00:00,11:58:00,stop
RØ,2249,SQ/86,12:01:00,12:02:00,stop
RØ,2249,GÆ/86,12:04:00,12:05:00,stop
RØ,2249,HUM/86,12:08:00,12:09:00,stop
RØ,2249,NI/86,12:12:00,12:13:00,stop
RØ,2249,OK/86,12:17:00,12:18:00,stop
RØ,2249,RU/86,12:20:00,12:21:00,stop
RØ,2249,VB/86,12:24:00,12:25:00,stop
RØ,2249,SÅ/86,12:28:00,12:29:00,stop
RØ,2249,KL/86,12:33:00,12:34:00,stop
RØ,2249,HL/86,12:39:00,12:40:00,stop
RØ,2249,HGL/86,12:42:00,12:42:00,stop
RØ,2249,KK/86,12:45:00,12:47:00,stop
RØ,2249,KN/86,12:49:00,12:50:00,stop
RØ,2249,KH/86,12:53:00,12:56:00,stop
RØ,2249,VAL/86,13:00:00,13:01:00,stop
RØ,2249,HIF/86,13:03:00,13:03:00,stop
RØ,2249,GL/86,13:05:00,13:05:00,pass
RØ,2249,HTÅ/86,13:10:00,13:11:00,stop
RØ,2249,HH/86,13:15:00,13:16:00,stop
RØ,2249,TRK/86,13:19:00,13:20:00,stop
RØ,2249,RO/86,13:23:00,13:24:00,stop
RØ,2249,VY/86,13:30:00,13:31:00,stop
RØ,2249,BO/86,13:36:00,13:37:00,stop
RØ,2249,KY/86,13:40:00,13:40:00,stop
RØ,2249,RG/86,13:45:00,13:46:00,stop
RØ,2249,GZ/86,13:52:00,13:53:00,stop
RØ,2249,NÆ/86,14:02:00,00:00:00,stop
RØ,2253,HG/86,00:00:00,12:58:00,stop
RØ,2253,SQ/86,13:01:00,13:02:00,stop
RØ,2253,GÆ/86,13:04:00,13:05:00,stop
RØ,2253,HUM/86,13:08:00,13:09:00,stop
RØ,2253,NI/86,13:12:00,13:13:00,stop
RØ,2253,OK/86,13:17:00,13:18:00,stop
RØ,2253,RU/86,13:20:00,13:21:00,stop
RØ,2253,VB/86,13:24:00,13:25:00,stop
RØ,2253,SÅ/86,13:28:00,13:29:00,stop
RØ,2253,KL/86,13:33:00,13:34:00,stop
RØ,2253,HL/86,13:39:00,13:40:00,stop
RØ,2253,HGL/86,13:42:00,13:42:00,stop
RØ,2253,KK/86,13:45:00,13:47:00,stop
RØ,2253,KN/86,13:49:00,13:50:00,stop
RØ,2253,KH/86,13:53:00,13:56:00,stop
RØ,2253,VAL/86,14:00:00,14:01:00,stop
RØ,2253,HIF/86,14:03:00,14:03:00,stop
RØ,2253,GL/86,14:05:00,14:05:00,pass
RØ,2253,HTÅ/86,14:10:00,14:11:00,stop
RØ,2253,HH/86,14:15:00,14:16:00,stop
RØ,2253,TRK/86,14:19:00,14:20:00,stop
RØ,2253,RO/86,14:23:00,14:24:00,stop
RØ,2253,VY/86,14:30:00,14:31:00,stop
RØ,2253,BO/86,14:36:00,14:37:00,stop
RØ,2253,KY/86,14:40:00,14:40:00,stop
RØ,2253,RG/86,14:45:00,14:46:00,stop
RØ,2253,GZ/86,14:52:00,14:53:00,stop
RØ,2253,NÆ/86,15:02:00,00:00:00,stop
RØ,2256,NÆ/86,00:00:00,18:58:00,stop
RØ,2256,GZ/86,19:06:00,19:07:00,stop
RØ,2256,RG/86,19:13:00,19:14:00,stop
RØ,2256,KY/86,19:18:00,19:18:00,stop
RØ,2256,BO/86,19:22:00,19:23:00,stop
RØ,2256,VY/86,19:28:00,19:29:00,stop
RØ,2256,RO/86,19:35:00,19:37:00,stop
RØ,2256,TRK/86,19:39:00,19:40:00,stop
RØ,2256,HH/86,19:43:00,19:44:00,stop
RØ,2256,HTÅ/86,19:48:00,19:49:00,stop
RØ,2256,GL/86,19:53:00,19:53:00,stop
RØ,2256,HIF/86,19:55:00,19:55:00,pass
RØ,2256,VAL/86,19:57:00,19:58:00,stop
RØ,2256,KH/86,20:04:00,20:07:00,stop
RØ,2256,KN/86,20:09:00,20:10:00,stop
RØ,2256,KK/86,20:13:00,20:14:00,stop
RØ,2256,HGL/86,20:16:00,20:16:00,stop
RØ,2256,HL/86,20:19:00,20:20:00,stop
RØ,2256,KL/86,20:24:00,20:25:00,stop
RØ,2256,SÅ/86,20:29:00,20:30:00,stop
RØ,2256,VB/86,20:33:00,20:34:00,stop
RØ,2256,RU/86,20:37:00,20:38:00,stop
RØ,2256,OK/86,20:41:00,20:42:00,stop
RØ,2256,NI/86,20:45:00,20:46:00,stop
RØ,2256,HUM/86,20:49:00,20:50:00,stop
RØ,2256,GÆ/86,20:53:00,20:54:00,stop
RØ,2256,SQ/86,20:57:00,20:58:00,stop
RØ,2256,HG/86,21:02:00,00:00:00,stop
RØ,2257,HG/86,00:00:00,13:58:00,stop
RØ,2257,SQ/86,14:01:00,14:02:00,stop
RØ,2257,GÆ/86,14:04:00,14:05:00,stop
RØ,2257,HUM/86,14:08:00,14:09:00,stop
RØ,2257,NI/86,14:12:00,14:13:00,stop
RØ,2257,OK/86,14:17:00,14:18:00,stop
RØ,2257,RU/86,14:20:00,14:21:00,stop
RØ,2257,VB/86,14:24:00,14:25:00,stop
RØ,2257,SÅ/86,14:28:00,14:29:00,stop
RØ,2257,KL/86,14:33:00,14:34:00,stop
RØ,2257,HL/86,14:39:00,14:40:00,stop
RØ,2257,HGL/86,14:42:00,14:42:00,stop
RØ,2257,KK/86,14:45:00,14:47:00,stop
RØ,2257,KN/86,14:49:00,14:50:00,stop
RØ,2257,KH/86,14:53:00,14:56:00,stop
RØ,2257,VAL/86,15:00:00,15:01:00,stop
RØ,2257,HIF/86,15:03:00,15:03:00,stop
RØ,2257,GL/86,15:05:00,15:05:00,pass
RØ,2257,HTÅ/86,15:10:00,15:11:00,stop
RØ,2257,HH/86,15:15:00,15:16:00,stop
RØ,2257,TRK/86,15:19:00,15:20:00,stop
RØ,2257,RO/86,15:23:00,15:24:00,stop
RØ,2257,VY/86,15:30:00,15:31:00,stop
RØ,2257,BO/86,15:36:00,15:37:00,stop
RØ,2257,KY/86,15:40:00,15:40:00,stop
RØ,2257,RG/86,15:45:00,15:46:00,stop
RØ,2257,GZ/86,15:52:00,15:53:00,stop
RØ,2257,NÆ/86,16:02:00,00:00:00,stop
RØ,2261,HG/86,00:00:00,14:58:00,stop
RØ,2261,SQ/86,15:01:00,15:02:00,stop
RØ,2261,GÆ/86,15:04:00,15:05:00,stop
RØ,2261,HUM/86,15:08:00,15:09:00,stop
RØ,2261,NI/86,15:12:00,15:13:00,stop
RØ,2261,OK/86,15:17:00,15:18:00,stop
RØ,2261,RU/86,15:20:00,15:21:00,stop
RØ,2261,VB/86,15:24:00,15:25:00,stop
RØ,2261,SÅ/86,15:28:00,15:29:00,stop
RØ,2261,KL/86,15:33:00,15:34:00,stop
RØ,2261,HL/86,15:39:00,15:40:00,stop
RØ,2261,HGL/86,15:42:00,15:42:00,stop
RØ,2261,KK/86,15:45:00,15:47:00,stop
RØ,2261,KN/86,15:49:00,15:50:00,stop
RØ,2261,KH/86,15:53:00,15:56:00,stop
RØ,2261,VAL/86,16:00:00,16:01:00,stop
RØ,2261,HIF/86,16:03:00,16:03:00,stop
RØ,2261,GL/86,16:05:00,16:05:00,pass
RØ,2261,HTÅ/86,16:10:00,16:11:00,stop
RØ,2261,HH/86,16:15:00,16:16:00,stop
RØ,2261,TRK/86,16:19:00,16:20:00,stop
RØ,2261,RO/86,16:23:00,16:24:00,stop
RØ,2261,VY/86,16:30:00,16:31:00,stop
RØ,2261,BO/86,16:36:00,16:37:00,stop
RØ,2261,KY/86,16:40:00,16:40:00,stop
RØ,2261,RG/86,16:45:00,16:46:00,stop
RØ,2261,GZ/86,16:52:00,16:53:00,stop
RØ,2261,NÆ/86,17:02:00,00:00:00,stop
RØ,2265,HG/86,00:00:00,15:58:00,stop
RØ,2265,SQ/86,16:01:00,16:02:00,stop
RØ,2265,GÆ/86,16:04:00,16:05:00,stop
RØ,2265,HUM/86,16:08:00,16:09:00,stop
RØ,2265,NI/86,16:12:00,16:13:00,stop
RØ,2265,OK/86,16:17:00,16:18:00,stop
RØ,2265,RU/86,16:20:00,16:21:00,stop
RØ,2265,VB/86,16:24:00,16:25:00,stop
RØ,2265,SÅ/86,16:28:00,16:29:00,stop
RØ,2265,KL/86,16:33:00,16:34:00,stop
RØ,2265,HL/86,16:39:00,16:40:00,stop
RØ,2265,HGL/86,16:42:00,16:42:00,stop
RØ,2265,KK/86,16:45:00,16:47:00,stop
RØ,2265,KN/86,16:49:00,16:50:00,stop
RØ,2265,KH/86,16:53:00,16:56:00,stop
RØ,2265,VAL/86,17:00:00,17:01:00,stop
RØ,2265,HIF/86,17:03:00,17:03:00,stop
RØ,2265,GL/86,17:05:00,17:05:00,pass
RØ,2265,HTÅ/86,17:10:00,17:11:00,stop
RØ,2265,HH/86,17:15:00,17:16:00,stop
RØ,2265,TRK/86,17:19:00,17:20:00,stop
RØ,2265,RO/86,17:23:00,17:24:00,stop
RØ,2265,VY/86,17:30:00,17:31:00,stop
RØ,2265,BO/86,17:36:00,17:37:00,stop
RØ,2265,KY/86,17:40:00,17:40:00,stop
RØ,2265,RG/86,17:45:00,17:46:00,stop
RØ,2265,GZ/86,17:52:00,17:53:00,stop
RØ,2265,NÆ/86,18:02:00,00:00:00,stop
RØ,2269,HG/86,00:00:00,16:58:00,stop
RØ,2269,SQ/86,17:01:00,17:02:00,stop
RØ,2269,GÆ/86,17:04:00,17:05:00,stop
RØ,2269,HUM/86,17:08:00,17:09:00,stop
RØ,2269,NI/86,17:12:00,17:13:00,stop
RØ,2269,OK/86,17:17:00,17:18:00,stop
RØ,2269,RU/86,17:20:00,17:21:00,stop
RØ,2269,VB/86,17:24:00,17:25:00,stop
RØ,2269,SÅ/86,17:28:00,17:29:00,stop
RØ,2269,KL/86,17:33:00,17:34:00,stop
RØ,2269,HL/86,17:39:00,17:40:00,stop
RØ,2269,HGL/86,17:42:00,17:42:00,stop
RØ,2269,KK/86,17:45:00,17:47:00,stop
RØ,2269,KN/86,17:49:00,17:50:00,stop
RØ,2269,KH/86,17:53:00,17:56:00,stop
RØ,2269,VAL/86,18:00:00,18:01:00,stop
RØ,2269,HIF/86,18:03:00,18:03:00,stop
RØ,2269,GL/86,18:05:00,18:05:00,pass
RØ,2269,HTÅ/86,18:10:00,18:11:00,stop
RØ,2269,HH/86,18:15:00,18:16:00,stop
RØ,2269,TRK/86,18:19:00,18:20:00,stop
RØ,2269,RO/86,18:23:00,18:24:00,stop
RØ,2269,VY/86,18:30:00,18:31:00,stop
RØ,2269,BO/86,18:36:00,18:37:00,stop
RØ,2269,KY/86,18:40:00,18:40:00,stop
RØ,2269,RG/86,18:45:00,18:46:00,stop
RØ,2269,GZ/86,18:52:00,18:53:00,stop
RØ,2269,NÆ/86,19:02:00,00:00:00,stop
RØ,2273,HG/86,00:00:00,17:58:00,stop
RØ,2273,SQ/86,18:01:00,18:02:00,stop
RØ,2273,GÆ/86,18:04:00,18:05:00,stop
RØ,2273,HUM/86,18:08:00,18:09:00,stop
RØ,2273,NI/86,18:12:00,18:13:00,stop
RØ,2273,OK/86,18:17:00,18:18:00,stop
RØ,2273,RU/86,18:20:00,18:21:00,stop
RØ,2273,VB/86,18:24:00,18:25:00,stop
RØ,2273,SÅ/86,18:28:00,18:29:00,stop
RØ,2273,KL/86,18:33:00,18:34:00,stop
RØ,2273,HL/86,18:39:00,18:40:00,stop
RØ,2273,HGL/86,18:42:00,18:42:00,stop
RØ,2273,KK/86,18:45:00,18:47:00,stop
RØ,2273,KN/86,18:49:00,18:50:00,stop
RØ,2273,KH/86,18:53:00,18:56:00,stop
RØ,2273,VAL/86,19:00:00,19:01:00,stop
RØ,2273,HIF/86,19:03:00,19:03:00,stop
RØ,2273,GL/86,19:05:00,19:05:00,pass
RØ,2273,HTÅ/86,19:10:00,19:11:00,stop
RØ,2273,HH/86,19:15:00,19:16:00,stop
RØ,2273,TRK/86,19:19:00,19:20:00,stop
RØ,2273,RO/86,19:23:00,19:24:00,stop
RØ,2273,VY/86,19:30:00,19:31:00,stop
RØ,2273,BO/86,19:36:00,19:37:00,stop
RØ,2273,KY/86,19:40:00,19:40:00,stop
RØ,2273,RG/86,19:45:00,19:46:00,stop
RØ,2273,GZ/86,19:52:00,19:53:00,stop
RØ,2273,NÆ/86,20:02:00,00:00:00,stop
RØ,2277,HG/86,00:00:00,18:58:00,stop
RØ,2277,SQ/86,19:01:00,19:02:00,stop
RØ,2277,GÆ/86,19:04:00,19:05:00,stop
RØ,2277,HUM/86,19:08:00,19:09:00,stop
RØ,2277,NI/86,19:12:00,19:13:00,stop
RØ,2277,OK/86,19:17:00,19:18:00,stop
RØ,2277,RU/86,19:20:00,19:21:00,stop
RØ,2277,VB/86,19:24:00,19:25:00,stop
RØ,2277,SÅ/86,19:28:00,19:29:00,stop
RØ,2277,KL/86,19:33:00,19:34:00,stop
RØ,2277,HL/86,19:39:00,19:40:00,stop
RØ,2277,HGL/86,19:42:00,19:42:00,stop
RØ,2277,KK/86,19:45:00,19:47:00,stop
RØ,2277,KN/86,19:49:00,19:50:00,stop
RØ,2277,KH/86,19:53:00,19:56:00,stop
RØ,2277,VAL/86,20:00:00,20:01:00,stop
RØ,2277,HIF/86,20:03:00,20:03:00,stop
RØ,2277,GL/86,20:05:00,20:05:00,pass
RØ,2277,HTÅ/86,20:10:00,20:11:00,stop
RØ,2277,HH/86,20:15:00,20:16:00,stop
RØ,2277,TRK/86,20:19:00,20:20:00,stop
RØ,2277,RO/86,20:23:00,20:24:00,stop
RØ,2277,VY/86,20:30:00,20:31:00,stop
RØ,2277,BO/86,20:36:00,20:37:00,stop
RØ,2277,KY/86,20:40:00,20:40:00,stop
RØ,2277,RG/86,20:45:00,20:46:00,stop
RØ,2277,GZ/86,20:52:00,20:53:00,stop
RØ,2277,NÆ/86,21:02:00,00:00:00,stop
RØ,2281,HG/86,00:00:00,19:58:00,stop
RØ,2281,SQ/86,20:01:00,20:02:00,stop
RØ,2281,GÆ/86,20:04:00,20:05:00,stop
RØ,2281,HUM/86,20:08:00,20:09:00,stop
RØ,2281,NI/86,20:12:00,20:13:00,stop
RØ,2281,OK/86,20:17:00,20:18:00,stop
RØ,2281,RU/86,20:20:00,20:21:00,stop
RØ,2281,VB/86,20:24:00,20:25:00,stop
RØ,2281,SÅ/86,20:28:00,20:29:00,stop
RØ,2281,KL/86,20:33:00,20:34:00,stop
RØ,2281,HL/86,20:39:00,20:40:00,stop
RØ,2281,HGL/86,20:42:00,20:42:00,stop
RØ,2281,KK/86,20:45:00,20:47:00,stop
RØ,2281,KN/86,20:49:00,20:50:00,stop
RØ,2281,KH/86,20:53:00,20:56:00,stop
RØ,2281,VAL/86,21:00:00,21:01:00,stop
RØ,2281,HIF/86,21:03:00,21:03:00,stop
RØ,2281,GL/86,21:05:00,21:05:00,pass
RØ,2281,HTÅ/86,21:10:00,21:11:00,stop
RØ,2281,HH/86,21:15:00,21:16:00,stop
RØ,2281,TRK/86,21:19:00,21:20:00,stop
RØ,2281,RO/86,21:23:00,21:24:00,stop
RØ,2281,VY/86,21:30:00,21:31:00,stop
RØ,2281,BO/86,21:36:00,21:37:00,stop
RØ,2281,KY/86,21:40:00,21:40:00,stop
RØ,2281,RG/86,21:45:00,21:46:00,stop
RØ,2281,GZ/86,21:52:00,21:53:00,stop
RØ,2281,NÆ/86,22:02:00,00:00:00,stop
RØ,2408,NÆ/86,00:00:00,06:36:00,stop
RØ,2408,NÆN/86,06:39:00,06:40:00,stop
RØ,2408,OL/86,06:44:00,06:45:00,stop
RØ,2408,HZ/86,06:51:00,06:52:00,stop
RØ,2408,TH/86,06:57:00,07:00:00,stop
RØ,2408,HF/86,07:04:00,07:05:00,stop
RØ,2408,KJ/86,07:09:00,07:15:00,stop
RØ,2408,ØLB/86,07:17:00,07:18:00,stop
RØ,2408,KJN/86,07:21:00,07:22:00,stop
RØ,2408,JSF/86,07:23:00,07:23:00,stop
RØ,2408,KIB/86,07:28:00,07:28:00,pass
RØ,2408,AVH/86,07:33:00,07:33:00,pass
RØ,2408,IG/86,07:36:00,07:36:00,pass
RØ,2408,NEL/86,07:36:20,07:37:20,stop
RØ,2408,GB/86,07:39:00,07:39:00,stop
RØ,2408,KH/86,07:43:00,00:00:00,stop
RØ,2412,NÆ/86,00:00:00,07:36:00,stop
RØ,2412,NÆN/86,07:39:00,07:40:00,stop
RØ,2412,OL/86,07:44:00,07:45:00,stop
RØ,2412,HZ/86,07:51:00,07:52:00,stop
RØ,2412,TH/86,07:57:00,08:00:00,stop
RØ,2412,HF/86,08:04:00,08:05:00,stop
RØ,2412,KJ/86,08:09:00,08:15:00,stop
RØ,2412,ØLB/86,08:17:00,08:18:00,stop
RØ,2412,KJN/86,08:21:00,08:22:00,stop
RØ,2412,JSF/86,08:23:00,08:23:00,stop
RØ,2412,KIB/86,08:28:00,08:28:00,pass
RØ,2412,AVH/86,08:33:00,08:33:00,pass
RØ,2412,IG/86,08:36:00,08:36:00,pass
RØ,2412,NEL/86,08:36:20,08:37:20,stop
RØ,2412,GB/86,08:39:00,08:39:00,stop
RØ,2412,KH/86,08:43:00,08:46:00,stop
RØ,2412,KN/86,08:48:00,08:49:00,stop
RØ,2412,KK/86,08:52:00,00:00:00,stop
RØ,2416,NÆ/86,00:00:00,08:36:00,stop
RØ,2416,NÆN/86,08:39:00,08:40:00,stop
RØ,2416,OL/86,08:44:00,08:45:00,stop
RØ,2416,HZ/86,08:51:00,08:52:00,stop
RØ,2416,TH/86,08:57:00,09:00:00,stop
RØ,2416,HF/86,09:04:00,09:05:00,stop
RØ,2416,KJ/86,09:09:00,09:15:00,stop
RØ,2416,ØLB/86,09:17:00,09:18:00,stop
RØ,2416,KJN/86,09:21:00,09:22:00,stop
RØ,2416,JSF/86,09:23:00,09:23:00,stop
RØ,2416,KIB/86,09:28:00,09:28:00,pass
RØ,2416,AVH/86,09:33:00,09:33:00,pass
RØ,2416,IG/86,09:36:00,09:36:00,pass
RØ,2416,NEL/86,09:36:20,09:37:20,stop
RØ,2416,GB/86,09:39:00,09:39:00,stop
RØ,2416,KH/86,09:43:00,09:46:00,stop
RØ,2416,KN/86,09:48:00,09:49:00,stop
RØ,2416,KK/86,09:52:00,00:00:00,stop
RØ,2420,NÆ/86,00:00:00,09:36:00,stop
RØ,2420,NÆN/86,09:39:00,09:40:00,stop
RØ,2420,OL/86,09:44:00,09:45:00,stop
RØ,2420,HZ/86,09:51:00,09:52:00,stop
RØ,2420,TH/86,09:57:00,10:00:00,stop
RØ,2420,HF/86,10:04:00,10:05:00,stop
RØ,2420,KJ/86,10:09:00,10:15:00,stop
RØ,2420,ØLB/86,10:17:00,10:18:00,stop
RØ,2420,KJN/86,10:21:00,10:22:00,stop
RØ,2420,JSF/86,10:23:00,10:23:00,stop
RØ,2420,KIB/86,10:28:00,10:28:00,pass
RØ,2420,AVH/86,10:33:00,10:33:00,pass
RØ,2420,IG/86,10:36:00,10:36:00,pass
RØ,2420,NEL/86,10:36:20,10:37:20,stop
RØ,2420,GB/86,10:39:00,10:39:00,stop
RØ,2420,KH/86,10:43:00,10:46:00,stop
RØ,2420,KN/86,10:48:00,10:49:00,stop
RØ,2420,KK/86,10:52:00,00:00:00,stop
RØ,2424,NÆ/86,00:00:00,10:36:00,stop
RØ,2424,NÆN/86,10:39:00,10:40:00,stop
RØ,2424,OL/86,10:44:00,10:45:00,stop
RØ,2424,HZ/86,10:51:00,10:52:00,stop
RØ,2424,TH/86,10:57:00,11:00:00,stop
RØ,2424,HF/86,11:04:00,11:05:00,stop
RØ,2424,KJ/86,11:09:00,11:15:00,stop
RØ,2424,ØLB/86,11:17:00,11:18:00,stop
RØ,2424,KJN/86,11:21:00,11:22:00,stop
RØ,2424,JSF/86,11:23:00,11:23:00,stop
RØ,2424,KIB/86,11:28:00,11:28:00,pass
RØ,2424,AVH/86,11:33:00,11:33:00,pass
RØ,2424,IG/86,11:36:00,11:36:00,pass
RØ,2424,NEL/86,11:36:20,11:37:20,stop
RØ,2424,GB/86,11:39:00,11:39:00,stop
RØ,2424,KH/86,11:43:00,00:00:00,stop
RØ,2428,NÆ/86,00:00:00,11:36:00,stop
RØ,2428,NÆN/86,11:39:00,11:40:00,stop
RØ,2428,OL/86,11:44:00,11:45:00,stop
RØ,2428,HZ/86,11:51:00,11:52:00,stop
RØ,2428,TH/86,11:57:00,12:00:00,stop
RØ,2428,HF/86,12:04:00,12:05:00,stop
RØ,2428,KJ/86,12:09:00,12:15:00,stop
RØ,2428,ØLB/86,12:17:00,12:18:00,stop
RØ,2428,KJN/86,12:21:00,12:22:00,stop
RØ,2428,JSF/86,12:23:00,12:23:00,stop
RØ,2428,KIB/86,12:28:00,12:28:00,pass
RØ,2428,AVH/86,12:33:00,12:33:00,pass
RØ,2428,IG/86,12:36:00,12:36:00,pass
RØ,2428,NEL/86,12:36:20,12:37:20,stop
RØ,2428,GB/86,12:39:00,12:39:00,stop
RØ,2428,KH/86,12:43:00,12:46:00,stop
RØ,2428,KN/86,12:48:00,12:49:00,stop
RØ,2428,KK/86,12:52:00,00:00:00,stop
RØ,2432,NÆ/86,00:00:00,12:36:00,stop
RØ,2432,NÆN/86,12:39:00,12:40:00,stop
RØ,2432,OL/86,12:44:00,12:45:00,stop
RØ,2432,HZ/86,12:51:00,12:52:00,stop
RØ,2432,TH/86,12:57:00,13:00:00,stop
RØ,2432,HF/86,13:04:00,13:05:00,stop
RØ,2432,KJ/86,13:09:00,13:15:00,stop
RØ,2432,ØLB/86,13:17:00,13:18:00,stop
RØ,2432,KJN/86,13:21:00,13:22:00,stop
RØ,2432,JSF/86,13:23:00,13:23:00,stop
RØ,2432,KIB/86,13:28:00,13:28:00,pass
RØ,2432,AVH/86,13:33:00,13:33:00,pass
RØ,2432,IG/86,13:36:00,13:36:00,pass
RØ,2432,NEL/86,13:36:20,13:37:20,stop
RØ,2432,GB/86,13:39:00,13:39:00,stop
RØ,2432,KH/86,13:43:00,13:46:00,stop
RØ,2432,KN/86,13:48:00,13:49:00,stop
RØ,2432,KK/86,13:52:00,00:00:00,stop
RØ,2436,NÆ/86,00:00:00,13:36:00,stop
RØ,2436,NÆN/86,13:39:00,13:40:00,stop
RØ,2436,OL/86,13:44:00,13:45:00,stop
RØ,2436,HZ/86,13:51:00,13:52:00,stop
RØ,2436,TH/86,13:57:00,14:00:00,stop
RØ,2436,HF/86,14:04:00,14:05:00,stop
RØ,2436,KJ/86,14:09:00,14:15:00,stop
RØ,2436,ØLB/86,14:17:00,14:18:00,stop
RØ,2436,KJN/86,14:21:00,14:22:00,stop
RØ,2436,JSF/86,14:23:00,14:23:00,stop
RØ,2436,KIB/86,14:28:00,14:28:00,pass
RØ,2436,AVH/86,14:33:00,14:33:00,pass
RØ,2436,IG/86,14:36:00,14:36:00,pass
RØ,2436,NEL/86,14:36:20,14:37:20,stop
RØ,2436,GB/86,14:39:00,14:39:00,stop
RØ,2436,KH/86,14:43:00,00:00:00,stop
RØ,2440,NÆ/86,00:00:00,14:36:00,stop
RØ,2440,NÆN/86,14:39:00,14:40:00,stop
RØ,2440,OL/86,14:44:00,14:45:00,stop
RØ,2440,HZ/86,14:51:00,14:52:00,stop
RØ,2440,TH/86,14:57:00,15:00:00,stop
RØ,2440,HF/86,15:04:00,15:05:00,stop
RØ,2440,KJ/86,15:09:00,15:15:00,stop
RØ,2440,ØLB/86,15:17:00,15:18:00,stop
RØ,2440,KJN/86,15:21:00,15:22:00,stop
RØ,2440,JSF/86,15:23:00,15:23:00,stop
RØ,2440,KIB/86,15:28:00,15:28:00,pass
RØ,2440,AVH/86,15:33:00,15:33:00,pass
RØ,2440,IG/86,15:36:00,15:36:00,pass
RØ,2440,NEL/86,15:36:20,15:37:20,stop
RØ,2440,GB/86,15:39:00,15:39:00,stop
RØ,2440,KH/86,15:43:00,00:00:00,stop
RØ,2444,NÆ/86,00:00:00,15:36:00,stop
RØ,2444,NÆN/86,15:39:00,15:40:00,stop
RØ,2444,OL/86,15:44:00,15:45:00,stop
RØ,2444,HZ/86,15:51:00,15:52:00,stop
RØ,2444,TH/86,15:57:00,16:00:00,stop
RØ,2444,HF/86,16:04:00,16:05:00,stop
RØ,2444,KJ/86,16:09:00,16:15:00,stop
RØ,2444,ØLB/86,16:17:00,16:18:00,stop
RØ,2444,KJN/86,16:21:00,16:22:00,stop
RØ,2444,JSF/86,16:23:00,16:23:00,stop
RØ,2444,KIB/86,16:28:00,16:28:00,pass
RØ,2444,AVH/86,16:33:00,16:33:00,pass
RØ,2444,IG/86,16:36:00,16:36:00,pass
RØ,2444,NEL/86,16:36:20,16:37:20,stop
RØ,2444,GB/86,16:39:00,16:39:00,stop
RØ,2444,KH/86,16:43:00,00:00:00,stop
RØ,2448,NÆ/86,00:00:00,16:36:00,stop
RØ,2448,NÆN/86,16:39:00,16:40:00,stop
RØ,2448,OL/86,16:44:00,16:45:00,stop
RØ,2448,HZ/86,16:51:00,16:52:00,stop
RØ,2448,TH/86,16:57:00,17:00:00,stop
RØ,2448,HF/86,17:04:00,17:05:00,stop
RØ,2448,KJ/86,17:09:00,17:15:00,stop
RØ,2448,ØLB/86,17:17:00,17:18:00,stop
RØ,2448,KJN/86,17:21:00,17:22:00,stop
RØ,2448,JSF/86,17:23:00,17:23:00,stop
RØ,2448,KIB/86,17:28:00,17:28:00,pass
RØ,2448,AVH/86,17:33:00,17:33:00,pass
RØ,2448,IG/86,17:36:00,17:36:00,pass
RØ,2448,NEL/86,17:36:20,17:37:20,stop
RØ,2448,GB/86,17:39:00,17:39:00,stop
RØ,2448,KH/86,17:43:00,00:00:00,stop
RØ,2252,NÆ/86,00:00:00,17:58:00,stop
RØ,2252,GZ/86,18:06:00,18:07:00,stop
RØ,2252,RG/86,18:13:00,18:14:00,stop
RØ,2252,KY/86,18:18:00,18:18:00,stop
RØ,2252,BO/86,18:22:00,18:23:00,stop
RØ,2252,VY/86,18:28:00,18:29:00,stop
RØ,2252,RO/86,18:35:00,18:37:00,stop
RØ,2252,TRK/86,18:39:00,18:40:00,stop
RØ,2252,HH/86,18:43:00,18:44:00,stop
RØ,2252,HTÅ/86,18:48:00,18:49:00,stop
RØ,2252,GL/86,18:53:00,18:53:00,stop
RØ,2252,HIF/86,18:55:00,18:55:00,pass
RØ,2252,VAL/86,18:57:00,18:58:00,stop
RØ,2252,KH/86,19:04:00,19:07:00,stop
RØ,2252,KN/86,19:09:00,19:10:00,stop
RØ,2252,KK/86,19:13:00,19:14:00,stop
RØ,2252,HGL/86,19:16:00,19:16:00,stop
RØ,2252,HL/86,19:19:00,19:20:00,stop
RØ,2252,KL/86,19:24:00,19:25:00,stop
RØ,2252,SÅ/86,19:29:00,19:30:00,stop
RØ,2252,VB/86,19:33:00,19:34:00,stop
RØ,2252,RU/86,19:37:00,19:38:00,stop
RØ,2252,OK/86,19:41:00,19:42:00,stop
RØ,2252,NI/86,19:45:00,19:46:00,stop
RØ,2252,HUM/86,19:49:00,19:50:00,stop
RØ,2252,GÆ/86,19:53:00,19:54:00,stop
RØ,2252,SQ/86,19:57:00,19:58:00,stop
RØ,2252,HG/86,20:02:00,00:00:00,stop
RØ,2248,NÆ/86,00:00:00,16:58:00,stop
RØ,2248,GZ/86,17:06:00,17:07:00,stop
RØ,2248,RG/86,17:13:00,17:14:00,stop
RØ,2248,KY/86,17:18:00,17:18:00,stop
RØ,2248,BO/86,17:22:00,17:23:00,stop
RØ,2248,VY/86,17:28:00,17:29:00,stop
RØ,2248,RO/86,17:35:00,17:37:00,stop
RØ,2248,TRK/86,17:39:00,17:40:00,stop
RØ,2248,HH/86,17:43:00,17:44:00,stop
RØ,2248,HTÅ/86,17:48:00,17:49:00,stop
RØ,2248,GL/86,17:53:00,17:53:00,stop
RØ,2248,HIF/86,17:55:00,17:55:00,pass
RØ,2248,VAL/86,17:57:00,17:58:00,stop
RØ,2248,KH/86,18:04:00,18:07:00,stop
RØ,2248,KN/86,18:09:00,18:10:00,stop
RØ,2248,KK/86,18:13:00,18:14:00,stop
RØ,2248,HGL/86,18:16:00,18:16:00,stop
RØ,2248,HL/86,18:19:00,18:20:00,stop
RØ,2248,KL/86,18:24:00,18:25:00,stop
RØ,2248,SÅ/86,18:29:00,18:30:00,stop
RØ,2248,VB/86,18:33:00,18:34:00,stop
RØ,2248,RU/86,18:37:00,18:38:00,stop
RØ,2248,OK/86,18:41:00,18:42:00,stop
RØ,2248,NI/86,18:45:00,18:46:00,stop
RØ,2248,HUM/86,18:49:00,18:50:00,stop
RØ,2248,GÆ/86,18:53:00,18:54:00,stop
RØ,2248,SQ/86,18:57:00,18:58:00,stop
RØ,2248,HG/86,19:02:00,00:00:00,stop
RØ,1257,KH/86,00:00:00,15:08:00,stop
RØ,1257,GB/86,15:11:00,15:11:00,stop
RØ,1257,NEL/86,15:12:00,15:13:00,stop
RØ,1257,IG/86,15:14:00,15:14:00,stop
RØ,1257,AVH/86,15:16:00,15:16:00,pass
RØ,1257,KIB/86,15:21:00,15:21:00,pass
RØ,1257,JSF/86,15:25:00,15:25:00,pass
RØ,1257,KJN/86,15:26:00,15:26:00,pass
RØ,1257,LEL/86,15:27:00,15:27:00,pass
RØ,1257,BJS/86,15:30:00,15:30:00,pass
RØ,1257,ADA/86,15:34:00,15:34:00,pass
RØ,1257,RG/86,15:37:00,15:39:00,stop
RØ,1257,GZ/86,15:44:00,15:44:00,stop
RØ,1257,NÆ/86,15:51:00,15:53:00,stop
RØ,1257,MOG/86,15:56:00,15:56:00,stop
RØ,1257,LU/86,16:00:00,16:00:00,pass
RØ,1257,VO/86,16:05:00,16:07:00,stop
RØ,1257,MN/86,16:10:00,16:10:00,stop
RØ,1257,OH/86,16:14:00,16:14:00,pass
RØ,1257,NV/86,16:17:00,16:17:00,pass
RØ,1257,EK/86,16:18:00,16:18:00,pass
RØ,1257,TN/86,16:20:00,16:20:00,pass
RØ,1257,NF/86,16:23:00,00:00:00,stop
RØ,2217,KH/86,00:00:00,04:56:00,stop
RØ,2217,VAL/86,05:00:00,05:01:00,stop
RØ,2217,HIF/86,05:03:00,05:03:00,stop
RØ,2217,GL/86,05:05:00,05:05:00,pass
RØ,2217,HTÅ/86,05:10:00,05:11:00,stop
RØ,2217,HH/86,05:15:00,05:16:00,stop
RØ,2217,TRK/86,05:19:00,05:20:00,stop
RØ,2217,RO/86,05:23:00,05:24:00,stop
RØ,2217,VY/86,05:30:00,05:31:00,stop
RØ,2217,BO/86,05:36:00,05:37:00,stop
RØ,2217,KY/86,05:40:00,05:40:00,stop
RØ,2217,RG/86,05:45:00,05:46:00,stop
RØ,2217,GZ/86,05:52:00,05:53:00,stop
RØ,2217,NÆ/86,06:02:00,00:00:00,stop
RØ,2202,KH/86,00:00:00,06:07:00,stop
RØ,2202,KN/86,06:09:00,06:10:00,stop
RØ,2202,KK/86,06:13:00,06:14:00,stop
RØ,2202,HGL/86,06:16:00,06:16:00,stop
RØ,2202,HL/86,06:19:00,06:20:00,stop
RØ,2202,KL/86,06:24:00,06:25:00,stop
RØ,2202,SÅ/86,06:29:00,06:30:00,stop
RØ,2202,VB/86,06:33:00,06:34:00,stop
RØ,2202,RU/86,06:37:00,06:38:00,stop
RØ,2202,OK/86,06:41:00,06:42:00,stop
RØ,2202,NI/86,06:45:00,06:46:00,stop
RØ,2202,HUM/86,06:49:00,06:50:00,stop
RØ,2202,GÆ/86,06:53:00,06:54:00,stop
RØ,2202,SQ/86,06:57:00,06:58:00,stop
RØ,2202,HG/86,07:02:00,00:00:00,stop
RØ,4206,VO/86,00:00:00,06:10:00,stop
RØ,4206,LU/86,06:16:00,06:17:00,stop
RØ,4206,MOG/86,06:22:00,06:22:00,stop
RØ,4206,NÆ/86,06:26:00,06:28:00,stop
RØ,4206,GZ/86,06:36:00,06:37:00,stop
RØ,4206,RG/86,06:43:00,06:44:00,stop
RØ,4206,KY/86,06:48:00,06:48:00,stop
RØ,4206,BO/86,06:52:00,06:53:00,stop
RØ,4206,VY/86,06:58:00,06:59:00,stop
RØ,4206,RO/86,07:05:00,07:07:00,stop
RØ,4206,TRK/86,07:09:00,07:10:00,stop
RØ,4206,HH/86,07:13:00,07:14:00,stop
RØ,4206,HTÅ/86,07:18:00,07:19:00,stop
RØ,4206,GL/86,07:23:00,07:23:00,stop
RØ,4206,HIF/86,07:25:00,07:25:00,pass
RØ,4206,VAL/86,07:27:00,07:28:00,stop
RØ,4206,KH/86,07:34:00,07:37:00,stop
RØ,4206,KN/86,07:39:00,07:40:00,stop
RØ,4206,KK/86,07:43:00,07:44:00,stop
RØ,4206,HGL/86,07:46:00,07:46:00,stop
RØ,4206,HL/86,07:49:00,07:50:00,stop
RØ,4206,KL/86,07:54:00,07:55:00,stop
RØ,4206,SÅ/86,07:59:00,08:00:00,stop
RØ,4206,VB/86,08:03:00,08:04:00,stop
RØ,4206,RU/86,08:07:00,08:08:00,stop
RØ,4206,OK/86,08:11:00,08:12:00,stop
RØ,4206,NI/86,08:15:00,08:16:00,stop
RØ,4206,HUM/86,08:19:00,08:20:00,stop
RØ,4206,GÆ/86,08:23:00,08:24:00,stop
RØ,4206,SQ/86,08:27:00,08:28:00,stop
RØ,4206,HG/86,08:32:00,00:00:00,stop
RØ,3402,KH/86,00:00:00,06:16:00,stop
RØ,3402,KN/86,06:18:00,06:19:00,stop
RØ,3402,KK/86,06:22:00,06:23:00,stop
RØ,3402,HGL/86,06:26:00,06:26:00,stop
RØ,3402,HL/86,06:29:00,06:30:00,stop
RØ,3402,KL/86,06:35:00,06:35:00,stop
RØ,3402,SÅ/86,06:39:00,06:39:00,pass
RØ,3402,VB/86,06:41:00,06:41:00,pass
RØ,3402,RU/86,06:44:00,06:44:00,pass
RØ,3402,OK/86,06:47:00,06:48:00,stop
RØ,3402,NI/86,06:51:00,06:52:00,stop
RØ,3402,HUM/86,06:55:00,06:56:00,stop
RØ,3402,GÆ/86,06:59:00,07:00:00,stop
RØ,3402,SQ/86,07:03:00,07:03:00,stop
RØ,3402,HG/86,07:06:00,00:00:00,stop
RØ,3406,KH/86,00:00:00,07:16:00,stop
RØ,3406,KN/86,07:18:00,07:19:00,stop
RØ,3406,KK/86,07:22:00,07:23:00,stop
RØ,3406,HGL/86,07:26:00,07:26:00,stop
RØ,3406,HL/86,07:29:00,07:30:00,stop
RØ,3406,KL/86,07:35:00,07:35:00,stop
RØ,3406,SÅ/86,07:39:00,07:39:00,pass
RØ,3406,VB/86,07:41:00,07:41:00,pass
RØ,3406,RU/86,07:44:00,07:44:00,pass
RØ,3406,OK/86,07:47:00,07:48:00,stop
RØ,3406,NI/86,07:51:00,07:52:00,stop
RØ,3406,HUM/86,07:55:00,07:56:00,stop
RØ,3406,GÆ/86,07:59:00,08:00:00,stop
RØ,3406,SQ/86,08:03:00,08:03:00,stop
RØ,3406,HG/86,08:06:00,00:00:00,stop
RØ,3438,KH/86,00:00:00,15:16:00,stop
RØ,3438,KN/86,15:18:00,15:19:00,stop
RØ,3438,KK/86,15:22:00,15:23:00,stop
RØ,3438,HGL/86,15:26:00,15:26:00,stop
RØ,3438,HL/86,15:29:00,15:30:00,stop
RØ,3438,KL/86,15:35:00,15:35:00,stop
RØ,3438,SÅ/86,15:39:00,15:39:00,pass
RØ,3438,VB/86,15:41:00,15:41:00,pass
RØ,3438,RU/86,15:44:00,15:44:00,pass
RØ,3438,OK/86,15:47:00,15:48:00,stop
RØ,3438,NI/86,15:51:00,15:52:00,stop
RØ,3438,HUM/86,15:55:00,15:56:00,stop
RØ,3438,GÆ/86,15:59:00,16:00:00,stop
RØ,3438,SQ/86,16:03:00,16:03:00,stop
RØ,3438,HG/86,16:06:00,00:00:00,stop
RØ,3446,KH/86,00:00:00,17:16:00,stop
RØ,3446,KN/86,17:18:00,17:19:00,stop
RØ,3446,KK/86,17:22:00,17:23:00,stop
RØ,3446,HGL/86,17:26:00,17:26:00,stop
RØ,3446,HL/86,17:29:00,17:30:00,stop
RØ,3446,KL/86,17:35:00,17:35:00,stop
RØ,3446,SÅ/86,17:39:00,17:39:00,pass
RØ,3446,VB/86,17:41:00,17:41:00,pass
RØ,3446,RU/86,17:44:00,17:44:00,pass
RØ,3446,OK/86,17:47:00,17:48:00,stop
RØ,3446,NI/86,17:51:00,17:52:00,stop
RØ,3446,HUM/86,17:55:00,17:56:00,stop
RØ,3446,GÆ/86,17:59:00,18:00:00,stop
RØ,3446,SQ/86,18:03:00,18:03:00,stop
RØ,3446,HG/86,18:06:00,00:00:00,stop
RØ,3450,KH/86,00:00:00,18:16:00,stop
RØ,3450,KN/86,18:18:00,18:19:00,stop
RØ,3450,KK/86,18:22:00,18:23:00,stop
RØ,3450,HGL/86,18:26:00,18:26:00,stop
RØ,3450,HL/86,18:29:00,18:30:00,stop
RØ,3450,KL/86,18:35:00,18:35:00,stop
RØ,3450,SÅ/86,18:39:00,18:39:00,pass
RØ,3450,VB/86,18:41:00,18:41:00,pass
RØ,3450,RU/86,18:44:00,18:44:00,pass
RØ,3450,OK/86,18:47:00,18:48:00,stop
RØ,3450,NI/86,18:51:00,18:52:00,stop
RØ,3450,HUM/86,18:55:00,18:56:00,stop
RØ,3450,GÆ/86,18:59:00,19:00:00,stop
RØ,3450,SQ/86,19:03:00,19:03:00,stop
RØ,3450,HG/86,19:06:00,00:00:00,stop
RØ,2460,NÆ/86,00:00:00,19:36:00,stop
RØ,2460,NÆN/86,19:39:00,19:40:00,stop
RØ,2460,OL/86,19:44:00,19:45:00,stop
RØ,2460,HZ/86,19:51:00,19:52:00,stop
RØ,2460,TH/86,19:57:00,20:00:00,stop
RØ,2460,HF/86,20:04:00,20:05:00,stop
RØ,2460,KJ/86,20:09:00,20:15:00,stop
RØ,2460,ØLB/86,20:17:00,20:18:00,stop
RØ,2460,KJN/86,20:21:00,20:22:00,stop
RØ,2460,JSF/86,20:23:00,20:23:00,stop
RØ,2460,KIB/86,20:28:00,20:28:00,pass
RØ,2460,AVH/86,20:33:00,20:33:00,pass
RØ,2460,IG/86,20:36:00,20:36:00,pass
RØ,2460,NEL/86,20:36:20,20:37:20,stop
RØ,2460,GB/86,20:39:00,20:39:00,stop
RØ,2460,KH/86,20:43:00,00:00:00,stop
RØ,2464,NÆ/86,00:00:00,20:36:00,stop
RØ,2464,NÆN/86,20:39:00,20:40:00,stop
RØ,2464,OL/86,20:44:00,20:45:00,stop
RØ,2464,HZ/86,20:51:00,20:52:00,stop
RØ,2464,TH/86,20:57:00,21:00:00,stop
RØ,2464,HF/86,21:04:00,21:05:00,stop
RØ,2464,KJ/86,21:09:00,21:15:00,stop
RØ,2464,ØLB/86,21:17:00,21:18:00,stop
RØ,2464,KJN/86,21:21:00,21:22:00,stop
RØ,2464,JSF/86,21:23:00,21:23:00,stop
RØ,2464,KIB/86,21:28:00,21:28:00,pass
RØ,2464,AVH/86,21:33:00,21:33:00,pass
RØ,2464,IG/86,21:36:00,21:36:00,pass
RØ,2464,NEL/86,21:36:20,21:37:20,stop
RØ,2464,GB/86,21:39:00,21:39:00,stop
RØ,2464,KH/86,21:43:00,00:00:00,stop
RØ,2476,NÆ/86,00:00:00,23:36:00,stop
RØ,2476,NÆN/86,23:39:00,23:40:00,stop
RØ,2476,OL/86,23:44:00,23:45:00,stop
RØ,2476,HZ/86,23:51:00,23:52:00,stop
RØ,2476,TH/86,23:57:00,00:00:00,stop
RØ,2476,HF/86,00:04:00,00:05:00,stop
RØ,2476,KJ/86,00:09:00,00:15:00,stop
RØ,2476,ØLB/86,00:17:00,00:18:00,stop
RØ,2476,KJN/86,00:21:00,00:22:00,stop
RØ,2476,JSF/86,00:23:00,00:23:00,stop
RØ,2476,KIB/86,00:28:00,00:28:00,pass
RØ,2476,AVH/86,00:33:00,00:33:00,pass
RØ,2476,IG/86,00:36:00,00:36:00,pass
RØ,2476,NEL/86,00:36:20,00:37:20,stop
RØ,2476,GB/86,00:39:00,00:39:00,stop
RØ,2476,KH/86,00:43:00,00:54:00,stop
RØ,2476,KN/86,00:56:00,00:57:00,stop
RØ,2476,KK/86,01:00:00,01:03:00,stop
RØ,2476,HGL/86,01:06:00,00:00:00,stop
RØ,2419,KH/86,00:00:00,05:17:00,stop
RØ,2419,GB/86,05:20:00,05:20:00,stop
RØ,2419,NEL/86,05:21:00,05:22:00,stop
RØ,2419,IG/86,05:23:00,05:23:00,stop
RØ,2419,AVH/86,05:25:00,05:25:00,pass
RØ,2419,KIB/86,05:30:00,05:30:00,pass
RØ,2419,JSF/86,05:35:00,05:35:00,pass
RØ,2419,KJN/86,05:36:00,05:37:00,stop
RØ,2419,ØLB/86,05:40:00,05:41:00,stop
RØ,2419,KJ/86,05:43:00,05:49:00,stop
RØ,2419,HF/86,05:53:00,05:54:00,stop
RØ,2419,TH/86,05:59:00,06:00:00,stop
RØ,2419,HZ/86,06:05:00,06:06:00,stop
RØ,2419,OL/86,06:12:00,06:14:00,stop
RØ,2419,NÆN/86,06:17:00,06:18:00,stop
RØ,2419,NÆ/86,06:22:00,00:00:00,stop
RØ,2423,KH/86,00:00:00,06:17:00,stop
RØ,2423,GB/86,06:20:00,06:20:00,stop
RØ,2423,NEL/86,06:21:00,06:22:00,stop
RØ,2423,IG/86,06:23:00,06:23:00,stop
RØ,2423,AVH/86,06:25:00,06:25:00,pass
RØ,2423,KIB/86,06:30:00,06:30:00,pass
RØ,2423,JSF/86,06:35:00,06:35:00,pass
RØ,2423,KJN/86,06:36:00,06:37:00,stop
RØ,2423,ØLB/86,06:40:00,06:41:00,stop
RØ,2423,KJ/86,06:43:00,06:49:00,stop
RØ,2423,HF/86,06:53:00,06:54:00,stop
RØ,2423,TH/86,06:59:00,07:00:00,stop
RØ,2423,HZ/86,07:05:00,07:06:00,stop
RØ,2423,OL/86,07:12:00,07:14:00,stop
RØ,2423,NÆN/86,07:17:00,07:18:00,stop
RØ,2423,NÆ/86,07:22:00,00:00:00,stop
RØ,2427,KH/86,00:00:00,07:17:00,stop
RØ,2427,GB/86,07:20:00,07:20:00,stop
RØ,2427,NEL/86,07:21:00,07:22:00,stop
RØ,2427,IG/86,07:23:00,07:23:00,stop
RØ,2427,AVH/86,07:25:00,07:25:00,pass
RØ,2427,KIB/86,07:30:00,07:30:00,pass
RØ,2427,JSF/86,07:35:00,07:35:00,pass
RØ,2427,KJN/86,07:36:00,07:37:00,stop
RØ,2427,ØLB/86,07:40:00,07:41:00,stop
RØ,2427,KJ/86,07:43:00,07:49:00,stop
RØ,2427,HF/86,07:53:00,07:54:00,stop
RØ,2427,TH/86,07:59:00,08:00:00,stop
RØ,2427,HZ/86,08:05:00,08:06:00,stop
RØ,2427,OL/86,08:12:00,08:14:00,stop
RØ,2427,NÆN/86,08:17:00,08:18:00,stop
RØ,2427,NÆ/86,08:22:00,00:00:00,stop
RØ,2431,KH/86,00:00:00,08:17:00,stop
RØ,2431,GB/86,08:20:00,08:20:00,stop
RØ,2431,NEL/86,08:21:00,08:22:00,stop
RØ,2431,IG/86,08:23:00,08:23:00,stop
RØ,2431,AVH/86,08:25:00,08:25:00,pass
RØ,2431,KIB/86,08:30:00,08:30:00,pass
RØ,2431,JSF/86,08:35:00,08:35:00,pass
RØ,2431,KJN/86,08:36:00,08:37:00,stop
RØ,2431,ØLB/86,08:40:00,08:41:00,stop
RØ,2431,KJ/86,08:43:00,08:49:00,stop
RØ,2431,HF/86,08:53:00,08:54:00,stop
RØ,2431,TH/86,08:59:00,09:00:00,stop
RØ,2431,HZ/86,09:05:00,09:06:00,stop
RØ,2431,OL/86,09:12:00,09:14:00,stop
RØ,2431,NÆN/86,09:17:00,09:18:00,stop
RØ,2431,NÆ/86,09:22:00,00:00:00,stop
RØ,2435,KH/86,00:00:00,09:17:00,stop
RØ,2435,GB/86,09:20:00,09:20:00,stop
RØ,2435,NEL/86,09:21:00,09:22:00,stop
RØ,2435,IG/86,09:23:00,09:23:00,stop
RØ,2435,AVH/86,09:25:00,09:25:00,pass
RØ,2435,KIB/86,09:30:00,09:30:00,pass
RØ,2435,JSF/86,09:35:00,09:35:00,pass
RØ,2435,KJN/86,09:36:00,09:37:00,stop
RØ,2435,ØLB/86,09:40:00,09:41:00,stop
RØ,2435,KJ/86,09:43:00,09:49:00,stop
RØ,2435,HF/86,09:53:00,09:54:00,stop
RØ,2435,TH/86,09:59:00,10:00:00,stop
RØ,2435,HZ/86,10:05:00,10:06:00,stop
RØ,2435,OL/86,10:12:00,10:14:00,stop
RØ,2435,NÆN/86,10:17:00,10:18:00,stop
RØ,2435,NÆ/86,10:22:00,00:00:00,stop
RØ,2439,KK/86,00:00:00,10:08:00,stop
RØ,2439,KN/86,10:10:00,10:11:00,stop
RØ,2439,KH/86,10:14:00,10:17:00,stop
RØ,2439,GB/86,10:20:00,10:20:00,stop
RØ,2439,NEL/86,10:21:00,10:22:00,stop
RØ,2439,IG/86,10:23:00,10:23:00,stop
RØ,2439,AVH/86,10:25:00,10:25:00,pass
RØ,2439,KIB/86,10:30:00,10:30:00,pass
RØ,2439,JSF/86,10:35:00,10:35:00,pass
RØ,2439,KJN/86,10:36:00,10:37:00,stop
RØ,2439,ØLB/86,10:40:00,10:41:00,stop
RØ,2439,KJ/86,10:43:00,10:49:00,stop
RØ,2439,HF/86,10:53:00,10:54:00,stop
RØ,2439,TH/86,10:59:00,11:00:00,stop
RØ,2439,HZ/86,11:05:00,11:06:00,stop
RØ,2439,OL/86,11:12:00,11:14:00,stop
RØ,2439,NÆN/86,11:17:00,11:18:00,stop
RØ,2439,NÆ/86,11:22:00,00:00:00,stop
RØ,2443,KK/86,00:00:00,11:08:00,stop
RØ,2443,KN/86,11:10:00,11:11:00,stop
RØ,2443,KH/86,11:14:00,11:17:00,stop
RØ,2443,GB/86,11:20:00,11:20:00,stop
RØ,2443,NEL/86,11:21:00,11:22:00,stop
RØ,2443,IG/86,11:23:00,11:23:00,stop
RØ,2443,AVH/86,11:25:00,11:25:00,pass
RØ,2443,KIB/86,11:30:00,11:30:00,pass
RØ,2443,JSF/86,11:35:00,11:35:00,pass
RØ,2443,KJN/86,11:36:00,11:37:00,stop
RØ,2443,ØLB/86,11:40:00,11:41:00,stop
RØ,2443,KJ/86,11:43:00,11:49:00,stop
RØ,2443,HF/86,11:53:00,11:54:00,stop
RØ,2443,TH/86,11:59:00,12:00:00,stop
RØ,2443,HZ/86,12:05:00,12:06:00,stop
RØ,2443,OL/86,12:12:00,12:14:00,stop
RØ,2443,NÆN/86,12:17:00,12:18:00,stop
RØ,2443,NÆ/86,12:22:00,00:00:00,stop
RØ,2447,KK/86,00:00:00,12:08:00,stop
RØ,2447,KN/86,12:10:00,12:11:00,stop
RØ,2447,KH/86,12:14:00,12:17:00,stop
RØ,2447,GB/86,12:20:00,12:20:00,stop
RØ,2447,NEL/86,12:21:00,12:22:00,stop
RØ,2447,IG/86,12:23:00,12:23:00,stop
RØ,2447,AVH/86,12:25:00,12:25:00,pass
RØ,2447,KIB/86,12:30:00,12:30:00,pass
RØ,2447,JSF/86,12:35:00,12:35:00,pass
RØ,2447,KJN/86,12:36:00,12:37:00,stop
RØ,2447,ØLB/86,12:40:00,12:41:00,stop
RØ,2447,KJ/86,12:43:00,12:49:00,stop
RØ,2447,HF/86,12:53:00,12:54:00,stop
RØ,2447,TH/86,12:59:00,13:00:00,stop
RØ,2447,HZ/86,13:05:00,13:06:00,stop
RØ,2447,OL/86,13:12:00,13:14:00,stop
RØ,2447,NÆN/86,13:17:00,13:18:00,stop
RØ,2447,NÆ/86,13:22:00,00:00:00,stop
RØ,2451,KK/86,00:00:00,13:08:00,stop
RØ,2451,KN/86,13:10:00,13:11:00,stop
RØ,2451,KH/86,13:14:00,13:17:00,stop
RØ,2451,GB/86,13:20:00,13:20:00,stop
RØ,2451,NEL/86,13:21:00,13:22:00,stop
RØ,2451,IG/86,13:23:00,13:23:00,stop
RØ,2451,AVH/86,13:25:00,13:25:00,pass
RØ,2451,KIB/86,13:30:00,13:30:00,pass
RØ,2451,JSF/86,13:35:00,13:35:00,pass
RØ,2451,KJN/86,13:36:00,13:37:00,stop
RØ,2451,ØLB/86,13:40:00,13:41:00,stop
RØ,2451,KJ/86,13:43:00,13:49:00,stop
RØ,2451,HF/86,13:53:00,13:54:00,stop
RØ,2451,TH/86,13:59:00,14:00:00,stop
RØ,2451,HZ/86,14:05:00,14:06:00,stop
RØ,2451,OL/86,14:12:00,14:14:00,stop
RØ,2451,NÆN/86,14:17:00,14:18:00,stop
RØ,2451,NÆ/86,14:22:00,00:00:00,stop
RØ,2455,KK/86,00:00:00,14:08:00,stop
RØ,2455,KN/86,14:10:00,14:11:00,stop
RØ,2455,KH/86,14:14:00,14:17:00,stop
RØ,2455,GB/86,14:20:00,14:20:00,stop
RØ,2455,NEL/86,14:21:00,14:22:00,stop
RØ,2455,IG/86,14:23:00,14:23:00,stop
RØ,2455,AVH/86,14:25:00,14:25:00,pass
RØ,2455,KIB/86,14:30:00,14:30:00,pass
RØ,2455,JSF/86,14:35:00,14:35:00,pass
RØ,2455,KJN/86,14:36:00,14:37:00,stop
RØ,2455,ØLB/86,14:40:00,14:41:00,stop
RØ,2455,KJ/86,14:43:00,14:49:00,stop
RØ,2455,HF/86,14:53:00,14:54:00,stop
RØ,2455,TH/86,14:59:00,15:00:00,stop
RØ,2455,HZ/86,15:05:00,15:06:00,stop
RØ,2455,OL/86,15:12:00,15:14:00,stop
RØ,2455,NÆN/86,15:17:00,15:18:00,stop
RØ,2455,NÆ/86,15:22:00,00:00:00,stop
RØ,2459,KK/86,00:00:00,15:08:00,stop
RØ,2459,KN/86,15:10:00,15:11:00,stop
RØ,2459,KH/86,15:14:00,15:17:00,stop
RØ,2459,GB/86,15:20:00,15:20:00,stop
RØ,2459,NEL/86,15:21:00,15:22:00,stop
RØ,2459,IG/86,15:23:00,15:23:00,stop
RØ,2459,AVH/86,15:25:00,15:25:00,pass
RØ,2459,KIB/86,15:30:00,15:30:00,pass
RØ,2459,JSF/86,15:35:00,15:35:00,pass
RØ,2459,KJN/86,15:36:00,15:37:00,stop
RØ,2459,ØLB/86,15:40:00,15:41:00,stop
RØ,2459,KJ/86,15:43:00,15:49:00,stop
RØ,2459,HF/86,15:53:00,15:54:00,stop
RØ,2459,TH/86,15:59:00,16:00:00,stop
RØ,2459,HZ/86,16:05:00,16:06:00,stop
RØ,2459,OL/86,16:12:00,16:14:00,stop
RØ,2459,NÆN/86,16:17:00,16:18:00,stop
RØ,2459,NÆ/86,16:22:00,00:00:00,stop
RØ,2463,KH/86,00:00:00,16:17:00,stop
RØ,2463,GB/86,16:20:00,16:20:00,stop
RØ,2463,NEL/86,16:21:00,16:22:00,stop
RØ,2463,IG/86,16:23:00,16:23:00,stop
RØ,2463,AVH/86,16:25:00,16:25:00,pass
RØ,2463,KIB/86,16:30:00,16:30:00,pass
RØ,2463,JSF/86,16:35:00,16:35:00,pass
RØ,2463,KJN/86,16:36:00,16:37:00,stop
RØ,2463,ØLB/86,16:40:00,16:41:00,stop
RØ,2463,KJ/86,16:43:00,16:49:00,stop
RØ,2463,HF/86,16:53:00,16:54:00,stop
RØ,2463,TH/86,16:59:00,17:00:00,stop
RØ,2463,HZ/86,17:05:00,17:06:00,stop
RØ,2463,OL/86,17:12:00,17:14:00,stop
RØ,2463,NÆN/86,17:17:00,17:18:00,stop
RØ,2463,NÆ/86,17:22:00,00:00:00,stop
RØ,2467,KH/86,00:00:00,17:17:00,stop
RØ,2467,GB/86,17:20:00,17:20:00,stop
RØ,2467,NEL/86,17:21:00,17:22:00,stop
RØ,2467,IG/86,17:23:00,17:23:00,stop
RØ,2467,AVH/86,17:25:00,17:25:00,pass
RØ,2467,KIB/86,17:30:00,17:30:00,pass
RØ,2467,JSF/86,17:35:00,17:35:00,pass
RØ,2467,KJN/86,17:36:00,17:37:00,stop
RØ,2467,ØLB/86,17:40:00,17:41:00,stop
RØ,2467,KJ/86,17:43:00,17:49:00,stop
RØ,2467,HF/86,17:53:00,17:54:00,stop
RØ,2467,TH/86,17:59:00,18:00:00,stop
RØ,2467,HZ/86,18:05:00,18:06:00,stop
RØ,2467,OL/86,18:12:00,18:14:00,stop
RØ,2467,NÆN/86,18:17:00,18:18:00,stop
RØ,2467,NÆ/86,18:22:00,00:00:00,stop
RØ,2471,KH/86,00:00:00,18:17:00,stop
RØ,2471,GB/86,18:20:00,18:20:00,stop
RØ,2471,NEL/86,18:21:00,18:22:00,stop
RØ,2471,IG/86,18:23:00,18:23:00,stop
RØ,2471,AVH/86,18:25:00,18:25:00,pass
RØ,2471,KIB/86,18:30:00,18:30:00,pass
RØ,2471,JSF/86,18:35:00,18:35:00,pass
RØ,2471,KJN/86,18:36:00,18:37:00,stop
RØ,2471,ØLB/86,18:40:00,18:41:00,stop
RØ,2471,KJ/86,18:43:00,18:49:00,stop
RØ,2471,HF/86,18:53:00,18:54:00,stop
RØ,2471,TH/86,18:59:00,19:00:00,stop
RØ,2471,HZ/86,19:05:00,19:06:00,stop
RØ,2471,OL/86,19:12:00,19:14:00,stop
RØ,2471,NÆN/86,19:17:00,19:18:00,stop
RØ,2471,NÆ/86,19:22:00,00:00:00,stop
RØ,2475,KH/86,00:00:00,19:17:00,stop
RØ,2475,GB/86,19:20:00,19:20:00,stop
RØ,2475,NEL/86,19:21:00,19:22:00,stop
RØ,2475,IG/86,19:23:00,19:23:00,stop
RØ,2475,AVH/86,19:25:00,19:25:00,pass
RØ,2475,KIB/86,19:30:00,19:30:00,pass
RØ,2475,JSF/86,19:35:00,19:35:00,pass
RØ,2475,KJN/86,19:36:00,19:37:00,stop
RØ,2475,ØLB/86,19:40:00,19:41:00,stop
RØ,2475,KJ/86,19:43:00,19:49:00,stop
RØ,2475,HF/86,19:53:00,19:54:00,stop
RØ,2475,TH/86,19:59:00,20:00:00,stop
RØ,2475,HZ/86,20:05:00,20:06:00,stop
RØ,2475,OL/86,20:12:00,20:14:00,stop
RØ,2475,NÆN/86,20:17:00,20:18:00,stop
RØ,2475,NÆ/86,20:22:00,00:00:00,stop
RØ,2479,KK/86,00:00:00,20:08:00,stop
RØ,2479,KN/86,20:10:00,20:11:00,stop
RØ,2479,KH/86,20:14:00,20:17:00,stop
RØ,2479,GB/86,20:20:00,20:20:00,stop
RØ,2479,NEL/86,20:21:00,20:22:00,stop
RØ,2479,IG/86,20:23:00,20:23:00,stop
RØ,2479,AVH/86,20:25:00,20:25:00,pass
RØ,2479,KIB/86,20:30:00,20:30:00,pass
RØ,2479,JSF/86,20:35:00,20:35:00,pass
RØ,2479,KJN/86,20:36:00,20:37:00,stop
RØ,2479,ØLB/86,20:40:00,20:41:00,stop
RØ,2479,KJ/86,20:43:00,20:49:00,stop
RØ,2479,HF/86,20:53:00,20:54:00,stop
RØ,2479,TH/86,20:59:00,21:00:00,stop
RØ,2479,HZ/86,21:05:00,21:06:00,stop
RØ,2479,OL/86,21:12:00,21:14:00,stop
RØ,2479,NÆN/86,21:17:00,21:18:00,stop
RØ,2479,NÆ/86,21:22:00,00:00:00,stop
RØ,3429,HG/86,00:00:00,06:54:00,stop
RØ,3429,SQ/86,06:56:00,06:56:00,stop
RØ,3429,GÆ/86,06:59:00,07:00:00,stop
RØ,3429,HUM/86,07:03:00,07:04:00,stop
RØ,3429,NI/86,07:07:00,07:08:00,stop
RØ,3429,OK/86,07:11:00,07:12:00,stop
RØ,3429,RU/86,07:15:00,07:15:00,stop
RØ,3429,VB/86,07:17:00,07:17:00,pass
RØ,3429,SÅ/86,07:20:00,07:20:00,pass
RØ,3429,KL/86,07:23:00,07:23:00,pass
RØ,3429,HL/86,07:29:00,07:30:00,stop
RØ,3429,HGL/86,07:32:00,07:32:00,stop
RØ,3429,KK/86,07:35:00,07:38:00,stop
RØ,3429,KN/86,07:40:00,07:41:00,stop
RØ,3429,KH/86,07:44:00,00:00:00,stop
RØ,3433,HG/86,00:00:00,07:54:00,stop
RØ,3433,SQ/86,07:56:00,07:56:00,stop
RØ,3433,GÆ/86,07:59:00,08:00:00,stop
RØ,3433,HUM/86,08:03:00,08:04:00,stop
RØ,3433,NI/86,08:07:00,08:08:00,stop
RØ,3433,OK/86,08:11:00,08:12:00,stop
RØ,3433,RU/86,08:15:00,08:15:00,stop
RØ,3433,VB/86,08:17:00,08:17:00,pass
RØ,3433,SÅ/86,08:20:00,08:20:00,pass
RØ,3433,KL/86,08:23:00,08:23:00,pass
RØ,3433,HL/86,08:29:00,08:30:00,stop
RØ,3433,HGL/86,08:32:00,08:32:00,stop
RØ,3433,KK/86,08:35:00,08:38:00,stop
RØ,3433,KN/86,08:40:00,08:41:00,stop
RØ,3433,KH/86,08:44:00,00:00:00,stop
RØ,3437,HG/86,00:00:00,08:54:00,stop
RØ,3437,SQ/86,08:56:00,08:56:00,stop
RØ,3437,GÆ/86,08:59:00,09:00:00,stop
RØ,3437,HUM/86,09:03:00,09:04:00,stop
RØ,3437,NI/86,09:07:00,09:08:00,stop
RØ,3437,OK/86,09:11:00,09:12:00,stop
RØ,3437,RU/86,09:15:00,09:15:00,stop
RØ,3437,VB/86,09:17:00,09:17:00,pass
RØ,3437,SÅ/86,09:20:00,09:20:00,pass
RØ,3437,KL/86,09:23:00,09:23:00,pass
RØ,3437,HL/86,09:29:00,09:30:00,stop
RØ,3437,HGL/86,09:32:00,09:32:00,stop
RØ,3437,KK/86,09:35:00,09:38:00,stop
RØ,3437,KN/86,09:40:00,09:41:00,stop
RØ,3437,KH/86,09:44:00,00:00:00,stop
RØ,2452,NÆ/86,00:00:00,17:36:00,stop
RØ,2452,NÆN/86,17:39:00,17:40:00,stop
RØ,2452,OL/86,17:44:00,17:45:00,stop
RØ,2452,HZ/86,17:51:00,17:52:00,stop
RØ,2452,TH/86,17:57:00,18:00:00,stop
RØ,2452,HF/86,18:04:00,18:05:00,stop
RØ,2452,KJ/86,18:09:00,18:15:00,stop
RØ,2452,ØLB/86,18:17:00,18:18:00,stop
RØ,2452,KJN/86,18:21:00,18:22:00,stop
RØ,2452,JSF/86,18:23:00,18:23:00,stop
RØ,2452,KIB/86,18:28:00,18:28:00,pass
RØ,2452,AVH/86,18:33:00,18:33:00,pass
RØ,2452,IG/86,18:36:00,18:36:00,pass
RØ,2452,NEL/86,18:36:20,18:37:20,stop
RØ,2452,GB/86,18:39:00,18:39:00,stop
RØ,2452,KH/86,18:43:00,00:00:00,stop
RØ,2456,NÆ/86,00:00:00,18:36:00,stop
RØ,2456,NÆN/86,18:39:00,18:40:00,stop
RØ,2456,OL/86,18:44:00,18:45:00,stop
RØ,2456,HZ/86,18:51:00,18:52:00,stop
RØ,2456,TH/86,18:57:00,19:00:00,stop
RØ,2456,HF/86,19:04:00,19:05:00,stop
RØ,2456,KJ/86,19:09:00,19:15:00,stop
RØ,2456,ØLB/86,19:17:00,19:18:00,stop
RØ,2456,KJN/86,19:21:00,19:22:00,stop
RØ,2456,JSF/86,19:23:00,19:23:00,stop
RØ,2456,KIB/86,19:28:00,19:28:00,pass
RØ,2456,AVH/86,19:33:00,19:33:00,pass
RØ,2456,IG/86,19:36:00,19:36:00,pass
RØ,2456,NEL/86,19:36:20,19:37:20,stop
RØ,2456,GB/86,19:39:00,19:39:00,stop
RØ,2456,KH/86,19:43:00,19:46:00,stop
RØ,2456,KN/86,19:48:00,19:49:00,stop
RØ,2456,KK/86,19:52:00,00:00:00,stop
RØ,1265,KH/86,00:00:00,17:08:00,stop
RØ,1265,GB/86,17:11:00,17:11:00,stop
RØ,1265,NEL/86,17:12:00,17:13:00,stop
RØ,1265,IG/86,17:14:00,17:14:00,stop
RØ,1265,AVH/86,17:16:00,17:16:00,pass
RØ,1265,KIB/86,17:21:00,17:21:00,pass
RØ,1265,JSF/86,17:25:00,17:25:00,pass
RØ,1265,KJN/86,17:26:00,17:26:00,pass
RØ,1265,LEL/86,17:27:00,17:27:00,pass
RØ,1265,BJS/86,17:30:00,17:30:00,pass
RØ,1265,ADA/86,17:34:00,17:34:00,pass
RØ,1265,RG/86,17:37:00,17:39:00,stop
RØ,1265,GZ/86,17:44:00,17:44:00,stop
RØ,1265,NÆ/86,17:51:00,17:53:00,stop
RØ,1265,MOG/86,17:56:00,17:56:00,stop
RØ,1265,LU/86,18:00:00,18:00:00,pass
RØ,1265,VO/86,18:05:00,18:07:00,stop
RØ,1265,MN/86,18:10:00,18:10:00,stop
RØ,1265,OH/86,18:14:00,18:14:00,pass
RØ,1265,NV/86,18:17:00,18:17:00,pass
RØ,1265,EK/86,18:18:00,18:18:00,pass
RØ,1265,TN/86,18:20:00,18:20:00,pass
RØ,1265,NF/86,18:23:00,00:00:00,stop
RØ,1508,KB/86,00:00:00,06:37:00,stop
RØ,1508,KBØ/86,06:39:00,06:40:00,stop
RØ,1508,VÆ/86,06:44:00,06:44:00,stop
RØ,1508,SE/86,06:48:00,06:49:00,stop
RØ,1508,JY/86,06:54:00,06:55:00,stop
RØ,1508,MØ/86,07:00:00,07:01:00,stop
RØ,1508,KS/86,07:04:00,07:05:00,stop
RØ,1508,RT/86,07:08:00,07:09:00,stop
RØ,1508,HK/86,07:15:00,07:17:00,stop
RØ,1508,PE/86,07:21:00,07:21:00,stop
RØ,1508,TØ/86,07:23:00,07:23:00,pass
RØ,1508,HV/86,07:26:00,07:26:00,pass
RØ,1508,LJ/86,07:29:00,07:29:00,pass
RØ,1508,RO/86,07:34:00,07:36:00,stop
RØ,1508,TRK/86,07:38:00,07:38:00,stop
RØ,1508,HH/86,07:40:00,07:40:00,pass
RØ,1508,HTÅ/86,07:43:00,07:44:00,stop
RØ,1508,GL/86,07:49:00,07:49:00,stop
RØ,1508,HIF/86,07:51:00,07:51:00,pass
RØ,1508,VAL/86,07:52:00,07:52:00,pass
RØ,1508,KH/86,07:57:00,08:01:00,stop
RØ,1508,KN/86,08:03:00,08:04:00,stop
RØ,1508,KK/86,08:07:00,08:10:00,stop
RØ,1508,HGL/86,08:13:00,00:00:00,stop
RØ,1536,KB/86,00:00:00,13:37:00,stop
RØ,1536,KBØ/86,13:39:00,13:40:00,stop
RØ,1536,VÆ/86,13:44:00,13:44:00,stop
RØ,1536,SE/86,13:48:00,13:49:00,stop
RØ,1536,JY/86,13:54:00,13:55:00,stop
RØ,1536,MØ/86,14:00:00,14:01:00,stop
RØ,1536,KS/86,14:04:00,14:05:00,stop
RØ,1536,RT/86,14:08:00,14:09:00,stop
RØ,1536,HK/86,14:15:00,14:17:00,stop
RØ,1536,PE/86,14:21:00,14:21:00,stop
RØ,1536,TØ/86,14:23:00,14:23:00,pass
RØ,1536,HV/86,14:26:00,14:26:00,pass
RØ,1536,LJ/86,14:29:00,14:29:00,pass
RØ,1536,RO/86,14:34:00,14:36:00,stop
RØ,1536,TRK/86,14:38:00,14:38:00,stop
RØ,1536,HH/86,14:40:00,14:40:00,pass
RØ,1536,HTÅ/86,14:43:00,14:44:00,stop
RØ,1536,GL/86,14:49:00,14:49:00,stop
RØ,1536,HIF/86,14:51:00,14:51:00,pass
RØ,1536,VAL/86,14:52:00,14:52:00,pass
RØ,1536,KH/86,14:57:00,15:01:00,stop
RØ,1536,KN/86,15:03:00,15:04:00,stop
RØ,1536,KK/86,15:07:00,00:00:00,stop
RØ,1540,KB/86,00:00:00,14:37:00,stop
RØ,1540,KBØ/86,14:39:00,14:40:00,stop
RØ,1540,VÆ/86,14:44:00,14:44:00,stop
RØ,1540,SE/86,14:48:00,14:49:00,stop
RØ,1540,JY/86,14:54:00,14:55:00,stop
RØ,1540,MØ/86,15:00:00,15:01:00,stop
RØ,1540,KS/86,15:04:00,15:05:00,stop
RØ,1540,RT/86,15:08:00,15:09:00,stop
RØ,1540,HK/86,15:15:00,15:17:00,stop
RØ,1540,PE/86,15:21:00,15:21:00,stop
RØ,1540,TØ/86,15:23:00,15:23:00,pass
RØ,1540,HV/86,15:26:00,15:26:00,pass
RØ,1540,LJ/86,15:29:00,15:29:00,pass
RØ,1540,RO/86,15:34:00,15:36:00,stop
RØ,1540,TRK/86,15:38:00,15:38:00,stop
RØ,1540,HH/86,15:40:00,15:40:00,pass
RØ,1540,HTÅ/86,15:43:00,15:44:00,stop
RØ,1540,GL/86,15:49:00,15:49:00,stop
RØ,1540,HIF/86,15:51:00,15:51:00,pass
RØ,1540,VAL/86,15:52:00,15:52:00,pass
RØ,1540,KH/86,15:57:00,16:01:00,stop
RØ,1540,KN/86,16:03:00,16:04:00,stop
RØ,1540,KK/86,16:07:00,00:00:00,stop
RØ,1517,KK/86,00:00:00,04:53:00,stop
RØ,1517,KN/86,04:55:00,04:56:00,stop
RØ,1517,KH/86,04:59:00,05:02:00,stop
RØ,1517,VAL/86,05:05:00,05:05:00,stop
RØ,1517,HIF/86,05:07:00,05:07:00,pass
RØ,1517,GL/86,05:08:00,05:08:00,pass
RØ,1517,HTÅ/86,05:13:00,05:15:00,stop
RØ,1517,HH/86,05:18:00,05:18:00,stop
RØ,1517,TRK/86,05:19:00,05:19:00,pass
RØ,1517,RO/86,05:22:00,05:24:00,stop
RØ,1517,LJ/86,05:29:00,05:29:00,stop
RØ,1517,HV/86,05:32:00,05:32:00,pass
RØ,1517,TØ/86,05:35:00,05:35:00,pass
RØ,1517,PE/86,05:38:00,05:38:00,pass
RØ,1517,HK/86,05:42:00,05:44:00,stop
RØ,1517,RT/86,05:49:00,05:50:00,stop
RØ,1517,KS/86,05:54:00,05:55:00,stop
RØ,1517,MØ/86,05:58:00,06:01:00,stop
RØ,1517,JY/86,06:06:00,06:07:00,stop
RØ,1517,SE/86,06:12:00,06:13:00,stop
RØ,1517,VÆ/86,06:17:00,06:17:00,stop
RØ,1517,KBØ/86,06:20:00,06:21:00,stop
RØ,1517,KB/86,06:25:00,00:00:00,stop
RØ,1521,HGL/86,00:00:00,05:47:00,stop
RØ,1521,KK/86,05:51:00,05:53:00,stop
RØ,1521,KN/86,05:55:00,05:56:00,stop
RØ,1521,KH/86,05:59:00,06:02:00,stop
RØ,1521,VAL/86,06:05:00,06:05:00,stop
RØ,1521,HIF/86,06:07:00,06:07:00,pass
RØ,1521,GL/86,06:08:00,06:08:00,pass
RØ,1521,HTÅ/86,06:13:00,06:15:00,stop
RØ,1521,HH/86,06:18:00,06:18:00,stop
RØ,1521,TRK/86,06:19:00,06:19:00,pass
RØ,1521,RO/86,06:22:00,06:24:00,stop
RØ,1521,LJ/86,06:29:00,06:29:00,stop
RØ,1521,HV/86,06:32:00,06:32:00,pass
RØ,1521,TØ/86,06:35:00,06:35:00,pass
RØ,1521,PE/86,06:38:00,06:38:00,pass
RØ,1521,HK/86,06:42:00,06:44:00,stop
RØ,1521,RT/86,06:49:00,06:50:00,stop
RØ,1521,KS/86,06:54:00,06:55:00,stop
RØ,1521,MØ/86,06:58:00,07:01:00,stop
RØ,1521,JY/86,07:06:00,07:07:00,stop
RØ,1521,SE/86,07:12:00,07:13:00,stop
RØ,1521,VÆ/86,07:17:00,07:17:00,stop
RØ,1521,KBØ/86,07:20:00,07:21:00,stop
RØ,1521,KB/86,07:25:00,00:00:00,stop
RØ,1525,KK/86,00:00:00,06:53:00,stop
RØ,1525,KN/86,06:55:00,06:56:00,stop
RØ,1525,KH/86,06:59:00,07:02:00,stop
RØ,1525,VAL/86,07:05:00,07:05:00,stop
RØ,1525,HIF/86,07:07:00,07:07:00,pass
RØ,1525,GL/86,07:08:00,07:08:00,pass
RØ,1525,HTÅ/86,07:13:00,07:15:00,stop
RØ,1525,HH/86,07:18:00,07:18:00,stop
RØ,1525,TRK/86,07:19:00,07:19:00,pass
RØ,1525,RO/86,07:22:00,07:24:00,stop
RØ,1525,LJ/86,07:29:00,07:29:00,stop
RØ,1525,HV/86,07:32:00,07:32:00,pass
RØ,1525,TØ/86,07:35:00,07:35:00,pass
RØ,1525,PE/86,07:38:00,07:38:00,pass
RØ,1525,HK/86,07:42:00,07:44:00,stop
RØ,1525,RT/86,07:49:00,07:50:00,stop
RØ,1525,KS/86,07:54:00,07:55:00,stop
RØ,1525,MØ/86,07:58:00,08:01:00,stop
RØ,1525,JY/86,08:06:00,08:07:00,stop
RØ,1525,SE/86,08:12:00,08:13:00,stop
RØ,1525,VÆ/86,08:17:00,08:17:00,stop
RØ,1525,KBØ/86,08:20:00,08:21:00,stop
RØ,1525,KB/86,08:25:00,00:00:00,stop
RØ,4500,KH/86,00:00:00,06:22:00,stop
RØ,4500,KN/86,06:24:00,06:25:00,stop
RØ,4500,KK/86,06:28:00,06:29:00,stop
RØ,4500,HGL/86,06:31:00,06:31:00,stop
RØ,4500,HL/86,06:34:00,06:35:00,stop
RØ,4500,KL/86,06:39:00,06:40:00,stop
RØ,4500,SÅ/86,06:44:00,06:45:00,stop
RØ,4500,VB/86,06:48:00,06:49:00,stop
RØ,4500,RU/86,06:52:00,06:53:00,stop
RØ,4500,OK/86,06:56:00,06:57:00,stop
RØ,4500,NI/86,07:00:00,07:01:00,stop
RØ,4500,HUM/86,07:04:00,07:05:00,stop
RØ,4500,GÆ/86,07:08:00,07:09:00,stop
RØ,4500,SQ/86,07:12:00,07:13:00,stop
RØ,4500,HG/86,07:17:00,00:00:00,stop
RØ,4529,HG/86,00:00:00,06:43:00,stop
RØ,4529,SQ/86,06:46:00,06:47:00,stop
RØ,4529,GÆ/86,06:49:00,06:50:00,stop
RØ,4529,HUM/86,06:53:00,06:54:00,stop
RØ,4529,NI/86,06:57:00,06:58:00,stop
RØ,4529,OK/86,07:02:00,07:03:00,stop
RØ,4529,RU/86,07:05:00,07:06:00,stop
RØ,4529,VB/86,07:09:00,07:10:00,stop
RØ,4529,SÅ/86,07:13:00,07:14:00,stop
RØ,4529,KL/86,07:18:00,07:19:00,stop
RØ,4529,HL/86,07:24:00,07:25:00,stop
RØ,4529,HGL/86,07:27:00,07:27:00,stop
RØ,4529,KK/86,07:30:00,07:32:00,stop
RØ,4529,KN/86,07:34:00,07:35:00,stop
RØ,4529,KH/86,07:38:00,07:42:00,stop
RØ,4529,VAL/86,07:45:00,07:46:00,stop
RØ,4529,HIF/86,07:49:00,07:49:00,stop
RØ,4529,GL/86,07:50:00,07:50:00,pass
RØ,4529,HTÅ/86,07:55:00,07:56:00,stop
RØ,4529,HH/86,08:00:00,08:01:00,stop
RØ,4529,TRK/86,08:04:00,08:05:00,stop
RØ,4529,RO/86,08:08:00,08:09:00,stop
RØ,4529,LJ/86,08:15:00,08:16:00,stop
RØ,4529,HV/86,08:21:00,08:22:00,stop
RØ,4529,TØ/86,08:26:00,08:27:00,stop
RØ,4529,PE/86,08:31:00,08:32:00,stop
RØ,4529,HK/86,08:37:00,00:00:00,stop
RØ,4533,HG/86,00:00:00,07:43:00,stop
RØ,4533,SQ/86,07:46:00,07:47:00,stop
RØ,4533,GÆ/86,07:49:00,07:50:00,stop
RØ,4533,HUM/86,07:53:00,07:54:00,stop
RØ,4533,NI/86,07:57:00,07:58:00,stop
RØ,4533,OK/86,08:02:00,08:03:00,stop
RØ,4533,RU/86,08:05:00,08:06:00,stop
RØ,4533,VB/86,08:09:00,08:10:00,stop
RØ,4533,SÅ/86,08:13:00,08:14:00,stop
RØ,4533,KL/86,08:18:00,08:19:00,stop
RØ,4533,HL/86,08:24:00,08:25:00,stop
RØ,4533,HGL/86,08:27:00,08:27:00,stop
RØ,4533,KK/86,08:30:00,08:32:00,stop
RØ,4533,KN/86,08:34:00,08:35:00,stop
RØ,4533,KH/86,08:38:00,08:42:00,stop
RØ,4533,VAL/86,08:45:00,08:46:00,stop
RØ,4533,HIF/86,08:49:00,08:49:00,stop
RØ,4533,GL/86,08:50:00,08:50:00,pass
RØ,4533,HTÅ/86,08:55:00,08:56:00,stop
RØ,4533,HH/86,09:00:00,09:01:00,stop
RØ,4533,TRK/86,09:04:00,09:05:00,stop
RØ,4533,RO/86,09:08:00,09:09:00,stop
RØ,4533,LJ/86,09:15:00,09:16:00,stop
RØ,4533,HV/86,09:21:00,09:22:00,stop
RØ,4533,TØ/86,09:26:00,09:27:00,stop
RØ,4533,PE/86,09:31:00,09:32:00,stop
RØ,4533,HK/86,09:37:00,00:00:00,stop
RØ,4537,HG/86,00:00:00,08:43:00,stop
RØ,4537,SQ/86,08:46:00,08:47:00,stop
RØ,4537,GÆ/86,08:49:00,08:50:00,stop
RØ,4537,HUM/86,08:53:00,08:54:00,stop
RØ,4537,NI/86,08:57:00,08:58:00,stop
RØ,4537,OK/86,09:02:00,09:03:00,stop
RØ,4537,RU/86,09:05:00,09:06:00,stop
RØ,4537,VB/86,09:09:00,09:10:00,stop
RØ,4537,SÅ/86,09:13:00,09:14:00,stop
RØ,4537,KL/86,09:18:00,09:19:00,stop
RØ,4537,HL/86,09:24:00,09:25:00,stop
RØ,4537,HGL/86,09:27:00,09:27:00,stop
RØ,4537,KK/86,09:30:00,09:32:00,stop
RØ,4537,KN/86,09:34:00,09:35:00,stop
RØ,4537,KH/86,09:38:00,09:42:00,stop
RØ,4537,VAL/86,09:45:00,09:46:00,stop
RØ,4537,HIF/86,09:49:00,09:49:00,stop
RØ,4537,GL/86,09:50:00,09:50:00,pass
RØ,4537,HTÅ/86,09:55:00,09:56:00,stop
RØ,4537,HH/86,10:00:00,10:01:00,stop
RØ,4537,TRK/86,10:04:00,10:05:00,stop
RØ,4537,RO/86,10:08:00,10:09:00,stop
RØ,4537,LJ/86,10:15:00,10:16:00,stop
RØ,4537,HV/86,10:21:00,10:22:00,stop
RØ,4537,TØ/86,10:26:00,10:27:00,stop
RØ,4537,PE/86,10:31:00,10:32:00,stop
RØ,4537,HK/86,10:37:00,00:00:00,stop
RØ,4541,HG/86,00:00:00,09:43:00,stop
RØ,4541,SQ/86,09:46:00,09:47:00,stop
RØ,4541,GÆ/86,09:49:00,09:50:00,stop
RØ,4541,HUM/86,09:53:00,09:54:00,stop
RØ,4541,NI/86,09:57:00,09:58:00,stop
RØ,4541,OK/86,10:02:00,10:03:00,stop
RØ,4541,RU/86,10:05:00,10:06:00,stop
RØ,4541,VB/86,10:09:00,10:10:00,stop
RØ,4541,SÅ/86,10:13:00,10:14:00,stop
RØ,4541,KL/86,10:18:00,10:19:00,stop
RØ,4541,HL/86,10:24:00,10:25:00,stop
RØ,4541,HGL/86,10:27:00,10:27:00,stop
RØ,4541,KK/86,10:30:00,10:32:00,stop
RØ,4541,KN/86,10:34:00,10:35:00,stop
RØ,4541,KH/86,10:38:00,10:42:00,stop
RØ,4541,VAL/86,10:45:00,10:46:00,stop
RØ,4541,HIF/86,10:49:00,10:49:00,stop
RØ,4541,GL/86,10:50:00,10:50:00,pass
RØ,4541,HTÅ/86,10:55:00,10:56:00,stop
RØ,4541,HH/86,11:00:00,11:01:00,stop
RØ,4541,TRK/86,11:04:00,11:05:00,stop
RØ,4541,RO/86,11:08:00,11:09:00,stop
RØ,4541,LJ/86,11:15:00,11:16:00,stop
RØ,4541,HV/86,11:21:00,11:22:00,stop
RØ,4541,TØ/86,11:26:00,11:27:00,stop
RØ,4541,PE/86,11:31:00,11:32:00,stop
RØ,4541,HK/86,11:37:00,00:00:00,stop
RØ,4545,HG/86,00:00:00,10:43:00,stop
RØ,4545,SQ/86,10:46:00,10:47:00,stop
RØ,4545,GÆ/86,10:49:00,10:50:00,stop
RØ,4545,HUM/86,10:53:00,10:54:00,stop
RØ,4545,NI/86,10:57:00,10:58:00,stop
RØ,4545,OK/86,11:02:00,11:03:00,stop
RØ,4545,RU/86,11:05:00,11:06:00,stop
RØ,4545,VB/86,11:09:00,11:10:00,stop
RØ,4545,SÅ/86,11:13:00,11:14:00,stop
RØ,4545,KL/86,11:18:00,11:19:00,stop
RØ,4545,HL/86,11:24:00,11:25:00,stop
RØ,4545,HGL/86,11:27:00,11:27:00,stop
RØ,4545,KK/86,11:30:00,11:32:00,stop
RØ,4545,KN/86,11:34:00,11:35:00,stop
RØ,4545,KH/86,11:38:00,11:42:00,stop
RØ,4545,VAL/86,11:45:00,11:46:00,stop
RØ,4545,HIF/86,11:49:00,11:49:00,stop
RØ,4545,GL/86,11:50:00,11:50:00,pass
RØ,4545,HTÅ/86,11:55:00,11:56:00,stop
RØ,4545,HH/86,12:00:00,12:01:00,stop
RØ,4545,TRK/86,12:04:00,12:05:00,stop
RØ,4545,RO/86,12:08:00,12:09:00,stop
RØ,4545,LJ/86,12:15:00,12:16:00,stop
RØ,4545,HV/86,12:21:00,12:22:00,stop
RØ,4545,TØ/86,12:26:00,12:27:00,stop
RØ,4545,PE/86,12:31:00,12:32:00,stop
RØ,4545,HK/86,12:37:00,00:00:00,stop
RØ,4549,HG/86,00:00:00,11:43:00,stop
RØ,4549,SQ/86,11:46:00,11:47:00,stop
RØ,4549,GÆ/86,11:49:00,11:50:00,stop
RØ,4549,HUM/86,11:53:00,11:54:00,stop
RØ,4549,NI/86,11:57:00,11:58:00,stop
RØ,4549,OK/86,12:02:00,12:03:00,stop
RØ,4549,RU/86,12:05:00,12:06:00,stop
RØ,4549,VB/86,12:09:00,12:10:00,stop
RØ,4549,SÅ/86,12:13:00,12:14:00,stop
RØ,4549,KL/86,12:18:00,12:19:00,stop
RØ,4549,HL/86,12:24:00,12:25:00,stop
RØ,4549,HGL/86,12:27:00,12:27:00,stop
RØ,4549,KK/86,12:30:00,12:32:00,stop
RØ,4549,KN/86,12:34:00,12:35:00,stop
RØ,4549,KH/86,12:38:00,12:42:00,stop
RØ,4549,VAL/86,12:45:00,12:46:00,stop
RØ,4549,HIF/86,12:49:00,12:49:00,stop
RØ,4549,GL/86,12:50:00,12:50:00,pass
RØ,4549,HTÅ/86,12:55:00,12:56:00,stop
RØ,4549,HH/86,13:00:00,13:01:00,stop
RØ,4549,TRK/86,13:04:00,13:05:00,stop
RØ,4549,RO/86,13:08:00,13:09:00,stop
RØ,4549,LJ/86,13:15:00,13:16:00,stop
RØ,4549,HV/86,13:21:00,13:22:00,stop
RØ,4549,TØ/86,13:26:00,13:27:00,stop
RØ,4549,PE/86,13:31:00,13:32:00,stop
RØ,4549,HK/86,13:37:00,00:00:00,stop
RØ,4553,HG/86,00:00:00,12:43:00,stop
RØ,4553,SQ/86,12:46:00,12:47:00,stop
RØ,4553,GÆ/86,12:49:00,12:50:00,stop
RØ,4553,HUM/86,12:53:00,12:54:00,stop
RØ,4553,NI/86,12:57:00,12:58:00,stop
RØ,4553,OK/86,13:02:00,13:03:00,stop
RØ,4553,RU/86,13:05:00,13:06:00,stop
RØ,4553,VB/86,13:09:00,13:10:00,stop
RØ,4553,SÅ/86,13:13:00,13:14:00,stop
RØ,4553,KL/86,13:18:00,13:19:00,stop
RØ,4553,HL/86,13:24:00,13:25:00,stop
RØ,4553,HGL/86,13:27:00,13:27:00,stop
RØ,4553,KK/86,13:30:00,13:32:00,stop
RØ,4553,KN/86,13:34:00,13:35:00,stop
RØ,4553,KH/86,13:38:00,13:42:00,stop
RØ,4553,VAL/86,13:45:00,13:46:00,stop
RØ,4553,HIF/86,13:49:00,13:49:00,stop
RØ,4553,GL/86,13:50:00,13:50:00,pass
RØ,4553,HTÅ/86,13:55:00,13:56:00,stop
RØ,4553,HH/86,14:00:00,14:01:00,stop
RØ,4553,TRK/86,14:04:00,14:05:00,stop
RØ,4553,RO/86,14:08:00,14:09:00,stop
RØ,4553,LJ/86,14:15:00,14:16:00,stop
RØ,4553,HV/86,14:21:00,14:22:00,stop
RØ,4553,TØ/86,14:26:00,14:27:00,stop
RØ,4553,PE/86,14:31:00,14:32:00,stop
RØ,4553,HK/86,14:37:00,00:00:00,stop
RØ,2518,HK/86,00:00:00,09:53:00,stop
RØ,2518,PE/86,09:57:00,09:58:00,stop
RØ,2518,TØ/86,10:03:00,10:04:00,stop
RØ,2518,HV/86,10:08:00,10:09:00,stop
RØ,2518,LJ/86,10:13:00,10:14:00,stop
RØ,2518,RO/86,10:20:00,10:22:00,stop
RØ,2518,TRK/86,10:24:00,10:25:00,stop
RØ,2518,HH/86,10:28:00,10:29:00,stop
RØ,2518,HTÅ/86,10:33:00,10:34:00,stop
RØ,2518,GL/86,10:39:00,10:39:00,stop
RØ,2518,HIF/86,10:40:00,10:40:00,pass
RØ,2518,VAL/86,10:43:00,10:44:00,stop
RØ,2518,KH/86,10:49:00,10:52:00,stop
RØ,2518,KN/86,10:54:00,10:55:00,stop
RØ,2518,KK/86,10:58:00,10:59:00,stop
RØ,2518,HGL/86,11:01:00,11:01:00,stop
RØ,2518,HL/86,11:04:00,11:05:00,stop
RØ,2518,KL/86,11:09:00,11:10:00,stop
RØ,2518,SÅ/86,11:14:00,11:15:00,stop
RØ,2518,VB/86,11:18:00,11:19:00,stop
RØ,2518,RU/86,11:22:00,11:23:00,stop
RØ,2518,OK/86,11:26:00,11:27:00,stop
RØ,2518,NI/86,11:30:00,11:31:00,stop
RØ,2518,HUM/86,11:34:00,11:35:00,stop
RØ,2518,GÆ/86,11:38:00,11:39:00,stop
RØ,2518,SQ/86,11:42:00,11:43:00,stop
RØ,2518,HG/86,11:47:00,00:00:00,stop
RØ,2522,HK/86,00:00:00,10:53:00,stop
RØ,2522,PE/86,10:57:00,10:58:00,stop
RØ,2522,TØ/86,11:03:00,11:04:00,stop
RØ,2522,HV/86,11:08:00,11:09:00,stop
RØ,2522,LJ/86,11:13:00,11:14:00,stop
RØ,2522,RO/86,11:20:00,11:22:00,stop
RØ,2522,TRK/86,11:24:00,11:25:00,stop
RØ,2522,HH/86,11:28:00,11:29:00,stop
RØ,2522,HTÅ/86,11:33:00,11:34:00,stop
RØ,2522,GL/86,11:39:00,11:39:00,stop
RØ,2522,HIF/86,11:40:00,11:40:00,pass
RØ,2522,VAL/86,11:43:00,11:44:00,stop
RØ,2522,KH/86,11:49:00,11:52:00,stop
RØ,2522,KN/86,11:54:00,11:55:00,stop
RØ,2522,KK/86,11:58:00,11:59:00,stop
RØ,2522,HGL/86,12:01:00,12:01:00,stop
RØ,2522,HL/86,12:04:00,12:05:00,stop
RØ,2522,KL/86,12:09:00,12:10:00,stop
RØ,2522,SÅ/86,12:14:00,12:15:00,stop
RØ,2522,VB/86,12:18:00,12:19:00,stop
RØ,2522,RU/86,12:22:00,12:23:00,stop
RØ,2522,OK/86,12:26:00,12:27:00,stop
RØ,2522,NI/86,12:30:00,12:31:00,stop
RØ,2522,HUM/86,12:34:00,12:35:00,stop
RØ,2522,GÆ/86,12:38:00,12:39:00,stop
RØ,2522,SQ/86,12:42:00,12:43:00,stop
RØ,2522,HG/86,12:47:00,00:00:00,stop
RØ,2526,HK/86,00:00:00,11:53:00,stop
RØ,2526,PE/86,11:57:00,11:58:00,stop
RØ,2526,TØ/86,12:03:00,12:04:00,stop
RØ,2526,HV/86,12:08:00,12:09:00,stop
RØ,2526,LJ/86,12:13:00,12:14:00,stop
RØ,2526,RO/86,12:20:00,12:22:00,stop
RØ,2526,TRK/86,12:24:00,12:25:00,stop
RØ,2526,HH/86,12:28:00,12:29:00,stop
RØ,2526,HTÅ/86,12:33:00,12:34:00,stop
RØ,2526,GL/86,12:39:00,12:39:00,stop
RØ,2526,HIF/86,12:40:00,12:40:00,pass
RØ,2526,VAL/86,12:43:00,12:44:00,stop
RØ,2526,KH/86,12:49:00,12:52:00,stop
RØ,2526,KN/86,12:54:00,12:55:00,stop
RØ,2526,KK/86,12:58:00,12:59:00,stop
RØ,2526,HGL/86,13:01:00,13:01:00,stop
RØ,2526,HL/86,13:04:00,13:05:00,stop
RØ,2526,KL/86,13:09:00,13:10:00,stop
RØ,2526,SÅ/86,13:14:00,13:15:00,stop
RØ,2526,VB/86,13:18:00,13:19:00,stop
RØ,2526,RU/86,13:22:00,13:23:00,stop
RØ,2526,OK/86,13:26:00,13:27:00,stop
RØ,2526,NI/86,13:30:00,13:31:00,stop
RØ,2526,HUM/86,13:34:00,13:35:00,stop
RØ,2526,GÆ/86,13:38:00,13:39:00,stop
RØ,2526,SQ/86,13:42:00,13:43:00,stop
RØ,2526,HG/86,13:47:00,00:00:00,stop
RØ,2530,HK/86,00:00:00,12:53:00,stop
RØ,2530,PE/86,12:57:00,12:58:00,stop
RØ,2530,TØ/86,13:03:00,13:04:00,stop
RØ,2530,HV/86,13:08:00,13:09:00,stop
RØ,2530,LJ/86,13:13:00,13:14:00,stop
RØ,2530,RO/86,13:20:00,13:22:00,stop
RØ,2530,TRK/86,13:24:00,13:25:00,stop
RØ,2530,HH/86,13:28:00,13:29:00,stop
RØ,2530,HTÅ/86,13:33:00,13:34:00,stop
RØ,2530,GL/86,13:39:00,13:39:00,stop
RØ,2530,HIF/86,13:40:00,13:40:00,pass
RØ,2530,VAL/86,13:43:00,13:44:00,stop
RØ,2530,KH/86,13:49:00,13:52:00,stop
RØ,2530,KN/86,13:54:00,13:55:00,stop
RØ,2530,KK/86,13:58:00,13:59:00,stop
RØ,2530,HGL/86,14:01:00,14:01:00,stop
RØ,2530,HL/86,14:04:00,14:05:00,stop
RØ,2530,KL/86,14:09:00,14:10:00,stop
RØ,2530,SÅ/86,14:14:00,14:15:00,stop
RØ,2530,VB/86,14:18:00,14:19:00,stop
RØ,2530,RU/86,14:22:00,14:23:00,stop
RØ,2530,OK/86,14:26:00,14:27:00,stop
RØ,2530,NI/86,14:30:00,14:31:00,stop
RØ,2530,HUM/86,14:34:00,14:35:00,stop
RØ,2530,GÆ/86,14:38:00,14:39:00,stop
RØ,2530,SQ/86,14:42:00,14:43:00,stop
RØ,2530,HG/86,14:47:00,00:00:00,stop
RØ,2534,HK/86,00:00:00,13:53:00,stop
RØ,2534,PE/86,13:57:00,13:58:00,stop
RØ,2534,TØ/86,14:03:00,14:04:00,stop
RØ,2534,HV/86,14:08:00,14:09:00,stop
RØ,2534,LJ/86,14:13:00,14:14:00,stop
RØ,2534,RO/86,14:20:00,14:22:00,stop
RØ,2534,TRK/86,14:24:00,14:25:00,stop
RØ,2534,HH/86,14:28:00,14:29:00,stop
RØ,2534,HTÅ/86,14:33:00,14:34:00,stop
RØ,2534,GL/86,14:39:00,14:39:00,stop
RØ,2534,HIF/86,14:40:00,14:40:00,pass
RØ,2534,VAL/86,14:43:00,14:44:00,stop
RØ,2534,KH/86,14:49:00,14:52:00,stop
RØ,2534,KN/86,14:54:00,14:55:00,stop
RØ,2534,KK/86,14:58:00,14:59:00,stop
RØ,2534,HGL/86,15:01:00,15:01:00,stop
RØ,2534,HL/86,15:04:00,15:05:00,stop
RØ,2534,KL/86,15:09:00,15:10:00,stop
RØ,2534,SÅ/86,15:14:00,15:15:00,stop
RØ,2534,VB/86,15:18:00,15:19:00,stop
RØ,2534,RU/86,15:22:00,15:23:00,stop
RØ,2534,OK/86,15:26:00,15:27:00,stop
RØ,2534,NI/86,15:30:00,15:31:00,stop
RØ,2534,HUM/86,15:34:00,15:35:00,stop
RØ,2534,GÆ/86,15:38:00,15:39:00,stop
RØ,2534,SQ/86,15:42:00,15:43:00,stop
RØ,2534,HG/86,15:47:00,00:00:00,stop
RØ,2519,KH/86,00:00:00,05:12:00,stop
RØ,2519,VAL/86,05:15:00,05:16:00,stop
RØ,2519,HIF/86,05:18:00,05:18:00,stop
RØ,2519,GL/86,05:20:00,05:20:00,pass
RØ,2519,HTÅ/86,05:25:00,05:26:00,stop
RØ,2519,HH/86,05:30:00,05:31:00,stop
RØ,2519,TRK/86,05:34:00,05:35:00,stop
RØ,2519,RO/86,05:38:00,05:39:00,stop
RØ,2519,LJ/86,05:45:00,05:46:00,stop
RØ,2519,HV/86,05:51:00,05:52:00,stop
RØ,2519,TØ/86,05:56:00,05:57:00,stop
RØ,2519,PE/86,06:01:00,06:02:00,stop
RØ,2519,HK/86,06:07:00,00:00:00,stop
RØ,2523,HGL/86,00:00:00,05:56:00,stop
RØ,2523,KK/86,06:00:00,06:02:00,stop
RØ,2523,KN/86,06:04:00,06:05:00,stop
RØ,2523,KH/86,06:08:00,06:12:00,stop
RØ,2523,VAL/86,06:15:00,06:16:00,stop
RØ,2523,HIF/86,06:18:00,06:18:00,stop
RØ,2523,GL/86,06:20:00,06:20:00,pass
RØ,2523,HTÅ/86,06:25:00,06:26:00,stop
RØ,2523,HH/86,06:30:00,06:31:00,stop
RØ,2523,TRK/86,06:34:00,06:35:00,stop
RØ,2523,RO/86,06:38:00,06:39:00,stop
RØ,2523,LJ/86,06:45:00,06:46:00,stop
RØ,2523,HV/86,06:51:00,06:52:00,stop
RØ,2523,TØ/86,06:56:00,06:57:00,stop
RØ,2523,PE/86,07:01:00,07:02:00,stop
RØ,2523,HK/86,07:07:00,00:00:00,stop
RØ,1204,NF/86,00:00:00,05:38:00,stop
RØ,1204,TN/86,05:41:00,05:41:00,stop
RØ,1204,EK/86,05:42:00,05:42:00,pass
RØ,1204,NV/86,05:44:00,05:44:00,pass
RØ,1204,OH/86,05:46:00,05:46:00,pass
RØ,1204,MN/86,05:50:00,05:50:00,pass
RØ,1204,VO/86,05:53:00,05:55:00,stop
RØ,1204,LU/86,06:00:00,06:00:00,stop
RØ,1204,MOG/86,06:04:00,06:04:00,pass
RØ,1204,NÆ/86,06:07:00,06:10:00,stop
RØ,1204,GZ/86,06:16:00,06:16:00,stop
RØ,1204,RG/86,06:22:00,06:23:00,stop
RØ,1204,ADA/86,06:27:00,06:27:00,stop
RØ,1204,BJS/86,06:31:00,06:31:00,pass
RØ,1204,LEL/86,06:33:00,06:33:00,pass
RØ,1204,KJN/86,06:35:00,06:35:00,pass
RØ,1204,JSF/86,06:35:20,06:35:20,pass
RØ,1204,KIB/86,06:40:00,06:40:00,pass
RØ,1204,AVH/86,06:44:00,06:44:00,pass
RØ,1204,IG/86,06:46:00,06:46:00,pass
RØ,1204,NEL/86,06:47:00,06:49:00,stop
RØ,1204,GB/86,06:50:00,06:50:00,stop
RØ,1204,KH/86,06:55:00,00:00:00,stop
RØ,1208,NF/86,00:00:00,06:38:00,stop
RØ,1208,TN/86,06:41:00,06:41:00,stop
RØ,1208,EK/86,06:42:00,06:42:00,pass
RØ,1208,NV/86,06:44:00,06:44:00,pass
RØ,1208,OH/86,06:46:00,06:46:00,pass
RØ,1208,MN/86,06:50:00,06:50:00,pass
RØ,1208,VO/86,06:53:00,06:55:00,stop
RØ,1208,LU/86,07:00:00,07:00:00,stop
RØ,1208,MOG/86,07:04:00,07:04:00,pass
RØ,1208,NÆ/86,07:07:00,07:10:00,stop
RØ,1208,GZ/86,07:16:00,07:16:00,stop
RØ,1208,RG/86,07:22:00,07:23:00,stop
RØ,1208,ADA/86,07:27:00,07:27:00,stop
RØ,1208,BJS/86,07:31:00,07:31:00,pass
RØ,1208,LEL/86,07:33:00,07:33:00,pass
RØ,1208,KJN/86,07:35:00,07:35:00,pass
RØ,1208,JSF/86,07:35:20,07:35:20,pass
RØ,1208,KIB/86,07:40:00,07:40:00,pass
RØ,1208,AVH/86,07:44:00,07:44:00,pass
RØ,1208,IG/86,07:46:00,07:46:00,pass
RØ,1208,NEL/86,07:47:00,07:49:00,stop
RØ,1208,GB/86,07:50:00,07:50:00,stop
RØ,1208,KH/86,07:55:00,00:00:00,stop
RØ,1212,NF/86,00:00:00,07:38:00,stop
RØ,1212,TN/86,07:41:00,07:41:00,stop
RØ,1212,EK/86,07:42:00,07:42:00,pass
RØ,1212,NV/86,07:44:00,07:44:00,pass
RØ,1212,OH/86,07:46:00,07:46:00,pass
RØ,1212,MN/86,07:50:00,07:50:00,pass
RØ,1212,VO/86,07:53:00,07:55:00,stop
RØ,1212,LU/86,08:00:00,08:00:00,stop
RØ,1212,MOG/86,08:04:00,08:04:00,pass
RØ,1212,NÆ/86,08:07:00,08:10:00,stop
RØ,1212,GZ/86,08:16:00,08:16:00,stop
RØ,1212,RG/86,08:22:00,08:23:00,stop
RØ,1212,ADA/86,08:27:00,08:27:00,stop
RØ,1212,BJS/86,08:31:00,08:31:00,pass
RØ,1212,LEL/86,08:33:00,08:33:00,pass
RØ,1212,KJN/86,08:35:00,08:35:00,pass
RØ,1212,JSF/86,08:35:20,08:35:20,pass
RØ,1212,KIB/86,08:40:00,08:40:00,pass
RØ,1212,AVH/86,08:44:00,08:44:00,pass
RØ,1212,IG/86,08:46:00,08:46:00,pass
RØ,1212,NEL/86,08:47:00,08:49:00,stop
RØ,1212,GB/86,08:50:00,08:50:00,stop
RØ,1212,KH/86,08:55:00,00:00:00,stop
RØ,1216,NF/86,00:00:00,08:38:00,stop
RØ,1216,TN/86,08:41:00,08:41:00,stop
RØ,1216,EK/86,08:42:00,08:42:00,pass
RØ,1216,NV/86,08:44:00,08:44:00,pass
RØ,1216,OH/86,08:46:00,08:46:00,pass
RØ,1216,MN/86,08:50:00,08:50:00,pass
RØ,1216,VO/86,08:53:00,08:55:00,stop
RØ,1216,LU/86,09:00:00,09:00:00,stop
RØ,1216,MOG/86,09:04:00,09:04:00,pass
RØ,1216,NÆ/86,09:07:00,09:10:00,stop
RØ,1216,GZ/86,09:16:00,09:16:00,stop
RØ,1216,RG/86,09:22:00,09:23:00,stop
RØ,1216,ADA/86,09:27:00,09:27:00,stop
RØ,1216,BJS/86,09:31:00,09:31:00,pass
RØ,1216,LEL/86,09:33:00,09:33:00,pass
RØ,1216,KJN/86,09:35:00,09:35:00,pass
RØ,1216,JSF/86,09:35:20,09:35:20,pass
RØ,1216,KIB/86,09:40:00,09:40:00,pass
RØ,1216,AVH/86,09:44:00,09:44:00,pass
RØ,1216,IG/86,09:46:00,09:46:00,pass
RØ,1216,NEL/86,09:47:00,09:49:00,stop
RØ,1216,GB/86,09:50:00,09:50:00,stop
RØ,1216,KH/86,09:55:00,00:00:00,stop
RØ,1220,NF/86,00:00:00,09:38:00,stop
RØ,1220,TN/86,09:41:00,09:41:00,stop
RØ,1220,EK/86,09:42:00,09:42:00,pass
RØ,1220,NV/86,09:44:00,09:44:00,pass
RØ,1220,OH/86,09:46:00,09:46:00,pass
RØ,1220,MN/86,09:50:00,09:50:00,pass
RØ,1220,VO/86,09:53:00,09:55:00,stop
RØ,1220,LU/86,10:00:00,10:00:00,stop
RØ,1220,MOG/86,10:04:00,10:04:00,pass
RØ,1220,NÆ/86,10:07:00,10:10:00,stop
RØ,1220,GZ/86,10:16:00,10:16:00,stop
RØ,1220,RG/86,10:22:00,10:23:00,stop
RØ,1220,ADA/86,10:27:00,10:27:00,stop
RØ,1220,BJS/86,10:31:00,10:31:00,pass
RØ,1220,LEL/86,10:33:00,10:33:00,pass
RØ,1220,KJN/86,10:35:00,10:35:00,pass
RØ,1220,JSF/86,10:35:20,10:35:20,pass
RØ,1220,KIB/86,10:40:00,10:40:00,pass
RØ,1220,AVH/86,10:44:00,10:44:00,pass
RØ,1220,IG/86,10:46:00,10:46:00,pass
RØ,1220,NEL/86,10:47:00,10:49:00,stop
RØ,1220,GB/86,10:50:00,10:50:00,stop
RØ,1220,KH/86,10:55:00,00:00:00,stop
RØ,1221,KH/86,00:00:00,06:04:00,stop
RØ,1221,GB/86,06:07:00,06:07:00,stop
RØ,1221,NEL/86,06:08:00,06:10:00,stop
RØ,1221,IG/86,06:10:20,06:10:20,stop
RØ,1221,AVH/86,06:12:00,06:12:00,pass
RØ,1221,KIB/86,06:17:00,06:17:00,pass
RØ,1221,JSF/86,06:21:00,06:21:00,pass
RØ,1221,KJN/86,06:22:00,06:22:00,pass
RØ,1221,LEL/86,06:24:00,06:24:00,pass
RØ,1221,BJS/86,06:26:00,06:26:00,pass
RØ,1221,ADA/86,06:30:00,06:30:00,pass
RØ,1221,RG/86,06:34:00,06:36:00,stop
RØ,1221,GZ/86,06:41:00,06:41:00,stop
RØ,1221,NÆ/86,06:48:00,06:50:00,stop
RØ,1221,MOG/86,06:53:00,06:53:00,stop
RØ,1221,LU/86,06:58:00,06:59:00,stop
RØ,1221,VO/86,07:05:00,07:07:00,stop
RØ,1221,MN/86,07:10:00,07:10:00,stop
RØ,1221,OH/86,07:14:00,07:14:00,pass
RØ,1221,NV/86,07:17:00,07:18:00,stop
RØ,1221,EK/86,07:22:00,07:23:00,stop
RØ,1221,TN/86,07:26:00,07:26:00,stop
RØ,1221,NF/86,07:29:00,00:00:00,stop
RØ,1225,KH/86,00:00:00,07:08:00,stop
RØ,1225,GB/86,07:11:00,07:11:00,stop
RØ,1225,NEL/86,07:12:00,07:13:00,stop
RØ,1225,IG/86,07:14:00,07:14:00,stop
RØ,1225,AVH/86,07:16:00,07:16:00,pass
RØ,1225,KIB/86,07:21:00,07:21:00,pass
RØ,1225,JSF/86,07:25:00,07:25:00,pass
RØ,1225,KJN/86,07:26:00,07:26:00,pass
RØ,1225,LEL/86,07:27:00,07:27:00,pass
RØ,1225,BJS/86,07:30:00,07:30:00,pass
RØ,1225,ADA/86,07:34:00,07:34:00,pass
RØ,1225,RG/86,07:37:00,07:39:00,stop
RØ,1225,GZ/86,07:44:00,07:44:00,stop
RØ,1225,NÆ/86,07:51:00,07:53:00,stop
RØ,1225,MOG/86,07:56:00,07:56:00,stop
RØ,1225,LU/86,08:00:00,08:00:00,pass
RØ,1225,VO/86,08:05:00,08:07:00,stop
RØ,1225,MN/86,08:10:00,08:10:00,stop
RØ,1225,OH/86,08:14:00,08:14:00,pass
RØ,1225,NV/86,08:17:00,08:17:00,pass
RØ,1225,EK/86,08:18:00,08:18:00,pass
RØ,1225,TN/86,08:20:00,08:20:00,pass
RØ,1225,NF/86,08:23:00,00:00:00,stop
RØ,1228,NF/86,00:00:00,11:38:00,stop
RØ,1228,TN/86,11:41:00,11:41:00,stop
RØ,1228,EK/86,11:42:00,11:42:00,pass
RØ,1228,NV/86,11:44:00,11:44:00,pass
RØ,1228,OH/86,11:46:00,11:46:00,pass
RØ,1228,MN/86,11:50:00,11:50:00,pass
RØ,1228,VO/86,11:53:00,11:55:00,stop
RØ,1228,LU/86,12:00:00,12:00:00,stop
RØ,1228,MOG/86,12:04:00,12:04:00,pass
RØ,1228,NÆ/86,12:07:00,12:10:00,stop
RØ,1228,GZ/86,12:16:00,12:16:00,stop
RØ,1228,RG/86,12:22:00,12:23:00,stop
RØ,1228,ADA/86,12:27:00,12:27:00,stop
RØ,1228,BJS/86,12:31:00,12:31:00,pass
RØ,1228,LEL/86,12:33:00,12:33:00,pass
RØ,1228,KJN/86,12:35:00,12:35:00,pass
RØ,1228,JSF/86,12:35:20,12:35:20,pass
RØ,1228,KIB/86,12:40:00,12:40:00,pass
RØ,1228,AVH/86,12:44:00,12:44:00,pass
RØ,1228,IG/86,12:46:00,12:46:00,pass
RØ,1228,NEL/86,12:47:00,12:49:00,stop
RØ,1228,GB/86,12:50:00,12:50:00,stop
RØ,1228,KH/86,12:55:00,00:00:00,stop
RØ,1229,KH/86,00:00:00,08:08:00,stop
RØ,1229,GB/86,08:11:00,08:11:00,stop
RØ,1229,NEL/86,08:12:00,08:13:00,stop
RØ,1229,IG/86,08:14:00,08:14:00,stop
RØ,1229,AVH/86,08:16:00,08:16:00,pass
RØ,1229,KIB/86,08:21:00,08:21:00,pass
RØ,1229,JSF/86,08:25:00,08:25:00,pass
RØ,1229,KJN/86,08:26:00,08:26:00,pass
RØ,1229,LEL/86,08:27:00,08:27:00,pass
RØ,1229,BJS/86,08:30:00,08:30:00,pass
RØ,1229,ADA/86,08:34:00,08:34:00,pass
RØ,1229,RG/86,08:37:00,08:39:00,stop
RØ,1229,GZ/86,08:44:00,08:44:00,stop
RØ,1229,NÆ/86,08:51:00,08:53:00,stop
RØ,1229,MOG/86,08:56:00,08:56:00,stop
RØ,1229,LU/86,09:00:00,09:00:00,pass
RØ,1229,VO/86,09:05:00,09:07:00,stop
RØ,1229,MN/86,09:10:00,09:10:00,stop
RØ,1229,OH/86,09:14:00,09:14:00,pass
RØ,1229,NV/86,09:17:00,09:17:00,pass
RØ,1229,EK/86,09:18:00,09:18:00,pass
RØ,1229,TN/86,09:20:00,09:20:00,pass
RØ,1229,NF/86,09:23:00,00:00:00,stop
RØ,2527,HG/86,00:00:00,06:13:00,stop
RØ,2527,SQ/86,06:16:00,06:17:00,stop
RØ,2527,GÆ/86,06:19:00,06:20:00,stop
RØ,2527,HUM/86,06:23:00,06:24:00,stop
RØ,2527,NI/86,06:27:00,06:28:00,stop
RØ,2527,OK/86,06:32:00,06:33:00,stop
RØ,2527,RU/86,06:35:00,06:36:00,stop
RØ,2527,VB/86,06:39:00,06:40:00,stop
RØ,2527,SÅ/86,06:43:00,06:44:00,stop
RØ,2527,KL/86,06:48:00,06:49:00,stop
RØ,2527,HL/86,06:54:00,06:55:00,stop
RØ,2527,HGL/86,06:57:00,06:57:00,stop
RØ,2527,KK/86,07:00:00,07:02:00,stop
RØ,2527,KN/86,07:04:00,07:05:00,stop
RØ,2527,KH/86,07:08:00,07:12:00,stop
RØ,2527,VAL/86,07:15:00,07:16:00,stop
RØ,2527,HIF/86,07:19:00,07:19:00,stop
RØ,2527,GL/86,07:20:00,07:20:00,pass
RØ,2527,HTÅ/86,07:25:00,07:26:00,stop
RØ,2527,HH/86,07:30:00,07:31:00,stop
RØ,2527,TRK/86,07:34:00,07:35:00,stop
RØ,2527,RO/86,07:38:00,07:39:00,stop
RØ,2527,LJ/86,07:45:00,07:46:00,stop
RØ,2527,HV/86,07:51:00,07:52:00,stop
RØ,2527,TØ/86,07:56:00,07:57:00,stop
RØ,2527,PE/86,08:01:00,08:02:00,stop
RØ,2527,HK/86,08:07:00,00:00:00,stop
RØ,2531,HG/86,00:00:00,07:13:00,stop
RØ,2531,SQ/86,07:16:00,07:17:00,stop
RØ,2531,GÆ/86,07:19:00,07:20:00,stop
RØ,2531,HUM/86,07:23:00,07:24:00,stop
RØ,2531,NI/86,07:27:00,07:28:00,stop
RØ,2531,OK/86,07:32:00,07:33:00,stop
RØ,2531,RU/86,07:35:00,07:36:00,stop
RØ,2531,VB/86,07:39:00,07:40:00,stop
RØ,2531,SÅ/86,07:43:00,07:44:00,stop
RØ,2531,KL/86,07:48:00,07:49:00,stop
RØ,2531,HL/86,07:54:00,07:55:00,stop
RØ,2531,HGL/86,07:57:00,07:57:00,stop
RØ,2531,KK/86,08:00:00,08:02:00,stop
RØ,2531,KN/86,08:04:00,08:05:00,stop
RØ,2531,KH/86,08:08:00,08:12:00,stop
RØ,2531,VAL/86,08:15:00,08:16:00,stop
RØ,2531,HIF/86,08:19:00,08:19:00,stop
RØ,2531,GL/86,08:20:00,08:20:00,pass
RØ,2531,HTÅ/86,08:25:00,08:26:00,stop
RØ,2531,HH/86,08:30:00,08:31:00,stop
RØ,2531,TRK/86,08:34:00,08:35:00,stop
RØ,2531,RO/86,08:38:00,08:39:00,stop
RØ,2531,LJ/86,08:45:00,08:46:00,stop
RØ,2531,HV/86,08:51:00,08:52:00,stop
RØ,2531,TØ/86,08:56:00,08:57:00,stop
RØ,2531,PE/86,09:01:00,09:02:00,stop
RØ,2531,HK/86,09:07:00,00:00:00,stop
RØ,2535,HG/86,00:00:00,08:13:00,stop
RØ,2535,SQ/86,08:16:00,08:17:00,stop
RØ,2535,GÆ/86,08:19:00,08:20:00,stop
RØ,2535,HUM/86,08:23:00,08:24:00,stop
RØ,2535,NI/86,08:27:00,08:28:00,stop
RØ,2535,OK/86,08:32:00,08:33:00,stop
RØ,2535,RU/86,08:35:00,08:36:00,stop
RØ,2535,VB/86,08:39:00,08:40:00,stop
RØ,2535,SÅ/86,08:43:00,08:44:00,stop
RØ,2535,KL/86,08:48:00,08:49:00,stop
RØ,2535,HL/86,08:54:00,08:55:00,stop
RØ,2535,HGL/86,08:57:00,08:57:00,stop
RØ,2535,KK/86,09:00:00,09:02:00,stop
RØ,2535,KN/86,09:04:00,09:05:00,stop
RØ,2535,KH/86,09:08:00,09:12:00,stop
RØ,2535,VAL/86,09:15:00,09:16:00,stop
RØ,2535,HIF/86,09:19:00,09:19:00,stop
RØ,2535,GL/86,09:20:00,09:20:00,pass
RØ,2535,HTÅ/86,09:25:00,09:26:00,stop
RØ,2535,HH/86,09:30:00,09:31:00,stop
RØ,2535,TRK/86,09:34:00,09:35:00,stop
RØ,2535,RO/86,09:38:00,09:39:00,stop
RØ,2535,LJ/86,09:45:00,09:46:00,stop
RØ,2535,HV/86,09:51:00,09:52:00,stop
RØ,2535,TØ/86,09:56:00,09:57:00,stop
RØ,2535,PE/86,10:01:00,10:02:00,stop
RØ,2535,HK/86,10:07:00,00:00:00,stop
RØ,2539,HG/86,00:00:00,09:13:00,stop
RØ,2539,SQ/86,09:16:00,09:17:00,stop
RØ,2539,GÆ/86,09:19:00,09:20:00,stop
RØ,2539,HUM/86,09:23:00,09:24:00,stop
RØ,2539,NI/86,09:27:00,09:28:00,stop
RØ,2539,OK/86,09:32:00,09:33:00,stop
RØ,2539,RU/86,09:35:00,09:36:00,stop
RØ,2539,VB/86,09:39:00,09:40:00,stop
RØ,2539,SÅ/86,09:43:00,09:44:00,stop
RØ,2539,KL/86,09:48:00,09:49:00,stop
RØ,2539,HL/86,09:54:00,09:55:00,stop
RØ,2539,HGL/86,09:57:00,09:57:00,stop
RØ,2539,KK/86,10:00:00,10:02:00,stop
RØ,2539,KN/86,10:04:00,10:05:00,stop
RØ,2539,KH/86,10:08:00,10:12:00,stop
RØ,2539,VAL/86,10:15:00,10:16:00,stop
RØ,2539,HIF/86,10:19:00,10:19:00,stop
RØ,2539,GL/86,10:20:00,10:20:00,pass
RØ,2539,HTÅ/86,10:25:00,10:26:00,stop
RØ,2539,HH/86,10:30:00,10:31:00,stop
RØ,2539,TRK/86,10:34:00,10:35:00,stop
RØ,2539,RO/86,10:38:00,10:39:00,stop
RØ,2539,LJ/86,10:45:00,10:46:00,stop
RØ,2539,HV/86,10:51:00,10:52:00,stop
RØ,2539,TØ/86,10:56:00,10:57:00,stop
RØ,2539,PE/86,11:01:00,11:02:00,stop
RØ,2539,HK/86,11:07:00,00:00:00,stop
RØ,2543,HG/86,00:00:00,10:13:00,stop
RØ,2543,SQ/86,10:16:00,10:17:00,stop
RØ,2543,GÆ/86,10:19:00,10:20:00,stop
RØ,2543,HUM/86,10:23:00,10:24:00,stop
RØ,2543,NI/86,10:27:00,10:28:00,stop
RØ,2543,OK/86,10:32:00,10:33:00,stop
RØ,2543,RU/86,10:35:00,10:36:00,stop
RØ,2543,VB/86,10:39:00,10:40:00,stop
RØ,2543,SÅ/86,10:43:00,10:44:00,stop
RØ,2543,KL/86,10:48:00,10:49:00,stop
RØ,2543,HL/86,10:54:00,10:55:00,stop
RØ,2543,HGL/86,10:57:00,10:57:00,stop
RØ,2543,KK/86,11:00:00,11:02:00,stop
RØ,2543,KN/86,11:04:00,11:05:00,stop
RØ,2543,KH/86,11:08:00,11:12:00,stop
RØ,2543,VAL/86,11:15:00,11:16:00,stop
RØ,2543,HIF/86,11:19:00,11:19:00,stop
RØ,2543,GL/86,11:20:00,11:20:00,pass
RØ,2543,HTÅ/86,11:25:00,11:26:00,stop
RØ,2543,HH/86,11:30:00,11:31:00,stop
RØ,2543,TRK/86,11:34:00,11:35:00,stop
RØ,2543,RO/86,11:38:00,11:39:00,stop
RØ,2543,LJ/86,11:45:00,11:46:00,stop
RØ,2543,HV/86,11:51:00,11:52:00,stop
RØ,2543,TØ/86,11:56:00,11:57:00,stop
RØ,2543,PE/86,12:01:00,12:02:00,stop
RØ,2543,HK/86,12:07:00,00:00:00,stop
RØ,2547,HG/86,00:00:00,11:13:00,stop
RØ,2547,SQ/86,11:16:00,11:17:00,stop
RØ,2547,GÆ/86,11:19:00,11:20:00,stop
RØ,2547,HUM/86,11:23:00,11:24:00,stop
RØ,2547,NI/86,11:27:00,11:28:00,stop
RØ,2547,OK/86,11:32:00,11:33:00,stop
RØ,2547,RU/86,11:35:00,11:36:00,stop
RØ,2547,VB/86,11:39:00,11:40:00,stop
RØ,2547,SÅ/86,11:43:00,11:44:00,stop
RØ,2547,KL/86,11:48:00,11:49:00,stop
RØ,2547,HL/86,11:54:00,11:55:00,stop
RØ,2547,HGL/86,11:57:00,11:57:00,stop
RØ,2547,KK/86,12:00:00,12:02:00,stop
RØ,2547,KN/86,12:04:00,12:05:00,stop
RØ,2547,KH/86,12:08:00,12:12:00,stop
RØ,2547,VAL/86,12:15:00,12:16:00,stop
RØ,2547,HIF/86,12:19:00,12:19:00,stop
RØ,2547,GL/86,12:20:00,12:20:00,pass
RØ,2547,HTÅ/86,12:25:00,12:26:00,stop
RØ,2547,HH/86,12:30:00,12:31:00,stop
RØ,2547,TRK/86,12:34:00,12:35:00,stop
RØ,2547,RO/86,12:38:00,12:39:00,stop
RØ,2547,LJ/86,12:45:00,12:46:00,stop
RØ,2547,HV/86,12:51:00,12:52:00,stop
RØ,2547,TØ/86,12:56:00,12:57:00,stop
RØ,2547,PE/86,13:01:00,13:02:00,stop
RØ,2547,HK/86,13:07:00,00:00:00,stop
RØ,2551,HG/86,00:00:00,12:13:00,stop
RØ,2551,SQ/86,12:16:00,12:17:00,stop
RØ,2551,GÆ/86,12:19:00,12:20:00,stop
RØ,2551,HUM/86,12:23:00,12:24:00,stop
RØ,2551,NI/86,12:27:00,12:28:00,stop
RØ,2551,OK/86,12:32:00,12:33:00,stop
RØ,2551,RU/86,12:35:00,12:36:00,stop
RØ,2551,VB/86,12:39:00,12:40:00,stop
RØ,2551,SÅ/86,12:43:00,12:44:00,stop
RØ,2551,KL/86,12:48:00,12:49:00,stop
RØ,2551,HL/86,12:54:00,12:55:00,stop
RØ,2551,HGL/86,12:57:00,12:57:00,stop
RØ,2551,KK/86,13:00:00,13:02:00,stop
RØ,2551,KN/86,13:04:00,13:05:00,stop
RØ,2551,KH/86,13:08:00,13:12:00,stop
RØ,2551,VAL/86,13:15:00,13:16:00,stop
RØ,2551,HIF/86,13:19:00,13:19:00,stop
RØ,2551,GL/86,13:20:00,13:20:00,pass
RØ,2551,HTÅ/86,13:25:00,13:26:00,stop
RØ,2551,HH/86,13:30:00,13:31:00,stop
RØ,2551,TRK/86,13:34:00,13:35:00,stop
RØ,2551,RO/86,13:38:00,13:39:00,stop
RØ,2551,LJ/86,13:45:00,13:46:00,stop
RØ,2551,HV/86,13:51:00,13:52:00,stop
RØ,2551,TØ/86,13:56:00,13:57:00,stop
RØ,2551,PE/86,14:01:00,14:02:00,stop
RØ,2551,HK/86,14:07:00,00:00:00,stop
RØ,2559,HG/86,00:00:00,14:13:00,stop
RØ,2559,SQ/86,14:16:00,14:17:00,stop
RØ,2559,GÆ/86,14:19:00,14:20:00,stop
RØ,2559,HUM/86,14:23:00,14:24:00,stop
RØ,2559,NI/86,14:27:00,14:28:00,stop
RØ,2559,OK/86,14:32:00,14:33:00,stop
RØ,2559,RU/86,14:35:00,14:36:00,stop
RØ,2559,VB/86,14:39:00,14:40:00,stop
RØ,2559,SÅ/86,14:43:00,14:44:00,stop
RØ,2559,KL/86,14:48:00,14:49:00,stop
RØ,2559,HL/86,14:54:00,14:55:00,stop
RØ,2559,HGL/86,14:57:00,14:57:00,stop
RØ,2559,KK/86,15:00:00,15:02:00,stop
RØ,2559,KN/86,15:04:00,15:05:00,stop
RØ,2559,KH/86,15:08:00,15:12:00,stop
RØ,2559,VAL/86,15:15:00,15:16:00,stop
RØ,2559,HIF/86,15:19:00,15:19:00,stop
RØ,2559,GL/86,15:20:00,15:20:00,pass
RØ,2559,HTÅ/86,15:25:00,15:26:00,stop
RØ,2559,HH/86,15:30:00,15:31:00,stop
RØ,2559,TRK/86,15:34:00,15:35:00,stop
RØ,2559,RO/86,15:38:00,15:39:00,stop
RØ,2559,LJ/86,15:45:00,15:46:00,stop
RØ,2559,HV/86,15:51:00,15:52:00,stop
RØ,2559,TØ/86,15:56:00,15:57:00,stop
RØ,2559,PE/86,16:01:00,16:02:00,stop
RØ,2559,HK/86,16:07:00,00:00:00,stop
RØ,2558,HK/86,00:00:00,19:53:00,stop
RØ,2558,PE/86,19:57:00,19:58:00,stop
RØ,2558,TØ/86,20:03:00,20:04:00,stop
RØ,2558,HV/86,20:08:00,20:09:00,stop
RØ,2558,LJ/86,20:13:00,20:14:00,stop
RØ,2558,RO/86,20:20:00,20:22:00,stop
RØ,2558,TRK/86,20:24:00,20:25:00,stop
RØ,2558,HH/86,20:28:00,20:29:00,stop
RØ,2558,HTÅ/86,20:33:00,20:34:00,stop
RØ,2558,GL/86,20:39:00,20:39:00,stop
RØ,2558,HIF/86,20:40:00,20:40:00,pass
RØ,2558,VAL/86,20:43:00,20:44:00,stop
RØ,2558,KH/86,20:49:00,20:52:00,stop
RØ,2558,KN/86,20:54:00,20:55:00,stop
RØ,2558,KK/86,20:58:00,20:59:00,stop
RØ,2558,HGL/86,21:01:00,21:01:00,stop
RØ,2558,HL/86,21:04:00,21:05:00,stop
RØ,2558,KL/86,21:09:00,21:10:00,stop
RØ,2558,SÅ/86,21:14:00,21:15:00,stop
RØ,2558,VB/86,21:18:00,21:19:00,stop
RØ,2558,RU/86,21:22:00,21:23:00,stop
RØ,2558,OK/86,21:26:00,21:27:00,stop
RØ,2558,NI/86,21:30:00,21:31:00,stop
RØ,2558,HUM/86,21:34:00,21:35:00,stop
RØ,2558,GÆ/86,21:38:00,21:39:00,stop
RØ,2558,SQ/86,21:42:00,21:43:00,stop
RØ,2558,HG/86,21:47:00,00:00:00,stop
RØ,2555,HG/86,00:00:00,13:13:00,stop
RØ,2555,SQ/86,13:16:00,13:17:00,stop
RØ,2555,GÆ/86,13:19:00,13:20:00,stop
RØ,2555,HUM/86,13:23:00,13:24:00,stop
RØ,2555,NI/86,13:27:00,13:28:00,stop
RØ,2555,OK/86,13:32:00,13:33:00,stop
RØ,2555,RU/86,13:35:00,13:36:00,stop
RØ,2555,VB/86,13:39:00,13:40:00,stop
RØ,2555,SÅ/86,13:43:00,13:44:00,stop
RØ,2555,KL/86,13:48:00,13:49:00,stop
RØ,2555,HL/86,13:54:00,13:55:00,stop
RØ,2555,HGL/86,13:57:00,13:57:00,stop
RØ,2555,KK/86,14:00:00,14:02:00,stop
RØ,2555,KN/86,14:04:00,14:05:00,stop
RØ,2555,KH/86,14:08:00,14:12:00,stop
RØ,2555,VAL/86,14:15:00,14:16:00,stop
RØ,2555,HIF/86,14:19:00,14:19:00,stop
RØ,2555,GL/86,14:20:00,14:20:00,pass
RØ,2555,HTÅ/86,14:25:00,14:26:00,stop
RØ,2555,HH/86,14:30:00,14:31:00,stop
RØ,2555,TRK/86,14:34:00,14:35:00,stop
RØ,2555,RO/86,14:38:00,14:39:00,stop
RØ,2555,LJ/86,14:45:00,14:46:00,stop
RØ,2555,HV/86,14:51:00,14:52:00,stop
RØ,2555,TØ/86,14:56:00,14:57:00,stop
RØ,2555,PE/86,15:01:00,15:02:00,stop
RØ,2555,HK/86,15:07:00,00:00:00,stop
RØ,2563,HG/86,00:00:00,15:13:00,stop
RØ,2563,SQ/86,15:16:00,15:17:00,stop
RØ,2563,GÆ/86,15:19:00,15:20:00,stop
RØ,2563,HUM/86,15:23:00,15:24:00,stop
RØ,2563,NI/86,15:27:00,15:28:00,stop
RØ,2563,OK/86,15:32:00,15:33:00,stop
RØ,2563,RU/86,15:35:00,15:36:00,stop
RØ,2563,VB/86,15:39:00,15:40:00,stop
RØ,2563,SÅ/86,15:43:00,15:44:00,stop
RØ,2563,KL/86,15:48:00,15:49:00,stop
RØ,2563,HL/86,15:54:00,15:55:00,stop
RØ,2563,HGL/86,15:57:00,15:57:00,stop
RØ,2563,KK/86,16:00:00,16:02:00,stop
RØ,2563,KN/86,16:04:00,16:05:00,stop
RØ,2563,KH/86,16:08:00,16:12:00,stop
RØ,2563,VAL/86,16:15:00,16:16:00,stop
RØ,2563,HIF/86,16:19:00,16:19:00,stop
RØ,2563,GL/86,16:20:00,16:20:00,pass
RØ,2563,HTÅ/86,16:25:00,16:26:00,stop
RØ,2563,HH/86,16:30:00,16:31:00,stop
RØ,2563,TRK/86,16:34:00,16:35:00,stop
RØ,2563,RO/86,16:38:00,16:39:00,stop
RØ,2563,LJ/86,16:45:00,16:46:00,stop
RØ,2563,HV/86,16:51:00,16:52:00,stop
RØ,2563,TØ/86,16:56:00,16:57:00,stop
RØ,2563,PE/86,17:01:00,17:02:00,stop
RØ,2563,HK/86,17:07:00,00:00:00,stop
RØ,2567,HG/86,00:00:00,16:13:00,stop
RØ,2567,SQ/86,16:16:00,16:17:00,stop
RØ,2567,GÆ/86,16:19:00,16:20:00,stop
RØ,2567,HUM/86,16:23:00,16:24:00,stop
RØ,2567,NI/86,16:27:00,16:28:00,stop
RØ,2567,OK/86,16:32:00,16:33:00,stop
RØ,2567,RU/86,16:35:00,16:36:00,stop
RØ,2567,VB/86,16:39:00,16:40:00,stop
RØ,2567,SÅ/86,16:43:00,16:44:00,stop
RØ,2567,KL/86,16:48:00,16:49:00,stop
RØ,2567,HL/86,16:54:00,16:55:00,stop
RØ,2567,HGL/86,16:57:00,16:57:00,stop
RØ,2567,KK/86,17:00:00,17:02:00,stop
RØ,2567,KN/86,17:04:00,17:05:00,stop
RØ,2567,KH/86,17:08:00,17:12:00,stop
RØ,2567,VAL/86,17:15:00,17:16:00,stop
RØ,2567,HIF/86,17:19:00,17:19:00,stop
RØ,2567,GL/86,17:20:00,17:20:00,pass
RØ,2567,HTÅ/86,17:25:00,17:26:00,stop
RØ,2567,HH/86,17:30:00,17:31:00,stop
RØ,2567,TRK/86,17:34:00,17:35:00,stop
RØ,2567,RO/86,17:38:00,17:39:00,stop
RØ,2567,LJ/86,17:45:00,17:46:00,stop
RØ,2567,HV/86,17:51:00,17:52:00,stop
RØ,2567,TØ/86,17:56:00,17:57:00,stop
RØ,2567,PE/86,18:01:00,18:02:00,stop
RØ,2567,HK/86,18:07:00,00:00:00,stop
RØ,2571,HG/86,00:00:00,17:13:00,stop
RØ,2571,SQ/86,17:16:00,17:17:00,stop
RØ,2571,GÆ/86,17:19:00,17:20:00,stop
RØ,2571,HUM/86,17:23:00,17:24:00,stop
RØ,2571,NI/86,17:27:00,17:28:00,stop
RØ,2571,OK/86,17:32:00,17:33:00,stop
RØ,2571,RU/86,17:35:00,17:36:00,stop
RØ,2571,VB/86,17:39:00,17:40:00,stop
RØ,2571,SÅ/86,17:43:00,17:44:00,stop
RØ,2571,KL/86,17:48:00,17:49:00,stop
RØ,2571,HL/86,17:54:00,17:55:00,stop
RØ,2571,HGL/86,17:57:00,17:57:00,stop
RØ,2571,KK/86,18:00:00,18:02:00,stop
RØ,2571,KN/86,18:04:00,18:05:00,stop
RØ,2571,KH/86,18:08:00,18:12:00,stop
RØ,2571,VAL/86,18:15:00,18:16:00,stop
RØ,2571,HIF/86,18:19:00,18:19:00,stop
RØ,2571,GL/86,18:20:00,18:20:00,pass
RØ,2571,HTÅ/86,18:25:00,18:26:00,stop
RØ,2571,HH/86,18:30:00,18:31:00,stop
RØ,2571,TRK/86,18:34:00,18:35:00,stop
RØ,2571,RO/86,18:38:00,18:39:00,stop
RØ,2571,LJ/86,18:45:00,18:46:00,stop
RØ,2571,HV/86,18:51:00,18:52:00,stop
RØ,2571,TØ/86,18:56:00,18:57:00,stop
RØ,2571,PE/86,19:01:00,19:02:00,stop
RØ,2571,HK/86,19:07:00,00:00:00,stop
RØ,2575,HG/86,00:00:00,18:13:00,stop
RØ,2575,SQ/86,18:16:00,18:17:00,stop
RØ,2575,GÆ/86,18:19:00,18:20:00,stop
RØ,2575,HUM/86,18:23:00,18:24:00,stop
RØ,2575,NI/86,18:27:00,18:28:00,stop
RØ,2575,OK/86,18:32:00,18:33:00,stop
RØ,2575,RU/86,18:35:00,18:36:00,stop
RØ,2575,VB/86,18:39:00,18:40:00,stop
RØ,2575,SÅ/86,18:43:00,18:44:00,stop
RØ,2575,KL/86,18:48:00,18:49:00,stop
RØ,2575,HL/86,18:54:00,18:55:00,stop
RØ,2575,HGL/86,18:57:00,18:57:00,stop
RØ,2575,KK/86,19:00:00,19:02:00,stop
RØ,2575,KN/86,19:04:00,19:05:00,stop
RØ,2575,KH/86,19:08:00,19:12:00,stop
RØ,2575,VAL/86,19:15:00,19:16:00,stop
RØ,2575,HIF/86,19:19:00,19:19:00,stop
RØ,2575,GL/86,19:20:00,19:20:00,pass
RØ,2575,HTÅ/86,19:25:00,19:26:00,stop
RØ,2575,HH/86,19:30:00,19:31:00,stop
RØ,2575,TRK/86,19:34:00,19:35:00,stop
RØ,2575,RO/86,19:38:00,19:39:00,stop
RØ,2575,LJ/86,19:45:00,19:46:00,stop
RØ,2575,HV/86,19:51:00,19:52:00,stop
RØ,2575,TØ/86,19:56:00,19:57:00,stop
RØ,2575,PE/86,20:01:00,20:02:00,stop
RØ,2575,HK/86,20:07:00,00:00:00,stop
RØ,2502,HK/86,00:00:00,05:53:00,stop
RØ,2502,PE/86,05:57:00,05:58:00,stop
RØ,2502,TØ/86,06:03:00,06:04:00,stop
RØ,2502,HV/86,06:08:00,06:09:00,stop
RØ,2502,LJ/86,06:13:00,06:14:00,stop
RØ,2502,RO/86,06:20:00,06:22:00,stop
RØ,2502,TRK/86,06:24:00,06:25:00,stop
RØ,2502,HH/86,06:28:00,06:29:00,stop
RØ,2502,HTÅ/86,06:33:00,06:34:00,stop
RØ,2502,GL/86,06:39:00,06:39:00,stop
RØ,2502,HIF/86,06:40:00,06:40:00,pass
RØ,2502,VAL/86,06:43:00,06:44:00,stop
RØ,2502,KH/86,06:49:00,06:52:00,stop
RØ,2502,KN/86,06:54:00,06:55:00,stop
RØ,2502,KK/86,06:58:00,06:59:00,stop
RØ,2502,HGL/86,07:01:00,07:01:00,stop
RØ,2502,HL/86,07:04:00,07:05:00,stop
RØ,2502,KL/86,07:09:00,07:10:00,stop
RØ,2502,SÅ/86,07:14:00,07:15:00,stop
RØ,2502,VB/86,07:18:00,07:19:00,stop
RØ,2502,RU/86,07:22:00,07:23:00,stop
RØ,2502,OK/86,07:26:00,07:27:00,stop
RØ,2502,NI/86,07:30:00,07:31:00,stop
RØ,2502,HUM/86,07:34:00,07:35:00,stop
RØ,2502,GÆ/86,07:38:00,07:39:00,stop
RØ,2502,SQ/86,07:42:00,07:43:00,stop
RØ,2502,HG/86,07:47:00,00:00:00,stop
RØ,2506,HK/86,00:00:00,06:53:00,stop
RØ,2506,PE/86,06:57:00,06:58:00,stop
RØ,2506,TØ/86,07:03:00,07:04:00,stop
RØ,2506,HV/86,07:08:00,07:09:00,stop
RØ,2506,LJ/86,07:13:00,07:14:00,stop
RØ,2506,RO/86,07:20:00,07:22:00,stop
RØ,2506,TRK/86,07:24:00,07:25:00,stop
RØ,2506,HH/86,07:28:00,07:29:00,stop
RØ,2506,HTÅ/86,07:33:00,07:34:00,stop
RØ,2506,GL/86,07:39:00,07:39:00,stop
RØ,2506,HIF/86,07:40:00,07:40:00,pass
RØ,2506,VAL/86,07:43:00,07:44:00,stop
RØ,2506,KH/86,07:49:00,07:52:00,stop
RØ,2506,KN/86,07:54:00,07:55:00,stop
RØ,2506,KK/86,07:58:00,07:59:00,stop
RØ,2506,HGL/86,08:01:00,08:01:00,stop
RØ,2506,HL/86,08:04:00,08:05:00,stop
RØ,2506,KL/86,08:09:00,08:10:00,stop
RØ,2506,SÅ/86,08:14:00,08:15:00,stop
RØ,2506,VB/86,08:18:00,08:19:00,stop
RØ,2506,RU/86,08:22:00,08:23:00,stop
RØ,2506,OK/86,08:26:00,08:27:00,stop
RØ,2506,NI/86,08:30:00,08:31:00,stop
RØ,2506,HUM/86,08:34:00,08:35:00,stop
RØ,2506,GÆ/86,08:38:00,08:39:00,stop
RØ,2506,SQ/86,08:42:00,08:43:00,stop
RØ,2506,HG/86,08:47:00,00:00:00,stop
RØ,2510,HK/86,00:00:00,07:53:00,stop
RØ,2510,PE/86,07:57:00,07:58:00,stop
RØ,2510,TØ/86,08:03:00,08:04:00,stop
RØ,2510,HV/86,08:08:00,08:09:00,stop
RØ,2510,LJ/86,08:13:00,08:14:00,stop
RØ,2510,RO/86,08:20:00,08:22:00,stop
RØ,2510,TRK/86,08:24:00,08:25:00,stop
RØ,2510,HH/86,08:28:00,08:29:00,stop
RØ,2510,HTÅ/86,08:33:00,08:34:00,stop
RØ,2510,GL/86,08:39:00,08:39:00,stop
RØ,2510,HIF/86,08:40:00,08:40:00,pass
RØ,2510,VAL/86,08:43:00,08:44:00,stop
RØ,2510,KH/86,08:49:00,08:52:00,stop
RØ,2510,KN/86,08:54:00,08:55:00,stop
RØ,2510,KK/86,08:58:00,08:59:00,stop
RØ,2510,HGL/86,09:01:00,09:01:00,stop
RØ,2510,HL/86,09:04:00,09:05:00,stop
RØ,2510,KL/86,09:09:00,09:10:00,stop
RØ,2510,SÅ/86,09:14:00,09:15:00,stop
RØ,2510,VB/86,09:18:00,09:19:00,stop
RØ,2510,RU/86,09:22:00,09:23:00,stop
RØ,2510,OK/86,09:26:00,09:27:00,stop
RØ,2510,NI/86,09:30:00,09:31:00,stop
RØ,2510,HUM/86,09:34:00,09:35:00,stop
RØ,2510,GÆ/86,09:38:00,09:39:00,stop
RØ,2510,SQ/86,09:42:00,09:43:00,stop
RØ,2510,HG/86,09:47:00,00:00:00,stop
RØ,2514,HK/86,00:00:00,08:53:00,stop
RØ,2514,PE/86,08:57:00,08:58:00,stop
RØ,2514,TØ/86,09:03:00,09:04:00,stop
RØ,2514,HV/86,09:08:00,09:09:00,stop
RØ,2514,LJ/86,09:13:00,09:14:00,stop
RØ,2514,RO/86,09:20:00,09:22:00,stop
RØ,2514,TRK/86,09:24:00,09:25:00,stop
RØ,2514,HH/86,09:28:00,09:29:00,stop
RØ,2514,HTÅ/86,09:33:00,09:34:00,stop
RØ,2514,GL/86,09:39:00,09:39:00,stop
RØ,2514,HIF/86,09:40:00,09:40:00,pass
RØ,2514,VAL/86,09:43:00,09:44:00,stop
RØ,2514,KH/86,09:49:00,09:52:00,stop
RØ,2514,KN/86,09:54:00,09:55:00,stop
RØ,2514,KK/86,09:58:00,09:59:00,stop
RØ,2514,HGL/86,10:01:00,10:01:00,stop
RØ,2514,HL/86,10:04:00,10:05:00,stop
RØ,2514,KL/86,10:09:00,10:10:00,stop
RØ,2514,SÅ/86,10:14:00,10:15:00,stop
RØ,2514,VB/86,10:18:00,10:19:00,stop
RØ,2514,RU/86,10:22:00,10:23:00,stop
RØ,2514,OK/86,10:26:00,10:27:00,stop
RØ,2514,NI/86,10:30:00,10:31:00,stop
RØ,2514,HUM/86,10:34:00,10:35:00,stop
RØ,2514,GÆ/86,10:38:00,10:39:00,stop
RØ,2514,SQ/86,10:42:00,10:43:00,stop
RØ,2514,HG/86,10:47:00,00:00:00,stop
RØ,2562,HK/86,00:00:00,20:53:00,stop
RØ,2562,PE/86,20:57:00,20:58:00,stop
RØ,2562,TØ/86,21:03:00,21:04:00,stop
RØ,2562,HV/86,21:08:00,21:09:00,stop
RØ,2562,LJ/86,21:13:00,21:14:00,stop
RØ,2562,RO/86,21:20:00,21:22:00,stop
RØ,2562,TRK/86,21:24:00,21:25:00,stop
RØ,2562,HH/86,21:28:00,21:29:00,stop
RØ,2562,HTÅ/86,21:33:00,21:34:00,stop
RØ,2562,GL/86,21:39:00,21:39:00,stop
RØ,2562,HIF/86,21:40:00,21:40:00,pass
RØ,2562,VAL/86,21:43:00,21:44:00,stop
RØ,2562,KH/86,21:49:00,21:52:00,stop
RØ,2562,KN/86,21:54:00,21:55:00,stop
RØ,2562,KK/86,21:58:00,22:01:00,stop
RØ,2562,HGL/86,22:04:00,00:00:00,stop
RØ,2566,HK/86,00:00:00,21:53:00,stop
RØ,2566,PE/86,21:57:00,21:58:00,stop
RØ,2566,TØ/86,22:03:00,22:04:00,stop
RØ,2566,HV/86,22:08:00,22:09:00,stop
RØ,2566,LJ/86,22:13:00,22:14:00,stop
RØ,2566,RO/86,22:20:00,22:22:00,stop
RØ,2566,TRK/86,22:24:00,22:25:00,stop
RØ,2566,HH/86,22:28:00,22:29:00,stop
RØ,2566,HTÅ/86,22:33:00,22:34:00,stop
RØ,2566,GL/86,22:39:00,22:39:00,stop
RØ,2566,HIF/86,22:40:00,22:40:00,pass
RØ,2566,VAL/86,22:43:00,22:44:00,stop
RØ,2566,KH/86,22:49:00,22:52:00,stop
RØ,2566,KN/86,22:54:00,22:55:00,stop
RØ,2566,KK/86,22:58:00,23:01:00,stop
RØ,2566,HGL/86,23:04:00,00:00:00,stop
RØ,4246,NÆ/86,00:00:00,16:28:00,stop
RØ,4246,GZ/86,16:36:00,16:37:00,stop
RØ,4246,RG/86,16:43:00,16:44:00,stop
RØ,4246,KY/86,16:48:00,16:48:00,stop
RØ,4246,BO/86,16:52:00,16:53:00,stop
RØ,4246,VY/86,16:58:00,16:59:00,stop
RØ,4246,RO/86,17:05:00,17:07:00,stop
RØ,4246,TRK/86,17:09:00,17:10:00,stop
RØ,4246,HH/86,17:13:00,17:14:00,stop
RØ,4246,HTÅ/86,17:18:00,17:19:00,stop
RØ,4246,GL/86,17:23:00,17:23:00,stop
RØ,4246,HIF/86,17:25:00,17:25:00,pass
RØ,4246,VAL/86,17:27:00,17:28:00,stop
RØ,4246,KH/86,17:34:00,17:37:00,stop
RØ,4246,KN/86,17:39:00,17:40:00,stop
RØ,4246,KK/86,17:43:00,17:44:00,stop
RØ,4246,HGL/86,17:46:00,17:46:00,stop
RØ,4246,HL/86,17:49:00,17:50:00,stop
RØ,4246,KL/86,17:54:00,17:55:00,stop
RØ,4246,SÅ/86,17:59:00,18:00:00,stop
RØ,4246,VB/86,18:03:00,18:04:00,stop
RØ,4246,RU/86,18:07:00,18:08:00,stop
RØ,4246,OK/86,18:11:00,18:12:00,stop
RØ,4246,NI/86,18:15:00,18:16:00,stop
RØ,4246,HUM/86,18:19:00,18:20:00,stop
RØ,4246,GÆ/86,18:23:00,18:24:00,stop
RØ,4246,SQ/86,18:27:00,18:28:00,stop
RØ,4246,HG/86,18:32:00,00:00:00,stop
RØ,4291,HG/86,00:00:00,22:28:00,stop
RØ,4291,SQ/86,22:31:00,22:32:00,stop
RØ,4291,GÆ/86,22:34:00,22:35:00,stop
RØ,4291,HUM/86,22:38:00,22:39:00,stop
RØ,4291,NI/86,22:42:00,22:43:00,stop
RØ,4291,OK/86,22:47:00,22:48:00,stop
RØ,4291,RU/86,22:50:00,22:51:00,stop
RØ,4291,VB/86,22:54:00,22:55:00,stop
RØ,4291,SÅ/86,22:58:00,22:59:00,stop
RØ,4291,KL/86,23:03:00,23:04:00,stop
RØ,4291,HL/86,23:09:00,23:10:00,stop
RØ,4291,HGL/86,23:12:00,23:12:00,stop
RØ,4291,KK/86,23:15:00,23:17:00,stop
RØ,4291,KN/86,23:19:00,23:20:00,stop
RØ,4291,KH/86,23:23:00,00:00:00,stop
RØ,4270,KH/86,00:00:00,23:37:00,stop
RØ,4270,KN/86,23:39:00,23:40:00,stop
RØ,4270,KK/86,23:43:00,23:44:00,stop
RØ,4270,HGL/86,23:46:00,23:46:00,stop
RØ,4270,HL/86,23:49:00,23:50:00,stop
RØ,4270,KL/86,23:54:00,23:55:00,stop
RØ,4270,SÅ/86,23:59:00,00:00:00,stop
RØ,4270,VB/86,00:03:00,00:04:00,stop
RØ,4270,RU/86,00:07:00,00:08:00,stop
RØ,4270,OK/86,00:11:00,00:12:00,stop
RØ,4270,NI/86,00:15:00,00:16:00,stop
RØ,4270,HUM/86,00:19:00,00:20:00,stop
RØ,4270,GÆ/86,00:23:00,00:24:00,stop
RØ,4270,SQ/86,00:27:00,00:28:00,stop
RØ,4270,HG/86,00:32:00,00:00:00,stop
RØ,4274,KH/86,00:00:00,00:37:00,stop
RØ,4274,KN/86,00:39:00,00:40:00,stop
RØ,4274,KK/86,00:43:00,00:44:00,stop
RØ,4274,HGL/86,00:46:00,00:46:00,stop
RØ,4274,HL/86,00:49:00,00:50:00,stop
RØ,4274,KL/86,00:54:00,00:55:00,stop
RØ,4274,SÅ/86,00:59:00,01:00:00,stop
RØ,4274,VB/86,01:03:00,01:04:00,stop
RØ,4274,RU/86,01:07:00,01:08:00,stop
RØ,4274,OK/86,01:11:00,01:12:00,stop
RØ,4274,NI/86,01:15:00,01:16:00,stop
RØ,4274,HUM/86,01:19:00,01:20:00,stop
RØ,4274,GÆ/86,01:23:00,01:24:00,stop
RØ,4274,SQ/86,01:27:00,01:28:00,stop
RØ,4274,HG/86,01:32:00,00:00:00,stop
RØ,2500,KH/86,00:00:00,05:52:00,stop
RØ,2500,KN/86,05:54:00,05:55:00,stop
RØ,2500,KK/86,05:58:00,05:59:00,stop
RØ,2500,HGL/86,06:01:00,06:01:00,stop
RØ,2500,HL/86,06:04:00,06:05:00,stop
RØ,2500,KL/86,06:09:00,06:10:00,stop
RØ,2500,SÅ/86,06:14:00,06:15:00,stop
RØ,2500,VB/86,06:18:00,06:19:00,stop
RØ,2500,RU/86,06:22:00,06:23:00,stop
RØ,2500,OK/86,06:26:00,06:27:00,stop
RØ,2500,NI/86,06:30:00,06:31:00,stop
RØ,2500,HUM/86,06:34:00,06:35:00,stop
RØ,2500,GÆ/86,06:38:00,06:39:00,stop
RØ,2500,SQ/86,06:42:00,06:43:00,stop
RØ,2500,HG/86,06:47:00,00:00:00,stop
RØ,2546,HK/86,00:00:00,16:53:00,stop
RØ,2546,PE/86,16:57:00,16:58:00,stop
RØ,2546,TØ/86,17:03:00,17:04:00,stop
RØ,2546,HV/86,17:08:00,17:09:00,stop
RØ,2546,LJ/86,17:13:00,17:14:00,stop
RØ,2546,RO/86,17:20:00,17:22:00,stop
RØ,2546,TRK/86,17:24:00,17:25:00,stop
RØ,2546,HH/86,17:28:00,17:29:00,stop
RØ,2546,HTÅ/86,17:33:00,17:34:00,stop
RØ,2546,GL/86,17:39:00,17:39:00,stop
RØ,2546,HIF/86,17:40:00,17:40:00,pass
RØ,2546,VAL/86,17:43:00,17:44:00,stop
RØ,2546,KH/86,17:49:00,17:52:00,stop
RØ,2546,KN/86,17:54:00,17:55:00,stop
RØ,2546,KK/86,17:58:00,17:59:00,stop
RØ,2546,HGL/86,18:01:00,18:01:00,stop
RØ,2546,HL/86,18:04:00,18:05:00,stop
RØ,2546,KL/86,18:09:00,18:10:00,stop
RØ,2546,SÅ/86,18:14:00,18:15:00,stop
RØ,2546,VB/86,18:18:00,18:19:00,stop
RØ,2546,RU/86,18:22:00,18:23:00,stop
RØ,2546,OK/86,18:26:00,18:27:00,stop
RØ,2546,NI/86,18:30:00,18:31:00,stop
RØ,2546,HUM/86,18:34:00,18:35:00,stop
RØ,2546,GÆ/86,18:38:00,18:39:00,stop
RØ,2546,SQ/86,18:42:00,18:43:00,stop
RØ,2546,HG/86,18:47:00,00:00:00,stop
RØ,2550,HK/86,00:00:00,17:53:00,stop
RØ,2550,PE/86,17:57:00,17:58:00,stop
RØ,2550,TØ/86,18:03:00,18:04:00,stop
RØ,2550,HV/86,18:08:00,18:09:00,stop
RØ,2550,LJ/86,18:13:00,18:14:00,stop
RØ,2550,RO/86,18:20:00,18:22:00,stop
RØ,2550,TRK/86,18:24:00,18:25:00,stop
RØ,2550,HH/86,18:28:00,18:29:00,stop
RØ,2550,HTÅ/86,18:33:00,18:34:00,stop
RØ,2550,GL/86,18:39:00,18:39:00,stop
RØ,2550,HIF/86,18:40:00,18:40:00,pass
RØ,2550,VAL/86,18:43:00,18:44:00,stop
RØ,2550,KH/86,18:49:00,18:52:00,stop
RØ,2550,KN/86,18:54:00,18:55:00,stop
RØ,2550,KK/86,18:58:00,18:59:00,stop
RØ,2550,HGL/86,19:01:00,19:01:00,stop
RØ,2550,HL/86,19:04:00,19:05:00,stop
RØ,2550,KL/86,19:09:00,19:10:00,stop
RØ,2550,SÅ/86,19:14:00,19:15:00,stop
RØ,2550,VB/86,19:18:00,19:19:00,stop
RØ,2550,RU/86,19:22:00,19:23:00,stop
RØ,2550,OK/86,19:26:00,19:27:00,stop
RØ,2550,NI/86,19:30:00,19:31:00,stop
RØ,2550,HUM/86,19:34:00,19:35:00,stop
RØ,2550,GÆ/86,19:38:00,19:39:00,stop
RØ,2550,SQ/86,19:42:00,19:43:00,stop
RØ,2550,HG/86,19:47:00,00:00:00,stop
RØ,2554,HK/86,00:00:00,18:53:00,stop
RØ,2554,PE/86,18:57:00,18:58:00,stop
RØ,2554,TØ/86,19:03:00,19:04:00,stop
RØ,2554,HV/86,19:08:00,19:09:00,stop
RØ,2554,LJ/86,19:13:00,19:14:00,stop
RØ,2554,RO/86,19:20:00,19:22:00,stop
RØ,2554,TRK/86,19:24:00,19:25:00,stop
RØ,2554,HH/86,19:28:00,19:29:00,stop
RØ,2554,HTÅ/86,19:33:00,19:34:00,stop
RØ,2554,GL/86,19:39:00,19:39:00,stop
RØ,2554,HIF/86,19:40:00,19:40:00,pass
RØ,2554,VAL/86,19:43:00,19:44:00,stop
RØ,2554,KH/86,19:49:00,19:52:00,stop
RØ,2554,KN/86,19:54:00,19:55:00,stop
RØ,2554,KK/86,19:58:00,19:59:00,stop
RØ,2554,HGL/86,20:01:00,20:01:00,stop
RØ,2554,HL/86,20:04:00,20:05:00,stop
RØ,2554,KL/86,20:09:00,20:10:00,stop
RØ,2554,SÅ/86,20:14:00,20:15:00,stop
RØ,2554,VB/86,20:18:00,20:19:00,stop
RØ,2554,RU/86,20:22:00,20:23:00,stop
RØ,2554,OK/86,20:26:00,20:27:00,stop
RØ,2554,NI/86,20:30:00,20:31:00,stop
RØ,2554,HUM/86,20:34:00,20:35:00,stop
RØ,2554,GÆ/86,20:38:00,20:39:00,stop
RØ,2554,SQ/86,20:42:00,20:43:00,stop
RØ,2554,HG/86,20:47:00,00:00:00,stop
RØ,4516,HK/86,00:00:00,09:23:00,stop
RØ,4516,PE/86,09:27:00,09:28:00,stop
RØ,4516,TØ/86,09:33:00,09:34:00,stop
RØ,4516,HV/86,09:38:00,09:39:00,stop
RØ,4516,LJ/86,09:43:00,09:44:00,stop
RØ,4516,RO/86,09:50:00,09:52:00,stop
RØ,4516,TRK/86,09:54:00,09:55:00,stop
RØ,4516,HH/86,09:58:00,09:59:00,stop
RØ,4516,HTÅ/86,10:03:00,10:04:00,stop
RØ,4516,GL/86,10:09:00,10:09:00,stop
RØ,4516,HIF/86,10:10:00,10:10:00,pass
RØ,4516,VAL/86,10:13:00,10:14:00,stop
RØ,4516,KH/86,10:19:00,10:22:00,stop
RØ,4516,KN/86,10:24:00,10:25:00,stop
RØ,4516,KK/86,10:28:00,10:29:00,stop
RØ,4516,HGL/86,10:31:00,10:31:00,stop
RØ,4516,HL/86,10:34:00,10:35:00,stop
RØ,4516,KL/86,10:39:00,10:40:00,stop
RØ,4516,SÅ/86,10:44:00,10:45:00,stop
RØ,4516,VB/86,10:48:00,10:49:00,stop
RØ,4516,RU/86,10:52:00,10:53:00,stop
RØ,4516,OK/86,10:56:00,10:57:00,stop
RØ,4516,NI/86,11:00:00,11:01:00,stop
RØ,4516,HUM/86,11:04:00,11:05:00,stop
RØ,4516,GÆ/86,11:08:00,11:09:00,stop
RØ,4516,SQ/86,11:12:00,11:13:00,stop
RØ,4516,HG/86,11:17:00,00:00:00,stop
RØ,3465,HG/86,00:00:00,15:54:00,stop
RØ,3465,SQ/86,15:56:00,15:56:00,stop
RØ,3465,GÆ/86,15:59:00,16:00:00,stop
RØ,3465,HUM/86,16:03:00,16:04:00,stop
RØ,3465,NI/86,16:07:00,16:08:00,stop
RØ,3465,OK/86,16:11:00,16:12:00,stop
RØ,3465,RU/86,16:15:00,16:15:00,stop
RØ,3465,VB/86,16:17:00,16:17:00,pass
RØ,3465,SÅ/86,16:20:00,16:20:00,pass
RØ,3465,KL/86,16:23:00,16:23:00,pass
RØ,3465,HL/86,16:29:00,16:30:00,stop
RØ,3465,HGL/86,16:32:00,16:32:00,stop
RØ,3465,KK/86,16:35:00,16:38:00,stop
RØ,3465,KN/86,16:40:00,16:41:00,stop
RØ,3465,KH/86,16:44:00,00:00:00,stop
RØ,3469,HG/86,00:00:00,16:54:00,stop
RØ,3469,SQ/86,16:56:00,16:56:00,stop
RØ,3469,GÆ/86,16:59:00,17:00:00,stop
RØ,3469,HUM/86,17:03:00,17:04:00,stop
RØ,3469,NI/86,17:07:00,17:08:00,stop
RØ,3469,OK/86,17:11:00,17:12:00,stop
RØ,3469,RU/86,17:15:00,17:15:00,stop
RØ,3469,VB/86,17:17:00,17:17:00,pass
RØ,3469,SÅ/86,17:20:00,17:20:00,pass
RØ,3469,KL/86,17:23:00,17:23:00,pass
RØ,3469,HL/86,17:29:00,17:30:00,stop
RØ,3469,HGL/86,17:32:00,17:32:00,stop
RØ,3469,KK/86,17:35:00,17:38:00,stop
RØ,3469,KN/86,17:40:00,17:41:00,stop
RØ,3469,KH/86,17:44:00,00:00:00,stop
RØ,3442,KH/86,00:00:00,16:16:00,stop
RØ,3442,KN/86,16:18:00,16:19:00,stop
RØ,3442,KK/86,16:22:00,16:23:00,stop
RØ,3442,HGL/86,16:26:00,16:26:00,stop
RØ,3442,HL/86,16:29:00,16:30:00,stop
RØ,3442,KL/86,16:35:00,16:35:00,stop
RØ,3442,SÅ/86,16:39:00,16:39:00,pass
RØ,3442,VB/86,16:41:00,16:41:00,pass
RØ,3442,RU/86,16:44:00,16:44:00,pass
RØ,3442,OK/86,16:47:00,16:48:00,stop
RØ,3442,NI/86,16:51:00,16:52:00,stop
RØ,3442,HUM/86,16:55:00,16:56:00,stop
RØ,3442,GÆ/86,16:59:00,17:00:00,stop
RØ,3442,SQ/86,17:03:00,17:03:00,stop
RØ,3442,HG/86,17:06:00,00:00:00,stop
RØ,4817,NÆ/86,00:00:00,06:13:00,stop
RØ,4817,MOG/86,06:16:00,06:16:00,stop
RØ,4817,LU/86,06:21:00,06:22:00,stop
RØ,4817,VO/86,06:28:00,06:30:00,stop
RØ,4817,MN/86,06:33:00,06:33:00,stop
RØ,4817,OH/86,06:37:00,06:37:00,pass
RØ,4817,NV/86,06:40:00,06:41:00,stop
RØ,4817,EK/86,06:45:00,06:46:00,stop
RØ,4817,TN/86,06:49:00,06:49:00,stop
RØ,4817,NF/86,06:52:00,00:00:00,stop
RØ,1236,NF/86,00:00:00,13:38:00,stop
RØ,1236,TN/86,13:41:00,13:41:00,stop
RØ,1236,EK/86,13:42:00,13:42:00,pass
RØ,1236,NV/86,13:44:00,13:44:00,pass
RØ,1236,OH/86,13:46:00,13:46:00,pass
RØ,1236,MN/86,13:50:00,13:50:00,pass
RØ,1236,VO/86,13:53:00,13:55:00,stop
RØ,1236,LU/86,14:00:00,14:00:00,stop
RØ,1236,MOG/86,14:04:00,14:04:00,pass
RØ,1236,NÆ/86,14:07:00,14:10:00,stop
RØ,1236,GZ/86,14:16:00,14:16:00,stop
RØ,1236,RG/86,14:22:00,14:23:00,stop
RØ,1236,ADA/86,14:27:00,14:27:00,stop
RØ,1236,BJS/86,14:31:00,14:31:00,pass
RØ,1236,LEL/86,14:33:00,14:33:00,pass
RØ,1236,KJN/86,14:35:00,14:35:00,pass
RØ,1236,JSF/86,14:35:20,14:35:20,pass
RØ,1236,KIB/86,14:40:00,14:40:00,pass
RØ,1236,AVH/86,14:44:00,14:44:00,pass
RØ,1236,IG/86,14:46:00,14:46:00,pass
RØ,1236,NEL/86,14:47:00,14:49:00,stop
RØ,1236,GB/86,14:50:00,14:50:00,stop
RØ,1236,KH/86,14:55:00,00:00:00,stop
RØ,2204,NÆ/86,00:00:00,05:58:00,stop
RØ,2204,GZ/86,06:06:00,06:07:00,stop
RØ,2204,RG/86,06:13:00,06:14:00,stop
RØ,2204,KY/86,06:18:00,06:18:00,stop
RØ,2204,BO/86,06:22:00,06:23:00,stop
RØ,2204,VY/86,06:28:00,06:29:00,stop
RØ,2204,RO/86,06:35:00,06:37:00,stop
RØ,2204,TRK/86,06:39:00,06:40:00,stop
RØ,2204,HH/86,06:43:00,06:44:00,stop
RØ,2204,HTÅ/86,06:48:00,06:49:00,stop
RØ,2204,GL/86,06:53:00,06:53:00,stop
RØ,2204,HIF/86,06:55:00,06:55:00,pass
RØ,2204,VAL/86,06:57:00,06:58:00,stop
RØ,2204,KH/86,07:04:00,07:07:00,stop
RØ,2204,KN/86,07:09:00,07:10:00,stop
RØ,2204,KK/86,07:13:00,07:14:00,stop
RØ,2204,HGL/86,07:16:00,07:16:00,stop
RØ,2204,HL/86,07:19:00,07:20:00,stop
RØ,2204,KL/86,07:24:00,07:25:00,stop
RØ,2204,SÅ/86,07:29:00,07:30:00,stop
RØ,2204,VB/86,07:33:00,07:34:00,stop
RØ,2204,RU/86,07:37:00,07:38:00,stop
RØ,2204,OK/86,07:41:00,07:42:00,stop
RØ,2204,NI/86,07:45:00,07:46:00,stop
RØ,2204,HUM/86,07:49:00,07:50:00,stop
RØ,2204,GÆ/86,07:53:00,07:54:00,stop
RØ,2204,SQ/86,07:57:00,07:58:00,stop
RØ,2204,HG/86,08:02:00,00:00:00,stop
RØ,1557,KK/86,00:00:00,14:53:00,stop
RØ,1557,KN/86,14:55:00,14:56:00,stop
RØ,1557,KH/86,14:59:00,15:02:00,stop
RØ,1557,VAL/86,15:05:00,15:05:00,stop
RØ,1557,HIF/86,15:07:00,15:07:00,pass
RØ,1557,GL/86,15:08:00,15:08:00,pass
RØ,1557,HTÅ/86,15:13:00,15:15:00,stop
RØ,1557,HH/86,15:18:00,15:18:00,stop
RØ,1557,TRK/86,15:19:00,15:19:00,pass
RØ,1557,RO/86,15:22:00,15:24:00,stop
RØ,1557,LJ/86,15:29:00,15:29:00,stop
RØ,1557,HV/86,15:32:00,15:32:00,pass
RØ,1557,TØ/86,15:35:00,15:35:00,pass
RØ,1557,PE/86,15:37:00,15:37:00,pass
RØ,1557,HK/86,15:41:00,15:43:00,stop
RØ,1557,RT/86,15:49:00,15:50:00,stop
RØ,1557,KS/86,15:53:00,15:54:00,stop
RØ,1557,MØ/86,15:57:00,16:01:00,stop
RØ,1557,JY/86,16:06:00,16:07:00,stop
RØ,1557,SE/86,16:12:00,16:13:00,stop
RØ,1557,VÆ/86,16:17:00,16:17:00,stop
RØ,1557,KBØ/86,16:20:00,16:21:00,stop
RØ,1557,KB/86,16:25:00,00:00:00,stop
RØ,1561,KK/86,00:00:00,15:53:00,stop
RØ,1561,KN/86,15:55:00,15:56:00,stop
RØ,1561,KH/86,15:59:00,16:02:00,stop
RØ,1561,VAL/86,16:05:00,16:05:00,stop
RØ,1561,HIF/86,16:07:00,16:07:00,pass
RØ,1561,GL/86,16:08:00,16:08:00,pass
RØ,1561,HTÅ/86,16:13:00,16:15:00,stop
RØ,1561,HH/86,16:18:00,16:18:00,stop
RØ,1561,TRK/86,16:19:00,16:19:00,pass
RØ,1561,RO/86,16:22:00,16:24:00,stop
RØ,1561,LJ/86,16:29:00,16:29:00,stop
RØ,1561,HV/86,16:32:00,16:32:00,pass
RØ,1561,TØ/86,16:35:00,16:35:00,pass
RØ,1561,PE/86,16:37:00,16:37:00,pass
RØ,1561,HK/86,16:41:00,16:43:00,stop
RØ,1561,RT/86,16:49:00,16:50:00,stop
RØ,1561,KS/86,16:53:00,16:54:00,stop
RØ,1561,MØ/86,16:57:00,17:01:00,stop
RØ,1561,JY/86,17:06:00,17:07:00,stop
RØ,1561,SE/86,17:12:00,17:13:00,stop
RØ,1561,VÆ/86,17:17:00,17:17:00,stop
RØ,1561,KBØ/86,17:20:00,17:21:00,stop
RØ,1561,KB/86,17:25:00,00:00:00,stop
RØ,4219,HG/86,00:00:00,04:28:00,stop
RØ,4219,SQ/86,04:31:00,04:32:00,stop
RØ,4219,GÆ/86,04:34:00,04:35:00,stop
RØ,4219,HUM/86,04:38:00,04:39:00,stop
RØ,4219,NI/86,04:42:00,04:43:00,stop
RØ,4219,OK/86,04:47:00,04:48:00,stop
RØ,4219,RU/86,04:50:00,04:51:00,stop
RØ,4219,VB/86,04:54:00,04:55:00,stop
RØ,4219,SÅ/86,04:58:00,04:59:00,stop
RØ,4219,KL/86,05:03:00,05:04:00,stop
RØ,4219,HL/86,05:09:00,05:10:00,stop
RØ,4219,HGL/86,05:12:00,05:12:00,stop
RØ,4219,KK/86,05:15:00,05:17:00,stop
RØ,4219,KN/86,05:19:00,05:20:00,stop
RØ,4219,KH/86,05:23:00,00:00:00,stop
RØ,2264,NÆ/86,00:00:00,20:58:00,stop
RØ,2264,GZ/86,21:06:00,21:07:00,stop
RØ,2264,RG/86,21:13:00,21:14:00,stop
RØ,2264,KY/86,21:18:00,21:18:00,stop
RØ,2264,BO/86,21:22:00,21:23:00,stop
RØ,2264,VY/86,21:28:00,21:29:00,stop
RØ,2264,RO/86,21:35:00,21:37:00,stop
RØ,2264,TRK/86,21:39:00,21:40:00,stop
RØ,2264,HH/86,21:43:00,21:44:00,stop
RØ,2264,HTÅ/86,21:48:00,21:49:00,stop
RØ,2264,GL/86,21:53:00,21:53:00,stop
RØ,2264,HIF/86,21:55:00,21:55:00,pass
RØ,2264,VAL/86,21:57:00,21:58:00,stop
RØ,2264,KH/86,22:04:00,22:07:00,stop
RØ,2264,KN/86,22:09:00,22:10:00,stop
RØ,2264,KK/86,22:13:00,22:14:00,stop
RØ,2264,HGL/86,22:16:00,22:16:00,stop
RØ,2264,HL/86,22:19:00,22:20:00,stop
RØ,2264,KL/86,22:24:00,22:25:00,stop
RØ,2264,SÅ/86,22:29:00,22:30:00,stop
RØ,2264,VB/86,22:33:00,22:34:00,stop
RØ,2264,RU/86,22:37:00,22:38:00,stop
RØ,2264,OK/86,22:41:00,22:42:00,stop
RØ,2264,NI/86,22:45:00,22:46:00,stop
RØ,2264,HUM/86,22:49:00,22:50:00,stop
RØ,2264,GÆ/86,22:53:00,22:54:00,stop
RØ,2264,SQ/86,22:57:00,22:58:00,stop
RØ,2264,HG/86,23:02:00,00:00:00,stop
RØ,2268,NÆ/86,00:00:00,21:58:00,stop
RØ,2268,GZ/86,22:06:00,22:07:00,stop
RØ,2268,RG/86,22:13:00,22:14:00,stop
RØ,2268,KY/86,22:18:00,22:18:00,stop
RØ,2268,BO/86,22:22:00,22:23:00,stop
RØ,2268,VY/86,22:28:00,22:29:00,stop
RØ,2268,RO/86,22:35:00,22:37:00,stop
RØ,2268,TRK/86,22:39:00,22:40:00,stop
RØ,2268,HH/86,22:43:00,22:44:00,stop
RØ,2268,HTÅ/86,22:48:00,22:49:00,stop
RØ,2268,GL/86,22:53:00,22:53:00,stop
RØ,2268,HIF/86,22:55:00,22:55:00,pass
RØ,2268,VAL/86,22:57:00,22:58:00,stop
RØ,2268,KH/86,23:04:00,23:07:00,stop
RØ,2268,KN/86,23:09:00,23:10:00,stop
RØ,2268,KK/86,23:13:00,23:14:00,stop
RØ,2268,HGL/86,23:16:00,23:16:00,stop
RØ,2268,HL/86,23:19:00,23:20:00,stop
RØ,2268,KL/86,23:24:00,23:25:00,stop
RØ,2268,SÅ/86,23:29:00,23:30:00,stop
RØ,2268,VB/86,23:33:00,23:34:00,stop
RØ,2268,RU/86,23:37:00,23:38:00,stop
RØ,2268,OK/86,23:41:00,23:42:00,stop
RØ,2268,NI/86,23:45:00,23:46:00,stop
RØ,2268,HUM/86,23:49:00,23:50:00,stop
RØ,2268,GÆ/86,23:53:00,23:54:00,stop
RØ,2268,SQ/86,23:57:00,23:58:00,stop
RØ,2268,HG/86,00:02:00,00:00:00,stop
RØ,4275,HG/86,00:00:00,18:28:00,stop
RØ,4275,SQ/86,18:31:00,18:32:00,stop
RØ,4275,GÆ/86,18:34:00,18:35:00,stop
RØ,4275,HUM/86,18:38:00,18:39:00,stop
RØ,4275,NI/86,18:42:00,18:43:00,stop
RØ,4275,OK/86,18:47:00,18:48:00,stop
RØ,4275,RU/86,18:50:00,18:51:00,stop
RØ,4275,VB/86,18:54:00,18:55:00,stop
RØ,4275,SÅ/86,18:58:00,18:59:00,stop
RØ,4275,KL/86,19:03:00,19:04:00,stop
RØ,4275,HL/86,19:09:00,19:10:00,stop
RØ,4275,HGL/86,19:12:00,19:12:00,stop
RØ,4275,KK/86,19:15:00,19:17:00,stop
RØ,4275,KN/86,19:19:00,19:20:00,stop
RØ,4275,KH/86,19:23:00,19:26:00,stop
RØ,4275,VAL/86,19:30:00,19:31:00,stop
RØ,4275,HIF/86,19:33:00,19:33:00,stop
RØ,4275,GL/86,19:35:00,19:35:00,pass
RØ,4275,HTÅ/86,19:40:00,19:41:00,stop
RØ,4275,HH/86,19:45:00,19:46:00,stop
RØ,4275,TRK/86,19:49:00,19:50:00,stop
RØ,4275,RO/86,19:53:00,00:00:00,stop
RØ,2474,NÆ/86,00:00:00,22:36:00,stop
RØ,2474,NÆN/86,22:39:00,22:40:00,stop
RØ,2474,OL/86,22:44:00,22:45:00,stop
RØ,2474,HZ/86,22:51:00,22:52:00,stop
RØ,2474,TH/86,22:57:00,23:00:00,stop
RØ,2474,HF/86,23:04:00,23:05:00,stop
RØ,2474,KJ/86,23:09:00,23:15:00,stop
RØ,2474,ØLB/86,23:17:00,23:18:00,stop
RØ,2474,KJN/86,23:21:00,23:22:00,stop
RØ,2474,JSF/86,23:23:00,23:23:00,stop
RØ,2474,KIB/86,23:28:00,23:28:00,pass
RØ,2474,AVH/86,23:33:00,23:33:00,pass
RØ,2474,IG/86,23:36:00,23:36:00,pass
RØ,2474,NEL/86,23:36:20,23:37:20,stop
RØ,2474,GB/86,23:39:00,23:39:00,stop
RØ,2474,KH/86,23:43:00,23:54:00,stop
RØ,2474,KN/86,23:56:00,23:57:00,stop
RØ,2474,KK/86,00:00:00,00:00:00,stop
RØ,2219,HG/86,00:00:00,04:58:00,stop
RØ,2219,SQ/86,05:01:00,05:02:00,stop
RØ,2219,GÆ/86,05:04:00,05:05:00,stop
RØ,2219,HUM/86,05:08:00,05:09:00,stop
RØ,2219,NI/86,05:12:00,05:13:00,stop
RØ,2219,OK/86,05:17:00,05:18:00,stop
RØ,2219,RU/86,05:20:00,05:21:00,stop
RØ,2219,VB/86,05:24:00,05:25:00,stop
RØ,2219,SÅ/86,05:28:00,05:29:00,stop
RØ,2219,KL/86,05:33:00,05:34:00,stop
RØ,2219,HL/86,05:39:00,05:40:00,stop
RØ,2219,HGL/86,05:42:00,05:42:00,stop
RØ,2219,KK/86,05:45:00,05:47:00,stop
RØ,2219,KN/86,05:49:00,05:50:00,stop
RØ,2219,KH/86,05:53:00,00:00:00,stop
RØ,4287,HG/86,00:00:00,21:28:00,stop
RØ,4287,SQ/86,21:31:00,21:32:00,stop
RØ,4287,GÆ/86,21:34:00,21:35:00,stop
RØ,4287,HUM/86,21:38:00,21:39:00,stop
RØ,4287,NI/86,21:42:00,21:43:00,stop
RØ,4287,OK/86,21:47:00,21:48:00,stop
RØ,4287,RU/86,21:50:00,21:51:00,stop
RØ,4287,VB/86,21:54:00,21:55:00,stop
RØ,4287,SÅ/86,21:58:00,21:59:00,stop
RØ,4287,KL/86,22:03:00,22:04:00,stop
RØ,4287,HL/86,22:09:00,22:10:00,stop
RØ,4287,HGL/86,22:12:00,22:12:00,stop
RØ,4287,KK/86,22:15:00,22:17:00,stop
RØ,4287,KN/86,22:19:00,22:20:00,stop
RØ,4287,KH/86,22:23:00,00:00:00,stop
RØ,3559,KK/86,00:00:00,15:26:00,stop
RØ,3559,KN/86,15:28:00,15:29:00,stop
RØ,3559,KH/86,15:32:00,15:36:00,stop
RØ,3559,VAL/86,15:39:00,15:39:00,stop
RØ,3559,HIF/86,15:41:00,15:41:00,pass
RØ,3559,GL/86,15:42:00,15:42:00,pass
RØ,3559,HTÅ/86,15:47:00,15:48:00,stop
RØ,3559,HH/86,15:51:00,15:51:00,stop
RØ,3559,TRK/86,15:53:00,15:53:00,pass
RØ,3559,RO/86,15:55:00,15:57:00,stop
RØ,3559,LJ/86,16:03:00,16:03:00,stop
RØ,3559,HV/86,16:06:00,16:08:00,stop
RØ,3559,TØ/86,16:11:00,16:11:00,stop
RØ,3559,PE/86,16:14:00,16:14:00,pass
RØ,3559,HK/86,16:18:00,16:20:00,stop
RØ,3559,RT/86,16:25:00,16:25:00,stop
RØ,3559,KS/86,16:27:00,16:27:00,pass
RØ,3559,MØ/86,16:30:00,16:33:00,stop
RØ,3559,JY/86,16:38:00,16:39:00,stop
RØ,3559,SE/86,16:45:00,16:48:00,stop
RØ,3559,VÆ/86,16:52:00,16:52:00,stop
RØ,3559,KBØ/86,16:55:00,16:56:00,stop
RØ,3559,KB/86,17:00:00,00:00:00,stop
RØ,3563,KK/86,00:00:00,16:26:00,stop
RØ,3563,KN/86,16:28:00,16:29:00,stop
RØ,3563,KH/86,16:32:00,16:36:00,stop
RØ,3563,VAL/86,16:39:00,16:39:00,stop
RØ,3563,HIF/86,16:41:00,16:41:00,pass
RØ,3563,GL/86,16:42:00,16:42:00,pass
RØ,3563,HTÅ/86,16:47:00,16:48:00,stop
RØ,3563,HH/86,16:51:00,16:51:00,stop
RØ,3563,TRK/86,16:53:00,16:53:00,pass
RØ,3563,RO/86,16:55:00,16:57:00,stop
RØ,3563,LJ/86,17:03:00,17:03:00,stop
RØ,3563,HV/86,17:06:00,17:08:00,stop
RØ,3563,TØ/86,17:11:00,17:11:00,stop
RØ,3563,PE/86,17:14:00,17:14:00,pass
RØ,3563,HK/86,17:18:00,17:20:00,stop
RØ,3563,RT/86,17:25:00,17:25:00,stop
RØ,3563,KS/86,17:27:00,17:27:00,pass
RØ,3563,MØ/86,17:30:00,17:33:00,stop
RØ,3563,JY/86,17:38:00,17:39:00,stop
RØ,3563,SE/86,17:45:00,17:48:00,stop
RØ,3563,VÆ/86,17:52:00,17:52:00,stop
RØ,3563,KBØ/86,17:55:00,17:56:00,stop
RØ,3563,KB/86,18:00:00,00:00:00,stop
RØ,2244,NÆ/86,00:00:00,15:58:00,stop
RØ,2244,GZ/86,16:06:00,16:07:00,stop
RØ,2244,RG/86,16:13:00,16:14:00,stop
RØ,2244,KY/86,16:18:00,16:18:00,stop
RØ,2244,BO/86,16:22:00,16:23:00,stop
RØ,2244,VY/86,16:28:00,16:29:00,stop
RØ,2244,RO/86,16:35:00,16:37:00,stop
RØ,2244,TRK/86,16:39:00,16:40:00,stop
RØ,2244,HH/86,16:43:00,16:44:00,stop
RØ,2244,HTÅ/86,16:48:00,16:49:00,stop
RØ,2244,GL/86,16:53:00,16:53:00,stop
RØ,2244,HIF/86,16:55:00,16:55:00,pass
RØ,2244,VAL/86,16:57:00,16:58:00,stop
RØ,2244,KH/86,17:04:00,17:07:00,stop
RØ,2244,KN/86,17:09:00,17:10:00,stop
RØ,2244,KK/86,17:13:00,17:14:00,stop
RØ,2244,HGL/86,17:16:00,17:16:00,stop
RØ,2244,HL/86,17:19:00,17:20:00,stop
RØ,2244,KL/86,17:24:00,17:25:00,stop
RØ,2244,SÅ/86,17:29:00,17:30:00,stop
RØ,2244,VB/86,17:33:00,17:34:00,stop
RØ,2244,RU/86,17:37:00,17:38:00,stop
RØ,2244,OK/86,17:41:00,17:42:00,stop
RØ,2244,NI/86,17:45:00,17:46:00,stop
RØ,2244,HUM/86,17:49:00,17:50:00,stop
RØ,2244,GÆ/86,17:53:00,17:54:00,stop
RØ,2244,SQ/86,17:57:00,17:58:00,stop
RØ,2244,HG/86,18:02:00,00:00:00,stop
RØ,4861,NÆ/86,00:00:00,17:13:00,stop
RØ,4861,MOG/86,17:16:00,17:16:00,stop
RØ,4861,LU/86,17:21:00,17:22:00,stop
RØ,4861,VO/86,17:28:00,17:30:00,stop
RØ,4861,MN/86,17:33:00,17:33:00,stop
RØ,4861,OH/86,17:37:00,17:37:00,pass
RØ,4861,NV/86,17:40:00,17:41:00,stop
RØ,4861,EK/86,17:45:00,17:46:00,stop
RØ,4861,TN/86,17:49:00,17:49:00,stop
RØ,4861,NF/86,17:52:00,00:00:00,stop
RØ,3463,HG/86,00:00:00,15:24:00,stop
RØ,3463,SQ/86,15:26:00,15:26:00,stop
RØ,3463,GÆ/86,15:29:00,15:30:00,stop
RØ,3463,HUM/86,15:33:00,15:34:00,stop
RØ,3463,NI/86,15:37:00,15:38:00,stop
RØ,3463,OK/86,15:41:00,15:42:00,stop
RØ,3463,RU/86,15:45:00,15:45:00,stop
RØ,3463,VB/86,15:47:00,15:47:00,pass
RØ,3463,SÅ/86,15:50:00,15:50:00,pass
RØ,3463,KL/86,15:53:00,15:53:00,pass
RØ,3463,HL/86,15:59:00,16:00:00,stop
RØ,3463,HGL/86,16:02:00,16:02:00,stop
RØ,3463,KK/86,16:05:00,16:08:00,stop
RØ,3463,KN/86,16:10:00,16:11:00,stop
RØ,3463,KH/86,16:14:00,00:00:00,stop
RØ,4242,NÆ/86,00:00:00,15:28:00,stop
RØ,4242,GZ/86,15:36:00,15:37:00,stop
RØ,4242,RG/86,15:43:00,15:44:00,stop
RØ,4242,KY/86,15:48:00,15:48:00,stop
RØ,4242,BO/86,15:52:00,15:53:00,stop
RØ,4242,VY/86,15:58:00,15:59:00,stop
RØ,4242,RO/86,16:05:00,16:07:00,stop
RØ,4242,TRK/86,16:09:00,16:10:00,stop
RØ,4242,HH/86,16:13:00,16:14:00,stop
RØ,4242,HTÅ/86,16:18:00,16:19:00,stop
RØ,4242,GL/86,16:23:00,16:23:00,stop
RØ,4242,HIF/86,16:25:00,16:25:00,pass
RØ,4242,VAL/86,16:27:00,16:28:00,stop
RØ,4242,KH/86,16:34:00,16:37:00,stop
RØ,4242,KN/86,16:39:00,16:40:00,stop
RØ,4242,KK/86,16:43:00,16:44:00,stop
RØ,4242,HGL/86,16:46:00,16:46:00,stop
RØ,4242,HL/86,16:49:00,16:50:00,stop
RØ,4242,KL/86,16:54:00,16:55:00,stop
RØ,4242,SÅ/86,16:59:00,17:00:00,stop
RØ,4242,VB/86,17:03:00,17:04:00,stop
RØ,4242,RU/86,17:07:00,17:08:00,stop
RØ,4242,OK/86,17:11:00,17:12:00,stop
RØ,4242,NI/86,17:15:00,17:16:00,stop
RØ,4242,HUM/86,17:19:00,17:20:00,stop
RØ,4242,GÆ/86,17:23:00,17:24:00,stop
RØ,4242,SQ/86,17:27:00,17:28:00,stop
RØ,4242,HG/86,17:32:00,00:00:00,stop
RØ,4255,HG/86,00:00:00,13:28:00,stop
RØ,4255,SQ/86,13:31:00,13:32:00,stop
RØ,4255,GÆ/86,13:34:00,13:35:00,stop
RØ,4255,HUM/86,13:38:00,13:39:00,stop
RØ,4255,NI/86,13:42:00,13:43:00,stop
RØ,4255,OK/86,13:47:00,13:48:00,stop
RØ,4255,RU/86,13:50:00,13:51:00,stop
RØ,4255,VB/86,13:54:00,13:55:00,stop
RØ,4255,SÅ/86,13:58:00,13:59:00,stop
RØ,4255,KL/86,14:03:00,14:04:00,stop
RØ,4255,HL/86,14:09:00,14:10:00,stop
RØ,4255,HGL/86,14:12:00,14:12:00,stop
RØ,4255,KK/86,14:15:00,14:17:00,stop
RØ,4255,KN/86,14:19:00,14:20:00,stop
RØ,4255,KH/86,14:23:00,14:26:00,stop
RØ,4255,VAL/86,14:30:00,14:31:00,stop
RØ,4255,HIF/86,14:33:00,14:33:00,stop
RØ,4255,GL/86,14:35:00,14:35:00,pass
RØ,4255,HTÅ/86,14:40:00,14:41:00,stop
RØ,4255,HH/86,14:45:00,14:46:00,stop
RØ,4255,TRK/86,14:49:00,14:50:00,stop
RØ,4255,RO/86,14:53:00,14:54:00,stop
RØ,4255,VY/86,15:00:00,15:01:00,stop
RØ,4255,BO/86,15:06:00,15:07:00,stop
RØ,4255,KY/86,15:10:00,15:10:00,stop
RØ,4255,RG/86,15:15:00,15:16:00,stop
RØ,4255,GZ/86,15:22:00,15:23:00,stop
RØ,4255,NÆ/86,15:32:00,00:00:00,stop
RØ,4259,HG/86,00:00:00,14:28:00,stop
RØ,4259,SQ/86,14:31:00,14:32:00,stop
RØ,4259,GÆ/86,14:34:00,14:35:00,stop
RØ,4259,HUM/86,14:38:00,14:39:00,stop
RØ,4259,NI/86,14:42:00,14:43:00,stop
RØ,4259,OK/86,14:47:00,14:48:00,stop
RØ,4259,RU/86,14:50:00,14:51:00,stop
RØ,4259,VB/86,14:54:00,14:55:00,stop
RØ,4259,SÅ/86,14:58:00,14:59:00,stop
RØ,4259,KL/86,15:03:00,15:04:00,stop
RØ,4259,HL/86,15:09:00,15:10:00,stop
RØ,4259,HGL/86,15:12:00,15:12:00,stop
RØ,4259,KK/86,15:15:00,15:17:00,stop
RØ,4259,KN/86,15:19:00,15:20:00,stop
RØ,4259,KH/86,15:23:00,15:26:00,stop
RØ,4259,VAL/86,15:30:00,15:31:00,stop
RØ,4259,HIF/86,15:33:00,15:33:00,stop
RØ,4259,GL/86,15:35:00,15:35:00,pass
RØ,4259,HTÅ/86,15:40:00,15:41:00,stop
RØ,4259,HH/86,15:45:00,15:46:00,stop
RØ,4259,TRK/86,15:49:00,15:50:00,stop
RØ,4259,RO/86,15:53:00,15:54:00,stop
RØ,4259,VY/86,16:00:00,16:01:00,stop
RØ,4259,BO/86,16:06:00,16:07:00,stop
RØ,4259,KY/86,16:10:00,16:10:00,stop
RØ,4259,RG/86,16:15:00,16:16:00,stop
RØ,4259,GZ/86,16:22:00,16:23:00,stop
RØ,4259,NÆ/86,16:32:00,00:00:00,stop
RØ,2579,HG/86,00:00:00,19:13:00,stop
RØ,2579,SQ/86,19:16:00,19:17:00,stop
RØ,2579,GÆ/86,19:19:00,19:20:00,stop
RØ,2579,HUM/86,19:23:00,19:24:00,stop
RØ,2579,NI/86,19:27:00,19:28:00,stop
RØ,2579,OK/86,19:32:00,19:33:00,stop
RØ,2579,RU/86,19:35:00,19:36:00,stop
RØ,2579,VB/86,19:39:00,19:40:00,stop
RØ,2579,SÅ/86,19:43:00,19:44:00,stop
RØ,2579,KL/86,19:48:00,19:49:00,stop
RØ,2579,HL/86,19:54:00,19:55:00,stop
RØ,2579,HGL/86,19:57:00,19:57:00,stop
RØ,2579,KK/86,20:00:00,20:02:00,stop
RØ,2579,KN/86,20:04:00,20:05:00,stop
RØ,2579,KH/86,20:08:00,00:00:00,stop
RØ,3434,KH/86,00:00:00,14:16:00,stop
RØ,3434,KN/86,14:18:00,14:19:00,stop
RØ,3434,KK/86,14:22:00,14:23:00,stop
RØ,3434,HGL/86,14:26:00,14:26:00,stop
RØ,3434,HL/86,14:29:00,14:30:00,stop
RØ,3434,KL/86,14:35:00,14:35:00,stop
RØ,3434,SÅ/86,14:39:00,14:39:00,pass
RØ,3434,VB/86,14:41:00,14:41:00,pass
RØ,3434,RU/86,14:44:00,14:44:00,pass
RØ,3434,OK/86,14:47:00,14:48:00,stop
RØ,3434,NI/86,14:51:00,14:52:00,stop
RØ,3434,HUM/86,14:55:00,14:56:00,stop
RØ,3434,GÆ/86,14:59:00,15:00:00,stop
RØ,3434,SQ/86,15:03:00,15:03:00,stop
RØ,3434,HG/86,15:06:00,00:00:00,stop
RØ,2216,NÆ/86,00:00:00,08:58:00,stop
RØ,2216,GZ/86,09:06:00,09:07:00,stop
RØ,2216,RG/86,09:13:00,09:14:00,stop
RØ,2216,KY/86,09:18:00,09:18:00,stop
RØ,2216,BO/86,09:22:00,09:23:00,stop
RØ,2216,VY/86,09:28:00,09:29:00,stop
RØ,2216,RO/86,09:35:00,09:37:00,stop
RØ,2216,TRK/86,09:39:00,09:40:00,stop
RØ,2216,HH/86,09:43:00,09:44:00,stop
RØ,2216,HTÅ/86,09:48:00,09:49:00,stop
RØ,2216,GL/86,09:53:00,09:53:00,stop
RØ,2216,HIF/86,09:55:00,09:55:00,pass
RØ,2216,VAL/86,09:57:00,09:58:00,stop
RØ,2216,KH/86,10:04:00,10:07:00,stop
RØ,2216,KN/86,10:09:00,10:10:00,stop
RØ,2216,KK/86,10:13:00,10:14:00,stop
RØ,2216,HGL/86,10:16:00,10:16:00,stop
RØ,2216,HL/86,10:19:00,10:20:00,stop
RØ,2216,KL/86,10:24:00,10:25:00,stop
RØ,2216,SÅ/86,10:29:00,10:30:00,stop
RØ,2216,VB/86,10:33:00,10:34:00,stop
RØ,2216,RU/86,10:37:00,10:38:00,stop
RØ,2216,OK/86,10:41:00,10:42:00,stop
RØ,2216,NI/86,10:45:00,10:46:00,stop
RØ,2216,HUM/86,10:49:00,10:50:00,stop
RØ,2216,GÆ/86,10:53:00,10:54:00,stop
RØ,2216,SQ/86,10:57:00,10:58:00,stop
RØ,2216,HG/86,11:02:00,00:00:00,stop
RØ,4556,HK/86,00:00:00,19:23:00,stop
RØ,4556,PE/86,19:27:00,19:28:00,stop
RØ,4556,TØ/86,19:33:00,19:34:00,stop
RØ,4556,HV/86,19:38:00,19:39:00,stop
RØ,4556,LJ/86,19:43:00,19:44:00,stop
RØ,4556,RO/86,19:50:00,19:52:00,stop
RØ,4556,TRK/86,19:54:00,19:55:00,stop
RØ,4556,HH/86,19:58:00,19:59:00,stop
RØ,4556,HTÅ/86,20:03:00,20:04:00,stop
RØ,4556,GL/86,20:09:00,20:09:00,stop
RØ,4556,HIF/86,20:10:00,20:10:00,pass
RØ,4556,VAL/86,20:13:00,20:14:00,stop
RØ,4556,KH/86,20:19:00,20:22:00,stop
RØ,4556,KN/86,20:24:00,20:25:00,stop
RØ,4556,KK/86,20:28:00,20:29:00,stop
RØ,4556,HGL/86,20:31:00,20:31:00,stop
RØ,4556,HL/86,20:34:00,20:35:00,stop
RØ,4556,KL/86,20:39:00,20:40:00,stop
RØ,4556,SÅ/86,20:44:00,20:45:00,stop
RØ,4556,VB/86,20:48:00,20:49:00,stop
RØ,4556,RU/86,20:52:00,20:53:00,stop
RØ,4556,OK/86,20:56:00,20:57:00,stop
RØ,4556,NI/86,21:00:00,21:01:00,stop
RØ,4556,HUM/86,21:04:00,21:05:00,stop
RØ,4556,GÆ/86,21:08:00,21:09:00,stop
RØ,4556,SQ/86,21:12:00,21:13:00,stop
RØ,4556,HG/86,21:17:00,00:00:00,stop
RØ,4560,HK/86,00:00:00,20:23:00,stop
RØ,4560,PE/86,20:27:00,20:28:00,stop
RØ,4560,TØ/86,20:33:00,20:34:00,stop
RØ,4560,HV/86,20:38:00,20:39:00,stop
RØ,4560,LJ/86,20:43:00,20:44:00,stop
RØ,4560,RO/86,20:50:00,20:52:00,stop
RØ,4560,TRK/86,20:54:00,20:55:00,stop
RØ,4560,HH/86,20:58:00,20:59:00,stop
RØ,4560,HTÅ/86,21:03:00,21:04:00,stop
RØ,4560,GL/86,21:09:00,21:09:00,stop
RØ,4560,HIF/86,21:10:00,21:10:00,pass
RØ,4560,VAL/86,21:13:00,21:14:00,stop
RØ,4560,KH/86,21:19:00,21:22:00,stop
RØ,4560,KN/86,21:24:00,21:25:00,stop
RØ,4560,KK/86,21:28:00,21:29:00,stop
RØ,4560,HGL/86,21:31:00,21:31:00,stop
RØ,4560,HL/86,21:34:00,21:35:00,stop
RØ,4560,KL/86,21:39:00,21:40:00,stop
RØ,4560,SÅ/86,21:44:00,21:45:00,stop
RØ,4560,VB/86,21:48:00,21:49:00,stop
RØ,4560,RU/86,21:52:00,21:53:00,stop
RØ,4560,OK/86,21:56:00,21:57:00,stop
RØ,4560,NI/86,22:00:00,22:01:00,stop
RØ,4560,HUM/86,22:04:00,22:05:00,stop
RØ,4560,GÆ/86,22:08:00,22:09:00,stop
RØ,4560,SQ/86,22:12:00,22:13:00,stop
RØ,4560,HG/86,22:17:00,00:00:00,stop
RØ,4569,HG/86,00:00:00,16:43:00,stop
RØ,4569,SQ/86,16:46:00,16:47:00,stop
RØ,4569,GÆ/86,16:49:00,16:50:00,stop
RØ,4569,HUM/86,16:53:00,16:54:00,stop
RØ,4569,NI/86,16:57:00,16:58:00,stop
RØ,4569,OK/86,17:02:00,17:03:00,stop
RØ,4569,RU/86,17:05:00,17:06:00,stop
RØ,4569,VB/86,17:09:00,17:10:00,stop
RØ,4569,SÅ/86,17:13:00,17:14:00,stop
RØ,4569,KL/86,17:18:00,17:19:00,stop
RØ,4569,HL/86,17:24:00,17:25:00,stop
RØ,4569,HGL/86,17:27:00,17:27:00,stop
RØ,4569,KK/86,17:30:00,17:32:00,stop
RØ,4569,KN/86,17:34:00,17:35:00,stop
RØ,4569,KH/86,17:38:00,17:42:00,stop
RØ,4569,VAL/86,17:45:00,17:46:00,stop
RØ,4569,HIF/86,17:49:00,17:49:00,stop
RØ,4569,GL/86,17:50:00,17:50:00,pass
RØ,4569,HTÅ/86,17:55:00,17:56:00,stop
RØ,4569,HH/86,18:00:00,18:01:00,stop
RØ,4569,TRK/86,18:04:00,18:05:00,stop
RØ,4569,RO/86,18:08:00,18:09:00,stop
RØ,4569,LJ/86,18:15:00,18:16:00,stop
RØ,4569,HV/86,18:21:00,18:22:00,stop
RØ,4569,TØ/86,18:26:00,18:27:00,stop
RØ,4569,PE/86,18:31:00,18:32:00,stop
RØ,4569,HK/86,18:37:00,00:00:00,stop
RØ,4573,HG/86,00:00:00,17:43:00,stop
RØ,4573,SQ/86,17:46:00,17:47:00,stop
RØ,4573,GÆ/86,17:49:00,17:50:00,stop
RØ,4573,HUM/86,17:53:00,17:54:00,stop
RØ,4573,NI/86,17:57:00,17:58:00,stop
RØ,4573,OK/86,18:02:00,18:03:00,stop
RØ,4573,RU/86,18:05:00,18:06:00,stop
RØ,4573,VB/86,18:09:00,18:10:00,stop
RØ,4573,SÅ/86,18:13:00,18:14:00,stop
RØ,4573,KL/86,18:18:00,18:19:00,stop
RØ,4573,HL/86,18:24:00,18:25:00,stop
RØ,4573,HGL/86,18:27:00,18:27:00,stop
RØ,4573,KK/86,18:30:00,18:32:00,stop
RØ,4573,KN/86,18:34:00,18:35:00,stop
RØ,4573,KH/86,18:38:00,18:42:00,stop
RØ,4573,VAL/86,18:45:00,18:46:00,stop
RØ,4573,HIF/86,18:49:00,18:49:00,stop
RØ,4573,GL/86,18:50:00,18:50:00,pass
RØ,4573,HTÅ/86,18:55:00,18:56:00,stop
RØ,4573,HH/86,19:00:00,19:01:00,stop
RØ,4573,TRK/86,19:04:00,19:05:00,stop
RØ,4573,RO/86,19:08:00,19:09:00,stop
RØ,4573,LJ/86,19:15:00,19:16:00,stop
RØ,4573,HV/86,19:21:00,19:22:00,stop
RØ,4573,TØ/86,19:26:00,19:27:00,stop
RØ,4573,PE/86,19:31:00,19:32:00,stop
RØ,4573,HK/86,19:37:00,00:00:00,stop
RØ,4577,HG/86,00:00:00,18:43:00,stop
RØ,4577,SQ/86,18:46:00,18:47:00,stop
RØ,4577,GÆ/86,18:49:00,18:50:00,stop
RØ,4577,HUM/86,18:53:00,18:54:00,stop
RØ,4577,NI/86,18:57:00,18:58:00,stop
RØ,4577,OK/86,19:02:00,19:03:00,stop
RØ,4577,RU/86,19:05:00,19:06:00,stop
RØ,4577,VB/86,19:09:00,19:10:00,stop
RØ,4577,SÅ/86,19:13:00,19:14:00,stop
RØ,4577,KL/86,19:18:00,19:19:00,stop
RØ,4577,HL/86,19:24:00,19:25:00,stop
RØ,4577,HGL/86,19:27:00,19:27:00,stop
RØ,4577,KK/86,19:30:00,19:32:00,stop
RØ,4577,KN/86,19:34:00,19:35:00,stop
RØ,4577,KH/86,19:38:00,19:42:00,stop
RØ,4577,VAL/86,19:45:00,19:46:00,stop
RØ,4577,HIF/86,19:49:00,19:49:00,stop
RØ,4577,GL/86,19:50:00,19:50:00,pass
RØ,4577,HTÅ/86,19:55:00,19:56:00,stop
RØ,4577,HH/86,20:00:00,20:01:00,stop
RØ,4577,TRK/86,20:04:00,20:05:00,stop
RØ,4577,RO/86,20:08:00,20:09:00,stop
RØ,4577,LJ/86,20:15:00,20:16:00,stop
RØ,4577,HV/86,20:21:00,20:22:00,stop
RØ,4577,TØ/86,20:26:00,20:27:00,stop
RØ,4577,PE/86,20:31:00,20:32:00,stop
RØ,4577,HK/86,20:37:00,00:00:00,stop
RØ,4581,HG/86,00:00:00,19:43:00,stop
RØ,4581,SQ/86,19:46:00,19:47:00,stop
RØ,4581,GÆ/86,19:49:00,19:50:00,stop
RØ,4581,HUM/86,19:53:00,19:54:00,stop
RØ,4581,NI/86,19:57:00,19:58:00,stop
RØ,4581,OK/86,20:02:00,20:03:00,stop
RØ,4581,RU/86,20:05:00,20:06:00,stop
RØ,4581,VB/86,20:09:00,20:10:00,stop
RØ,4581,SÅ/86,20:13:00,20:14:00,stop
RØ,4581,KL/86,20:18:00,20:19:00,stop
RØ,4581,HL/86,20:24:00,20:25:00,stop
RØ,4581,HGL/86,20:27:00,20:27:00,stop
RØ,4581,KK/86,20:30:00,20:32:00,stop
RØ,4581,KN/86,20:34:00,20:35:00,stop
RØ,4581,KH/86,20:38:00,20:42:00,stop
RØ,4581,VAL/86,20:45:00,20:46:00,stop
RØ,4581,HIF/86,20:49:00,20:49:00,stop
RØ,4581,GL/86,20:50:00,20:50:00,pass
RØ,4581,HTÅ/86,20:55:00,20:56:00,stop
RØ,4581,HH/86,21:00:00,21:01:00,stop
RØ,4581,TRK/86,21:04:00,21:05:00,stop
RØ,4581,RO/86,21:08:00,21:09:00,stop
RØ,4581,LJ/86,21:15:00,21:16:00,stop
RØ,4581,HV/86,21:21:00,21:22:00,stop
RØ,4581,TØ/86,21:26:00,21:27:00,stop
RØ,4581,PE/86,21:31:00,21:32:00,stop
RØ,4581,HK/86,21:37:00,00:00:00,stop
RØ,1500,KB/86,00:00:00,04:30:00,stop
RØ,1500,KBØ/86,04:32:00,04:33:00,stop
RØ,1500,VÆ/86,04:37:00,04:37:00,stop
RØ,1500,SE/86,04:40:00,04:41:00,stop
RØ,1500,JY/86,04:47:00,04:48:00,stop
RØ,1500,MØ/86,04:52:00,04:53:00,stop
RØ,1500,KS/86,04:56:00,04:57:00,stop
RØ,1500,RT/86,05:00:00,05:01:00,stop
RØ,1500,HK/86,05:07:00,05:09:00,stop
RØ,1500,PE/86,05:13:00,05:14:00,stop
RØ,1500,TØ/86,05:19:00,05:20:00,stop
RØ,1500,HV/86,05:24:00,05:25:00,stop
RØ,1500,LJ/86,05:30:00,05:31:00,stop
RØ,1500,RO/86,05:37:00,05:39:00,stop
RØ,1500,TRK/86,05:41:00,05:42:00,stop
RØ,1500,HH/86,05:46:00,05:47:00,stop
RØ,1500,HTÅ/86,05:50:00,05:52:00,stop
RØ,1500,GL/86,05:56:00,05:56:00,stop
RØ,1500,HIF/86,05:58:00,05:58:00,pass
RØ,1500,VAL/86,06:00:00,06:02:00,stop
RØ,1500,KH/86,06:07:00,06:10:00,stop
RØ,1500,KN/86,06:12:00,06:13:00,stop
RØ,1500,KK/86,06:16:00,00:00:00,stop
RØ,1548,KB/86,00:00:00,16:37:00,stop
RØ,1548,KBØ/86,16:39:00,16:40:00,stop
RØ,1548,VÆ/86,16:44:00,16:44:00,stop
RØ,1548,SE/86,16:48:00,16:49:00,stop
RØ,1548,JY/86,16:54:00,16:55:00,stop
RØ,1548,MØ/86,17:00:00,17:01:00,stop
RØ,1548,KS/86,17:04:00,17:05:00,stop
RØ,1548,RT/86,17:08:00,17:09:00,stop
RØ,1548,HK/86,17:15:00,17:17:00,stop
RØ,1548,PE/86,17:21:00,17:21:00,stop
RØ,1548,TØ/86,17:23:00,17:23:00,pass
RØ,1548,HV/86,17:26:00,17:26:00,pass
RØ,1548,LJ/86,17:29:00,17:29:00,pass
RØ,1548,RO/86,17:34:00,17:36:00,stop
RØ,1548,TRK/86,17:38:00,17:38:00,stop
RØ,1548,HH/86,17:40:00,17:40:00,pass
RØ,1548,HTÅ/86,17:43:00,17:44:00,stop
RØ,1548,GL/86,17:49:00,17:49:00,stop
RØ,1548,HIF/86,17:51:00,17:51:00,pass
RØ,1548,VAL/86,17:52:00,17:52:00,pass
RØ,1548,KH/86,17:57:00,18:01:00,stop
RØ,1548,KN/86,18:03:00,18:04:00,stop
RØ,1548,KK/86,18:07:00,00:00:00,stop
RØ,1552,KB/86,00:00:00,17:37:00,stop
RØ,1552,KBØ/86,17:39:00,17:40:00,stop
RØ,1552,VÆ/86,17:44:00,17:44:00,stop
RØ,1552,SE/86,17:48:00,17:49:00,stop
RØ,1552,JY/86,17:54:00,17:55:00,stop
RØ,1552,MØ/86,18:00:00,18:01:00,stop
RØ,1552,KS/86,18:04:00,18:05:00,stop
RØ,1552,RT/86,18:08:00,18:09:00,stop
RØ,1552,HK/86,18:15:00,18:17:00,stop
RØ,1552,PE/86,18:21:00,18:21:00,stop
RØ,1552,TØ/86,18:23:00,18:23:00,pass
RØ,1552,HV/86,18:26:00,18:26:00,pass
RØ,1552,LJ/86,18:29:00,18:29:00,pass
RØ,1552,RO/86,18:34:00,18:36:00,stop
RØ,1552,TRK/86,18:38:00,18:38:00,stop
RØ,1552,HH/86,18:40:00,18:40:00,pass
RØ,1552,HTÅ/86,18:43:00,18:44:00,stop
RØ,1552,GL/86,18:49:00,18:49:00,stop
RØ,1552,HIF/86,18:51:00,18:51:00,pass
RØ,1552,VAL/86,18:52:00,18:52:00,pass
RØ,1552,KH/86,18:57:00,19:01:00,stop
RØ,1552,KN/86,19:03:00,19:04:00,stop
RØ,1552,KK/86,19:07:00,00:00:00,stop
RØ,1556,KB/86,00:00:00,18:37:00,stop
RØ,1556,KBØ/86,18:39:00,18:40:00,stop
RØ,1556,VÆ/86,18:44:00,18:44:00,stop
RØ,1556,SE/86,18:48:00,18:49:00,stop
RØ,1556,JY/86,18:54:00,18:55:00,stop
RØ,1556,MØ/86,19:00:00,19:01:00,stop
RØ,1556,KS/86,19:04:00,19:05:00,stop
RØ,1556,RT/86,19:08:00,19:09:00,stop
RØ,1556,HK/86,19:15:00,19:17:00,stop
RØ,1556,PE/86,19:21:00,19:21:00,stop
RØ,1556,TØ/86,19:23:00,19:23:00,pass
RØ,1556,HV/86,19:26:00,19:26:00,pass
RØ,1556,LJ/86,19:29:00,19:29:00,pass
RØ,1556,RO/86,19:34:00,19:36:00,stop
RØ,1556,TRK/86,19:38:00,19:38:00,stop
RØ,1556,HH/86,19:40:00,19:40:00,pass
RØ,1556,HTÅ/86,19:43:00,19:44:00,stop
RØ,1556,GL/86,19:49:00,19:49:00,stop
RØ,1556,HIF/86,19:51:00,19:51:00,pass
RØ,1556,VAL/86,19:52:00,19:52:00,pass
RØ,1556,KH/86,19:57:00,20:01:00,stop
RØ,1556,KN/86,20:03:00,20:04:00,stop
RØ,1556,KK/86,20:07:00,20:10:00,stop
RØ,1556,HGL/86,20:14:00,00:00:00,stop
RØ,1560,KB/86,00:00:00,19:37:00,stop
RØ,1560,KBØ/86,19:39:00,19:40:00,stop
RØ,1560,VÆ/86,19:44:00,19:44:00,stop
RØ,1560,SE/86,19:48:00,19:49:00,stop
RØ,1560,JY/86,19:54:00,19:55:00,stop
RØ,1560,MØ/86,20:00:00,20:01:00,stop
RØ,1560,KS/86,20:04:00,20:05:00,stop
RØ,1560,RT/86,20:08:00,20:09:00,stop
RØ,1560,HK/86,20:15:00,20:17:00,stop
RØ,1560,PE/86,20:21:00,20:21:00,stop
RØ,1560,TØ/86,20:23:00,20:23:00,pass
RØ,1560,HV/86,20:26:00,20:26:00,pass
RØ,1560,LJ/86,20:29:00,20:29:00,pass
RØ,1560,RO/86,20:34:00,20:36:00,stop
RØ,1560,TRK/86,20:38:00,20:38:00,stop
RØ,1560,HH/86,20:40:00,20:40:00,pass
RØ,1560,HTÅ/86,20:43:00,20:44:00,stop
RØ,1560,GL/86,20:49:00,20:49:00,stop
RØ,1560,HIF/86,20:51:00,20:51:00,pass
RØ,1560,VAL/86,20:52:00,20:52:00,pass
RØ,1560,KH/86,20:57:00,21:00:00,stop
RØ,1560,KN/86,21:02:00,21:03:00,stop
RØ,1560,KK/86,21:06:00,00:00:00,stop
RØ,2468,NÆ/86,00:00:00,21:36:00,stop
RØ,2468,NÆN/86,21:39:00,21:40:00,stop
RØ,2468,OL/86,21:44:00,21:45:00,stop
RØ,2468,HZ/86,21:51:00,21:52:00,stop
RØ,2468,TH/86,21:57:00,22:00:00,stop
RØ,2468,HF/86,22:04:00,22:05:00,stop
RØ,2468,KJ/86,22:09:00,22:15:00,stop
RØ,2468,ØLB/86,22:17:00,22:18:00,stop
RØ,2468,KJN/86,22:21:00,22:22:00,stop
RØ,2468,JSF/86,22:23:00,22:23:00,stop
RØ,2468,KIB/86,22:28:00,22:28:00,pass
RØ,2468,AVH/86,22:33:00,22:33:00,pass
RØ,2468,IG/86,22:36:00,22:36:00,pass
RØ,2468,NEL/86,22:36:20,22:37:20,stop
RØ,2468,GB/86,22:39:00,22:39:00,stop
RØ,2468,KH/86,22:43:00,00:00:00,stop
RØ,2208,NÆ/86,00:00:00,06:58:00,stop
RØ,2208,GZ/86,07:06:00,07:07:00,stop
RØ,2208,RG/86,07:13:00,07:14:00,stop
RØ,2208,KY/86,07:18:00,07:18:00,stop
RØ,2208,BO/86,07:22:00,07:23:00,stop
RØ,2208,VY/86,07:28:00,07:29:00,stop
RØ,2208,RO/86,07:35:00,07:37:00,stop
RØ,2208,TRK/86,07:39:00,07:40:00,stop
RØ,2208,HH/86,07:43:00,07:44:00,stop
RØ,2208,HTÅ/86,07:48:00,07:49:00,stop
RØ,2208,GL/86,07:53:00,07:53:00,stop
RØ,2208,HIF/86,07:55:00,07:55:00,pass
RØ,2208,VAL/86,07:57:00,07:58:00,stop
RØ,2208,KH/86,08:04:00,08:07:00,stop
RØ,2208,KN/86,08:09:00,08:10:00,stop
RØ,2208,KK/86,08:13:00,08:14:00,stop
RØ,2208,HGL/86,08:16:00,08:16:00,stop
RØ,2208,HL/86,08:19:00,08:20:00,stop
RØ,2208,KL/86,08:24:00,08:25:00,stop
RØ,2208,SÅ/86,08:29:00,08:30:00,stop
RØ,2208,VB/86,08:33:00,08:34:00,stop
RØ,2208,RU/86,08:37:00,08:38:00,stop
RØ,2208,OK/86,08:41:00,08:42:00,stop
RØ,2208,NI/86,08:45:00,08:46:00,stop
RØ,2208,HUM/86,08:49:00,08:50:00,stop
RØ,2208,GÆ/86,08:53:00,08:54:00,stop
RØ,2208,SQ/86,08:57:00,08:58:00,stop
RØ,2208,HG/86,09:02:00,00:00:00,stop
RØ,2200,KH/86,00:00:00,05:07:00,stop
RØ,2200,KN/86,05:09:00,05:10:00,stop
RØ,2200,KK/86,05:13:00,05:14:00,stop
RØ,2200,HGL/86,05:16:00,05:16:00,stop
RØ,2200,HL/86,05:19:00,05:20:00,stop
RØ,2200,KL/86,05:24:00,05:25:00,stop
RØ,2200,SÅ/86,05:29:00,05:30:00,stop
RØ,2200,VB/86,05:33:00,05:34:00,stop
RØ,2200,RU/86,05:37:00,05:38:00,stop
RØ,2200,OK/86,05:41:00,05:42:00,stop
RØ,2200,NI/86,05:45:00,05:46:00,stop
RØ,2200,HUM/86,05:49:00,05:50:00,stop
RØ,2200,GÆ/86,05:53:00,05:54:00,stop
RØ,2200,SQ/86,05:57:00,05:58:00,stop
RØ,2200,HG/86,06:02:00,00:00:00,stop
RØ,2291,KH/86,00:00:00,23:10:00,stop
RØ,2291,VAL/86,23:13:00,23:14:00,stop
RØ,2291,HIF/86,23:17:00,23:17:00,stop
RØ,2291,GL/86,23:18:00,23:18:00,pass
RØ,2291,HTÅ/86,23:23:00,23:24:00,stop
RØ,2291,HH/86,23:28:00,23:29:00,stop
RØ,2291,TRK/86,23:32:00,23:33:00,stop
RØ,2291,RO/86,23:36:00,23:37:00,stop
RØ,2291,VY/86,23:43:00,23:44:00,stop
RØ,2291,BO/86,23:49:00,23:50:00,stop
RØ,2291,KY/86,23:54:00,23:54:00,stop
RØ,2291,RG/86,23:58:00,23:59:00,stop
RØ,2291,GZ/86,00:05:00,00:06:00,stop
RØ,2291,NÆ/86,00:14:00,00:00:00,stop
RØ,3471,HG/86,00:00:00,17:24:00,stop
RØ,3471,SQ/86,17:26:00,17:26:00,stop
RØ,3471,GÆ/86,17:29:00,17:30:00,stop
RØ,3471,HUM/86,17:33:00,17:34:00,stop
RØ,3471,NI/86,17:37:00,17:38:00,stop
RØ,3471,OK/86,17:41:00,17:42:00,stop
RØ,3471,RU/86,17:45:00,17:45:00,stop
RØ,3471,VB/86,17:47:00,17:47:00,pass
RØ,3471,SÅ/86,17:50:00,17:50:00,pass
RØ,3471,KL/86,17:53:00,17:53:00,pass
RØ,3471,HL/86,17:59:00,18:00:00,stop
RØ,3471,HGL/86,18:02:00,18:02:00,stop
RØ,3471,KK/86,18:05:00,18:08:00,stop
RØ,3471,KN/86,18:10:00,18:11:00,stop
RØ,3471,KH/86,18:14:00,00:00:00,stop
RØ,3475,HG/86,00:00:00,18:24:00,stop
RØ,3475,SQ/86,18:26:00,18:26:00,stop
RØ,3475,GÆ/86,18:29:00,18:30:00,stop
RØ,3475,HUM/86,18:33:00,18:34:00,stop
RØ,3475,NI/86,18:37:00,18:38:00,stop
RØ,3475,OK/86,18:41:00,18:42:00,stop
RØ,3475,RU/86,18:45:00,18:45:00,stop
RØ,3475,VB/86,18:47:00,18:47:00,pass
RØ,3475,SÅ/86,18:50:00,18:50:00,pass
RØ,3475,KL/86,18:53:00,18:53:00,pass
RØ,3475,HL/86,18:59:00,19:00:00,stop
RØ,3475,HGL/86,19:02:00,19:02:00,stop
RØ,3475,KK/86,19:05:00,19:08:00,stop
RØ,3475,KN/86,19:10:00,19:11:00,stop
RØ,3475,KH/86,19:14:00,00:00:00,stop
RØ,1564,KB/86,00:00:00,20:37:00,stop
RØ,1564,KBØ/86,20:39:00,20:40:00,stop
RØ,1564,VÆ/86,20:44:00,20:44:00,stop
RØ,1564,SE/86,20:48:00,20:49:00,stop
RØ,1564,JY/86,20:54:00,20:55:00,stop
RØ,1564,MØ/86,21:00:00,21:01:00,stop
RØ,1564,KS/86,21:04:00,21:05:00,stop
RØ,1564,RT/86,21:08:00,21:09:00,stop
RØ,1564,HK/86,21:15:00,21:17:00,stop
RØ,1564,PE/86,21:21:00,21:21:00,stop
RØ,1564,TØ/86,21:23:00,21:23:00,pass
RØ,1564,HV/86,21:26:00,21:26:00,pass
RØ,1564,LJ/86,21:29:00,21:29:00,pass
RØ,1564,RO/86,21:34:00,21:36:00,stop
RØ,1564,TRK/86,21:38:00,21:38:00,stop
RØ,1564,HH/86,21:40:00,21:40:00,pass
RØ,1564,HTÅ/86,21:43:00,21:44:00,stop
RØ,1564,GL/86,21:49:00,21:49:00,stop
RØ,1564,HIF/86,21:51:00,21:51:00,pass
RØ,1564,VAL/86,21:52:00,21:52:00,pass
RØ,1564,KH/86,21:57:00,22:00:00,stop
RØ,1564,KN/86,22:02:00,22:03:00,stop
RØ,1564,KK/86,22:06:00,00:00:00,stop
RØ,1569,KK/86,00:00:00,17:53:00,stop
RØ,1569,KN/86,17:55:00,17:56:00,stop
RØ,1569,KH/86,17:59:00,18:02:00,stop
RØ,1569,VAL/86,18:05:00,18:05:00,stop
RØ,1569,HIF/86,18:07:00,18:07:00,pass
RØ,1569,GL/86,18:08:00,18:08:00,pass
RØ,1569,HTÅ/86,18:13:00,18:15:00,stop
RØ,1569,HH/86,18:18:00,18:18:00,stop
RØ,1569,TRK/86,18:19:00,18:19:00,pass
RØ,1569,RO/86,18:22:00,18:24:00,stop
RØ,1569,LJ/86,18:29:00,18:29:00,stop
RØ,1569,HV/86,18:32:00,18:32:00,pass
RØ,1569,TØ/86,18:35:00,18:35:00,pass
RØ,1569,PE/86,18:37:00,18:37:00,pass
RØ,1569,HK/86,18:41:00,18:43:00,stop
RØ,1569,RT/86,18:49:00,18:50:00,stop
RØ,1569,KS/86,18:53:00,18:54:00,stop
RØ,1569,MØ/86,18:57:00,19:01:00,stop
RØ,1569,JY/86,19:06:00,19:07:00,stop
RØ,1569,SE/86,19:12:00,19:13:00,stop
RØ,1569,VÆ/86,19:17:00,19:17:00,stop
RØ,1569,KBØ/86,19:20:00,19:21:00,stop
RØ,1569,KB/86,19:25:00,00:00:00,stop
RØ,1573,KK/86,00:00:00,18:53:00,stop
RØ,1573,KN/86,18:55:00,18:56:00,stop
RØ,1573,KH/86,18:59:00,19:02:00,stop
RØ,1573,VAL/86,19:05:00,19:05:00,stop
RØ,1573,HIF/86,19:07:00,19:07:00,pass
RØ,1573,GL/86,19:08:00,19:08:00,pass
RØ,1573,HTÅ/86,19:13:00,19:15:00,stop
RØ,1573,HH/86,19:18:00,19:18:00,stop
RØ,1573,TRK/86,19:19:00,19:19:00,pass
RØ,1573,RO/86,19:22:00,19:24:00,stop
RØ,1573,LJ/86,19:29:00,19:29:00,stop
RØ,1573,HV/86,19:32:00,19:32:00,pass
RØ,1573,TØ/86,19:35:00,19:35:00,pass
RØ,1573,PE/86,19:37:00,19:37:00,pass
RØ,1573,HK/86,19:41:00,19:43:00,stop
RØ,1573,RT/86,19:49:00,19:50:00,stop
RØ,1573,KS/86,19:53:00,19:54:00,stop
RØ,1573,MØ/86,19:57:00,20:01:00,stop
RØ,1573,JY/86,20:06:00,20:07:00,stop
RØ,1573,SE/86,20:12:00,20:13:00,stop
RØ,1573,VÆ/86,20:17:00,20:17:00,stop
RØ,1573,KBØ/86,20:20:00,20:21:00,stop
RØ,1573,KB/86,20:25:00,00:00:00,stop
RØ,1581,KK/86,00:00:00,20:53:00,stop
RØ,1581,KN/86,20:55:00,20:56:00,stop
RØ,1581,KH/86,20:59:00,21:02:00,stop
RØ,1581,VAL/86,21:05:00,21:05:00,stop
RØ,1581,HIF/86,21:07:00,21:07:00,pass
RØ,1581,GL/86,21:08:00,21:08:00,pass
RØ,1581,HTÅ/86,21:13:00,21:15:00,stop
RØ,1581,HH/86,21:18:00,21:18:00,stop
RØ,1581,TRK/86,21:19:00,21:19:00,pass
RØ,1581,RO/86,21:22:00,21:24:00,stop
RØ,1581,LJ/86,21:29:00,21:29:00,stop
RØ,1581,HV/86,21:32:00,21:32:00,pass
RØ,1581,TØ/86,21:35:00,21:35:00,pass
RØ,1581,PE/86,21:37:00,21:37:00,pass
RØ,1581,HK/86,21:41:00,21:43:00,stop
RØ,1581,RT/86,21:49:00,21:50:00,stop
RØ,1581,KS/86,21:53:00,21:54:00,stop
RØ,1581,MØ/86,21:57:00,21:59:00,stop
RØ,1581,JY/86,22:04:00,22:07:00,stop
RØ,1581,SE/86,22:13:00,22:14:00,stop
RØ,1581,VÆ/86,22:18:00,22:18:00,stop
RØ,1581,KBØ/86,22:21:00,22:22:00,stop
RØ,1581,KB/86,22:26:00,00:00:00,stop
RØ,1565,KK/86,00:00:00,16:53:00,stop
RØ,1565,KN/86,16:55:00,16:56:00,stop
RØ,1565,KH/86,16:59:00,17:02:00,stop
RØ,1565,VAL/86,17:05:00,17:05:00,stop
RØ,1565,HIF/86,17:07:00,17:07:00,pass
RØ,1565,GL/86,17:08:00,17:08:00,pass
RØ,1565,HTÅ/86,17:13:00,17:15:00,stop
RØ,1565,HH/86,17:18:00,17:18:00,stop
RØ,1565,TRK/86,17:19:00,17:19:00,pass
RØ,1565,RO/86,17:22:00,17:24:00,stop
RØ,1565,LJ/86,17:29:00,17:29:00,stop
RØ,1565,HV/86,17:32:00,17:32:00,pass
RØ,1565,TØ/86,17:35:00,17:35:00,pass
RØ,1565,PE/86,17:37:00,17:37:00,pass
RØ,1565,HK/86,17:41:00,17:43:00,stop
RØ,1565,RT/86,17:49:00,17:50:00,stop
RØ,1565,KS/86,17:53:00,17:54:00,stop
RØ,1565,MØ/86,17:57:00,18:01:00,stop
RØ,1565,JY/86,18:06:00,18:07:00,stop
RØ,1565,SE/86,18:12:00,18:13:00,stop
RØ,1565,VÆ/86,18:17:00,18:17:00,stop
RØ,1565,KBØ/86,18:20:00,18:21:00,stop
RØ,1565,KB/86,18:25:00,00:00:00,stop
RØ,4218,NÆ/86,00:00:00,09:28:00,stop
RØ,4218,GZ/86,09:36:00,09:37:00,stop
RØ,4218,RG/86,09:43:00,09:44:00,stop
RØ,4218,KY/86,09:48:00,09:48:00,stop
RØ,4218,BO/86,09:52:00,09:53:00,stop
RØ,4218,VY/86,09:58:00,09:59:00,stop
RØ,4218,RO/86,10:05:00,10:07:00,stop
RØ,4218,TRK/86,10:09:00,10:10:00,stop
RØ,4218,HH/86,10:13:00,10:14:00,stop
RØ,4218,HTÅ/86,10:18:00,10:19:00,stop
RØ,4218,GL/86,10:23:00,10:23:00,stop
RØ,4218,HIF/86,10:25:00,10:25:00,pass
RØ,4218,VAL/86,10:27:00,10:28:00,stop
RØ,4218,KH/86,10:34:00,10:37:00,stop
RØ,4218,KN/86,10:39:00,10:40:00,stop
RØ,4218,KK/86,10:43:00,10:44:00,stop
RØ,4218,HGL/86,10:46:00,10:46:00,stop
RØ,4218,HL/86,10:49:00,10:50:00,stop
RØ,4218,KL/86,10:54:00,10:55:00,stop
RØ,4218,SÅ/86,10:59:00,11:00:00,stop
RØ,4218,VB/86,11:03:00,11:04:00,stop
RØ,4218,RU/86,11:07:00,11:08:00,stop
RØ,4218,OK/86,11:11:00,11:12:00,stop
RØ,4218,NI/86,11:15:00,11:16:00,stop
RØ,4218,HUM/86,11:19:00,11:20:00,stop
RØ,4218,GÆ/86,11:23:00,11:24:00,stop
RØ,4218,SQ/86,11:27:00,11:28:00,stop
RØ,4218,HG/86,11:32:00,00:00:00,stop
RØ,4251,HG/86,00:00:00,12:28:00,stop
RØ,4251,SQ/86,12:31:00,12:32:00,stop
RØ,4251,GÆ/86,12:34:00,12:35:00,stop
RØ,4251,HUM/86,12:38:00,12:39:00,stop
RØ,4251,NI/86,12:42:00,12:43:00,stop
RØ,4251,OK/86,12:47:00,12:48:00,stop
RØ,4251,RU/86,12:50:00,12:51:00,stop
RØ,4251,VB/86,12:54:00,12:55:00,stop
RØ,4251,SÅ/86,12:58:00,12:59:00,stop
RØ,4251,KL/86,13:03:00,13:04:00,stop
RØ,4251,HL/86,13:09:00,13:10:00,stop
RØ,4251,HGL/86,13:12:00,13:12:00,stop
RØ,4251,KK/86,13:15:00,13:17:00,stop
RØ,4251,KN/86,13:19:00,13:20:00,stop
RØ,4251,KH/86,13:23:00,13:26:00,stop
RØ,4251,VAL/86,13:30:00,13:31:00,stop
RØ,4251,HIF/86,13:33:00,13:33:00,stop
RØ,4251,GL/86,13:35:00,13:35:00,pass
RØ,4251,HTÅ/86,13:40:00,13:41:00,stop
RØ,4251,HH/86,13:45:00,13:46:00,stop
RØ,4251,TRK/86,13:49:00,13:50:00,stop
RØ,4251,RO/86,13:53:00,13:54:00,stop
RØ,4251,VY/86,14:00:00,14:01:00,stop
RØ,4251,BO/86,14:06:00,14:07:00,stop
RØ,4251,KY/86,14:10:00,14:10:00,stop
RØ,4251,RG/86,14:15:00,14:16:00,stop
RØ,4251,GZ/86,14:22:00,14:23:00,stop
RØ,4251,NÆ/86,14:32:00,00:00:00,stop
RØ,4833,NÆ/86,00:00:00,10:13:00,stop
RØ,4833,MOG/86,10:16:00,10:16:00,stop
RØ,4833,LU/86,10:21:00,10:22:00,stop
RØ,4833,VO/86,10:28:00,10:30:00,stop
RØ,4833,MN/86,10:33:00,10:33:00,stop
RØ,4833,OH/86,10:37:00,10:37:00,pass
RØ,4833,NV/86,10:40:00,10:41:00,stop
RØ,4833,EK/86,10:45:00,10:46:00,stop
RØ,4833,TN/86,10:49:00,10:49:00,stop
RØ,4833,NF/86,10:52:00,00:00:00,stop
RØ,4214,NÆ/86,00:00:00,08:28:00,stop
RØ,4214,GZ/86,08:36:00,08:37:00,stop
RØ,4214,RG/86,08:43:00,08:44:00,stop
RØ,4214,KY/86,08:48:00,08:48:00,stop
RØ,4214,BO/86,08:52:00,08:53:00,stop
RØ,4214,VY/86,08:58:00,08:59:00,stop
RØ,4214,RO/86,09:05:00,09:07:00,stop
RØ,4214,TRK/86,09:09:00,09:10:00,stop
RØ,4214,HH/86,09:13:00,09:14:00,stop
RØ,4214,HTÅ/86,09:18:00,09:19:00,stop
RØ,4214,GL/86,09:23:00,09:23:00,stop
RØ,4214,HIF/86,09:25:00,09:25:00,pass
RØ,4214,VAL/86,09:27:00,09:28:00,stop
RØ,4214,KH/86,09:34:00,09:37:00,stop
RØ,4214,KN/86,09:39:00,09:40:00,stop
RØ,4214,KK/86,09:43:00,09:44:00,stop
RØ,4214,HGL/86,09:46:00,09:46:00,stop
RØ,4214,HL/86,09:49:00,09:50:00,stop
RØ,4214,KL/86,09:54:00,09:55:00,stop
RØ,4214,SÅ/86,09:59:00,10:00:00,stop
RØ,4214,VB/86,10:03:00,10:04:00,stop
RØ,4214,RU/86,10:07:00,10:08:00,stop
RØ,4214,OK/86,10:11:00,10:12:00,stop
RØ,4214,NI/86,10:15:00,10:16:00,stop
RØ,4214,HUM/86,10:19:00,10:20:00,stop
RØ,4214,GÆ/86,10:23:00,10:24:00,stop
RØ,4214,SQ/86,10:27:00,10:28:00,stop
RØ,4214,HG/86,10:32:00,00:00:00,stop
RØ,4227,HG/86,00:00:00,06:28:00,stop
RØ,4227,SQ/86,06:31:00,06:32:00,stop
RØ,4227,GÆ/86,06:34:00,06:35:00,stop
RØ,4227,HUM/86,06:38:00,06:39:00,stop
RØ,4227,NI/86,06:42:00,06:43:00,stop
RØ,4227,OK/86,06:47:00,06:48:00,stop
RØ,4227,RU/86,06:50:00,06:51:00,stop
RØ,4227,VB/86,06:54:00,06:55:00,stop
RØ,4227,SÅ/86,06:58:00,06:59:00,stop
RØ,4227,KL/86,07:03:00,07:04:00,stop
RØ,4227,HL/86,07:09:00,07:10:00,stop
RØ,4227,HGL/86,07:12:00,07:12:00,stop
RØ,4227,KK/86,07:15:00,07:17:00,stop
RØ,4227,KN/86,07:19:00,07:20:00,stop
RØ,4227,KH/86,07:23:00,07:26:00,stop
RØ,4227,VAL/86,07:30:00,07:31:00,stop
RØ,4227,HIF/86,07:33:00,07:33:00,stop
RØ,4227,GL/86,07:35:00,07:35:00,pass
RØ,4227,HTÅ/86,07:40:00,07:41:00,stop
RØ,4227,HH/86,07:45:00,07:46:00,stop
RØ,4227,TRK/86,07:49:00,07:50:00,stop
RØ,4227,RO/86,07:53:00,07:54:00,stop
RØ,4227,VY/86,08:00:00,08:01:00,stop
RØ,4227,BO/86,08:06:00,08:07:00,stop
RØ,4227,KY/86,08:10:00,08:10:00,stop
RØ,4227,RG/86,08:15:00,08:16:00,stop
RØ,4227,GZ/86,08:22:00,08:23:00,stop
RØ,4227,NÆ/86,08:32:00,00:00:00,stop
RØ,4263,HG/86,00:00:00,15:28:00,stop
RØ,4263,SQ/86,15:31:00,15:32:00,stop
RØ,4263,GÆ/86,15:34:00,15:35:00,stop
RØ,4263,HUM/86,15:38:00,15:39:00,stop
RØ,4263,NI/86,15:42:00,15:43:00,stop
RØ,4263,OK/86,15:47:00,15:48:00,stop
RØ,4263,RU/86,15:50:00,15:51:00,stop
RØ,4263,VB/86,15:54:00,15:55:00,stop
RØ,4263,SÅ/86,15:58:00,15:59:00,stop
RØ,4263,KL/86,16:03:00,16:04:00,stop
RØ,4263,HL/86,16:09:00,16:10:00,stop
RØ,4263,HGL/86,16:12:00,16:12:00,stop
RØ,4263,KK/86,16:15:00,16:17:00,stop
RØ,4263,KN/86,16:19:00,16:20:00,stop
RØ,4263,KH/86,16:23:00,16:26:00,stop
RØ,4263,VAL/86,16:30:00,16:31:00,stop
RØ,4263,HIF/86,16:33:00,16:33:00,stop
RØ,4263,GL/86,16:35:00,16:35:00,pass
RØ,4263,HTÅ/86,16:40:00,16:41:00,stop
RØ,4263,HH/86,16:45:00,16:46:00,stop
RØ,4263,TRK/86,16:49:00,16:50:00,stop
RØ,4263,RO/86,16:53:00,16:54:00,stop
RØ,4263,VY/86,17:00:00,17:01:00,stop
RØ,4263,BO/86,17:06:00,17:07:00,stop
RØ,4263,KY/86,17:10:00,17:10:00,stop
RØ,4263,RG/86,17:15:00,17:16:00,stop
RØ,4263,GZ/86,17:22:00,17:23:00,stop
RØ,4263,NÆ/86,17:32:00,00:00:00,stop
RØ,4267,HG/86,00:00:00,16:28:00,stop
RØ,4267,SQ/86,16:31:00,16:32:00,stop
RØ,4267,GÆ/86,16:34:00,16:35:00,stop
RØ,4267,HUM/86,16:38:00,16:39:00,stop
RØ,4267,NI/86,16:42:00,16:43:00,stop
RØ,4267,OK/86,16:47:00,16:48:00,stop
RØ,4267,RU/86,16:50:00,16:51:00,stop
RØ,4267,VB/86,16:54:00,16:55:00,stop
RØ,4267,SÅ/86,16:58:00,16:59:00,stop
RØ,4267,KL/86,17:03:00,17:04:00,stop
RØ,4267,HL/86,17:09:00,17:10:00,stop
RØ,4267,HGL/86,17:12:00,17:12:00,stop
RØ,4267,KK/86,17:15:00,17:17:00,stop
RØ,4267,KN/86,17:19:00,17:20:00,stop
RØ,4267,KH/86,17:23:00,17:26:00,stop
RØ,4267,VAL/86,17:30:00,17:31:00,stop
RØ,4267,HIF/86,17:33:00,17:33:00,stop
RØ,4267,GL/86,17:35:00,17:35:00,pass
RØ,4267,HTÅ/86,17:40:00,17:41:00,stop
RØ,4267,HH/86,17:45:00,17:46:00,stop
RØ,4267,TRK/86,17:49:00,17:50:00,stop
RØ,4267,RO/86,17:53:00,17:54:00,stop
RØ,4267,VY/86,18:00:00,18:01:00,stop
RØ,4267,BO/86,18:06:00,18:07:00,stop
RØ,4267,KY/86,18:10:00,18:10:00,stop
RØ,4267,RG/86,18:15:00,18:16:00,stop
RØ,4267,GZ/86,18:22:00,18:23:00,stop
RØ,4267,NÆ/86,18:32:00,00:00:00,stop
RØ,4271,HG/86,00:00:00,17:28:00,stop
RØ,4271,SQ/86,17:31:00,17:32:00,stop
RØ,4271,GÆ/86,17:34:00,17:35:00,stop
RØ,4271,HUM/86,17:38:00,17:39:00,stop
RØ,4271,NI/86,17:42:00,17:43:00,stop
RØ,4271,OK/86,17:47:00,17:48:00,stop
RØ,4271,RU/86,17:50:00,17:51:00,stop
RØ,4271,VB/86,17:54:00,17:55:00,stop
RØ,4271,SÅ/86,17:58:00,17:59:00,stop
RØ,4271,KL/86,18:03:00,18:04:00,stop
RØ,4271,HL/86,18:09:00,18:10:00,stop
RØ,4271,HGL/86,18:12:00,18:12:00,stop
RØ,4271,KK/86,18:15:00,18:17:00,stop
RØ,4271,KN/86,18:19:00,18:20:00,stop
RØ,4271,KH/86,18:23:00,18:26:00,stop
RØ,4271,VAL/86,18:30:00,18:31:00,stop
RØ,4271,HIF/86,18:33:00,18:33:00,stop
RØ,4271,GL/86,18:35:00,18:35:00,pass
RØ,4271,HTÅ/86,18:40:00,18:41:00,stop
RØ,4271,HH/86,18:45:00,18:46:00,stop
RØ,4271,TRK/86,18:49:00,18:50:00,stop
RØ,4271,RO/86,18:53:00,00:00:00,stop
RØ,4821,NÆ/86,00:00:00,07:13:00,stop
RØ,4821,MOG/86,07:16:00,07:16:00,stop
RØ,4821,LU/86,07:21:00,07:22:00,stop
RØ,4821,VO/86,07:28:00,07:30:00,stop
RØ,4821,MN/86,07:33:00,07:33:00,stop
RØ,4821,OH/86,07:37:00,07:37:00,pass
RØ,4821,NV/86,07:40:00,07:41:00,stop
RØ,4821,EK/86,07:45:00,07:46:00,stop
RØ,4821,TN/86,07:49:00,07:49:00,stop
RØ,4821,NF/86,07:52:00,00:00:00,stop
RØ,4825,NÆ/86,00:00:00,08:13:00,stop
RØ,4825,MOG/86,08:16:00,08:16:00,stop
RØ,4825,LU/86,08:21:00,08:22:00,stop
RØ,4825,VO/86,08:28:00,08:30:00,stop
RØ,4825,MN/86,08:33:00,08:33:00,stop
RØ,4825,OH/86,08:37:00,08:37:00,pass
RØ,4825,NV/86,08:40:00,08:41:00,stop
RØ,4825,EK/86,08:45:00,08:46:00,stop
RØ,4825,TN/86,08:49:00,08:49:00,stop
RØ,4825,NF/86,08:52:00,00:00:00,stop
RØ,4829,NÆ/86,00:00:00,09:13:00,stop
RØ,4829,MOG/86,09:16:00,09:16:00,stop
RØ,4829,LU/86,09:21:00,09:22:00,stop
RØ,4829,VO/86,09:28:00,09:30:00,stop
RØ,4829,MN/86,09:33:00,09:33:00,stop
RØ,4829,OH/86,09:37:00,09:37:00,pass
RØ,4829,NV/86,09:40:00,09:41:00,stop
RØ,4829,EK/86,09:45:00,09:46:00,stop
RØ,4829,TN/86,09:49:00,09:49:00,stop
RØ,4829,NF/86,09:52:00,00:00:00,stop
RØ,4837,NÆ/86,00:00:00,11:13:00,stop
RØ,4837,MOG/86,11:16:00,11:16:00,stop
RØ,4837,LU/86,11:21:00,11:22:00,stop
RØ,4837,VO/86,11:28:00,11:30:00,stop
RØ,4837,MN/86,11:33:00,11:33:00,stop
RØ,4837,OH/86,11:37:00,11:37:00,pass
RØ,4837,NV/86,11:40:00,11:41:00,stop
RØ,4837,EK/86,11:45:00,11:46:00,stop
RØ,4837,TN/86,11:49:00,11:49:00,stop
RØ,4837,NF/86,11:52:00,00:00:00,stop
RØ,4841,NÆ/86,00:00:00,12:13:00,stop
RØ,4841,MOG/86,12:16:00,12:16:00,stop
RØ,4841,LU/86,12:21:00,12:22:00,stop
RØ,4841,VO/86,12:28:00,12:30:00,stop
RØ,4841,MN/86,12:33:00,12:33:00,stop
RØ,4841,OH/86,12:37:00,12:37:00,pass
RØ,4841,NV/86,12:40:00,12:41:00,stop
RØ,4841,EK/86,12:45:00,12:46:00,stop
RØ,4841,TN/86,12:49:00,12:49:00,stop
RØ,4841,NF/86,12:52:00,00:00:00,stop
RØ,4845,NÆ/86,00:00:00,13:13:00,stop
RØ,4845,MOG/86,13:16:00,13:16:00,stop
RØ,4845,LU/86,13:21:00,13:22:00,stop
RØ,4845,VO/86,13:28:00,13:30:00,stop
RØ,4845,MN/86,13:33:00,13:33:00,stop
RØ,4845,OH/86,13:37:00,13:37:00,pass
RØ,4845,NV/86,13:40:00,13:41:00,stop
RØ,4845,EK/86,13:45:00,13:46:00,stop
RØ,4845,TN/86,13:49:00,13:49:00,stop
RØ,4845,NF/86,13:52:00,00:00:00,stop
RØ,4849,NÆ/86,00:00:00,14:13:00,stop
RØ,4849,MOG/86,14:16:00,14:16:00,stop
RØ,4849,LU/86,14:21:00,14:22:00,stop
RØ,4849,VO/86,14:28:00,14:30:00,stop
RØ,4849,MN/86,14:33:00,14:33:00,stop
RØ,4849,OH/86,14:37:00,14:37:00,pass
RØ,4849,NV/86,14:40:00,14:41:00,stop
RØ,4849,EK/86,14:45:00,14:46:00,stop
RØ,4849,TN/86,14:49:00,14:49:00,stop
RØ,4849,NF/86,14:52:00,00:00:00,stop
RØ,4853,NÆ/86,00:00:00,15:13:00,stop
RØ,4853,MOG/86,15:16:00,15:16:00,stop
RØ,4853,LU/86,15:21:00,15:22:00,stop
RØ,4853,VO/86,15:28:00,15:30:00,stop
RØ,4853,MN/86,15:32:00,15:32:00,stop
RØ,4853,OH/86,15:37:00,15:37:00,pass
RØ,4853,NV/86,15:40:00,15:41:00,stop
RØ,4853,EK/86,15:45:00,15:46:00,stop
RØ,4853,TN/86,15:48:00,15:48:00,stop
RØ,4853,NF/86,15:52:00,00:00:00,stop
RØ,4857,NÆ/86,00:00:00,16:13:00,stop
RØ,4857,MOG/86,16:16:00,16:16:00,stop
RØ,4857,LU/86,16:21:00,16:22:00,stop
RØ,4857,VO/86,16:28:00,16:30:00,stop
RØ,4857,MN/86,16:32:00,16:32:00,stop
RØ,4857,OH/86,16:37:00,16:37:00,pass
RØ,4857,NV/86,16:40:00,16:41:00,stop
RØ,4857,EK/86,16:45:00,16:46:00,stop
RØ,4857,TN/86,16:48:00,16:48:00,stop
RØ,4857,NF/86,16:52:00,00:00:00,stop
RØ,4865,NÆ/86,00:00:00,18:13:00,stop
RØ,4865,MOG/86,18:16:00,18:16:00,stop
RØ,4865,LU/86,18:21:00,18:22:00,stop
RØ,4865,VO/86,18:28:00,18:30:00,stop
RØ,4865,MN/86,18:33:00,18:33:00,stop
RØ,4865,OH/86,18:37:00,18:37:00,pass
RØ,4865,NV/86,18:40:00,18:41:00,stop
RØ,4865,EK/86,18:45:00,18:46:00,stop
RØ,4865,TN/86,18:49:00,18:49:00,stop
RØ,4865,NF/86,18:52:00,00:00:00,stop
RØ,4869,NÆ/86,00:00:00,19:13:00,stop
RØ,4869,MOG/86,19:16:00,19:16:00,stop
RØ,4869,LU/86,19:21:00,19:22:00,stop
RØ,4869,VO/86,19:28:00,19:30:00,stop
RØ,4869,MN/86,19:33:00,19:33:00,stop
RØ,4869,OH/86,19:37:00,19:37:00,pass
RØ,4869,NV/86,19:40:00,19:41:00,stop
RØ,4869,EK/86,19:45:00,19:46:00,stop
RØ,4869,TN/86,19:49:00,19:49:00,stop
RØ,4869,NF/86,19:52:00,00:00:00,stop
RØ,4873,NÆ/86,00:00:00,20:13:00,stop
RØ,4873,MOG/86,20:16:00,20:16:00,stop
RØ,4873,LU/86,20:21:00,20:22:00,stop
RØ,4873,VO/86,20:28:00,20:30:00,stop
RØ,4873,MN/86,20:33:00,20:33:00,stop
RØ,4873,OH/86,20:37:00,20:37:00,pass
RØ,4873,NV/86,20:40:00,20:41:00,stop
RØ,4873,EK/86,20:45:00,20:46:00,stop
RØ,4873,TN/86,20:49:00,20:49:00,stop
RØ,4873,NF/86,20:52:00,00:00:00,stop
RØ,4804,NF/86,00:00:00,05:07:00,stop
RØ,4804,TN/86,05:10:00,05:10:00,stop
RØ,4804,EK/86,05:12:00,05:13:00,stop
RØ,4804,NV/86,05:17:00,05:18:00,stop
RØ,4804,OH/86,05:21:00,05:21:00,stop
RØ,4804,MN/86,05:25:00,05:25:00,pass
RØ,4804,VO/86,05:28:00,05:30:00,stop
RØ,4804,LU/86,05:36:00,05:37:00,stop
RØ,4804,MOG/86,05:42:00,05:42:00,stop
RØ,4804,NÆ/86,05:46:00,00:00:00,stop
RØ,4808,NF/86,00:00:00,06:06:00,stop
RØ,4808,TN/86,06:09:00,06:09:00,stop
RØ,4808,EK/86,06:11:00,06:12:00,stop
RØ,4808,NV/86,06:16:00,06:17:00,stop
RØ,4808,OH/86,06:20:00,06:20:00,stop
RØ,4808,MN/86,06:24:00,06:24:00,pass
RØ,4808,VO/86,06:27:00,06:29:00,stop
RØ,4808,LU/86,06:35:00,06:36:00,stop
RØ,4808,MOG/86,06:41:00,06:41:00,stop
RØ,4808,NÆ/86,06:45:00,00:00:00,stop
RØ,4812,NF/86,00:00:00,07:07:00,stop
RØ,4812,TN/86,07:10:00,07:10:00,stop
RØ,4812,EK/86,07:12:00,07:13:00,stop
RØ,4812,NV/86,07:17:00,07:18:00,stop
RØ,4812,OH/86,07:21:00,07:21:00,stop
RØ,4812,MN/86,07:25:00,07:25:00,pass
RØ,4812,VO/86,07:28:00,07:30:00,stop
RØ,4812,LU/86,07:36:00,07:37:00,stop
RØ,4812,MOG/86,07:42:00,07:42:00,stop
RØ,4812,NÆ/86,07:46:00,00:00:00,stop
RØ,4816,NF/86,00:00:00,08:07:00,stop
RØ,4816,TN/86,08:10:00,08:10:00,stop
RØ,4816,EK/86,08:12:00,08:13:00,stop
RØ,4816,NV/86,08:17:00,08:18:00,stop
RØ,4816,OH/86,08:21:00,08:21:00,stop
RØ,4816,MN/86,08:25:00,08:25:00,pass
RØ,4816,VO/86,08:28:00,08:30:00,stop
RØ,4816,LU/86,08:36:00,08:37:00,stop
RØ,4816,MOG/86,08:42:00,08:42:00,stop
RØ,4816,NÆ/86,08:46:00,00:00:00,stop
RØ,4820,NF/86,00:00:00,09:07:00,stop
RØ,4820,TN/86,09:10:00,09:10:00,stop
RØ,4820,EK/86,09:12:00,09:13:00,stop
RØ,4820,NV/86,09:17:00,09:18:00,stop
RØ,4820,OH/86,09:21:00,09:21:00,stop
RØ,4820,MN/86,09:25:00,09:25:00,pass
RØ,4820,VO/86,09:28:00,09:30:00,stop
RØ,4820,LU/86,09:36:00,09:37:00,stop
RØ,4820,MOG/86,09:42:00,09:42:00,stop
RØ,4820,NÆ/86,09:46:00,00:00:00,stop
RØ,4824,NF/86,00:00:00,10:07:00,stop
RØ,4824,TN/86,10:10:00,10:10:00,stop
RØ,4824,EK/86,10:12:00,10:13:00,stop
RØ,4824,NV/86,10:17:00,10:18:00,stop
RØ,4824,OH/86,10:21:00,10:21:00,stop
RØ,4824,MN/86,10:25:00,10:25:00,pass
RØ,4824,VO/86,10:28:00,10:30:00,stop
RØ,4824,LU/86,10:36:00,10:37:00,stop
RØ,4824,MOG/86,10:42:00,10:42:00,stop
RØ,4824,NÆ/86,10:46:00,00:00:00,stop
RØ,4828,NF/86,00:00:00,11:07:00,stop
RØ,4828,TN/86,11:10:00,11:10:00,stop
RØ,4828,EK/86,11:12:00,11:13:00,stop
RØ,4828,NV/86,11:17:00,11:18:00,stop
RØ,4828,OH/86,11:21:00,11:21:00,stop
RØ,4828,MN/86,11:25:00,11:25:00,pass
RØ,4828,VO/86,11:28:00,11:30:00,stop
RØ,4828,LU/86,11:36:00,11:37:00,stop
RØ,4828,MOG/86,11:42:00,11:42:00,stop
RØ,4828,NÆ/86,11:46:00,00:00:00,stop
RØ,4832,NF/86,00:00:00,12:07:00,stop
RØ,4832,TN/86,12:10:00,12:10:00,stop
RØ,4832,EK/86,12:12:00,12:13:00,stop
RØ,4832,NV/86,12:17:00,12:18:00,stop
RØ,4832,OH/86,12:21:00,12:21:00,stop
RØ,4832,MN/86,12:25:00,12:25:00,pass
RØ,4832,VO/86,12:28:00,12:30:00,stop
RØ,4832,LU/86,12:36:00,12:37:00,stop
RØ,4832,MOG/86,12:42:00,12:42:00,stop
RØ,4832,NÆ/86,12:46:00,00:00:00,stop
RØ,4836,NF/86,00:00:00,13:07:00,stop
RØ,4836,TN/86,13:10:00,13:10:00,stop
RØ,4836,EK/86,13:12:00,13:13:00,stop
RØ,4836,NV/86,13:17:00,13:18:00,stop
RØ,4836,OH/86,13:21:00,13:21:00,stop
RØ,4836,MN/86,13:25:00,13:25:00,pass
RØ,4836,VO/86,13:28:00,13:30:00,stop
RØ,4836,LU/86,13:36:00,13:37:00,stop
RØ,4836,MOG/86,13:42:00,13:42:00,stop
RØ,4836,NÆ/86,13:46:00,00:00:00,stop
RØ,4840,NF/86,00:00:00,14:07:00,stop
RØ,4840,TN/86,14:10:00,14:10:00,stop
RØ,4840,EK/86,14:12:00,14:13:00,stop
RØ,4840,NV/86,14:17:00,14:18:00,stop
RØ,4840,OH/86,14:21:00,14:21:00,stop
RØ,4840,MN/86,14:25:00,14:25:00,pass
RØ,4840,VO/86,14:28:00,14:30:00,stop
RØ,4840,LU/86,14:36:00,14:37:00,stop
RØ,4840,MOG/86,14:42:00,14:42:00,stop
RØ,4840,NÆ/86,14:46:00,00:00:00,stop
RØ,4844,NF/86,00:00:00,15:07:00,stop
RØ,4844,TN/86,15:10:00,15:10:00,stop
RØ,4844,EK/86,15:12:00,15:13:00,stop
RØ,4844,NV/86,15:17:00,15:18:00,stop
RØ,4844,OH/86,15:21:00,15:21:00,stop
RØ,4844,MN/86,15:25:00,15:25:00,pass
RØ,4844,VO/86,15:28:00,15:30:00,stop
RØ,4844,LU/86,15:36:00,15:37:00,stop
RØ,4844,MOG/86,15:42:00,15:42:00,stop
RØ,4844,NÆ/86,15:46:00,00:00:00,stop
RØ,4848,NF/86,00:00:00,16:07:00,stop
RØ,4848,TN/86,16:10:00,16:10:00,stop
RØ,4848,EK/86,16:12:00,16:13:00,stop
RØ,4848,NV/86,16:17:00,16:18:00,stop
RØ,4848,OH/86,16:21:00,16:21:00,stop
RØ,4848,MN/86,16:25:00,16:25:00,pass
RØ,4848,VO/86,16:28:00,16:30:00,stop
RØ,4848,LU/86,16:36:00,16:37:00,stop
RØ,4848,MOG/86,16:42:00,16:42:00,stop
RØ,4848,NÆ/86,16:46:00,00:00:00,stop
RØ,4852,NF/86,00:00:00,17:07:00,stop
RØ,4852,TN/86,17:10:00,17:10:00,stop
RØ,4852,EK/86,17:12:00,17:13:00,stop
RØ,4852,NV/86,17:17:00,17:18:00,stop
RØ,4852,OH/86,17:21:00,17:21:00,stop
RØ,4852,MN/86,17:25:00,17:25:00,pass
RØ,4852,VO/86,17:28:00,17:30:00,stop
RØ,4852,LU/86,17:36:00,17:37:00,stop
RØ,4852,MOG/86,17:42:00,17:42:00,stop
RØ,4852,NÆ/86,17:46:00,00:00:00,stop
RØ,4856,NF/86,00:00:00,18:07:00,stop
RØ,4856,TN/86,18:10:00,18:10:00,stop
RØ,4856,EK/86,18:12:00,18:13:00,stop
RØ,4856,NV/86,18:17:00,18:18:00,stop
RØ,4856,OH/86,18:21:00,18:21:00,stop
RØ,4856,MN/86,18:25:00,18:25:00,pass
RØ,4856,VO/86,18:28:00,18:30:00,stop
RØ,4856,LU/86,18:36:00,18:37:00,stop
RØ,4856,MOG/86,18:42:00,18:42:00,stop
RØ,4856,NÆ/86,18:46:00,00:00:00,stop
RØ,4860,NF/86,00:00:00,19:07:00,stop
RØ,4860,TN/86,19:10:00,19:10:00,stop
RØ,4860,EK/86,19:12:00,19:13:00,stop
RØ,4860,NV/86,19:17:00,19:18:00,stop
RØ,4860,OH/86,19:21:00,19:21:00,stop
RØ,4860,MN/86,19:25:00,19:25:00,pass
RØ,4860,VO/86,19:28:00,19:30:00,stop
RØ,4860,LU/86,19:36:00,19:37:00,stop
RØ,4860,MOG/86,19:42:00,19:42:00,stop
RØ,4860,NÆ/86,19:46:00,00:00:00,stop
RØ,2272,KH/86,00:00:00,00:07:00,stop
RØ,2272,KN/86,00:09:00,00:10:00,stop
RØ,2272,KK/86,00:13:00,00:14:00,stop
RØ,2272,HGL/86,00:16:00,00:16:00,stop
RØ,2272,HL/86,00:19:00,00:20:00,stop
RØ,2272,KL/86,00:24:00,00:25:00,stop
RØ,2272,SÅ/86,00:29:00,00:30:00,stop
RØ,2272,VB/86,00:33:00,00:34:00,stop
RØ,2272,RU/86,00:37:00,00:38:00,stop
RØ,2272,OK/86,00:41:00,00:42:00,stop
RØ,2272,NI/86,00:45:00,00:46:00,stop
RØ,2272,HUM/86,00:49:00,00:50:00,stop
RØ,2272,GÆ/86,00:53:00,00:54:00,stop
RØ,2272,SQ/86,00:57:00,00:58:00,stop
RØ,2272,HG/86,01:02:00,00:00:00,stop
RØ,2599,HG/86,00:00:00,00:28:00,stop
RØ,2599,SQ/86,00:31:00,00:32:00,stop
RØ,2599,GÆ/86,00:34:00,00:35:00,stop
RØ,2599,HUM/86,00:38:00,00:39:00,stop
RØ,2599,NI/86,00:42:00,00:43:00,stop
RØ,2599,OK/86,00:47:00,00:48:00,stop
RØ,2599,RU/86,00:50:00,00:51:00,stop
RØ,2599,VB/86,00:54:00,00:55:00,stop
RØ,2599,SÅ/86,00:58:00,00:59:00,stop
RØ,2599,KL/86,01:03:00,01:04:00,stop
RØ,2599,HL/86,01:09:00,01:10:00,stop
RØ,2599,HGL/86,01:12:00,01:12:00,stop
RØ,2599,KK/86,01:15:00,01:17:00,stop
RØ,2599,KN/86,01:19:00,01:20:00,stop
RØ,2599,KH/86,01:23:00,00:00:00,stop
RØ,4426,NÆ/86,00:00:00,11:06:00,stop
RØ,4426,NÆN/86,11:09:00,11:10:00,stop
RØ,4426,OL/86,11:14:00,11:15:00,stop
RØ,4426,HZ/86,11:21:00,11:22:00,stop
RØ,4426,TH/86,11:27:00,11:30:00,stop
RØ,4426,HF/86,11:34:00,11:35:00,stop
RØ,4426,KJ/86,11:39:00,11:45:00,stop
RØ,4426,ØLB/86,11:47:00,11:48:00,stop
RØ,4426,KJN/86,11:51:00,11:52:00,stop
RØ,4426,JSF/86,11:53:00,11:53:00,stop
RØ,4426,KIB/86,11:58:00,11:58:00,pass
RØ,4426,AVH/86,12:03:00,12:03:00,pass
RØ,4426,IG/86,12:06:00,12:06:00,pass
RØ,4426,NEL/86,12:06:20,12:07:20,stop
RØ,4426,GB/86,12:09:00,12:09:00,stop
RØ,4426,KH/86,12:13:00,12:16:00,stop
RØ,4426,KN/86,12:18:00,12:19:00,stop
RØ,4426,KK/86,12:22:00,00:00:00,stop
RØ,4430,NÆ/86,00:00:00,12:06:00,stop
RØ,4430,NÆN/86,12:09:00,12:10:00,stop
RØ,4430,OL/86,12:14:00,12:15:00,stop
RØ,4430,HZ/86,12:21:00,12:22:00,stop
RØ,4430,TH/86,12:27:00,12:30:00,stop
RØ,4430,HF/86,12:34:00,12:35:00,stop
RØ,4430,KJ/86,12:39:00,12:45:00,stop
RØ,4430,ØLB/86,12:47:00,12:48:00,stop
RØ,4430,KJN/86,12:51:00,12:52:00,stop
RØ,4430,JSF/86,12:53:00,12:53:00,stop
RØ,4430,KIB/86,12:58:00,12:58:00,pass
RØ,4430,AVH/86,13:03:00,13:03:00,pass
RØ,4430,IG/86,13:06:00,13:06:00,pass
RØ,4430,NEL/86,13:06:20,13:07:20,stop
RØ,4430,GB/86,13:09:00,13:09:00,stop
RØ,4430,KH/86,13:13:00,13:16:00,stop
RØ,4430,KN/86,13:18:00,13:19:00,stop
RØ,4430,KK/86,13:22:00,00:00:00,stop
RØ,4469,KH/86,00:00:00,17:47:00,stop
RØ,4469,GB/86,17:50:00,17:50:00,stop
RØ,4469,NEL/86,17:51:00,17:52:00,stop
RØ,4469,IG/86,17:53:00,17:53:00,stop
RØ,4469,AVH/86,17:55:00,17:55:00,pass
RØ,4469,KIB/86,18:00:00,18:00:00,pass
RØ,4469,JSF/86,18:05:00,18:05:00,pass
RØ,4469,KJN/86,18:06:00,18:07:00,stop
RØ,4469,ØLB/86,18:10:00,18:11:00,stop
RØ,4469,KJ/86,18:13:00,18:19:00,stop
RØ,4469,HF/86,18:23:00,18:24:00,stop
RØ,4469,TH/86,18:29:00,18:30:00,stop
RØ,4469,HZ/86,18:35:00,18:36:00,stop
RØ,4469,OL/86,18:42:00,18:44:00,stop
RØ,4469,NÆN/86,18:47:00,18:48:00,stop
RØ,4469,NÆ/86,18:52:00,00:00:00,stop
RØ,4473,KH/86,00:00:00,18:47:00,stop
RØ,4473,GB/86,18:50:00,18:50:00,stop
RØ,4473,NEL/86,18:51:00,18:52:00,stop
RØ,4473,IG/86,18:53:00,18:53:00,stop
RØ,4473,AVH/86,18:55:00,18:55:00,pass
RØ,4473,KIB/86,19:00:00,19:00:00,pass
RØ,4473,JSF/86,19:05:00,19:05:00,pass
RØ,4473,KJN/86,19:06:00,19:07:00,stop
RØ,4473,ØLB/86,19:10:00,19:11:00,stop
RØ,4473,KJ/86,19:13:00,19:19:00,stop
RØ,4473,HF/86,19:23:00,19:24:00,stop
RØ,4473,TH/86,19:29:00,19:30:00,stop
RØ,4473,HZ/86,19:35:00,19:36:00,stop
RØ,4473,OL/86,19:42:00,19:44:00,stop
RØ,4473,NÆN/86,19:47:00,19:48:00,stop
RØ,4473,NÆ/86,19:52:00,00:00:00,stop
RØ,1577,KH/86,00:00:00,20:02:00,stop
RØ,1577,VAL/86,20:05:00,20:05:00,stop
RØ,1577,HIF/86,20:07:00,20:07:00,pass
RØ,1577,GL/86,20:08:00,20:08:00,pass
RØ,1577,HTÅ/86,20:13:00,20:15:00,stop
RØ,1577,HH/86,20:18:00,20:18:00,stop
RØ,1577,TRK/86,20:19:00,20:19:00,pass
RØ,1577,RO/86,20:22:00,20:24:00,stop
RØ,1577,LJ/86,20:29:00,20:29:00,stop
RØ,1577,HV/86,20:32:00,20:32:00,pass
RØ,1577,TØ/86,20:35:00,20:35:00,pass
RØ,1577,PE/86,20:37:00,20:37:00,pass
RØ,1577,HK/86,20:41:00,20:43:00,stop
RØ,1577,RT/86,20:49:00,20:50:00,stop
RØ,1577,KS/86,20:53:00,20:54:00,stop
RØ,1577,MØ/86,20:57:00,21:01:00,stop
RØ,1577,JY/86,21:06:00,21:07:00,stop
RØ,1577,SE/86,21:12:00,21:13:00,stop
RØ,1577,VÆ/86,21:17:00,21:17:00,stop
RØ,1577,KBØ/86,21:20:00,21:21:00,stop
RØ,1577,KB/86,21:25:00,00:00:00,stop
RØ,2260,NÆ/86,00:00:00,19:58:00,stop
RØ,2260,GZ/86,20:06:00,20:07:00,stop
RØ,2260,RG/86,20:13:00,20:14:00,stop
RØ,2260,KY/86,20:18:00,20:18:00,stop
RØ,2260,BO/86,20:22:00,20:23:00,stop
RØ,2260,VY/86,20:28:00,20:29:00,stop
RØ,2260,RO/86,20:35:00,20:37:00,stop
RØ,2260,TRK/86,20:39:00,20:40:00,stop
RØ,2260,HH/86,20:43:00,20:44:00,stop
RØ,2260,HTÅ/86,20:48:00,20:49:00,stop
RØ,2260,GL/86,20:53:00,20:53:00,stop
RØ,2260,HIF/86,20:55:00,20:55:00,pass
RØ,2260,VAL/86,20:57:00,20:58:00,stop
RØ,2260,KH/86,21:04:00,21:07:00,stop
RØ,2260,KN/86,21:09:00,21:10:00,stop
RØ,2260,KK/86,21:13:00,21:14:00,stop
RØ,2260,HGL/86,21:16:00,21:16:00,stop
RØ,2260,HL/86,21:19:00,21:20:00,stop
RØ,2260,KL/86,21:24:00,21:25:00,stop
RØ,2260,SÅ/86,21:29:00,21:30:00,stop
RØ,2260,VB/86,21:33:00,21:34:00,stop
RØ,2260,RU/86,21:37:00,21:38:00,stop
RØ,2260,OK/86,21:41:00,21:42:00,stop
RØ,2260,NI/86,21:45:00,21:46:00,stop
RØ,2260,HUM/86,21:49:00,21:50:00,stop
RØ,2260,GÆ/86,21:53:00,21:54:00,stop
RØ,2260,SQ/86,21:57:00,21:58:00,stop
RØ,2260,HG/86,22:02:00,00:00:00,stop
RØ,1273,KH/86,00:00:00,19:08:00,stop
RØ,1273,GB/86,19:11:00,19:11:00,stop
RØ,1273,NEL/86,19:12:00,19:13:00,stop
RØ,1273,IG/86,19:14:00,19:14:00,stop
RØ,1273,AVH/86,19:16:00,19:16:00,pass
RØ,1273,KIB/86,19:21:00,19:21:00,pass
RØ,1273,JSF/86,19:25:00,19:25:00,pass
RØ,1273,KJN/86,19:26:00,19:26:00,pass
RØ,1273,LEL/86,19:27:00,19:27:00,pass
RØ,1273,BJS/86,19:30:00,19:30:00,pass
RØ,1273,ADA/86,19:34:00,19:34:00,pass
RØ,1273,RG/86,19:37:00,19:39:00,stop
RØ,1273,GZ/86,19:44:00,19:44:00,stop
RØ,1273,NÆ/86,19:51:00,19:53:00,stop
RØ,1273,MOG/86,19:56:00,19:56:00,stop
RØ,1273,LU/86,20:00:00,20:00:00,pass
RØ,1273,VO/86,20:05:00,20:07:00,stop
RØ,1273,MN/86,20:10:00,20:10:00,stop
RØ,1273,OH/86,20:14:00,20:14:00,pass
RØ,1273,NV/86,20:17:00,20:17:00,pass
RØ,1273,EK/86,20:18:00,20:18:00,pass
RØ,1273,TN/86,20:20:00,20:20:00,pass
RØ,1273,NF/86,20:23:00,00:00:00,stop
RØ,1224,NF/86,00:00:00,10:38:00,stop
RØ,1224,TN/86,10:41:00,10:41:00,stop
RØ,1224,EK/86,10:42:00,10:42:00,pass
RØ,1224,NV/86,10:44:00,10:44:00,pass
RØ,1224,OH/86,10:46:00,10:46:00,pass
RØ,1224,MN/86,10:50:00,10:50:00,pass
RØ,1224,VO/86,10:53:00,10:55:00,stop
RØ,1224,LU/86,11:00:00,11:00:00,stop
RØ,1224,MOG/86,11:04:00,11:04:00,pass
RØ,1224,NÆ/86,11:07:00,11:10:00,stop
RØ,1224,GZ/86,11:16:00,11:16:00,stop
RØ,1224,RG/86,11:22:00,11:23:00,stop
RØ,1224,ADA/86,11:27:00,11:27:00,stop
RØ,1224,BJS/86,11:31:00,11:31:00,pass
RØ,1224,LEL/86,11:33:00,11:33:00,pass
RØ,1224,KJN/86,11:35:00,11:35:00,pass
RØ,1224,JSF/86,11:35:20,11:35:20,pass
RØ,1224,KIB/86,11:40:00,11:40:00,pass
RØ,1224,AVH/86,11:44:00,11:44:00,pass
RØ,1224,IG/86,11:46:00,11:46:00,pass
RØ,1224,NEL/86,11:47:00,11:49:00,stop
RØ,1224,GB/86,11:50:00,11:50:00,stop
RØ,1224,KH/86,11:55:00,00:00:00,stop
RØ,1240,NF/86,00:00:00,14:38:00,stop
RØ,1240,TN/86,14:41:00,14:41:00,stop
RØ,1240,EK/86,14:42:00,14:42:00,pass
RØ,1240,NV/86,14:44:00,14:44:00,pass
RØ,1240,OH/86,14:46:00,14:46:00,pass
RØ,1240,MN/86,14:50:00,14:50:00,pass
RØ,1240,VO/86,14:53:00,14:55:00,stop
RØ,1240,LU/86,15:00:00,15:00:00,stop
RØ,1240,MOG/86,15:04:00,15:04:00,pass
RØ,1240,NÆ/86,15:07:00,15:10:00,stop
RØ,1240,GZ/86,15:16:00,15:16:00,stop
RØ,1240,RG/86,15:22:00,15:23:00,stop
RØ,1240,ADA/86,15:27:00,15:27:00,stop
RØ,1240,BJS/86,15:31:00,15:31:00,pass
RØ,1240,LEL/86,15:33:00,15:33:00,pass
RØ,1240,KJN/86,15:35:00,15:35:00,pass
RØ,1240,JSF/86,15:35:20,15:35:20,pass
RØ,1240,KIB/86,15:40:00,15:40:00,pass
RØ,1240,AVH/86,15:44:00,15:44:00,pass
RØ,1240,IG/86,15:46:00,15:46:00,pass
RØ,1240,NEL/86,15:47:00,15:49:00,stop
RØ,1240,GB/86,15:50:00,15:50:00,stop
RØ,1240,KH/86,15:55:00,00:00:00,stop
RØ,2212,NÆ/86,00:00:00,07:58:00,stop
RØ,2212,GZ/86,08:06:00,08:07:00,stop
RØ,2212,RG/86,08:13:00,08:14:00,stop
RØ,2212,KY/86,08:18:00,08:18:00,stop
RØ,2212,BO/86,08:22:00,08:23:00,stop
RØ,2212,VY/86,08:28:00,08:29:00,stop
RØ,2212,RO/86,08:35:00,08:37:00,stop
RØ,2212,TRK/86,08:39:00,08:40:00,stop
RØ,2212,HH/86,08:43:00,08:44:00,stop
RØ,2212,HTÅ/86,08:48:00,08:49:00,stop
RØ,2212,GL/86,08:53:00,08:53:00,stop
RØ,2212,HIF/86,08:55:00,08:55:00,pass
RØ,2212,VAL/86,08:57:00,08:58:00,stop
RØ,2212,KH/86,09:04:00,09:07:00,stop
RØ,2212,KN/86,09:09:00,09:10:00,stop
RØ,2212,KK/86,09:13:00,09:14:00,stop
RØ,2212,HGL/86,09:16:00,09:16:00,stop
RØ,2212,HL/86,09:19:00,09:20:00,stop
RØ,2212,KL/86,09:24:00,09:25:00,stop
RØ,2212,SÅ/86,09:29:00,09:30:00,stop
RØ,2212,VB/86,09:33:00,09:34:00,stop
RØ,2212,RU/86,09:37:00,09:38:00,stop
RØ,2212,OK/86,09:41:00,09:42:00,stop
RØ,2212,NI/86,09:45:00,09:46:00,stop
RØ,2212,HUM/86,09:49:00,09:50:00,stop
RØ,2212,GÆ/86,09:53:00,09:54:00,stop
RØ,2212,SQ/86,09:57:00,09:58:00,stop
RØ,2212,HG/86,10:02:00,00:00:00,stop
RØ,2220,NÆ/86,00:00:00,09:58:00,stop
RØ,2220,GZ/86,10:06:00,10:07:00,stop
RØ,2220,RG/86,10:13:00,10:14:00,stop
RØ,2220,KY/86,10:18:00,10:18:00,stop
RØ,2220,BO/86,10:22:00,10:23:00,stop
RØ,2220,VY/86,10:28:00,10:29:00,stop
RØ,2220,RO/86,10:35:00,10:37:00,stop
RØ,2220,TRK/86,10:39:00,10:40:00,stop
RØ,2220,HH/86,10:43:00,10:44:00,stop
RØ,2220,HTÅ/86,10:48:00,10:49:00,stop
RØ,2220,GL/86,10:53:00,10:53:00,stop
RØ,2220,HIF/86,10:55:00,10:55:00,pass
RØ,2220,VAL/86,10:57:00,10:58:00,stop
RØ,2220,KH/86,11:04:00,11:07:00,stop
RØ,2220,KN/86,11:09:00,11:10:00,stop
RØ,2220,KK/86,11:13:00,11:14:00,stop
RØ,2220,HGL/86,11:16:00,11:16:00,stop
RØ,2220,HL/86,11:19:00,11:20:00,stop
RØ,2220,KL/86,11:24:00,11:25:00,stop
RØ,2220,SÅ/86,11:29:00,11:30:00,stop
RØ,2220,VB/86,11:33:00,11:34:00,stop
RØ,2220,RU/86,11:37:00,11:38:00,stop
RØ,2220,OK/86,11:41:00,11:42:00,stop
RØ,2220,NI/86,11:45:00,11:46:00,stop
RØ,2220,HUM/86,11:49:00,11:50:00,stop
RØ,2220,GÆ/86,11:53:00,11:54:00,stop
RØ,2220,SQ/86,11:57:00,11:58:00,stop
RØ,2220,HG/86,12:02:00,00:00:00,stop
RØ,2224,NÆ/86,00:00:00,10:58:00,stop
RØ,2224,GZ/86,11:06:00,11:07:00,stop
RØ,2224,RG/86,11:13:00,11:14:00,stop
RØ,2224,KY/86,11:18:00,11:18:00,stop
RØ,2224,BO/86,11:22:00,11:23:00,stop
RØ,2224,VY/86,11:28:00,11:29:00,stop
RØ,2224,RO/86,11:35:00,11:37:00,stop
RØ,2224,TRK/86,11:39:00,11:40:00,stop
RØ,2224,HH/86,11:43:00,11:44:00,stop
RØ,2224,HTÅ/86,11:48:00,11:49:00,stop
RØ,2224,GL/86,11:53:00,11:53:00,stop
RØ,2224,HIF/86,11:55:00,11:55:00,pass
RØ,2224,VAL/86,11:57:00,11:58:00,stop
RØ,2224,KH/86,12:04:00,12:07:00,stop
RØ,2224,KN/86,12:09:00,12:10:00,stop
RØ,2224,KK/86,12:13:00,12:14:00,stop
RØ,2224,HGL/86,12:16:00,12:16:00,stop
RØ,2224,HL/86,12:19:00,12:20:00,stop
RØ,2224,KL/86,12:24:00,12:25:00,stop
RØ,2224,SÅ/86,12:29:00,12:30:00,stop
RØ,2224,VB/86,12:33:00,12:34:00,stop
RØ,2224,RU/86,12:37:00,12:38:00,stop
RØ,2224,OK/86,12:41:00,12:42:00,stop
RØ,2224,NI/86,12:45:00,12:46:00,stop
RØ,2224,HUM/86,12:49:00,12:50:00,stop
RØ,2224,GÆ/86,12:53:00,12:54:00,stop
RØ,2224,SQ/86,12:57:00,12:58:00,stop
RØ,2224,HG/86,13:02:00,00:00:00,stop
RØ,2228,NÆ/86,00:00:00,11:58:00,stop
RØ,2228,GZ/86,12:06:00,12:07:00,stop
RØ,2228,RG/86,12:13:00,12:14:00,stop
RØ,2228,KY/86,12:18:00,12:18:00,stop
RØ,2228,BO/86,12:22:00,12:23:00,stop
RØ,2228,VY/86,12:28:00,12:29:00,stop
RØ,2228,RO/86,12:35:00,12:37:00,stop
RØ,2228,TRK/86,12:39:00,12:40:00,stop
RØ,2228,HH/86,12:43:00,12:44:00,stop
RØ,2228,HTÅ/86,12:48:00,12:49:00,stop
RØ,2228,GL/86,12:53:00,12:53:00,stop
RØ,2228,HIF/86,12:55:00,12:55:00,pass
RØ,2228,VAL/86,12:57:00,12:58:00,stop
RØ,2228,KH/86,13:04:00,13:07:00,stop
RØ,2228,KN/86,13:09:00,13:10:00,stop
RØ,2228,KK/86,13:13:00,13:14:00,stop
RØ,2228,HGL/86,13:16:00,13:16:00,stop
RØ,2228,HL/86,13:19:00,13:20:00,stop
RØ,2228,KL/86,13:24:00,13:25:00,stop
RØ,2228,SÅ/86,13:29:00,13:30:00,stop
RØ,2228,VB/86,13:33:00,13:34:00,stop
RØ,2228,RU/86,13:37:00,13:38:00,stop
RØ,2228,OK/86,13:41:00,13:42:00,stop
RØ,2228,NI/86,13:45:00,13:46:00,stop
RØ,2228,HUM/86,13:49:00,13:50:00,stop
RØ,2228,GÆ/86,13:53:00,13:54:00,stop
RØ,2228,SQ/86,13:57:00,13:58:00,stop
RØ,2228,HG/86,14:02:00,00:00:00,stop
RØ,2232,NÆ/86,00:00:00,12:58:00,stop
RØ,2232,GZ/86,13:06:00,13:07:00,stop
RØ,2232,RG/86,13:13:00,13:14:00,stop
RØ,2232,KY/86,13:18:00,13:18:00,stop
RØ,2232,BO/86,13:22:00,13:23:00,stop
RØ,2232,VY/86,13:28:00,13:29:00,stop
RØ,2232,RO/86,13:35:00,13:37:00,stop
RØ,2232,TRK/86,13:39:00,13:40:00,stop
RØ,2232,HH/86,13:43:00,13:44:00,stop
RØ,2232,HTÅ/86,13:48:00,13:49:00,stop
RØ,2232,GL/86,13:53:00,13:53:00,stop
RØ,2232,HIF/86,13:55:00,13:55:00,pass
RØ,2232,VAL/86,13:57:00,13:58:00,stop
RØ,2232,KH/86,14:04:00,14:07:00,stop
RØ,2232,KN/86,14:09:00,14:10:00,stop
RØ,2232,KK/86,14:13:00,14:14:00,stop
RØ,2232,HGL/86,14:16:00,14:16:00,stop
RØ,2232,HL/86,14:19:00,14:20:00,stop
RØ,2232,KL/86,14:24:00,14:25:00,stop
RØ,2232,SÅ/86,14:29:00,14:30:00,stop
RØ,2232,VB/86,14:33:00,14:34:00,stop
RØ,2232,RU/86,14:37:00,14:38:00,stop
RØ,2232,OK/86,14:41:00,14:42:00,stop
RØ,2232,NI/86,14:45:00,14:46:00,stop
RØ,2232,HUM/86,14:49:00,14:50:00,stop
RØ,2232,GÆ/86,14:53:00,14:54:00,stop
RØ,2232,SQ/86,14:57:00,14:58:00,stop
RØ,2232,HG/86,15:02:00,00:00:00,stop
RØ,2236,NÆ/86,00:00:00,13:58:00,stop
RØ,2236,GZ/86,14:06:00,14:07:00,stop
RØ,2236,RG/86,14:13:00,14:14:00,stop
RØ,2236,KY/86,14:18:00,14:18:00,stop
RØ,2236,BO/86,14:22:00,14:23:00,stop
RØ,2236,VY/86,14:28:00,14:29:00,stop
RØ,2236,RO/86,14:35:00,14:37:00,stop
RØ,2236,TRK/86,14:39:00,14:40:00,stop
RØ,2236,HH/86,14:43:00,14:44:00,stop
RØ,2236,HTÅ/86,14:48:00,14:49:00,stop
RØ,2236,GL/86,14:53:00,14:53:00,stop
RØ,2236,HIF/86,14:55:00,14:55:00,pass
RØ,2236,VAL/86,14:57:00,14:58:00,stop
RØ,2236,KH/86,15:04:00,15:07:00,stop
RØ,2236,KN/86,15:09:00,15:10:00,stop
RØ,2236,KK/86,15:13:00,15:14:00,stop
RØ,2236,HGL/86,15:16:00,15:16:00,stop
RØ,2236,HL/86,15:19:00,15:20:00,stop
RØ,2236,KL/86,15:24:00,15:25:00,stop
RØ,2236,SÅ/86,15:29:00,15:30:00,stop
RØ,2236,VB/86,15:33:00,15:34:00,stop
RØ,2236,RU/86,15:37:00,15:38:00,stop
RØ,2236,OK/86,15:41:00,15:42:00,stop
RØ,2236,NI/86,15:45:00,15:46:00,stop
RØ,2236,HUM/86,15:49:00,15:50:00,stop
RØ,2236,GÆ/86,15:53:00,15:54:00,stop
RØ,2236,SQ/86,15:57:00,15:58:00,stop
RØ,2236,HG/86,16:02:00,00:00:00,stop
RØ,2240,NÆ/86,00:00:00,14:58:00,stop
RØ,2240,GZ/86,15:06:00,15:07:00,stop
RØ,2240,RG/86,15:13:00,15:14:00,stop
RØ,2240,KY/86,15:18:00,15:18:00,stop
RØ,2240,BO/86,15:22:00,15:23:00,stop
RØ,2240,VY/86,15:28:00,15:29:00,stop
RØ,2240,RO/86,15:35:00,15:37:00,stop
RØ,2240,TRK/86,15:39:00,15:40:00,stop
RØ,2240,HH/86,15:43:00,15:44:00,stop
RØ,2240,HTÅ/86,15:48:00,15:49:00,stop
RØ,2240,GL/86,15:53:00,15:53:00,stop
RØ,2240,HIF/86,15:55:00,15:55:00,pass
RØ,2240,VAL/86,15:57:00,15:58:00,stop
RØ,2240,KH/86,16:04:00,16:07:00,stop
RØ,2240,KN/86,16:09:00,16:10:00,stop
RØ,2240,KK/86,16:13:00,16:14:00,stop
RØ,2240,HGL/86,16:16:00,16:16:00,stop
RØ,2240,HL/86,16:19:00,16:20:00,stop
RØ,2240,KL/86,16:24:00,16:25:00,stop
RØ,2240,SÅ/86,16:29:00,16:30:00,stop
RØ,2240,VB/86,16:33:00,16:34:00,stop
RØ,2240,RU/86,16:37:00,16:38:00,stop
RØ,2240,OK/86,16:41:00,16:42:00,stop
RØ,2240,NI/86,16:45:00,16:46:00,stop
RØ,2240,HUM/86,16:49:00,16:50:00,stop
RØ,2240,GÆ/86,16:53:00,16:54:00,stop
RØ,2240,SQ/86,16:57:00,16:58:00,stop
RØ,2240,HG/86,17:02:00,00:00:00,stop
RØ,2400,NÆ/86,00:00:00,04:36:00,stop
RØ,2400,NÆN/86,04:39:00,04:40:00,stop
RØ,2400,OL/86,04:44:00,04:45:00,stop
RØ,2400,HZ/86,04:51:00,04:52:00,stop
RØ,2400,TH/86,04:57:00,05:00:00,stop
RØ,2400,HF/86,05:04:00,05:05:00,stop
RØ,2400,KJ/86,05:09:00,05:15:00,stop
RØ,2400,ØLB/86,05:17:00,05:18:00,stop
RØ,2400,KJN/86,05:21:00,05:22:00,stop
RØ,2400,JSF/86,05:23:00,05:23:00,stop
RØ,2400,KIB/86,05:28:00,05:28:00,pass
RØ,2400,AVH/86,05:33:00,05:33:00,pass
RØ,2400,IG/86,05:36:00,05:36:00,pass
RØ,2400,NEL/86,05:36:20,05:37:20,stop
RØ,2400,GB/86,05:39:00,05:39:00,stop
RØ,2400,KH/86,05:43:00,00:00:00,stop
RØ,2404,NÆ/86,00:00:00,05:36:00,stop
RØ,2404,NÆN/86,05:39:00,05:40:00,stop
RØ,2404,OL/86,05:44:00,05:45:00,stop
RØ,2404,HZ/86,05:51:00,05:52:00,stop
RØ,2404,TH/86,05:57:00,06:00:00,stop
RØ,2404,HF/86,06:04:00,06:05:00,stop
RØ,2404,KJ/86,06:09:00,06:15:00,stop
RØ,2404,ØLB/86,06:17:00,06:18:00,stop
RØ,2404,KJN/86,06:21:00,06:22:00,stop
RØ,2404,JSF/86,06:23:00,06:23:00,stop
RØ,2404,KIB/86,06:28:00,06:28:00,pass
RØ,2404,AVH/86,06:33:00,06:33:00,pass
RØ,2404,IG/86,06:36:00,06:36:00,pass
RØ,2404,NEL/86,06:36:20,06:37:20,stop
RØ,2404,GB/86,06:39:00,06:39:00,stop
RØ,2404,KH/86,06:43:00,00:00:00,stop
RØ,3467,HG/86,00:00:00,16:24:00,stop
RØ,3467,SQ/86,16:26:00,16:26:00,stop
RØ,3467,GÆ/86,16:29:00,16:30:00,stop
RØ,3467,HUM/86,16:33:00,16:34:00,stop
RØ,3467,NI/86,16:37:00,16:38:00,stop
RØ,3467,OK/86,16:41:00,16:42:00,stop
RØ,3467,RU/86,16:45:00,16:45:00,stop
RØ,3467,VB/86,16:47:00,16:47:00,pass
RØ,3467,SÅ/86,16:50:00,16:50:00,pass
RØ,3467,KL/86,16:53:00,16:53:00,pass
RØ,3467,HL/86,16:59:00,17:00:00,stop
RØ,3467,HGL/86,17:02:00,17:02:00,stop
RØ,3467,KK/86,17:05:00,17:08:00,stop
RØ,3467,KN/86,17:10:00,17:11:00,stop
RØ,3467,KH/86,17:14:00,00:00:00,stop
RØ,3510,KB/86,00:00:00,06:59:00,stop
RØ,3510,KBØ/86,07:01:00,07:02:00,stop
RØ,3510,VÆ/86,07:06:00,07:06:00,stop
RØ,3510,SE/86,07:10:00,07:13:00,stop
RØ,3510,JY/86,07:18:00,07:19:00,stop
RØ,3510,MØ/86,07:24:00,07:27:00,stop
RØ,3510,KS/86,07:29:00,07:29:00,stop
RØ,3510,RT/86,07:31:00,07:31:00,pass
RØ,3510,HK/86,07:37:00,07:39:00,stop
RØ,3510,PE/86,07:42:00,07:42:00,stop
RØ,3510,TØ/86,07:45:00,07:45:00,pass
RØ,3510,HV/86,07:48:00,07:50:00,stop
RØ,3510,LJ/86,07:54:00,07:54:00,stop
RØ,3510,RO/86,07:59:00,08:01:00,stop
RØ,3510,TRK/86,08:03:00,08:03:00,stop
RØ,3510,HH/86,08:05:00,08:05:00,pass
RØ,3510,HTÅ/86,08:08:00,08:09:00,stop
RØ,3510,GL/86,08:14:00,08:14:00,stop
RØ,3510,HIF/86,08:16:00,08:16:00,pass
RØ,3510,VAL/86,08:17:00,08:17:00,pass
RØ,3510,KH/86,08:22:00,08:25:00,stop
RØ,3510,KN/86,08:27:00,08:28:00,stop
RØ,3510,KK/86,08:31:00,00:00:00,stop
RØ,2085,HG/86,00:00:00,20:58:00,stop
RØ,2085,SQ/86,21:01:00,21:02:00,stop
RØ,2085,GÆ/86,21:04:00,21:05:00,stop
RØ,2085,HUM/86,21:08:00,21:09:00,stop
RØ,2085,NI/86,21:12:00,21:13:00,stop
RØ,2085,OK/86,21:17:00,21:18:00,stop
RØ,2085,RU/86,21:20:00,21:21:00,stop
RØ,2085,VB/86,21:24:00,21:25:00,stop
RØ,2085,SÅ/86,21:28:00,21:29:00,stop
RØ,2085,KL/86,21:33:00,21:34:00,stop
RØ,2085,HL/86,21:39:00,21:40:00,stop
RØ,2085,HGL/86,21:42:00,21:42:00,stop
RØ,2085,KK/86,21:45:00,21:47:00,stop
RØ,2085,KN/86,21:49:00,21:50:00,stop
RØ,2085,KH/86,21:53:00,00:00:00,stop
RØ,2089,HG/86,00:00:00,21:58:00,stop
RØ,2089,SQ/86,22:01:00,22:02:00,stop
RØ,2089,GÆ/86,22:04:00,22:05:00,stop
RØ,2089,HUM/86,22:08:00,22:09:00,stop
RØ,2089,NI/86,22:12:00,22:13:00,stop
RØ,2089,OK/86,22:17:00,22:18:00,stop
RØ,2089,RU/86,22:20:00,22:21:00,stop
RØ,2089,VB/86,22:24:00,22:25:00,stop
RØ,2089,SÅ/86,22:28:00,22:29:00,stop
RØ,2089,KL/86,22:33:00,22:34:00,stop
RØ,2089,HL/86,22:39:00,22:40:00,stop
RØ,2089,HGL/86,22:42:00,22:42:00,stop
RØ,2089,KK/86,22:45:00,22:47:00,stop
RØ,2089,KN/86,22:49:00,22:50:00,stop
RØ,2089,KH/86,22:53:00,00:00:00,stop
RØ,2093,HG/86,00:00:00,22:58:00,stop
RØ,2093,SQ/86,23:01:00,23:02:00,stop
RØ,2093,GÆ/86,23:04:00,23:05:00,stop
RØ,2093,HUM/86,23:08:00,23:09:00,stop
RØ,2093,NI/86,23:12:00,23:13:00,stop
RØ,2093,OK/86,23:17:00,23:18:00,stop
RØ,2093,RU/86,23:20:00,23:21:00,stop
RØ,2093,VB/86,23:24:00,23:25:00,stop
RØ,2093,SÅ/86,23:28:00,23:29:00,stop
RØ,2093,KL/86,23:33:00,23:34:00,stop
RØ,2093,HL/86,23:39:00,23:40:00,stop
RØ,2093,HGL/86,23:42:00,23:42:00,stop
RØ,2093,KK/86,23:45:00,23:47:00,stop
RØ,2093,KN/86,23:49:00,23:50:00,stop
RØ,2093,KH/86,23:53:00,00:00:00,stop
RØ,3506,KB/86,00:00:00,05:59:00,stop
RØ,3506,KBØ/86,06:01:00,06:02:00,stop
RØ,3506,VÆ/86,06:06:00,06:06:00,stop
RØ,3506,SE/86,06:10:00,06:13:00,stop
RØ,3506,JY/86,06:19:00,06:20:00,stop
RØ,3506,MØ/86,06:25:00,06:27:00,stop
RØ,3506,KS/86,06:29:00,06:29:00,stop
RØ,3506,RT/86,06:31:00,06:31:00,pass
RØ,3506,HK/86,06:37:00,06:39:00,stop
RØ,3506,PE/86,06:42:00,06:42:00,stop
RØ,3506,TØ/86,06:45:00,06:45:00,pass
RØ,3506,HV/86,06:48:00,06:50:00,stop
RØ,3506,LJ/86,06:54:00,06:54:00,stop
RØ,3506,RO/86,06:59:00,07:01:00,stop
RØ,3506,TRK/86,07:03:00,07:03:00,stop
RØ,3506,HH/86,07:05:00,07:05:00,pass
RØ,3506,HTÅ/86,07:08:00,07:09:00,stop
RØ,3506,GL/86,07:14:00,07:14:00,stop
RØ,3506,HIF/86,07:16:00,07:16:00,pass
RØ,3506,VAL/86,07:17:00,07:17:00,pass
RØ,3506,KH/86,07:22:00,07:25:00,stop
RØ,3506,KN/86,07:27:00,07:28:00,stop
RØ,3506,KK/86,07:31:00,00:00:00,stop
RØ,4243,HG/86,00:00:00,10:28:00,stop
RØ,4243,SQ/86,10:31:00,10:32:00,stop
RØ,4243,GÆ/86,10:34:00,10:35:00,stop
RØ,4243,HUM/86,10:38:00,10:39:00,stop
RØ,4243,NI/86,10:42:00,10:43:00,stop
RØ,4243,OK/86,10:47:00,10:48:00,stop
RØ,4243,RU/86,10:50:00,10:51:00,stop
RØ,4243,VB/86,10:54:00,10:55:00,stop
RØ,4243,SÅ/86,10:58:00,10:59:00,stop
RØ,4243,KL/86,11:03:00,11:04:00,stop
RØ,4243,HL/86,11:09:00,11:10:00,stop
RØ,4243,HGL/86,11:12:00,11:12:00,stop
RØ,4243,KK/86,11:15:00,11:17:00,stop
RØ,4243,KN/86,11:19:00,11:20:00,stop
RØ,4243,KH/86,11:23:00,11:26:00,stop
RØ,4243,VAL/86,11:30:00,11:31:00,stop
RØ,4243,HIF/86,11:33:00,11:33:00,stop
RØ,4243,GL/86,11:35:00,11:35:00,pass
RØ,4243,HTÅ/86,11:40:00,11:41:00,stop
RØ,4243,HH/86,11:45:00,11:46:00,stop
RØ,4243,TRK/86,11:49:00,11:50:00,stop
RØ,4243,RO/86,11:53:00,11:54:00,stop
RØ,4243,VY/86,12:00:00,12:01:00,stop
RØ,4243,BO/86,12:06:00,12:07:00,stop
RØ,4243,KY/86,12:10:00,12:10:00,stop
RØ,4243,RG/86,12:15:00,12:16:00,stop
RØ,4243,GZ/86,12:22:00,12:23:00,stop
RØ,4243,NÆ/86,12:32:00,00:00:00,stop
RØ,1241,KH/86,00:00:00,11:08:00,stop
RØ,1241,GB/86,11:11:00,11:11:00,stop
RØ,1241,NEL/86,11:12:00,11:13:00,stop
RØ,1241,IG/86,11:14:00,11:14:00,stop
RØ,1241,AVH/86,11:16:00,11:16:00,pass
RØ,1241,KIB/86,11:21:00,11:21:00,pass
RØ,1241,JSF/86,11:25:00,11:25:00,pass
RØ,1241,KJN/86,11:26:00,11:26:00,pass
RØ,1241,LEL/86,11:27:00,11:27:00,pass
RØ,1241,BJS/86,11:30:00,11:30:00,pass
RØ,1241,ADA/86,11:34:00,11:34:00,pass
RØ,1241,RG/86,11:37:00,11:39:00,stop
RØ,1241,GZ/86,11:44:00,11:44:00,stop
RØ,1241,NÆ/86,11:51:00,11:53:00,stop
RØ,1241,MOG/86,11:56:00,11:56:00,stop
RØ,1241,LU/86,12:00:00,12:00:00,pass
RØ,1241,VO/86,12:05:00,12:07:00,stop
RØ,1241,MN/86,12:10:00,12:10:00,stop
RØ,1241,OH/86,12:14:00,12:14:00,pass
RØ,1241,NV/86,12:17:00,12:17:00,pass
RØ,1241,EK/86,12:18:00,12:18:00,pass
RØ,1241,TN/86,12:20:00,12:20:00,pass
RØ,1241,NF/86,12:23:00,00:00:00,stop
RØ,3400,KH/86,00:00:00,05:46:00,stop
RØ,3400,KN/86,05:48:00,05:49:00,stop
RØ,3400,KK/86,05:52:00,05:53:00,stop
RØ,3400,HGL/86,05:56:00,05:56:00,stop
RØ,3400,HL/86,05:59:00,06:00:00,stop
RØ,3400,KL/86,06:05:00,06:05:00,stop
RØ,3400,SÅ/86,06:09:00,06:09:00,pass
RØ,3400,VB/86,06:11:00,06:11:00,pass
RØ,3400,RU/86,06:14:00,06:14:00,pass
RØ,3400,OK/86,06:17:00,06:18:00,stop
RØ,3400,NI/86,06:21:00,06:22:00,stop
RØ,3400,HUM/86,06:25:00,06:26:00,stop
RØ,3400,GÆ/86,06:29:00,06:30:00,stop
RØ,3400,SQ/86,06:32:00,06:32:00,stop
RØ,3400,HG/86,06:36:00,00:00:00,stop
RØ,1256,NF/86,00:00:00,18:38:00,stop
RØ,1256,TN/86,18:41:00,18:41:00,stop
RØ,1256,EK/86,18:42:00,18:42:00,pass
RØ,1256,NV/86,18:44:00,18:44:00,pass
RØ,1256,OH/86,18:46:00,18:46:00,pass
RØ,1256,MN/86,18:50:00,18:50:00,pass
RØ,1256,VO/86,18:53:00,18:55:00,stop
RØ,1256,LU/86,19:00:00,19:00:00,stop
RØ,1256,MOG/86,19:04:00,19:04:00,pass
RØ,1256,NÆ/86,19:07:00,19:10:00,stop
RØ,1256,GZ/86,19:16:00,19:16:00,stop
RØ,1256,RG/86,19:22:00,19:23:00,stop
RØ,1256,ADA/86,19:27:00,19:27:00,stop
RØ,1256,BJS/86,19:31:00,19:31:00,pass
RØ,1256,LEL/86,19:33:00,19:33:00,pass
RØ,1256,KJN/86,19:35:00,19:35:00,pass
RØ,1256,JSF/86,19:35:20,19:35:20,pass
RØ,1256,KIB/86,19:40:00,19:40:00,pass
RØ,1256,AVH/86,19:44:00,19:44:00,pass
RØ,1256,IG/86,19:46:00,19:46:00,pass
RØ,1256,NEL/86,19:47:00,19:49:00,stop
RØ,1256,GB/86,19:50:00,19:50:00,stop
RØ,1256,KH/86,19:55:00,00:00:00,stop
RØ,2287,HG/86,00:00:00,21:13:00,stop
RØ,2287,SQ/86,21:16:00,21:17:00,stop
RØ,2287,GÆ/86,21:19:00,21:20:00,stop
RØ,2287,HUM/86,21:23:00,21:24:00,stop
RØ,2287,NI/86,21:27:00,21:28:00,stop
RØ,2287,OK/86,21:32:00,21:33:00,stop
RØ,2287,RU/86,21:35:00,21:36:00,stop
RØ,2287,VB/86,21:39:00,21:40:00,stop
RØ,2287,SÅ/86,21:43:00,21:44:00,stop
RØ,2287,KL/86,21:48:00,21:49:00,stop
RØ,2287,HL/86,21:54:00,21:55:00,stop
RØ,2287,HGL/86,21:57:00,21:57:00,stop
RØ,2287,KK/86,22:00:00,22:02:00,stop
RØ,2287,KN/86,22:04:00,22:05:00,stop
RØ,2287,KH/86,22:08:00,22:11:00,stop
RØ,2287,VAL/86,22:14:00,22:15:00,stop
RØ,2287,HIF/86,22:18:00,22:18:00,stop
RØ,2287,GL/86,22:19:00,22:19:00,pass
RØ,2287,HTÅ/86,22:24:00,22:25:00,stop
RØ,2287,HH/86,22:29:00,22:30:00,stop
RØ,2287,TRK/86,22:33:00,22:34:00,stop
RØ,2287,RO/86,22:36:00,22:38:00,stop
RØ,2287,VY/86,22:44:00,22:45:00,stop
RØ,2287,BO/86,22:50:00,22:51:00,stop
RØ,2287,KY/86,22:55:00,22:55:00,stop
RØ,2287,RG/86,23:00:00,23:01:00,stop
RØ,2287,GZ/86,23:07:00,23:08:00,stop
RØ,2287,NÆ/86,23:16:00,00:00:00,stop
RØ,2583,HG/86,00:00:00,20:13:00,stop
RØ,2583,SQ/86,20:16:00,20:17:00,stop
RØ,2583,GÆ/86,20:19:00,20:20:00,stop
RØ,2583,HUM/86,20:23:00,20:24:00,stop
RØ,2583,NI/86,20:27:00,20:28:00,stop
RØ,2583,OK/86,20:32:00,20:33:00,stop
RØ,2583,RU/86,20:35:00,20:36:00,stop
RØ,2583,VB/86,20:39:00,20:40:00,stop
RØ,2583,SÅ/86,20:43:00,20:44:00,stop
RØ,2583,KL/86,20:48:00,20:49:00,stop
RØ,2583,HL/86,20:54:00,20:55:00,stop
RØ,2583,HGL/86,20:57:00,20:57:00,stop
RØ,2583,KK/86,21:00:00,21:02:00,stop
RØ,2583,KN/86,21:04:00,21:05:00,stop
RØ,2583,KH/86,21:08:00,21:12:00,stop
RØ,2583,VAL/86,21:15:00,21:16:00,stop
RØ,2583,HIF/86,21:19:00,21:19:00,stop
RØ,2583,GL/86,21:20:00,21:20:00,pass
RØ,2583,HTÅ/86,21:25:00,21:26:00,stop
RØ,2583,HH/86,21:30:00,21:31:00,stop
RØ,2583,TRK/86,21:34:00,21:35:00,stop
RØ,2583,RO/86,21:38:00,00:00:00,stop
RØ,2595,HG/86,00:00:00,23:28:00,stop
RØ,2595,SQ/86,23:31:00,23:32:00,stop
RØ,2595,GÆ/86,23:34:00,23:35:00,stop
RØ,2595,HUM/86,23:38:00,23:39:00,stop
RØ,2595,NI/86,23:42:00,23:43:00,stop
RØ,2595,OK/86,23:47:00,23:48:00,stop
RØ,2595,RU/86,23:50:00,23:51:00,stop
RØ,2595,VB/86,23:54:00,23:55:00,stop
RØ,2595,SÅ/86,23:58:00,23:59:00,stop
RØ,2595,KL/86,00:03:00,00:04:00,stop
RØ,2595,HL/86,00:09:00,00:10:00,stop
RØ,2595,HGL/86,00:12:00,00:12:00,stop
RØ,2595,KK/86,00:15:00,00:17:00,stop
RØ,2595,KN/86,00:19:00,00:20:00,stop
RØ,2595,KH/86,00:23:00,00:30:00,stop
RØ,2595,VAL/86,00:34:00,00:35:00,stop
RØ,2595,HIF/86,00:37:00,00:37:00,stop
RØ,2595,GL/86,00:38:00,00:38:00,pass
RØ,2595,HTÅ/86,00:43:00,00:45:00,stop
RØ,2595,HH/86,00:48:00,00:49:00,stop
RØ,2595,TRK/86,00:52:00,00:53:00,stop
RØ,2595,RO/86,00:56:00,00:57:00,stop
RØ,2595,LJ/86,01:03:00,01:04:00,stop
RØ,2595,HV/86,01:09:00,01:10:00,stop
RØ,2595,TØ/86,01:14:00,01:15:00,stop
RØ,2595,PE/86,01:19:00,01:20:00,stop
RØ,2595,HK/86,01:25:00,00:00:00,stop
RØ,3436,KH/86,00:00:00,14:46:00,stop
RØ,3436,KN/86,14:48:00,14:49:00,stop
RØ,3436,KK/86,14:52:00,14:53:00,stop
RØ,3436,HGL/86,14:56:00,14:56:00,stop
RØ,3436,HL/86,14:59:00,15:00:00,stop
RØ,3436,KL/86,15:05:00,15:05:00,stop
RØ,3436,SÅ/86,15:09:00,15:09:00,pass
RØ,3436,VB/86,15:11:00,15:11:00,pass
RØ,3436,RU/86,15:14:00,15:14:00,pass
RØ,3436,OK/86,15:17:00,15:18:00,stop
RØ,3436,NI/86,15:21:00,15:22:00,stop
RØ,3436,HUM/86,15:25:00,15:26:00,stop
RØ,3436,GÆ/86,15:29:00,15:30:00,stop
RØ,3436,SQ/86,15:33:00,15:33:00,stop
RØ,3436,HG/86,15:36:00,00:00:00,stop
RØ,3440,KH/86,00:00:00,15:46:00,stop
RØ,3440,KN/86,15:48:00,15:49:00,stop
RØ,3440,KK/86,15:52:00,15:53:00,stop
RØ,3440,HGL/86,15:56:00,15:56:00,stop
RØ,3440,HL/86,15:59:00,16:00:00,stop
RØ,3440,KL/86,16:05:00,16:05:00,stop
RØ,3440,SÅ/86,16:09:00,16:09:00,pass
RØ,3440,VB/86,16:11:00,16:11:00,pass
RØ,3440,RU/86,16:14:00,16:14:00,pass
RØ,3440,OK/86,16:17:00,16:18:00,stop
RØ,3440,NI/86,16:21:00,16:22:00,stop
RØ,3440,HUM/86,16:25:00,16:26:00,stop
RØ,3440,GÆ/86,16:29:00,16:30:00,stop
RØ,3440,SQ/86,16:33:00,16:33:00,stop
RØ,3440,HG/86,16:36:00,00:00:00,stop
RØ,3444,KH/86,00:00:00,16:46:00,stop
RØ,3444,KN/86,16:48:00,16:49:00,stop
RØ,3444,KK/86,16:52:00,16:53:00,stop
RØ,3444,HGL/86,16:56:00,16:56:00,stop
RØ,3444,HL/86,16:59:00,17:00:00,stop
RØ,3444,KL/86,17:05:00,17:05:00,stop
RØ,3444,SÅ/86,17:09:00,17:09:00,pass
RØ,3444,VB/86,17:11:00,17:11:00,pass
RØ,3444,RU/86,17:14:00,17:14:00,pass
RØ,3444,OK/86,17:17:00,17:18:00,stop
RØ,3444,NI/86,17:21:00,17:22:00,stop
RØ,3444,HUM/86,17:25:00,17:26:00,stop
RØ,3444,GÆ/86,17:29:00,17:30:00,stop
RØ,3444,SQ/86,17:33:00,17:33:00,stop
RØ,3444,HG/86,17:36:00,00:00:00,stop
RØ,3448,KH/86,00:00:00,17:46:00,stop
RØ,3448,KN/86,17:48:00,17:49:00,stop
RØ,3448,KK/86,17:52:00,17:53:00,stop
RØ,3448,HGL/86,17:56:00,17:56:00,stop
RØ,3448,HL/86,17:59:00,18:00:00,stop
RØ,3448,KL/86,18:05:00,18:05:00,stop
RØ,3448,SÅ/86,18:09:00,18:09:00,pass
RØ,3448,VB/86,18:11:00,18:11:00,pass
RØ,3448,RU/86,18:14:00,18:14:00,pass
RØ,3448,OK/86,18:17:00,18:18:00,stop
RØ,3448,NI/86,18:21:00,18:22:00,stop
RØ,3448,HUM/86,18:25:00,18:26:00,stop
RØ,3448,GÆ/86,18:29:00,18:30:00,stop
RØ,3448,SQ/86,18:33:00,18:33:00,stop
RØ,3448,HG/86,18:36:00,00:00:00,stop
RØ,4425,KK/86,00:00:00,06:38:00,stop
RØ,4425,KN/86,06:40:00,06:41:00,stop
RØ,4425,KH/86,06:44:00,06:47:00,stop
RØ,4425,GB/86,06:50:00,06:50:00,stop
RØ,4425,NEL/86,06:51:00,06:52:00,stop
RØ,4425,IG/86,06:53:00,06:53:00,stop
RØ,4425,AVH/86,06:55:00,06:55:00,pass
RØ,4425,KIB/86,07:00:00,07:00:00,pass
RØ,4425,JSF/86,07:05:00,07:05:00,pass
RØ,4425,KJN/86,07:06:00,07:07:00,stop
RØ,4425,ØLB/86,07:10:00,07:11:00,stop
RØ,4425,KJ/86,07:13:00,07:19:00,stop
RØ,4425,HF/86,07:23:00,07:24:00,stop
RØ,4425,TH/86,07:29:00,07:30:00,stop
RØ,4425,HZ/86,07:35:00,07:36:00,stop
RØ,4425,OL/86,07:42:00,07:44:00,stop
RØ,4425,NÆN/86,07:47:00,07:48:00,stop
RØ,4425,NÆ/86,07:52:00,00:00:00,stop
RØ,4429,KH/86,00:00:00,07:47:00,stop
RØ,4429,GB/86,07:50:00,07:50:00,stop
RØ,4429,NEL/86,07:51:00,07:52:00,stop
RØ,4429,IG/86,07:53:00,07:53:00,stop
RØ,4429,AVH/86,07:55:00,07:55:00,pass
RØ,4429,KIB/86,08:00:00,08:00:00,pass
RØ,4429,JSF/86,08:05:00,08:05:00,pass
RØ,4429,KJN/86,08:06:00,08:07:00,stop
RØ,4429,ØLB/86,08:10:00,08:11:00,stop
RØ,4429,KJ/86,08:13:00,08:19:00,stop
RØ,4429,HF/86,08:23:00,08:24:00,stop
RØ,4429,TH/86,08:29:00,08:30:00,stop
RØ,4429,HZ/86,08:35:00,08:36:00,stop
RØ,4429,OL/86,08:42:00,08:44:00,stop
RØ,4429,NÆN/86,08:47:00,08:48:00,stop
RØ,4429,NÆ/86,08:52:00,00:00:00,stop
RØ,4433,KH/86,00:00:00,08:47:00,stop
RØ,4433,GB/86,08:50:00,08:50:00,stop
RØ,4433,NEL/86,08:51:00,08:52:00,stop
RØ,4433,IG/86,08:53:00,08:53:00,stop
RØ,4433,AVH/86,08:55:00,08:55:00,pass
RØ,4433,KIB/86,09:00:00,09:00:00,pass
RØ,4433,JSF/86,09:05:00,09:05:00,pass
RØ,4433,KJN/86,09:06:00,09:07:00,stop
RØ,4433,ØLB/86,09:10:00,09:11:00,stop
RØ,4433,KJ/86,09:13:00,09:19:00,stop
RØ,4433,HF/86,09:23:00,09:24:00,stop
RØ,4433,TH/86,09:29:00,09:30:00,stop
RØ,4433,HZ/86,09:35:00,09:36:00,stop
RØ,4433,OL/86,09:42:00,09:44:00,stop
RØ,4433,NÆN/86,09:47:00,09:48:00,stop
RØ,4433,NÆ/86,09:52:00,00:00:00,stop
RØ,4437,KH/86,00:00:00,09:47:00,stop
RØ,4437,GB/86,09:50:00,09:50:00,stop
RØ,4437,NEL/86,09:51:00,09:52:00,stop
RØ,4437,IG/86,09:53:00,09:53:00,stop
RØ,4437,AVH/86,09:55:00,09:55:00,pass
RØ,4437,KIB/86,10:00:00,10:00:00,pass
RØ,4437,JSF/86,10:05:00,10:05:00,pass
RØ,4437,KJN/86,10:06:00,10:07:00,stop
RØ,4437,ØLB/86,10:10:00,10:11:00,stop
RØ,4437,KJ/86,10:13:00,10:19:00,stop
RØ,4437,HF/86,10:23:00,10:24:00,stop
RØ,4437,TH/86,10:29:00,10:30:00,stop
RØ,4437,HZ/86,10:35:00,10:36:00,stop
RØ,4437,OL/86,10:42:00,10:44:00,stop
RØ,4437,NÆN/86,10:47:00,10:48:00,stop
RØ,4437,NÆ/86,10:52:00,00:00:00,stop
RØ,4441,KK/86,00:00:00,10:38:00,stop
RØ,4441,KN/86,10:40:00,10:41:00,stop
RØ,4441,KH/86,10:44:00,10:47:00,stop
RØ,4441,GB/86,10:50:00,10:50:00,stop
RØ,4441,NEL/86,10:51:00,10:52:00,stop
RØ,4441,IG/86,10:53:00,10:53:00,stop
RØ,4441,AVH/86,10:55:00,10:55:00,pass
RØ,4441,KIB/86,11:00:00,11:00:00,pass
RØ,4441,JSF/86,11:05:00,11:05:00,pass
RØ,4441,KJN/86,11:06:00,11:07:00,stop
RØ,4441,ØLB/86,11:10:00,11:11:00,stop
RØ,4441,KJ/86,11:13:00,11:19:00,stop
RØ,4441,HF/86,11:23:00,11:24:00,stop
RØ,4441,TH/86,11:29:00,11:30:00,stop
RØ,4441,HZ/86,11:35:00,11:36:00,stop
RØ,4441,OL/86,11:42:00,11:44:00,stop
RØ,4441,NÆN/86,11:47:00,11:48:00,stop
RØ,4441,NÆ/86,11:52:00,00:00:00,stop
RØ,4445,KK/86,00:00:00,11:38:00,stop
RØ,4445,KN/86,11:40:00,11:41:00,stop
RØ,4445,KH/86,11:44:00,11:47:00,stop
RØ,4445,GB/86,11:50:00,11:50:00,stop
RØ,4445,NEL/86,11:51:00,11:52:00,stop
RØ,4445,IG/86,11:53:00,11:53:00,stop
RØ,4445,AVH/86,11:55:00,11:55:00,pass
RØ,4445,KIB/86,12:00:00,12:00:00,pass
RØ,4445,JSF/86,12:05:00,12:05:00,pass
RØ,4445,KJN/86,12:06:00,12:07:00,stop
RØ,4445,ØLB/86,12:10:00,12:11:00,stop
RØ,4445,KJ/86,12:13:00,12:19:00,stop
RØ,4445,HF/86,12:23:00,12:24:00,stop
RØ,4445,TH/86,12:29:00,12:30:00,stop
RØ,4445,HZ/86,12:35:00,12:36:00,stop
RØ,4445,OL/86,12:42:00,12:44:00,stop
RØ,4445,NÆN/86,12:47:00,12:48:00,stop
RØ,4445,NÆ/86,12:52:00,00:00:00,stop
RØ,4449,KK/86,00:00:00,12:38:00,stop
RØ,4449,KN/86,12:40:00,12:41:00,stop
RØ,4449,KH/86,12:44:00,12:47:00,stop
RØ,4449,GB/86,12:50:00,12:50:00,stop
RØ,4449,NEL/86,12:51:00,12:52:00,stop
RØ,4449,IG/86,12:53:00,12:53:00,stop
RØ,4449,AVH/86,12:55:00,12:55:00,pass
RØ,4449,KIB/86,13:00:00,13:00:00,pass
RØ,4449,JSF/86,13:05:00,13:05:00,pass
RØ,4449,KJN/86,13:06:00,13:07:00,stop
RØ,4449,ØLB/86,13:10:00,13:11:00,stop
RØ,4449,KJ/86,13:13:00,13:19:00,stop
RØ,4449,HF/86,13:23:00,13:24:00,stop
RØ,4449,TH/86,13:29:00,13:30:00,stop
RØ,4449,HZ/86,13:35:00,13:36:00,stop
RØ,4449,OL/86,13:42:00,13:44:00,stop
RØ,4449,NÆN/86,13:47:00,13:48:00,stop
RØ,4449,NÆ/86,13:52:00,00:00:00,stop
RØ,4453,KK/86,00:00:00,13:38:00,stop
RØ,4453,KN/86,13:40:00,13:41:00,stop
RØ,4453,KH/86,13:44:00,13:47:00,stop
RØ,4453,GB/86,13:50:00,13:50:00,stop
RØ,4453,NEL/86,13:51:00,13:52:00,stop
RØ,4453,IG/86,13:53:00,13:53:00,stop
RØ,4453,AVH/86,13:55:00,13:55:00,pass
RØ,4453,KIB/86,14:00:00,14:00:00,pass
RØ,4453,JSF/86,14:05:00,14:05:00,pass
RØ,4453,KJN/86,14:06:00,14:07:00,stop
RØ,4453,ØLB/86,14:10:00,14:11:00,stop
RØ,4453,KJ/86,14:13:00,14:19:00,stop
RØ,4453,HF/86,14:23:00,14:24:00,stop
RØ,4453,TH/86,14:29:00,14:30:00,stop
RØ,4453,HZ/86,14:35:00,14:36:00,stop
RØ,4453,OL/86,14:42:00,14:44:00,stop
RØ,4453,NÆN/86,14:47:00,14:48:00,stop
RØ,4453,NÆ/86,14:52:00,00:00:00,stop
RØ,4461,KH/86,00:00:00,15:47:00,stop
RØ,4461,GB/86,15:50:00,15:50:00,stop
RØ,4461,NEL/86,15:51:00,15:52:00,stop
RØ,4461,IG/86,15:53:00,15:53:00,stop
RØ,4461,AVH/86,15:55:00,15:55:00,pass
RØ,4461,KIB/86,16:00:00,16:00:00,pass
RØ,4461,JSF/86,16:05:00,16:05:00,pass
RØ,4461,KJN/86,16:06:00,16:07:00,stop
RØ,4461,ØLB/86,16:10:00,16:11:00,stop
RØ,4461,KJ/86,16:13:00,16:19:00,stop
RØ,4461,HF/86,16:23:00,16:24:00,stop
RØ,4461,TH/86,16:29:00,16:30:00,stop
RØ,4461,HZ/86,16:35:00,16:36:00,stop
RØ,4461,OL/86,16:42:00,16:44:00,stop
RØ,4461,NÆN/86,16:47:00,16:48:00,stop
RØ,4461,NÆ/86,16:52:00,00:00:00,stop
RØ,4465,KH/86,00:00:00,16:47:00,stop
RØ,4465,GB/86,16:50:00,16:50:00,stop
RØ,4465,NEL/86,16:51:00,16:52:00,stop
RØ,4465,IG/86,16:53:00,16:53:00,stop
RØ,4465,AVH/86,16:55:00,16:55:00,pass
RØ,4465,KIB/86,17:00:00,17:00:00,pass
RØ,4465,JSF/86,17:05:00,17:05:00,pass
RØ,4465,KJN/86,17:06:00,17:07:00,stop
RØ,4465,ØLB/86,17:10:00,17:11:00,stop
RØ,4465,KJ/86,17:13:00,17:19:00,stop
RØ,4465,HF/86,17:23:00,17:24:00,stop
RØ,4465,TH/86,17:29:00,17:30:00,stop
RØ,4465,HZ/86,17:35:00,17:36:00,stop
RØ,4465,OL/86,17:42:00,17:44:00,stop
RØ,4465,NÆN/86,17:47:00,17:48:00,stop
RØ,4465,NÆ/86,17:52:00,00:00:00,stop
RØ,4434,NÆ/86,00:00:00,13:06:00,stop
RØ,4434,NÆN/86,13:09:00,13:10:00,stop
RØ,4434,OL/86,13:14:00,13:15:00,stop
RØ,4434,HZ/86,13:21:00,13:22:00,stop
RØ,4434,TH/86,13:27:00,13:30:00,stop
RØ,4434,HF/86,13:34:00,13:35:00,stop
RØ,4434,KJ/86,13:39:00,13:45:00,stop
RØ,4434,ØLB/86,13:47:00,13:48:00,stop
RØ,4434,KJN/86,13:51:00,13:52:00,stop
RØ,4434,JSF/86,13:53:00,13:53:00,stop
RØ,4434,KIB/86,13:58:00,13:58:00,pass
RØ,4434,AVH/86,14:03:00,14:03:00,pass
RØ,4434,IG/86,14:06:00,14:06:00,pass
RØ,4434,NEL/86,14:06:20,14:07:20,stop
RØ,4434,GB/86,14:09:00,14:09:00,stop
RØ,4434,KH/86,14:13:00,00:00:00,stop
RØ,4438,NÆ/86,00:00:00,14:06:00,stop
RØ,4438,NÆN/86,14:09:00,14:10:00,stop
RØ,4438,OL/86,14:14:00,14:15:00,stop
RØ,4438,HZ/86,14:21:00,14:22:00,stop
RØ,4438,TH/86,14:27:00,14:30:00,stop
RØ,4438,HF/86,14:34:00,14:35:00,stop
RØ,4438,KJ/86,14:39:00,14:45:00,stop
RØ,4438,ØLB/86,14:47:00,14:48:00,stop
RØ,4438,KJN/86,14:51:00,14:52:00,stop
RØ,4438,JSF/86,14:53:00,14:53:00,stop
RØ,4438,KIB/86,14:58:00,14:58:00,pass
RØ,4438,AVH/86,15:03:00,15:03:00,pass
RØ,4438,IG/86,15:06:00,15:06:00,pass
RØ,4438,NEL/86,15:06:20,15:07:20,stop
RØ,4438,GB/86,15:09:00,15:09:00,stop
RØ,4438,KH/86,15:13:00,00:00:00,stop
RØ,4442,NÆ/86,00:00:00,15:06:00,stop
RØ,4442,NÆN/86,15:09:00,15:10:00,stop
RØ,4442,OL/86,15:14:00,15:15:00,stop
RØ,4442,HZ/86,15:21:00,15:22:00,stop
RØ,4442,TH/86,15:27:00,15:30:00,stop
RØ,4442,HF/86,15:34:00,15:35:00,stop
RØ,4442,KJ/86,15:39:00,15:45:00,stop
RØ,4442,ØLB/86,15:47:00,15:48:00,stop
RØ,4442,KJN/86,15:51:00,15:52:00,stop
RØ,4442,JSF/86,15:53:00,15:53:00,stop
RØ,4442,KIB/86,15:58:00,15:58:00,pass
RØ,4442,AVH/86,16:03:00,16:03:00,pass
RØ,4442,IG/86,16:06:00,16:06:00,pass
RØ,4442,NEL/86,16:06:20,16:07:20,stop
RØ,4442,GB/86,16:09:00,16:09:00,stop
RØ,4442,KH/86,16:13:00,00:00:00,stop
RØ,4446,NÆ/86,00:00:00,16:06:00,stop
RØ,4446,NÆN/86,16:09:00,16:10:00,stop
RØ,4446,OL/86,16:14:00,16:15:00,stop
RØ,4446,HZ/86,16:21:00,16:22:00,stop
RØ,4446,TH/86,16:27:00,16:30:00,stop
RØ,4446,HF/86,16:34:00,16:35:00,stop
RØ,4446,KJ/86,16:39:00,16:45:00,stop
RØ,4446,ØLB/86,16:47:00,16:48:00,stop
RØ,4446,KJN/86,16:51:00,16:52:00,stop
RØ,4446,JSF/86,16:53:00,16:53:00,stop
RØ,4446,KIB/86,16:58:00,16:58:00,pass
RØ,4446,AVH/86,17:03:00,17:03:00,pass
RØ,4446,IG/86,17:06:00,17:06:00,pass
RØ,4446,NEL/86,17:06:20,17:07:20,stop
RØ,4446,GB/86,17:09:00,17:09:00,stop
RØ,4446,KH/86,17:13:00,00:00:00,stop
RØ,4450,NÆ/86,00:00:00,17:06:00,stop
RØ,4450,NÆN/86,17:09:00,17:10:00,stop
RØ,4450,OL/86,17:14:00,17:15:00,stop
RØ,4450,HZ/86,17:21:00,17:22:00,stop
RØ,4450,TH/86,17:27:00,17:30:00,stop
RØ,4450,HF/86,17:34:00,17:35:00,stop
RØ,4450,KJ/86,17:39:00,17:45:00,stop
RØ,4450,ØLB/86,17:47:00,17:48:00,stop
RØ,4450,KJN/86,17:51:00,17:52:00,stop
RØ,4450,JSF/86,17:53:00,17:53:00,stop
RØ,4450,KIB/86,17:58:00,17:58:00,pass
RØ,4450,AVH/86,18:03:00,18:03:00,pass
RØ,4450,IG/86,18:06:00,18:06:00,pass
RØ,4450,NEL/86,18:06:20,18:07:20,stop
RØ,4450,GB/86,18:09:00,18:09:00,stop
RØ,4450,KH/86,18:13:00,00:00:00,stop
RØ,4454,NÆ/86,00:00:00,18:06:00,stop
RØ,4454,NÆN/86,18:10:00,18:11:00,stop
RØ,4454,OL/86,18:14:00,18:15:00,stop
RØ,4454,HZ/86,18:21:00,18:22:00,stop
RØ,4454,TH/86,18:27:00,18:30:00,stop
RØ,4454,HF/86,18:34:00,18:35:00,stop
RØ,4454,KJ/86,18:39:00,18:45:00,stop
RØ,4454,ØLB/86,18:47:00,18:48:00,stop
RØ,4454,KJN/86,18:51:00,18:52:00,stop
RØ,4454,JSF/86,18:53:00,18:53:00,stop
RØ,4454,KIB/86,18:58:00,18:58:00,pass
RØ,4454,AVH/86,19:03:00,19:03:00,pass
RØ,4454,IG/86,19:06:00,19:06:00,pass
RØ,4454,NEL/86,19:06:20,19:07:20,stop
RØ,4454,GB/86,19:09:00,19:09:00,stop
RØ,4454,KH/86,19:13:00,19:16:00,stop
RØ,4454,KN/86,19:18:00,19:19:00,stop
RØ,4454,KK/86,19:22:00,00:00:00,stop
RØ,2483,KK/86,00:00:00,21:08:00,stop
RØ,2483,KN/86,21:10:00,21:11:00,stop
RØ,2483,KH/86,21:14:00,21:17:00,stop
RØ,2483,GB/86,21:20:00,21:20:00,stop
RØ,2483,NEL/86,21:21:00,21:22:00,stop
RØ,2483,IG/86,21:23:00,21:23:00,stop
RØ,2483,AVH/86,21:25:00,21:25:00,pass
RØ,2483,KIB/86,21:30:00,21:30:00,pass
RØ,2483,JSF/86,21:35:00,21:35:00,pass
RØ,2483,KJN/86,21:36:00,21:37:00,stop
RØ,2483,ØLB/86,21:40:00,21:41:00,stop
RØ,2483,KJ/86,21:43:00,21:49:00,stop
RØ,2483,HF/86,21:53:00,21:54:00,stop
RØ,2483,TH/86,21:59:00,22:00:00,stop
RØ,2483,HZ/86,22:05:00,22:06:00,stop
RØ,2483,OL/86,22:12:00,22:14:00,stop
RØ,2483,NÆN/86,22:17:00,22:18:00,stop
RØ,2483,NÆ/86,22:22:00,00:00:00,stop
RØ,2487,KK/86,00:00:00,22:08:00,stop
RØ,2487,KN/86,22:10:00,22:11:00,stop
RØ,2487,KH/86,22:14:00,22:17:00,stop
RØ,2487,GB/86,22:20:00,22:20:00,stop
RØ,2487,NEL/86,22:21:00,22:22:00,stop
RØ,2487,IG/86,22:23:00,22:23:00,stop
RØ,2487,AVH/86,22:25:00,22:25:00,pass
RØ,2487,KIB/86,22:30:00,22:30:00,pass
RØ,2487,JSF/86,22:35:00,22:35:00,pass
RØ,2487,KJN/86,22:36:00,22:37:00,stop
RØ,2487,ØLB/86,22:40:00,22:41:00,stop
RØ,2487,KJ/86,22:43:00,22:49:00,stop
RØ,2487,HF/86,22:53:00,22:54:00,stop
RØ,2487,TH/86,22:59:00,23:00:00,stop
RØ,2487,HZ/86,23:05:00,23:06:00,stop
RØ,2487,OL/86,23:12:00,23:14:00,stop
RØ,2487,NÆN/86,23:17:00,23:18:00,stop
RØ,2487,NÆ/86,23:22:00,00:00:00,stop
RØ,2491,KH/86,00:00:00,23:17:00,stop
RØ,2491,GB/86,23:20:00,23:20:00,stop
RØ,2491,NEL/86,23:21:00,23:22:00,stop
RØ,2491,IG/86,23:23:00,23:23:00,stop
RØ,2491,AVH/86,23:25:00,23:25:00,pass
RØ,2491,KIB/86,23:30:00,23:30:00,pass
RØ,2491,JSF/86,23:35:00,23:35:00,pass
RØ,2491,KJN/86,23:36:00,23:37:00,stop
RØ,2491,ØLB/86,23:40:00,23:41:00,stop
RØ,2491,KJ/86,23:43:00,23:49:00,stop
RØ,2491,HF/86,23:53:00,23:54:00,stop
RØ,2491,TH/86,23:59:00,00:00:00,stop
RØ,2491,HZ/86,00:05:00,00:06:00,stop
RØ,2491,OL/86,00:12:00,00:14:00,stop
RØ,2491,NÆN/86,00:17:00,00:18:00,stop
RØ,2491,NÆ/86,00:22:00,00:00:00,stop
RØ,2495,KH/86,00:00:00,00:17:00,stop
RØ,2495,GB/86,00:20:00,00:20:00,stop
RØ,2495,NEL/86,00:21:00,00:22:00,stop
RØ,2495,IG/86,00:23:00,00:23:00,stop
RØ,2495,AVH/86,00:25:00,00:25:00,pass
RØ,2495,KIB/86,00:30:00,00:30:00,pass
RØ,2495,JSF/86,00:35:00,00:35:00,pass
RØ,2495,KJN/86,00:36:00,00:37:00,stop
RØ,2495,ØLB/86,00:40:00,00:41:00,stop
RØ,2495,KJ/86,00:43:00,00:45:00,stop
RØ,2495,HF/86,00:49:00,00:50:00,stop
RØ,2495,TH/86,00:54:00,00:55:00,stop
RØ,2495,HZ/86,01:01:00,01:02:00,stop
RØ,2495,OL/86,01:08:00,01:09:00,stop
RØ,2495,NÆN/86,01:12:00,01:13:00,stop
RØ,2495,NÆ/86,01:17:00,00:00:00,stop
RØ,1268,NF/86,00:00:00,21:26:00,stop
RØ,1268,TN/86,21:29:00,21:29:00,stop
RØ,1268,EK/86,21:31:00,21:32:00,stop
RØ,1268,NV/86,21:36:00,21:37:00,stop
RØ,1268,OH/86,21:40:00,21:40:00,stop
RØ,1268,MN/86,21:45:00,21:45:00,pass
RØ,1268,VO/86,21:48:00,21:49:00,stop
RØ,1268,LU/86,21:55:00,21:56:00,stop
RØ,1268,MOG/86,22:01:00,22:01:00,stop
RØ,1268,NÆ/86,22:04:00,22:07:00,stop
RØ,1268,GZ/86,22:13:00,22:13:00,stop
RØ,1268,RG/86,22:19:00,22:21:00,stop
RØ,1268,ADA/86,22:25:00,22:25:00,stop
RØ,1268,BJS/86,22:28:00,22:28:00,pass
RØ,1268,LEL/86,22:31:00,22:31:00,pass
RØ,1268,KJN/86,22:33:00,22:34:00,stop
RØ,1268,JSF/86,22:35:00,22:35:00,stop
RØ,1268,KIB/86,22:40:00,22:40:00,pass
RØ,1268,AVH/86,22:44:00,22:44:00,pass
RØ,1268,IG/86,22:46:00,22:46:00,pass
RØ,1268,NEL/86,22:47:00,22:49:00,stop
RØ,1268,GB/86,22:50:00,22:50:00,stop
RØ,1268,KH/86,22:54:00,00:00:00,stop
RØ,3473,HG/86,00:00:00,17:54:00,stop
RØ,3473,SQ/86,17:56:00,17:56:00,stop
RØ,3473,GÆ/86,17:59:00,18:00:00,stop
RØ,3473,HUM/86,18:03:00,18:04:00,stop
RØ,3473,NI/86,18:07:00,18:08:00,stop
RØ,3473,OK/86,18:11:00,18:12:00,stop
RØ,3473,RU/86,18:15:00,18:15:00,stop
RØ,3473,VB/86,18:17:00,18:17:00,pass
RØ,3473,SÅ/86,18:20:00,18:20:00,pass
RØ,3473,KL/86,18:23:00,18:23:00,pass
RØ,3473,HL/86,18:29:00,18:30:00,stop
RØ,3473,HGL/86,18:32:00,18:32:00,stop
RØ,3473,KK/86,18:35:00,18:38:00,stop
RØ,3473,KN/86,18:40:00,18:41:00,stop
RØ,3473,KH/86,18:44:00,00:00:00,stop
RØ,3404,KH/86,00:00:00,06:46:00,stop
RØ,3404,KN/86,06:48:00,06:49:00,stop
RØ,3404,KK/86,06:52:00,06:53:00,stop
RØ,3404,HGL/86,06:56:00,06:56:00,stop
RØ,3404,HL/86,06:59:00,07:00:00,stop
RØ,3404,KL/86,07:05:00,07:05:00,stop
RØ,3404,SÅ/86,07:09:00,07:09:00,pass
RØ,3404,VB/86,07:11:00,07:11:00,pass
RØ,3404,RU/86,07:14:00,07:14:00,pass
RØ,3404,OK/86,07:17:00,07:18:00,stop
RØ,3404,NI/86,07:21:00,07:22:00,stop
RØ,3404,HUM/86,07:25:00,07:26:00,stop
RØ,3404,GÆ/86,07:29:00,07:30:00,stop
RØ,3404,SQ/86,07:33:00,07:33:00,stop
RØ,3404,HG/86,07:36:00,00:00:00,stop
RØ,1272,NF/86,00:00:00,22:26:00,stop
RØ,1272,TN/86,22:29:00,22:29:00,stop
RØ,1272,EK/86,22:31:00,22:32:00,stop
RØ,1272,NV/86,22:36:00,22:37:00,stop
RØ,1272,OH/86,22:40:00,22:40:00,stop
RØ,1272,MN/86,22:45:00,22:45:00,pass
RØ,1272,VO/86,22:48:00,22:49:00,stop
RØ,1272,LU/86,22:55:00,22:56:00,stop
RØ,1272,MOG/86,23:01:00,23:01:00,stop
RØ,1272,NÆ/86,23:04:00,23:07:00,stop
RØ,1272,GZ/86,23:13:00,23:13:00,stop
RØ,1272,RG/86,23:19:00,23:21:00,stop
RØ,1272,ADA/86,23:25:00,23:25:00,stop
RØ,1272,BJS/86,23:28:00,23:28:00,pass
RØ,1272,LEL/86,23:31:00,23:31:00,pass
RØ,1272,KJN/86,23:33:00,23:34:00,stop
RØ,1272,JSF/86,23:35:00,23:35:00,stop
RØ,1272,KIB/86,23:40:00,23:40:00,pass
RØ,1272,AVH/86,23:44:00,23:44:00,pass
RØ,1272,IG/86,23:46:00,23:46:00,pass
RØ,1272,NEL/86,23:47:00,23:49:00,stop
RØ,1272,GB/86,23:50:00,23:50:00,stop
RØ,1272,KH/86,23:54:00,00:00:00,stop
RØ,1276,NF/86,00:00:00,23:26:00,stop
RØ,1276,TN/86,23:29:00,23:29:00,stop
RØ,1276,EK/86,23:31:00,23:32:00,stop
RØ,1276,NV/86,23:36:00,23:37:00,stop
RØ,1276,OH/86,23:40:00,23:40:00,stop
RØ,1276,MN/86,23:45:00,23:45:00,pass
RØ,1276,VO/86,23:48:00,23:49:00,stop
RØ,1276,LU/86,23:55:00,23:56:00,stop
RØ,1276,MOG/86,00:01:00,00:01:00,stop
RØ,1276,NÆ/86,00:04:00,00:07:00,stop
RØ,1276,GZ/86,00:13:00,00:13:00,stop
RØ,1276,RG/86,00:19:00,00:21:00,stop
RØ,1276,ADA/86,00:25:00,00:25:00,stop
RØ,1276,BJS/86,00:28:00,00:28:00,pass
RØ,1276,LEL/86,00:31:00,00:31:00,pass
RØ,1276,KJN/86,00:33:00,00:34:00,stop
RØ,1276,JSF/86,00:35:00,00:35:00,stop
RØ,1276,KIB/86,00:40:00,00:40:00,pass
RØ,1276,AVH/86,00:44:00,00:44:00,pass
RØ,1276,IG/86,00:46:00,00:46:00,pass
RØ,1276,NEL/86,00:47:00,00:49:00,stop
RØ,1276,GB/86,00:50:00,00:50:00,stop
RØ,1276,KH/86,00:54:00,00:00:00,stop
RØ,4239,HG/86,00:00:00,09:28:00,stop
RØ,4239,SQ/86,09:31:00,09:32:00,stop
RØ,4239,GÆ/86,09:34:00,09:35:00,stop
RØ,4239,HUM/86,09:38:00,09:39:00,stop
RØ,4239,NI/86,09:42:00,09:43:00,stop
RØ,4239,OK/86,09:47:00,09:48:00,stop
RØ,4239,RU/86,09:50:00,09:51:00,stop
RØ,4239,VB/86,09:54:00,09:55:00,stop
RØ,4239,SÅ/86,09:58:00,09:59:00,stop
RØ,4239,KL/86,10:03:00,10:04:00,stop
RØ,4239,HL/86,10:09:00,10:10:00,stop
RØ,4239,HGL/86,10:12:00,10:12:00,stop
RØ,4239,KK/86,10:15:00,10:17:00,stop
RØ,4239,KN/86,10:19:00,10:20:00,stop
RØ,4239,KH/86,10:23:00,10:26:00,stop
RØ,4239,VAL/86,10:30:00,10:31:00,stop
RØ,4239,HIF/86,10:33:00,10:33:00,stop
RØ,4239,GL/86,10:35:00,10:35:00,pass
RØ,4239,HTÅ/86,10:40:00,10:41:00,stop
RØ,4239,HH/86,10:45:00,10:46:00,stop
RØ,4239,TRK/86,10:49:00,10:50:00,stop
RØ,4239,RO/86,10:53:00,10:54:00,stop
RØ,4239,VY/86,11:00:00,11:01:00,stop
RØ,4239,BO/86,11:06:00,11:07:00,stop
RØ,4239,KY/86,11:10:00,11:10:00,stop
RØ,4239,RG/86,11:15:00,11:16:00,stop
RØ,4239,GZ/86,11:22:00,11:23:00,stop
RØ,4239,NÆ/86,11:32:00,00:00:00,stop
RØ,1570,KB/86,00:00:00,21:50:00,stop
RØ,1570,KBØ/86,21:52:00,21:53:00,stop
RØ,1570,VÆ/86,21:57:00,21:57:00,stop
RØ,1570,SE/86,22:01:00,22:02:00,stop
RØ,1570,JY/86,22:07:00,22:08:00,stop
RØ,1570,MØ/86,22:13:00,22:14:00,stop
RØ,1570,KS/86,22:18:00,22:19:00,stop
RØ,1570,RT/86,22:22:00,22:23:00,stop
RØ,1570,HK/86,22:29:00,22:32:00,stop
RØ,1570,PE/86,22:36:00,22:37:00,stop
RØ,1570,TØ/86,22:42:00,22:43:00,stop
RØ,1570,HV/86,22:48:00,22:49:00,stop
RØ,1570,LJ/86,22:54:00,22:55:00,stop
RØ,1570,RO/86,23:01:00,23:02:00,stop
RØ,1570,TRK/86,23:05:00,23:06:00,stop
RØ,1570,HH/86,23:09:00,23:10:00,stop
RØ,1570,HTÅ/86,23:14:00,23:16:00,stop
RØ,1570,GL/86,23:20:00,23:20:00,stop
RØ,1570,HIF/86,23:22:00,23:22:00,pass
RØ,1570,VAL/86,23:24:00,23:25:00,stop
RØ,1570,KH/86,23:30:00,00:00:00,stop
RØ,1583,KK/86,00:00:00,21:14:00,stop
RØ,1583,KN/86,21:16:00,21:17:00,stop
RØ,1583,KH/86,21:20:00,21:30:00,stop
RØ,1583,VAL/86,21:34:00,21:35:00,stop
RØ,1583,HIF/86,21:37:00,21:37:00,stop
RØ,1583,GL/86,21:39:00,21:39:00,pass
RØ,1583,HTÅ/86,21:44:00,21:45:00,stop
RØ,1583,HH/86,21:49:00,21:50:00,stop
RØ,1583,TRK/86,21:53:00,21:54:00,stop
RØ,1583,RO/86,21:57:00,21:59:00,stop
RØ,1583,LJ/86,22:05:00,22:06:00,stop
RØ,1583,HV/86,22:11:00,22:12:00,stop
RØ,1583,TØ/86,22:16:00,22:17:00,stop
RØ,1583,PE/86,22:22:00,22:23:00,stop
RØ,1583,HK/86,22:27:00,22:30:00,stop
RØ,1583,RT/86,22:36:00,22:37:00,stop
RØ,1583,KS/86,22:41:00,22:42:00,stop
RØ,1583,MØ/86,22:45:00,22:46:00,stop
RØ,1583,JY/86,22:51:00,22:52:00,stop
RØ,1583,SE/86,22:58:00,23:01:00,stop
RØ,1583,VÆ/86,23:05:00,23:05:00,stop
RØ,1583,KBØ/86,23:08:00,23:09:00,stop
RØ,1583,KB/86,23:13:00,00:00:00,stop
RØ,4895,KH/86,00:00:00,00:10:00,stop
RØ,4895,VAL/86,00:14:00,00:15:00,stop
RØ,4895,HIF/86,00:17:00,00:17:00,stop
RØ,4895,GL/86,00:19:00,00:19:00,pass
RØ,4895,HTÅ/86,00:23:00,00:25:00,stop
RØ,4895,HH/86,00:28:00,00:29:00,stop
RØ,4895,TRK/86,00:32:00,00:33:00,stop
RØ,4895,RO/86,00:36:00,00:37:00,stop
RØ,4895,VY/86,00:44:00,00:45:00,stop
RØ,4895,BO/86,00:49:00,00:50:00,stop
RØ,4895,KY/86,00:54:00,00:54:00,stop
RØ,4895,RG/86,00:58:00,00:59:00,stop
RØ,4895,GZ/86,01:05:00,01:06:00,stop
RØ,4895,NÆ/86,01:14:00,01:16:00,stop
RØ,4895,MOG/86,01:19:00,01:19:00,stop
RØ,4895,LU/86,01:24:00,01:25:00,stop
RØ,4895,VO/86,01:31:00,01:32:00,stop
RØ,4895,MN/86,01:35:00,01:35:00,stop
RØ,4895,OH/86,01:39:00,01:39:00,pass
RØ,4895,NV/86,01:43:00,01:44:00,stop
RØ,4895,EK/86,01:47:00,01:48:00,stop
RØ,4895,TN/86,01:51:00,01:51:00,stop
RØ,4895,NF/86,01:54:00,00:00:00,stop
RØ,4402,NÆ/86,00:00:00,05:06:00,stop
RØ,4402,NÆN/86,05:09:00,05:10:00,stop
RØ,4402,OL/86,05:14:00,05:15:00,stop
RØ,4402,HZ/86,05:21:00,05:22:00,stop
RØ,4402,TH/86,05:27:00,05:30:00,stop
RØ,4402,HF/86,05:34:00,05:35:00,stop
RØ,4402,KJ/86,05:39:00,05:45:00,stop
RØ,4402,ØLB/86,05:47:00,05:48:00,stop
RØ,4402,KJN/86,05:51:00,05:52:00,stop
RØ,4402,JSF/86,05:53:00,05:53:00,stop
RØ,4402,KIB/86,05:58:00,05:58:00,pass
RØ,4402,AVH/86,06:03:00,06:03:00,pass
RØ,4402,IG/86,06:06:00,06:06:00,pass
RØ,4402,NEL/86,06:06:20,06:07:20,stop
RØ,4402,GB/86,06:09:00,06:09:00,stop
RØ,4402,KH/86,06:13:00,00:00:00,stop
RØ,2297,HG/86,00:00:00,23:58:00,stop
RØ,2297,SQ/86,00:01:00,00:02:00,stop
RØ,2297,GÆ/86,00:04:00,00:05:00,stop
RØ,2297,HUM/86,00:08:00,00:09:00,stop
RØ,2297,NI/86,00:12:00,00:13:00,stop
RØ,2297,OK/86,00:17:00,00:18:00,stop
RØ,2297,RU/86,00:20:00,00:21:00,stop
RØ,2297,VB/86,00:24:00,00:25:00,stop
RØ,2297,SÅ/86,00:28:00,00:29:00,stop
RØ,2297,KL/86,00:33:00,00:34:00,stop
RØ,2297,HL/86,00:39:00,00:40:00,stop
RØ,2297,HGL/86,00:42:00,00:42:00,stop
RØ,2297,KK/86,00:45:00,00:47:00,stop
RØ,2297,KN/86,00:49:00,00:50:00,stop
RØ,2297,KH/86,00:53:00,00:00:00,stop
RØ,4231,HG/86,00:00:00,07:28:00,stop
RØ,4231,SQ/86,07:31:00,07:32:00,stop
RØ,4231,GÆ/86,07:34:00,07:35:00,stop
RØ,4231,HUM/86,07:38:00,07:39:00,stop
RØ,4231,NI/86,07:42:00,07:43:00,stop
RØ,4231,OK/86,07:47:00,07:48:00,stop
RØ,4231,RU/86,07:50:00,07:51:00,stop
RØ,4231,VB/86,07:54:00,07:55:00,stop
RØ,4231,SÅ/86,07:58:00,07:59:00,stop
RØ,4231,KL/86,08:03:00,08:04:00,stop
RØ,4231,HL/86,08:09:00,08:10:00,stop
RØ,4231,HGL/86,08:12:00,08:12:00,stop
RØ,4231,KK/86,08:15:00,08:17:00,stop
RØ,4231,KN/86,08:19:00,08:20:00,stop
RØ,4231,KH/86,08:23:00,08:26:00,stop
RØ,4231,VAL/86,08:30:00,08:31:00,stop
RØ,4231,HIF/86,08:33:00,08:33:00,stop
RØ,4231,GL/86,08:35:00,08:35:00,pass
RØ,4231,HTÅ/86,08:40:00,08:41:00,stop
RØ,4231,HH/86,08:45:00,08:46:00,stop
RØ,4231,TRK/86,08:49:00,08:50:00,stop
RØ,4231,RO/86,08:53:00,08:54:00,stop
RØ,4231,VY/86,09:00:00,09:01:00,stop
RØ,4231,BO/86,09:06:00,09:07:00,stop
RØ,4231,KY/86,09:10:00,09:10:00,stop
RØ,4231,RG/86,09:15:00,09:16:00,stop
RØ,4231,GZ/86,09:22:00,09:23:00,stop
RØ,4231,NÆ/86,09:32:00,00:00:00,stop
RØ,4235,HG/86,00:00:00,08:28:00,stop
RØ,4235,SQ/86,08:31:00,08:32:00,stop
RØ,4235,GÆ/86,08:34:00,08:35:00,stop
RØ,4235,HUM/86,08:38:00,08:39:00,stop
RØ,4235,NI/86,08:42:00,08:43:00,stop
RØ,4235,OK/86,08:47:00,08:48:00,stop
RØ,4235,RU/86,08:50:00,08:51:00,stop
RØ,4235,VB/86,08:54:00,08:55:00,stop
RØ,4235,SÅ/86,08:58:00,08:59:00,stop
RØ,4235,KL/86,09:03:00,09:04:00,stop
RØ,4235,HL/86,09:09:00,09:10:00,stop
RØ,4235,HGL/86,09:12:00,09:12:00,stop
RØ,4235,KK/86,09:15:00,09:17:00,stop
RØ,4235,KN/86,09:19:00,09:20:00,stop
RØ,4235,KH/86,09:23:00,09:26:00,stop
RØ,4235,VAL/86,09:30:00,09:31:00,stop
RØ,4235,HIF/86,09:33:00,09:33:00,stop
RØ,4235,GL/86,09:35:00,09:35:00,pass
RØ,4235,HTÅ/86,09:40:00,09:41:00,stop
RØ,4235,HH/86,09:45:00,09:46:00,stop
RØ,4235,TRK/86,09:49:00,09:50:00,stop
RØ,4235,RO/86,09:53:00,09:54:00,stop
RØ,4235,VY/86,10:00:00,10:01:00,stop
RØ,4235,BO/86,10:06:00,10:07:00,stop
RØ,4235,KY/86,10:10:00,10:10:00,stop
RØ,4235,RG/86,10:15:00,10:16:00,stop
RØ,4235,GZ/86,10:22:00,10:23:00,stop
RØ,4235,NÆ/86,10:32:00,00:00:00,stop
RØ,4247,HG/86,00:00:00,11:28:00,stop
RØ,4247,SQ/86,11:31:00,11:32:00,stop
RØ,4247,GÆ/86,11:34:00,11:35:00,stop
RØ,4247,HUM/86,11:38:00,11:39:00,stop
RØ,4247,NI/86,11:42:00,11:43:00,stop
RØ,4247,OK/86,11:47:00,11:48:00,stop
RØ,4247,RU/86,11:50:00,11:51:00,stop
RØ,4247,VB/86,11:54:00,11:55:00,stop
RØ,4247,SÅ/86,11:58:00,11:59:00,stop
RØ,4247,KL/86,12:03:00,12:04:00,stop
RØ,4247,HL/86,12:09:00,12:10:00,stop
RØ,4247,HGL/86,12:12:00,12:12:00,stop
RØ,4247,KK/86,12:15:00,12:17:00,stop
RØ,4247,KN/86,12:19:00,12:20:00,stop
RØ,4247,KH/86,12:23:00,12:26:00,stop
RØ,4247,VAL/86,12:30:00,12:31:00,stop
RØ,4247,HIF/86,12:33:00,12:33:00,stop
RØ,4247,GL/86,12:35:00,12:35:00,pass
RØ,4247,HTÅ/86,12:40:00,12:41:00,stop
RØ,4247,HH/86,12:45:00,12:46:00,stop
RØ,4247,TRK/86,12:49:00,12:50:00,stop
RØ,4247,RO/86,12:53:00,12:54:00,stop
RØ,4247,VY/86,13:00:00,13:01:00,stop
RØ,4247,BO/86,13:06:00,13:07:00,stop
RØ,4247,KY/86,13:10:00,13:10:00,stop
RØ,4247,RG/86,13:15:00,13:16:00,stop
RØ,4247,GZ/86,13:22:00,13:23:00,stop
RØ,4247,NÆ/86,13:32:00,00:00:00,stop
RØ,4222,NÆ/86,00:00:00,10:28:00,stop
RØ,4222,GZ/86,10:36:00,10:37:00,stop
RØ,4222,RG/86,10:43:00,10:44:00,stop
RØ,4222,KY/86,10:48:00,10:48:00,stop
RØ,4222,BO/86,10:52:00,10:53:00,stop
RØ,4222,VY/86,10:58:00,10:59:00,stop
RØ,4222,RO/86,11:05:00,11:07:00,stop
RØ,4222,TRK/86,11:09:00,11:10:00,stop
RØ,4222,HH/86,11:13:00,11:14:00,stop
RØ,4222,HTÅ/86,11:18:00,11:19:00,stop
RØ,4222,GL/86,11:23:00,11:23:00,stop
RØ,4222,HIF/86,11:25:00,11:25:00,pass
RØ,4222,VAL/86,11:27:00,11:28:00,stop
RØ,4222,KH/86,11:34:00,11:37:00,stop
RØ,4222,KN/86,11:39:00,11:40:00,stop
RØ,4222,KK/86,11:43:00,11:44:00,stop
RØ,4222,HGL/86,11:46:00,11:46:00,stop
RØ,4222,HL/86,11:49:00,11:50:00,stop
RØ,4222,KL/86,11:54:00,11:55:00,stop
RØ,4222,SÅ/86,11:59:00,12:00:00,stop
RØ,4222,VB/86,12:03:00,12:04:00,stop
RØ,4222,RU/86,12:07:00,12:08:00,stop
RØ,4222,OK/86,12:11:00,12:12:00,stop
RØ,4222,NI/86,12:15:00,12:16:00,stop
RØ,4222,HUM/86,12:19:00,12:20:00,stop
RØ,4222,GÆ/86,12:23:00,12:24:00,stop
RØ,4222,SQ/86,12:27:00,12:28:00,stop
RØ,4222,HG/86,12:32:00,00:00:00,stop
RØ,4226,NÆ/86,00:00:00,11:28:00,stop
RØ,4226,GZ/86,11:36:00,11:37:00,stop
RØ,4226,RG/86,11:43:00,11:44:00,stop
RØ,4226,KY/86,11:48:00,11:48:00,stop
RØ,4226,BO/86,11:52:00,11:53:00,stop
RØ,4226,VY/86,11:58:00,11:59:00,stop
RØ,4226,RO/86,12:05:00,12:07:00,stop
RØ,4226,TRK/86,12:09:00,12:10:00,stop
RØ,4226,HH/86,12:13:00,12:14:00,stop
RØ,4226,HTÅ/86,12:18:00,12:19:00,stop
RØ,4226,GL/86,12:23:00,12:23:00,stop
RØ,4226,HIF/86,12:25:00,12:25:00,pass
RØ,4226,VAL/86,12:27:00,12:28:00,stop
RØ,4226,KH/86,12:34:00,12:37:00,stop
RØ,4226,KN/86,12:39:00,12:40:00,stop
RØ,4226,KK/86,12:43:00,12:44:00,stop
RØ,4226,HGL/86,12:46:00,12:46:00,stop
RØ,4226,HL/86,12:49:00,12:50:00,stop
RØ,4226,KL/86,12:54:00,12:55:00,stop
RØ,4226,SÅ/86,12:59:00,13:00:00,stop
RØ,4226,VB/86,13:03:00,13:04:00,stop
RØ,4226,RU/86,13:07:00,13:08:00,stop
RØ,4226,OK/86,13:11:00,13:12:00,stop
RØ,4226,NI/86,13:15:00,13:16:00,stop
RØ,4226,HUM/86,13:19:00,13:20:00,stop
RØ,4226,GÆ/86,13:23:00,13:24:00,stop
RØ,4226,SQ/86,13:27:00,13:28:00,stop
RØ,4226,HG/86,13:32:00,00:00:00,stop
RØ,4230,NÆ/86,00:00:00,12:28:00,stop
RØ,4230,GZ/86,12:36:00,12:37:00,stop
RØ,4230,RG/86,12:43:00,12:44:00,stop
RØ,4230,KY/86,12:48:00,12:48:00,stop
RØ,4230,BO/86,12:52:00,12:53:00,stop
RØ,4230,VY/86,12:58:00,12:59:00,stop
RØ,4230,RO/86,13:05:00,13:07:00,stop
RØ,4230,TRK/86,13:09:00,13:10:00,stop
RØ,4230,HH/86,13:13:00,13:14:00,stop
RØ,4230,HTÅ/86,13:18:00,13:19:00,stop
RØ,4230,GL/86,13:23:00,13:23:00,stop
RØ,4230,HIF/86,13:25:00,13:25:00,pass
RØ,4230,VAL/86,13:27:00,13:28:00,stop
RØ,4230,KH/86,13:34:00,13:37:00,stop
RØ,4230,KN/86,13:39:00,13:40:00,stop
RØ,4230,KK/86,13:43:00,13:44:00,stop
RØ,4230,HGL/86,13:46:00,13:46:00,stop
RØ,4230,HL/86,13:49:00,13:50:00,stop
RØ,4230,KL/86,13:54:00,13:55:00,stop
RØ,4230,SÅ/86,13:59:00,14:00:00,stop
RØ,4230,VB/86,14:03:00,14:04:00,stop
RØ,4230,RU/86,14:07:00,14:08:00,stop
RØ,4230,OK/86,14:11:00,14:12:00,stop
RØ,4230,NI/86,14:15:00,14:16:00,stop
RØ,4230,HUM/86,14:19:00,14:20:00,stop
RØ,4230,GÆ/86,14:23:00,14:24:00,stop
RØ,4230,SQ/86,14:27:00,14:28:00,stop
RØ,4230,HG/86,14:32:00,00:00:00,stop
RØ,4234,NÆ/86,00:00:00,13:28:00,stop
RØ,4234,GZ/86,13:36:00,13:37:00,stop
RØ,4234,RG/86,13:43:00,13:44:00,stop
RØ,4234,KY/86,13:48:00,13:48:00,stop
RØ,4234,BO/86,13:52:00,13:53:00,stop
RØ,4234,VY/86,13:58:00,13:59:00,stop
RØ,4234,RO/86,14:05:00,14:07:00,stop
RØ,4234,TRK/86,14:09:00,14:10:00,stop
RØ,4234,HH/86,14:13:00,14:14:00,stop
RØ,4234,HTÅ/86,14:18:00,14:19:00,stop
RØ,4234,GL/86,14:23:00,14:23:00,stop
RØ,4234,HIF/86,14:25:00,14:25:00,pass
RØ,4234,VAL/86,14:27:00,14:28:00,stop
RØ,4234,KH/86,14:34:00,14:37:00,stop
RØ,4234,KN/86,14:39:00,14:40:00,stop
RØ,4234,KK/86,14:43:00,14:44:00,stop
RØ,4234,HGL/86,14:46:00,14:46:00,stop
RØ,4234,HL/86,14:49:00,14:50:00,stop
RØ,4234,KL/86,14:54:00,14:55:00,stop
RØ,4234,SÅ/86,14:59:00,15:00:00,stop
RØ,4234,VB/86,15:03:00,15:04:00,stop
RØ,4234,RU/86,15:07:00,15:08:00,stop
RØ,4234,OK/86,15:11:00,15:12:00,stop
RØ,4234,NI/86,15:15:00,15:16:00,stop
RØ,4234,HUM/86,15:19:00,15:20:00,stop
RØ,4234,GÆ/86,15:23:00,15:24:00,stop
RØ,4234,SQ/86,15:27:00,15:28:00,stop
RØ,4234,HG/86,15:32:00,00:00:00,stop
RØ,4238,NÆ/86,00:00:00,14:28:00,stop
RØ,4238,GZ/86,14:36:00,14:37:00,stop
RØ,4238,RG/86,14:43:00,14:44:00,stop
RØ,4238,KY/86,14:48:00,14:48:00,stop
RØ,4238,BO/86,14:52:00,14:53:00,stop
RØ,4238,VY/86,14:58:00,14:59:00,stop
RØ,4238,RO/86,15:05:00,15:07:00,stop
RØ,4238,TRK/86,15:09:00,15:10:00,stop
RØ,4238,HH/86,15:13:00,15:14:00,stop
RØ,4238,HTÅ/86,15:18:00,15:19:00,stop
RØ,4238,GL/86,15:23:00,15:23:00,stop
RØ,4238,HIF/86,15:25:00,15:25:00,pass
RØ,4238,VAL/86,15:27:00,15:28:00,stop
RØ,4238,KH/86,15:34:00,15:37:00,stop
RØ,4238,KN/86,15:39:00,15:40:00,stop
RØ,4238,KK/86,15:43:00,15:44:00,stop
RØ,4238,HGL/86,15:46:00,15:46:00,stop
RØ,4238,HL/86,15:49:00,15:50:00,stop
RØ,4238,KL/86,15:54:00,15:55:00,stop
RØ,4238,SÅ/86,15:59:00,16:00:00,stop
RØ,4238,VB/86,16:03:00,16:04:00,stop
RØ,4238,RU/86,16:07:00,16:08:00,stop
RØ,4238,OK/86,16:11:00,16:12:00,stop
RØ,4238,NI/86,16:15:00,16:16:00,stop
RØ,4238,HUM/86,16:19:00,16:20:00,stop
RØ,4238,GÆ/86,16:23:00,16:24:00,stop
RØ,4238,SQ/86,16:27:00,16:28:00,stop
RØ,4238,HG/86,16:32:00,00:00:00,stop
RØ,4250,NÆ/86,00:00:00,17:28:00,stop
RØ,4250,GZ/86,17:36:00,17:37:00,stop
RØ,4250,RG/86,17:43:00,17:44:00,stop
RØ,4250,KY/86,17:48:00,17:48:00,stop
RØ,4250,BO/86,17:52:00,17:53:00,stop
RØ,4250,VY/86,17:58:00,17:59:00,stop
RØ,4250,RO/86,18:05:00,18:07:00,stop
RØ,4250,TRK/86,18:09:00,18:10:00,stop
RØ,4250,HH/86,18:13:00,18:14:00,stop
RØ,4250,HTÅ/86,18:18:00,18:19:00,stop
RØ,4250,GL/86,18:23:00,18:23:00,stop
RØ,4250,HIF/86,18:25:00,18:25:00,pass
RØ,4250,VAL/86,18:27:00,18:28:00,stop
RØ,4250,KH/86,18:34:00,18:37:00,stop
RØ,4250,KN/86,18:39:00,18:40:00,stop
RØ,4250,KK/86,18:43:00,18:44:00,stop
RØ,4250,HGL/86,18:46:00,18:46:00,stop
RØ,4250,HL/86,18:49:00,18:50:00,stop
RØ,4250,KL/86,18:54:00,18:55:00,stop
RØ,4250,SÅ/86,18:59:00,19:00:00,stop
RØ,4250,VB/86,19:03:00,19:04:00,stop
RØ,4250,RU/86,19:07:00,19:08:00,stop
RØ,4250,OK/86,19:11:00,19:12:00,stop
RØ,4250,NI/86,19:15:00,19:16:00,stop
RØ,4250,HUM/86,19:19:00,19:20:00,stop
RØ,4250,GÆ/86,19:23:00,19:24:00,stop
RØ,4250,SQ/86,19:27:00,19:28:00,stop
RØ,4250,HG/86,19:32:00,00:00:00,stop
RØ,4254,RO/86,00:00:00,19:07:00,stop
RØ,4254,TRK/86,19:09:00,19:10:00,stop
RØ,4254,HH/86,19:13:00,19:14:00,stop
RØ,4254,HTÅ/86,19:18:00,19:19:00,stop
RØ,4254,GL/86,19:23:00,19:23:00,stop
RØ,4254,HIF/86,19:25:00,19:25:00,pass
RØ,4254,VAL/86,19:27:00,19:28:00,stop
RØ,4254,KH/86,19:34:00,19:37:00,stop
RØ,4254,KN/86,19:39:00,19:40:00,stop
RØ,4254,KK/86,19:43:00,19:44:00,stop
RØ,4254,HGL/86,19:46:00,19:46:00,stop
RØ,4254,HL/86,19:49:00,19:50:00,stop
RØ,4254,KL/86,19:54:00,19:55:00,stop
RØ,4254,SÅ/86,19:59:00,20:00:00,stop
RØ,4254,VB/86,20:03:00,20:04:00,stop
RØ,4254,RU/86,20:07:00,20:08:00,stop
RØ,4254,OK/86,20:11:00,20:12:00,stop
RØ,4254,NI/86,20:15:00,20:16:00,stop
RØ,4254,HUM/86,20:19:00,20:20:00,stop
RØ,4254,GÆ/86,20:23:00,20:24:00,stop
RØ,4254,SQ/86,20:27:00,20:28:00,stop
RØ,4254,HG/86,20:32:00,00:00:00,stop
RØ,4279,HG/86,00:00:00,19:28:00,stop
RØ,4279,SQ/86,19:31:00,19:32:00,stop
RØ,4279,GÆ/86,19:34:00,19:35:00,stop
RØ,4279,HUM/86,19:38:00,19:39:00,stop
RØ,4279,NI/86,19:42:00,19:43:00,stop
RØ,4279,OK/86,19:47:00,19:48:00,stop
RØ,4279,RU/86,19:50:00,19:51:00,stop
RØ,4279,VB/86,19:54:00,19:55:00,stop
RØ,4279,SÅ/86,19:58:00,19:59:00,stop
RØ,4279,KL/86,20:03:00,20:04:00,stop
RØ,4279,HL/86,20:09:00,20:10:00,stop
RØ,4279,HGL/86,20:12:00,20:12:00,stop
RØ,4279,KK/86,20:15:00,20:17:00,stop
RØ,4279,KN/86,20:19:00,20:20:00,stop
RØ,4279,KH/86,20:23:00,20:26:00,stop
RØ,4279,VAL/86,20:30:00,20:31:00,stop
RØ,4279,HIF/86,20:33:00,20:33:00,stop
RØ,4279,GL/86,20:35:00,20:35:00,pass
RØ,4279,HTÅ/86,20:40:00,20:41:00,stop
RØ,4279,HH/86,20:45:00,20:46:00,stop
RØ,4279,TRK/86,20:49:00,20:50:00,stop
RØ,4279,RO/86,20:53:00,00:00:00,stop
RØ,4258,RO/86,00:00:00,20:07:00,stop
RØ,4258,TRK/86,20:09:00,20:10:00,stop
RØ,4258,HH/86,20:13:00,20:14:00,stop
RØ,4258,HTÅ/86,20:18:00,20:19:00,stop
RØ,4258,GL/86,20:23:00,20:23:00,stop
RØ,4258,HIF/86,20:25:00,20:25:00,pass
RØ,4258,VAL/86,20:27:00,20:28:00,stop
RØ,4258,KH/86,20:34:00,20:37:00,stop
RØ,4258,KN/86,20:39:00,20:40:00,stop
RØ,4258,KK/86,20:43:00,20:44:00,stop
RØ,4258,HGL/86,20:46:00,20:46:00,stop
RØ,4258,HL/86,20:49:00,20:50:00,stop
RØ,4258,KL/86,20:54:00,20:55:00,stop
RØ,4258,SÅ/86,20:59:00,21:00:00,stop
RØ,4258,VB/86,21:03:00,21:04:00,stop
RØ,4258,RU/86,21:07:00,21:08:00,stop
RØ,4258,OK/86,21:11:00,21:12:00,stop
RØ,4258,NI/86,21:15:00,21:16:00,stop
RØ,4258,HUM/86,21:19:00,21:20:00,stop
RØ,4258,GÆ/86,21:23:00,21:24:00,stop
RØ,4258,SQ/86,21:27:00,21:28:00,stop
RØ,4258,HG/86,21:32:00,00:00:00,stop
RØ,4283,HG/86,00:00:00,20:28:00,stop
RØ,4283,SQ/86,20:31:00,20:32:00,stop
RØ,4283,GÆ/86,20:34:00,20:35:00,stop
RØ,4283,HUM/86,20:38:00,20:39:00,stop
RØ,4283,NI/86,20:42:00,20:43:00,stop
RØ,4283,OK/86,20:47:00,20:48:00,stop
RØ,4283,RU/86,20:50:00,20:51:00,stop
RØ,4283,VB/86,20:54:00,20:55:00,stop
RØ,4283,SÅ/86,20:58:00,20:59:00,stop
RØ,4283,KL/86,21:03:00,21:04:00,stop
RØ,4283,HL/86,21:09:00,21:10:00,stop
RØ,4283,HGL/86,21:12:00,21:12:00,stop
RØ,4283,KK/86,21:15:00,21:17:00,stop
RØ,4283,KN/86,21:19:00,21:20:00,stop
RØ,4283,KH/86,21:23:00,00:00:00,stop
RØ,4223,HG/86,00:00:00,05:28:00,stop
RØ,4223,SQ/86,05:31:00,05:32:00,stop
RØ,4223,GÆ/86,05:34:00,05:35:00,stop
RØ,4223,HUM/86,05:38:00,05:39:00,stop
RØ,4223,NI/86,05:42:00,05:43:00,stop
RØ,4223,OK/86,05:47:00,05:48:00,stop
RØ,4223,RU/86,05:50:00,05:51:00,stop
RØ,4223,VB/86,05:54:00,05:55:00,stop
RØ,4223,SÅ/86,05:58:00,05:59:00,stop
RØ,4223,KL/86,06:03:00,06:04:00,stop
RØ,4223,HL/86,06:09:00,06:10:00,stop
RØ,4223,HGL/86,06:12:00,06:12:00,stop
RØ,4223,KK/86,06:15:00,06:17:00,stop
RØ,4223,KN/86,06:19:00,06:20:00,stop
RØ,4223,KH/86,06:23:00,06:26:00,stop
RØ,4223,VAL/86,06:30:00,06:31:00,stop
RØ,4223,HIF/86,06:33:00,06:33:00,stop
RØ,4223,GL/86,06:35:00,06:35:00,pass
RØ,4223,HTÅ/86,06:40:00,06:41:00,stop
RØ,4223,HH/86,06:45:00,06:46:00,stop
RØ,4223,TRK/86,06:49:00,06:50:00,stop
RØ,4223,RO/86,06:53:00,06:54:00,stop
RØ,4223,VY/86,07:00:00,07:01:00,stop
RØ,4223,BO/86,07:06:00,07:07:00,stop
RØ,4223,KY/86,07:10:00,07:10:00,stop
RØ,4223,RG/86,07:15:00,07:16:00,stop
RØ,4223,GZ/86,07:22:00,07:23:00,stop
RØ,4223,NÆ/86,07:32:00,00:00:00,stop
RØ,3206,NF/86,00:00:00,06:03:00,stop
RØ,3206,TN/86,06:06:00,06:06:00,stop
RØ,3206,EK/86,06:08:00,06:08:00,pass
RØ,3206,NV/86,06:10:00,06:10:00,pass
RØ,3206,OH/86,06:12:00,06:12:00,pass
RØ,3206,MN/86,06:16:00,06:16:00,pass
RØ,3206,VO/86,06:18:00,06:20:00,stop
RØ,3206,LU/86,06:25:00,06:25:00,stop
RØ,3206,MOG/86,06:29:00,06:29:00,pass
RØ,3206,NÆ/86,06:32:00,06:36:00,stop
RØ,3206,GZ/86,06:43:00,06:43:00,stop
RØ,3206,RG/86,06:49:00,06:49:00,pass
RØ,3206,ADA/86,06:52:00,06:52:00,pass
RØ,3206,BJS/86,06:56:00,06:56:00,pass
RØ,3206,LEL/86,06:58:00,06:58:00,pass
RØ,3206,KJN/86,07:00:00,07:00:00,pass
RØ,3206,JSF/86,07:00:20,07:00:20,pass
RØ,3206,KIB/86,07:05:00,07:05:00,pass
RØ,3206,AVH/86,07:09:00,07:09:00,pass
RØ,3206,IG/86,07:11:00,07:11:00,pass
RØ,3206,NEL/86,07:12:00,07:12:00,pass
RØ,3206,GB/86,07:12:20,07:12:20,pass
RØ,3206,KH/86,07:17:00,00:00:00,stop
RØ,4585,HG/86,00:00:00,20:43:00,stop
RØ,4585,SQ/86,20:46:00,20:47:00,stop
RØ,4585,GÆ/86,20:49:00,20:50:00,stop
RØ,4585,HUM/86,20:53:00,20:54:00,stop
RØ,4585,NI/86,20:57:00,20:58:00,stop
RØ,4585,OK/86,21:02:00,21:03:00,stop
RØ,4585,RU/86,21:05:00,21:06:00,stop
RØ,4585,VB/86,21:09:00,21:10:00,stop
RØ,4585,SÅ/86,21:13:00,21:14:00,stop
RØ,4585,KL/86,21:18:00,21:19:00,stop
RØ,4585,HL/86,21:24:00,21:25:00,stop
RØ,4585,HGL/86,21:27:00,21:27:00,stop
RØ,4585,KK/86,21:30:00,21:32:00,stop
RØ,4585,KN/86,21:34:00,21:35:00,stop
RØ,4585,KH/86,21:38:00,00:00:00,stop
RØ,4406,NÆ/86,00:00:00,06:06:00,stop
RØ,4406,NÆN/86,06:09:00,06:10:00,stop
RØ,4406,OL/86,06:14:00,06:15:00,stop
RØ,4406,HZ/86,06:21:00,06:22:00,stop
RØ,4406,TH/86,06:27:00,06:30:00,stop
RØ,4406,HF/86,06:34:00,06:35:00,stop
RØ,4406,KJ/86,06:39:00,06:45:00,stop
RØ,4406,ØLB/86,06:47:00,06:48:00,stop
RØ,4406,KJN/86,06:51:00,06:52:00,stop
RØ,4406,JSF/86,06:53:00,06:53:00,stop
RØ,4406,KIB/86,06:58:00,06:58:00,pass
RØ,4406,AVH/86,07:03:00,07:03:00,pass
RØ,4406,IG/86,07:06:00,07:06:00,pass
RØ,4406,NEL/86,07:06:20,07:07:20,stop
RØ,4406,GB/86,07:09:00,07:09:00,stop
RØ,4406,KH/86,07:13:00,00:00:00,stop
RØ,4410,NÆ/86,00:00:00,07:06:00,stop
RØ,4410,NÆN/86,07:09:00,07:10:00,stop
RØ,4410,OL/86,07:14:00,07:15:00,stop
RØ,4410,HZ/86,07:21:00,07:22:00,stop
RØ,4410,TH/86,07:27:00,07:30:00,stop
RØ,4410,HF/86,07:34:00,07:35:00,stop
RØ,4410,KJ/86,07:39:00,07:45:00,stop
RØ,4410,ØLB/86,07:47:00,07:48:00,stop
RØ,4410,KJN/86,07:51:00,07:52:00,stop
RØ,4410,JSF/86,07:53:00,07:53:00,stop
RØ,4410,KIB/86,07:58:00,07:58:00,pass
RØ,4410,AVH/86,08:03:00,08:03:00,pass
RØ,4410,IG/86,08:05:00,08:05:00,pass
RØ,4410,NEL/86,08:06:00,08:07:00,stop
RØ,4410,GB/86,08:09:00,08:09:00,stop
RØ,4410,KH/86,08:13:00,00:00:00,stop
RØ,1574,KB/86,00:00:00,22:50:00,stop
RØ,1574,KBØ/86,22:52:00,22:53:00,stop
RØ,1574,VÆ/86,22:57:00,22:57:00,stop
RØ,1574,SE/86,23:01:00,23:02:00,stop
RØ,1574,JY/86,23:07:00,23:08:00,stop
RØ,1574,MØ/86,23:13:00,23:14:00,stop
RØ,1574,KS/86,23:18:00,23:19:00,stop
RØ,1574,RT/86,23:22:00,23:23:00,stop
RØ,1574,HK/86,23:29:00,23:32:00,stop
RØ,1574,PE/86,23:36:00,23:37:00,stop
RØ,1574,TØ/86,23:42:00,23:43:00,stop
RØ,1574,HV/86,23:48:00,23:49:00,stop
RØ,1574,LJ/86,23:54:00,23:55:00,stop
RØ,1574,RO/86,00:01:00,00:02:00,stop
RØ,1574,TRK/86,00:05:00,00:06:00,stop
RØ,1574,HH/86,00:09:00,00:10:00,stop
RØ,1574,HTÅ/86,00:14:00,00:16:00,stop
RØ,1574,GL/86,00:20:00,00:20:00,stop
RØ,1574,HIF/86,00:22:00,00:22:00,pass
RØ,1574,VAL/86,00:24:00,00:25:00,stop
RØ,1574,KH/86,00:30:00,00:00:00,stop
RØ,1587,KK/86,00:00:00,22:23:00,stop
RØ,1587,KN/86,22:25:00,22:26:00,stop
RØ,1587,KH/86,22:29:00,22:32:00,stop
RØ,1587,VAL/86,22:36:00,22:37:00,stop
RØ,1587,HIF/86,22:39:00,22:39:00,stop
RØ,1587,GL/86,22:41:00,22:41:00,pass
RØ,1587,HTÅ/86,22:46:00,22:47:00,stop
RØ,1587,HH/86,22:51:00,22:52:00,stop
RØ,1587,TRK/86,22:55:00,22:56:00,stop
RØ,1587,RO/86,22:59:00,23:01:00,stop
RØ,1587,LJ/86,23:07:00,23:08:00,stop
RØ,1587,HV/86,23:13:00,23:14:00,stop
RØ,1587,TØ/86,23:18:00,23:19:00,stop
RØ,1587,PE/86,23:24:00,23:25:00,stop
RØ,1587,HK/86,23:29:00,23:31:00,stop
RØ,1587,RT/86,23:37:00,23:38:00,stop
RØ,1587,KS/86,23:41:00,23:42:00,stop
RØ,1587,MØ/86,23:45:00,23:46:00,stop
RØ,1587,JY/86,23:51:00,23:52:00,stop
RØ,1587,SE/86,23:58:00,00:01:00,stop
RØ,1587,VÆ/86,00:05:00,00:05:00,stop
RØ,1587,KBØ/86,00:08:00,00:09:00,stop
RØ,1587,KB/86,00:13:00,00:00:00,stop
RØ,1591,KH/86,00:00:00,23:30:00,stop
RØ,1591,VAL/86,23:34:00,23:35:00,stop
RØ,1591,HIF/86,23:37:00,23:37:00,stop
RØ,1591,GL/86,23:39:00,23:39:00,pass
RØ,1591,HTÅ/86,23:44:00,23:45:00,stop
RØ,1591,HH/86,23:49:00,23:50:00,stop
RØ,1591,TRK/86,23:53:00,23:54:00,stop
RØ,1591,RO/86,23:57:00,23:59:00,stop
RØ,1591,LJ/86,00:05:00,00:06:00,stop
RØ,1591,HV/86,00:11:00,00:12:00,stop
RØ,1591,TØ/86,00:16:00,00:17:00,stop
RØ,1591,PE/86,00:22:00,00:23:00,stop
RØ,1591,HK/86,00:27:00,00:30:00,stop
RØ,1591,RT/86,00:36:00,00:37:00,stop
RØ,1591,KS/86,00:40:00,00:41:00,stop
RØ,1591,MØ/86,00:44:00,00:45:00,stop
RØ,1591,JY/86,00:51:00,00:52:00,stop
RØ,1591,SE/86,00:57:00,00:58:00,stop
RØ,1591,VÆ/86,01:02:00,01:02:00,stop
RØ,1591,KBØ/86,01:05:00,01:06:00,stop
RØ,1591,KB/86,01:10:00,00:00:00,stop
RØ,3802,NF/86,00:00:00,04:43:00,stop
RØ,3802,TN/86,04:46:00,04:46:00,stop
RØ,3802,EK/86,04:48:00,04:49:00,stop
RØ,3802,NV/86,04:53:00,04:54:00,stop
RØ,3802,OH/86,04:57:00,04:57:00,stop
RØ,3802,MN/86,05:01:00,05:01:00,pass
RØ,3802,VO/86,05:04:00,00:00:00,stop
RØ,3859,NÆ/86,00:00:00,16:38:00,stop
RØ,3859,MOG/86,16:41:00,16:41:00,stop
RØ,3859,LU/86,16:46:00,16:47:00,stop
RØ,3859,VO/86,16:53:00,16:55:00,stop
RØ,3859,MN/86,16:58:00,16:58:00,stop
RØ,3859,OH/86,17:02:00,17:02:00,pass
RØ,3859,NV/86,17:05:00,17:06:00,stop
RØ,3859,EK/86,17:10:00,17:11:00,stop
RØ,3859,TN/86,17:14:00,17:14:00,stop
RØ,3859,NF/86,17:17:00,00:00:00,stop
RØ,3863,NÆ/86,00:00:00,17:38:00,stop
RØ,3863,MOG/86,17:41:00,17:41:00,stop
RØ,3863,LU/86,17:46:00,17:47:00,stop
RØ,3863,VO/86,17:53:00,17:55:00,stop
RØ,3863,MN/86,17:58:00,17:58:00,stop
RØ,3863,OH/86,18:02:00,18:02:00,pass
RØ,3863,NV/86,18:05:00,18:06:00,stop
RØ,3863,EK/86,18:10:00,18:11:00,stop
RØ,3863,TN/86,18:14:00,18:14:00,stop
RØ,3863,NF/86,18:17:00,00:00:00,stop
RØ,3810,NF/86,00:00:00,06:43:00,stop
RØ,3810,TN/86,06:46:00,06:46:00,stop
RØ,3810,EK/86,06:48:00,06:49:00,stop
RØ,3810,NV/86,06:53:00,06:54:00,stop
RØ,3810,OH/86,06:57:00,06:57:00,stop
RØ,3810,MN/86,07:01:00,07:01:00,pass
RØ,3810,VO/86,07:04:00,07:05:00,stop
RØ,3810,LU/86,07:12:00,07:13:00,stop
RØ,3810,MOG/86,07:18:00,07:18:00,stop
RØ,3810,NÆ/86,07:22:00,00:00:00,stop
RØ,4589,HG/86,00:00:00,21:43:00,stop
RØ,4589,SQ/86,21:46:00,21:47:00,stop
RØ,4589,GÆ/86,21:49:00,21:50:00,stop
RØ,4589,HUM/86,21:53:00,21:54:00,stop
RØ,4589,NI/86,21:57:00,21:58:00,stop
RØ,4589,OK/86,22:02:00,22:03:00,stop
RØ,4589,RU/86,22:05:00,22:06:00,stop
RØ,4589,VB/86,22:09:00,22:10:00,stop
RØ,4589,SÅ/86,22:13:00,22:14:00,stop
RØ,4589,KL/86,22:18:00,22:19:00,stop
RØ,4589,HL/86,22:24:00,22:25:00,stop
RØ,4589,HGL/86,22:27:00,22:27:00,stop
RØ,4589,KK/86,22:30:00,22:32:00,stop
RØ,4589,KN/86,22:34:00,22:35:00,stop
RØ,4589,KH/86,22:38:00,00:00:00,stop
RØ,218,SG/86,00:00:00,09:44:00,stop
RØ,218,SO/86,09:51:00,09:53:00,stop
RØ,218,FJ/86,09:57:00,09:57:00,stop
RØ,218,RG/86,10:02:00,10:04:00,stop
RØ,218,KY/86,10:08:00,10:08:00,stop
RØ,218,BO/86,10:10:00,10:10:00,pass
RØ,218,VY/86,10:13:00,10:13:00,pass
RØ,218,RO/86,10:18:00,10:20:00,stop
RØ,218,TRK/86,10:23:00,10:24:00,stop
RØ,218,HH/86,10:26:00,10:26:00,stop
RØ,218,HTÅ/86,10:29:00,10:31:00,stop
RØ,218,GL/86,10:35:00,10:35:00,stop
RØ,218,HIF/86,10:37:00,10:37:00,pass
RØ,218,IG/86,10:38:00,10:38:00,pass
RØ,218,NEL/86,10:40:00,10:42:00,stop
RØ,218,KLV/86,10:44:00,10:44:00,stop
RØ,218,ØRE/86,10:46:00,10:47:00,stop
RØ,218,TÅT/86,10:49:00,10:50:00,stop
RØ,218,CPH/86,10:54:00,00:00:00,stop
RØ,222,SG/86,00:00:00,10:44:00,stop
RØ,222,SO/86,10:51:00,10:53:00,stop
RØ,222,FJ/86,10:57:00,10:57:00,stop
RØ,222,RG/86,11:02:00,11:04:00,stop
RØ,222,KY/86,11:08:00,11:08:00,stop
RØ,222,BO/86,11:10:00,11:10:00,pass
RØ,222,VY/86,11:13:00,11:13:00,pass
RØ,222,RO/86,11:18:00,11:20:00,stop
RØ,222,TRK/86,11:23:00,11:24:00,stop
RØ,222,HH/86,11:26:00,11:26:00,stop
RØ,222,HTÅ/86,11:29:00,11:31:00,stop
RØ,222,GL/86,11:35:00,11:35:00,stop
RØ,222,HIF/86,11:37:00,11:37:00,pass
RØ,222,IG/86,11:38:00,11:38:00,pass
RØ,222,NEL/86,11:40:00,11:42:00,stop
RØ,222,KLV/86,11:44:00,11:44:00,stop
RØ,222,ØRE/86,11:46:00,11:47:00,stop
RØ,222,TÅT/86,11:49:00,11:50:00,stop
RØ,222,CPH/86,11:54:00,00:00:00,stop
RØ,226,SG/86,00:00:00,11:44:00,stop
RØ,226,SO/86,11:51:00,11:53:00,stop
RØ,226,FJ/86,11:57:00,11:57:00,stop
RØ,226,RG/86,12:02:00,12:04:00,stop
RØ,226,KY/86,12:08:00,12:08:00,stop
RØ,226,BO/86,12:10:00,12:10:00,pass
RØ,226,VY/86,12:13:00,12:13:00,pass
RØ,226,RO/86,12:18:00,12:20:00,stop
RØ,226,TRK/86,12:23:00,12:24:00,stop
RØ,226,HH/86,12:26:00,12:26:00,stop
RØ,226,HTÅ/86,12:29:00,12:31:00,stop
RØ,226,GL/86,12:35:00,12:35:00,stop
RØ,226,HIF/86,12:37:00,12:37:00,pass
RØ,226,IG/86,12:38:00,12:38:00,pass
RØ,226,NEL/86,12:40:00,12:42:00,stop
RØ,226,KLV/86,12:44:00,12:44:00,stop
RØ,226,ØRE/86,12:46:00,12:47:00,stop
RØ,226,TÅT/86,12:49:00,12:50:00,stop
RØ,226,CPH/86,12:54:00,00:00:00,stop
RØ,230,SG/86,00:00:00,12:44:00,stop
RØ,230,SO/86,12:51:00,12:53:00,stop
RØ,230,FJ/86,12:57:00,12:57:00,stop
RØ,230,RG/86,13:02:00,13:04:00,stop
RØ,230,KY/86,13:08:00,13:08:00,stop
RØ,230,BO/86,13:10:00,13:10:00,pass
RØ,230,VY/86,13:13:00,13:13:00,pass
RØ,230,RO/86,13:18:00,13:20:00,stop
RØ,230,TRK/86,13:23:00,13:24:00,stop
RØ,230,HH/86,13:26:00,13:26:00,stop
RØ,230,HTÅ/86,13:29:00,13:31:00,stop
RØ,230,GL/86,13:35:00,13:35:00,stop
RØ,230,HIF/86,13:37:00,13:37:00,pass
RØ,230,IG/86,13:38:00,13:38:00,pass
RØ,230,NEL/86,13:40:00,13:42:00,stop
RØ,230,KLV/86,13:44:00,13:44:00,stop
RØ,230,ØRE/86,13:46:00,13:47:00,stop
RØ,230,TÅT/86,13:49:00,13:50:00,stop
RØ,230,CPH/86,13:54:00,00:00:00,stop
RØ,234,SG/86,00:00:00,13:44:00,stop
RØ,234,SO/86,13:51:00,13:53:00,stop
RØ,234,FJ/86,13:57:00,13:57:00,stop
RØ,234,RG/86,14:02:00,14:04:00,stop
RØ,234,KY/86,14:08:00,14:08:00,stop
RØ,234,BO/86,14:10:00,14:10:00,pass
RØ,234,VY/86,14:13:00,14:13:00,pass
RØ,234,RO/86,14:18:00,14:20:00,stop
RØ,234,TRK/86,14:23:00,14:24:00,stop
RØ,234,HH/86,14:26:00,14:26:00,stop
RØ,234,HTÅ/86,14:29:00,14:31:00,stop
RØ,234,GL/86,14:35:00,14:35:00,stop
RØ,234,HIF/86,14:37:00,14:37:00,pass
RØ,234,IG/86,14:38:00,14:38:00,pass
RØ,234,NEL/86,14:40:00,14:42:00,stop
RØ,234,KLV/86,14:44:00,14:44:00,stop
RØ,234,ØRE/86,14:46:00,14:47:00,stop
RØ,234,TÅT/86,14:49:00,14:50:00,stop
RØ,234,CPH/86,14:54:00,00:00:00,stop
RØ,258,SG/86,00:00:00,19:44:00,stop
RØ,258,SO/86,19:51:00,19:53:00,stop
RØ,258,FJ/86,19:57:00,19:57:00,stop
RØ,258,RG/86,20:02:00,20:04:00,stop
RØ,258,KY/86,20:08:00,20:08:00,stop
RØ,258,BO/86,20:10:00,20:10:00,pass
RØ,258,VY/86,20:13:00,20:13:00,pass
RØ,258,RO/86,20:18:00,20:20:00,stop
RØ,258,TRK/86,20:23:00,20:24:00,stop
RØ,258,HH/86,20:26:00,20:26:00,stop
RØ,258,HTÅ/86,20:29:00,20:31:00,stop
RØ,258,GL/86,20:35:00,20:35:00,stop
RØ,258,HIF/86,20:37:00,20:37:00,pass
RØ,258,IG/86,20:38:00,20:38:00,pass
RØ,258,NEL/86,20:40:00,20:42:00,stop
RØ,258,KLV/86,20:44:00,20:44:00,stop
RØ,258,ØRE/86,20:46:00,20:47:00,stop
RØ,258,TÅT/86,20:49:00,20:50:00,stop
RØ,258,CPH/86,20:54:00,00:00:00,stop
RØ,262,SG/86,00:00:00,20:44:00,stop
RØ,262,SO/86,20:51:00,20:53:00,stop
RØ,262,FJ/86,20:57:00,20:57:00,stop
RØ,262,RG/86,21:02:00,21:04:00,stop
RØ,262,KY/86,21:08:00,21:08:00,stop
RØ,262,BO/86,21:10:00,21:10:00,pass
RØ,262,VY/86,21:13:00,21:13:00,pass
RØ,262,RO/86,21:18:00,21:20:00,stop
RØ,262,TRK/86,21:23:00,21:24:00,stop
RØ,262,HH/86,21:26:00,21:26:00,stop
RØ,262,HTÅ/86,21:29:00,21:31:00,stop
RØ,262,GL/86,21:35:00,21:35:00,stop
RØ,262,HIF/86,21:37:00,21:37:00,pass
RØ,262,IG/86,21:38:00,21:38:00,pass
RØ,262,NEL/86,21:40:00,21:42:00,stop
RØ,262,KLV/86,21:44:00,21:44:00,stop
RØ,262,ØRE/86,21:46:00,21:47:00,stop
RØ,262,TÅT/86,21:49:00,21:50:00,stop
RØ,262,CPH/86,21:54:00,00:00:00,stop
RØ,231,CPH/86,00:00:00,08:05:00,stop
RØ,231,TÅT/86,08:07:00,08:08:00,stop
RØ,231,ØRE/86,08:10:00,08:11:00,stop
RØ,231,KLV/86,08:14:00,08:14:00,stop
RØ,231,NEL/86,08:16:00,08:18:00,stop
RØ,231,IG/86,08:20:00,08:20:00,stop
RØ,231,HIF/86,08:22:00,08:22:00,pass
RØ,231,GL/86,08:24:00,08:24:00,pass
RØ,231,HTÅ/86,08:28:00,08:29:00,stop
RØ,231,HH/86,08:32:00,08:32:00,stop
RØ,231,TRK/86,08:35:00,08:36:00,stop
RØ,231,RO/86,08:39:00,08:41:00,stop
RØ,231,VY/86,08:46:00,08:46:00,stop
RØ,231,BO/86,08:49:00,08:49:00,pass
RØ,231,KY/86,08:52:00,08:52:00,pass
RØ,231,RG/86,08:56:00,08:58:00,stop
RØ,231,FJ/86,09:03:00,09:03:00,stop
RØ,231,SO/86,09:06:00,09:07:00,stop
RØ,231,SG/86,09:15:00,00:00:00,stop
RØ,235,CPH/86,00:00:00,09:05:00,stop
RØ,235,TÅT/86,09:07:00,09:08:00,stop
RØ,235,ØRE/86,09:10:00,09:11:00,stop
RØ,235,KLV/86,09:14:00,09:14:00,stop
RØ,235,NEL/86,09:16:00,09:18:00,stop
RØ,235,IG/86,09:20:00,09:20:00,stop
RØ,235,HIF/86,09:22:00,09:22:00,pass
RØ,235,GL/86,09:24:00,09:24:00,pass
RØ,235,HTÅ/86,09:28:00,09:29:00,stop
RØ,235,HH/86,09:32:00,09:32:00,stop
RØ,235,TRK/86,09:35:00,09:36:00,stop
RØ,235,RO/86,09:39:00,09:41:00,stop
RØ,235,VY/86,09:46:00,09:46:00,stop
RØ,235,BO/86,09:49:00,09:49:00,pass
RØ,235,KY/86,09:52:00,09:52:00,pass
RØ,235,RG/86,09:56:00,09:58:00,stop
RØ,235,FJ/86,10:03:00,10:03:00,stop
RØ,235,SO/86,10:06:00,10:07:00,stop
RØ,235,SG/86,10:15:00,00:00:00,stop
RØ,239,CPH/86,00:00:00,10:05:00,stop
RØ,239,TÅT/86,10:07:00,10:08:00,stop
RØ,239,ØRE/86,10:10:00,10:11:00,stop
RØ,239,KLV/86,10:14:00,10:14:00,stop
RØ,239,NEL/86,10:16:00,10:18:00,stop
RØ,239,IG/86,10:20:00,10:20:00,stop
RØ,239,HIF/86,10:22:00,10:22:00,pass
RØ,239,GL/86,10:24:00,10:24:00,pass
RØ,239,HTÅ/86,10:28:00,10:29:00,stop
RØ,239,HH/86,10:32:00,10:32:00,stop
RØ,239,TRK/86,10:35:00,10:36:00,stop
RØ,239,RO/86,10:39:00,10:41:00,stop
RØ,239,VY/86,10:46:00,10:46:00,stop
RØ,239,BO/86,10:49:00,10:49:00,pass
RØ,239,KY/86,10:52:00,10:52:00,pass
RØ,239,RG/86,10:56:00,10:58:00,stop
RØ,239,FJ/86,11:03:00,11:03:00,stop
RØ,239,SO/86,11:06:00,11:07:00,stop
RØ,239,SG/86,11:15:00,00:00:00,stop
RØ,243,CPH/86,00:00:00,11:05:00,stop
RØ,243,TÅT/86,11:07:00,11:08:00,stop
RØ,243,ØRE/86,11:10:00,11:11:00,stop
RØ,243,KLV/86,11:14:00,11:14:00,stop
RØ,243,NEL/86,11:16:00,11:18:00,stop
RØ,243,IG/86,11:20:00,11:20:00,stop
RØ,243,HIF/86,11:22:00,11:22:00,pass
RØ,243,GL/86,11:24:00,11:24:00,pass
RØ,243,HTÅ/86,11:28:00,11:29:00,stop
RØ,243,HH/86,11:32:00,11:32:00,stop
RØ,243,TRK/86,11:35:00,11:36:00,stop
RØ,243,RO/86,11:39:00,11:41:00,stop
RØ,243,VY/86,11:46:00,11:46:00,stop
RØ,243,BO/86,11:49:00,11:49:00,pass
RØ,243,KY/86,11:52:00,11:52:00,pass
RØ,243,RG/86,11:56:00,11:58:00,stop
RØ,243,FJ/86,12:03:00,12:03:00,stop
RØ,243,SO/86,12:06:00,12:07:00,stop
RØ,243,SG/86,12:15:00,00:00:00,stop
RØ,247,CPH/86,00:00:00,12:05:00,stop
RØ,247,TÅT/86,12:07:00,12:08:00,stop
RØ,247,ØRE/86,12:10:00,12:11:00,stop
RØ,247,KLV/86,12:14:00,12:14:00,stop
RØ,247,NEL/86,12:16:00,12:18:00,stop
RØ,247,IG/86,12:20:00,12:20:00,stop
RØ,247,HIF/86,12:22:00,12:22:00,pass
RØ,247,GL/86,12:24:00,12:24:00,pass
RØ,247,HTÅ/86,12:28:00,12:29:00,stop
RØ,247,HH/86,12:32:00,12:32:00,stop
RØ,247,TRK/86,12:35:00,12:36:00,stop
RØ,247,RO/86,12:39:00,12:41:00,stop
RØ,247,VY/86,12:46:00,12:46:00,stop
RØ,247,BO/86,12:49:00,12:49:00,pass
RØ,247,KY/86,12:52:00,12:52:00,pass
RØ,247,RG/86,12:56:00,12:58:00,stop
RØ,247,FJ/86,13:03:00,13:03:00,stop
RØ,247,SO/86,13:06:00,13:07:00,stop
RØ,247,SG/86,13:15:00,00:00:00,stop
RØ,271,CPH/86,00:00:00,18:05:00,stop
RØ,271,TÅT/86,18:07:00,18:08:00,stop
RØ,271,ØRE/86,18:10:00,18:11:00,stop
RØ,271,KLV/86,18:14:00,18:14:00,stop
RØ,271,NEL/86,18:16:00,18:18:00,stop
RØ,271,IG/86,18:20:00,18:20:00,stop
RØ,271,HIF/86,18:22:00,18:22:00,pass
RØ,271,GL/86,18:24:00,18:24:00,pass
RØ,271,HTÅ/86,18:28:00,18:29:00,stop
RØ,271,HH/86,18:32:00,18:32:00,stop
RØ,271,TRK/86,18:35:00,18:36:00,stop
RØ,271,RO/86,18:39:00,18:41:00,stop
RØ,271,VY/86,18:46:00,18:46:00,stop
RØ,271,BO/86,18:49:00,18:49:00,pass
RØ,271,KY/86,18:52:00,18:52:00,pass
RØ,271,RG/86,18:56:00,18:58:00,stop
RØ,271,FJ/86,19:03:00,19:03:00,stop
RØ,271,SO/86,19:06:00,19:07:00,stop
RØ,271,SG/86,19:15:00,00:00:00,stop
RØ,275,CPH/86,00:00:00,19:05:00,stop
RØ,275,TÅT/86,19:07:00,19:08:00,stop
RØ,275,ØRE/86,19:10:00,19:11:00,stop
RØ,275,KLV/86,19:14:00,19:14:00,stop
RØ,275,NEL/86,19:16:00,19:18:00,stop
RØ,275,IG/86,19:20:00,19:20:00,stop
RØ,275,HIF/86,19:22:00,19:22:00,pass
RØ,275,GL/86,19:24:00,19:24:00,pass
RØ,275,HTÅ/86,19:28:00,19:29:00,stop
RØ,275,HH/86,19:32:00,19:32:00,stop
RØ,275,TRK/86,19:35:00,19:36:00,stop
RØ,275,RO/86,19:39:00,19:41:00,stop
RØ,275,VY/86,19:46:00,19:46:00,stop
RØ,275,BO/86,19:49:00,19:49:00,pass
RØ,275,KY/86,19:52:00,19:52:00,pass
RØ,275,RG/86,19:56:00,19:58:00,stop
RØ,275,FJ/86,20:03:00,20:03:00,stop
RØ,275,SO/86,20:06:00,20:07:00,stop
RØ,275,SG/86,20:15:00,00:00:00,stop
RØ,279,CPH/86,00:00:00,20:05:00,stop
RØ,279,TÅT/86,20:07:00,20:08:00,stop
RØ,279,ØRE/86,20:10:00,20:11:00,stop
RØ,279,KLV/86,20:14:00,20:14:00,stop
RØ,279,NEL/86,20:16:00,20:18:00,stop
RØ,279,IG/86,20:20:00,20:20:00,stop
RØ,279,HIF/86,20:22:00,20:22:00,pass
RØ,279,GL/86,20:24:00,20:24:00,pass
RØ,279,HTÅ/86,20:28:00,20:29:00,stop
RØ,279,HH/86,20:32:00,20:32:00,stop
RØ,279,TRK/86,20:35:00,20:36:00,stop
RØ,279,RO/86,20:39:00,20:41:00,stop
RØ,279,VY/86,20:46:00,20:46:00,stop
RØ,279,BO/86,20:49:00,20:49:00,pass
RØ,279,KY/86,20:52:00,20:52:00,pass
RØ,279,RG/86,20:56:00,20:58:00,stop
RØ,279,FJ/86,21:03:00,21:03:00,stop
RØ,279,SO/86,21:06:00,21:07:00,stop
RØ,279,SG/86,21:15:00,00:00:00,stop
RØ,267,CPH/86,00:00:00,17:05:00,stop
RØ,267,TÅT/86,17:07:00,17:08:00,stop
RØ,267,ØRE/86,17:10:00,17:11:00,stop
RØ,267,KLV/86,17:14:00,17:14:00,stop
RØ,267,NEL/86,17:16:00,17:18:00,stop
RØ,267,IG/86,17:20:00,17:20:00,stop
RØ,267,HIF/86,17:22:00,17:22:00,pass
RØ,267,GL/86,17:24:00,17:24:00,pass
RØ,267,HTÅ/86,17:28:00,17:29:00,stop
RØ,267,HH/86,17:32:00,17:32:00,stop
RØ,267,TRK/86,17:35:00,17:36:00,stop
RØ,267,RO/86,17:39:00,17:41:00,stop
RØ,267,VY/86,17:46:00,17:46:00,stop
RØ,267,BO/86,17:49:00,17:49:00,pass
RØ,267,KY/86,17:52:00,17:52:00,pass
RØ,267,RG/86,17:56:00,17:58:00,stop
RØ,267,FJ/86,18:03:00,18:03:00,stop
RØ,267,SO/86,18:06:00,18:07:00,stop
RØ,267,SG/86,18:15:00,00:00:00,stop
RØ,283,CPH/86,00:00:00,21:05:00,stop
RØ,283,TÅT/86,21:07:00,21:08:00,stop
RØ,283,ØRE/86,21:10:00,21:11:00,stop
RØ,283,KLV/86,21:14:00,21:14:00,stop
RØ,283,NEL/86,21:16:00,21:18:00,stop
RØ,283,IG/86,21:20:00,21:20:00,stop
RØ,283,HIF/86,21:22:00,21:22:00,pass
RØ,283,GL/86,21:24:00,21:24:00,pass
RØ,283,HTÅ/86,21:28:00,21:29:00,stop
RØ,283,HH/86,21:32:00,21:32:00,stop
RØ,283,TRK/86,21:35:00,21:36:00,stop
RØ,283,RO/86,21:39:00,00:00:00,stop
RØ,200,RO/86,00:00:00,05:20:00,stop
RØ,200,TRK/86,05:23:00,05:24:00,stop
RØ,200,HH/86,05:26:00,05:26:00,stop
RØ,200,HTÅ/86,05:29:00,05:31:00,stop
RØ,200,GL/86,05:35:00,05:35:00,stop
RØ,200,HIF/86,05:37:00,05:37:00,pass
RØ,200,IG/86,05:38:00,05:38:00,pass
RØ,200,NEL/86,05:40:00,05:42:00,stop
RØ,200,KLV/86,05:44:00,05:44:00,stop
RØ,200,ØRE/86,05:46:00,05:47:00,stop
RØ,200,TÅT/86,05:49:00,05:50:00,stop
RØ,200,CPH/86,05:54:00,00:00:00,stop
RØ,3502,KB/86,00:00:00,05:03:00,stop
RØ,3502,KBØ/86,05:05:00,05:06:00,stop
RØ,3502,VÆ/86,05:10:00,05:10:00,stop
RØ,3502,SE/86,05:14:00,05:14:00,pass
RØ,3502,JY/86,05:19:00,05:20:00,stop
RØ,3502,MØ/86,05:25:00,05:27:00,stop
RØ,3502,KS/86,05:29:00,05:29:00,stop
RØ,3502,RT/86,05:31:00,05:31:00,pass
RØ,3502,HK/86,05:37:00,05:39:00,stop
RØ,3502,PE/86,05:42:00,05:42:00,stop
RØ,3502,TØ/86,05:45:00,05:45:00,pass
RØ,3502,HV/86,05:48:00,05:50:00,stop
RØ,3502,LJ/86,05:54:00,05:54:00,stop
RØ,3502,RO/86,05:59:00,06:01:00,stop
RØ,3502,TRK/86,06:03:00,06:03:00,stop
RØ,3502,HH/86,06:05:00,06:05:00,pass
RØ,3502,HTÅ/86,06:08:00,06:09:00,stop
RØ,3502,GL/86,06:14:00,06:14:00,stop
RØ,3502,HIF/86,06:16:00,06:16:00,pass
RØ,3502,VAL/86,06:17:00,06:17:00,pass
RØ,3502,KH/86,06:22:00,06:25:00,stop
RØ,3502,KN/86,06:27:00,06:28:00,stop
RØ,3502,KK/86,06:31:00,00:00:00,stop
RØ,3555,KK/86,00:00:00,14:26:00,stop
RØ,3555,KN/86,14:28:00,14:29:00,stop
RØ,3555,KH/86,14:32:00,14:36:00,stop
RØ,3555,VAL/86,14:39:00,14:39:00,stop
RØ,3555,HIF/86,14:41:00,14:41:00,pass
RØ,3555,GL/86,14:42:00,14:42:00,pass
RØ,3555,HTÅ/86,14:47:00,14:48:00,stop
RØ,3555,HH/86,14:51:00,14:51:00,stop
RØ,3555,TRK/86,14:53:00,14:53:00,pass
RØ,3555,RO/86,14:55:00,14:57:00,stop
RØ,3555,LJ/86,15:03:00,15:03:00,stop
RØ,3555,HV/86,15:06:00,15:08:00,stop
RØ,3555,TØ/86,15:11:00,15:11:00,stop
RØ,3555,PE/86,15:14:00,15:14:00,pass
RØ,3555,HK/86,15:18:00,15:20:00,stop
RØ,3555,RT/86,15:25:00,15:25:00,stop
RØ,3555,KS/86,15:27:00,15:27:00,pass
RØ,3555,MØ/86,15:30:00,15:33:00,stop
RØ,3555,JY/86,15:38:00,15:39:00,stop
RØ,3555,SE/86,15:45:00,15:48:00,stop
RØ,3555,VÆ/86,15:52:00,15:52:00,stop
RØ,3555,KBØ/86,15:55:00,15:56:00,stop
RØ,3555,KB/86,16:00:00,00:00:00,stop
RØ,266,RO/86,00:00:00,22:20:00,stop
RØ,266,TRK/86,22:23:00,22:24:00,stop
RØ,266,HH/86,22:26:00,22:26:00,stop
RØ,266,HTÅ/86,22:29:00,22:31:00,stop
RØ,266,GL/86,22:35:00,22:35:00,stop
RØ,266,HIF/86,22:37:00,22:37:00,pass
RØ,266,IG/86,22:38:00,22:38:00,pass
RØ,266,NEL/86,22:40:00,22:42:00,stop
RØ,266,KLV/86,22:44:00,22:44:00,stop
RØ,266,ØRE/86,22:46:00,22:47:00,stop
RØ,266,TÅT/86,22:49:00,22:50:00,stop
RØ,266,CPH/86,22:54:00,00:00:00,stop
RØ,287,CPH/86,00:00:00,22:05:00,stop
RØ,287,TÅT/86,22:07:00,22:08:00,stop
RØ,287,ØRE/86,22:10:00,22:11:00,stop
RØ,287,KLV/86,22:14:00,22:14:00,stop
RØ,287,NEL/86,22:16:00,22:18:00,stop
RØ,287,IG/86,22:20:00,22:20:00,stop
RØ,287,HIF/86,22:22:00,22:22:00,pass
RØ,287,GL/86,22:24:00,22:24:00,pass
RØ,287,HTÅ/86,22:28:00,22:29:00,stop
RØ,287,HH/86,22:32:00,22:32:00,stop
RØ,287,TRK/86,22:35:00,22:36:00,stop
RØ,287,RO/86,22:39:00,00:00:00,stop
RØ,291,CPH/86,00:00:00,23:05:00,stop
RØ,291,TÅT/86,23:07:00,23:08:00,stop
RØ,291,ØRE/86,23:10:00,23:11:00,stop
RØ,291,KLV/86,23:14:00,23:14:00,stop
RØ,291,NEL/86,23:16:00,23:18:00,stop
RØ,291,IG/86,23:20:00,23:20:00,stop
RØ,291,HIF/86,23:22:00,23:22:00,pass
RØ,291,GL/86,23:24:00,23:24:00,pass
RØ,291,HTÅ/86,23:28:00,23:29:00,stop
RØ,291,HH/86,23:32:00,23:32:00,stop
RØ,291,TRK/86,23:35:00,23:36:00,stop
RØ,291,RO/86,23:39:00,00:00:00,stop
RØ,270,RO/86,00:00:00,23:20:00,stop
RØ,270,TRK/86,23:23:00,23:24:00,stop
RØ,270,HH/86,23:26:00,23:26:00,stop
RØ,270,HTÅ/86,23:29:00,23:31:00,stop
RØ,270,GL/86,23:35:00,23:35:00,stop
RØ,270,HIF/86,23:37:00,23:37:00,pass
RØ,270,IG/86,23:38:00,23:38:00,pass
RØ,270,NEL/86,23:40:00,23:42:00,stop
RØ,270,KLV/86,23:44:00,23:44:00,stop
RØ,270,ØRE/86,23:46:00,23:47:00,stop
RØ,270,TÅT/86,23:49:00,23:50:00,stop
RØ,270,CPH/86,23:54:00,00:00:00,stop
RØ,274,RO/86,00:00:00,00:20:00,stop
RØ,274,TRK/86,00:23:00,00:24:00,stop
RØ,274,HH/86,00:26:00,00:26:00,stop
RØ,274,HTÅ/86,00:29:00,00:31:00,stop
RØ,274,GL/86,00:35:00,00:35:00,stop
RØ,274,HIF/86,00:37:00,00:37:00,pass
RØ,274,IG/86,00:38:00,00:38:00,pass
RØ,274,NEL/86,00:40:00,00:42:00,stop
RØ,274,KLV/86,00:44:00,00:44:00,stop
RØ,274,ØRE/86,00:46:00,00:47:00,stop
RØ,274,TÅT/86,00:49:00,00:50:00,stop
RØ,274,CPH/86,00:54:00,00:00:00,stop
RØ,295,CPH/86,00:00:00,00:05:00,stop
RØ,295,TÅT/86,00:07:00,00:08:00,stop
RØ,295,ØRE/86,00:10:00,00:11:00,stop
RØ,295,KLV/86,00:14:00,00:14:00,stop
RØ,295,NEL/86,00:16:00,00:18:00,stop
RØ,295,IG/86,00:20:00,00:20:00,stop
RØ,295,HIF/86,00:22:00,00:22:00,pass
RØ,295,GL/86,00:24:00,00:24:00,pass
RØ,295,HTÅ/86,00:28:00,00:29:00,stop
RØ,295,HH/86,00:32:00,00:32:00,stop
RØ,295,TRK/86,00:35:00,00:36:00,stop
RØ,295,RO/86,00:39:00,00:00:00,stop
RØ,254,SG/86,00:00:00,18:44:00,stop
RØ,254,SO/86,18:51:00,18:53:00,stop
RØ,254,FJ/86,18:57:00,18:57:00,stop
RØ,254,RG/86,19:02:00,19:04:00,stop
RØ,254,KY/86,19:08:00,19:08:00,stop
RØ,254,BO/86,19:10:00,19:10:00,pass
RØ,254,VY/86,19:13:00,19:13:00,pass
RØ,254,RO/86,19:18:00,19:20:00,stop
RØ,254,TRK/86,19:23:00,19:24:00,stop
RØ,254,HH/86,19:26:00,19:26:00,stop
RØ,254,HTÅ/86,19:29:00,19:31:00,stop
RØ,254,GL/86,19:35:00,19:35:00,stop
RØ,254,HIF/86,19:37:00,19:37:00,pass
RØ,254,IG/86,19:38:00,19:38:00,pass
RØ,254,NEL/86,19:40:00,19:42:00,stop
RØ,254,KLV/86,19:44:00,19:44:00,stop
RØ,254,ØRE/86,19:46:00,19:47:00,stop
RØ,254,TÅT/86,19:49:00,19:50:00,stop
RØ,254,CPH/86,19:54:00,00:00:00,stop
RØ,2299,KH/86,00:00:00,01:10:00,stop
RØ,2299,VAL/86,01:13:00,01:14:00,stop
RØ,2299,HIF/86,01:17:00,01:17:00,stop
RØ,2299,GL/86,01:18:00,01:18:00,pass
RØ,2299,HTÅ/86,01:23:00,01:24:00,stop
RØ,2299,HH/86,01:28:00,01:29:00,stop
RØ,2299,TRK/86,01:32:00,01:33:00,stop
RØ,2299,RO/86,01:36:00,01:37:00,stop
RØ,2299,VY/86,01:43:00,01:44:00,stop
RØ,2299,BO/86,01:49:00,01:50:00,stop
RØ,2299,KY/86,01:54:00,01:54:00,stop
RØ,2299,RG/86,01:58:00,01:59:00,stop
RØ,2299,GZ/86,02:05:00,02:06:00,stop
RØ,2299,NÆ/86,02:14:00,00:00:00,stop
RØ,3542,KB/86,00:00:00,15:07:00,stop
RØ,3542,KBØ/86,15:09:00,15:10:00,stop
RØ,3542,VÆ/86,15:15:00,15:18:00,stop
RØ,3542,SE/86,15:22:00,15:22:00,stop
RØ,3542,JY/86,15:27:00,15:28:00,stop
RØ,3542,MØ/86,15:32:00,15:32:00,stop
RØ,3542,KS/86,15:34:00,15:34:00,pass
RØ,3542,RT/86,15:36:00,15:36:00,pass
RØ,3542,HK/86,15:41:00,15:43:00,stop
RØ,3542,PE/86,15:47:00,15:47:00,stop
RØ,3542,TØ/86,15:50:00,15:50:00,pass
RØ,3542,HV/86,15:52:00,15:52:00,pass
RØ,3542,LJ/86,15:56:00,15:56:00,pass
RØ,3542,RO/86,16:01:00,16:03:00,stop
RØ,3542,TRK/86,16:05:00,16:05:00,stop
RØ,3542,HH/86,16:07:00,16:07:00,pass
RØ,3542,HTÅ/86,16:09:00,16:11:00,stop
RØ,3542,GL/86,16:16:00,16:16:00,stop
RØ,3542,HIF/86,16:18:00,16:18:00,pass
RØ,3542,VAL/86,16:19:00,16:19:00,pass
RØ,3542,KH/86,16:24:00,16:28:00,stop
RØ,3542,KN/86,16:30:00,16:31:00,stop
RØ,3542,KK/86,16:34:00,00:00:00,stop
RØ,3523,KK/86,00:00:00,06:26:00,stop
RØ,3523,KN/86,06:28:00,06:29:00,stop
RØ,3523,KH/86,06:32:00,06:36:00,stop
RØ,3523,VAL/86,06:39:00,06:39:00,stop
RØ,3523,HIF/86,06:41:00,06:41:00,pass
RØ,3523,GL/86,06:43:00,06:43:00,pass
RØ,3523,HTÅ/86,06:48:00,06:49:00,stop
RØ,3523,HH/86,06:52:00,06:52:00,stop
RØ,3523,TRK/86,06:54:00,06:54:00,pass
RØ,3523,RO/86,06:56:00,06:58:00,stop
RØ,3523,LJ/86,07:03:00,07:03:00,stop
RØ,3523,HV/86,07:06:00,07:06:00,pass
RØ,3523,TØ/86,07:09:00,07:09:00,pass
RØ,3523,PE/86,07:11:00,07:11:00,pass
RØ,3523,HK/86,07:15:00,07:17:00,stop
RØ,3523,RT/86,07:22:00,07:22:00,stop
RØ,3523,KS/86,07:24:00,07:24:00,pass
RØ,3523,MØ/86,07:26:00,07:26:00,pass
RØ,3523,JY/86,07:31:00,07:32:00,stop
RØ,3523,SE/86,07:37:00,07:37:00,stop
RØ,3523,VÆ/86,07:42:00,07:45:00,stop
RØ,3523,KBØ/86,07:49:00,07:50:00,stop
RØ,3523,KB/86,07:54:00,00:00:00,stop
RØ,3546,KB/86,00:00:00,16:07:00,stop
RØ,3546,KBØ/86,16:09:00,16:10:00,stop
RØ,3546,VÆ/86,16:15:00,16:18:00,stop
RØ,3546,SE/86,16:22:00,16:22:00,stop
RØ,3546,JY/86,16:27:00,16:28:00,stop
RØ,3546,MØ/86,16:32:00,16:32:00,stop
RØ,3546,KS/86,16:34:00,16:34:00,pass
RØ,3546,RT/86,16:36:00,16:36:00,pass
RØ,3546,HK/86,16:41:00,16:43:00,stop
RØ,3546,PE/86,16:47:00,16:47:00,stop
RØ,3546,TØ/86,16:50:00,16:50:00,pass
RØ,3546,HV/86,16:52:00,16:52:00,pass
RØ,3546,LJ/86,16:56:00,16:56:00,pass
RØ,3546,RO/86,17:01:00,17:03:00,stop
RØ,3546,TRK/86,17:05:00,17:05:00,stop
RØ,3546,HH/86,17:07:00,17:07:00,pass
RØ,3546,HTÅ/86,17:09:00,17:11:00,stop
RØ,3546,GL/86,17:16:00,17:16:00,stop
RØ,3546,HIF/86,17:18:00,17:18:00,pass
RØ,3546,VAL/86,17:19:00,17:19:00,pass
RØ,3546,KH/86,17:24:00,17:28:00,stop
RØ,3546,KN/86,17:30:00,17:31:00,stop
RØ,3546,KK/86,17:34:00,00:00:00,stop
RØ,3327,KK/86,00:00:00,07:26:00,stop
RØ,3327,KN/86,07:28:00,07:29:00,stop
RØ,3327,KH/86,07:32:00,07:35:00,stop
RØ,3327,VAL/86,07:38:00,07:40:00,stop
RØ,3327,HIF/86,07:43:00,07:43:00,stop
RØ,3327,GL/86,07:44:00,07:44:00,pass
RØ,3327,HTÅ/86,07:49:00,07:50:00,stop
RØ,3327,HH/86,07:53:00,07:53:00,stop
RØ,3327,TRK/86,07:55:00,07:55:00,pass
RØ,3327,RO/86,07:58:00,00:00:00,stop
RØ,3306,RO/86,00:00:00,07:17:00,stop
RØ,3306,TRK/86,07:19:00,07:19:00,stop
RØ,3306,HH/86,07:21:00,07:21:00,pass
RØ,3306,HTÅ/86,07:23:00,07:25:00,stop
RØ,3306,GL/86,07:29:00,07:29:00,stop
RØ,3306,HIF/86,07:31:00,07:31:00,pass
RØ,3306,VAL/86,07:33:00,07:35:00,stop
RØ,3306,KH/86,07:40:00,07:43:00,stop
RØ,3306,KN/86,07:45:00,07:46:00,stop
RØ,3306,KK/86,07:49:00,00:00:00,stop
RØ,3310,RO/86,00:00:00,08:17:00,stop
RØ,3310,TRK/86,08:19:00,08:19:00,stop
RØ,3310,HH/86,08:21:00,08:21:00,pass
RØ,3310,HTÅ/86,08:23:00,08:25:00,stop
RØ,3310,GL/86,08:29:00,08:29:00,stop
RØ,3310,HIF/86,08:31:00,08:31:00,pass
RØ,3310,VAL/86,08:33:00,08:35:00,stop
RØ,3310,KH/86,08:40:00,08:43:00,stop
RØ,3310,KN/86,08:45:00,08:46:00,stop
RØ,3310,KK/86,08:49:00,00:00:00,stop
RØ,3359,HGL/86,00:00:00,15:05:00,stop
RØ,3359,KK/86,15:09:00,15:11:00,stop
RØ,3359,KN/86,15:13:00,15:14:00,stop
RØ,3359,KH/86,15:17:00,15:20:00,stop
RØ,3359,VAL/86,15:23:00,15:25:00,stop
RØ,3359,HIF/86,15:28:00,15:28:00,stop
RØ,3359,GL/86,15:29:00,15:29:00,pass
RØ,3359,HTÅ/86,15:34:00,15:35:00,stop
RØ,3359,HH/86,15:38:00,15:38:00,stop
RØ,3359,TRK/86,15:40:00,15:40:00,pass
RØ,3359,RO/86,15:43:00,00:00:00,stop
RØ,3363,HGL/86,00:00:00,16:05:00,stop
RØ,3363,KK/86,16:09:00,16:11:00,stop
RØ,3363,KN/86,16:13:00,16:14:00,stop
RØ,3363,KH/86,16:17:00,16:20:00,stop
RØ,3363,VAL/86,16:23:00,16:25:00,stop
RØ,3363,HIF/86,16:28:00,16:28:00,stop
RØ,3363,GL/86,16:29:00,16:29:00,pass
RØ,3363,HTÅ/86,16:34:00,16:35:00,stop
RØ,3363,HH/86,16:38:00,16:38:00,stop
RØ,3363,TRK/86,16:40:00,16:40:00,pass
RØ,3363,RO/86,16:43:00,00:00:00,stop
